,lat,long,actual,predicted
0,17.895,73.40100000000001,0.65262,0.16323583590799934
1,17.895,73.434,0.39998,0.16173547277784234
2,17.895,73.48100000000001,0.88421,0.15989815977900335
3,17.95,74.846,0.17540999999999998,0.27970434870115773
4,17.951,74.848,0.26313000000000003,0.2797953698534672
5,17.952,74.85300000000001,0.24559,0.280461258473566
6,17.953,74.87,0.22804000000000002,0.2834300954824093
7,17.953,74.866,0.19296,0.2826615749225355
8,17.954,74.84899999999999,0.35086,0.279110091899831
9,17.955,74.861,0.40349,0.2811127098840466
10,17.956,74.85600000000001,0.28068000000000004,0.2798634121918185
11,17.956,74.867,0.12278,0.2819666226518153
12,17.956,74.876,0.45611999999999997,0.2836906685278806
13,17.956,74.872,0.5789300000000001,0.28292408748578185
14,17.957,74.855,0.50876,0.27938039977176565
15,17.957,74.85,0.43858,0.2784273321868425
16,17.958,74.85,0.3684,0.2781368782886576
17,17.958,74.878,0.24559,0.2834799263399893
18,17.958,74.85600000000001,0.31577,0.27927929243590177
19,17.959,74.865,0.47367,0.2807021242544516
20,17.959,74.851,0.17540999999999998,0.2780369207676524
21,17.96,74.895,0.17540999999999998,0.28613637279930926
22,17.96,75.521,0.29404,0.393220221189824
23,17.96,74.86,0.38594,0.2794574731493218
24,17.961,74.904,0.2105,0.28755799305733354
25,17.961,74.911,0.2105,0.28889782012005527
26,17.961,74.859,0.29404,0.27897602706366775
27,17.961,74.916,0.17540999999999998,0.2898554082328441
28,17.962,74.86399999999999,0.5789300000000001,0.27963431981014153
29,17.962,74.85300000000001,0.28068000000000004,0.27754760877331647
30,17.962,74.87899999999999,0.14032,0.28248710068235156
31,17.962,74.893,0.19296,0.285156179710064
32,17.962,74.866,0.42103,0.28001422858638214
33,17.963,74.88600000000001,0.31577,0.2835243877139815
34,17.963,74.916,0.7017399999999999,0.2892484500060863
35,17.964000000000002,74.903,0.49121000000000004,0.28646557428511726
36,17.964000000000002,74.88,0.5263,0.28208762572103857
37,17.964000000000002,74.868,0.2105,0.27980982717670055
38,17.964000000000002,74.922,0.31577,0.29009129790427135
39,17.965,74.914,0.17540999999999998,0.28826193032084296
40,17.965999999999998,74.914,0.40349,0.28796042799915167
41,17.965999999999998,74.883,0.19296,0.2820682634158001
42,17.967,74.875,0.22804000000000002,0.28025971858095994
43,17.968,74.881,0.11777,0.28110210347565134
44,17.968,74.892,0.26313000000000003,0.28318450218167307
45,17.968,74.87,0.22804000000000002,0.2790235657326544
46,17.969,74.883,0.2105,0.2811871953038714
47,17.969,74.878,0.43858,0.28024270156266173
48,17.97,74.862,0.17540999999999998,0.2769381120357929
49,17.97,74.87899999999999,0.7017399999999999,0.2801396204618887
50,17.97,74.893,0.23043000000000002,0.28278340598284135
51,17.971,74.892,0.19889,0.28229996235883364
52,17.971,74.887,0.35086,0.28135634661852843
53,17.971,74.916,0.50876,0.2868381504328176
54,17.973,74.863,0.1988,0.27626391701734854
55,17.973,74.865,0.40349,0.2766387135772089
56,17.974,74.874,0.45611999999999997,0.2780381393038368
57,17.975,74.87100000000001,0.42103,0.2771877334117344
58,17.975,74.863,0.40349,0.2756912674176331
59,17.976,74.87100000000001,0.59648,0.2769002371552649
60,17.977,74.90100000000001,0.31577,0.2822308300433113
61,17.977,74.88,0.19296,0.2782954420014704
62,17.977,74.885,0.49121000000000004,0.2792312315949511
63,17.977999999999998,74.873,0.38594,0.2766996795708524
64,17.977999999999998,74.9,0.59648,0.28175000684657825
65,17.977999999999998,74.908,0.66666,0.2832503657068184
66,17.979,74.87899999999999,0.19296,0.277531942348604
67,17.979,74.89699999999999,0.31577,0.2808957493187324
68,17.979,74.863,0.54384,0.2745511625532827
69,17.98,74.889,0.35086,0.2791096847467228
70,17.98,74.908,0.54384,0.2826618472992753
71,17.980999999999998,74.888,0.31577,0.27863385536432583
72,17.980999999999998,74.898,0.29822,0.28049969840518874
73,17.980999999999998,74.888,0.19296,0.27863385536432583
74,17.983,74.869,0.17540999999999998,0.2745291939379002
75,17.983,74.87899999999999,0.50876,0.276384278742399
76,17.983,74.863,0.17540999999999998,0.27341798558699487
77,17.984,74.873,0.5263,0.2749863065481131
78,17.984,74.904,0.24559,0.280745003108159
79,17.985,74.881,0.43858,0.27618360726829505
80,17.985,74.907,0.24559,0.2810121384249007
81,17.986,74.87,0.24559,0.27386444028575374
82,17.987000000000002,74.908,0.28068000000000004,0.2806158387412252
83,17.988,74.887,0.31577,0.27643712849499413
84,17.988,74.89699999999999,0.43858,0.27828708128811414
85,17.988,74.957,0.22804000000000002,0.28943244874405444
86,17.988,74.873,0.22804000000000002,0.273852744478008
87,17.988,74.90899999999999,0.19296,0.2805107510881438
88,17.989,74.875,0.17540999999999998,0.2739387563173885
89,17.99,74.908,0.56139,0.27974555472017976
90,17.991,74.878,0.26313000000000003,0.27392595885062365
91,17.991,74.891,0.22804000000000002,0.2763190508090192
92,17.992,74.872,0.19296,0.2725427084852069
93,17.992,74.888,0.33331,0.27548194007034704
94,17.992,74.759,0.33331,0.25215992886894734
95,17.993,74.888,0.24559,0.275198019965061
96,17.993,74.903,0.24559,0.2779578620117392
97,17.993,74.904,0.17540999999999998,0.27814208120794687
98,17.994,74.876,0.17540999999999998,0.27271459854278374
99,17.994,74.875,0.31577,0.27253150641649043
100,17.995,74.898,0.2105,0.27646621428138296
101,17.995,74.896,0.17540999999999998,0.2760990232183328
102,17.996,74.875,0.38594,0.2719716507657206
103,17.997,74.892,0.07014400000000001,0.274798444496458
104,17.997,74.87,0.3684,0.270780861440196
105,17.997,74.88,0.35086,0.2726048543032674
106,17.997,74.887,0.47367,0.273883851703695
107,17.997,74.902,0.15787,0.27662996886206165
108,17.998,74.874,0.35086,0.2712313774212959
109,17.998,74.893,0.35086,0.2746986148677948
110,17.999000000000002,74.92,0.14032,0.27935637455755363
111,17.999000000000002,74.869,0.56139,0.27004412358736574
112,17.999000000000002,74.87899999999999,0.10522999999999999,0.2718632503298497
113,17.999000000000002,74.881,0.22804000000000002,0.2722275360263766
114,18.0,74.888,0.087689,0.2732228010758948
115,18.000999999999998,74.891,0.17540999999999998,0.27348847162282897
116,18.000999999999998,74.878,0.31577,0.2711243181328373
117,18.002,74.88,0.2105,0.2712094229808457
118,18.003,74.867,0.49121000000000004,0.26857867823637716
119,18.003,74.882,0.19296,0.27129422277442183
120,18.003,74.929,0.49121000000000004,0.27985021205239713
121,18.003,74.876,0.28068000000000004,0.27020693925608696
122,18.003,74.87899999999999,0.3684,0.270750410487141
123,18.005,74.877,0.22804000000000002,0.26983514218504323
124,18.005,74.868,0.54384,0.2682105366899461
125,18.005,74.873,0.29822,0.26911268850889425
126,18.005,74.87,0.35086,0.26857127263323355
127,18.006,74.861,0.26313000000000003,0.26667709556569974
128,18.006,74.874,0.28235,0.2690181058762696
129,18.006,74.884,0.59648,0.27082356241843497
130,18.007,74.87899999999999,0.38594,0.26964454127474946
131,18.008,74.875,0.28068000000000004,0.2686490641720103
132,18.009,74.895,0.24559,0.2719770126678748
133,18.009,74.884,0.45611999999999997,0.26999410336142005
134,18.009,75.571,0.17540999999999998,0.37946576552901523
135,18.01,74.881,0.54384,0.26917911080702983
136,18.011,74.865,0.35086,0.26603752430709193
137,18.011,74.87,0.33331,0.26693233492012036
138,18.011,74.87100000000001,0.5263,0.2671114263740939
139,18.012,74.87,0.26313000000000003,0.2666607001843232
140,18.014,74.86399999999999,0.2105,0.2650491115103192
141,18.015,74.86,0.10522999999999999,0.2640688328965818
142,18.016,74.861,0.19296,0.2639786964204527
143,18.016,74.868,0.50876,0.2652226821350602
144,18.016,74.868,0.35086,0.2652226821350602
145,18.016,74.882,0.14032,0.26771700023447864
146,18.016,74.859,0.49121000000000004,0.26362368737319153
147,18.017,74.861,0.22804000000000002,0.2637112418392411
148,18.017,74.96300000000001,0.2105,0.28197315988831995
149,18.018,74.972,0.17540999999999998,0.28330291920282
150,18.018,74.964,0.49121000000000004,0.28186396250045964
151,18.018,74.89,0.20965999999999999,0.26859847457956887
152,18.019000000000002,74.97800000000001,0.35086,0.28409054896487085
153,18.019000000000002,74.968,0.22804000000000002,0.2822937699264567
154,18.02,74.971,0.33331,0.2825429651716115
155,18.021,74.859,0.33331,0.26229298651400856
156,18.021,74.85,0.24559,0.26070793490137556
157,18.022000000000002,74.89699999999999,0.2105,0.2687519703081477
158,18.022000000000002,74.971,0.31577,0.281964680628494
159,18.023,74.863,0.38594,0.26246769774424117
160,18.027,74.863,0.31577,0.2614108501847777
161,18.028,74.85300000000001,0.35086,0.2594004385525891
162,18.029,74.84899999999999,0.5263,0.25844337306476617
163,18.029,74.86,0.43858,0.26036099282849445
164,18.031,74.84899999999999,0.19296,0.2579255220259884
165,18.031,74.868,0.33331,0.2612330856449553
166,18.033,74.86,0.38594,0.2593172242599322
167,18.033,74.46,0.013133,0.1975284640042524
168,18.034000000000002,74.962,0.12278,0.2769435086464396
169,18.034000000000002,75.298,0.28068000000000004,0.3340797424690274
170,18.034000000000002,74.854,0.29822,0.25801729088511083
171,18.034000000000002,74.96600000000001,0.22804000000000002,0.27764965845244416
172,18.034000000000002,74.461,0.06714500000000001,0.19749332299900568
173,18.034000000000002,74.969,0.31577,0.2781793504840494
174,18.035,74.975,0.3684,0.2789549635570898
175,18.035999999999998,74.851,0.31577,0.2569835320317607
176,18.035999999999998,74.857,0.2105,0.25802001518788975
177,18.035999999999998,74.859,0.42103,0.25836592289087
178,18.035999999999998,74.969,0.19296,0.2776144004528799
179,18.035999999999998,74.991,0.15787,0.28149084078042985
180,18.038,75.555,0.2105,0.3667957420679489
181,18.038,74.851,0.26313000000000003,0.2564708444302235
182,18.038,74.961,0.22804000000000002,0.27564546541810997
183,18.039,74.852,0.29822,0.25638709871802257
184,18.04,74.866,0.42103,0.2585412506314937
185,18.04,74.878,0.26313000000000003,0.2606142199517255
186,18.04,74.87100000000001,0.5263,0.2594041817105909
187,18.04,74.865,0.2105,0.25836880763336234
188,18.041,74.872,0.49121000000000004,0.25931744927379785
189,18.041,75.55199999999999,0.47367,0.36536765774170515
190,18.042,74.861,0.29822,0.2571658762631377
191,18.042,74.857,0.087689,0.25647916327787745
192,18.043,74.85300000000001,0.17540999999999998,0.2555388747599654
193,18.044,74.85300000000001,0.54384,0.2552849003626625
194,18.044,74.89399999999999,0.49121000000000004,0.26233348786000443
195,18.044,74.995,0.24559,0.27991156152158825
196,18.045,74.96300000000001,0.17540999999999998,0.2740484754251197
197,18.049,74.86399999999999,0.2105,0.2558927233103222
198,18.05,75.559,0.56139,0.3627960131889545
199,18.051,74.962,0.14032,0.27222280823824074
200,18.051,74.456,0.06692000000000001,0.19418384768602504
201,18.052,74.89,0.12278,0.2595618100667597
202,18.053,74.887,0.28068000000000004,0.25879173893297813
203,18.053,74.89,0.17540999999999998,0.25930368264911463
204,18.053,74.905,0.28068000000000004,0.2618686952164403
205,18.054000000000002,74.891,0.35086,0.25921650801407137
206,18.054000000000002,74.461,0.013183000000000002,0.19432848638961686
207,18.054000000000002,75.419,0.40349,0.3446946612972846
208,18.054000000000002,74.852,0.33331,0.2526002757824508
209,18.054000000000002,74.891,0.59648,0.25921650801407137
210,18.055,74.46,0.11025,0.19405288968280376
211,18.055,74.888,0.35086,0.25844826279869726
212,18.055999999999997,75.57,0.5263,0.3617308432116167
213,18.055999999999997,74.907,0.19296,0.2614286745566696
214,18.057000000000002,74.88600000000001,0.43858,0.25759647876028
215,18.057000000000002,74.89,0.29822,0.25827554838999145
216,18.058,74.458,0.14533,0.19335247292550994
217,18.058,74.45100000000001,0.12863,0.19251634821776153
218,18.058,74.461,0.015331000000000001,0.1937134463047432
219,18.059,75.566,0.42103,0.36024043175573217
220,18.06,74.461,0.25227,0.19340816356694168
221,18.06,75.566,0.28068000000000004,0.35987904849786256
222,18.061,74.903,0.38594,0.259454743424149
223,18.061,74.455,0.16873,0.19254037236909283
224,18.062,74.891,0.31577,0.25716902654340135
225,18.062,74.889,0.24559,0.2568314650345622
226,18.062,74.89,0.19296,0.25700022476310325
227,18.062,74.899,0.40349,0.25852090792637106
228,18.062,74.899,0.17540999999999998,0.25852090792637106
229,18.062,74.90100000000001,0.43858,0.2588592715024297
230,18.063,74.893,0.17540999999999998,0.25725236203667434
231,18.063,74.458,0.14951,0.19259594027911875
232,18.063,74.885,0.24559,0.2559041723370904
233,18.063,74.891,0.35086,0.25691506068218184
234,18.064,74.899,0.19296,0.2580100071557778
235,18.064,74.446,0.11275,0.19103634073709186
236,18.065,74.452,0.1445,0.19158959042107704
237,18.065,74.903,0.2105,0.25842954884003644
238,18.066,74.462,0.12863,0.19261986579697232
239,18.067,74.988,0.49121000000000004,0.27231519325633746
240,18.067,74.457,0.21384,0.19187976093679848
241,18.067999999999998,74.46300000000001,0.12027,0.19243829646966515
242,18.067999999999998,74.885,0.3684,0.2546473142547978
243,18.069000000000003,74.905,0.22804000000000002,0.2577470836306247
244,18.069000000000003,74.46300000000001,0.08518200000000001,0.1922886788572007
245,18.069000000000003,74.889,0.45611999999999997,0.25506587935878755
246,18.07,74.82600000000001,0.31577,0.2443948122405203
247,18.07,74.892,0.14032,0.2553166908873077
248,18.070999999999998,74.453,0.20131,0.19082349245084207
249,18.072,74.891,0.35086,0.2546490582895422
250,18.073,74.462,0.066552,0.19157694584010354
251,18.074,74.459,0.21134,0.1910803114888232
252,18.074,74.898,0.50876,0.255315234401739
253,18.075,75.419,0.40349,0.33749177867592006
254,18.075,74.903,0.15787,0.255897296774673
255,18.075,75.42,0.29822,0.33762232307657114
256,18.076,74.449,0.06854,0.1896407889755215
257,18.076,74.454,0.12779000000000001,0.19021215942874325
258,18.077,74.455,0.015122,0.19018237181511322
259,18.077,74.453,0.20215,0.18995344784449653
260,18.078,74.454,0.051830999999999995,0.18992385300532333
261,18.079,74.453,0.066945,0.18966639335591517
262,18.079,74.461,0.14784,0.19058224266580337
263,18.084,74.454,0.06686900000000001,0.1890678117313912
264,18.084,74.455,0.015331000000000001,0.1891805746585863
265,18.085,76.21300000000001,0.10022,0.3496678289413141
266,18.086,74.459,0.14701,0.18934846502267377
267,18.086,74.89,0.2105,0.25103088292077524
268,18.086,74.45,0.2105,0.18833818742480712
269,18.087,74.454,0.11025,0.1886447806948799
270,18.087,74.455,0.21384,0.18875678013326902
271,18.087,74.63600000000001,0.11192,0.21172951791447514
272,18.088,74.455,0.015288999999999999,0.18861625426513873
273,18.089000000000002,74.887,0.24559,0.2498134610566125
274,18.09,74.454,0.20715999999999998,0.18822507288862522
275,18.090999999999998,74.453,0.11609000000000001,0.1879751025621862
276,18.094,74.904,0.35086,0.25136953031387976
277,18.099,74.697,0.19296,0.21815707518242033
278,18.102,75.332,0.091866,0.3168475781658784
279,18.102999999999998,74.908,0.29822,0.2498445344756347
280,18.104,74.641,0.16873,0.20931612717905423
281,18.107,74.789,0.66064,0.23023614429649364
282,18.112000000000002,75.071,0.8813700000000001,0.2739054013474077
283,18.113,74.469,0.13355999999999998,0.18671793462901742
284,18.113,75.072,0.087689,0.2737987665221252
285,18.114,75.072,0.00059317,0.27353198681231916
286,18.118,73.741,0.22971999999999998,0.1623767151459753
287,18.124000000000002,75.98100000000001,0.10022,0.3529916621469338
288,18.129,74.857,0.24140999999999999,0.23588841174036512
289,18.13,74.889,0.22804000000000002,0.24058602762065362
290,18.136,75.043,0.22804000000000002,0.26323923063823407
291,18.136,74.475,0.16764,0.18433643365116692
292,18.139,74.65100000000001,0.16764,0.2045569372754784
293,18.139,74.422,0.14668,0.17876574095665632
294,18.139,76.163,0.24308000000000002,0.335986317519408
295,18.141,74.878,0.33331,0.23647609789987933
296,18.142,74.42399999999999,0.1755,0.17861175691170383
297,18.144000000000002,74.884,0.38594,0.236734094029602
298,18.144000000000002,73.554,0.14525,0.17608530207200246
299,18.148,73.84100000000001,0.16706,0.1598990165718095
300,18.15,73.675,0.12528,0.16783209739148308
301,18.151,75.03699999999999,0.07014400000000001,0.2585974178027156
302,18.151,74.436,0.13355999999999998,0.17870890115129934
303,18.152,74.018,0.15035,0.15767387076160622
304,18.153,74.42399999999999,0.13614,0.1773909411052107
305,18.153,75.046,0.2105,0.2594944155388379
306,18.154,74.423,0.17026,0.1771924415248095
307,18.154,74.43,0.13097,0.17782397178721698
308,18.154,74.376,0.13113,0.1731928343260538
309,18.154,74.436,0.13614,0.17837254450215967
310,18.155,74.421,0.12044,0.17690593278014843
311,18.156,74.832,0.19296,0.2265029288925844
312,18.157,74.418,0.14667,0.17642695702974198
313,18.158,74.442,0.12854000000000002,0.17847850868166137
314,18.158,73.683,0.093955,0.16789848863037926
315,18.158,73.983,0.24850999999999998,0.15761677370416338
316,18.158,73.992,0.20883000000000002,0.1575938622680303
317,18.158,73.99600000000001,0.13573,0.15758925520197176
318,18.158,74.01,0.20256,0.1576002061971944
319,18.158,74.01,0.27149,0.1576002061971944
320,18.158,74.01100000000001,0.1587,0.15760260218069466
321,18.158,74.012,0.093955,0.15760521355762724
322,18.158,74.013,0.14199,0.15760804037110143
323,18.158,74.568,0.075942,0.1914802718257469
324,18.16,74.431,0.15185,0.17725917476173558
325,18.16,74.666,0.11259000000000001,0.2030051788206957
326,18.16,74.423,0.13882,0.17654832798353504
327,18.160999999999998,74.021,0.2105,0.1576156450998928
328,18.160999999999998,74.703,0.1755,0.20763146333166327
329,18.162,74.422,0.16238,0.17624893907142725
330,18.163,75.182,0.087689,0.27749663544118974
331,18.163,74.421,0.12996,0.1760566844474939
332,18.164,75.86399999999999,0.088524,0.34067445125948304
333,18.164,74.44,0.14400000000000002,0.17763439798022174
334,18.165,75.047,0.42103,0.25674964168654635
335,18.165,75.182,0.2105,0.2769727946945495
336,18.167,73.759,0.21927,0.16411737833254625
337,18.167,73.767,0.2506,0.16371345957017136
338,18.167,73.985,0.18794,0.1576277811395541
339,18.167,73.985,0.15035,0.1576277811395541
340,18.167,73.992,0.1587,0.15759621562227066
341,18.167,73.99600000000001,0.26313000000000003,0.1575828883048639
342,18.167,74.42399999999999,0.09690399999999999,0.17589954128529617
343,18.167,74.956,0.42103,0.24254994125061002
344,18.167,74.425,0.15503,0.1759862389849044
345,18.167,74.755,0.12445,0.21354683771734229
346,18.167,74.411,0.10472999999999999,0.17478962280502575
347,18.168,74.385,0.15949000000000002,0.17257204082369804
348,18.168,75.044,0.17540999999999998,0.255582437786663
349,18.168,74.384,0.19379000000000002,0.172493228079593
350,18.168,75.16,0.24559,0.272955692520647
351,18.168,74.417,0.1755,0.17519574750833178
352,18.169,75.175,0.45611999999999997,0.2749056115781089
353,18.169,75.157,0.12278,0.27225664689226114
354,18.169,75.38600000000001,0.16539,0.30386350733013556
355,18.169,74.384,0.15503,0.17239937535506078
356,18.169,74.399,0.1257,0.1735982628556113
357,18.17,74.413,0.11262,0.17465571687836656
358,18.17,74.42399999999999,0.13355999999999998,0.17558901223817025
359,18.17,74.396,0.16756,0.1732586031646609
360,18.171,75.17399999999999,0.22804000000000002,0.2742432186412834
361,18.171,75.186,0.17540999999999998,0.27599569369919086
362,18.172,74.42,0.12044,0.17504366285047113
363,18.172,74.414,0.10732,0.17453917486102155
364,18.173,73.833,0.10649000000000002,0.16109223002168305
365,18.173,74.414,0.19384,0.1744394822925196
366,18.174,74.01899999999999,0.22763000000000003,0.15754394986188403
367,18.174,74.429,0.12353,0.17560689250223915
368,18.174,74.452,0.13355999999999998,0.17763084740912705
369,18.174,73.825,0.13782,0.16144677051818557
370,18.174,74.006,0.25478,0.15755757503192036
371,18.174,74.442,0.14144,0.1767388376379384
372,18.174,74.62,0.16338,0.1951888676229122
373,18.174,74.72,0.16764,0.20764737172160697
374,18.175,73.828,0.19421,0.16136949038854387
375,18.175,73.95100000000001,0.21718,0.15802820091669367
376,18.175,73.95100000000001,0.21718,0.15802820091669367
377,18.175,73.959,0.21718,0.15791978598059941
378,18.175,73.985,0.16497,0.1576612172956957
379,18.175,73.986,0.20256,0.1576541467250333
380,18.175,74.042,0.11275,0.15760033390538786
381,18.175,74.02600000000001,0.24850999999999998,0.1575469160857047
382,18.176,74.78,0.13358,0.21533093885153298
383,18.176,74.405,0.094205,0.17340724575150113
384,18.177,74.03,0.13573,0.15754448580377134
385,18.177,74.387,0.11787,0.17189152233859673
386,18.178,74.388,0.11,0.17187704569328488
387,18.178,74.932,0.11,0.2366062960868457
388,18.179000000000002,75.157,0.54384,0.269723777851377
389,18.179000000000002,75.911,0.16288,0.33584023672493424
390,18.18,75.123,0.087689,0.2644868875214502
391,18.180999999999997,75.02199999999999,0.15454,0.2492709138387348
392,18.182000000000002,74.032,0.1044,0.1575246983975438
393,18.182000000000002,74.033,0.52212,0.15752603236457352
394,18.183,74.03,0.091866,0.15751912190091677
395,18.183,74.032,0.066803,0.15752066569398682
396,18.183,74.962,0.09374600000000001,0.23995068106672957
397,18.183,75.16,0.45611999999999997,0.26915967077698233
398,18.183,73.767,0.15661,0.16460800519637664
399,18.183,73.959,0.25478,0.15801926074338568
400,18.183,74.017,0.26313000000000003,0.15753005254663
401,18.183,74.025,0.17959,0.15751902718014488
402,18.183,74.042,0.12111,0.15754130415679113
403,18.183,74.372,0.11787,0.17023460175395255
404,18.184,74.393,0.12047999999999999,0.17171474797205688
405,18.184,74.476,0.18377000000000002,0.17872461960757413
406,18.184,74.852,0.19379000000000002,0.2238479368026285
407,18.184,74.925,0.6491100000000001,0.23432459887050572
408,18.184,74.02600000000001,0.21718,0.15751628577985355
409,18.184,75.154,0.24559,0.26803881105285643
410,18.185,74.502,0.15202000000000002,0.18106278972079237
411,18.185,74.711,0.1587,0.20465386988555623
412,18.185,74.472,0.14617,0.17824846492480884
413,18.185,74.475,0.1729,0.1785227059994936
414,18.185,74.48899999999999,0.14617,0.17982373220324976
415,18.185,75.169,0.15425,0.26996388079274647
416,18.186,74.992,0.15787,0.24371533744592422
417,18.186,74.389,0.13832,0.17123115396891575
418,18.186,74.485,0.15703,0.17933656904612427
419,18.186,74.906,0.35086,0.23116157354020528
420,18.186,74.932,0.14032,0.23492696291198056
421,18.186,75.17,0.1231,0.2698583422614166
422,18.186,74.433,0.13358,0.17473279405940434
423,18.186,74.499,0.18377000000000002,0.18065906724767522
424,18.186,74.928,0.24559,0.2343456230586648
425,18.186,74.46300000000001,0.14926,0.17732874723769299
426,18.186,74.47399999999999,0.14784,0.17832180344556248
427,18.186,74.497,0.16622,0.18046803347682439
428,18.186,74.922,0.26313000000000003,0.2334749497360814
429,18.186,75.175,0.14032,0.2705789916532836
430,18.187,74.387,0.11787,0.17099247150662356
431,18.187,74.39,0.094205,0.17121754311976822
432,18.187,74.41199999999999,0.086352,0.1729211935848206
433,18.187,75.158,0.50876,0.2678757270463449
434,18.187,74.375,0.16473,0.17010974220456998
435,18.187,74.418,0.13614,0.17340191455331666
436,18.187,74.936,0.31577,0.23530027348880767
437,18.187,75.155,0.14032,0.26744132474456217
438,18.188,74.38600000000001,0.15454,0.1708300674682076
439,18.188,74.434,0.16764,0.17461795405267277
440,18.188,74.684,0.14144,0.20078796674130805
441,18.188,73.639,0.25895999999999997,0.17335246835866236
442,18.188,74.418,0.12996,0.1733065369593001
443,18.188,74.467,0.18377000000000002,0.17747308331872635
444,18.188,74.49,0.14784,0.1795799041011017
445,18.188,74.964,0.35086,0.23917267023481092
446,18.188,74.377,0.16764,0.17016928388512087
447,18.188,74.414,0.11517999999999999,0.17298624423773123
448,18.188,74.465,0.10472999999999999,0.17729436947740562
449,18.188,74.878,0.16756,0.226752088243953
450,18.188,74.968,0.49121000000000004,0.23975778558314564
451,18.188,74.968,0.05427100000000001,0.23975778558314564
452,18.189,74.377,0.16473,0.17008400368060728
453,18.189,74.378,0.08380399999999999,0.17015640298293278
454,18.189,74.387,0.11,0.17081680079114792
455,18.189,74.442,0.12047999999999999,0.17519095487951553
456,18.189,74.42,0.12996,0.17337232147479287
457,18.189,74.435,0.11262,0.17460246546754288
458,18.189,74.485,0.17457999999999999,0.1790030816421967
459,18.189,74.445,0.10737999999999999,0.17544595209589087
460,18.189,74.475,0.14140999999999998,0.17808669970428637
461,18.189,74.936,0.26313000000000003,0.23488415930075146
462,18.19,74.955,0.54384,0.23743555502137326
463,18.19,74.486,0.16539,0.1789850297905452
464,18.19,74.402,0.14140999999999998,0.17186157034051797
465,18.19,74.435,0.13358,0.17450377043095022
466,18.19,74.467,0.23389000000000001,0.17726027668446298
467,18.191,74.486,0.15425,0.1788747242269212
468,18.191,74.768,0.18336,0.21105486974724574
469,18.191,76.25,0.25227,0.30885324710201084
470,18.191,74.413,0.14943,0.1726261692096176
471,18.191,74.455,0.14400000000000002,0.1761014889421041
472,18.191,74.48899999999999,0.16288,0.1791522382397449
473,18.191,74.79899999999999,0.14901,0.21520760958416696
474,18.191,73.782,0.045916000000000005,0.16427014628961045
475,18.191,74.425,0.10477,0.1735853484272003
476,18.191,74.479,0.18209,0.17823340637048068
477,18.191,75.164,0.29822,0.2677535306054861
478,18.192,73.639,0.087689,0.17369864980677774
479,18.192,73.708,0.15661,0.16872057408124463
480,18.192,73.959,0.19212,0.1581504847372619
481,18.192,74.92,0.33331,0.23195778472587114
482,18.192,74.464,0.14432999999999999,0.17678392383012775
483,18.192,75.17699999999999,0.22804000000000002,0.2693701654939986
484,18.192,74.447,0.13097,0.1753133719187332
485,18.192,74.938,0.47367,0.23455224323640977
486,18.192,75.15899999999999,0.28068000000000004,0.26678844977199356
487,18.192,74.961,0.73683,0.2378865346403246
488,18.192,74.971,0.35086,0.23934184688349291
489,18.192999999999998,74.37,0.13355999999999998,0.16925167624870008
490,18.192999999999998,74.87100000000001,0.18636,0.2247869547457414
491,18.192999999999998,74.983,0.40349,0.2408770645007393
492,18.192999999999998,74.407,0.11517999999999999,0.17197445759624508
493,18.192999999999998,74.00399999999999,0.11275,0.15761818733651267
494,18.192999999999998,74.391,0.11787,0.17076436729303246
495,18.192999999999998,74.42399999999999,0.18594000000000002,0.17331393923901328
496,18.192999999999998,75.686,0.11944,0.3252290777519906
497,18.194000000000003,74.449,0.10477,0.17528212675960275
498,18.194000000000003,74.388,0.13882,0.17045681145232405
499,18.194000000000003,74.983,0.35086,0.2406626257700485
500,18.194000000000003,75.181,0.35086,0.26944509333323063
501,18.194000000000003,74.933,0.35086,0.23341952596983717
502,18.195,74.48,0.16037,0.17789248937839264
503,18.195,74.493,0.15452,0.1790806257779447
504,18.195,74.503,0.10774,0.18001485095186376
505,18.195,75.171,0.24559,0.2677722398312995
506,18.195,74.493,0.16873,0.1790806257779447
507,18.195,74.916,0.40349,0.2307778063505217
508,18.195,74.961,0.0057561999999999995,0.2372554467734027
509,18.195,75.184,0.31577,0.26962409845022306
510,18.195999999999998,75.867,0.13614,0.33047841552720336
511,18.195999999999998,74.48100000000001,0.18377000000000002,0.17787548968581757
512,18.195999999999998,75.207,0.35086,0.27262460064169924
513,18.195999999999998,74.917,0.2105,0.23071963432958442
514,18.195999999999998,74.929,0.17540999999999998,0.23243680489817742
515,18.195999999999998,75.169,0.14032,0.2672413425185295
516,18.197,74.472,0.16288,0.1769662069889919
517,18.197,75.157,0.2105,0.2652817867753896
518,18.197,74.5,0.16706,0.17950963650294616
519,18.197,74.931,0.31577,0.23252026017502492
520,18.197,74.988,0.5263,0.24074764452936237
521,18.198,74.395,0.13614,0.17062650662334222
522,18.198,74.885,0.1231,0.22578872690785157
523,18.198,75.203,0.5263,0.2715628256525715
524,18.198,75.221,0.5789300000000001,0.2740795681333441
525,18.199,74.95100000000001,0.35086,0.2349811894504753
526,18.199,74.484,0.01584,0.177824943432486
527,18.199,75.158,0.24559,0.26494037676688054
528,18.199,75.158,0.28068000000000004,0.26494037676688054
529,18.2,74.366,0.11,0.16841379379354182
530,18.2,74.372,0.11262,0.16882247951060947
531,18.2,73.675,0.11902,0.17163987023819371
532,18.2,73.692,0.02503,0.17041335489615084
533,18.2,73.926,0.25478,0.15901139275964937
534,18.2,73.992,0.11275,0.15778616320677463
535,18.2,74.877,0.09690399999999999,0.22428196909430032
536,18.201,74.398,0.16472,0.17058897584635058
537,18.201,74.421,0.12044,0.1723314960256641
538,18.201,74.437,0.19122,0.17360300197611245
539,18.201,74.392,0.13355999999999998,0.1701511572722728
540,18.201,74.406,0.15716,0.17118356099408572
541,18.201,74.42399999999999,0.011788,0.17256622408275557
542,18.201,74.888,0.22804000000000002,0.22562950706094853
543,18.201,74.931,0.43858,0.23171105819926263
544,18.201,75.15,0.28068000000000004,0.2633160363875491
545,18.201,73.928,0.24015999999999998,0.158985844977387
546,18.201,73.938,0.09813200000000001,0.15874330282017857
547,18.201,74.48100000000001,0.16622,0.17734427100305228
548,18.201,73.976,0.26313000000000003,0.1580127278860438
549,18.201,74.907,0.030118000000000002,0.22830450407454783
550,18.201,74.921,0.40349,0.2302882032853576
551,18.201,74.922,0.26313000000000003,0.230430274996255
552,18.202,73.928,0.24641999999999997,0.15901108481914505
553,18.202,74.921,0.49121000000000004,0.23008889529379906
554,18.202,74.922,0.5263,0.23023077613799092
555,18.202,74.479,0.15285,0.17706188159324332
556,18.202,74.712,0.17812,0.2020603031305086
557,18.202,73.936,0.20883000000000002,0.15881354210391008
558,18.202,74.49600000000001,0.11692999999999999,0.17859102626786194
559,18.202,74.811,0.12996,0.2148630522452567
560,18.203,73.935,0.12737,0.1588613777805884
561,18.203,73.94,0.14199,0.15874249381271144
562,18.203,74.929,0.2105,0.23102488696324674
563,18.203,74.39699999999999,0.17549,0.1703447598543676
564,18.203,74.895,0.13882,0.22622442584441427
565,18.203,74.932,0.42103,0.2314512329504156
566,18.203,74.27199999999999,0.12047999999999999,0.16279159067873528
567,18.203,74.973,0.5263,0.23731416904462044
568,18.204,74.37,0.10477,0.1683693731386614
569,18.204,74.37899999999999,0.13882,0.1689836757782075
570,18.204,74.417,0.12044,0.17175148083248748
571,18.204,74.968,0.14668,0.2363887576576893
572,18.204,75.193,0.17540999999999998,0.268677414945222
573,18.204,74.449,0.14703,0.17429596727572227
574,18.204,74.51899999999999,0.12829000000000002,0.18051384605896603
575,18.204,74.437,0.15319000000000002,0.1733192725800552
576,18.204,74.669,0.10525999999999999,0.19655581897489816
577,18.204,74.889,0.14668,0.22519165657947482
578,18.204,74.922,0.29822,0.2298330815602342
579,18.204,74.97,0.13885999999999998,0.236675560183219
580,18.205,74.896,0.26313000000000003,0.22597787952228365
581,18.205,74.947,0.2105,0.23318256246413271
582,18.205,74.949,0.17540999999999998,0.23346752276267824
583,18.205,74.392,0.15064,0.16981570935471324
584,18.205,74.395,0.11517999999999999,0.17003092623096783
585,18.205,74.38600000000001,0.11259000000000001,0.169390531221855
586,18.205,74.944,0.17540999999999998,0.23275541939408328
587,18.206,74.387,0.13355999999999998,0.16937907515125905
588,18.206,74.387,0.14926,0.16937907515125905
589,18.206,74.416,0.14639000000000002,0.17149748716826663
590,18.206,74.485,0.11692999999999999,0.17717498491255446
591,18.206,73.923,0.24015999999999998,0.15924926398105688
592,18.206,73.929,0.2318,0.15908811822930014
593,18.206,73.935,0.0010944000000000001,0.158934450086339
594,18.206,73.95,0.18794,0.15858311805325287
595,18.206,74.917,0.074322,0.22873202903258616
596,18.206,75.183,0.54384,0.26678689886884654
597,18.207,73.694,0.1044,0.17081450539444232
598,18.207,74.393,0.11259000000000001,0.16972111869963946
599,18.207,75.055,0.14668,0.24827143813102337
600,18.207,73.929,0.1775,0.15911433466010694
601,18.207,74.389,0.15845,0.16943798343574124
602,18.207,74.921,0.26313000000000003,0.2290988674985719
603,18.208,73.748,0.030043,0.1672629220145314
604,18.208,74.921,0.22804000000000002,0.2289021637025096
605,18.208,74.975,0.31577,0.2365633284620029
606,18.208,73.639,0.24434,0.1751112964486553
607,18.208,73.858,0.1963,0.1615533306004715
608,18.208,74.389,0.11259000000000001,0.16935636656701236
609,18.208,74.928,0.19296,0.22988835824107423
610,18.208,74.929,0.47367,0.23002943477972515
611,18.208,75.182,0.28068000000000004,0.26616276691992313
612,18.209,74.919,0.56139,0.2284249463015965
613,18.209,74.38,0.15452,0.168653677226398
614,18.209,74.777,0.1204,0.20916959101820953
615,18.21,74.42699999999999,0.16472,0.17198193450804
616,18.21,74.372,0.13355999999999998,0.16803770715227462
617,18.21,74.378,0.15716,0.16843938243124335
618,18.21,74.613,0.012498,0.18936889547987568
619,18.21,74.68,0.15538,0.19697493719602255
620,18.21,74.928,0.3684,0.22949359958673654
621,18.21,74.42699999999999,0.19646,0.17198193450804
622,18.21,74.916,0.49121000000000004,0.22780902037898432
623,18.21,74.964,0.11787,0.23458566259290325
624,18.211,74.382,0.089209,0.16863214626529444
625,18.211,74.649,0.1257,0.19323796462263887
626,18.211,75.199,0.47367,0.26780820590950605
627,18.211,74.921,0.19296,0.22831465408313856
628,18.212,74.483,0.15536,0.1763806640103892
629,18.212,74.926,0.2105,0.2288200793684293
630,18.212,74.93,0.43858,0.22938126896059308
631,18.212,75.194,0.29822,0.26687214713624563
632,18.212,74.345,0.14144,0.1661783722326785
633,18.212,74.931,0.26313000000000003,0.229521684561372
634,18.212,74.919,0.26313000000000003,0.22783987592855126
635,18.212,74.931,0.29822,0.229521684561372
636,18.212,74.932,0.42103,0.2296621466833445
637,18.213,74.872,0.13865,0.22114445991107368
638,18.213,74.632,0.13832,0.19105471720750644
639,18.214000000000002,74.931,0.50876,0.22912927154460372
640,18.214000000000002,74.975,0.15716,0.2353319121021008
641,18.215,74.32600000000001,0.14376,0.16487080998340264
642,18.215,74.93,0.10522999999999999,0.2287938653444912
643,18.215,75.222,0.22804000000000002,0.27000213090259073
644,18.215,74.372,0.16497,0.1676580044010585
645,18.215999999999998,74.718,0.16572,0.20063422072275006
646,18.215999999999998,75.194,0.33331,0.2659106511865379
647,18.215999999999998,74.926,0.24559,0.22804075574480787
648,18.217,73.658,0.15035,0.17437551594306155
649,18.217,73.789,0.33205999999999997,0.1653931400337093
650,18.217,73.892,0.27149,0.16059399541748787
651,18.217,73.908,0.18585,0.1600387463837044
652,18.217,73.91,0.16915,0.15997302232933475
653,18.217,74.931,0.45611999999999997,0.22854391051722023
654,18.217,74.594,0.1755,0.18644584848206147
655,18.217,74.90899999999999,0.35086,0.22548699642234782
656,18.218,74.78699999999999,0.19379000000000002,0.2089614795332122
657,18.218,74.933,0.5263,0.22862837749238962
658,18.218,74.911,0.35086,0.22557337103766706
659,18.219,73.992,0.15661,0.15802280801225266
660,18.219,74.908,0.35086,0.22496926778193627
661,18.219,76.17699999999999,0.1328,0.30884856184234055
662,18.219,74.375,0.17048,0.16755396299721126
663,18.219,74.681,0.14926,0.19578814840099756
664,18.219,74.931,0.43858,0.22815584097624353
665,18.219,74.641,0.11787,0.19124373217563873
666,18.219,75.193,0.47367,0.2650565416995301
667,18.219,73.985,0.26313000000000003,0.15813992449925796
668,18.219,75.20100000000001,0.5263,0.2661579617594776
669,18.22,74.959,0.45611999999999997,0.23186997099896767
670,18.22,73.992,0.24850999999999998,0.1580378039078716
671,18.222,74.656,0.18636,0.19251036246741093
672,18.222,75.014,0.1303,0.23920602131317104
673,18.222,74.46600000000001,0.14668,0.1739687437873253
674,18.222,74.633,0.15163,0.18996487040326004
675,18.223,73.936,0.25478,0.1593608017734076
676,18.223,74.74,0.15163,0.20224959484604343
677,18.223,74.959,0.59648,0.23127687807753772
678,18.223,74.639,0.16502,0.1904888639733784
679,18.223,74.889,0.13097,0.22161994262352724
680,18.224,75.23100000000001,0.07014400000000001,0.2690397191463173
681,18.224,74.404,0.11692999999999999,0.1691153793229878
682,18.224,74.444,0.16037,0.17204263707170364
683,18.224,74.958,0.28068000000000004,0.23094068655806155
684,18.224,74.408,0.050762,0.1693943518095069
685,18.224,74.415,0.16706,0.1698899675433243
686,18.224,74.815,0.16764,0.21158215514579415
687,18.224,75.183,0.29822,0.26249838342109855
688,18.225,75.188,0.17540999999999998,0.2629517626254445
689,18.225,73.727,0.24434,0.1698521204193657
690,18.225,74.905,0.14406,0.22343131156219842
691,18.226,74.389,0.15949000000000002,0.16794554290001684
692,18.226,74.891,0.11787,0.22134116465877074
693,18.227,74.455,0.16764,0.17262859762983296
694,18.227,74.768,0.15716,0.20509291111858208
695,18.227,74.85600000000001,0.15503,0.2164607925013795
696,18.227,74.218,0.067103,0.1595902410233091
697,18.227,74.253,0.10732,0.1607914772222927
698,18.227,74.40899999999999,0.16037,0.16922429101305225
699,18.227,74.96,0.10477,0.23063106993929627
700,18.227,75.20100000000001,0.33331,0.26426024076440036
701,18.227,73.682,0.2623,0.17333699801955604
702,18.227999999999998,74.944,0.14926,0.2282217611779117
703,18.227999999999998,74.324,0.043410000000000004,0.1639565826349083
704,18.227999999999998,74.372,0.10131,0.16671017131019994
705,18.227999999999998,74.381,0.15686,0.1672777103310087
706,18.229,74.413,0.16037,0.1693440469897629
707,18.229,74.422,0.15954000000000002,0.16998129504954795
708,18.229,74.555,0.14639000000000002,0.18112933477197213
709,18.229,74.55,0.14926,0.18065440993493487
710,18.23,75.05,0.16238,0.24260221008819094
711,18.23,74.935,0.18336,0.22660115009287207
712,18.230999999999998,74.751,0.10275999999999999,0.2023683534077243
713,18.230999999999998,74.656,0.09428099999999999,0.19129616340261502
714,18.230999999999998,74.923,0.6842,0.22477033648288414
715,18.232,74.387,0.12044,0.1673709025373712
716,18.232,75.135,0.16371,0.25403483311176234
717,18.233,74.407,0.093537,0.16861683700598407
718,18.233,73.722,0.31953000000000004,0.17081379823665577
719,18.234,75.132,0.093537,0.25317490729827974
720,18.234,74.339,0.11692999999999999,0.16439447045469957
721,18.234,74.671,0.14400000000000002,0.19255971739112399
722,18.235,74.538,0.17026,0.17888959762614676
723,18.236,74.905,0.12047999999999999,0.22141005785590173
724,18.237000000000002,73.868,0.13782,0.16241743474615933
725,18.237000000000002,73.933,0.1963,0.15988055752624064
726,18.237000000000002,74.343,0.13264,0.16442809598463615
727,18.237000000000002,73.876,0.18794,0.16205913837208974
728,18.237000000000002,74.505,0.1624,0.1757758653073611
729,18.237000000000002,74.59100000000001,0.094205,0.1837220385234064
730,18.238,73.874,0.12528,0.1621931839688453
731,18.238,74.676,0.15716,0.1925784312151647
732,18.238,74.666,0.13097,0.19146914128196024
733,18.238,74.82600000000001,0.13358,0.21066365428666634
734,18.238,74.983,0.15716,0.23166499850853572
735,18.238,74.328,0.095208,0.1635789574605636
736,18.238,74.859,0.14144,0.21494497628915687
737,18.239,74.33800000000001,0.11192,0.16403993122918614
738,18.239,74.873,0.11787,0.2166127734968738
739,18.239,74.57300000000001,0.14376,0.18173301756227112
740,18.24,74.457,0.13882,0.17163808479825515
741,18.241,74.686,0.15064,0.19329255182799265
742,18.241,74.34100000000001,0.02503,0.16408004858536196
743,18.241,74.903,0.10477,0.22024135035829373
744,18.241,74.305,0.058548,0.16230486358963692
745,18.241,74.939,0.10477,0.2250833609302939
746,18.241,74.30199999999999,0.091866,0.16216892746238343
747,18.241,74.335,0.043410000000000004,0.16376583399489986
748,18.241,74.718,0.12829000000000002,0.19695221376570515
749,18.242,74.258,0.15035,0.1603498407031545
750,18.242,74.339,0.11025,0.1639158087728324
751,18.242,74.03,0.11192,0.15777838250834175
752,18.242,75.039,0.14668,0.23859550891466197
753,18.242,74.28,0.10732,0.1611838298356364
754,18.242,74.281,0.034053,0.1612241423261882
755,18.243,74.28,0.009992000000000001,0.16113896749646373
756,18.243,74.325,0.12027,0.16314774105726015
757,18.243,73.764,0.11484000000000001,0.16862839401165508
758,18.243,73.867,0.056359000000000006,0.16274957322364292
759,18.243,74.301,0.033552,0.16202436219393979
760,18.243,74.653,0.13358,0.18940345385684232
761,18.243,74.732,0.070704,0.19830375504838138
762,18.244,74.021,0.060119000000000006,0.15793408187523705
763,18.244,74.311,0.060119000000000006,0.16242640896625993
764,18.244,74.344,0.11692999999999999,0.16406136766861623
765,18.244,74.794,0.13358,0.20565634787119902
766,18.244,73.58,0.087689,0.18393937143882566
767,18.244,74.732,0.1755,0.1981595771896223
768,18.244,74.77600000000001,0.08380399999999999,0.20343732287419913
769,18.245,74.805,0.16376,0.2068697999610195
770,18.245,74.955,0.18336,0.22650566159662544
771,18.245,74.348,0.033552,0.16421481115296233
772,18.246,74.267,0.088524,0.16051310183706857
773,18.246,74.334,0.030043,0.1634296793642993
774,18.246,74.283,0.13364,0.16112507263596842
775,18.246,74.314,0.06513200000000001,0.16246214411198878
776,18.246,74.328,0.10858,0.16313084338253125
777,18.246,74.89399999999999,0.1231,0.21816184058129262
778,18.247,74.29899999999999,0.09687899999999999,0.16174240319913447
779,18.247,74.78399999999999,0.10214,0.2039577425245589
780,18.247,74.352,0.14199,0.16430996512706808
781,18.247,74.28399999999999,0.075157,0.1611205690581896
782,18.248,74.304,0.050595,0.16191126537419487
783,18.248,74.348,0.14376,0.16403747637595034
784,18.249000000000002,74.875,0.14140999999999998,0.2151535945226536
785,18.249000000000002,74.317,0.11192,0.16244685452902974
786,18.249000000000002,74.639,0.10737999999999999,0.18717174097004063
787,18.249000000000002,74.285,0.11192,0.1610720026692598
788,18.249000000000002,74.294,0.075157,0.16143726760059696
789,18.25,73.764,0.041739,0.16912498841706025
790,18.25,73.917,0.25269,0.16091422460451832
791,18.25,74.441,0.16037,0.1696434028201339
792,18.25,74.471,0.14144,0.17184289186150203
793,18.25,73.83800000000001,0.10607,0.16458572298812646
794,18.25,74.438,0.12278,0.16943270263355004
795,18.250999999999998,74.26100000000001,0.11692999999999999,0.1601041467425579
796,18.250999999999998,74.28399999999999,0.1303,0.1609455955515421
797,18.250999999999998,74.33800000000001,0.10022,0.16335202737082588
798,18.250999999999998,74.49600000000001,0.16706,0.17371090427999458
799,18.250999999999998,74.324,0.11692999999999999,0.16267066172237854
800,18.250999999999998,74.57600000000001,0.1231,0.18069554886601635
801,18.252,74.304,0.11192,0.16171934311420755
802,18.252,74.308,0.091866,0.16189261732770166
803,18.252,74.343,0.11692999999999999,0.16354867625088787
804,18.252,74.494,0.13364,0.17346029728726675
805,18.252,74.727,0.14926,0.19644302401200253
806,18.252,74.311,0.041873,0.1620247368119938
807,18.253,74.414,0.14784,0.16759159316691385
808,18.253,74.66,0.1912,0.18888440676142937
809,18.253,74.837,0.1624,0.2096152504243548
810,18.253,74.83800000000001,0.08380399999999999,0.20974167431165636
811,18.253,75.655,0.31577,0.30603500973755327
812,18.253,74.903,0.13097,0.21812557719612824
813,18.253,74.331,0.11692999999999999,0.16289941636158778
814,18.253,74.352,0.11192,0.16395671162904613
815,18.253,74.807,0.20690999999999998,0.20586374405319696
816,18.254,74.308,0.13364,0.1617967415451086
817,18.254,74.319,0.11692999999999999,0.162285240488112
818,18.254,74.358,0.06513200000000001,0.16421606116174237
819,18.254,74.32,0.09687899999999999,0.16233088137807483
820,18.254,74.439,0.17457999999999999,0.1691916040340845
821,18.254,74.467,0.11787,0.17120389722266427
822,18.255,74.245,0.13358,0.15944970118499324
823,18.255,74.322,0.15035,0.1623721476975215
824,18.255,74.673,0.16764,0.19002175726199244
825,18.255,74.312,0.10022,0.1619231315473062
826,18.255,74.619,0.17026,0.18441615273581335
827,18.256,74.255,0.15035,0.15972408493479318
828,18.256,74.27600000000001,0.034053,0.1604377565268158
829,18.256,74.444,0.16037,0.1693844558839419
830,18.256,74.945,0.19905,0.22314582328168786
831,18.256,74.28399999999999,0.09687899999999999,0.1607339026480209
832,18.256,74.443,0.12027,0.16931480741797333
833,18.256,74.626,0.075909,0.18500148937230398
834,18.256,74.91199999999999,0.13882,0.21878495362246897
835,18.257,74.958,0.42103,0.2246962081141125
836,18.257,74.274,0.023359,0.1603266657424084
837,18.257,74.445,0.15978,0.16937672102212742
838,18.258,74.471,0.14376,0.17116919021117694
839,18.258,74.615,0.12044,0.18367405972259254
840,18.258,74.27600000000001,0.091866,0.16035887743240762
841,18.258,74.436,0.13530999999999999,0.16868175362788818
842,18.258,74.735,0.1204,0.19652733285815205
843,18.258,73.755,0.17540999999999998,0.17034046706074646
844,18.258,74.975,0.14144,0.2267846717420704
845,18.259,74.309,0.020017,0.1616048445809133
846,18.259,74.416,0.14617,0.16729369554825935
847,18.259,74.76899999999999,0.5789300000000001,0.20035640677906097
848,18.259,74.27600000000001,0.091866,0.1603199017279986
849,18.259,74.417,0.15787,0.16735753377729334
850,18.259,74.281,0.11192,0.16050003870415597
851,18.259,74.3,0.02503,0.16123201437778556
852,18.259,74.34899999999999,0.20131,0.16346276071103882
853,18.259,74.991,0.15162,0.22874365508036432
854,18.26,74.355,0.041856,0.16371301673732785
855,18.26,74.444,0.13614,0.1690771264766544
856,18.26,74.696,0.15425,0.19187671134237128
857,18.26,74.66,0.15425,0.18801551913258718
858,18.26,74.30199999999999,0.17708,0.16126889041111325
859,18.26,74.945,0.11,0.22242865812671775
860,18.26,75.317,0.6842,0.2715105881189327
861,18.261,74.558,0.21735,0.1780042183310656
862,18.261,74.639,0.20039,0.18572830448124245
863,18.261,74.352,0.09687899999999999,0.16350397754224255
864,18.261,74.57,0.15716,0.17908280228795093
865,18.261,74.445,0.11692999999999999,0.1690698820708948
866,18.261,74.27199999999999,0.091866,0.16010433164690996
867,18.261,74.813,0.15454,0.20536804143741938
868,18.262,74.29899999999999,0.050227,0.1610610035837593
869,18.262,74.77600000000001,0.18686,0.20075063634198909
870,18.262999999999998,74.328,0.02503,0.16224703435598553
871,18.262999999999998,74.414,0.14784,0.1668900330544194
872,18.262999999999998,74.266,0.034053,0.15983150375556066
873,18.262999999999998,74.688,0.12044,0.1906195633679707
874,18.264,74.414,0.15787,0.16682173608943818
875,18.264,74.26,0.050094,0.1596063785435149
876,18.264,74.598,0.11259000000000001,0.18136397499526746
877,18.264,75.3,0.086018,0.2684891362102141
878,18.265,74.337,0.16037,0.16256154078045826
879,18.265,74.214,0.037562,0.15837929251709515
880,18.265,74.312,0.02503,0.16145688537489666
881,18.265,74.346,0.015005000000000001,0.1629904011542388
882,18.265,74.35600000000001,0.060119000000000006,0.16348612185837197
883,18.265,74.405,0.15787,0.16620341778620662
884,18.265,74.416,0.17457999999999999,0.16687820760819772
885,18.265,74.64699999999999,0.11262,0.18606981869096506
886,18.265,74.81,0.20724,0.20439294022571974
887,18.266,73.422,0.13573,0.20400968745155412
888,18.266,74.627,0.16473,0.18394758928814792
889,18.266,74.289,0.11192,0.16051444225448042
890,18.266,74.329,0.09687899999999999,0.16214545986035944
891,18.266,74.646,0.15185,0.18585026187752707
892,18.266,74.90899999999999,0.17800000000000002,0.21667693065323812
893,18.266,75.343,0.19296,0.27322536455236945
894,18.267,74.298,0.11944,0.16081118289989949
895,18.267,75.923,0.11692999999999999,0.3094205317460161
896,18.267,74.35,0.18336,0.16307982555725842
897,18.267,74.584,0.075942,0.1797395701290897
898,18.267,74.653,0.14376,0.18644570233387248
899,18.267,74.312,0.02503,0.16136742955542016
900,18.267,75.66199999999999,0.42103,0.302711665496715
901,18.268,74.343,0.020017,0.16269112928031293
902,18.268,74.404,0.10774,0.1659480259248547
903,18.268,75.005,0.12829000000000002,0.22893842403370257
904,18.268,74.264,0.10189,0.1595962743495971
905,18.268,74.40899999999999,0.16037,0.16624754678089915
906,18.268,74.936,0.13097,0.21983950142146658
907,18.268,73.84,0.21718,0.16551370118408382
908,18.269000000000002,74.268,0.10022,0.1596877257586503
909,18.269000000000002,74.293,0.09687899999999999,0.16054264860700973
910,18.269000000000002,74.449,0.10774,0.1687424457265787
911,18.269000000000002,74.846,0.15711,0.2082017646440354
912,18.269000000000002,73.722,0.24850999999999998,0.17370719009330904
913,18.269000000000002,74.293,0.06513200000000001,0.16054264860700973
914,18.269000000000002,74.745,0.13832,0.19615561594987196
915,18.27,73.584,0.2506,0.18636379703148298
916,18.27,74.851,0.14400000000000002,0.20866614363809233
917,18.27,73.597,0.11692999999999999,0.18505323690997622
918,18.27,74.332,0.02503,0.16208678251002362
919,18.27,74.415,0.10774,0.16648004427841623
920,18.27,74.544,0.11262,0.1759114154657192
921,18.27,74.666,0.11262,0.18742575756315272
922,18.27,74.699,0.14667,0.19091731504391218
923,18.27,74.813,0.12047999999999999,0.20400514101618616
924,18.271,74.421,0.16037,0.16678269475850083
925,18.271,74.54899999999999,0.075909,0.17624121723068875
926,18.271,74.556,0.14667,0.17684198373978743
927,18.271,74.40899999999999,0.12278,0.16605203081023834
928,18.271,74.289,0.09687899999999999,0.16032043435204346
929,18.272000000000002,74.657,0.12645,0.18626366274123562
930,18.272000000000002,74.64,0.12047999999999999,0.18455274328571036
931,18.273,74.414,0.13530999999999999,0.16622221921315894
932,18.273,74.53699999999999,0.13355999999999998,0.17504615364379283
933,18.273,74.666,0.13882,0.1870669741666975
934,18.273,75.111,0.2105,0.24209715932202536
935,18.273,74.648,0.11259000000000001,0.18523718514150533
936,18.273,74.324,0.058598000000000004,0.1615994803645554
937,18.274,74.32300000000001,0.033535,0.16151246902044536
938,18.274,74.657,0.14144,0.1860293410770434
939,18.274,73.581,0.2481,0.18711340193151094
940,18.274,74.52600000000001,0.086352,0.17405680606380036
941,18.274,74.541,0.083762,0.1752860550399843
942,18.274,73.584,0.20631999999999998,0.18680530301905718
943,18.274,74.635,0.15454,0.18383235977856205
944,18.275,74.291,0.06513200000000001,0.160240481049577
945,18.275,74.414,0.1587,0.1660926898870363
946,18.275,74.501,0.13355999999999998,0.17201163502279437
947,18.275,74.294,0.11192,0.16034656217049026
948,18.275,74.592,0.15686,0.17964495358166221
949,18.275,74.658,0.10477,0.18601407106350865
950,18.276,74.36,0.11262,0.1630961587871539
951,18.276,74.422,0.16037,0.16651138346487837
952,18.276,74.473,0.14926,0.16987621741389314
953,18.276,74.575,0.10214,0.1780147333974057
954,18.277,73.743,0.22303,0.1727157374808328
955,18.277,74.556,0.1362,0.17626861027239227
956,18.277,74.714,0.10472999999999999,0.19165169431845952
957,18.277,74.313,0.058548,0.16097808621352794
958,18.277,74.568,0.1257,0.1773021624523795
959,18.278,73.428,0.16288,0.2049331150669711
960,18.278,73.722,0.00071849,0.17446681014832388
961,18.278,74.442,0.14784,0.16763269643860923
962,18.278,74.982,0.09690399999999999,0.22409252063571217
963,18.278,74.40899999999999,0.1362,0.16560754191021898
964,18.278,74.788,0.13882,0.1998676813126512
965,18.278,74.795,0.13832,0.2006884162639595
966,18.279,74.506,0.14667,0.1720589846678019
967,18.279,74.598,0.14667,0.17978298399757497
968,18.279,74.29899999999999,0.11192,0.16037395262414056
969,18.279,74.657,0.14668,0.18545022941784683
970,18.279,74.827,0.14144,0.20435347613570987
971,18.279,73.747,0.15035,0.1725677310325321
972,18.279,74.336,0.08017,0.16184042663139253
973,18.279,74.40100000000001,0.15202000000000002,0.16508785930114867
974,18.279,74.494,0.14432999999999999,0.17115907095069294
975,18.279,74.49600000000001,0.11259000000000001,0.1713072635225158
976,18.279,74.72,0.19889,0.19204899576061552
977,18.279,74.72399999999999,0.17026,0.19248550310347168
978,18.279,74.421,0.15202000000000002,0.16625496541421325
979,18.279,74.715,0.09428099999999999,0.1915061814229878
980,18.28,73.712,0.19379000000000002,0.17546360243703218
981,18.28,74.683,0.15711,0.18798871682365026
982,18.28,74.292,0.050644999999999996,0.16009220986813755
983,18.28,74.944,0.17808,0.21881748116419597
984,18.28,74.322,0.033385000000000005,0.16120979045678807
985,18.28,74.462,0.1912,0.16881364276008093
986,18.28,74.62899999999999,0.19646,0.1825865106289476
987,18.28,74.706,0.12044,0.19041247096896963
988,18.28,74.767,0.15716,0.19716258334390513
989,18.281,74.322,0.10355999999999999,0.161167409292304
990,18.281,74.43,0.1587,0.1666728756471193
991,18.281,74.696,0.094205,0.18922780813419493
992,18.281,74.877,0.12044,0.21017125733496156
993,18.281,74.565,0.14144,0.17665891810595336
994,18.281,74.797,0.09428099999999999,0.20049596770817868
995,18.282,74.343,0.064296,0.16200835117950974
996,18.282,74.664,0.14667,0.18580947777611778
997,18.282,74.34,0.12027,0.16187670562526324
998,18.283,74.40899999999999,0.10774,0.1653000631407472
999,18.283,75.36,0.28068000000000004,0.27124681075701107
1000,18.283,74.558,0.1257,0.17587636366781223
1001,18.284000000000002,74.55,0.13355999999999998,0.17511735446996768
1002,18.284000000000002,74.51899999999999,0.21735,0.17263798330694002
1003,18.284000000000002,74.855,0.14901,0.20699829560965766
1004,18.285,74.44,0.10774,0.16702860968884825
1005,18.285,74.666,0.15711,0.18566639008377916
1006,18.285,74.794,0.1277,0.19958223547147425
1007,18.285999999999998,74.82600000000001,0.18377000000000002,0.20320434835175227
1008,18.285999999999998,75.27,0.2105,0.2598514254337011
1009,18.285999999999998,74.408,0.12695,0.16506322531796958
1010,18.285999999999998,74.44,0.11609000000000001,0.1669620483078732
1011,18.285999999999998,74.836,0.13882,0.20439983316904853
1012,18.285999999999998,75.373,0.2105,0.2720338292483926
1013,18.285999999999998,74.541,0.11259000000000001,0.1742037225776174
1014,18.285999999999998,74.73100000000001,0.16756,0.19235479752712603
1015,18.287,74.331,0.050094,0.16127725150782013
1016,18.287,74.34,0.074322,0.16165132517076752
1017,18.287,74.434,0.11609000000000001,0.16652612788833576
1018,18.288,74.30199999999999,0.00041772,0.16014901073609855
1019,18.288,74.47,0.13355999999999998,0.1687738248122741
1020,18.288,74.434,0.1729,0.16646154085354492
1021,18.288,74.97800000000001,0.43858,0.2218273000442068
1022,18.289,74.444,0.15035,0.16701293305497755
1023,18.289,74.415,0.13113,0.1652803074719985
1024,18.289,74.75,0.10472999999999999,0.19405386124822
1025,18.289,73.691,0.19421,0.17808424670214906
1026,18.289,74.329,0.16706,0.16111325116917308
1027,18.289,74.428,0.12111,0.1660370615549427
1028,18.29,74.328,0.07014400000000001,0.16103268576639607
1029,18.29,74.329,0.088524,0.16107216456065787
1030,18.29,74.598,0.13097,0.1786766602437886
1031,18.29,74.367,0.11025,0.16272293087696588
1032,18.29,74.405,0.12361,0.1646628258436179
1033,18.291,74.633,0.11517999999999999,0.18179005566079653
1034,18.291,75.27600000000001,0.7017399999999999,0.2595041334407695
1035,18.291,74.41199999999999,0.10774,0.16499233467321373
1036,18.291,74.969,0.11,0.22016020493125588
1037,18.291,75.07,0.074322,0.23322543648353988
1038,18.292,73.689,0.1232,0.1785430019642169
1039,18.292,73.85600000000001,0.18794,0.1660215249429151
1040,18.292,74.48899999999999,0.12829000000000002,0.169789100610497
1041,18.292,74.558,0.16473,0.17505656398817382
1042,18.292,75.33800000000001,0.49121000000000004,0.266672023374501
1043,18.292,74.822,0.16473,0.20186752450184842
1044,18.292,74.367,0.14668,0.16262514255166804
1045,18.292,74.59100000000001,0.15454,0.1778624058512659
1046,18.292,74.648,0.19905,0.18311513254960055
1047,18.292,74.92,0.14032,0.21379114726991422
1048,18.292,75.368,0.22804000000000002,0.2701013689130033
1049,18.293,74.439,0.16037,0.16644478890311587
1050,18.293,74.583,0.16473,0.17707134668333346
1051,18.293,74.637,0.1624,0.18195733918997503
1052,18.293,74.411,0.14617,0.16482027289626044
1053,18.293,74.648,0.16764,0.18300723513490724
1054,18.293,74.667,0.06808099999999999,0.1848621937403302
1055,18.293,75.671,0.19296,0.2965064661688489
1056,18.293,74.57300000000001,0.091615,0.17621735140111716
1057,18.293,74.82300000000001,0.16764,0.20184286177206856
1058,18.294,74.366,0.22002,0.1624823373100459
1059,18.294,74.442,0.084347,0.1665634657615197
1060,18.294,74.55199999999999,0.19384,0.17439012698892242
1061,18.294,74.722,0.12047999999999999,0.19039023194908522
1062,18.294,74.367,0.09604299999999999,0.1625286426173893
1063,18.294,74.487,0.12829000000000002,0.1695008369539387
1064,18.294,74.704,0.086352,0.18850035131335285
1065,18.295,74.438,0.13530999999999999,0.1662576605520132
1066,18.295,74.505,0.075942,0.17070257972273284
1067,18.295,74.62,0.16473,0.18016718432912082
1068,18.295,74.764,0.094205,0.19482541867264147
1069,18.295,74.416,0.081841,0.16498222183554867
1070,18.295,74.42699999999999,0.12278,0.16560831067182413
1071,18.295,74.921,0.15035,0.21343689093857732
1072,18.295,73.712,0.0026818000000000002,0.17679510928165465
1073,18.295,74.444,0.12779000000000001,0.16662158241886682
1074,18.295,74.672,0.16764,0.18513450518506258
1075,18.295,74.809,0.16756,0.19992932503958205
1076,18.295,75.043,0.18336,0.22898992171756338
1077,18.296,74.417,0.14617,0.16497993008599365
1078,18.296,74.406,0.081841,0.16437752915217252
1079,18.296,74.722,0.11262,0.1901466523793407
1080,18.296,74.314,0.040068,0.16028119257616158
1081,18.296,74.372,0.13865,0.16266579330095254
1082,18.296,75.35300000000001,0.2105,0.26750420097166094
1083,18.296,74.345,0.14365999999999998,0.16147074997562272
1084,18.297,75.16199999999999,0.1044,0.2439677312386055
1085,18.297,74.388,0.1587,0.16339118684553322
1086,18.297,73.77199999999999,0.052182000000000006,0.17208271086335292
1087,18.297,74.443,0.12278,0.16643313534467596
1088,18.297,74.712,0.12829000000000002,0.18897630389173314
1089,18.297,74.76,0.094205,0.1941247609206468
1090,18.297,75.671,0.14032,0.29549856948816033
1091,18.298,74.439,0.12278,0.16612993761060235
1092,18.298,74.40899999999999,0.14868,0.16442743541092741
1093,18.298,74.359,0.064296,0.16198160824566699
1094,18.299,74.72800000000001,0.15716,0.19041741306113258
1095,18.299,73.77199999999999,0.24015999999999998,0.17224066694966167
1096,18.299,74.35,0.11025,0.1615515788996399
1097,18.299,74.376,0.22119,0.16270903874451703
1098,18.299,75.161,0.19296,0.24344633952291672
1099,18.299,74.446,0.09690399999999999,0.1664885510610714
1100,18.3,74.418,0.17123,0.1648053471669877
1101,18.3,74.428,0.92815,0.16536668252726683
1102,18.3,74.729,0.14668,0.1904019761342386
1103,18.3,73.872,0.12278,0.16556279718670663
1104,18.301,73.876,0.16037,0.16539090581864346
1105,18.301,74.521,0.15454,0.1714076004587647
1106,18.301,75.672,0.43858,0.2945552655273832
1107,18.301,74.367,0.088524,0.16220101578673585
1108,18.301,75.64,0.12278,0.29262569471688316
1109,18.301,74.415,0.06179,0.1645845611001464
1110,18.301,75.122,0.1186,0.23806964439650458
1111,18.301,75.484,0.35086,0.28010844019851044
1112,18.301,74.41,0.16706,0.16431513598733893
1113,18.301,74.416,0.1328,0.16463902931842744
1114,18.301,74.80199999999999,0.15425,0.19830491900283265
1115,18.302,75.057,0.00069342,0.2295367643677595
1116,18.302,74.41,0.15035,0.1642603803286693
1117,18.302,74.419,0.10607,0.16474691553118848
1118,18.302,75.204,0.046751999999999995,0.24829060062979014
1119,18.302,74.419,0.088524,0.16474691553118848
1120,18.302,76.07600000000001,0.1303,0.2940545709518215
1121,18.302,73.637,0.17540999999999998,0.18446451771845773
1122,18.302,73.742,0.20674,0.17487583041787302
1123,18.302,74.37899999999999,0.1587,0.16270602869670647
1124,18.302,74.408,0.15035,0.1641544021935084
1125,18.302,75.074,0.12278,0.231719524744326
1126,18.303,74.52199999999999,0.15064,0.1713250416000932
1127,18.303,74.83800000000001,0.06808099999999999,0.20218707598751473
1128,18.303,74.41,0.088524,0.16420595386644654
1129,18.303,74.458,0.13358,0.1669704176546971
1130,18.303,75.304,0.43858,0.26028887413410073
1131,18.304000000000002,74.37,0.1186,0.16219905743775453
1132,18.304000000000002,74.376,0.07014400000000001,0.16247174996164593
1133,18.304000000000002,74.468,0.10802,0.1675348956475755
1134,18.304000000000002,74.77199999999999,0.10472999999999999,0.19454897793657566
1135,18.304000000000002,73.703,0.08936000000000001,0.1784114891358356
1136,18.304000000000002,73.774,0.11692999999999999,0.17248386025147955
1137,18.304000000000002,74.044,0.10607,0.15866026084897522
1138,18.304000000000002,75.35600000000001,0.54384,0.26607447871396983
1139,18.304000000000002,74.37899999999999,0.064296,0.16261079111860266
1140,18.304000000000002,74.492,0.20432,0.16911955159041958
1141,18.305,74.954,0.14376,0.2159550155673583
1142,18.305,74.37899999999999,0.11025,0.16256365579004073
1143,18.305,74.692,0.13832,0.18600887567291347
1144,18.305,75.04899999999999,0.09019500000000001,0.2279789093964919
1145,18.305,75.351,0.3684,0.2652914582082613
1146,18.305999999999997,74.359,0.11025,0.16163249097238774
1147,18.305999999999997,74.377,0.12445,0.1624248061600061
1148,18.305999999999997,74.362,0.09604299999999999,0.16176002682689317
1149,18.305999999999997,74.366,0.064296,0.1619328910410761
1150,18.307000000000002,73.90100000000001,0.087689,0.16434199583397235
1151,18.307000000000002,74.308,0.15716,0.15971302200852822
1152,18.307000000000002,74.35300000000001,0.088524,0.1613419421458574
1153,18.307000000000002,74.377,0.15716,0.16237874260784202
1154,18.307000000000002,74.578,0.14926,0.17537203023850623
1155,18.307000000000002,74.79899999999999,0.15711,0.19716499341990334
1156,18.307000000000002,75.641,0.31577,0.29121623250290407
1157,18.307000000000002,74.484,0.10422999999999999,0.16837216675067768
1158,18.307000000000002,75.372,0.050094,0.2671994173169122
1159,18.308,74.414,0.11692999999999999,0.16414792531794065
1160,18.308,74.734,0.16756,0.18996770393349527
1161,18.308,74.414,0.13614,0.16414792531794065
1162,18.308,74.67,0.17288,0.18352006162275303
1163,18.308,74.816,0.10477,0.19895691573488616
1164,18.308,73.876,0.10231,0.16580779658225764
1165,18.308,74.354,0.1044,0.16134200692041434
1166,18.308,74.359,0.12445,0.1615483912432517
1167,18.309,74.39699999999999,0.07014400000000001,0.16323085980208862
1168,18.309,73.712,0.27149,0.1780719686912836
1169,18.309,73.743,0.22303,0.17539475955733508
1170,18.31,74.653,0.15469000000000002,0.18169656521341127
1171,18.31,75.271,0.28068000000000004,0.2548891257480512
1172,18.31,74.626,0.20164,0.17922478075746928
1173,18.31,75.235,0.13530999999999999,0.25052242453009843
1174,18.311,74.36,0.13865,0.16146586066525614
1175,18.311,74.36,0.086018,0.16146586066525614
1176,18.311,74.829,0.11785,0.20003764984338013
1177,18.311,74.925,0.11787,0.21143193221933776
1178,18.311,75.65899999999999,0.5263,0.29134271005691803
1179,18.311,73.75399999999999,0.28402,0.17465381238075983
1180,18.311,74.381,0.1044,0.16237829756286948
1181,18.311,74.382,0.088524,0.1624239452696108
1182,18.311,74.696,0.070704,0.1857403965609714
1183,18.311,74.76,0.15185,0.19236545406600036
1184,18.312,73.752,0.21927,0.17490371512637293
1185,18.312,74.449,0.18336,0.16586903567444344
1186,18.312,75.153,0.13364,0.23992603450291172
1187,18.312,74.37899999999999,0.064296,0.1622427140012509
1188,18.312,74.723,0.12834,0.18835680799812915
1189,18.312,75.304,0.31577,0.2583843782945898
1190,18.314,73.771,0.17959,0.1735279988291405
1191,18.314,74.384,0.088524,0.1623789537599195
1192,18.314,74.373,0.084347,0.16189042595915493
1193,18.314,74.37899999999999,0.1186,0.16215390481581027
1194,18.314,74.90899999999999,0.13355999999999998,0.20903639170902055
1195,18.314,74.418,0.075157,0.16404021064724505
1196,18.314,74.432,0.13530999999999999,0.164789803175593
1197,18.315,74.383,0.11025,0.1622887730726661
1198,18.315,75.293,0.28068000000000004,0.25646998530945
1199,18.315,75.656,0.31577,0.29019634834126173
1200,18.315,73.737,0.27149,0.1764290619897535
1201,18.315,74.643,0.08118099999999999,0.18027151609272007
1202,18.316,73.773,0.14199,0.17353260066120357
1203,18.316,73.773,0.18794,0.17353260066120357
1204,18.316,74.561,0.14376,0.17324572866603338
1205,18.316,74.561,0.11787,0.17324572866603338
1206,18.316,74.434,0.050194,0.16478918543255472
1207,18.316,74.38,0.081841,0.1621105637304845
1208,18.316,74.36,0.074322,0.161264838016982
1209,18.316,74.578,0.09270199999999999,0.17459293073940474
1210,18.317,73.883,0.14617,0.16593854281828768
1211,18.317,74.35,0.088524,0.16083502675993833
1212,18.317,74.354,0.040068,0.16098882180494722
1213,18.317,74.666,0.094205,0.18219989563919947
1214,18.317,74.86,0.15163,0.20279476028204257
1215,18.317,74.388,0.12445,0.1624260362512293
1216,18.317,74.48100000000001,0.081841,0.16751179132199456
1217,18.317,74.545,0.16764,0.17194423748750276
1218,18.317,74.89699999999999,0.1186,0.20715502155738463
1219,18.317,74.34100000000001,0.13347,0.16050085841922956
1220,18.317,74.37899999999999,0.12445,0.1620230918939397
1221,18.317,74.806,0.10131,0.19664281477658974
1222,18.317999999999998,74.84,0.10472999999999999,0.20034952326229316
1223,18.319000000000003,74.384,0.11025,0.16215723679256655
1224,18.319000000000003,74.503,0.10472999999999999,0.1688151662125208
1225,18.319000000000003,74.679,0.19053,0.1832255422885044
1226,18.319000000000003,74.408,0.16706,0.16328097776942574
1227,18.319000000000003,74.76,0.16473,0.19139488144758787
1228,18.319000000000003,74.91,0.099469,0.20841595505856192
1229,18.319000000000003,74.36,0.12863,0.1611480143068561
1230,18.32,74.38600000000001,0.11025,0.16220272772839783
1231,18.32,74.634,0.11262,0.17897935203618176
1232,18.32,75.737,0.074322,0.2929952846970597
1233,18.32,74.574,0.07849099999999999,0.1739379875601369
1234,18.32,75.32300000000001,0.31577,0.25891046537260987
1235,18.320999999999998,74.354,0.088524,0.16084002832531352
1236,18.320999999999998,74.57600000000001,0.1328,0.17401376761065368
1237,18.320999999999998,74.673,0.14901,0.1824500964095066
1238,18.320999999999998,74.865,0.19384,0.20282089270528814
1239,18.320999999999998,74.248,0.15192,0.15796694630036467
1240,18.320999999999998,74.568,0.13614,0.17338459823037589
1241,18.320999999999998,74.788,0.089026,0.19415570801356496
1242,18.320999999999998,75.643,0.45611999999999997,0.28797192622371504
1243,18.320999999999998,74.432,0.055105999999999995,0.16441079183647989
1244,18.322,74.391,0.12445,0.16233963031558174
1245,18.322,74.343,0.11025,0.1604001313211718
1246,18.322,74.567,0.1587,0.17322597450752542
1247,18.322,74.805,0.12623,0.19589150691630108
1248,18.322,75.29899999999999,0.40349,0.2557328664459544
1249,18.323,74.74600000000001,0.15067,0.18945855297504055
1250,18.323,74.714,0.1231,0.18621090447332456
1251,18.323,74.829,0.13122,0.19843623279786815
1252,18.324,74.65100000000001,0.11575999999999999,0.18011965659081186
1253,18.324,75.666,0.19296,0.28862305858404025
1254,18.324,74.421,0.060236000000000005,0.16368426038262196
1255,18.324,74.422,0.15035,0.16373502513269622
1256,18.324,74.748,0.048839999999999995,0.18955005361856692
1257,18.324,74.79,0.14659,0.19400124440502242
1258,18.324,74.88,0.13832,0.20414968275379541
1259,18.324,75.267,0.29822,0.2515729087622023
1260,18.325,73.891,0.19003,0.16594979875794225
1261,18.325,74.34899999999999,0.088524,0.16051296461688058
1262,18.325,74.362,0.16706,0.1610000228088483
1263,18.325,74.376,0.071815,0.16156263360832746
1264,18.325,74.571,0.17282,0.173295268070089
1265,18.325,74.689,0.16756,0.18355798706685889
1266,18.325,74.749,0.22398,0.18953814358097332
1267,18.326,74.789,0.12829000000000002,0.1936472882104736
1268,18.326,74.791,0.28506,0.19386322086867291
1269,18.326,75.02,0.10525999999999999,0.2207685567757025
1270,18.326,73.888,0.18961,0.16619015706747375
1271,18.326,74.388,0.12044,0.16203377006455655
1272,18.326,73.9,0.22554000000000002,0.1654827696831328
1273,18.326,74.842,0.10477,0.19950816420343565
1274,18.326,75.087,0.10774,0.22910515368092133
1275,18.326,75.643,0.33331,0.28679154540823115
1276,18.327,73.876,0.23389000000000001,0.16698973192707878
1277,18.327,74.37899999999999,0.081841,0.16160778826276279
1278,18.327,74.421,0.08017,0.16353663053665246
1279,18.327,74.793,0.1303,0.19395660061782705
1280,18.327,75.30199999999999,0.0526,0.2550639197080312
1281,18.327,74.42699999999999,0.058565,0.16384036680877911
1282,18.327,74.793,0.26877,0.19395660061782705
1283,18.327,74.55,0.17549,0.1715500180123476
1284,18.327,74.572,0.038222000000000006,0.17321274932226094
1285,18.327,74.638,0.13355999999999998,0.17867544723729267
1286,18.327,74.734,0.19954000000000002,0.18777581210644467
1287,18.327,74.793,0.14659,0.19395660061782705
1288,18.327,75.3,0.22554000000000002,0.25483311153358035
1289,18.328,74.425,0.033886,0.16368895658207916
1290,18.328,74.47,0.15163,0.16616002168222332
1291,18.328,74.569,0.2506,0.17290221666838568
1292,18.328,74.815,0.15945,0.19623363044368325
1293,18.328,74.359,0.11442000000000001,0.16077688806803692
1294,18.328,74.568,0.16037,0.17282557356344186
1295,18.328,74.426,0.14667,0.16373966156839614
1296,18.328,74.743,0.18636,0.188578798377663
1297,18.328,74.797,0.22804000000000002,0.19426654127346854
1298,18.328,74.479,0.08518200000000001,0.16670003343747186
1299,18.328,75.006,0.1493,0.21871796817250921
1300,18.329,74.42399999999999,0.050762,0.16358958997640127
1301,18.329,74.812,0.12623,0.1957777775443803
1302,18.329,74.428,0.05011,0.1637919642291502
1303,18.33,74.301,0.11787,0.15889642928598569
1304,18.33,74.82600000000001,0.10732,0.19719575125572375
1305,18.331,74.42399999999999,0.050094,0.16349285922689438
1306,18.331,74.433,0.067304,0.16394880806443002
1307,18.331,74.75399999999999,0.12630999999999998,0.18936645278583697
1308,18.331,74.809,0.13358,0.19519999301411273
1309,18.331,74.76100000000001,0.14659,0.19008986432736252
1310,18.331,74.76899999999999,0.13882,0.19092366574524133
1311,18.331,74.78699999999999,0.1362,0.19282641082363705
1312,18.332,74.801,0.30543000000000003,0.19420847413830644
1313,18.332,74.436,0.09019500000000001,0.16405389718331786
1314,18.332,74.577,0.12044,0.17320251153408872
1315,18.332,74.984,0.13614,0.2153984425502239
1316,18.333,74.757,0.1303,0.18944759744181972
1317,18.333,73.972,0.10022,0.1621601649639136
1318,18.333,74.36,0.13865,0.16064023523568993
1319,18.333,74.554,0.16622,0.1713958014915321
1320,18.334,74.553,0.09604299999999999,0.1712490736358353
1321,18.334,74.757,0.14659,0.1893340940525544
1322,18.334,74.763,0.22398,0.18995255636243347
1323,18.334,75.638,0.4603,0.2846200753999253
1324,18.334,74.715,0.10477,0.18512837869544807
1325,18.334,74.259,0.2017,0.15796704371739945
1326,18.335,74.556,0.15035,0.17139437279508107
1327,18.335,74.583,0.18042,0.17343001293317017
1328,18.335,74.584,0.18042,0.17350774032604988
1329,18.335,74.683,0.075942,0.18197922908218556
1330,18.335,74.846,0.10737999999999999,0.19878184831764167
1331,18.335,74.434,0.14533,0.1638026035353135
1332,18.335,74.51100000000001,0.1257,0.16827994967029347
1333,18.335,74.804,0.18325,0.19416633738717792
1334,18.335,74.804,0.073277,0.19416633738717792
1335,18.336,74.893,0.18636,0.2039981796407917
1336,18.336,74.594,0.12027,0.17421287943557218
1337,18.336,74.92399999999999,0.16473,0.20761659701445467
1338,18.336,74.449,0.12027,0.1645358499266354
1339,18.336,74.517,0.20432,0.16860893943865551
1340,18.336,74.759,0.12623,0.18931318820366294
1341,18.336,74.766,0.13437000000000002,0.19003416750099322
1342,18.336,74.726,0.11262,0.18599423618780886
1343,18.336,74.76,0.2647,0.1894158319729542
1344,18.336,74.805,0.044772,0.19415256257170588
1345,18.337,74.581,0.081841,0.17311830505213543
1346,18.337,74.642,0.086853,0.17810906099898483
1347,18.337,74.521,0.14926,0.16880867487098072
1348,18.337,74.767,0.12215,0.19002342992599353
1349,18.337,74.446,0.075157,0.16432525016592692
1350,18.337,74.585,0.13097,0.17342728635419735
1351,18.337,74.806,0.061063,0.19413892360704643
1352,18.338,74.544,0.17026,0.17031701706858948
1353,18.338,74.753,0.19954000000000002,0.18847704525952125
1354,18.338,74.437,0.11025,0.16380936260493806
1355,18.338,74.465,0.1186,0.16530797699854938
1356,18.338,74.768,0.09364600000000001,0.19001282695866706
1357,18.338,74.934,0.12047999999999999,0.208509866380433
1358,18.338,74.915,0.35086,0.2062782013680693
1359,18.338,74.96600000000001,0.13358,0.21231656412842514
1360,18.339000000000002,74.491,0.11259000000000001,0.16677205387184157
1361,18.339000000000002,74.575,0.08518200000000001,0.17250687294659395
1362,18.339000000000002,74.694,0.16756,0.18260913044380644
1363,18.339000000000002,74.89699999999999,0.15945,0.20404956081047365
1364,18.339000000000002,74.362,0.10607,0.16051268201709257
1365,18.339000000000002,74.408,0.12612,0.1623737046607725
1366,18.339000000000002,74.486,0.14440999999999998,0.16647039293560584
1367,18.339000000000002,74.583,0.15716,0.17311634785766072
1368,18.339000000000002,74.76899999999999,0.06513200000000001,0.190002358886311
1369,18.339000000000002,74.812,0.1493,0.1945427908525318
1370,18.339000000000002,74.441,0.10022,0.16396521141701215
1371,18.339000000000002,74.436,0.13364,0.16371053747857245
1372,18.339000000000002,74.768,0.11400999999999999,0.1898992199729811
1373,18.339000000000002,74.781,0.15067,0.19124897063584978
1374,18.34,74.612,0.19379000000000002,0.1753300889270032
1375,18.34,74.781,0.28506,0.19113334641856483
1376,18.34,74.384,0.07022,0.1613131346043708
1377,18.34,74.395,0.023359,0.16176584379231596
1378,18.34,74.638,0.13097,0.17749773565339855
1379,18.34,74.781,0.20360999999999999,0.19113334641856483
1380,18.34,74.809,0.073277,0.19409882463511452
1381,18.34,74.339,0.13364,0.15971387771478662
1382,18.34,74.775,0.16696,0.1905090987687662
1383,18.340999999999998,74.524,0.16255,0.16874588938161506
1384,18.340999999999998,74.441,0.075157,0.1638680022870741
1385,18.340999999999998,74.643,0.1069,0.17783751842770612
1386,18.340999999999998,74.764,0.032549,0.18926327380783214
1387,18.340999999999998,74.432,0.17026,0.16341674506680748
1388,18.340999999999998,74.459,0.19384,0.16481696012508584
1389,18.340999999999998,74.74600000000001,0.11400999999999999,0.18744224304173818
1390,18.340999999999998,74.336,0.15454,0.15959508519649945
1391,18.340999999999998,74.643,0.08017,0.17783751842770612
1392,18.340999999999998,74.792,0.16696,0.19217098806105581
1393,18.342,74.77,0.11400999999999999,0.18976602354459682
1394,18.342,74.792,0.14659,0.19205412729857996
1395,18.342,75.082,0.12278,0.22577878663879458
1396,18.342,75.093,0.10774,0.22712432769150948
1397,18.342,74.437,0.11525999999999999,0.16361822793398728
1398,18.342,74.689,0.08380399999999999,0.18184872196697688
1399,18.342,74.77,0.10586,0.18976602354459682
1400,18.342,74.77199999999999,0.1303,0.18997176690952067
1401,18.342,74.388,0.036058,0.161400225881545
1402,18.342,74.747,0.15473,0.18743386159082343
1403,18.342,74.77199999999999,0.10994000000000001,0.18997176690952067
1404,18.343,74.38600000000001,0.035891,0.1612832452770785
1405,18.343,74.437,0.12528,0.16357126125049337
1406,18.343,74.559,0.16037,0.17103124244762702
1407,18.343,74.748,0.30543000000000003,0.1874256150671233
1408,18.343,74.77199999999999,0.20360999999999999,0.18985898162941894
1409,18.343,74.53699999999999,0.1755,0.1694883227383004
1410,18.343,74.541,0.18074,0.16976262077535575
1411,18.343,74.593,0.16764,0.17357712963199068
1412,18.343,74.64399999999999,0.14376,0.1777462568249386
1413,18.343,74.72800000000001,0.14926,0.18545149916382642
1414,18.343,75.11399999999999,0.22804000000000002,0.2295228130904573
1415,18.343,74.645,0.099469,0.17783203171450324
1416,18.343,74.712,0.18636,0.1839090297135143
1417,18.343,74.77199999999999,0.040695,0.18985898162941894
1418,18.343,74.778,0.069209,0.1904778573614181
1419,18.343,74.844,0.1493,0.19754002100484325
1420,18.344,74.654,0.09690399999999999,0.178520722662302
1421,18.344,74.797,0.12623,0.1923472578420654
1422,18.344,74.385,0.06179,0.16120753699193346
1423,18.344,74.559,0.10189,0.17095991946508216
1424,18.344,74.559,0.10858,0.17095991946508216
1425,18.344,74.632,0.1362,0.17664304761707494
1426,18.344,74.773,0.10994000000000001,0.1898492620393395
1427,18.344,74.779,0.081423,0.19046771624537717
1428,18.344,74.797,0.12623,0.1923472578420654
1429,18.344,74.87100000000001,0.15716,0.2004200257363199
1430,18.345,74.77199999999999,0.13355999999999998,0.18963458315201265
1431,18.345,74.87,0.15949000000000002,0.200177935989164
1432,18.345,74.551,0.086853,0.1703214239132106
1433,18.345,74.75,0.27692,0.18740952795343413
1434,18.345,74.775,0.19546,0.18994239929629875
1435,18.345,74.78,0.21175,0.19045771194100425
1436,18.345,74.89699999999999,0.09428099999999999,0.20323730218152358
1437,18.346,74.446,0.10022,0.16388301079324563
1438,18.346,74.555,0.077663,0.1705339914239694
1439,18.346,74.775,0.20360999999999999,0.18983023284446565
1440,18.346,75.086,0.15787,0.2256075080989416
1441,18.346,74.585,0.15067,0.1727324081881464
1442,18.346,74.609,0.07014400000000001,0.17459828860840254
1443,18.346,74.827,0.11,0.19531272357188523
1444,18.346,74.607,0.11400999999999999,0.17443924618143014
1445,18.346,74.751,0.061063,0.18740168794538659
1446,18.346,74.763,0.061063,0.18860744917180527
1447,18.346,74.77600000000001,0.27285,0.18993288349834714
1448,18.346,75.586,0.26877,0.2784050247522495
1449,18.347,74.563,0.24841,0.1710343243096546
1450,18.347,74.586,0.10994000000000001,0.17273265331544152
1451,18.347,74.751,0.19546,0.1872943527088784
1452,18.347,74.78,0.13614,0.19023193118272852
1453,18.347,74.956,0.11262,0.20981442437933395
1454,18.347,74.59899999999999,0.1362,0.1737313043055173
1455,18.347,74.608,0.24434,0.1744387301103555
1456,18.347,74.764,0.24434,0.18859895819703398
1457,18.347,74.788,0.094205,0.19105935664783313
1458,18.347,74.38,0.1988,0.1609099210117131
1459,18.347,74.45100000000001,0.050527999999999997,0.1640915721051811
1460,18.347,74.587,0.15473,0.17280849026182032
1461,18.347,74.752,0.26877,0.18739398401819218
1462,18.348,74.669,0.19379000000000002,0.17947428875813476
1463,18.348,74.764,0.18325,0.18848960018680128
1464,18.348,74.57600000000001,0.13782,0.17191009038552285
1465,18.348,74.608,0.078499,0.17435913271692627
1466,18.348,74.609,0.23212,0.17443834143347092
1467,18.348,74.771,0.2199,0.18919909070326568
1468,18.348,74.377,0.08017,0.16076428848287483
1469,18.348,74.54899999999999,0.14926,0.16997642731978746
1470,18.348,74.565,0.28506,0.1711073658308674
1471,18.348,74.77600000000001,0.1751,0.1897093548009242
1472,18.348,74.89399999999999,0.13358,0.20249553922769403
1473,18.348,74.609,0.31358,0.17443834143347092
1474,18.348,74.619,0.14667,0.17523916771338388
1475,18.349,74.718,0.19471,0.18387548170747448
1476,18.349,74.778,0.15067,0.18980271825657757
1477,18.349,74.55199999999999,0.15954000000000002,0.1701169579217543
1478,18.349,74.58800000000001,0.18732000000000001,0.1727335206688274
1479,18.349,74.766,0.21175,0.1885823872529534
1480,18.349,74.473,0.15163,0.16516949770951095
1481,18.349,74.631,0.1493,0.1761371661672394
1482,18.349,74.763,0.077346,0.1882799293776446
1483,18.349,74.766,0.069209,0.1885823872529534
1484,18.349,74.779,0.20768000000000003,0.1899051602772912
1485,18.349,75.066,0.14533,0.22269265850823639
1486,18.35,74.566,0.26877,0.1710379321225277
1487,18.35,74.589,0.17102,0.17273414354275973
1488,18.35,74.766,0.22804000000000002,0.1884734372220639
1489,18.35,74.779,0.25248000000000004,0.18979382230635045
1490,18.35,74.377,0.1624,0.1606990915503711
1491,18.35,74.492,0.11233,0.16620037617728456
1492,18.35,74.567,0.10994000000000001,0.17110983733211926
1493,18.35,74.589,0.13844,0.17273414354275973
1494,18.35,74.611,0.17102,0.17443794754021202
1495,18.35,74.627,0.052917,0.17572562656776047
1496,18.35,74.755,0.20360999999999999,0.18737169159702616
1497,18.35,74.758,0.094205,0.18767073302849469
1498,18.35,74.764,0.073277,0.18827204923427643
1499,18.35,74.767,0.18325,0.18857430784895024
1500,18.351,74.385,0.10858,0.16096458004595382
1501,18.351,74.583,0.24225,0.17220955509416225
1502,18.351,74.611,0.22398,0.174358842702118
1503,18.351,74.627,0.10586,0.17564340386228006
1504,18.351,74.755,0.22804000000000002,0.18726515989992298
1505,18.351,74.78,0.16696,0.18978506461170586
1506,18.351,75.65899999999999,0.35086,0.2820056014851676
1507,18.351,74.559,0.15035,0.17047047740706378
1508,18.351,74.94,0.12044,0.2073775747775808
1509,18.351,74.612,0.10586,0.1744379429608799
1510,18.351,74.645,0.11025,0.17713607004339638
1511,18.351,74.756,0.28914,0.18736453486580973
1512,18.352,74.627,0.030043,0.17556154401641155
1513,18.352,74.62899999999999,0.14252,0.17572454525407133
1514,18.352,74.668,0.12044,0.17902464088518
1515,18.352,74.765,0.1751,0.1881563172034153
1516,18.352,74.828,0.19053,0.19469848583885718
1517,18.352,74.559,0.13364,0.1704019573069211
1518,18.352,74.568,0.19954000000000002,0.17104095961297427
1519,18.352,74.751,0.15473,0.18676346783952524
1520,18.352,74.78699999999999,0.06513200000000001,0.19039153620724536
1521,18.352,75.126,0.15703,0.22946201784217524
1522,18.352,74.689,0.10178999999999999,0.18089412259472537
1523,18.352,74.558,0.1445,0.17033180849336982
1524,18.352,74.631,0.09690399999999999,0.17588816686971076
1525,18.352,74.794,0.20039,0.19111420683848335
1526,18.352999999999998,74.569,0.23212,0.171042661025942
1527,18.352999999999998,74.585,0.16706,0.17221187876461153
1528,18.352999999999998,74.65899999999999,0.11609000000000001,0.17815523920321663
1529,18.352999999999998,74.752,0.12215,0.1867569667767517
1530,18.352999999999998,74.788,0.11410999999999999,0.1903826365053226
1531,18.352999999999998,74.37899999999999,0.32913000000000003,0.16067602403054326
1532,18.352999999999998,74.558,0.24725999999999998,0.1702638356703109
1533,18.352999999999998,74.569,0.2647,0.171042661025942
1534,18.352999999999998,74.61399999999999,0.281,0.1744383201249179
1535,18.352999999999998,74.752,0.15067,0.1867569667767517
1536,18.352999999999998,74.788,0.11400999999999999,0.1903826365053226
1537,18.352999999999998,75.523,0.47367,0.2719652995083083
1538,18.352999999999998,74.322,0.20432,0.15892998805683067
1539,18.352999999999998,74.57,0.10178999999999999,0.1711144803182224
1540,18.352999999999998,74.586,0.16622,0.17228636942885867
1541,18.352999999999998,74.691,0.10586,0.1809816444100173
1542,18.354,74.57,0.12623,0.17104448798679317
1543,18.354,74.61399999999999,0.20360999999999999,0.1743597099961378
1544,18.354,74.758,0.15067,0.18724470768474477
1545,18.354,74.767,0.10994000000000001,0.18814165452150633
1546,18.354,74.61399999999999,0.26877,0.1743597099961378
1547,18.354,74.631,0.17917,0.17572398475717377
1548,18.354,74.66,0.14926,0.17815382369423327
1549,18.354,74.635,0.11525999999999999,0.17605153320667
1550,18.354,74.759,0.19954000000000002,0.1873438908696482
1551,18.355,74.376,0.1704,0.16050606910089005
1552,18.355,74.594,0.23212,0.17273916280368584
1553,18.355,74.75399999999999,0.11400999999999999,0.18674437835224
1554,18.355,74.76899999999999,0.13437000000000002,0.18823471856595242
1555,18.355,75.642,0.33331,0.28012739339581083
1556,18.355,74.594,0.20768000000000003,0.17273916280368584
1557,18.355,74.607,0.091866,0.17373433344032052
1558,18.355,74.616,0.12215,0.17443921449755828
1559,18.355,74.692,0.16288,0.18088550239991208
1560,18.355,74.76,0.13437000000000002,0.18733728588057297
1561,18.355,75.673,0.3684,0.28187959658868356
1562,18.355999999999998,74.632,0.06513200000000001,0.17564252381356749
1563,18.355999999999998,74.693,0.30136,0.180882898854538
1564,18.355999999999998,74.508,0.13355999999999998,0.16681661320462937
1565,18.355999999999998,74.572,0.14659,0.17104851985650482
1566,18.355999999999998,74.616,0.33801,0.17436093536375263
1567,18.355999999999998,74.627,0.14667,0.17523772912105795
1568,18.355999999999998,74.633,0.19954000000000002,0.17572394757818255
1569,18.355999999999998,74.76,0.10994000000000001,0.18723176397978236
1570,18.355999999999998,74.791,0.32987,0.19035677444191046
1571,18.355999999999998,74.693,0.17102,0.180882898854538
1572,18.355999999999998,74.617,0.20360999999999999,0.17443985642629145
1573,18.355999999999998,74.694,0.21175,0.18097327848856215
1574,18.355999999999998,75.639,0.43858,0.2797263208825974
1575,18.357,74.57300000000001,0.15880999999999998,0.17105072541450161
1576,18.357,74.904,0.47367,0.20244505239388633
1577,18.357,75.64699999999999,0.40349,0.27998374102141044
1578,18.357,75.656,0.24559,0.28050353038645903
1579,18.357,74.598,0.18853,0.17289325481965523
1580,18.357,74.694,0.1751,0.18088043073009408
1581,18.357,74.876,0.14926,0.1993160718742868
1582,18.357,74.792,0.097714,0.1903484336830642
1583,18.358,74.637,0.11359000000000001,0.17588759190080405
1584,18.358,74.70100000000001,0.16376,0.18142184656363392
1585,18.358,74.793,0.2647,0.19034023334514616
1586,18.358,75.64399999999999,0.26313000000000003,0.2795870020961756
1587,18.358,74.633,0.13197,0.17556189657407095
1588,18.358,74.597,0.23619,0.17274370983303056
1589,18.358,74.619,0.30543000000000003,0.1744415313377834
1590,18.358,74.637,0.1445,0.17588759190080405
1591,18.358,74.763,0.077346,0.1873183038850219
1592,18.358,74.507,0.16238,0.166643648536956
1593,18.358,74.575,0.18732000000000001,0.17112473569226838
1594,18.358,74.597,0.10178999999999999,0.17274370983303056
1595,18.358,74.619,0.061063,0.1744415313377834
1596,18.359,74.763,0.18732000000000001,0.18721339070149878
1597,18.359,74.696,0.15473,0.18087590192891045
1598,18.359,74.764,0.12623,0.18731225514167027
1599,18.359,74.57600000000001,0.13437000000000002,0.171127167250418
1600,18.359,74.57600000000001,0.097714,0.171127167250418
1601,18.359,74.764,0.14252,0.18731225514167027
1602,18.359,75.071,0.1186,0.22171323278503197
1603,18.36,74.604,0.11787,0.1731260964051886
1604,18.36,74.911,0.14282999999999998,0.2028436115455582
1605,18.36,74.874,0.083762,0.19872097036122205
1606,18.36,74.494,0.27692,0.16577449697849245
1607,18.36,74.703,0.089042,0.18141698648535975
1608,18.36,75.245,0.12215,0.24217259077077302
1609,18.36,75.672,0.35086,0.28072039867359444
1610,18.36,75.676,0.3684,0.2809303070879239
1611,18.361,74.494,0.32987,0.16572196651971538
1612,18.361,74.51,0.15711,0.16665596307889374
1613,18.361,74.577,0.26877,0.17106081935862893
1614,18.361,75.634,0.28068000000000004,0.27832898270412876
1615,18.361,74.578,0.10994000000000001,0.17113241343494567
1616,18.361,74.601,0.29729,0.17282480508370124
1617,18.361,74.766,0.073277,0.18730057720981885
1618,18.361,74.775,0.27285,0.18819451278559474
1619,18.362000000000002,74.601,0.28914,0.17275158178667738
1620,18.362000000000002,74.622,0.30136,0.17436774557774315
1621,18.362000000000002,74.766,0.13844,0.18719627486048107
1622,18.362000000000002,74.578,0.17917,0.17106366238528192
1623,18.362000000000002,74.692,0.11807999999999999,0.18024343985420888
1624,18.362000000000002,74.77600000000001,0.040695,0.18818830263066022
1625,18.362000000000002,75.664,0.28068000000000004,0.2798515365567472
1626,18.363,74.49600000000001,0.077346,0.16573130631761668
1627,18.363,74.77,0.18636,0.18748703514835152
1628,18.363,74.777,0.077346,0.18818223343959495
1629,18.363,74.693,0.15067,0.1802421321183586
1630,18.363,74.798,0.08956900000000001,0.19030134744327676
1631,18.363,75.069,0.11692999999999999,0.22085324938760198
1632,18.363,74.429,0.16789,0.16234015606207586
1633,18.364,74.694,0.11400999999999999,0.1802409614524627
1634,18.364,74.828,0.13355999999999998,0.1932966515562744
1635,18.364,74.694,0.069209,0.1802409614524627
1636,18.364,74.702,0.10214,0.1809569520849198
1637,18.364,74.57,0.16764,0.17036384459086562
1638,18.364,74.79899999999999,0.16696,0.1902939953079189
1639,18.365,74.581,0.19546,0.17107296349980106
1640,18.365,74.625,0.044772,0.1743729290724133
1641,18.365,74.694,0.12215,0.18015110125485478
1642,18.365,74.76899999999999,0.22398,0.18718042393636114
1643,18.365,74.604,0.25248000000000004,0.17275885376859912
1644,18.365,74.737,0.11787,0.18409289232996173
1645,18.365,74.917,0.1231,0.20287002255318665
1646,18.365,75.62100000000001,0.1587,0.27665240099979405
1647,18.365,74.24,0.1755,0.15757434824523453
1648,18.365,74.626,0.024403,0.17445153242913936
1649,18.365,74.703,0.24841,0.18095552843723006
1650,18.365,74.707,0.10214,0.18131662379218594
1651,18.365,74.801,0.06513200000000001,0.1903887766526866
1652,18.366,74.40100000000001,0.45611999999999997,0.16108045353645306
1653,18.366,74.499,0.14252,0.16574622214234602
1654,18.366,74.773,0.13358,0.18747103492361228
1655,18.366,74.499,0.097714,0.16574622214234602
1656,18.366,74.582,0.077346,0.17107632228193803
1657,18.366,74.595,0.13355999999999998,0.17201817402680086
1658,18.366,74.765,0.0855,0.18668509571585323
1659,18.366,74.801,0.19139,0.19027971822581113
1660,18.366,74.682,0.19379000000000002,0.17900888843321272
1661,18.366,74.80199999999999,0.26877,0.19038163921272644
1662,18.367,74.5,0.23619,0.16575143706972695
1663,18.367,74.766,0.2647,0.18668054945591483
1664,18.367,74.848,0.24559,0.1950646573203234
1665,18.367,74.583,0.19546,0.1710798107977578
1666,18.367,74.917,0.14282999999999998,0.20261218971587358
1667,18.367,74.60600000000001,0.20768000000000003,0.17276435791186828
1668,18.367,74.648,0.08118099999999999,0.17605874877537486
1669,18.367,74.75,0.14376,0.18513269570933855
1670,18.368,75.169,0.10022,0.23191546044821754
1671,18.368,74.426,0.1846,0.16202177003986196
1672,18.368,74.702,0.14926,0.18059377189575876
1673,18.368,74.764,0.10178999999999999,0.1863837487184965
1674,18.368,74.782,0.15978,0.18815401147680966
1675,18.368,74.607,0.21583000000000002,0.17276730776704807
1676,18.368,74.803,0.21583000000000002,0.19026601250062936
1677,18.369,74.773,0.22398,0.18716126982530923
1678,18.369,74.804,0.18732000000000001,0.19025937455867115
1679,18.369,74.773,0.12623,0.18716126982530923
1680,18.369,75.048,0.035891,0.2174578761286856
1681,18.369,74.66,0.16473,0.17688549603428283
1682,18.369,74.804,0.13844,0.19025937455867115
1683,18.369,74.569,0.19139,0.16996793615862826
1684,18.369,74.654,0.053435,0.17638952128184726
1685,18.369,75.654,0.12278,0.2777803461840239
1686,18.37,74.96,0.11777,0.20708594759291965
1687,18.37,74.96300000000001,0.15716,0.20742894255220057
1688,18.37,75.676,0.22804000000000002,0.27875243364921687
1689,18.37,74.426,0.1846,0.16194937099243223
1690,18.37,74.442,0.18544000000000002,0.16265010705780825
1691,18.37,74.586,0.08956900000000001,0.17109105794215784
1692,18.37,74.609,0.11807999999999999,0.1727736046088305
1693,18.37,74.50399999999999,0.14667,0.1658246861152487
1694,18.371,74.609,0.0855,0.1727020390856886
1695,18.371,74.708,0.17917,0.1808602606290053
1696,18.371,74.758,0.23212,0.18550288477511034
1697,18.371,74.587,0.21583000000000002,0.17109506857420997
1698,18.371,74.661,0.11525999999999999,0.17680541906200653
1699,18.371,74.462,0.09604299999999999,0.16355230165669676
1700,18.371,74.61,0.048839999999999995,0.17277695221462264
1701,18.371,74.77600000000001,0.16288,0.18725065025535648
1702,18.371,74.89,0.15716,0.19912036700225566
1703,18.371,75.20100000000001,0.075157,0.23515313293925455
1704,18.371,74.61,0.077346,0.17277695221462264
1705,18.371,75.646,0.19296,0.27689461495819756
1706,18.371,75.658,0.50876,0.2775758297201142
1707,18.372,74.58800000000001,0.20360999999999999,0.17109921052476118
1708,18.372,74.77,0.18636,0.18656261202824387
1709,18.372,74.862,0.067638,0.19597285228329953
1710,18.372,74.535,0.12834,0.16756303358817848
1711,18.372,74.709,0.25656,0.1808598589303675
1712,18.372,74.71600000000001,0.05001,0.18148980701236783
1713,18.372,74.771,0.097714,0.1866599491853499
1714,18.372,75.03399999999999,0.09690399999999999,0.215374024646651
1715,18.372,74.506,0.33394,0.16583619120263793
1716,18.372,74.593,0.099469,0.17145733046940048
1717,18.372,75.675,0.35086,0.27827128311296645
1718,18.372,74.347,0.17288,0.15918994975312284
1719,18.372,74.439,0.13355999999999998,0.162438654208087
1720,18.372,74.611,0.061063,0.17278043302282886
1721,18.372,74.77199999999999,0.2199,0.1867574043515836
1722,18.373,74.719,0.13097,0.18167029103484333
1723,18.373,74.568,0.21583000000000002,0.16964545513897844
1724,18.373,74.589,0.2647,0.17110348410617804
1725,18.373,74.71,0.14376,0.18085959729994905
1726,18.373,74.77199999999999,0.26877,0.18665625723617119
1727,18.373,74.778,0.23212,0.18724237266534982
1728,18.373,74.808,0.13844,0.1902342617260958
1729,18.374000000000002,74.568,0.24841,0.1695828321699775
1730,18.374000000000002,74.59,0.10178999999999999,0.17110788963589463
1731,18.374000000000002,74.711,0.15473,0.18085947602149377
1732,18.374000000000002,74.778,0.19546,0.18714053450630308
1733,18.374000000000002,74.86399999999999,0.094205,0.1959525006304239
1734,18.374000000000002,74.453,0.16789,0.16299803483816777
1735,18.374000000000002,74.569,0.22398,0.16965038420750733
1736,18.374000000000002,74.842,0.13882,0.19362758787926193
1737,18.374000000000002,74.665,0.08017,0.1768937194463739
1738,18.374000000000002,74.774,0.14252,0.18675003984728256
1739,18.374000000000002,74.779,0.19139,0.18723844909856535
1740,18.374000000000002,74.809,0.13844,0.19022834455947846
1741,18.374000000000002,74.946,0.14667,0.20496703792347082
1742,18.374000000000002,74.55,0.094205,0.16839617825921238
1743,18.374000000000002,74.564,0.089026,0.16931432684238978
1744,18.375,74.774,0.2647,0.18664930359903975
1745,18.375,74.57,0.26063000000000003,0.16965544371191577
1746,18.375,74.709,0.13097,0.1805919865667971
1747,18.375,74.71300000000001,0.10994000000000001,0.1809489357725197
1748,18.375999999999998,74.64399999999999,0.036827,0.175032340029858
1749,18.375999999999998,74.65100000000001,0.15711,0.17559171429177756
1750,18.375999999999998,74.811,0.20360999999999999,0.19021694529354216
1751,18.375999999999998,75.139,0.11025,0.22709259064249154
1752,18.375999999999998,74.509,0.34208,0.16580390408561618
1753,18.375999999999998,74.615,0.24434,0.17279569445609078
1754,18.375999999999998,74.635,0.10189,0.174324168516086
1755,18.375999999999998,74.811,0.21583000000000002,0.19021694529354216
1756,18.375999999999998,75.65899999999999,0.17540999999999998,0.27656799313459723
1757,18.375999999999998,74.51,0.23212,0.16586069005515613
1758,18.375999999999998,74.638,0.11192,0.17455883819311946
1759,18.377,74.51,0.19139,0.16581035461260196
1760,18.377,74.589,0.25248000000000004,0.17083891092189274
1761,18.377,74.616,0.028480000000000002,0.17279984589788355
1762,18.377,74.51,0.18325,0.16581035461260196
1763,18.377,74.572,0.14252,0.1696659552979214
1764,18.377,74.616,0.19954000000000002,0.17279984589788355
1765,18.377,74.63600000000001,0.16873,0.17432767867339793
1766,18.377,74.72800000000001,0.16473,0.1821228963030206
1767,18.377,74.51100000000001,0.18732000000000001,0.165867126847154
1768,18.377,74.572,0.18325,0.1696659552979214
1769,18.377,74.837,0.12914,0.19277116947520045
1770,18.378,74.429,0.1846,0.16179532929337193
1771,18.378,74.488,0.16764,0.16456188656521997
1772,18.378,74.616,0.032549,0.17272943190847723
1773,18.378,74.774,0.08956900000000001,0.18634940272312772
1774,18.378,75.673,0.35086,0.27689130856390887
1775,18.378,75.67699999999999,0.37006999999999995,0.2770960899107682
1776,18.378,74.715,0.15473,0.1808604001025248
1777,18.378,75.005,0.28068000000000004,0.21115845483230222
1778,18.378,74.617,0.21175,0.17280413238720105
1779,18.378,74.71600000000001,0.069209,0.18094969403026384
1780,18.378,74.782,0.16288,0.18712653304912996
1781,18.378,74.917,0.079334,0.2012233772753057
1782,18.379,74.57300000000001,0.056986,0.16960955483385987
1783,18.379,74.71600000000001,0.077346,0.18086098482587032
1784,18.379,74.595,0.081423,0.17113190740023
1785,18.379,74.608,0.063461,0.17206905772059877
1786,18.379,74.658,0.16238,0.17592349444492406
1787,18.379,74.55199999999999,0.06808099999999999,0.1682327878820331
1788,18.379,74.467,0.11262,0.16346027725199852
1789,18.379,74.618,0.1303,0.17280855422899855
1790,18.379,74.652,0.09019500000000001,0.17544060214027057
1791,18.379,74.814,0.13358,0.19020093792627102
1792,18.38,74.656,0.18636,0.1756846941975544
1793,18.38,74.59100000000001,0.26877,0.1707841745432851
1794,18.38,74.596,0.10586,0.17113711115445562
1795,18.38,74.654,0.081841,0.1755241036223617
1796,18.38,74.436,0.18209,0.16201877625002226
1797,18.38,74.76,0.15067,0.18481462777101687
1798,18.38,75.032,0.24225,0.2139950536544779
1799,18.381,74.61,0.093537,0.1720788920810541
1800,18.381,74.707,0.14400000000000002,0.1798908577231655
1801,18.381,74.75399999999999,0.1493,0.1841541475428463
1802,18.381,74.785,0.073277,0.18711755206662783
1803,18.381,74.661,0.16473,0.176010989539243
1804,18.381,74.514,0.2647,0.1658374139010902
1805,18.381,74.597,0.19954000000000002,0.17114244903198084
1806,18.381,74.62,0.22398,0.17281780517652012
1807,18.381,75.027,0.24559,0.21327647934180682
1808,18.381,75.227,0.066961,0.23645377426439607
1809,18.381,76.215,0.11692999999999999,0.2627409197822018
1810,18.381,74.803,0.19954000000000002,0.18888932002114078
1811,18.382,74.62100000000001,0.23619,0.17282263489029304
1812,18.382,75.275,0.15035,0.24167467157521272
1813,18.382,74.577,0.048839999999999995,0.1696945390373823
1814,18.382,74.825,0.13358,0.19099557283211632
1815,18.382,75.072,0.067304,0.21834796944551382
1816,18.382,75.525,0.12445,0.26616081252137547
1817,18.383,74.577,0.12623,0.16963330576724822
1818,18.383,74.62100000000001,0.11400999999999999,0.17275305024967968
1819,18.383,74.578,0.22398,0.16970065340287543
1820,18.383,74.516,0.16696,0.16585170246142256
1821,18.383,74.54899999999999,0.14926,0.16781679723275633
1822,18.383,74.578,0.2199,0.16970065340287543
1823,18.383,74.59899999999999,0.077346,0.17115352839137854
1824,18.384,74.624,0.089042,0.17290738399243877
1825,18.384,74.64,0.09690399999999999,0.174123616004196
1826,18.384,74.738,0.23212,0.18239699941469556
1827,18.384,74.579,0.21175,0.16970690103924346
1828,18.384,75.316,0.091866,0.24579865212569652
1829,18.384,74.654,0.093537,0.17522027798107265
1830,18.384,74.584,0.15067,0.17004604748467744
1831,18.384,74.722,0.21583000000000002,0.1809550471026412
1832,18.384,75.10300000000001,0.11692999999999999,0.22165517050685024
1833,18.385,74.43,0.12572,0.16160548382350426
1834,18.385,74.66,0.09019500000000001,0.1756232052902894
1835,18.385,74.722,0.281,0.18086748580760104
1836,18.385,74.809,0.17288,0.1890732799058017
1837,18.385,74.624,0.13437000000000002,0.17283794461359714
1838,18.385,74.723,0.10994000000000001,0.18095643985579735
1839,18.386,74.579,0.09690399999999999,0.1695854033383386
1840,18.386,74.721,0.14140999999999998,0.18069165847857305
1841,18.386,74.595,0.16764,0.17067926796521882
1842,18.386,74.672,0.12044,0.17651723402146335
1843,18.386,74.72399999999999,0.25248000000000004,0.18095797636583455
1844,18.386,74.814,0.19053,0.18946797025100082
1845,18.386,75.285,0.14533,0.2420831095730709
1846,18.387,74.581,0.069209,0.16965918759507437
1847,18.387,74.586,0.12623,0.1699971585488047
1848,18.387,74.72399999999999,0.27285,0.18087079949659335
1849,18.387,75.00399999999999,0.49121000000000004,0.20981865258915544
1850,18.387,75.01100000000001,0.6491100000000001,0.21061519625691316
1851,18.387,74.492,0.16473,0.16436962959745993
1852,18.387,74.505,0.13698,0.16505390903269612
1853,18.387,74.626,0.061063,0.172848837918533
1854,18.387,74.725,0.22398,0.18095965690743876
1855,18.387,74.609,0.10477,0.17160514992317533
1856,18.387999999999998,74.521,0.22804000000000002,0.16588965835623948
1857,18.387999999999998,74.627,0.1303,0.17285449151349142
1858,18.387999999999998,74.52199999999999,0.15067,0.16594628636262532
1859,18.387999999999998,74.566,0.12044,0.16861316636939017
1860,18.387999999999998,74.60600000000001,0.14140999999999998,0.1713255070384827
1861,18.387999999999998,74.627,0.20768000000000003,0.17285449151349142
1862,18.387999999999998,74.789,0.16764,0.18681127691800548
1863,18.389,74.646,0.10022,0.17422572936898162
1864,18.389,74.584,0.19139,0.16974014912859536
1865,18.389,74.727,0.26877,0.18096345117472312
1866,18.389,74.844,0.08380399999999999,0.1921826076613029
1867,18.389,74.922,0.10525999999999999,0.20042695959851875
1868,18.389,74.434,0.18336,0.16163898698493562
1869,18.389,74.584,0.09364600000000001,0.16974014912859536
1870,18.389,74.627,0.27692,0.172785909513681
1871,18.389,74.708,0.16376,0.17929989600515117
1872,18.389,75.21300000000001,0.059284,0.23353978094481476
1873,18.389,74.584,0.10994000000000001,0.16974014912859536
1874,18.389,74.676,0.15185,0.1766111044517854
1875,18.39,74.584,0.044772,0.16968000933349248
1876,18.39,74.627,0.19954000000000002,0.17271768225654105
1877,18.39,74.627,0.0855,0.17271768225654105
1878,18.39,74.59,0.15473,0.17008567564965293
1879,18.391,74.652,0.10472999999999999,0.1745465800645042
1880,18.391,74.524,0.21175,0.16591397711598
1881,18.391,74.729,0.2647,0.18096782483660168
1882,18.391,74.586,0.10586,0.1697543920985749
1883,18.392,74.525,0.18325,0.1659223428453498
1884,18.392,74.587,0.10994000000000001,0.1697617170426321
1885,18.392,74.587,0.18325,0.1697617170426321
1886,18.392,74.592,0.16696,0.17009996864222587
1887,18.392,74.587,0.1303,0.1697617170426321
1888,18.393,74.443,0.18544000000000002,0.16187706895801002
1889,18.393,74.58800000000001,0.048839999999999995,0.16976917803509317
1890,18.393,75.668,0.2105,0.2735199959118477
1891,18.393,74.58800000000001,0.11262,0.16976917803509317
1892,18.393,74.593,0.1303,0.17010731969292348
1893,18.393,74.869,0.1231,0.1943254248360261
1894,18.393,74.547,0.20432,0.16715607832830548
1895,18.393,74.593,0.19139,0.17010731969292348
1896,18.393,74.73100000000001,0.1303,0.18097278005673934
1897,18.394000000000002,74.817,0.16338,0.1889491900561353
1898,18.394000000000002,74.528,0.10178999999999999,0.1659960200111762
1899,18.394000000000002,74.589,0.08956900000000001,0.16977677538125502
1900,18.394000000000002,75.20100000000001,0.13364,0.23137570584233813
1901,18.394000000000002,74.732,0.27285,0.18097547642538547
1902,18.394000000000002,74.76899999999999,0.089042,0.18434048570894934
1903,18.394000000000002,75.115,0.29822,0.2215523672938836
1904,18.394000000000002,74.528,0.040695,0.1659960200111762
1905,18.394000000000002,74.889,0.24559,0.19630773924317602
1906,18.394000000000002,74.958,0.10774,0.20376052084121865
1907,18.394000000000002,75.125,0.35086,0.2227001136126574
1908,18.395,74.528,0.18325,0.1659482229627327
1909,18.395,74.589,0.12623,0.16971742329855
1910,18.395,74.922,0.13355999999999998,0.1997121573260925
1911,18.395,74.594,0.18732000000000001,0.17005451618550382
1912,18.395,74.876,0.11,0.19483340994999798
1913,18.395,74.529,0.0855,0.16600476563898692
1914,18.395,74.648,0.13355999999999998,0.17395307751707445
1915,18.395,74.733,0.20360999999999999,0.18097831898918604
1916,18.396,74.529,0.17102,0.1659571117106593
1917,18.396,74.9,0.13355999999999998,0.19724392486548026
1918,18.396,74.53,0.073277,0.1660136426000942
1919,18.396,74.59100000000001,0.12623,0.16979238035058986
1920,18.396,74.596,0.08956900000000001,0.17013019469903523
1921,18.397000000000002,74.547,0.13355999999999998,0.16695109630797988
1922,18.397000000000002,74.596,0.077346,0.17007022248595505
1923,18.397000000000002,74.679,0.09687899999999999,0.17624425668361166
1924,18.397000000000002,74.735,0.22804000000000002,0.18098444377576905
1925,18.398,74.592,0.15880999999999998,0.16974151176604735
1926,18.398,74.66,0.08017,0.17466585868227003
1927,18.398,74.73100000000001,0.08118099999999999,0.18054738691851047
1928,18.398,74.736,0.21175,0.18098772652763395
1929,18.398,75.104,0.10774,0.2197090759239122
1930,18.398,74.597,0.073277,0.17007828233680444
1931,18.398,74.917,0.15035,0.1988244878565718
1932,18.398,74.646,0.030043,0.173592697930945
1933,18.398,75.258,0.14365999999999998,0.23709313311379776
1934,18.399,74.532,0.19546,0.16598456854824684
1935,18.399,74.593,0.06513200000000001,0.16974981642351405
1936,18.399,74.631,0.12044,0.17241056783728115
1937,18.399,74.594,0.18325,0.16981681804943816
1938,18.399,74.648,0.15202000000000002,0.17367525659633798
1939,18.399,74.737,0.23212,0.18099115654071452
1940,18.399,74.83800000000001,0.065466,0.19052727409085246
1941,18.399,75.616,0.10355999999999999,0.2693343460519818
1942,18.4,74.492,0.30543000000000003,0.163833606906315
1943,18.4,74.649,0.14533,0.1736822950847059
1944,18.4,75.016,0.14406,0.20945229707876867
1945,18.4,74.649,0.11025,0.1736822950847059
1946,18.4,74.738,0.11400999999999999,0.1809947340779483
1947,18.4,74.848,0.13882,0.1914280441698899
1948,18.4,75.191,0.074322,0.2293033224549852
1949,18.401,74.616,0.078499,0.17120745393590153
1950,18.401,74.977,0.14868,0.20498671902162646
1951,18.401,74.6,0.29320999999999997,0.1701032922996112
1952,18.401,74.617,0.051764,0.17127784227986687
1953,18.401,74.889,0.14406,0.19552712477007994
1954,18.401,74.596,0.10994000000000001,0.1698338002003189
1955,18.401,74.648,0.1445,0.1735384862912306
1956,18.401,75.053,0.17540999999999998,0.21348773388245135
1957,18.401,74.596,0.16696,0.1698338002003189
1958,18.401,74.617,0.066836,0.17127784227986687
1959,18.401,74.663,0.07014400000000001,0.1746857425040339
1960,18.402,74.597,0.19954000000000002,0.16984249928345785
1961,18.402,74.601,0.13437000000000002,0.1701119067567144
1962,18.402,74.61399999999999,0.075157,0.1710055767191736
1963,18.402,74.467,0.13868,0.1626004764765343
1964,18.402,74.494,0.30136,0.16385351651203728
1965,18.402,74.602,0.18732000000000001,0.17017967024028158
1966,18.403,74.60300000000001,0.25656,0.17018840260250523
1967,18.403,74.495,0.15067,0.1638636649202655
1968,18.403,74.65100000000001,0.10022,0.17362875588380733
1969,18.403,74.653,0.094205,0.17377993114813206
1970,18.403,74.957,0.11262,0.2025514469584655
1971,18.404,74.60300000000001,0.20768000000000003,0.1701295541633382
1972,18.404,74.65100000000001,0.093537,0.1735610678845364
1973,18.404,74.66,0.11,0.17424450220079213
1974,18.404,74.646,0.10472999999999999,0.17318672434042237
1975,18.404,75.30199999999999,0.11944,0.24085836173263608
1976,18.404,74.44800000000001,0.16789,0.16174184764526423
1977,18.404,74.743,0.22398,0.18109869779304066
1978,18.405,74.497,0.12623,0.16388435056935602
1979,18.405,74.6,0.16288,0.16986943214574135
1980,18.405,74.604,0.20768000000000003,0.17013858770539025
1981,18.405,73.597,0.20047,0.20081878305791412
1982,18.406,73.682,0.19296,0.1910149614248845
1983,18.406,74.584,0.15067,0.16876468743292106
1984,18.406,74.619,0.10022,0.171110053663738
1985,18.406,74.639,0.07014400000000001,0.1725392051634962
1986,18.406,75.153,0.47367,0.22410755032812502
1987,18.406,74.468,0.081423,0.1625114707649764
1988,18.406,74.584,0.0855,0.16876468743292106
1989,18.406,74.744,0.20360999999999999,0.18101931198688093
1990,18.406,74.498,0.12215,0.16389488845432643
1991,18.406,73.757,0.33331,0.18315941141065717
1992,18.407,74.584,0.048839999999999995,0.16871040029040096
1993,18.407,74.639,0.13882,0.17247477509008824
1994,18.407,74.711,0.094205,0.17810911029627152
1995,18.407,74.75,0.1231,0.1814653593593457
1996,18.407,74.585,0.281,0.16877440788508424
1997,18.407,74.954,0.11,0.20174943063196737
1998,18.407,74.686,0.13097,0.17606684854924926
1999,18.408,74.663,0.14140999999999998,0.174199108875417
2000,18.408,74.764,0.13882,0.18263172002435368
2001,18.408,74.567,0.12044,0.16759741564148523
2002,18.408,74.501,0.061063,0.16396534635639815
2003,18.408,74.933,0.14784,0.19938060091938337
2004,18.409000000000002,74.697,0.1755,0.17680578867417085
2005,18.409000000000002,74.747,0.11807999999999999,0.18103361365793114
2006,18.409000000000002,75.069,0.15787,0.21420977741862313
2007,18.409000000000002,74.65100000000001,0.055105999999999995,0.17322796303847476
2008,18.409000000000002,73.67399999999999,0.75438,0.19224509441614224
2009,18.409000000000002,74.502,0.11400999999999999,0.16397627193201247
2010,18.41,74.748,0.15067,0.18103868078088514
2011,18.41,74.83,0.12834,0.18864281689493778
2012,18.41,74.426,0.18209,0.16076608364260658
2013,18.41,74.525,0.20164,0.16511113613448825
2014,18.41,74.959,0.16764,0.20193528099945135
2015,18.41,74.502,0.18732000000000001,0.16393834793396966
2016,18.41,74.626,0.13614,0.17135695535692785
2017,18.41,75.042,0.20164,0.21105562142033552
2018,18.410999999999998,74.657,0.09019500000000001,0.17354382702090587
2019,18.410999999999998,74.503,0.11400999999999999,0.16394954139268536
2020,18.410999999999998,74.627,0.086352,0.17136645719436638
2021,18.410999999999998,74.749,0.15067,0.18104389827833756
2022,18.410999999999998,74.689,0.11787,0.17601686042391174
2023,18.412,74.50399999999999,0.20360999999999999,0.163960866924872
2024,18.412,74.991,0.15716,0.20517010791611523
2025,18.412,75.29899999999999,0.08017,0.23922136202354172
2026,18.413,74.622,0.066803,0.17089852429247998
2027,18.413,74.689,0.10477,0.17587384293931485
2028,18.414,75.122,0.28068000000000004,0.21947162580392077
2029,18.414,74.506,0.17917,0.16398391548756497
2030,18.414,74.758,0.14667,0.18158854293106974
2031,18.414,74.595,0.19384,0.16903902655960623
2032,18.414,75.26,0.14365999999999998,0.23473545005272023
2033,18.415,74.46600000000001,0.1562,0.16214809868497515
2034,18.415,74.559,0.19889,0.16678056997902702
2035,18.416,74.676,0.099469,0.17465074513383383
2036,18.416,75.111,0.07527400000000001,0.21796354564950216
2037,18.416,74.509,0.1751,0.16405645202930774
2038,18.417,74.917,0.15425,0.19669513875486733
2039,18.417,75.664,0.38594,0.2685657400295811
2040,18.418,73.88600000000001,0.29236999999999996,0.17283609700145885
2041,18.418,75.12100000000001,0.08017,0.2188039983871245
2042,18.418,74.73899999999999,0.29822,0.17961649168433447
2043,18.418,74.51,0.14252,0.1640316114858391
2044,18.418,75.322,0.11692999999999999,0.24064458911670017
2045,18.419,74.566,0.12044,0.16700238373552057
2046,18.419,74.568,0.15949000000000002,0.16711999874288108
2047,18.419,74.639,0.09687899999999999,0.17172908104782347
2048,18.419,74.46,0.13530999999999999,0.1617938213877287
2049,18.42,74.512,0.14252,0.1640562639732882
2050,18.42,75.07600000000001,0.33331,0.2135301068961477
2051,18.42,75.098,0.49121000000000004,0.21597184928633884
2052,18.42,74.683,0.14926,0.17491910676226008
2053,18.421,76.031,0.10022,0.26926038679142944
2054,18.421,74.69800000000001,0.17549,0.17602264664334333
2055,18.422,74.601,0.083762,0.16900099795352264
2056,18.422,74.641,0.10477,0.17169112514972018
2057,18.422,74.809,0.1362,0.18553161943727614
2058,18.422,75.301,0.050094,0.23782337058932246
2059,18.423,74.656,0.13197,0.17270337018262294
2060,18.423,74.336,0.18598,0.15841661026432197
2061,18.423,74.623,0.050428,0.17039279294646148
2062,18.423,74.607,0.10305999999999998,0.16933495943441734
2063,18.424,74.75399999999999,0.1493,0.18043220666895599
2064,18.425,74.438,0.11787,0.16084387490796115
2065,18.425,74.64699999999999,0.09687899999999999,0.17193690022087704
2066,18.425,74.74,0.63157,0.17916263570132862
2067,18.426,74.127,0.31577,0.160179484084093
2068,18.426,74.232,0.26313000000000003,0.15814397138677094
2069,18.426,75.031,0.06179,0.20782598789095907
2070,18.426,74.936,0.053502,0.19769754797038352
2071,18.426,74.51899999999999,0.097714,0.16418239171304416
2072,18.426,74.92699999999999,0.10477,0.196765583582022
2073,18.427,74.36,0.16764,0.1587841108692245
2074,18.427,74.682,0.15711,0.17437910882649432
2075,18.427,74.848,0.15419000000000002,0.18877058117619971
2076,18.427,74.952,0.17288,0.1992581106596718
2077,18.428,74.52,0.20387,0.16416029561433476
2078,18.428,74.684,0.16473,0.17446588171238275
2079,18.428,74.83,0.10525999999999999,0.18696350427816888
2080,18.428,75.13600000000001,0.15452,0.2190964374924147
2081,18.429000000000002,74.571,0.10214,0.16683811820568006
2082,18.429000000000002,74.521,0.1751,0.16417391463494513
2083,18.429000000000002,75.085,0.28068000000000004,0.21335542903213722
2084,18.429000000000002,74.52199999999999,0.15067,0.16422282882065997
2085,18.429000000000002,74.57300000000001,0.15949000000000002,0.1669537942733701
2086,18.43,73.73100000000001,0.19296,0.18831608474079398
2087,18.43,74.58,0.11,0.16731830516028423
2088,18.43,74.68,0.12829000000000002,0.17403588353371424
2089,18.43,74.704,0.10472999999999999,0.17587642187477837
2090,18.43,74.847,0.11262,0.18839700848640595
2091,18.43,74.92699999999999,0.094205,0.1963437948978456
2092,18.430999999999997,75.165,0.055357,0.2218676680436208
2093,18.430999999999997,74.73899999999999,0.094205,0.17863174256092995
2094,18.432000000000002,73.712,0.15787,0.19059528068974796
2095,18.432000000000002,74.785,0.11,0.1825042531134461
2096,18.432000000000002,74.817,0.15425,0.18539884447267807
2097,18.432000000000002,74.082,0.28068000000000004,0.16204164411882993
2098,18.432000000000002,74.633,0.070646,0.1705709397464128
2099,18.432000000000002,74.79,0.15425,0.18294877171161683
2100,18.433,74.59899999999999,0.16764,0.1683247389613003
2101,18.433,74.63,0.14140999999999998,0.17031575588575043
2102,18.433,75.22,0.15452,0.2275556970609015
2103,18.433,75.449,0.1186,0.25035378951281917
2104,18.433,75.07600000000001,0.28068000000000004,0.21186336817379037
2105,18.434,74.842,0.14144,0.1875586128983875
2106,18.434,75.105,0.091866,0.21490150017050436
2107,18.435,74.12100000000001,0.8421,0.16072410427512507
2108,18.435,74.78,0.13355999999999998,0.1818244566368632
2109,18.436,74.829,0.15454,0.18616411026420188
2110,18.436,74.344,0.15244000000000002,0.15850796182088644
2111,18.437,74.509,0.16473,0.16334800934690696
2112,18.437,74.655,0.048423,0.17180423187355043
2113,18.437,74.558,0.19646,0.16577834254528756
2114,18.438,75.825,0.15035,0.26970299537891773
2115,18.438,73.563,0.05427100000000001,0.20940811220971367
2116,18.438,74.939,0.28068000000000004,0.19674085982191092
2117,18.438,74.95,0.17540999999999998,0.19786938212510485
2118,18.438,75.056,0.42103,0.209079243372586
2119,18.439,74.411,0.19646,0.15980480279332032
2120,18.439,74.668,0.15711,0.1726093923763281
2121,18.439,73.564,0.062625,0.2094098093411476
2122,18.439,74.704,0.16764,0.17528197846662685
2123,18.439,74.81,0.15686,0.18417004071511855
2124,18.44,74.567,0.15711,0.16614984427147228
2125,18.44,74.702,0.10983,0.1750646586433604
2126,18.44,74.415,0.10214,0.15989828202217515
2127,18.441,74.727,0.13832,0.1769503424870409
2128,18.441,75.098,0.15035,0.21325066925700686
2129,18.441,75.234,0.15202000000000002,0.22790370142146388
2130,18.442,74.329,0.11902,0.15835489957906723
2131,18.442,74.77199999999999,0.14400000000000002,0.18059480674908557
2132,18.442,74.946,0.12278,0.19704368860098465
2133,18.442,74.952,0.5263,0.19765739606335264
2134,18.442,74.554,0.19646,0.16537528516689481
2135,18.442,74.719,0.15454,0.17625103305736012
2136,18.442999999999998,74.699,0.15949000000000002,0.17464809262733572
2137,18.442999999999998,75.141,0.22554000000000002,0.21764827852075408
2138,18.442999999999998,73.587,0.075157,0.2069354018816031
2139,18.442999999999998,75.059,0.5789300000000001,0.2088031129425355
2140,18.444000000000003,74.628,0.09690399999999999,0.16961824631557443
2141,18.444000000000003,74.314,0.12946,0.15825879642596175
2142,18.444000000000003,74.587,0.14926,0.16711266391021407
2143,18.444000000000003,74.665,0.089042,0.17211146258223575
2144,18.444000000000003,74.722,0.16764,0.17635475418888946
2145,18.444000000000003,74.722,0.075942,0.17635475418888946
2146,18.444000000000003,74.801,0.11262,0.18296206315427055
2147,18.445,74.512,0.12829000000000002,0.16324728493151575
2148,18.445,74.697,0.13358,0.17437460183103337
2149,18.445,74.225,0.22528,0.1586213747144849
2150,18.445999999999998,74.49600000000001,0.11262,0.16253739822505997
2151,18.445999999999998,74.71300000000001,0.1204,0.17552617984390306
2152,18.445999999999998,75.256,0.1988,0.22950524894539848
2153,18.445999999999998,75.259,0.40349,0.22981820638230266
2154,18.445999999999998,74.775,0.16764,0.18055271643604887
2155,18.445999999999998,74.507,0.16706,0.16300097973508787
2156,18.447,74.416,0.19646,0.15984585269512153
2157,18.447,74.563,0.16502,0.1656650885358798
2158,18.447,74.658,0.14667,0.17146097388544235
2159,18.448,74.92,0.12445,0.1938274941961211
2160,18.448,74.577,0.17808,0.16638537490127603
2161,18.448,74.625,0.12303,0.16923273969937136
2162,18.448,74.464,0.11944,0.1612796189487682
2163,18.449,74.767,0.12641,0.1796600413766527
2164,18.449,75.05,0.28068000000000004,0.20714057186076895
2165,18.449,74.52199999999999,0.15185,0.1635809661337665
2166,18.449,74.57600000000001,0.10472999999999999,0.16629148077969624
2167,18.449,74.656,0.10737999999999999,0.1712180790359159
2168,18.449,74.884,0.13355999999999998,0.19021473774217834
2169,18.449,75.207,0.26564,0.22392640358811589
2170,18.45,75.256,0.15202000000000002,0.2289372526830462
2171,18.45,75.206,0.35086,0.22368488178943047
2172,18.451,75.24,0.075157,0.22712894419141805
2173,18.451,74.895,0.1231,0.19109412595979847
2174,18.451,74.92699999999999,0.56139,0.19423362905573116
2175,18.451,75.219,0.5789300000000001,0.22492342131499543
2176,18.451,74.578,0.13882,0.16632456475970303
2177,18.451,74.642,0.16473,0.1701816661228418
2178,18.452,75.27,0.29822,0.230102603518073
2179,18.453,74.652,0.099469,0.17074246252549552
2180,18.453,73.567,0.14617,0.21088477718444842
2181,18.453,74.73,0.086352,0.17639787570282006
2182,18.453,75.31,0.10858,0.23402508212078066
2183,18.453,74.888,0.33331,0.19023881653045627
2184,18.453,73.975,0.11692999999999999,0.16904159421287834
2185,18.453,75.333,0.091866,0.236310861142901
2186,18.454,74.954,0.11,0.1966430580487214
2187,18.454,74.263,0.052182000000000006,0.1584331604968252
2188,18.454,74.721,0.06021900000000001,0.17563865528411993
2189,18.454,74.774,0.18335,0.1798893177990354
2190,18.454,74.97399999999999,0.28068000000000004,0.19867180736132928
2191,18.454,74.21300000000001,0.20956,0.15904417902399282
2192,18.454,74.442,0.17048,0.16047941240841268
2193,18.454,75.263,0.35086,0.2290993470295103
2194,18.455,74.973,0.13097,0.19846793337729085
2195,18.455,73.565,0.062625,0.2114204605289668
2196,18.455,75.257,0.15787,0.22834045424146465
2197,18.455,75.264,0.5263,0.22906236958374349
2198,18.456,74.575,0.16572,0.1659762092506929
2199,18.456,74.211,0.14406,0.1591381086246071
2200,18.456,74.234,0.14406,0.15877385967317825
2201,18.456,74.892,0.15787,0.19035430198618952
2202,18.457,74.783,0.14667,0.18043147494989453
2203,18.457,75.223,0.14032,0.22453173758490608
2204,18.457,74.807,0.13355999999999998,0.18248686388931867
2205,18.457,75.251,0.47367,0.22744383083662445
2206,18.458,74.855,0.3684,0.18670783981726902
2207,18.458,75.225,0.24559,0.22460656831187042
2208,18.458,75.258,0.28068000000000004,0.22802822219975183
2209,18.458,75.57600000000001,0.087689,0.2560018166366015
2210,18.458,74.22,0.12834,0.15903864313057658
2211,18.459,74.273,0.20674,0.1584660966365371
2212,18.459,74.836,0.15454,0.18489887392994198
2213,18.459,75.005,0.17800000000000002,0.2013329748434316
2214,18.459,74.22399999999999,0.18336,0.15900124454554398
2215,18.459,74.421,0.083762,0.15986337028391373
2216,18.459,74.55199999999999,0.15945,0.1646967610186041
2217,18.459,74.366,0.14376,0.1588234037482903
2218,18.46,74.646,0.13853,0.17000716226723978
2219,18.46,74.69,0.11787,0.17299584837529147
2220,18.46,75.274,0.35086,0.22938969790473918
2221,18.46,74.676,0.10472999999999999,0.1720131013730687
2222,18.461,75.032,0.087689,0.20391302458405025
2223,18.461,74.22399999999999,0.1493,0.15905761606840763
2224,18.461,75.27199999999999,0.49121000000000004,0.22904759000448793
2225,18.461,75.223,0.10355999999999999,0.22399831597156716
2226,18.462,74.212,0.19384,0.1593005112702256
2227,18.462,74.527,0.14667,0.1634498938105109
2228,18.462,74.69800000000001,0.16238,0.1734591472961997
2229,18.462,75.225,0.11359000000000001,0.22407393216338367
2230,18.463,74.21300000000001,0.1886,0.15931227191397257
2231,18.463,75.234,0.42103,0.22487442837403593
2232,18.463,75.30199999999999,0.08518200000000001,0.23179343449118273
2233,18.464000000000002,73.465,0.13364,0.2266665543603963
2234,18.464000000000002,74.219,0.1886,0.159231462075614
2235,18.464000000000002,74.673,0.10051,0.17160223371974592
2236,18.464000000000002,75.116,0.074472,0.21237743532869457
2237,18.464000000000002,75.209,0.14282999999999998,0.2221469895996373
2238,18.464000000000002,74.967,0.15787,0.19696716224546473
2239,18.465,73.582,0.13949,0.21049209064841445
2240,18.465,74.441,0.1367,0.16032830050577618
2241,18.465,74.693,0.13355999999999998,0.17293899961074177
2242,18.465999999999998,74.708,0.14144,0.17396196827733246
2243,18.467,74.525,0.099469,0.1632398630678531
2244,18.467,75.164,0.066803,0.21706259740461775
2245,18.467,74.569,0.12044,0.16529300982068007
2246,18.467,74.618,0.12834,0.16797503145593706
2247,18.468,75.199,0.08017,0.2205935057885614
2248,18.469,74.898,0.09687899999999999,0.18979406588560666
2249,18.469,74.831,0.10607,0.18368705474899216
2250,18.469,75.071,0.14784,0.2070962594131528
2251,18.469,75.025,0.10774,0.2023460354690677
2252,18.469,75.245,0.11777,0.22521243073970076
2253,18.47,74.889,0.26397,0.1888657267760686
2254,18.47,74.667,0.13355999999999998,0.1709071798937567
2255,18.47,75.197,0.11359000000000001,0.22013351555465632
2256,18.472,75.2,0.21802,0.22019394864880049
2257,18.472,75.226,0.26313000000000003,0.22287527004742824
2258,18.472,74.696,0.10472999999999999,0.17278358932164528
2259,18.473,75.23,0.43858,0.2231574336775235
2260,18.473,75.248,0.3684,0.22499482739424215
2261,18.473,75.251,0.24559,0.22529970708444913
2262,18.473,75.001,0.11262,0.19950297419100682
2263,18.473,75.26100000000001,0.091866,0.22631291020006372
2264,18.473,74.72800000000001,0.094205,0.1750431451578196
2265,18.473,75.212,0.19296,0.22130782590728448
2266,18.474,74.517,0.13097,0.1627555725752825
2267,18.474,74.203,0.14144,0.15988796333371635
2268,18.474,75.175,0.02503,0.21735606631063054
2269,18.474,74.363,0.43858,0.15885837987156348
2270,18.474,74.71600000000001,0.13364,0.17410538404640652
2271,18.474,75.13600000000001,0.11692999999999999,0.2133006144353461
2272,18.475,73.77,0.16288,0.18896571496616643
2273,18.475,74.676,0.13358,0.1712686457487671
2274,18.475,75.255,0.40349,0.2254444519372908
2275,18.475,75.498,0.28068000000000004,0.24764888719234823
2276,18.475,75.528,0.14032,0.24991032571092198
2277,18.476,74.921,0.5789300000000001,0.1913754216621678
2278,18.476,75.207,0.09687899999999999,0.22041779045783272
2279,18.476,75.208,0.17540999999999998,0.22052062019836927
2280,18.476,75.12100000000001,0.10022,0.21151155111417108
2281,18.476,75.172,0.11192,0.21680391007993238
2282,18.477,75.123,0.13364,0.2116055511851339
2283,18.477,74.92,0.15787,0.19119499863879452
2284,18.477999999999998,74.342,0.18794,0.15873669839722937
2285,18.477999999999998,74.597,0.20690999999999998,0.16639683607892497
2286,18.48,75.25399999999999,0.24559,0.22469862401277396
2287,18.48,75.223,0.49121000000000004,0.22155870191078908
2288,18.48,74.794,0.09690399999999999,0.17978322533602387
2289,18.480999999999998,75.113,0.10022,0.21012406090022695
2290,18.480999999999998,74.736,0.17026,0.17519290888880956
2291,18.483,75.018,0.1755,0.20023398282190752
2292,18.483,75.25399999999999,0.56139,0.2243170040818444
2293,18.483,75.003,0.22888000000000003,0.19873655183491679
2294,18.483,75.24,0.5263,0.2229085145170121
2295,18.483,75.24600000000001,0.8771899999999999,0.22351318840584433
2296,18.484,75.211,0.33331,0.21984551875683278
2297,18.484,74.22399999999999,0.20432,0.15977712429972835
2298,18.484,74.441,0.24775999999999998,0.16020258349131522
2299,18.484,75.223,0.42103,0.22106482057687615
2300,18.484,75.24,0.14032,0.22278374174049154
2301,18.484,75.242,0.61402,0.2229852396460611
2302,18.484,75.101,0.17540999999999998,0.20856301664620303
2303,18.484,75.235,0.28068000000000004,0.22227929819161785
2304,18.485,75.089,0.5263,0.2072276451461016
2305,18.485,75.207,0.22804000000000002,0.21931758881228136
2306,18.485,75.23,0.17540999999999998,0.221650689750853
2307,18.485,74.305,0.15454,0.15882402376545146
2308,18.486,74.462,0.15716,0.16073234142793358
2309,18.486,74.616,0.2148,0.16716608431812519
2310,18.486,74.857,0.13364,0.18472326940228545
2311,18.486,75.249,0.5263,0.22343888053459815
2312,18.486,74.288,0.2318,0.15894115336829884
2313,18.486,74.873,0.17540999999999998,0.1861414661359747
2314,18.486,75.01100000000001,0.08518200000000001,0.19924782000016006
2315,18.487000000000002,74.586,0.14926,0.1655552329040363
2316,18.487000000000002,74.21300000000001,0.19646,0.16012427599549872
2317,18.487000000000002,75.26,0.45611999999999997,0.22441247729937086
2318,18.487000000000002,74.204,0.1755,0.16034257176257638
2319,18.488,74.22,0.18336,0.16000188207994093
2320,18.488,74.227,0.14406,0.15985290127003882
2321,18.488,74.37100000000001,0.23448000000000002,0.1590516497461456
2322,18.488,74.685,0.15711,0.17127220287847478
2323,18.488,75.223,0.43858,0.22057776455556122
2324,18.489,74.207,0.15192,0.16034394958719578
2325,18.489,75.072,0.054328999999999995,0.20508248459899836
2326,18.489,74.328,0.12695,0.15885929867690396
2327,18.49,74.225,0.1624,0.15996471237059995
2328,18.49,74.214,0.22528,0.16021184769891783
2329,18.49,74.66199999999999,0.10737999999999999,0.16971870934773692
2330,18.491,75.249,0.17540999999999998,0.22282067398621508
2331,18.491,74.223,0.16764,0.16004361416974855
2332,18.491,75.236,0.28068000000000004,0.22152200635150032
2333,18.491,74.527,0.13358,0.16283858783151095
2334,18.491,74.804,0.16756,0.1799017583081065
2335,18.491,75.108,0.11692999999999999,0.2085313921163493
2336,18.492,74.207,0.23576,0.16045977919436916
2337,18.492,74.95,0.20131,0.19277632467999162
2338,18.492,75.222,0.5789300000000001,0.21999700355285112
2339,18.492,74.795,0.08118099999999999,0.17911451662167632
2340,18.492,75.226,0.54384,0.22039886580523915
2341,18.492,74.21300000000001,0.14406,0.16031096562453717
2342,18.492,74.22800000000001,0.1624,0.1599719398501236
2343,18.492,74.59,0.16473,0.1656181304027563
2344,18.492,74.92699999999999,0.20432,0.1906118391955145
2345,18.492,75.22399999999999,0.24559,0.2201980004989711
2346,18.492,75.252,0.35086,0.22299667531625955
2347,18.493,75.256,0.2105,0.2232711625573034
2348,18.493,74.221,0.18074,0.16016096474956665
2349,18.494,74.209,0.20956,0.16048705609061997
2350,18.494,74.798,0.10472999999999999,0.17923423196526111
2351,18.494,75.211,0.45611999999999997,0.2186544951827576
2352,18.494,75.238,0.33331,0.22136014015959316
2353,18.494,74.91199999999999,0.13853,0.18906669209632154
2354,18.494,75.23,0.15202000000000002,0.22056102112396248
2355,18.494,75.036,0.10477,0.20097530672739017
2356,18.495,74.785,0.13355999999999998,0.1781452881462593
2357,18.496,74.209,0.1624,0.1605657239543269
2358,18.496,75.047,0.086853,0.20187944344975006
2359,18.496,74.377,0.19471,0.15918744289147724
2360,18.497,75.082,0.24559,0.2052847952884559
2361,18.498,74.58800000000001,0.09690399999999999,0.16536492272716596
2362,18.498,75.097,0.09687899999999999,0.20669317044464686
2363,18.499000000000002,74.718,0.18594000000000002,0.17300052314359304
2364,18.499000000000002,74.498,0.14617,0.16170426973294938
2365,18.499000000000002,74.52,0.10858,0.1624575733923237
2366,18.499000000000002,74.207,0.20956,0.1607383336303304
2367,18.499000000000002,74.21,0.17288,0.1606593949588213
2368,18.5,74.764,0.16472,0.17625970840891558
2369,18.5,75.0,0.20465,0.19689086748883755
2370,18.5,75.196,0.20883000000000002,0.21645834558787203
2371,18.5,75.042,0.062843,0.20100514876720932
2372,18.500999999999998,75.113,0.30073,0.2079975859732428
2373,18.500999999999998,75.214,0.08518200000000001,0.2181452894674576
2374,18.500999999999998,74.226,0.20956,0.16034546931722327
2375,18.500999999999998,74.454,0.16873,0.16046843172739145
2376,18.503,74.241,0.17288,0.16009529269082146
2377,18.503,74.243,0.23576,0.16005533114292736
2378,18.503,74.869,0.5789300000000001,0.1845801262087371
2379,18.503,74.545,0.16238,0.16335546675891055
2380,18.503,74.571,0.10472999999999999,0.16445953436615401
2381,18.503,75.029,0.10022,0.19945000933602397
2382,18.503,75.21600000000001,0.086018,0.2181163492434346
2383,18.503,75.536,0.14199,0.24629179347430685
2384,18.504,75.11399999999999,0.14668,0.2077929214641051
2385,18.504,75.173,0.12278,0.21371022867919987
2386,18.504,75.237,0.17540999999999998,0.22008214393630277
2387,18.504,74.217,0.1886,0.1606800846962847
2388,18.504,74.57,0.10472999999999999,0.16439494711742075
2389,18.505,75.245,0.15787,0.22075384971104473
2390,18.506,74.21300000000001,0.19384,0.16086530781123798
2391,18.506,74.21600000000001,0.19384,0.16078658238074595
2392,18.506,74.221,0.23576,0.16065955875023263
2393,18.507,75.20100000000001,0.5789300000000001,0.21617673159857687
2394,18.507,75.227,0.33331,0.21875191118616577
2395,18.507,75.247,0.43858,0.22071833839202393
2396,18.507,75.285,0.0526,0.22440750261483045
2397,18.508,75.217,0.13530999999999999,0.21765167387547157
2398,18.508,74.558,0.13614,0.16380607495289856
2399,18.508,74.562,0.2252,0.1639740349971851
2400,18.508,75.275,0.27065,0.2233252025201038
2401,18.508,74.986,0.084347,0.19486576525762433
2402,18.509,74.903,0.49121000000000004,0.18714538615317566
2403,18.51,74.396,0.1624,0.15952731806526566
2404,18.51,75.142,0.11359000000000001,0.20998072571193338
2405,18.511,74.243,0.20956,0.16034671761108332
2406,18.511,74.234,0.20956,0.1605452853363113
2407,18.512,74.226,0.24361999999999998,0.16077636223075942
2408,18.512,74.236,0.16244,0.16053837777582147
2409,18.512,74.97,0.1362,0.1930345277232991
2410,18.512,75.249,0.13447,0.2203406619900049
2411,18.512,74.25399999999999,0.19646,0.16016266435581428
2412,18.512,75.229,0.26313000000000003,0.2183867344186079
2413,18.512999999999998,75.271,0.16789,0.22235537100107106
2414,18.514,74.622,0.13097,0.1666695035251461
2415,18.514,74.253,0.14406,0.16025414550407924
2416,18.514,74.67399999999999,0.054980999999999995,0.16957237225921418
2417,18.514,75.10300000000001,0.12278,0.20571475841528664
2418,18.515,74.488,0.12044,0.1613101801768031
2419,18.516,75.191,0.23221999999999998,0.21421594850932935
2420,18.516,74.23,0.18336,0.16083977513837078
2421,18.517,74.936,0.084347,0.18953070256311277
2422,18.517,75.306,0.17540999999999998,0.22521683041635854
2423,18.517,74.175,0.15716,0.1625630157610164
2424,18.519000000000002,74.235,0.23838,0.16083983026260085
2425,18.519000000000002,74.178,0.1493,0.16255460464253668
2426,18.519000000000002,74.191,0.16764,0.16210377503986118
2427,18.519000000000002,74.965,0.10022,0.1920302209953676
2428,18.52,74.47800000000001,0.18126,0.16104182532217481
2429,18.52,75.142,0.12779000000000001,0.20897986263146284
2430,18.52,73.998,0.28986999999999996,0.1724578124970888
2431,18.52,75.187,0.11692999999999999,0.21340499256540968
2432,18.52,75.191,0.12111,0.21379740688752258
2433,18.521,74.592,0.15185,0.16506203563625887
2434,18.521,74.24,0.20956,0.16080186473470492
2435,18.521,74.193,0.1362,0.162133150740439
2436,18.521,74.258,0.17288,0.160414174434509
2437,18.522000000000002,74.242,0.2017,0.16079550854352043
2438,18.522000000000002,74.24600000000001,0.16764,0.16070452039656336
2439,18.522000000000002,74.51899999999999,0.14144,0.16220864062536777
2440,18.523,74.169,0.10214,0.16309523058822228
2441,18.523,74.23899999999999,0.1886,0.16090673306511583
2442,18.523,74.192,0.11524000000000001,0.1622633220486841
2443,18.523,74.207,0.17288,0.16178024341751795
2444,18.524,74.64699999999999,0.08118099999999999,0.1677357102467889
2445,18.524,74.21,0.2017,0.1617350670321862
2446,18.525,75.101,0.5263,0.20449186156291788
2447,18.526,74.572,0.20164,0.1641178926164646
2448,18.526,74.584,0.15711,0.16462431132949362
2449,18.526,75.421,0.11492000000000001,0.2343557043854716
2450,18.527,74.498,0.2105,0.16156430833251767
2451,18.527,74.243,0.1493,0.1609754684527458
2452,18.527,74.49,0.29822,0.161350178321643
2453,18.527,74.234,0.14406,0.16119793473127464
2454,18.527,75.07600000000001,0.11525999999999999,0.20189012330182166
2455,18.527,75.146,0.084347,0.20869380440082552
2456,18.528,75.419,0.13358,0.23394165190602023
2457,18.528,74.237,0.12047999999999999,0.1611641971193427
2458,18.529,74.17399999999999,0.15192,0.16321847855285088
2459,18.529,76.407,0.18209,0.20846468650702743
2460,18.531,74.53,0.13355999999999998,0.16251838614630898
2461,18.531,75.046,0.1186,0.1986798034479702
2462,18.532,75.226,0.11359000000000001,0.21595399773831958
2463,18.532,74.23899999999999,0.18074,0.16128443694038364
2464,18.532,75.399,0.14400000000000002,0.23177330178763011
2465,18.533,74.486,0.10472999999999999,0.16125953096682621
2466,18.533,74.242,0.17288,0.161251729425281
2467,18.534000000000002,74.959,0.12834,0.19040146732243424
2468,18.534000000000002,75.171,0.07527400000000001,0.210452538590702
2469,18.534000000000002,75.509,0.14951,0.24017743920384194
2470,18.534000000000002,74.238,0.08641900000000001,0.16139680527533695
2471,18.534000000000002,74.24,0.12834,0.16134529146841936
2472,18.535999999999998,75.05,0.17540999999999998,0.1986539090916999
2473,18.535999999999998,74.237,0.2148,0.16151096141796784
2474,18.537,74.24600000000001,0.1624,0.1613238538984112
2475,18.537,74.54899999999999,0.13782,0.16313215371820433
2476,18.537,74.187,0.31577,0.1631490016470567
2477,18.537,75.416,0.49121000000000004,0.23260179121166258
2478,18.538,74.266,0.18336,0.16090975639094018
2479,18.538,74.419,0.11525999999999999,0.160138388346017
2480,18.538,74.14399999999999,0.20047,0.16499535978016544
2481,18.538,75.054,0.14533,0.19887141560332422
2482,18.539,74.247,0.24391999999999997,0.16138541810542106
2483,18.54,74.03399999999999,0.18209,0.1714686568955397
2484,18.54,74.03699999999999,0.15787,0.1712628826600765
2485,18.54,74.038,0.15202000000000002,0.1711946904088516
2486,18.541,74.038,0.18377000000000002,0.17127138618714255
2487,18.541,74.20100000000001,0.17540999999999998,0.16285326907873865
2488,18.541,74.03399999999999,0.16539,0.1715459663852984
2489,18.541,74.038,0.18377000000000002,0.17127138618714255
2490,18.541,74.041,0.17625,0.1710675473987432
2491,18.541,74.15899999999999,0.29822,0.16449876683555875
2492,18.541,74.243,0.1362,0.1615751465560954
2493,18.541,74.043,0.16037,0.17093265454386852
2494,18.541,74.142,0.10522999999999999,0.16526892699209772
2495,18.542,74.237,0.20956,0.16178076939681485
2496,18.542,73.539,0.20256,0.22722860960780866
2497,18.542,74.14399999999999,0.31577,0.16523558222909285
2498,18.542,75.554,0.47367,0.24221602835667488
2499,18.542,74.238,0.10214,0.16175340805877503
2500,18.543,74.15899999999999,0.12278,0.16461496717030732
2501,18.543,75.094,0.22888000000000003,0.2022528729276959
2502,18.543,74.37,0.11442000000000001,0.15998524719641616
2503,18.543,74.704,0.12278,0.17046813434470975
2504,18.543,74.15100000000001,0.15787,0.1649724707132888
2505,18.543,74.154,0.35086,0.16483685293758843
2506,18.543,74.16,0.31577,0.1645712119091125
2507,18.543,75.242,0.13530999999999999,0.2163607312688841
2508,18.544,74.23100000000001,0.1973,0.1620430136805766
2509,18.544,74.374,0.17026,0.16001004002887842
2510,18.544,74.158,0.5263,0.16471750438386257
2511,18.544,74.42,0.094205,0.16024383860804936
2512,18.544,74.167,0.33331,0.1643278851203388
2513,18.545,75.229,0.18209,0.2149365353514343
2514,18.545,74.168,0.2105,0.16434283770433133
2515,18.546,74.366,0.094205,0.16006406841841425
2516,18.546,75.315,0.42103,0.22280438392324342
2517,18.547,74.168,0.26313000000000003,0.16445788724351285
2518,18.547,75.19800000000001,0.033535,0.2118092688253176
2519,18.548,75.598,0.14199,0.24411331250112334
2520,18.548,74.032,0.17540999999999998,0.172232800022463
2521,18.55,75.036,0.13530999999999999,0.1962751435481016
2522,18.551,74.167,0.33331,0.16473388116301868
2523,18.551,74.586,0.15716,0.1644205394721634
2524,18.551,74.77199999999999,0.13865,0.17456956257049971
2525,18.551,75.2,0.23306,0.21162737880576898
2526,18.552,74.153,0.28068000000000004,0.16542363131014348
2527,18.552,74.22399999999999,0.22386999999999999,0.16264415765533768
2528,18.554000000000002,74.221,0.20039,0.16284177526411658
2529,18.554000000000002,75.214,0.17540999999999998,0.21266868774739445
2530,18.554000000000002,74.155,0.26313000000000003,0.16545307314824176
2531,18.555,74.175,0.35086,0.1646244902988867
2532,18.555,75.04899999999999,0.14365999999999998,0.1971076001209171
2533,18.555,75.104,0.07014400000000001,0.20222170715913168
2534,18.555,74.169,0.33331,0.16488276520897294
2535,18.555,74.175,0.12278,0.1646244902988867
2536,18.555999999999997,74.176,0.19296,0.1646404532023651
2537,18.555999999999997,74.176,0.24559,0.1646404532023651
2538,18.555999999999997,74.154,0.3684,0.16562277982278317
2539,18.557000000000002,74.21600000000001,0.61402,0.1631639994635894
2540,18.557000000000002,74.695,0.08380399999999999,0.16958582806997413
2541,18.558,74.583,0.12044,0.16425868635663632
2542,18.558,74.03699999999999,0.00041772,0.17267372096789702
2543,18.558,74.183,0.38594,0.16446395659008817
2544,18.558,74.154,0.3684,0.1657467953147317
2545,18.558,74.165,0.3684,0.16523969833302143
2546,18.558,75.169,0.13698,0.20808308014986643
2547,18.559,74.169,0.7719199999999999,0.16512150714412877
2548,18.559,74.173,0.31577,0.16494601242458473
2549,18.559,74.687,0.3684,0.16909697872953533
2550,18.559,73.61399999999999,0.15703,0.21880065274156624
2551,18.559,74.14399999999999,0.20047,0.16629334705601007
2552,18.559,74.036,0.15787,0.17282505989120633
2553,18.559,75.071,0.24559,0.19884286707509014
2554,18.56,74.03699999999999,0.22804000000000002,0.1728340446135962
2555,18.56,75.442,0.25478,0.23204301838494445
2556,18.561,74.175,0.3684,0.16497827860928238
2557,18.561,74.153,0.56139,0.16598215908951175
2558,18.561,74.163,0.17540999999999998,0.1655134367022687
2559,18.561,76.13600000000001,0.088524,0.23896043632835784
2560,18.562,74.172,0.22971999999999998,0.1651694340983011
2561,18.562,74.514,0.15711,0.16208643243211218
2562,18.563,74.17699999999999,0.22804000000000002,0.16501097695158518
2563,18.563,74.39699999999999,0.11524000000000001,0.16050820425665857
2564,18.563,74.883,0.12612,0.18227644515973784
2565,18.563,74.171,0.3684,0.16527419098070173
2566,18.563,74.263,0.19212,0.1620597050298238
2567,18.564,74.164,0.19212,0.16565250038786328
2568,18.564,74.961,0.5789300000000001,0.18867276019858814
2569,18.565,74.16199999999999,0.63157,0.16580741631697793
2570,18.565,76.253,0.14365999999999998,0.2265102366273467
2571,18.565,74.164,0.3684,0.1657145120456336
2572,18.566,74.176,0.19212,0.16523484440646918
2573,18.566,74.876,0.22303,0.18158523257770964
2574,18.567,74.286,0.19546,0.1617037875466928
2575,18.567,75.006,0.24140999999999999,0.1924133072624773
2576,18.567,75.14699999999999,0.099385,0.20528157829604143
2577,18.567,74.17,0.42103,0.16556356837398767
2578,18.567999999999998,74.09899999999999,0.16037,0.1693720948838442
2579,18.567999999999998,74.175,0.28068000000000004,0.16540055422063982
2580,18.567999999999998,75.279,0.09019500000000001,0.21735697293221112
2581,18.567999999999998,75.045,0.13447,0.19583309471039134
2582,18.569000000000003,75.53399999999999,0.6842,0.2376576966392825
2583,18.569000000000003,75.168,0.13364,0.20707030069339427
2584,18.57,74.157,0.56139,0.16636175729911395
2585,18.57,74.182,0.22053000000000003,0.16521501746844702
2586,18.57,74.28399999999999,0.17875,0.16187979349770387
2587,18.57,75.16,0.12361,0.20624807004053214
2588,18.57,74.899,0.35086,0.1832148414237209
2589,18.570999999999998,74.539,0.16371,0.16280433358202306
2590,18.572,74.157,0.28068000000000004,0.1664905613207266
2591,18.572,75.229,0.15202000000000002,0.21244737509956368
2592,18.572,74.024,0.29822,0.1747774292260188
2593,18.572,74.16,0.7017399999999999,0.16634522464461665
2594,18.572,76.134,0.12528,0.23768865350547963
2595,18.573,75.559,0.35086,0.23878959148935697
2596,18.573,74.15,0.31577,0.16690265790081926
2597,18.573,75.681,0.14032,0.2450202735600142
2598,18.574,74.028,0.26313000000000003,0.17464423525642048
2599,18.574,74.319,0.26313000000000003,0.16139142031736553
2600,18.574,74.028,0.47367,0.17464423525642048
2601,18.574,74.042,0.35086,0.17361150490476596
2602,18.574,75.267,0.066936,0.21572531083980362
2603,18.574,75.559,0.61402,0.23867576653333822
2604,18.574,74.156,0.50876,0.1666693319838487
2605,18.575,74.15,0.38594,0.1670347773532198
2606,18.575,75.232,0.088524,0.2124627871363518
2607,18.575,74.154,0.19296,0.16683382823674697
2608,18.575,74.532,0.10732,0.1626402536565863
2609,18.575,74.766,0.12829000000000002,0.17341340285831963
2610,18.575,74.156,0.33331,0.16673458973931488
2611,18.576,74.02199999999999,0.29822,0.17526889186386363
2612,18.576,74.145,0.22386999999999999,0.16735770327313637
2613,18.576,74.02,0.40349,0.17542251699363376
2614,18.577,74.331,0.086352,0.16133638629689362
2615,18.577,74.152,0.61402,0.16706620751322843
2616,18.577,74.959,0.075299,0.18778138646038556
2617,18.578,74.154,0.40349,0.16703170306506376
2618,18.578,75.558,0.59648,0.2381635529137197
2619,18.578,74.024,0.43858,0.17528637179367224
2620,18.578,74.343,0.17282,0.16122643588464802
2621,18.578,74.388,0.047587,0.1609281105382533
2622,18.578,74.943,0.17540999999999998,0.18639710419466726
2623,18.579,74.025,0.59648,0.17529522656586238
2624,18.579,75.555,0.38594,0.23786744342316235
2625,18.579,74.166,0.2105,0.16650780580833835
2626,18.579,74.35,0.20799,0.16118957172740322
2627,18.579,75.56,0.43858,0.23817420339240536
2628,18.579,74.021,0.24559,0.17560262991996511
2629,18.579,74.76100000000001,0.40349,0.17299235744416108
2630,18.58,74.02199999999999,0.35086,0.17561134950398782
2631,18.58,74.146,0.61402,0.1675757861317072
2632,18.58,74.877,0.13614,0.18105454220747652
2633,18.58,74.146,0.20047,0.1675757861317072
2634,18.581,75.046,0.12580999999999998,0.19507937046329515
2635,18.582,75.56,0.47367,0.23784165727973527
2636,18.583,74.612,0.14144,0.1652868016156408
2637,18.583,75.741,0.15454,0.2458203564443625
2638,18.583,74.124,0.17875,0.16898842880438114
2639,18.583,74.975,0.054328999999999995,0.188810363860202
2640,18.583,75.545,0.14032,0.23680373474935068
2641,18.584,74.67399999999999,0.17026,0.1680241491793959
2642,18.584,75.465,0.31577,0.23121725594114906
2643,18.584,75.241,0.050127,0.21251821480533684
2644,18.584,74.998,0.12612,0.1907126655287259
2645,18.584,75.505,0.40349,0.23406292260683614
2646,18.585,75.057,0.17625,0.19580545161243523
2647,18.585,74.22800000000001,0.22386999999999999,0.16426838295028945
2648,18.586,75.528,0.45611999999999997,0.2353904104253992
2649,18.586,75.546,0.47367,0.23654194129077288
2650,18.586,74.175,0.59648,0.16653279545144972
2651,18.587,75.108,0.15202000000000002,0.20023808156634748
2652,18.587,75.55199999999999,0.2105,0.23680741257597038
2653,18.587,74.15100000000001,0.24559,0.1677918073254424
2654,18.587,74.175,0.85964,0.16659763147453321
2655,18.587,74.57300000000001,0.16238,0.1639066605409627
2656,18.587,74.241,0.22303,0.16392748045475403
2657,18.587,74.529,0.14140999999999998,0.16268032603879878
2658,18.587,75.203,0.16037,0.20884420818458493
2659,18.588,74.251,0.2222,0.1636553650305368
2660,18.589000000000002,74.95,0.22888000000000003,0.18643300708326316
2661,18.589000000000002,75.258,0.10774,0.21362518357001292
2662,18.589000000000002,75.465,0.24559,0.23070829584778552
2663,18.59,74.744,0.1362,0.17171708178278555
2664,18.59,75.298,0.087689,0.21706588923998216
2665,18.59,75.531,0.22804000000000002,0.23516253701473266
2666,18.59,74.322,0.20715999999999998,0.16201302737746237
2667,18.590999999999998,74.161,0.33331,0.16754942501212255
2668,18.590999999999998,74.259,0.19713,0.16356727735312093
2669,18.590999999999998,75.027,0.17457999999999999,0.1928200678974633
2670,18.592,75.314,0.06692000000000001,0.21827923600493349
2671,18.592,75.562,0.24559,0.2368812674326024
2672,18.592,74.256,0.17540999999999998,0.16371351020800395
2673,18.593,74.372,0.17608,0.16151114698143343
2674,18.593,74.514,0.12303,0.16243096690729475
2675,18.593,75.225,0.17457999999999999,0.21035730880384007
2676,18.594,75.292,0.030168,0.21620245478587352
2677,18.594,75.559,0.35086,0.2364902252655804
2678,18.594,75.641,0.33331,0.24087730969111854
2679,18.594,74.411,0.1973,0.16139941748443454
2680,18.594,75.551,0.45611999999999997,0.23600383642227996
2681,18.594,75.559,0.26313000000000003,0.2364902252655804
2682,18.595,73.542,0.21718,0.23448279982441333
2683,18.595,75.087,0.23389000000000001,0.19784344116165198
2684,18.596,74.14399999999999,0.22386999999999999,0.16879583049200475
2685,18.596,74.193,0.22386999999999999,0.16634867942798937
2686,18.597,74.454,0.14376,0.16166168855744412
2687,18.597,75.218,0.15787,0.20942471040128374
2688,18.597,75.475,0.26313000000000003,0.2306364987923668
2689,18.598,75.13,0.15202000000000002,0.20147779217705464
2690,18.598,74.134,0.17540999999999998,0.16950158205180643
2691,18.598,75.476,0.5789300000000001,0.23060995536280948
2692,18.598,75.539,0.26313000000000003,0.23484490439986938
2693,18.598,74.26899999999999,0.17540999999999998,0.16364068885833372
2694,18.598,74.321,0.18209,0.1623879309065277
2695,18.598,74.732,0.35086,0.17089336798638
2696,18.598,75.094,0.058598000000000004,0.19827747401210172
2697,18.598,75.357,0.10022,0.22138759806473884
2698,18.599,75.059,0.15202000000000002,0.19514441826905737
2699,18.599,75.107,0.1562,0.199366711589141
2700,18.599,74.332,0.14144,0.16223832098512514
2701,18.599,74.907,0.40349,0.18259545220044715
2702,18.6,74.37100000000001,0.17374,0.16178340152808868
2703,18.6,75.539,0.54384,0.23464175004990984
2704,18.601,75.11399999999999,0.24225,0.19986164187648758
2705,18.601,75.62100000000001,0.15787,0.2391641942044921
2706,18.601,75.55,0.33331,0.23522198384612247
2707,18.602,74.184,0.21384,0.1671572251013016
2708,18.602999999999998,75.184,0.058448,0.20595702868933974
2709,18.602999999999998,74.442,0.12303,0.1617467842843604
2710,18.602999999999998,75.611,0.42103,0.2384502600735905
2711,18.605,74.179,0.1963,0.1676008497341045
2712,18.605,75.571,0.6491100000000001,0.23606472087735808
2713,18.605999999999998,75.03399999999999,0.060119000000000006,0.19260996266714725
2714,18.605999999999998,75.18,0.15369000000000002,0.20539485315333672
2715,18.605999999999998,75.18,0.050252,0.20539485315333672
2716,18.605999999999998,75.476,0.12278,0.2298415435601746
2717,18.605999999999998,73.973,0.43858,0.18209281589138282
2718,18.605999999999998,75.032,0.09270199999999999,0.192439861704783
2719,18.607,74.101,0.16873,0.1722110312132703
2720,18.608,74.199,0.59648,0.16685640964704795
2721,18.608,74.09100000000001,0.1729,0.1729548772712166
2722,18.608,75.589,0.33331,0.23677309029660887
2723,18.609,74.101,0.17959,0.17237018514655988
2724,18.609,75.11,0.14617,0.1990202649849231
2725,18.609,74.116,0.16204000000000002,0.17140938142528717
2726,18.61,75.61,0.35086,0.23768113469749386
2727,18.612000000000002,74.502,0.060119000000000006,0.16257929074400967
2728,18.612000000000002,75.263,0.12278,0.21226000204969542
2729,18.613,76.2,0.15035,0.22675614584127335
2730,18.613,74.229,0.2222,0.16589673807328842
2731,18.613,74.252,0.23055,0.16503329234137187
2732,18.613,75.108,0.14784,0.19861147579725935
2733,18.614,74.263,0.22386999999999999,0.16471656913778066
2734,18.614,75.596,0.14032,0.2365524312071332
2735,18.614,74.475,0.17549,0.16229362053609364
2736,18.616,75.683,0.11944,0.2403105099875965
2737,18.616,75.067,0.16037,0.19490686019946113
2738,18.616,75.211,0.075291,0.2074480161562019
2739,18.617,74.169,0.22721,0.16894843644170665
2740,18.617,74.173,0.22386999999999999,0.16873868356073463
2741,18.617,74.154,0.22386999999999999,0.16976421679414566
2742,18.617,74.28399999999999,0.2222,0.16423330726604368
2743,18.618,75.373,0.15369000000000002,0.220991057009585
2744,18.618,74.11399999999999,0.15452,0.1722435100824603
2745,18.619,74.111,0.17959,0.17251704620004438
2746,18.619,74.196,0.2222,0.1677325584020639
2747,18.619,74.2,0.18293,0.167543883911227
2748,18.619,75.15100000000001,0.15787,0.20200965358892042
2749,18.619,75.601,0.31577,0.23632724331757093
2750,18.619,75.609,0.45611999999999997,0.23673840459620776
2751,18.619,74.111,0.17959,0.17251704620004438
2752,18.619,75.132,0.14784,0.20035433371159117
2753,18.62,75.584,0.26313000000000003,0.23532304182871777
2754,18.62,75.594,0.38594,0.23586265953872432
2755,18.62,75.13600000000001,0.11692999999999999,0.20064414593630608
2756,18.62,75.611,0.2105,0.23674247430109407
2757,18.621,74.09899999999999,0.16204000000000002,0.17347473378731837
2758,18.621,74.107,0.17457999999999999,0.17294012885940535
2759,18.621,75.153,0.1186,0.2020643704979208
2760,18.621,74.098,0.16204000000000002,0.1735424643842416
2761,18.621,75.11399999999999,0.066953,0.1986803402002132
2762,18.621,75.158,0.15452,0.20249969029391512
2763,18.621,74.098,0.16371,0.1735424643842416
2764,18.621,74.2,0.21718,0.16767969536767857
2765,18.621,75.62,0.29822,0.23709151290123143
2766,18.621,74.086,0.16455,0.1743708763621692
2767,18.621,74.095,0.16371,0.17374686101865866
2768,18.621,74.096,0.1729,0.17367852807632733
2769,18.622,74.084,0.17540999999999998,0.1745960050855786
2770,18.622,75.626,0.35086,0.2372839156035026
2771,18.622,74.097,0.16956,0.17369288244968162
2772,18.622,74.218,0.15118,0.16693205127396582
2773,18.623,75.20100000000001,0.40349,0.20611768586551493
2774,18.623,75.564,0.26313000000000003,0.2339157741538841
2775,18.623,75.584,0.17540999999999998,0.23503886990156753
2776,18.623,75.095,0.087689,0.19693775277708714
2777,18.623,75.624,0.28068000000000004,0.23709180870966062
2778,18.624000000000002,74.225,0.17123,0.16676278134285394
2779,18.624000000000002,75.08800000000001,0.10022,0.19628740954243196
2780,18.624000000000002,75.321,0.065967,0.21628593393696227
2781,18.624000000000002,75.556,0.26313000000000003,0.23335719075899186
2782,18.624000000000002,74.094,0.17123,0.17406459552970643
2783,18.624000000000002,74.188,0.1988,0.1684692192331747
2784,18.625,75.437,0.8939,0.2253335544581062
2785,18.625,75.554,0.42103,0.23314752133510663
2786,18.625999999999998,74.096,0.15787,0.17409335629509537
2787,18.625999999999998,74.089,0.16873,0.17458065150175717
2788,18.625999999999998,74.09,0.16539,0.17451043751160566
2789,18.625999999999998,74.17399999999999,0.20715999999999998,0.1693333603179784
2790,18.625999999999998,75.60600000000001,0.35086,0.2359169287877506
2791,18.625999999999998,75.608,0.43858,0.23601830723617978
2792,18.625999999999998,74.074,0.17457999999999999,0.17565780489127591
2793,18.625999999999998,74.09100000000001,0.15285,0.17444042351867972
2794,18.625999999999998,74.09100000000001,0.16455,0.17444042351867972
2795,18.627,73.672,0.042575,0.21985116810068694
2796,18.627,75.07300000000001,0.17875,0.1948643230153032
2797,18.627,75.086,0.11692999999999999,0.19596524227788648
2798,18.627,75.267,0.11692999999999999,0.21153319094379042
2799,18.627,75.59899999999999,0.17540999999999998,0.23546344450540646
2800,18.628,75.053,0.049542,0.19313779075054227
2801,18.629,75.097,0.16037,0.1967997358919098
2802,18.629,74.721,0.11262,0.1700255226597125
2803,18.63,75.567,0.59648,0.23344663131114962
2804,18.631,75.07600000000001,0.13364,0.1949253283810506
2805,18.632,74.542,0.15711,0.1637204841488018
2806,18.632,75.146,0.1587,0.20083175300656342
2807,18.632,74.154,0.18209,0.17089200248303826
2808,18.633,75.503,0.29822,0.22925948895537152
2809,18.633,75.57,0.31577,0.23334726398700323
2810,18.633,75.587,0.5263,0.2342804197194558
2811,18.634,74.09,0.16204000000000002,0.1751894483645694
2812,18.634,74.303,0.22386999999999999,0.16464266066305977
2813,18.634,75.098,0.088524,0.19663658914595428
2814,18.635,75.079,0.6349100000000001,0.19498985157309523
2815,18.635,75.62,0.15787,0.2357767616072418
2816,18.636,74.317,0.20047,0.1643849730569502
2817,18.636,74.204,0.1988,0.16852837778222007
2818,18.636,75.488,0.43858,0.2280123323304586
2819,18.637,75.568,0.5789300000000001,0.23288196649407233
2820,18.637,75.57,0.42103,0.23299421675622178
2821,18.637,75.613,0.29822,0.23525603316210675
2822,18.637999999999998,74.031,0.7017399999999999,0.18010833020516936
2823,18.637999999999998,74.289,0.16288,0.16528454633737721
2824,18.637999999999998,74.032,0.7719199999999999,0.18002510338243283
2825,18.637999999999998,74.032,0.087689,0.18002510338243283
2826,18.639,73.95100000000001,0.12612,0.18748799592308207
2827,18.639,74.41199999999999,0.21058000000000002,0.16304854207729313
2828,18.639,74.781,0.17288,0.17318079689691301
2829,18.639,75.138,0.1729,0.19977849145849946
2830,18.639,74.03399999999999,0.5789300000000001,0.1799528371946456
2831,18.64,73.384,0.18585,0.26681487433845097
2832,18.64,74.031,0.61402,0.18029646655398135
2833,18.641,74.032,0.8771899999999999,0.18030714686082816
2834,18.641,74.169,0.21885,0.17072318992421154
2835,18.641,74.539,0.1186,0.16387555176072544
2836,18.641,74.031,0.24559,0.18039075993170395
2837,18.641,74.032,0.94737,0.18030714686082816
2838,18.641,74.179,0.1963,0.17017186660711203
2839,18.641,75.493,0.088524,0.22793643994510826
2840,18.641,74.03,0.61402,0.1804745665571421
2841,18.641,74.031,0.22804000000000002,0.18039075993170395
2842,18.642,74.78699999999999,0.1886,0.1734991648911507
2843,18.643,74.02,0.59648,0.1815151005888116
2844,18.643,74.63600000000001,0.03965,0.1664753054112207
2845,18.643,75.57600000000001,0.1988,0.23280821544622599
2846,18.643,75.658,0.17540999999999998,0.23674681456676716
2847,18.643,74.398,0.30349,0.1633338471580651
2848,18.643,74.597,0.17026,0.1652518685071528
2849,18.644000000000002,75.09899999999999,0.14951,0.19625117433439998
2850,18.644000000000002,75.044,0.16455,0.1917169993354858
2851,18.644000000000002,75.263,0.10022,0.2100897526570389
2852,18.645,74.256,0.22386999999999999,0.16687300445182585
2853,18.646,74.469,0.18853,0.16325858584130348
2854,18.647000000000002,75.571,0.49121000000000004,0.23219605556129663
2855,18.649,74.00399999999999,0.5263,0.18350815590445524
2856,18.651,74.45100000000001,0.081423,0.1634136672146198
2857,18.651,74.633,0.15064,0.16648125692246718
2858,18.652,73.984,0.85964,0.18564887201386104
2859,18.652,74.20100000000001,0.19713,0.1698327927848794
2860,18.652,74.214,0.20382,0.16918606227431987
2861,18.652,75.245,0.16037,0.208113693799291
2862,18.653,74.003,0.31577,0.18399555908711418
2863,18.653,75.384,0.20956,0.21922812328543506
2864,18.653,74.52199999999999,0.12996,0.16394429887003115
2865,18.653,74.89,0.5263,0.17985179090186
2866,18.653,75.57300000000001,0.26313000000000003,0.23181303661385066
2867,18.653,75.574,0.49121000000000004,0.23186758374192917
2868,18.654,74.182,0.16121,0.17099356997657122
2869,18.654,74.35300000000001,0.19296,0.16454764514516373
2870,18.655,74.007,0.26313000000000003,0.18383327929419058
2871,18.655,75.567,0.47367,0.23132215698075964
2872,18.655,75.572,0.0061489,0.23159733573256447
2873,18.657,74.012,0.0526,0.18358315298138417
2874,18.657,74.155,0.22386999999999999,0.17280114232659705
2875,18.657,74.196,0.7017399999999999,0.17046603826424656
2876,18.657,74.271,0.21718,0.16708539425382396
2877,18.657,74.279,0.21468,0.16679299996955266
2878,18.657,75.525,0.56139,0.22871511390779797
2879,18.658,73.47,0.75789,0.2553880835347593
2880,18.659000000000002,74.57600000000001,0.18594000000000002,0.1650624386615106
2881,18.659000000000002,74.056,0.17540999999999998,0.1800242836661461
2882,18.662,74.17399999999999,0.16037,0.17207071956819742
2883,18.663,73.983,0.38594,0.18687263121437647
2884,18.663,75.104,0.16037,0.1958661875534109
2885,18.664,75.038,0.1328,0.19053300917990934
2886,18.664,74.219,0.24559,0.16981848881669337
2887,18.664,74.934,0.06808099999999999,0.18271301117775596
2888,18.666,74.205,0.1988,0.17067589492609014
2889,18.666,74.926,0.12834,0.182110551363043
2890,18.667,74.10300000000001,0.20298,0.17713706930027318
2891,18.668,74.202,0.61402,0.17098627716112114
2892,18.668,75.21,0.09270199999999999,0.20437732012593124
2893,18.67,73.819,0.3024,0.20579433080109166
2894,18.672,74.363,0.3684,0.16533556563144114
2895,18.672,75.123,0.058565,0.19706964988987163
2896,18.672,74.378,0.08380399999999999,0.1650495306236861
2897,18.674,74.278,0.22386999999999999,0.1679560557886849
2898,18.674,74.491,0.18636,0.16441203496632295
2899,18.674,75.258,0.074422,0.20800938067753005
2900,18.675,74.32600000000001,0.21550999999999998,0.1664209126552637
2901,18.675,75.082,0.16037,0.19366639150702258
2902,18.676,74.705,0.18336,0.16950716793720066
2903,18.677,74.817,0.050144,0.17504697194001517
2904,18.679000000000002,74.406,0.1988,0.1649971728269033
2905,18.679000000000002,75.02,0.12695,0.18872457967063327
2906,18.68,74.604,0.10525999999999999,0.16625088024447898
2907,18.680999999999997,75.089,0.09019500000000001,0.19403288230964044
2908,18.680999999999997,73.99,0.8245600000000001,0.18807584660591026
2909,18.682000000000002,74.24600000000001,0.21550999999999998,0.16986638254617104
2910,18.683,74.275,0.17959,0.16869510692367085
2911,18.683,75.164,0.24225,0.19998036509346495
2912,18.683,74.155,0.19212,0.17496268883784993
2913,18.683,74.199,0.1988,0.172323532730557
2914,18.683,74.288,0.15703,0.16819289075601807
2915,18.683,74.459,0.20215,0.1647763052125052
2916,18.683,75.069,0.18711,0.19239968059480306
2917,18.684,74.145,0.1562,0.17570381192210838
2918,18.684,74.251,0.20382,0.1697865421647875
2919,18.686,74.32300000000001,0.17608,0.16720544421965633
2920,18.686,75.031,0.050144,0.18939444906481417
2921,18.686,74.506,0.10553,0.16497233095053265
2922,18.686,74.508,0.10525999999999999,0.16498407587144104
2923,18.686,75.23899999999999,0.26313000000000003,0.20591669568932236
2924,18.688,74.75,0.38594,0.17162409709051063
2925,18.688,75.236,0.3684,0.2055897388290403
2926,18.689,75.104,0.053452,0.19497735330259613
2927,18.69,74.355,0.29822,0.16657598757382486
2928,18.69,73.768,0.19296,0.21493193914372455
2929,18.69,73.995,0.54384,0.1885404113857534
2930,18.692,74.755,0.1231,0.17189988054637384
2931,18.694000000000003,74.89399999999999,0.15192,0.17964730154091002
2932,18.694000000000003,75.09899999999999,0.093537,0.19444202055248538
2933,18.694000000000003,75.123,0.24225,0.19632975843238343
2934,18.694000000000003,73.839,0.07098,0.2062538542029806
2935,18.695999999999998,73.528,0.14617,0.25170675425184186
2936,18.697,73.99,0.8421,0.18977054922023184
2937,18.698,74.835,0.15035,0.17608789315516338
2938,18.699,74.23100000000001,0.17792,0.1718876883019863
2939,18.699,74.33800000000001,0.35086,0.16760244943259894
2940,18.7,74.12100000000001,0.19463,0.1788145867669496
2941,18.701,74.207,0.5263,0.1733334637791103
2942,18.701,74.819,0.1362,0.17521404422668496
2943,18.701,74.75399999999999,0.28068000000000004,0.1719641344767533
2944,18.701,74.745,0.40349,0.17156012104509188
2945,18.702,74.684,0.18074,0.16916229024545926
2946,18.702,74.90899999999999,0.08641900000000001,0.18057067366327717
2947,18.702,74.12,0.15787,0.17907290637083795
2948,18.703,74.436,0.94737,0.16592716111883754
2949,18.704,73.416,0.2506,0.27159462293691305
2950,18.704,74.26899999999999,0.20047,0.17047037261784082
2951,18.704,74.301,0.40349,0.16917233203614623
2952,18.705,74.395,0.8421,0.16662258148988995
2953,18.706,75.135,0.11609000000000001,0.19693402777742874
2954,18.706,74.384,0.1755,0.16689804447196321
2955,18.706,76.028,0.11692999999999999,0.23128519928160818
2956,18.707,75.428,0.047587,0.21920647951815608
2957,18.708,74.175,0.15787,0.1758381441331548
2958,18.708,74.86399999999999,0.07014400000000001,0.17779158709925003
2959,18.708,74.32300000000001,0.20465,0.16867561928467945
2960,18.709,74.25,0.15717,0.17172860849413685
2961,18.71,74.34100000000001,0.33331,0.16824290917498352
2962,18.71,74.685,0.07014400000000001,0.16938484007890509
2963,18.71,74.321,0.15118,0.1688815913804964
2964,18.711,74.39399999999999,0.1044,0.16700230701335717
2965,18.713,74.222,0.2222,0.1734891821250828
2966,18.715,75.642,0.10774,0.23075126811806768
2967,18.715999999999998,74.742,0.2017,0.17168657404316012
2968,18.717,74.207,0.59648,0.1746672180010187
2969,18.717,74.432,0.6491100000000001,0.1667513609937633
2970,18.72,74.93,0.12047999999999999,0.1818759311441812
2971,18.721,74.395,0.42103,0.16760083101137357
2972,18.722,74.313,0.14406,0.17002156011106928
2973,18.722,75.111,0.084347,0.19472019505185667
2974,18.723,74.357,0.17625,0.16865540244624522
2975,18.724,74.331,0.20715999999999998,0.16952950135717848
2976,18.724,74.25399999999999,0.19713,0.17272238593953615
2977,18.725,73.73899999999999,0.29822,0.2235598927528959
2978,18.725,74.567,0.08936000000000001,0.16714486752014746
2979,18.726,74.17399999999999,0.26313000000000003,0.17749631774173458
2980,18.727,73.38600000000001,0.6491100000000001,0.2803727840235306
2981,18.727,74.23899999999999,0.50876,0.17373202833571133
2982,18.727,74.334,0.14032,0.16964284350210657
2983,18.727,74.973,0.034053,0.18469705604208975
2984,18.727999999999998,74.155,0.20047,0.17896646149845075
2985,18.73,75.41,0.11692999999999999,0.21692185131951813
2986,18.730999999999998,74.736,0.083512,0.17176978490510209
2987,18.732,74.62,0.1231,0.16829625310056961
2988,18.732,74.189,0.35086,0.17706538876394728
2989,18.733,74.833,0.08017,0.1762744767647879
2990,18.733,74.446,0.09951900000000001,0.16751458963806298
2991,18.733,74.757,0.33331,0.17267283633152308
2992,18.734,74.829,0.17288,0.17608044018918279
2993,18.734,74.744,0.26313000000000003,0.17216060514668963
2994,18.735,74.215,0.59648,0.17574442726903072
2995,18.736,76.079,0.11108,0.22651134463318146
2996,18.737000000000002,73.819,0.22721,0.21420487540529776
2997,18.737000000000002,74.332,0.17123,0.1704360786691731
2998,18.737000000000002,75.194,0.16037,0.20074276422082704
2999,18.741,75.101,0.093537,0.19368287114062288
3000,18.745,76.411,0.21718,0.1881422772320745
3001,18.746,74.873,0.08641900000000001,0.1786103885704301
3002,18.753,74.84,0.14668,0.17696157487307584
3003,18.754,75.887,0.47367,0.23251021234151814
3004,18.754,74.257,0.17792,0.17505382363805477
3005,18.754,74.35,0.16121,0.17108155972325156
3006,18.756,74.21600000000001,0.61402,0.17754132988679272
3007,18.756,74.087,0.17875,0.18702551391083877
3008,18.757,74.24600000000001,0.40349,0.17589950474809524
3009,18.757,74.498,0.16764,0.16850290363877907
3010,18.757,74.741,0.5263,0.172676473349624
3011,18.757,74.872,0.12047999999999999,0.17871865093497608
3012,18.758,74.109,0.07098,0.18537909916117856
3013,18.759,74.686,0.088524,0.1709377147580794
3014,18.759,74.744,0.33331,0.17284994021328448
3015,18.76,74.773,0.22804000000000002,0.17402235542468802
3016,18.761,74.786,0.09951900000000001,0.17459937962077787
3017,18.761,74.827,0.11025,0.17647952040617187
3018,18.762999999999998,74.916,0.19212,0.18129320720382125
3019,18.762999999999998,74.888,0.17374,0.17969691682921107
3020,18.764,76.079,0.12278,0.22504118812923835
3021,18.766,76.148,0.083512,0.21992362680859223
3022,18.767,74.387,0.7719199999999999,0.17091939316949678
3023,18.769000000000002,74.362,0.18878,0.1718175391321456
3024,18.773,74.977,0.030143,0.18512652748528058
3025,18.773,74.832,0.15787,0.17700687311221508
3026,18.774,74.53399999999999,0.15716,0.1694170122518006
3027,18.774,74.752,0.045206,0.1736346014563318
3028,18.774,74.415,0.10214,0.17072550868806236
3029,18.774,74.873,0.15716,0.17909351716836197
3030,18.775,74.848,0.19713,0.17783659248112949
3031,18.777,76.192,0.11692999999999999,0.21551089561930037
3032,18.778,74.693,0.1624,0.17188294610896038
3033,18.781,75.752,0.1231,0.23079140281043098
3034,18.784000000000002,74.71,0.081841,0.17261503540872392
3035,18.784000000000002,74.185,0.13555999999999999,0.18219057142351003
3036,18.784000000000002,74.515,0.18336,0.17005653755437888
3037,18.784000000000002,74.791,0.17549,0.1754944633650829
3038,18.785,74.237,0.23139,0.17892244375801125
3039,18.785,74.648,0.15192,0.17114132446402908
3040,18.789,74.137,0.20047,0.18628339811605932
3041,18.789,75.904,0.17540999999999998,0.23073880466519792
3042,18.789,74.189,0.16455,0.182399831528552
3043,18.79,75.196,0.20465,0.2002293880477123
3044,18.79,74.939,0.086853,0.18307748635191712
3045,18.791,74.79899999999999,0.19212,0.17605826064559005
3046,18.792,74.13600000000001,0.23221999999999998,0.1866729099912814
3047,18.792,74.222,0.20047,0.18049792030346512
3048,18.792,74.686,0.19646,0.1723100275349454
3049,18.793,74.715,0.16502,0.17314012930942269
3050,18.794,75.02199999999999,0.10135,0.18824137527384233
3051,18.796,75.53,0.10022,0.2221165586391899
3052,18.796,74.097,0.18627,0.19038203134619125
3053,18.797,74.747,0.19384,0.17431633314335615
3054,18.797,74.807,0.14144,0.17659764597986816
3055,18.798,74.609,0.12047999999999999,0.1712151285357475
3056,18.798,74.426,0.18074,0.17222596419070602
3057,18.8,74.051,0.081423,0.19509113935683686
3058,18.8,74.753,0.16502,0.17464228315029917
3059,18.801,74.779,0.11262,0.17562117756556173
3060,18.801,74.411,0.14144,0.172822475831085
3061,18.801,74.619,0.14144,0.17150023168203132
3062,18.802,74.406,0.15716,0.17303364999913806
3063,18.802,74.418,0.11,0.172719684119354
3064,18.802,74.393,0.18074,0.17340593948157712
3065,18.803,74.416,0.19646,0.17284659880802034
3066,18.804000000000002,74.405,0.12047999999999999,0.1732166975874161
3067,18.805,75.48899999999999,0.11609000000000001,0.21967396376742332
3068,18.805,74.671,0.18594000000000002,0.1725903399670804
3069,18.805,75.191,0.35086,0.19985721997302497
3070,18.805,74.638,0.10214,0.17198600461003044
3071,18.807000000000002,74.72399999999999,0.16365,0.17402159305323095
3072,18.808,74.426,0.12047999999999999,0.17298206167391117
3073,18.808,74.452,0.09951900000000001,0.17242352567538322
3074,18.808,74.426,0.14144,0.17298206167391117
3075,18.809,74.39399999999999,0.1886,0.17393185990623306
3076,18.809,73.99600000000001,0.2105,0.2017819777324784
3077,18.81,74.39,0.15454,0.17413577367751276
3078,18.81,74.38600000000001,0.1755,0.17426275602558505
3079,18.811,74.393,0.14668,0.17412301273131559
3080,18.811,74.87,0.091615,0.17992627639524372
3081,18.811,75.92399999999999,0.11692999999999999,0.22963741267619497
3082,18.812,74.21600000000001,0.63157,0.18281825128929874
3083,18.812,74.691,0.11259000000000001,0.17338794994297024
3084,18.812,74.357,0.15454,0.17544698008877435
3085,18.812,74.76100000000001,0.13358,0.17541794016072443
3086,18.813,74.742,0.12044,0.17483849527308892
3087,18.814,74.268,0.14144,0.1798218576473688
3088,18.814,74.553,0.16764,0.17186936172832568
3089,18.816,74.626,0.11524000000000001,0.1724312823891161
3090,18.817,74.47,0.14171,0.17276968729519393
3091,18.817,74.186,0.16288,0.18540759380062255
3092,18.817,74.197,0.21718,0.1846182021609014
3093,18.817,73.852,0.10022,0.22017261844088598
3094,18.817,74.119,0.17332,0.19072946337438568
3095,18.817999999999998,74.13600000000001,0.089777,0.18940266989005494
3096,18.817999999999998,73.835,0.11275,0.22258332455605578
3097,18.817999999999998,74.135,0.16288,0.18948552129531182
3098,18.817999999999998,74.152,0.089777,0.18810353186704465
3099,18.817999999999998,73.835,0.097714,0.22258332455605578
3100,18.817999999999998,73.836,0.0062325,0.22244796817561574
3101,18.819000000000003,74.024,0.047587,0.19998433232916324
3102,18.819000000000003,74.13600000000001,0.0856,0.18950928065166683
3103,18.819000000000003,74.179,0.43858,0.18612755080882226
3104,18.819000000000003,74.385,0.14144,0.17503216085102813
3105,18.82,74.222,0.1988,0.18320925741344374
3106,18.820999999999998,74.414,0.18336,0.17431109961036595
3107,18.822,74.722,0.15711,0.17467495089968277
3108,18.822,75.764,0.20047,0.2297487925231474
3109,18.823,74.694,0.19646,0.17402022370362613
3110,18.824,74.407,0.10214,0.17475322804627325
3111,18.824,74.92699999999999,0.18544000000000002,0.18324652791264584
3112,18.827,74.38600000000001,0.18074,0.17566524188532173
3113,18.827,74.393,0.1493,0.17543316404218745
3114,18.827,74.57,0.14144,0.17272344121760708
3115,18.828,75.992,0.23473000000000002,0.22717871354529595
3116,18.829,74.548,0.17549,0.17287412675935376
3117,18.83,74.403,0.094773,0.17536610655157747
3118,18.83,75.107,0.042249,0.1943198539714147
3119,18.83,74.05199999999999,0.31961,0.19840611387219087
3120,18.831,74.389,0.18336,0.17590063090699593
3121,18.831,74.392,0.12047999999999999,0.1758005866477952
3122,18.831,76.078,0.06179,0.2228173339216123
3123,18.833,74.40899999999999,0.1624,0.17543243958402954
3124,18.834,74.625,0.18594000000000002,0.17349274762069056
3125,18.834,73.768,0.081423,0.23415981439317002
3126,18.834,73.835,0.050094,0.2246904883708314
3127,18.834,74.135,0.17332,0.19120655897966643
3128,18.834,73.835,0.11233,0.2246904883708314
3129,18.834,74.859,0.1755,0.18022563384688517
3130,18.835,74.135,0.22345,0.1913150863022206
3131,18.835,74.7,0.08641900000000001,0.17479776280725945
3132,18.835,73.836,0.13530999999999999,0.22468600588584942
3133,18.836,73.817,0.1044,0.22743868223515773
3134,18.836,75.834,0.1044,0.2299649339179094
3135,18.836,73.987,0.66666,0.20600071536982378
3136,18.837,74.40100000000001,0.10214,0.17601329444375324
3137,18.837,74.51,0.10525999999999999,0.17369999112156542
3138,18.837,74.38600000000001,0.12834,0.1765133469971878
3139,18.838,74.404,0.19646,0.17600262142569045
3140,18.838,74.752,0.16121,0.1763374458435133
3141,18.838,74.406,0.10214,0.1759403004407296
3142,18.839000000000002,74.668,0.19646,0.17438567242137293
3143,18.84,74.01,0.2506,0.2039489348390483
3144,18.843,75.568,0.18377000000000002,0.22323051356022583
3145,18.844,74.747,0.08017,0.1764954545160211
3146,18.845,74.707,0.13614,0.17551012762069484
3147,18.846,74.686,0.13614,0.17512357882078955
3148,18.846,74.707,0.13355999999999998,0.17556634435413077
3149,18.846,74.673,0.12047999999999999,0.17488507397777375
3150,18.846,74.73100000000001,0.11524000000000001,0.17615721131042494
3151,18.848,74.449,0.14144,0.17559657946919294
3152,18.848,74.54899999999999,0.16764,0.1742021127081106
3153,18.85,74.15,0.24434,0.19169154307710634
3154,18.85,74.551,0.15319000000000002,0.17433723975080828
3155,18.851,74.22399999999999,0.14032,0.18619818918736508
3156,18.851,74.20100000000001,0.0856,0.18782418346121466
3157,18.851,73.819,0.083512,0.22916222361731897
3158,18.851,73.835,0.9711799999999999,0.22694087749059366
3159,18.851,73.819,0.13155,0.22916222361731897
3160,18.851,74.13600000000001,0.15244000000000002,0.19298067305411915
3161,18.852,74.202,0.06454700000000001,0.18785597065417303
3162,18.852,74.13600000000001,0.17959,0.1930909608842667
3163,18.852,74.13600000000001,0.26104,0.1930909608842667
3164,18.852999999999998,74.10600000000001,0.13573,0.19586201293505123
3165,18.852999999999998,76.092,0.015005000000000001,0.22154159670127804
3166,18.854,74.78399999999999,0.09855,0.17816835859669378
3167,18.854,74.822,0.18598,0.17953969292047045
3168,18.855,74.336,0.18336,0.180155817009941
3169,18.855,74.891,0.17374,0.18254466587957774
3170,18.855999999999998,74.77600000000001,0.12047999999999999,0.17800891789009365
3171,18.855999999999998,74.972,0.17374,0.1867269307946623
3172,18.857,74.73899999999999,0.19379000000000002,0.176974001819173
3173,18.858,74.59,0.18336,0.17485834098308017
3174,18.859,74.906,0.2105,0.1834242974234711
3175,18.861,74.538,0.11524000000000001,0.17522857789990065
3176,18.861,74.577,0.1493,0.17506318572212531
3177,18.862000000000002,75.14399999999999,0.1186,0.197362986813718
3178,18.864,74.76,0.12047999999999999,0.17794937639433872
3179,18.865,74.882,0.14668,0.18256217362001048
3180,18.867,74.685,0.1755,0.17638020209053518
3181,18.867,74.453,0.11525999999999999,0.17707703565949373
3182,18.868,74.773,0.13614,0.17855937705028657
3183,18.869,75.586,0.044245,0.22389893920290538
3184,18.869,74.78399999999999,0.086018,0.1789594037486797
3185,18.87,75.764,0.11692999999999999,0.22905963401172247
3186,18.872,76.135,0.11692999999999999,0.2182838861482158
3187,18.873,74.626,0.11259000000000001,0.17606427780608036
3188,18.873,76.13600000000001,0.20549,0.21820035934009296
3189,18.874000000000002,74.835,0.1988,0.18102752693998614
3190,18.875,74.755,0.060119000000000006,0.17843509142407366
3191,18.875999999999998,74.794,0.19384,0.17966845309838297
3192,18.875999999999998,74.958,0.12278,0.18673556616739695
3193,18.875999999999998,74.836,0.041739,0.18116873244789378
3194,18.878,74.86399999999999,0.09951900000000001,0.18239427553865972
3195,18.879,74.82,0.13358,0.18072943824905774
3196,18.88,74.1,0.30073,0.1995111522469103
3197,18.881,74.531,0.12834,0.1768478784466755
3198,18.882,74.45,0.1493,0.1784407185639728
3199,18.882,74.655,0.18074,0.17694657150288884
3200,18.882,74.704,0.15716,0.17768149556846624
3201,18.883,74.691,0.45611999999999997,0.17751432068928064
3202,18.884,74.862,0.19379000000000002,0.1826138980244102
3203,18.885,75.301,0.10022,0.2080774077980767
3204,18.886,75.087,0.20039,0.1944446952026685
3205,18.887,74.483,0.13097,0.17809718671464458
3206,18.887999999999998,74.917,0.17708,0.1852356001833262
3207,18.887999999999998,74.517,0.11262,0.17759133214291567
3208,18.887999999999998,74.645,0.16473,0.17726792595880148
3209,18.889,73.962,0.20298,0.21546156765347968
3210,18.89,74.938,0.17374,0.18633728267452743
3211,18.891,74.898,0.17374,0.18451115247697492
3212,18.893,74.532,0.12046,0.17780689748135203
3213,18.893,74.656,0.18336,0.17772715753365886
3214,18.895,74.694,0.12047999999999999,0.17836847815839996
3215,18.899,74.78699999999999,0.17792,0.18078659279172982
3216,18.9,73.597,0.8947299999999999,0.27042537360589847
3217,18.901,74.67699999999999,0.15035,0.17853758591787616
3218,18.903,76.042,0.16238,0.22420445550599344
3219,18.904,74.64,0.032081,0.1783951689022064
3220,18.904,75.123,0.13364,0.19726559852884218
3221,18.905,74.555,0.09951900000000001,0.17855552031126654
3222,18.905,74.844,0.16789,0.18305476728405734
3223,18.905,74.766,0.56139,0.18057067133651772
3224,18.906,76.215,0.15716,0.21120127011797363
3225,18.907,74.773,0.33331,0.1808866018803693
3226,18.907,74.793,0.13197,0.18146013384939386
3227,18.908,74.87100000000001,0.18336,0.18426773001800667
3228,18.908,73.939,0.25478,0.22070193431508778
3229,18.909000000000002,74.444,0.1231,0.18102945187150854
3230,18.91,74.82,0.15716,0.18250377206779067
3231,18.912,74.516,0.12047999999999999,0.17963304382349676
3232,18.912,74.632,0.15716,0.17895706823574065
3233,18.914,74.536,0.16764,0.17951203594931575
3234,18.914,74.51100000000001,0.050094,0.179891641672013
3235,18.915,75.133,0.08518200000000001,0.19828200898510728
3236,18.917,74.477,0.09428099999999999,0.18086724701348922
3237,18.918,74.497,0.14144,0.18051025615772986
3238,18.918,75.301,0.060319000000000005,0.2088492421212843
3239,18.92,75.931,0.11108,0.22840367764072955
3240,18.921,74.403,0.1362,0.18357240611100167
3241,18.922,75.17399999999999,0.10858,0.2010576288429624
3242,18.922,74.64,0.10737999999999999,0.17976918453100899
3243,18.925,74.52199999999999,0.08377899999999999,0.1806700315500669
3244,18.926,74.82300000000001,0.1624,0.1836014200499797
3245,18.926,75.033,0.19471,0.19296394864520938
3246,18.926,74.667,0.09604299999999999,0.18027060228503566
3247,18.927,74.697,0.14144,0.18069506761043774
3248,18.928,74.793,0.2222,0.1828167039808568
3249,18.929000000000002,74.69,0.15716,0.18075104316385526
3250,18.929000000000002,74.767,0.014687,0.18219580425359605
3251,18.929000000000002,75.46300000000001,0.15452,0.218600957749975
3252,18.93,74.979,0.10355999999999999,0.19034816249240283
3253,18.930999999999997,74.59899999999999,0.1493,0.18044881547972824
3254,18.932000000000002,74.575,0.15716,0.1806532847774457
3255,18.934,74.574,0.1362,0.18083121889939036
3256,18.934,74.836,0.16764,0.18454767390520943
3257,18.935,74.727,0.1044,0.18176880985528887
3258,18.935,74.314,0.16764,0.1892729269465807
3259,18.936,74.434,0.15185,0.18389748262056083
3260,18.937,74.571,0.19646,0.18111260017689013
3261,18.938,74.757,0.1988,0.18259481413696343
3262,18.939,74.482,0.14144,0.18276855377007595
3263,18.939,74.794,0.20965999999999999,0.18359227712007686
3264,18.939,74.84,0.18878,0.18500838303015854
3265,18.94,73.51,0.16455,0.29109964283407275
3266,18.94,74.788,0.09855,0.18349851064585876
3267,18.941,74.778,0.29822,0.18330888398499312
3268,18.942,74.616,0.11233,0.18133435775830342
3269,18.944000000000003,74.255,0.1624,0.19399343998869545
3270,18.944000000000003,74.69,0.09855,0.18190198202390517
3271,18.945,74.69800000000001,0.12612,0.18207715590761508
3272,18.945,74.582,0.16756,0.18172024861739955
3273,18.945,74.717,0.1988,0.18234827114421137
3274,18.945999999999998,74.74600000000001,0.01889,0.18294458193653174
3275,18.947,75.09,0.16789,0.19715401905467556
3276,18.947,74.831,0.16764,0.1852455784401944
3277,18.947,74.678,0.19384,0.18201313749394132
3278,18.948,73.508,0.21885,0.2926023944346464
3279,18.951,74.89699999999999,0.18598,0.18788771103714696
3280,18.952,74.678,0.1624,0.18241357656690005
3281,18.952,74.908,0.14144,0.18839596659173663
3282,18.953,75.806,0.10022,0.23002602623405233
3283,18.953,74.771,0.11524000000000001,0.1840053616616094
3284,18.954,74.562,0.19646,0.18269641042246387
3285,18.955,74.771,0.11787,0.1841530740929641
3286,18.955,75.028,0.13865,0.19419818813605005
3287,18.956,74.35300000000001,0.19384,0.18936890097982384
3288,18.956,74.465,0.14406,0.1848531466300818
3289,18.956,74.757,0.1988,0.18391846226769248
3290,18.956,73.577,0.63157,0.28184025437787963
3291,18.957,73.596,0.6210399999999999,0.2787568370692374
3292,18.958,74.634,0.14533,0.18268604128984933
3293,18.959,74.71300000000001,0.18878,0.18337661658682958
3294,18.96,74.958,0.18544000000000002,0.1910633997368637
3295,18.961,73.59899999999999,0.5684100000000001,0.27881725009109304
3296,18.961,73.59899999999999,0.61051,0.27881725009109304
3297,18.961,75.812,0.18336,0.23021555219962497
3298,18.961,73.59899999999999,0.55788,0.27881725009109304
3299,18.961,74.632,0.10737999999999999,0.1829401118423044
3300,18.961,73.59899999999999,0.76841,0.27881725009109304
3301,18.961,74.705,0.17708,0.18342900749213886
3302,18.962,73.593,0.86315,0.27997398546783614
3303,18.962,73.593,0.51577,0.27997398546783614
3304,18.963,73.594,0.9578899999999999,0.2799463711084903
3305,18.964000000000002,73.594,0.61051,0.2800880664009615
3306,18.964000000000002,74.654,0.15716,0.18324679142489575
3307,18.965,76.053,0.09604299999999999,0.22446037685943665
3308,18.967,73.59899999999999,0.65262,0.2796667054409129
3309,18.968,74.668,0.1755,0.18365562961176785
3310,18.97,74.699,0.16789,0.18408855155689263
3311,18.97,74.721,0.20465,0.18436973240134447
3312,18.97,74.84899999999999,0.15703,0.18742929623391558
3313,18.971,74.71300000000001,0.16789,0.1843399276835569
3314,18.973,74.006,0.066803,0.22089199248628433
3315,18.973,74.911,0.17540999999999998,0.18989087931457316
3316,18.973,74.694,0.20465,0.18428389593504924
3317,18.974,74.962,0.10135,0.19212456498302188
3318,18.975,74.697,0.18878,0.18448079052381927
3319,18.977,74.82600000000001,0.12863,0.18722743162511168
3320,18.977999999999998,75.047,0.14533,0.1965065623613983
3321,18.977999999999998,74.714,0.13614,0.18492663710352486
3322,18.979,74.83,0.17792,0.18749381591842884
3323,18.979,74.49600000000001,0.1231,0.1862510142355125
3324,18.98,74.767,0.20465,0.18598063201096104
3325,18.98,74.581,0.19379000000000002,0.18486382873347407
3326,18.983,74.921,0.31577,0.1909739615570678
3327,18.983,75.047,0.11525999999999999,0.19680683774617036
3328,18.984,74.668,0.12303,0.185023632090778
3329,18.984,74.583,0.14144,0.18521482494084995
3330,18.986,74.461,0.12047999999999999,0.1879586516989431
3331,18.986,75.17699999999999,0.20215,0.20414340717887902
3332,18.987000000000002,74.92699999999999,0.17374,0.19149329332845688
3333,18.988,74.741,0.14668,0.1861450014517264
3334,18.989,74.57300000000001,0.11262,0.18578990239399107
3335,18.99,74.885,0.17792,0.1901023897240781
3336,18.99,74.77,0.074322,0.18684186544428827
3337,18.992,74.757,0.018430000000000002,0.18675172501033854
3338,18.992,74.862,0.16789,0.18946235435439995
3339,18.992,74.896,0.1988,0.19064674774889945
3340,18.993,74.842,0.16706,0.18890824160685715
3341,18.993,74.873,0.24140999999999999,0.18990450230264344
3342,18.993,74.899,0.14701,0.19083020546578888
3343,18.994,74.858,0.19379000000000002,0.1894827972914237
3344,18.994,74.683,0.2105,0.1859832274519303
3345,18.994,74.878,0.1988,0.1901503219659071
3346,18.995,74.773,0.15703,0.18730894930840536
3347,18.995,74.55199999999999,0.20432,0.18665434779635803
3348,18.995,74.71,0.16365,0.18630990728627694
3349,18.996,74.483,0.1231,0.18829895845747258
3350,18.996,74.509,0.12834,0.18761179459493138
3351,18.996,74.84100000000001,0.17792,0.18910828902675259
3352,18.998,74.699,0.15945,0.18645873366661392
3353,18.998,74.792,0.16789,0.18796698388235122
3354,18.999000000000002,74.81,0.19713,0.18848464854585545
3355,19.0,74.896,0.11,0.19123324323545188
3356,19.000999999999998,74.66,0.18878,0.18649877749390875
3357,19.000999999999998,74.84,0.2222,0.18946626391613564
3358,19.000999999999998,75.508,0.18042,0.2231717964070189
3359,19.003,75.10600000000001,0.013033000000000001,0.20114445455276386
3360,19.003,74.392,0.78947,0.1924685461888933
3361,19.003,74.703,0.18878,0.186932145720635
3362,19.004,74.725,0.15703,0.18726241197209526
3363,19.004,73.96600000000001,0.15867,0.22974400459265132
3364,19.006,74.237,0.85964,0.2023926798493182
3365,19.007,74.863,0.24140999999999999,0.19063816645116738
3366,19.008,74.167,0.96491,0.20848523997818136
3367,19.008,74.892,0.21969,0.19169019450717317
3368,19.008,73.995,0.16032000000000002,0.22669212194723687
3369,19.009,74.85600000000001,0.1988,0.19057450033920076
3370,19.009,74.86,0.20965999999999999,0.1906990792247607
3371,19.01,74.846,0.20465,0.190351118801525
3372,19.011,75.578,0.088524,0.2265784840353251
3373,19.011,74.708,0.18878,0.18768427994765646
3374,19.011,74.887,0.25144,0.1917447033497035
3375,19.012,74.544,0.14406,0.18845899803286503
3376,19.012,74.656,0.58235,0.18749455227113854
3377,19.012,74.138,0.33331,0.21167259028942464
3378,19.012999999999998,74.202,0.31577,0.20603756154470843
3379,19.012999999999998,75.625,0.11025,0.22834644723487119
3380,19.012999999999998,74.885,0.2623,0.19183018017112152
3381,19.014,75.271,0.09951900000000001,0.21108923104735677
3382,19.014,74.705,0.23055,0.1879231938694922
3383,19.015,74.874,0.18878,0.19161795752851518
3384,19.018,74.03,0.17792,0.2238432772330189
3385,19.018,74.689,0.12612,0.1881630361162111
3386,19.02,74.891,0.18878,0.19258082113052244
3387,19.021,74.889,0.21969,0.19259070154595614
3388,19.021,74.464,0.15716,0.19148327526205433
3389,19.021,74.862,0.1988,0.1917126173680379
3390,19.022000000000002,74.575,0.16764,0.18895138119738353
3391,19.022000000000002,74.655,0.12044,0.18842339044183476
3392,19.024,74.876,0.17792,0.19239605296453688
3393,19.026,73.889,0.10649000000000002,0.24278381482310507
3394,19.027,74.163,0.17540999999999998,0.21116305607809782
3395,19.027,74.421,0.18074,0.19377347292256764
3396,19.027,74.876,0.18544000000000002,0.192636860715943
3397,19.029,74.65100000000001,0.26313000000000003,0.1890852476160494
3398,19.03,76.029,0.087689,0.22779673907663345
3399,19.03,74.47800000000001,0.14406,0.19197208154370848
3400,19.031,73.91,0.30992,0.24058080618959232
3401,19.032,73.869,0.11902,0.24637058886799457
3402,19.032,74.395,0.16764,0.19549803688060619
3403,19.034000000000002,74.57300000000001,0.15192,0.19017572162105412
3404,19.034000000000002,74.21,0.0068173,0.20788963529563953
3405,19.034000000000002,74.62,0.10607,0.18967970335681195
3406,19.035,74.632,0.18636,0.1897117491466156
3407,19.035999999999998,75.601,0.28068000000000004,0.22854923865915744
3408,19.037,73.439,0.25478,0.31728656026114554
3409,19.039,74.656,0.36414,0.19003746153170975
3410,19.039,74.797,0.1988,0.19152831433556528
3411,19.039,73.941,0.30156,0.23751869033627948
3412,19.039,73.953,0.30992,0.2359635300319688
3413,19.04,74.733,0.42613,0.19056328516338672
3414,19.041,74.613,0.56139,0.1904189697027956
3415,19.042,74.07,0.31326,0.22240469222565595
3416,19.042,74.69800000000001,0.47525,0.1904378908248643
3417,19.043,74.357,0.42103,0.1987024085816489
3418,19.043,75.717,0.13782,0.23204588994742015
3419,19.044,74.389,0.24559,0.19712822952546216
3420,19.048,75.074,0.33331,0.20251927849025952
3421,19.049,74.141,0.7719199999999999,0.21595584383319932
3422,19.049,74.663,0.17811,0.19100158459509153
3423,19.05,74.14399999999999,0.17332,0.21578998160291718
3424,19.05,75.085,0.081841,0.20321282128536122
3425,19.051,75.562,0.12863,0.22784296268508242
3426,19.051,75.854,0.38594,0.23329613972631413
3427,19.051,74.117,0.22763000000000003,0.2185859538298638
3428,19.052,75.437,0.11692999999999999,0.22224784805788955
3429,19.053,74.337,0.66666,0.2010088613349823
3430,19.054000000000002,74.165,0.6842,0.2142985339965674
3431,19.054000000000002,74.44800000000001,0.18598,0.19562512219506956
3432,19.055,74.388,0.1886,0.19841805925551048
3433,19.055,74.173,0.59648,0.21368549243670565
3434,19.055,74.328,0.12352,0.20179018774033197
3435,19.058,74.479,0.16764,0.19494215315287222
3436,19.058,75.068,0.24559,0.20296636593792172
3437,19.061,75.9,0.15035,0.2332504969060556
3438,19.062,74.82300000000001,0.005397,0.19414547519419412
3439,19.062,74.658,0.14701,0.19228239212142106
3440,19.063,75.089,0.09019500000000001,0.20437390196642402
3441,19.066,74.2,0.49121000000000004,0.21263331394368634
3442,19.067,74.743,0.17123,0.19320045608642966
3443,19.067,74.311,0.10522999999999999,0.20428111660749704
3444,19.07,73.854,0.08380399999999999,0.2535659743808164
3445,19.07,73.857,0.11524000000000001,0.25313519027186704
3446,19.070999999999998,75.566,0.088524,0.22909736380432622
3447,19.070999999999998,73.859,0.10477,0.25298145131560734
3448,19.070999999999998,73.861,0.10477,0.2526954386520728
3449,19.072,73.865,0.12577,0.2522576861493545
3450,19.072,74.73100000000001,0.14701,0.19355275353463486
3451,19.073,73.857,0.11524000000000001,0.2535335500045075
3452,19.073,73.858,0.11524000000000001,0.2533901725795199
3453,19.073,73.858,0.10477,0.2533901725795199
3454,19.073,73.854,0.13618,0.2539644869911012
3455,19.074,73.85600000000001,0.1362,0.25380981122435897
3456,19.074,74.839,0.15454,0.19561357036870486
3457,19.074,73.861,0.10477,0.25309351364845045
3458,19.075,73.862,0.1362,0.2530832806770057
3459,19.076,74.671,0.16789,0.1936668256886489
3460,19.079,73.859,0.10477,0.25404271590515237
3461,19.079,73.858,0.10477,0.2541860565585846
3462,19.079,75.301,0.06179,0.21677830233281725
3463,19.081,74.672,0.073486,0.19416970008541357
3464,19.081,74.375,0.61402,0.202078477048395
3465,19.083,74.123,0.49121000000000004,0.22200065751435993
3466,19.084,73.855,0.11524000000000001,0.25527955961909654
3467,19.084,73.851,0.11524000000000001,0.25585615472128687
3468,19.084,74.673,0.17792,0.1944726230496273
3469,19.085,73.86,0.08380399999999999,0.2546941823228185
3470,19.086,73.861,0.12572,0.25468334696622563
3471,19.087,74.19800000000001,0.31577,0.215393940221009
3472,19.087,74.59100000000001,0.42103,0.19538659539933745
3473,19.088,73.854,0.15716,0.2559531566900951
3474,19.088,74.033,0.8421,0.23248391504936006
3475,19.088,73.865,0.1362,0.2543764305797104
3476,19.09,73.858,0.1362,0.25564245614183156
3477,19.09,74.66,0.13614,0.1951055134231522
3478,19.090999999999998,73.865,0.1362,0.2547728812348945
3479,19.092,73.866,0.16764,0.2547623809816393
3480,19.093,73.863,0.12577,0.25532263771976493
3481,19.093,74.125,0.63157,0.22305925929309867
3482,19.094,74.723,0.16789,0.19564746719372006
3483,19.094,75.117,0.06687799999999999,0.20816504212648956
3484,19.095,74.682,0.14701,0.1955921619339941
3485,19.095,73.862,0.08380399999999999,0.25572974362118117
3486,19.095,75.98899999999999,0.084347,0.23274156957130931
3487,19.096,73.85600000000001,0.1362,0.25672281025652277
3488,19.096,74.661,0.16789,0.19572086284237644
3489,19.097,75.404,0.07014400000000001,0.2234113941757212
3490,19.097,74.789,0.18878,0.19673276208373636
3491,19.098,73.86,0.10477,0.2564121874143127
3492,19.098,74.506,0.14617,0.1984822656292461
3493,19.098,75.211,0.06179,0.2133175011645959
3494,19.101,74.641,0.63157,0.19633743999427378
3495,19.101,74.789,0.18878,0.19712142967786406
3496,19.101,74.903,0.10858,0.1998711579557415
3497,19.102,73.86399999999999,0.12572,0.25636695650430485
3498,19.102,74.646,0.56139,0.19641141210964597
3499,19.102999999999998,74.95,0.015197,0.20163901336763146
3500,19.102999999999998,74.377,0.12278,0.20453699341766296
3501,19.104,73.861,0.10477,0.25705982224808555
3502,19.104,74.382,0.47367,0.20438272257670653
3503,19.104,73.862,0.11524000000000001,0.2569165511793535
3504,19.105999999999998,75.805,0.093537,0.23639574571419086
3505,19.105999999999998,74.95,0.16789,0.20190829075704542
3506,19.107,75.207,0.38594,0.21380101737611468
3507,19.109,75.032,0.1587,0.20544263338836488
3508,19.109,74.638,0.49121000000000004,0.19720265840907114
3509,19.109,74.946,0.3684,0.2020361685707771
3510,19.113,74.793,0.14617,0.1983654583403196
3511,19.113,74.158,0.22804000000000002,0.22231856416240048
3512,19.114,74.664,0.32888,0.19758997967860314
3513,19.115,75.374,0.10136,0.22316491131542726
3514,19.121,75.251,0.1624,0.2172081723986674
3515,19.125,74.727,0.19379000000000002,0.19882959400394318
3516,19.125999999999998,74.789,0.1988,0.1995999449304885
3517,19.128,74.414,0.44693,0.2055584933713026
3518,19.131,74.161,0.66123,0.22429477414650545
3519,19.131,74.774,0.49121000000000004,0.1998959124621862
3520,19.131,73.703,0.31744,0.28476372586606424
3521,19.131,73.708,0.2648,0.28395861928470556
3522,19.132,74.77,0.26313000000000003,0.19994788094176874
3523,19.133,74.714,0.15703,0.1996003246191047
3524,19.133,73.709,0.23806999999999998,0.2840589960818981
3525,19.133,74.79,0.18878,0.20032363033139222
3526,19.134,74.855,0.1988,0.20169237000079865
3527,19.134,73.834,0.16288,0.2649176754618904
3528,19.134,74.737,0.14701,0.19983183809308436
3529,19.134,73.819,0.11275,0.26713682485063117
3530,19.134,74.15100000000001,0.13782,0.22564288274249134
3531,19.135,74.678,0.16789,0.19978159017645736
3532,19.135,73.851,0.15035,0.2625671123090828
3533,19.136,74.67699999999999,0.17792,0.19989085675449925
3534,19.136,74.79,0.094372,0.2006290968911797
3535,19.136,75.495,0.20432,0.2304504112138116
3536,19.136,73.946,0.50252,0.24954434658963354
3537,19.136,74.387,0.61402,0.20789529629741776
3538,19.137,74.85600000000001,0.17792,0.2020128755038374
3539,19.137999999999998,75.373,0.14406,0.22484785560710374
3540,19.139,73.939,0.026417000000000003,0.2508595197476903
3541,19.139,74.686,0.15703,0.2001976497303527
3542,19.14,74.774,0.16789,0.20082007676522895
3543,19.141,74.814,0.08936000000000001,0.2015343291876185
3544,19.144000000000002,74.14399999999999,0.5263,0.2275970282204295
3545,19.144000000000002,74.88600000000001,0.053527,0.20346920722051953
3546,19.145,74.279,0.24559,0.21595079675369422
3547,19.147000000000002,75.21,0.26313000000000003,0.21722370092698984
3548,19.148,74.235,0.58187,0.21979383888915138
3549,19.148,75.075,0.066836,0.21079699944792996
3550,19.148,74.175,0.6842,0.22510451826991495
3551,19.15,73.946,0.21156999999999998,0.2513587477527047
3552,19.151,75.574,0.12278,0.23469016681009536
3553,19.152,74.572,0.10477,0.2028542643335246
3554,19.153,73.71,0.44943999999999995,0.28649327792550305
3555,19.153,75.03699999999999,0.18336,0.2096130640192313
3556,19.155,73.943,0.10577,0.25240158660432443
3557,19.156,76.36,0.40349,0.20561654537647
3558,19.157,74.054,0.26447,0.23891112930530878
3559,19.157,74.793,0.11016,0.2028407807334025
3560,19.159000000000002,74.904,0.044245,0.20545979705401396
3561,19.159000000000002,75.286,0.1362,0.2221257553062559
3562,19.159000000000002,74.167,0.8421,0.2272485801937557
3563,19.16,74.25399999999999,0.94737,0.21973759402052773
3564,19.16,75.207,0.29822,0.2181950706574275
3565,19.160999999999998,75.319,0.051079,0.2239749388972485
3566,19.162,74.685,0.18878,0.2026900968301516
3567,19.163,74.748,0.02762,0.20297659680870084
3568,19.163,74.748,0.011663,0.20297659680870084
3569,19.163,74.748,0.006650199999999999,0.20297659680870084
3570,19.164,74.749,0.0015706,0.2030913081257535
3571,19.165,75.179,0.12047999999999999,0.2172440937851341
3572,19.166,74.747,0.0262,0.20329056720712535
3573,19.166,74.753,0.015757,0.20333748588129885
3574,19.166,74.758,0.0068173,0.20338067607694033
3575,19.167,74.307,0.40349,0.21662731600754248
3576,19.168,74.71300000000001,0.15703,0.20334543643531267
3577,19.168,73.888,0.3166,0.26157475421110565
3578,19.169,73.79899999999999,0.13222,0.2746758650490201
3579,19.169,73.874,0.39597,0.2636778325032003
3580,19.169,73.874,0.50458,0.2636778325032003
3581,19.169,73.711,0.37006999999999995,0.28838660369245084
3582,19.169,73.712,0.21134,0.28822649756245067
3583,19.169,73.87,0.74051,0.2642466342286688
3584,19.17,73.796,0.1587,0.2752582605765489
3585,19.17,74.71,0.15703,0.20355817866818127
3586,19.17,73.877,0.26397,0.26338142030260314
3587,19.17,74.682,0.033301,0.20357702419874946
3588,19.17,74.72,0.16789,0.20358136973250152
3589,19.17,74.777,0.21969,0.20400353713499175
3590,19.17,74.79899999999999,0.0065666,0.20429353376006543
3591,19.171,74.55199999999999,0.026417000000000003,0.2054843552533494
3592,19.171,73.876,0.50207,0.2636517925517089
3593,19.171,74.757,0.0058147,0.2039077006632003
3594,19.172,74.608,0.5263,0.20447008087406782
3595,19.172,73.57300000000001,0.61402,0.3116091222530043
3596,19.172,74.752,0.0062325,0.2039739869731716
3597,19.174,74.694,0.10189,0.20399401254102167
3598,19.174,74.73899999999999,0.0028906999999999995,0.2041010584134273
3599,19.174,73.557,0.57309,0.3145842455279443
3600,19.174,73.825,0.42317,0.27142849016597603
3601,19.174,74.734,0.0063995,0.204073741427801
3602,19.174,73.829,0.23801999999999998,0.27083719358848857
3603,19.174,73.829,0.37027,0.27083719358848857
3604,19.174,74.76100000000001,0.0060653999999999994,0.20426585529241792
3605,19.174,73.796,0.29095,0.2757716312584251
3606,19.174,73.825,0.13222,0.27142849016597603
3607,19.175,73.719,0.0526,0.28787374160997914
3608,19.175,73.82600000000001,0.47607,0.2714088575522139
3609,19.175,74.69800000000001,0.76703,0.20410086968598296
3610,19.175,74.824,0.0082375,0.20522924487712968
3611,19.176,73.827,0.42317,0.2713892935338893
3612,19.176,73.876,0.68771,0.2642948232437409
3613,19.176,74.669,0.1988,0.2042954048250757
3614,19.176,74.72,0.17792,0.20423624893697512
3615,19.176,73.57300000000001,0.39764,0.3121078051426479
3616,19.176,73.714,0.21134,0.2887987942371435
3617,19.176,73.875,0.23723000000000002,0.2644365550307588
3618,19.176,74.762,0.004227399999999999,0.20449039586819806
3619,19.177,73.846,0.0526,0.2687310863283383
3620,19.177,74.72399999999999,0.10577,0.20435824413221315
3621,19.177,74.789,0.014669999999999999,0.20489817026403456
3622,19.177,73.932,0.21159,0.25670147966567936
3623,19.178,74.757,0.087104,0.20466243658109573
3624,19.178,73.921,0.052867,0.2583125480722881
3625,19.178,74.757,0.0036426,0.20466243658109573
3626,19.178,74.753,0.015005000000000001,0.20463012236627487
3627,19.179000000000002,74.748,0.0033084000000000004,0.2047016591249463
3628,19.179000000000002,73.922,0.29091999999999996,0.2583054416554974
3629,19.179000000000002,73.92699999999999,0.87284,0.2576300901884352
3630,19.179000000000002,74.608,0.1851,0.20526583189705083
3631,19.18,73.887,0.63474,0.2632580259821675
3632,19.18,73.887,0.10572999999999999,0.2632580259821675
3633,19.18,74.658,0.42846999999999996,0.20481109963532151
3634,19.18,74.727,0.079318,0.20469746825818957
3635,19.18,74.74,0.0070679,0.20475947853752852
3636,19.18,73.548,0.21159,0.31686493401882954
3637,19.18,73.798,0.13222,0.2762371182297677
3638,19.18,74.672,0.12612,0.20472633846777788
3639,19.18,75.173,0.12445,0.21831169858719846
3640,19.180999999999997,73.876,0.58144,0.2649365272380215
3641,19.180999999999997,74.782,0.16789,0.2052395103921293
3642,19.180999999999997,73.893,0.1587,0.2625474634663455
3643,19.180999999999997,73.896,0.079334,0.26212986057269794
3644,19.180999999999997,73.92399999999999,0.10577,0.2582915109007775
3645,19.180999999999997,74.847,0.15454,0.20630439578143966
3646,19.180999999999997,73.79899999999999,0.47608999999999996,0.276213808036585
3647,19.180999999999997,73.892,0.1445,0.2626869331432877
3648,19.182000000000002,74.431,0.095208,0.2111591177347003
3649,19.182000000000002,73.804,0.1587,0.2755878125808777
3650,19.183,74.27,0.40349,0.22133611176727275
3651,19.183,73.83800000000001,0.10577,0.27066754986148167
3652,19.184,73.904,0.079334,0.2614067698540026
3653,19.184,74.29899999999999,0.0034755000000000003,0.2192923784655848
3654,19.184,74.67399999999999,0.17792,0.20516389534416324
3655,19.184,73.77600000000001,0.18544000000000002,0.2800992198825595
3656,19.184,73.836,0.66164,0.2710885475079273
3657,19.185,73.844,0.31744,0.27004687450743103
3658,19.185,73.892,0.026701,0.26319950118754254
3659,19.185,74.732,0.13222,0.20526628519931622
3660,19.186,74.766,0.016508000000000002,0.20560962325352772
3661,19.187,75.91199999999999,0.07599299999999999,0.24119943342253158
3662,19.187,73.839,0.5029100000000001,0.27103234829211487
3663,19.187,74.37100000000001,0.026417000000000003,0.21495048458381472
3664,19.188,73.85,0.026701,0.26955824228831804
3665,19.189,73.86,0.34417,0.2682428605304571
3666,19.189,74.76899999999999,0.23801999999999998,0.2059644416109635
3667,19.19,73.921,0.5554600000000001,0.25985011450245876
3668,19.19,73.89,0.66164,0.2641183156311916
3669,19.19,73.957,0.60832,0.2550619339297816
3670,19.19,74.444,0.1587,0.21151651521545256
3671,19.19,74.671,0.1988,0.205852683085878
3672,19.19,74.708,0.18512,0.20576107240336206
3673,19.19,74.767,0.017845,0.20605426589608955
3674,19.19,73.834,0.37006999999999995,0.27214795196039876
3675,19.191,74.527,0.50249,0.20850524271606363
3676,19.191,73.938,0.052867,0.25769379629425926
3677,19.191,74.589,0.082258,0.20697371695769506
3678,19.191,73.74600000000001,0.18544000000000002,0.2856388614196148
3679,19.191,74.67,0.16789,0.20597084900343088
3680,19.192,74.727,0.17792,0.2060189676840336
3681,19.192,74.842,0.1988,0.2073654112235217
3682,19.192,75.191,0.33331,0.220296880503148
3683,19.192,73.745,0.13197,0.28592177657845486
3684,19.192999999999998,73.83800000000001,0.79364,0.27194353134317173
3685,19.192999999999998,74.719,0.34381999999999996,0.20610832277723212
3686,19.192999999999998,74.76899999999999,0.15703,0.2064005083622169
3687,19.192999999999998,73.744,0.0526,0.2862046791185757
3688,19.192999999999998,74.529,0.1587,0.20868031318004976
3689,19.194000000000003,74.566,0.39671999999999996,0.20781200561547641
3690,19.194000000000003,73.80199999999999,0.1587,0.2774164918520179
3691,19.194000000000003,74.134,0.63157,0.23493553480665796
3692,19.194000000000003,73.743,0.079334,0.2864875677601826
3693,19.194000000000003,73.771,0.026701,0.28213702851483724
3694,19.194000000000003,74.676,0.21969,0.2062776826429925
3695,19.194000000000003,74.679,0.081841,0.2062640728153743
3696,19.195,74.64399999999999,0.50249,0.20662802011407266
3697,19.195,74.658,0.46197,0.20650341311207754
3698,19.195999999999998,74.572,0.39671999999999996,0.2079076260046232
3699,19.195999999999998,74.548,0.50249,0.20849560151074864
3700,19.197,74.55199999999999,0.052867,0.20850765236649105
3701,19.198,74.373,0.31735,0.21617601798072372
3702,19.198,74.766,0.004478,0.2069203301189083
3703,19.198,74.485,0.42321000000000003,0.2107662519819461
3704,19.199,73.745,0.2648,0.28680384061802877
3705,19.199,75.07300000000001,0.12445,0.21554253846404958
3706,19.199,73.681,0.0526,0.2970090659435285
3707,19.199,73.919,0.6876800000000001,0.2612700706825891
3708,19.199,74.77600000000001,0.0061489,0.20712639216287487
3709,19.2,73.767,0.31744,0.283510888012245
3710,19.201,73.67,0.21134,0.29904681060251614
3711,19.201,74.384,0.68771,0.21590803228889277
3712,19.201,73.76,0.10607,0.28471916099506944
3713,19.202,73.679,0.8195399999999999,0.2977067717016302
3714,19.202,74.65100000000001,0.5289699999999999,0.20735934775860554
3715,19.202,73.947,0.26447,0.2579044529703961
3716,19.202,74.718,0.17792,0.20710990745466962
3717,19.202,73.745,0.1587,0.2871806209695471
3718,19.203,74.564,0.18512,0.20891071837335862
3719,19.203,74.70100000000001,0.079318,0.20721811182085337
3720,19.203,74.986,0.050336,0.21253684460857947
3721,19.204,73.89399999999999,0.2907,0.26534377635016293
3722,19.204,74.017,0.34384000000000003,0.24929159336973994
3723,19.204,74.017,0.37024,0.24929159336973994
3724,19.204,73.709,0.10607,0.29312376005183927
3725,19.204,73.891,0.31744,0.2657619067921898
3726,19.204,74.018,0.29179,0.24917031414636737
3727,19.205,73.913,0.7669100000000001,0.2628506794093799
3728,19.205,74.672,0.17792,0.20754444606936961
3729,19.205,74.387,0.052867,0.21622703621019568
3730,19.206,74.727,0.13222,0.20757735625220608
3731,19.206,73.892,0.21134,0.2658762557546869
3732,19.206,75.225,0.38594,0.22326855132274737
3733,19.206,73.906,0.47617,0.2639372858421998
3734,19.206,73.672,0.026701,0.29934047588238066
3735,19.207,73.9,0.10607,0.2648919548776395
3736,19.207,74.376,0.8947299999999999,0.21710164779905616
3737,19.207,74.861,0.19379000000000002,0.2093581155654891
3738,19.207,73.709,0.39681,0.2934972841294178
3739,19.209,74.209,0.13782,0.22966303367714846
3740,19.209,74.903,0.087689,0.21058068916873374
3741,19.209,75.6,0.40349,0.24019862538385628
3742,19.209,73.874,0.21159,0.2687871575225753
3743,19.209,73.916,0.42321000000000003,0.26294927317418737
3744,19.209,73.875,0.21134,0.2686454704313138
3745,19.21,73.875,0.21156999999999998,0.2687720018967529
3746,19.21,73.668,0.23806999999999998,0.30048580191391794
3747,19.21,74.506,0.084347,0.21143528649304688
3748,19.21,74.551,0.5554600000000001,0.21006195303819752
3749,19.211,73.682,0.5029100000000001,0.2983348244807156
3750,19.211,74.67,0.16789,0.20824063610254795
3751,19.212,73.74600000000001,0.34384000000000003,0.28827480743388867
3752,19.212,73.758,0.058448,0.28640765217206343
3753,19.212,73.75,0.58478,0.28765084542190855
3754,19.213,74.664,0.18878,0.20851064286179055
3755,19.214000000000002,73.905,0.079334,0.2650886937314365
3756,19.214000000000002,74.689,0.15703,0.20849064412164053
3757,19.215999999999998,73.678,0.5555399999999999,0.2995983859319701
3758,19.215999999999998,73.76,0.2648,0.2865966888854824
3759,19.215999999999998,73.908,0.10607,0.26492928248937
3760,19.217,75.808,0.081841,0.24453244252326312
3761,19.218,74.666,0.17792,0.20906988842235052
3762,19.219,74.809,0.11609000000000001,0.20973061447841645
3763,19.22,74.208,0.17959,0.23113313924600865
3764,19.22,74.673,0.14701,0.2092529233253171
3765,19.22,74.67399999999999,0.15703,0.2092468645641582
3766,19.22,74.691,0.14701,0.20916841025804156
3767,19.221,74.483,0.14901,0.21359898739397232
3768,19.221,75.264,0.3684,0.22660002287162928
3769,19.221,75.587,0.38594,0.24081194696787855
3770,19.222,74.673,0.16789,0.2094827408253297
3771,19.223,75.607,0.33331,0.24162168934683093
3772,19.223,74.673,0.18878,0.20959775683611026
3773,19.223,74.678,0.1186,0.20956860082569329
3774,19.224,74.196,0.15452,0.23271997826042623
3775,19.224,74.673,0.15703,0.20971284381422317
3776,19.224,75.443,0.42103,0.23541782087816143
3777,19.225,73.639,0.23806999999999998,0.30706906132527567
3778,19.225,74.669,0.18878,0.2098544772965385
3779,19.225,75.238,0.28068000000000004,0.2257129822580154
3780,19.225,74.381,0.11275,0.2190187576954723
3781,19.225,74.609,0.58228,0.21056744173950204
3782,19.225,74.609,0.37006999999999995,0.21056744173950204
3783,19.226,74.609,0.34417,0.2106845899071056
3784,19.226,74.672,0.17792,0.2099496366430892
3785,19.226,74.609,0.31744,0.2106845899071056
3786,19.226,74.609,0.52881,0.2106845899071056
3787,19.226,74.61,0.18544000000000002,0.21066774216539397
3788,19.226,74.686,0.1988,0.2098745480195876
3789,19.226,75.419,0.43858,0.2345164896689984
3790,19.226,75.718,0.33331,0.24450606958894905
3791,19.226,75.874,0.42103,0.24497261148008564
3792,19.227,74.609,0.52881,0.2108017981025163
3793,19.227,74.75399999999999,0.16873,0.21005831668487362
3794,19.227999999999998,74.689,0.1988,0.21009220987054578
3795,19.227999999999998,73.913,0.10607,0.265757824125024
3796,19.227999999999998,75.592,0.28068000000000004,0.2415887617028939
3797,19.23,74.678,0.1988,0.21037459973463757
3798,19.232,75.837,0.26313000000000003,0.24577170403775617
3799,19.233,74.791,0.10858,0.21105686819767033
3800,19.233,74.782,0.18878,0.2109608586162819
3801,19.233,75.49,0.15035,0.23825511011994505
3802,19.234,74.697,0.16789,0.21075590902078212
3803,19.234,75.95,0.29822,0.2442225608334918
3804,19.234,74.675,0.18878,0.2108547128097441
3805,19.236,75.15,0.11275,0.2226302218027031
3806,19.236,76.031,0.11692999999999999,0.2414815513104952
3807,19.237000000000002,74.68,0.17026,0.21117258665101035
3808,19.238,74.207,0.13113,0.2334810311508373
3809,19.238,74.17699999999999,0.1963,0.23624970615483254
3810,19.239,75.018,0.11275,0.21742818369122296
3811,19.239,74.681,0.18878,0.2113988081374064
3812,19.24,74.28399999999999,0.18544000000000002,0.22735826177804264
3813,19.241,74.209,0.10189,0.23367816331549562
3814,19.241,74.676,0.24140999999999999,0.21166019625770804
3815,19.241,75.308,0.24559,0.23066185443338683
3816,19.241,74.411,0.12111,0.21932653974978544
3817,19.241,74.67399999999999,0.16789,0.2116730980021333
3818,19.241,76.023,0.22804000000000002,0.2422794504149015
3819,19.242,74.705,0.12612,0.211659970208933
3820,19.242,74.742,0.17792,0.211701100572943
3821,19.242,74.782,0.1988,0.21197540940023074
3822,19.243,75.601,0.38594,0.24321413980463058
3823,19.244,74.672,0.17792,0.21203580351938844
3824,19.244,74.685,0.13614,0.21195811012364563
3825,19.245,74.551,0.10782,0.21422212305379706
3826,19.245,74.727,0.17792,0.21200384415224272
3827,19.245,74.703,0.1988,0.21201043890498716
3828,19.246,74.782,0.1988,0.2124283885690077
3829,19.246,75.694,0.1755,0.2458442732360111
3830,19.247,73.846,0.34384000000000003,0.27755330555604596
3831,19.247,75.215,0.12695,0.22676811138712127
3832,19.248,73.844,0.26447,0.27796644606469556
3833,19.248,73.846,0.026417000000000003,0.2776767903564471
3834,19.248,74.66199999999999,0.21969,0.21258158160945917
3835,19.249000000000002,73.844,0.21159,0.2780898176849117
3836,19.249000000000002,73.845,0.026417000000000003,0.2779449479783701
3837,19.25,73.845,0.052867,0.2780682586054397
3838,19.25,73.846,0.026417000000000003,0.27792352533170517
3839,19.25,74.557,0.13614,0.21465888014331214
3840,19.25,74.017,0.2907,0.25510177491469455
3841,19.250999999999998,73.847,0.79348,0.27790217840584774
3842,19.250999999999998,74.723,0.15703,0.2126905339479197
3843,19.250999999999998,73.846,0.34384000000000003,0.2780467749842698
3844,19.252,73.847,0.052867,0.2780253670987376
3845,19.252,75.762,0.17540999999999998,0.24734978828467824
3846,19.252,73.847,0.026417000000000003,0.2780253670987376
3847,19.252,74.893,0.22804000000000002,0.21498469696969746
3848,19.253,73.848,0.052867,0.27800403523101425
3849,19.253,74.453,0.13447,0.2187426559638489
3850,19.253,75.71,0.17549,0.24676578153869255
3851,19.254,73.84899999999999,0.079318,0.27798277965490203
3852,19.254,75.21600000000001,0.33331,0.22751855979742186
3853,19.254,75.212,0.28068000000000004,0.2273294023994371
3854,19.254,75.70100000000001,0.17407,0.24669868235844628
3855,19.255,74.671,0.16789,0.2133281786894825
3856,19.256,74.142,0.08936000000000001,0.24193869951807845
3857,19.258,74.665,0.13614,0.21372819008337673
3858,19.259,74.263,0.16873,0.2313614644367311
3859,19.261,74.335,0.44961,0.22633136346909832
3860,19.261,74.334,0.13222,0.22639824443654089
3861,19.262,74.354,0.61402,0.22521904595278452
3862,19.262999999999998,75.211,0.43858,0.22819605929372377
3863,19.264,75.208,0.43858,0.2281575145782908
3864,19.266,74.47399999999999,0.10472999999999999,0.21941866292150225
3865,19.266,75.21,0.38594,0.22845597548311025
3866,19.266,75.21600000000001,0.29822,0.22873754339884345
3867,19.267,74.17,0.16706,0.24055371436787065
3868,19.269000000000002,75.541,0.3684,0.24359723051465598
3869,19.27,74.703,0.086018,0.21492175128929547
3870,19.272000000000002,74.602,0.050211,0.21626278774184726
3871,19.273,74.249,0.1963,0.23424282711951327
3872,19.273,75.605,0.25227,0.2461187564072802
3873,19.273,75.001,0.14406,0.22046746390737604
3874,19.274,74.92399999999999,0.12278,0.21821163629969342
3875,19.277,73.715,0.13113,0.3010183701124396
3876,19.277,74.64699999999999,0.077663,0.2161582643945278
3877,19.278,74.118,0.11025,0.24716128689323802
3878,19.279,74.15899999999999,0.75438,0.24312081143408126
3879,19.28,74.285,0.8947299999999999,0.23226261596962938
3880,19.281,74.094,0.079334,0.25010227731556445
3881,19.282,74.017,0.66123,0.25908477196703883
3882,19.283,74.025,0.9782799999999999,0.2582452509136579
3883,19.283,74.018,0.34384000000000003,0.2590874207722428
3884,19.283,74.018,0.5379999999999999,0.2590874207722428
3885,19.283,75.817,0.22804000000000002,0.25044900308421014
3886,19.283,75.819,0.14032,0.25044750821270834
3887,19.283,75.867,0.3684,0.25019275943650054
3888,19.283,75.9,0.26313000000000003,0.24976328834531591
3889,19.283,75.917,0.38594,0.24945731036766272
3890,19.285999999999998,74.148,0.59648,0.24508196832294948
3891,19.285999999999998,76.274,0.40349,0.22787799994741875
3892,19.29,75.944,0.15035,0.24951741259349858
3893,19.29,74.141,0.66666,0.24628297828644818
3894,19.292,75.917,0.47367,0.25031690404991
3895,19.293,73.84100000000001,0.21384,0.2838690217107709
3896,19.294,74.619,0.31577,0.21859372216889195
3897,19.296,74.043,0.34334000000000003,0.2577189189509703
3898,19.296,74.777,0.013083000000000001,0.21814655018959228
3899,19.297,74.777,0.0086553,0.2182634344952461
3900,19.297,74.664,0.85964,0.21835850362285447
3901,19.299,73.675,0.34417,0.3099067779311666
3902,19.299,73.676,0.39681,0.30974707570123095
3903,19.3,75.15,0.35086,0.22930514232406407
3904,19.301,75.429,0.077663,0.2422147230038837
3905,19.303,75.469,0.3684,0.24411866438019802
3906,19.305,74.697,0.16789,0.21907974794187268
3907,19.307000000000002,74.78399999999999,0.083512,0.21948997213391608
3908,19.307000000000002,75.275,0.42103,0.2357674465065397
3909,19.309,76.134,0.1044,0.24250245546977245
3910,19.309,76.139,0.31577,0.24215221895568373
3911,19.31,75.453,0.10189,0.24416046916848255
3912,19.311,74.57,0.11609000000000001,0.22168479793170126
3913,19.315,74.733,0.15285,0.2202012805366932
3914,19.317,75.967,0.45611999999999997,0.2515258375259596
3915,19.317,74.048,0.34334000000000003,0.25970966816343954
3916,19.317999999999998,74.048,0.5554600000000001,0.25983153315723695
3917,19.319000000000003,75.428,0.054939,0.24401592498226365
3918,19.319000000000003,74.06,0.2907,0.2585749204848261
3919,19.319000000000003,75.14699999999999,0.11692999999999999,0.23123801138119238
3920,19.32,74.06,0.42321000000000003,0.2586968413938723
3921,19.32,75.438,0.12829000000000002,0.2445501557133618
3922,19.32,75.432,0.086352,0.24429233337701406
3923,19.325,75.442,0.12044,0.24523916621588993
3924,19.326,75.005,0.1231,0.2265062333498219
3925,19.326,73.45,0.16706,0.34985929373197566
3926,19.326,75.345,0.088524,0.2410279363674238
3927,19.326,75.442,0.10732,0.24534311582071333
3928,19.326,76.104,0.086018,0.24619997236084668
3929,19.328,74.418,0.12044,0.22966679321286876
3930,19.331,75.438,0.17549,0.2456943307268762
3931,19.332,74.014,0.5554600000000001,0.2655475072412924
3932,19.332,75.441,0.14442,0.24592659120623073
3933,19.332,74.02600000000001,0.12612,0.26411016384107333
3934,19.333,74.025,0.52881,0.26434959431311145
3935,19.337,75.038,0.33331,0.2288989027331364
3936,19.337,75.589,0.3684,0.2519769262092021
3937,19.339000000000002,74.03699999999999,0.44943999999999995,0.26365481071590846
3938,19.34,74.543,0.068624,0.22597431306696925
3939,19.340999999999998,74.032,0.31577,0.2644823732469269
3940,19.340999999999998,75.419,0.15787,0.245929913965086
3941,19.342,74.04899999999999,0.31735,0.2626214415613063
3942,19.344,75.618,0.23055,0.25355531732281456
3943,19.349,74.84,0.15978,0.22508893758630655
3944,19.35,74.808,0.12445,0.2247951332055551
3945,19.352999999999998,74.775,0.24140999999999999,0.22487268762796608
3946,19.355,75.454,0.33331,0.2489026116800963
3947,19.355,74.58,0.16472,0.22679381443761315
3948,19.355999999999998,75.76100000000001,0.077663,0.257485960829834
3949,19.355999999999998,75.321,0.31577,0.24315169255281643
3950,19.355999999999998,75.62,0.23055,0.2548607993985118
3951,19.357,75.62100000000001,0.25144,0.2549931124874286
3952,19.358,76.334,0.42103,0.2287173599757769
3953,19.359,75.025,0.29822,0.2309549964999399
3954,19.359,75.197,0.0526,0.2378515365983197
3955,19.363,75.64699999999999,0.1988,0.2562973045494954
3956,19.364,75.62899999999999,0.14701,0.2559449753608769
3957,19.364,75.63,0.20965999999999999,0.25597138587592416
3958,19.365,75.226,0.28068000000000004,0.2398152911945749
3959,19.365,75.63,0.18878,0.256076915452641
3960,19.366,75.64399999999999,0.20965999999999999,0.2565399122214319
3961,19.369,75.53399999999999,0.22804000000000002,0.25349711195345004
3962,19.37,75.124,0.14365999999999998,0.23596917086516922
3963,19.371,76.158,0.12662,0.24729607157356426
3964,19.372,75.64399999999999,0.23055,0.25717501709793056
3965,19.374000000000002,75.67699999999999,0.20965999999999999,0.2581342968746704
3966,19.375,74.74600000000001,0.34417,0.22739712475421392
3967,19.375,74.777,0.050094,0.22751855431925205
3968,19.381,74.426,0.13355999999999998,0.23576127326042107
3969,19.384,73.914,0.072651,0.2843267147494285
3970,19.384,74.562,0.083512,0.23079957994662126
3971,19.384,74.459,0.087689,0.23454003523256517
3972,19.384,76.48100000000001,0.40349,0.21096878504922156
3973,19.385,74.543,0.22971999999999998,0.23147483206161046
3974,19.386,74.556,0.10732,0.2312118175833623
3975,19.387,75.074,0.37006999999999995,0.23595224426133599
3976,19.387999999999998,73.70100000000001,0.13949,0.3154992312886412
3977,19.387999999999998,74.637,0.42103,0.22969071253010376
3978,19.389,74.638,0.56139,0.22979724498924714
3979,19.389,75.59,0.40349,0.2575039116162452
3980,19.389,76.497,0.13097,0.208955739188173
3981,19.39,75.476,0.11692999999999999,0.2535768502777611
3982,19.392,74.07300000000001,0.00025899,0.26584675200874874
3983,19.392,76.675,0.23974,0.1754540624156381
3984,19.392,75.138,0.10189,0.23905956473785617
3985,19.393,74.641,0.33331,0.2302393241522518
3986,19.394000000000002,74.274,0.39671999999999996,0.2471217257054954
3987,19.394000000000002,75.434,0.28068000000000004,0.2523020492663085
3988,19.395,74.256,0.8199299999999999,0.24866564068543884
3989,19.395,74.12899999999999,0.40934,0.2602571969726739
3990,19.395,74.683,0.1963,0.2300100731766671
3991,19.395,76.388,0.13113,0.22604674106973865
3992,19.395,74.274,0.23799,0.24724241589274487
3993,19.396,74.274,0.34384000000000003,0.2473630551521444
3994,19.397000000000002,75.434,0.22804000000000002,0.2526330151737357
3995,19.398,75.066,0.33331,0.2369300898810789
3996,19.4,75.066,0.38594,0.23716276485228538
3997,19.401,74.45,0.15716,0.23702913581415375
3998,19.402,74.652,0.31577,0.23118255762452722
3999,19.403,75.83800000000001,0.21885,0.2626567774744396
4000,19.405,74.47399999999999,0.19471,0.2364441968516714
4001,19.405,75.717,0.26313000000000003,0.26217607779615104
4002,19.405,75.43,0.2105,0.2533514059914258
4003,19.405,73.532,0.14747000000000002,0.34391575595838375
4004,19.405,74.20100000000001,0.12528,0.25454886106169794
4005,19.406,74.49,0.1592,0.23590675148468265
4006,19.406,75.688,0.38594,0.2617914014604962
4007,19.408,75.452,0.11777,0.25459452304990815
4008,19.409000000000002,75.071,0.14951,0.23839619525737044
4009,19.409000000000002,75.072,0.19964,0.23843326380826924
4010,19.410999999999998,74.027,0.41768999999999995,0.2732722523749339
4011,19.412,74.502,0.17174,0.23617185257289952
4012,19.415,75.329,0.058615,0.25007079521085285
4013,19.416,75.306,0.33331,0.24915480221502528
4014,19.417,75.811,0.14144,0.2642322019328207
4015,19.42,75.219,0.38594,0.24573670628211886
4016,19.42,75.225,0.35086,0.24600023326567955
4017,19.421,75.54899999999999,0.3684,0.25968577677538973
4018,19.422,74.667,0.18878,0.23343527288055843
4019,19.423,75.218,0.35086,0.24603779446957585
4020,19.423,75.233,0.2105,0.2466971168616382
4021,19.424,75.23899999999999,0.28068000000000004,0.24707692697319716
4022,19.425,75.225,0.28068000000000004,0.2465748254995327
4023,19.425,75.421,0.43858,0.25520819911172155
4024,19.429000000000002,75.236,0.26313000000000003,0.24751907226721725
4025,19.43,75.822,0.31577,0.2656567272301552
4026,19.430999999999997,75.955,0.22804000000000002,0.26396288726159056
4027,19.430999999999997,75.47399999999999,0.35086,0.2580419182428513
4028,19.432000000000002,75.594,0.38594,0.2623408794957923
4029,19.432000000000002,75.828,0.31577,0.2658664284349591
4030,19.432000000000002,76.493,0.29822,0.21488844304018861
4031,19.433,74.752,0.055942,0.23441010536100304
4032,19.435,75.419,0.28068000000000004,0.25625100223435004
4033,19.435,75.751,0.31577,0.26589357392592194
4034,19.436,75.58800000000001,0.28068000000000004,0.2626062458203392
4035,19.436,74.23899999999999,0.40349,0.25493762083259286
4036,19.436,75.241,0.24559,0.24854569946686078
4037,19.436,75.258,0.28068000000000004,0.24929739298023068
4038,19.437,76.507,0.28068000000000004,0.21320768427989856
4039,19.438,74.057,0.14282999999999998,0.27290863566495616
4040,19.438,75.885,0.40349,0.26610639455494234
4041,19.439,75.53699999999999,0.40349,0.2612790013396805
4042,19.441,75.60300000000001,0.3684,0.26360641222055525
4043,19.449,75.28399999999999,0.43858,0.2519479623292923
4044,19.449,75.73100000000001,0.38594,0.2672202740796964
4045,19.45,75.25,0.3684,0.2505592768483441
4046,19.451,75.296,0.35086,0.2527108599965556
4047,19.451,76.373,0.22804000000000002,0.234716170467844
4048,19.453,75.01100000000001,0.2105,0.24150992132231963
4049,19.453,75.717,0.26313000000000003,0.26747227132033813
4050,19.453,74.074,0.22637,0.2727206438375527
4051,19.453,75.25399999999999,0.3684,0.25108268979237525
4052,19.454,75.251,0.43858,0.2510663693220663
4053,19.454,74.775,0.0029074,0.2370278329053841
4054,19.455,74.469,0.13832,0.24270770635158567
4055,19.456,75.247,0.31577,0.25112226730112863
4056,19.457,75.253,0.29822,0.25150198094369425
4057,19.458,75.28399999999999,0.45611999999999997,0.25298661452073445
4058,19.459,76.557,0.35086,0.207353810264143
4059,19.461,74.78399999999999,0.011203,0.23792329896899334
4060,19.462,75.207,0.42103,0.25008026578144593
4061,19.462,76.027,0.40349,0.2650059851589608
4062,19.463,74.822,0.13358,0.23850034480300197
4063,19.464000000000002,74.518,0.19053,0.24187999315382647
4064,19.464000000000002,75.237,0.45611999999999997,0.25161335228377923
4065,19.464000000000002,74.774,0.020836,0.23822857252737328
4066,19.464000000000002,74.863,0.16789,0.23919075256954803
4067,19.465,75.289,0.11025,0.25401732598257265
4068,19.467,75.27199999999999,0.38594,0.2534984961119745
4069,19.467,75.469,0.14032,0.2619173292374831
4070,19.467,75.567,0.07014400000000001,0.2654354119196273
4071,19.467,74.62100000000001,0.17540999999999998,0.23953790600905966
4072,19.468,75.321,0.28068000000000004,0.2557772365444476
4073,19.468,75.335,0.35086,0.25639323111108947
4074,19.469,76.10600000000001,0.43858,0.26181461204198975
4075,19.469,76.27600000000001,0.030043,0.2480956454735923
4076,19.469,74.367,0.12695,0.24965653174179037
4077,19.469,75.262,0.1044,0.2532903091440213
4078,19.469,75.303,0.38594,0.25509869967271315
4079,19.47,75.267,0.33331,0.2536264213320363
4080,19.47,75.27,0.24559,0.25375849926676086
4081,19.471,75.33,0.31577,0.25651973805221295
4082,19.471,75.318,0.50876,0.2559916536601119
4083,19.471,74.62899999999999,0.5263,0.2398819285153252
4084,19.472,75.342,0.38594,0.25716158081792395
4085,19.473,74.619,0.42103,0.24029649146800114
4086,19.473,74.617,0.2105,0.2403331509551826
4087,19.473,74.618,0.42103,0.24031474167065614
4088,19.474,76.22800000000001,0.28068000000000004,0.2533026495316365
4089,19.474,74.781,0.007460600000000001,0.23947089913885444
4090,19.475,75.32600000000001,0.3684,0.25680614602415064
4091,19.476,74.619,0.29822,0.24065732260806116
4092,19.476,74.60600000000001,0.18636,0.2409068413088652
4093,19.476,74.783,0.18878,0.23972360050115715
4094,19.476,75.203,0.33331,0.25154414904517064
4095,19.476,75.332,0.35086,0.2571852262994303
4096,19.477,75.116,0.40349,0.24809243799933278
4097,19.480999999999998,73.881,0.11692999999999999,0.29908974191574755
4098,19.482,74.25399999999999,0.13222,0.2590649791386881
4099,19.483,74.236,0.13222,0.2606315874166163
4100,19.483,75.3,0.40349,0.2565892578623522
4101,19.483,75.304,0.22804000000000002,0.2567652728460912
4102,19.483,75.317,0.40349,0.25733693464010143
4103,19.484,74.236,0.21156999999999998,0.260745567362313
4104,19.484,74.237,0.29091999999999996,0.2606635242870612
4105,19.484,75.296,0.31577,0.2565293864401845
4106,19.484,73.634,0.066803,0.33488627074458155
4107,19.484,75.307,0.29822,0.2570133098319939
4108,19.486,75.31,0.3684,0.25737734617289754
4109,19.486,75.317,0.28068000000000004,0.25768485658862206
4110,19.486,75.529,0.11025,0.2663196178257432
4111,19.486,74.247,0.052867,0.26008044559351884
4112,19.487000000000002,75.28399999999999,0.28068000000000004,0.256350484857259
4113,19.487000000000002,75.324,0.35086,0.25810798925630585
4114,19.488,74.25,0.44961999999999996,0.2600685447927704
4115,19.488,75.319,0.42103,0.2580046868809097
4116,19.488,75.435,0.33331,0.26295938167853206
4117,19.489,75.30199999999999,0.3684,0.25737422278285427
4118,19.489,75.329,0.29822,0.25855896676516055
4119,19.489,74.04,0.12695,0.28040802476470794
4120,19.489,75.305,0.29822,0.2575060441251684
4121,19.49,74.887,0.09019500000000001,0.24273545648411554
4122,19.49,75.297,0.35086,0.2572707726567931
4123,19.491,74.7,0.17792,0.24150073846543962
4124,19.491,75.168,0.1186,0.25183219893633313
4125,19.492,76.571,0.29822,0.20910617587792102
4126,19.492,75.312,0.43858,0.2581619889051274
4127,19.492,75.718,0.43858,0.27188763495671553
4128,19.493,74.704,0.087689,0.24171927652659853
4129,19.493,74.721,0.1988,0.2416543629502329
4130,19.493,75.289,0.40349,0.25726848966505844
4131,19.493,75.564,0.33331,0.26829618330702654
4132,19.493,75.714,0.45611999999999997,0.27194135374231043
4133,19.494,74.988,0.11025,0.2456841885590456
4134,19.494,75.32,0.35086,0.2587451046604685
4135,19.494,75.307,0.24559,0.25817504810581016
4136,19.495,75.237,0.6349100000000001,0.25523022698987585
4137,19.495,75.309,0.29822,0.25837907223800993
4138,19.495,75.315,0.40349,0.2586421767598668
4139,19.495,75.336,0.42103,0.25956087513994264
4140,19.495,75.339,0.26313000000000003,0.25969172542877583
4141,19.496,74.62100000000001,0.35086,0.24301898705227387
4142,19.496,75.335,0.26313000000000003,0.2596332748806224
4143,19.496,74.234,0.15862,0.26227071593945717
4144,19.496,74.706,0.16789,0.24206922376997175
4145,19.497,75.322,0.38594,0.2591812000998186
4146,19.497,74.73100000000001,0.10858,0.24211562483914617
4147,19.498,75.72399999999999,0.35086,0.27265616220856514
4148,19.498,74.22800000000001,0.31737,0.2629915597930991
4149,19.499000000000002,75.345,0.43858,0.26041696490916066
4150,19.5,75.3,0.24559,0.25856619406462555
4151,19.5,75.831,0.15787,0.27351300661679134
4152,19.5,75.842,0.16037,0.2734730121822384
4153,19.5,74.311,0.29095,0.2568958959875661
4154,19.5,75.668,0.40349,0.271897380546017
4155,19.500999999999998,75.157,0.42103,0.25255752251274133
4156,19.500999999999998,75.35,0.2648,0.2608661038121848
4157,19.500999999999998,75.844,0.15035,0.2735777166863472
4158,19.500999999999998,75.345,0.35086,0.2606490412884316
4159,19.500999999999998,74.308,0.39671999999999996,0.25721891045703726
4160,19.502,74.237,0.13222,0.2627012973868509
4161,19.502,75.33800000000001,0.29822,0.2604606294992765
4162,19.502,74.893,0.31577,0.2442880536642178
4163,19.502,75.685,0.42103,0.27246776486450563
4164,19.503,74.286,0.26447,0.25902111271480366
4165,19.503,74.304,0.34381999999999996,0.2577277292265602
4166,19.503,74.306,0.34384000000000003,0.2575873552999034
4167,19.503,75.693,0.42103,0.2727303026877036
4168,19.503,75.33800000000001,0.26313000000000003,0.2605767746337505
4169,19.503,76.251,0.066819,0.2546377291853916
4170,19.503,74.291,0.31735,0.25865642737212957
4171,19.504,74.30199999999999,0.18512,0.2579828708666626
4172,19.504,74.306,0.34381999999999996,0.2577015564224322
4173,19.504,74.308,0.1587,0.2575619012703937
4174,19.504,75.314,0.26313000000000003,0.259645124469835
4175,19.504,75.752,0.29822,0.27367337178227735
4176,19.504,76.21,0.15035,0.258437476650742
4177,19.504,74.303,0.31735,0.2579122918488951
4178,19.504,74.768,0.24308000000000002,0.24300932264189667
4179,19.504,75.329,0.29822,0.26030067263563017
4180,19.504,75.58800000000001,0.45611999999999997,0.2702980271536807
4181,19.505,74.306,0.21159,0.2578156781221418
4182,19.505,74.298,0.7602300000000001,0.25838077185480723
4183,19.505,74.308,0.64326,0.2576760735719138
4184,19.506,74.306,0.37024,0.2579297201101902
4185,19.506,75.234,0.35086,0.2563880735858074
4186,19.506,74.29899999999999,0.7602300000000001,0.25842341352595377
4187,19.506,74.309,0.29095,0.25772064003185935
4188,19.506,75.351,0.40349,0.2614897025720069
4189,19.506,74.307,0.34384000000000003,0.2578598597784689
4190,19.506,75.896,0.16288,0.27365280330281394
4191,19.507,74.31,0.8771899999999999,0.2577653446126066
4192,19.507,74.311,0.47607,0.2576961776902289
4193,19.507,74.29899999999999,0.23389000000000001,0.25853719469057557
4194,19.507,75.288,0.45611999999999997,0.2588563722249382
4195,19.507,75.311,0.29822,0.25986312252397825
4196,19.508,74.305,0.052867,0.2582275396311756
4197,19.508,74.28399999999999,0.026417000000000003,0.25973547800980556
4198,19.508,75.042,0.66164,0.24906043677792478
4199,19.508,74.307,0.60834,0.25808775473309564
4200,19.508,75.145,0.3684,0.252896785372019
4201,19.508,75.335,0.38594,0.26102720227587684
4202,19.509,75.296,0.38594,0.25943977607783353
4203,19.509,76.623,0.28068000000000004,0.20155164589867047
4204,19.509,75.32,0.33331,0.2604893882583116
4205,19.509,75.517,0.10189,0.26852938365254797
4206,19.511,74.308,0.31735,0.25835942841683335
4207,19.511,74.285,0.21156999999999998,0.2600014923928794
4208,19.511,74.956,0.09855,0.24681781746748777
4209,19.511,75.229,0.28068000000000004,0.2567584637853627
4210,19.512,75.749,0.24559,0.2745567654809782
4211,19.512,75.358,0.3684,0.2624888749549994
4212,19.512999999999998,75.142,0.43858,0.25336621285814676
4213,19.514,75.153,0.40349,0.25392675698480927
4214,19.515,75.161,0.38594,0.2543698421891375
4215,19.516,75.75399999999999,0.42103,0.2750641253352023
4216,19.517,75.2,0.35086,0.25622598523668794
4217,19.517,75.233,0.35086,0.2576338944996246
4218,19.517,75.3,0.40349,0.2605477672327867
4219,19.517,75.2,0.35086,0.25622598523668794
4220,19.518,74.745,0.13447,0.244625464069949
4221,19.518,75.373,0.29822,0.2638295968629534
4222,19.519000000000002,75.688,0.25227,0.27446736201059496
4223,19.519000000000002,75.367,0.15787,0.2636888266504529
4224,19.521,76.486,0.40349,0.22727425428658077
4225,19.523,75.333,0.2105,0.2626855894483813
4226,19.523,75.35300000000001,0.35086,0.26355149368176156
4227,19.523,75.367,0.38594,0.2641534523280151
4228,19.524,75.598,0.45611999999999997,0.2728841326212258
4229,19.526,75.156,0.47367,0.25546239325186704
4230,19.526,75.82600000000001,0.11609000000000001,0.27650217016669787
4231,19.527,75.842,0.1587,0.2765676047793514
4232,19.527,74.175,0.5263,0.27079299570153226
4233,19.527,75.756,0.42103,0.2763433862338678
4234,19.529,75.851,0.11025,0.27675054656229126
4235,19.529,75.82600000000001,0.008270999999999999,0.27684690789892474
4236,19.529,75.843,0.16037,0.2767930631677533
4237,19.529,74.78,0.15703,0.24605246892073995
4238,19.529,75.17699999999999,0.0526,0.25667555225610716
4239,19.529,75.203,0.40349,0.2577623748415123
4240,19.53,75.15899999999999,0.45611999999999997,0.25605530946684296
4241,19.531,74.819,0.10022,0.2466139838030762
4242,19.534000000000002,74.78399999999999,0.20965999999999999,0.24667093783654215
4243,19.535,76.33800000000001,0.3684,0.24932020476683348
4244,19.537,75.023,0.26313000000000003,0.2518737089985099
4245,19.538,76.222,0.19296,0.261486685135618
4246,19.538,75.32300000000001,0.15787,0.263999012571994
4247,19.538,75.706,0.24559,0.2769616221677611
4248,19.538,76.012,0.24559,0.2743836186140458
4249,19.538,75.758,0.28068000000000004,0.27762463753844424
4250,19.539,75.366,0.24559,0.2659704042514299
4251,19.539,74.69,0.20965999999999999,0.2472823930478687
4252,19.539,75.047,0.26313000000000003,0.25290516396201035
4253,19.539,75.759,0.35086,0.27774851907029274
4254,19.54,75.721,0.40349,0.2774211905527212
4255,19.54,75.061,0.17792,0.2535068175419005
4256,19.541,75.722,0.40349,0.2775503282711601
4257,19.541,75.72399999999999,0.5263,0.277578397444068
4258,19.541,75.438,0.26313000000000003,0.26920231803962835
4259,19.541,75.691,0.081841,0.27704671634624145
4260,19.542,76.375,0.26313000000000003,0.24568384729150938
4261,19.542,76.479,0.29822,0.2310609914908176
4262,19.544,75.77600000000001,0.50876,0.27845306173321793
4263,19.544,75.35600000000001,0.38594,0.26612350664441164
4264,19.544,76.157,0.12528,0.26731403797514164
4265,19.544,75.271,0.15787,0.2624387825801753
4266,19.545,75.627,0.15787,0.27609006390845026
4267,19.547,74.789,0.13614,0.24824539973541615
4268,19.548,75.65,0.2105,0.2769989458038954
4269,19.549,74.858,0.18878,0.24926734964870834
4270,19.55,73.899,0.20215,0.30340467707162966
4271,19.55,75.3,0.29822,0.26439936295635136
4272,19.55,76.084,0.29822,0.2725354692831281
4273,19.551,75.727,0.33331,0.27876914657466634
4274,19.551,75.684,0.22136,0.2780653127185755
4275,19.551,75.843,0.15787,0.27932787449827456
4276,19.553,75.804,0.3684,0.27960628967894785
4277,19.553,76.523,0.2105,0.22542341420623258
4278,19.553,75.758,0.15787,0.2793496923497374
4279,19.554000000000002,74.85,0.1988,0.24973772872334
4280,19.554000000000002,75.029,0.22804000000000002,0.25407899387098476
4281,19.555999999999997,75.66199999999999,0.17540999999999998,0.2781895077664127
4282,19.557000000000002,76.458,0.32913000000000003,0.2361647973286588
4283,19.557000000000002,75.373,0.33331,0.2683611423070613
4284,19.558,75.74,0.31577,0.27973820034059893
4285,19.558,75.744,0.14032,0.2797837892550613
4286,19.559,75.539,0.42103,0.2750575644439224
4287,19.56,76.09100000000001,0.17540999999999998,0.2733382541060091
4288,19.56,75.029,0.33331,0.25478708696654717
4289,19.565,75.642,0.2105,0.2787657355103853
4290,19.565,74.625,0.5263,0.2510837454956255
4291,19.566,75.36399999999999,0.08017,0.2690238412953687
4292,19.567,75.25,0.33331,0.26421988727825285
4293,19.567999999999998,75.172,0.43858,0.26105147428488806
4294,19.567999999999998,76.191,0.26313000000000003,0.26765474876250317
4295,19.569000000000003,76.126,0.35086,0.27235250926942667
4296,19.569000000000003,75.577,0.18209,0.2774389102967323
4297,19.569000000000003,75.631,0.42103,0.27895435032529936
4298,19.569000000000003,75.719,0.10607,0.28072795492890523
4299,19.572,74.798,0.20965999999999999,0.2512585086255451
4300,19.572,73.73100000000001,0.18544000000000002,0.32785066232180715
4301,19.572,74.453,0.14926,0.25704219450040555
4302,19.572,75.875,0.2105,0.28152274123158694
4303,19.575,74.411,0.12829000000000002,0.25936218597322946
4304,19.576,74.194,0.066803,0.27430372883545007
4305,19.577,74.858,0.15703,0.2525675338396287
4306,19.578,73.634,0.12946,0.34220348834761893
4307,19.578,74.682,0.081423,0.2519053561034156
4308,19.579,74.454,0.064296,0.2577825716212978
4309,19.58,76.067,0.16706,0.2769398288977144
4310,19.581,75.067,0.29822,0.2585469968600794
4311,19.581,75.64,0.38594,0.2805585560717956
4312,19.582,75.744,0.22804000000000002,0.28254656651544596
4313,19.584,75.60300000000001,0.17540999999999998,0.27993142066470367
4314,19.584,75.637,0.31577,0.2808302232137684
4315,19.585,76.127,0.40349,0.2741909399998509
4316,19.585,74.64699999999999,0.6842,0.25307188748548815
4317,19.585,75.798,0.26313000000000003,0.2832798328904984
4318,19.587,75.919,0.14032,0.28264548211058926
4319,19.587,75.597,0.24559,0.2801057846841646
4320,19.587,76.094,0.35086,0.27636550577495667
4321,19.588,75.624,0.28068000000000004,0.2809608678860068
4322,19.588,75.72,0.11442000000000001,0.28292867284070133
4323,19.589000000000002,75.744,0.3684,0.28335205628283056
4324,19.59,75.641,0.3684,0.2816178034437544
4325,19.59,75.027,0.42103,0.2582463270051685
4326,19.590999999999998,75.785,0.2105,0.2839177912763359
4327,19.590999999999998,75.605,0.38594,0.28079271362859404
4328,19.590999999999998,75.664,0.31577,0.28225930276938516
4329,19.590999999999998,76.65899999999999,0.24559,0.20549521158198591
4330,19.590999999999998,75.637,0.33331,0.28163510503701683
4331,19.590999999999998,75.78699999999999,0.2105,0.28392771030333985
4332,19.592,75.622,0.26313000000000003,0.28136848282296956
4333,19.594,75.594,0.19296,0.28082410394040325
4334,19.594,74.994,0.0086887,0.25768983121513833
4335,19.595,74.899,0.35086,0.2554129912032521
4336,19.595,74.983,0.09019500000000001,0.25748569700392143
4337,19.595,74.452,0.10525999999999999,0.25964567001621
4338,19.595,74.737,0.1988,0.25367057626807943
4339,19.595,74.983,0.050461,0.25748569700392143
4340,19.596,74.983,0.11275,0.2576024073574571
4341,19.596,73.953,0.13113,0.30095775913262557
4342,19.596,74.414,0.15035,0.2615231182027751
4343,19.596,74.962,0.1186,0.25701990993735646
4344,19.599,74.378,0.058448,0.2637385800261245
4345,19.6,74.885,0.31577,0.2557199845589866
4346,19.6,75.617,0.47367,0.28215517285039204
4347,19.6,75.643,0.33331,0.28281484546452973
4348,19.601,74.873,0.17792,0.2556176320772495
4349,19.601,74.778,0.16756,0.25449141041617585
4350,19.601,75.612,0.24559,0.28213501046866973
4351,19.602999999999998,75.215,0.3684,0.2669226674052194
4352,19.602999999999998,75.607,0.40349,0.2822271128892485
4353,19.602999999999998,75.586,0.28068000000000004,0.2816228948817743
4354,19.602999999999998,75.58800000000001,0.31577,0.2816822496465372
4355,19.602999999999998,75.586,0.24559,0.2816228948817743
4356,19.602999999999998,75.586,0.35086,0.2816228948817743
4357,19.602999999999998,75.587,0.3684,0.281652618841997
4358,19.602999999999998,75.607,0.35086,0.2822271128892485
4359,19.602999999999998,75.608,0.35086,0.28225481391861196
4360,19.602999999999998,75.656,0.28068000000000004,0.2834612849508821
4361,19.605,75.6,0.28068000000000004,0.28225999760674214
4362,19.605,75.362,0.13782,0.27345779696377304
4363,19.605,75.634,0.31577,0.2831685858875075
4364,19.605,75.641,0.49121000000000004,0.28334056345544556
4365,19.605999999999998,75.624,0.24559,0.2830284839522551
4366,19.605999999999998,75.589,0.33331,0.2820561421487878
4367,19.605999999999998,75.60600000000001,0.38594,0.2825436031805275
4368,19.605999999999998,74.857,0.16789,0.2559311276427918
4369,19.605999999999998,75.649,0.31577,0.2836452146796349
4370,19.608,75.827,0.14032,0.28595232806667314
4371,19.608,75.601,0.15787,0.2826325768370096
4372,19.61,75.206,0.40349,0.26735621136165344
4373,19.61,75.605,0.3684,0.28297448844069384
4374,19.61,75.741,0.29822,0.2857309590982149
4375,19.611,74.72800000000001,0.6491100000000001,0.25551005391679094
4376,19.613,75.267,0.29822,0.27029847600614776
4377,19.613,76.296,0.1303,0.2635592313932048
4378,19.614,75.262,0.38594,0.2701991245298425
4379,19.614,75.275,0.3684,0.2707583023237963
4380,19.614,75.594,0.24559,0.28311971027203353
4381,19.615,75.82600000000001,0.22804000000000002,0.28675910831006257
4382,19.615,74.63,0.26313000000000003,0.25672031404166107
4383,19.615,75.604,0.33331,0.28351949293458845
4384,19.615,75.604,0.29822,0.28351949293458845
4385,19.617,75.661,0.38594,0.2851771610436773
4386,19.618,75.264,0.42103,0.2707468992723494
4387,19.619,75.587,0.28068000000000004,0.2834869797834396
4388,19.619,75.68,0.15787,0.28580136988454363
4389,19.619,75.688,0.15787,0.2859547723853447
4390,19.62,75.675,0.35086,0.2858159553195764
4391,19.621,75.292,0.3684,0.27229834514481344
4392,19.621,75.58800000000001,0.33331,0.2837454534279281
4393,19.621,75.626,0.28068000000000004,0.2847986625836334
4394,19.622,75.608,0.38594,0.28443200944241387
4395,19.622,75.58800000000001,0.28068000000000004,0.28385984523401486
4396,19.622,74.464,0.17549,0.26208887257043956
4397,19.622,75.22399999999999,0.35086,0.2695013790438172
4398,19.623,75.491,0.26313000000000003,0.2807174261319938
4399,19.625,74.72,0.22266,0.25711159750362056
4400,19.625,76.375,0.33331,0.2560468360940489
4401,19.625999999999998,75.42,0.33331,0.2782907500404528
4402,19.625999999999998,74.22399999999999,0.094289,0.27689958380378876
4403,19.625999999999998,75.59899999999999,0.35086,0.28463655802441823
4404,19.625999999999998,75.58800000000001,0.35086,0.2843171352964199
4405,19.625999999999998,75.608,0.24559,0.28488923760388773
4406,19.625999999999998,75.626,0.29822,0.28537022970448644
4407,19.627,75.59100000000001,0.2105,0.28451963300247596
4408,19.627,75.62,0.38594,0.2853278199227074
4409,19.627,75.626,0.2105,0.285484460377189
4410,19.628,75.195,0.38594,0.2689766469442767
4411,19.628,75.368,0.47367,0.2763593693185863
4412,19.628,75.59,0.26313000000000003,0.2846045307306261
4413,19.629,74.665,0.06179,0.2578662316163278
4414,19.629,75.587,0.33331,0.2846301990446405
4415,19.629,75.59899999999999,0.38594,0.28497919636462965
4416,19.629,75.19800000000001,0.044245,0.2692164951970758
4417,19.63,75.65,0.21384,0.2864150962499816
4418,19.631,75.622,0.28068000000000004,0.2858370830747611
4419,19.631,75.635,0.35086,0.2861689477390045
4420,19.631,75.257,0.067321,0.2719434548804348
4421,19.632,75.612,0.38594,0.2856839361275999
4422,19.632,75.616,0.26313000000000003,0.2857920514191483
4423,19.633,75.605,0.43858,0.28560493535957676
4424,19.633,75.611,0.40349,0.28577071006600774
4425,19.633,74.79,0.13614,0.25823599774066086
4426,19.633,75.638,0.38594,0.2864711102929508
4427,19.634,75.521,0.19296,0.2830578519382355
4428,19.635,74.64699999999999,0.22804000000000002,0.2587286522555803
4429,19.635,75.584,0.26313000000000003,0.2852253583299228
4430,19.636,76.624,0.29822,0.218398617442911
4431,19.637,74.792,0.20965999999999999,0.2587049872228766
4432,19.637,75.626,0.29822,0.2866251183045777
4433,19.637,75.78399999999999,0.6842,0.28919187506337274
4434,19.637,75.624,0.22804000000000002,0.28657332226984233
4435,19.637,75.314,0.3684,0.2750836200841257
4436,19.637,75.658,0.3684,0.2873951857875239
4437,19.637999999999998,75.061,0.28068000000000004,0.26495208314715446
4438,19.637999999999998,75.03699999999999,0.12996,0.2641353954120118
4439,19.637999999999998,75.821,0.43858,0.289401420563105
4440,19.639,75.312,0.28068000000000004,0.27522648484253565
4441,19.639,75.595,0.35086,0.28600450393443444
4442,19.639,74.861,0.14701,0.25978207936394504
4443,19.639,75.587,0.35086,0.2857703765914381
4444,19.639,75.59100000000001,0.33331,0.2858881901806689
4445,19.639,75.652,0.0020719000000000002,0.2874872039760902
4446,19.639,75.655,0.3684,0.2875555949326337
4447,19.64,75.678,0.24559,0.2881591839486132
4448,19.641,75.608,0.17540999999999998,0.28659953613136
4449,19.641,75.643,0.35086,0.28750359911051004
4450,19.642,75.593,0.31577,0.2862879197347552
4451,19.642,75.592,0.40349,0.28625879544033106
4452,19.642,75.612,0.35086,0.28682300347128364
4453,19.643,75.609,0.40349,0.28685458643912465
4454,19.644000000000002,75.26899999999999,0.38594,0.27394790364610067
4455,19.644000000000002,75.607,0.14032,0.28691301516675227
4456,19.644000000000002,75.709,0.24559,0.28917290957392294
4457,19.644000000000002,75.605,0.40349,0.28685736692483854
4458,19.645,75.03699999999999,0.06179,0.2649364864749698
4459,19.645,75.64399999999999,0.31577,0.2879823449690493
4460,19.646,75.654,0.14951,0.2883290326263016
4461,19.646,74.64399999999999,0.56139,0.25998234088881234
4462,19.646,74.66,0.31326,0.25980556698469104
4463,19.647000000000002,75.694,0.38594,0.28925868235246155
4464,19.648,75.238,0.28068000000000004,0.27307905980559055
4465,19.649,75.581,0.38594,0.2867276136981848
4466,19.649,75.608,0.42103,0.28750854559471306
4467,19.649,75.7,0.29822,0.28959146319600293
4468,19.649,75.59100000000001,0.35086,0.28702486273358907
4469,19.65,75.233,0.47367,0.27309478337138726
4470,19.65,75.655,0.044989,0.2888058574219098
4471,19.651,74.982,0.050252,0.2639136516347048
4472,19.651,75.65100000000001,0.12863,0.28882784333420586
4473,19.651,75.655,0.033527,0.28891929655753523
4474,19.651,75.251,0.38594,0.27397552193988794
4475,19.651,75.586,0.28068000000000004,0.28710427002336325
4476,19.651,75.633,0.050378,0.28839437673834256
4477,19.651,75.64399999999999,0.35086,0.2886634931077505
4478,19.651,75.654,0.12863,0.2888966025966654
4479,19.651,75.699,0.29822,0.28980122432934396
4480,19.651,75.57300000000001,0.38594,0.28671018432045425
4481,19.651,75.6,0.29822,0.2875112705123193
4482,19.651,75.673,0.28068000000000004,0.28930809827319715
4483,19.651,75.693,0.22804000000000002,0.28969483932051265
4484,19.652,75.641,0.066978,0.28870478945415745
4485,19.652,74.652,0.10858,0.26054960472632904
4486,19.652,75.596,0.3684,0.28751025220297055
4487,19.653,75.607,0.2105,0.2879344569890476
4488,19.653,75.617,0.35086,0.28820673162767274
4489,19.653,75.66,0.40349,0.2892578310909778
4490,19.653,76.069,0.22804000000000002,0.2854081951431927
4491,19.654,75.598,0.006984399999999999,0.2877942756820734
4492,19.654,75.693,0.29822,0.2900350865081557
4493,19.654,75.22399999999999,0.28068000000000004,0.2731693891989817
4494,19.654,75.577,0.29822,0.28717308678707343
4495,19.654,75.61,0.29822,0.2881304844972429
4496,19.654,76.033,0.13364,0.2871169139075994
4497,19.655,73.94800000000001,0.2481,0.30652094765376947
4498,19.655,75.602,0.22804000000000002,0.2880211579300449
4499,19.655,75.623,0.35086,0.2885917971438089
4500,19.655,75.655,0.045223,0.28937266087284474
4501,19.656,75.615,0.45611999999999997,0.2884928488587982
4502,19.656,75.658,0.31577,0.28955331770074977
4503,19.657,75.586,0.33331,0.28778393754180476
4504,19.657,75.634,0.35086,0.2890990846510577
4505,19.658,75.608,0.31577,0.28852820057876605
4506,19.658,75.619,0.22804000000000002,0.2888260565570042
4507,19.658,75.661,0.26313000000000003,0.289846077746302
4508,19.66,75.689,0.3684,0.2906410084725899
4509,19.66,75.275,0.28068000000000004,0.27602763887081494
4510,19.66,75.59899999999999,0.24559,0.2885017253803832
4511,19.660999999999998,75.61399999999999,0.31577,0.2890313100583143
4512,19.662,75.267,0.28068000000000004,0.27591100211967245
4513,19.663,75.426,0.10355999999999999,0.28274759998824517
4514,19.666,74.656,0.20432,0.2620363813497819
4515,19.666,75.259,0.13364,0.27602113622356883
4516,19.667,74.252,0.55471,0.27875767419956754
4517,19.667,75.255,0.28068000000000004,0.2759630801733248
4518,19.667,75.27199999999999,0.38594,0.2766916766473775
4519,19.668,74.842,0.15703,0.2627519901104274
4520,19.668,75.75,0.35086,0.2924405716805164
4521,19.669,75.625,0.42103,0.29022492803044353
4522,19.669,75.664,0.24559,0.2911534460023505
4523,19.669,75.692,0.35086,0.2917125483171301
4524,19.67,75.237,0.42103,0.27553455245751335
4525,19.672,75.256,0.28068000000000004,0.2765705759737427
4526,19.672,75.236,0.28068000000000004,0.275717795485496
4527,19.673,74.88600000000001,0.38594,0.264058961615917
4528,19.674,75.137,0.40349,0.2718728027518297
4529,19.674,75.702,0.28068000000000004,0.29245206201076346
4530,19.675,75.655,0.31577,0.29162918398003423
4531,19.677,75.274,0.42103,0.2779053905422013
4532,19.678,75.711,0.21718,0.29304978754964217
4533,19.679000000000002,74.402,0.081841,0.27080640709209336
4534,19.680999999999997,75.709,0.3684,0.2933545119241998
4535,19.680999999999997,75.28399999999999,0.35086,0.27878448483362317
4536,19.680999999999997,75.255,0.22804000000000002,0.277540531425582
4537,19.680999999999997,75.71,0.35086,0.2933705919743079
4538,19.682000000000002,75.227,0.38594,0.27646122820633867
4539,19.684,74.168,0.13197,0.2869294449986284
4540,19.684,74.169,0.66081,0.28684509023947713
4541,19.684,74.252,0.6875399999999999,0.28035708686822636
4542,19.684,74.30199999999999,0.23723000000000002,0.27695080647895975
4543,19.684,74.303,0.3166,0.2768866106157952
4544,19.684,75.617,0.28068000000000004,0.29169800475730345
4545,19.684,73.84100000000001,0.42353999999999997,0.32145210016311454
4546,19.684,75.643,0.42103,0.29235821255519445
4547,19.685,74.169,0.37006999999999995,0.2869338005583908
4548,19.685,74.169,0.50207,0.2869338005583908
4549,19.685,74.169,0.1587,0.2869338005583908
4550,19.685,74.184,0.2907,0.28568668564901045
4551,19.685,74.185,0.34334000000000003,0.28560470962487683
4552,19.685,74.185,0.52881,0.28560470962487683
4553,19.685,75.535,0.3684,0.28930587173230504
4554,19.685,74.168,0.13227,0.28701810183655285
4555,19.685,74.168,0.47534,0.28701810183655285
4556,19.685,74.169,0.39597,0.2869338005583908
4557,19.685,74.184,0.44943999999999995,0.28568668564901045
4558,19.685,74.186,0.21134,0.28552287979848434
4559,19.685,73.845,0.5029100000000001,0.32102591220330146
4560,19.686,73.844,0.18544000000000002,0.32121688991764874
4561,19.686,74.903,0.00080203,0.2658496010121162
4562,19.686,75.207,0.33331,0.2760677319428225
4563,19.686,75.695,0.35086,0.29367600261554694
4564,19.686,74.425,0.16756,0.27042878006470417
4565,19.686,74.51899999999999,0.16473,0.26690100239818204
4566,19.686,75.27199999999999,0.26313000000000003,0.2788294092039598
4567,19.687,75.24,0.38594,0.2775729575218635
4568,19.687,75.51100000000001,0.63157,0.28869282291879106
4569,19.687,74.619,0.49121000000000004,0.26475121399251444
4570,19.687,75.21300000000001,0.38594,0.27643113204075065
4571,19.688,75.633,0.42103,0.29255976518561577
4572,19.689,73.852,0.18544000000000002,0.3204372905698255
4573,19.689,75.65100000000001,0.38594,0.2931055671047115
4574,19.69,75.328,0.24559,0.28168200872715876
4575,19.69,74.64,0.38594,0.26478653167003974
4576,19.69,75.289,0.49121000000000004,0.28000699865860146
4577,19.691,73.844,0.37006999999999995,0.32155269944885323
4578,19.692,75.271,0.45611999999999997,0.27945687118094575
4579,19.692,75.22399999999999,0.42103,0.27745292946673006
4580,19.694000000000003,75.218,0.3684,0.2774227100050991
4581,19.695999999999998,75.212,0.40349,0.2773930150448496
4582,19.695999999999998,75.215,0.40349,0.2775190601403539
4583,19.695999999999998,75.779,0.38594,0.29583224175761613
4584,19.699,74.906,0.15536,0.26734433314194983
4585,19.7,75.82,0.1044,0.2964159920058802
4586,19.7,75.642,0.33331,0.2941171114668927
4587,19.701,74.627,0.42103,0.2661084953462569
4588,19.701,76.40899999999999,0.28068000000000004,0.2611088350042091
4589,19.702,75.21300000000001,0.28068000000000004,0.2781010986418315
4590,19.703,73.61399999999999,0.18878,0.3522762208093997
4591,19.704,74.619,0.087689,0.26653343828920184
4592,19.704,74.638,0.5263,0.26628256490082736
4593,19.706,74.625,0.28068000000000004,0.26665650005157593
4594,19.706,75.99,0.29822,0.29459213307816634
4595,19.706,74.623,0.38594,0.2666841166011922
4596,19.706,75.207,0.29822,0.27829206210244284
4597,19.706,75.214,0.27232,0.2785857360363615
4598,19.707,75.22399999999999,0.33331,0.27911775340962675
4599,19.708,75.262,0.22804000000000002,0.28084662069261157
4600,19.709,74.63,0.2105,0.2669015344978739
4601,19.71,75.211,0.38594,0.27890113498242963
4602,19.71,76.181,0.14032,0.28526102057182356
4603,19.71,76.32,0.42103,0.272768071805795
4604,19.71,75.21300000000001,0.31577,0.2789851289324162
4605,19.71,75.358,0.33331,0.28518013534785847
4606,19.712,75.22,0.29822,0.27950012797056856
4607,19.713,75.671,0.47367,0.296208443096568
4608,19.714000000000002,75.168,0.43858,0.27756274912248924
4609,19.714000000000002,75.484,0.45611999999999997,0.29069856863508514
4610,19.715,76.626,0.072651,0.22842847754073414
4611,19.715,75.055,0.066819,0.27337967931601703
4612,19.717,74.018,0.26447,0.30370492611694266
4613,19.717,74.169,0.5554600000000001,0.289698114585782
4614,19.718,76.235,0.42103,0.28190608249592586
4615,19.719,75.44800000000001,0.2105,0.2898651541389936
4616,19.721,74.722,0.16789,0.26758043379765584
4617,19.722,75.211,0.31577,0.2802179676060539
4618,19.726,75.342,0.31577,0.28625511293770334
4619,19.727999999999998,74.73899999999999,0.10858,0.2683356028723626
4620,19.727999999999998,75.434,0.035055,0.290293676135029
4621,19.727999999999998,75.593,0.28068000000000004,0.29589013965217226
4622,19.729,74.607,0.50876,0.2692753442516611
4623,19.729,75.678,0.31577,0.29810675260143227
4624,19.73,74.622,0.50876,0.26915773973814827
4625,19.73,75.226,0.38594,0.28172220482715005
4626,19.732,75.515,0.065967,0.2937962397126298
4627,19.733,74.649,0.6491100000000001,0.26915149451585707
4628,19.734,75.40100000000001,0.49121000000000004,0.2896052649085551
4629,19.734,74.002,0.50252,0.3065919154711736
4630,19.734,74.01899999999999,0.58186,0.3048530123815679
4631,19.735,74.03399999999999,0.34334000000000003,0.3034207979967668
4632,19.736,75.35,0.3684,0.2876828264453525
4633,19.736,76.35,0.28068000000000004,0.2725294931877089
4634,19.737000000000002,75.226,0.33331,0.28248062236650673
4635,19.739,75.298,0.22804000000000002,0.28577959746702764
4636,19.739,76.657,0.2105,0.2256329638404534
4637,19.739,75.38,0.35086,0.28927391495804033
4638,19.74,76.038,0.40349,0.29669882674852455
4639,19.74,74.676,0.12528,0.2696582205171021
4640,19.742,75.321,0.35086,0.28709174329498344
4641,19.742,75.043,0.0055892,0.2758834383969715
4642,19.746,74.62100000000001,0.26313000000000003,0.27077421159213144
4643,19.746,75.60600000000001,0.28068000000000004,0.2982114200457
4644,19.746,74.639,0.5263,0.2705603093480563
4645,19.748,76.20100000000001,0.10522999999999999,0.28811640423228513
4646,19.75,74.169,0.44961,0.2923930096579601
4647,19.75,74.186,0.21159,0.29104352147976886
4648,19.750999999999998,75.016,0.15787,0.27594378305317546
4649,19.750999999999998,74.017,0.34384000000000003,0.30625778276654614
4650,19.750999999999998,74.069,0.37027,0.3012048428942947
4651,19.750999999999998,74.167,0.26447,0.29263344953930315
4652,19.752,74.169,0.21134,0.2925511028358556
4653,19.752,75.286,0.2907,0.2866599175701823
4654,19.752,74.186,0.1587,0.29120359356049375
4655,19.752,74.186,0.21159,0.29120359356049375
4656,19.753,74.612,0.29822,0.27158857268801206
4657,19.753,74.186,0.3166,0.2912834038256604
4658,19.753,75.434,0.26313000000000003,0.2929928887074206
4659,19.753,75.642,0.35086,0.2999032108689287
4660,19.753,75.954,0.5263,0.30077500612782426
4661,19.754,74.638,0.43858,0.27136489658838503
4662,19.756,75.612,0.40349,0.2994498978750404
4663,19.756,75.808,0.45611999999999997,0.30254432287485356
4664,19.757,75.42399999999999,0.19128,0.29301799526791983
4665,19.757,75.805,0.42103,0.3026440052600997
4666,19.758,76.294,0.29822,0.2810677465489059
4667,19.759,75.904,0.09604299999999999,0.30234309370866963
4668,19.759,74.641,0.26313000000000003,0.27182668804571497
4669,19.76,75.763,0.1624,0.3027129051693219
4670,19.76,76.63600000000001,0.14032,0.2323203122331685
4671,19.764,75.058,0.40349,0.278730301285129
4672,19.764,75.483,0.31577,0.2960650221930389
4673,19.765,74.631,0.47367,0.2725189237463401
4674,19.766,76.479,0.40349,0.2592843830965551
4675,19.766,76.49,0.28068000000000004,0.2576567660208493
4676,19.767,75.40100000000001,0.38594,0.2931398521519073
4677,19.767,75.62899999999999,0.43858,0.30107087688198453
4678,19.767,74.184,0.34384000000000003,0.2925394992886309
4679,19.767,75.256,0.28068000000000004,0.2869625218927311
4680,19.768,75.4,0.35086,0.29320418978993823
4681,19.768,74.185,0.5289699999999999,0.2925395669798384
4682,19.768,75.197,0.42353999999999997,0.28456541783206646
4683,19.768,75.23899999999999,0.29822,0.2863404726991686
4684,19.768,75.477,0.42103,0.29626236117881144
4685,19.769000000000002,74.184,0.1587,0.292694169318681
4686,19.769000000000002,75.27199999999999,0.2105,0.2878605769541822
4687,19.771,74.876,0.09604299999999999,0.2743409443379978
4688,19.771,75.259,0.35086,0.2875121115651501
4689,19.772000000000002,75.244,0.42103,0.2869743349749381
4690,19.773,75.609,0.14144,0.30117156451138194
4691,19.774,75.782,0.12278,0.30435080601452835
4692,19.775,75.241,0.35086,0.28716030969082473
4693,19.775,75.258,0.29822,0.28788849895247115
4694,19.775,75.243,0.28068000000000004,0.2872457863518292
4695,19.776,75.258,0.38594,0.2879930813099575
4696,19.776,73.673,0.17457999999999999,0.3475328470855499
4697,19.776,75.264,0.40349,0.28825085181234034
4698,19.777,75.247,0.29822,0.28762590515177544
4699,19.778,75.40100000000001,0.22804000000000002,0.2942964443558581
4700,19.778,75.245,0.29822,0.2876446487610925
4701,19.778,75.26,0.33331,0.2882878482857435
4702,19.779,75.264,0.38594,0.28856405635603233
4703,19.781,75.483,0.6491100000000001,0.2978539620055687
4704,19.781,75.251,0.40349,0.288214106735885
4705,19.781,75.245,0.42103,0.28795707722860686
4706,19.782,74.859,0.13614,0.275132409986096
4707,19.783,75.24600000000001,0.35086,0.2882076707213652
4708,19.784000000000002,75.241,0.22804000000000002,0.28809746543105275
4709,19.784000000000002,74.184,0.9523799999999999,0.29383448467110185
4710,19.784000000000002,74.184,0.56724,0.29383448467110185
4711,19.785,74.184,0.39597,0.2939092605320103
4712,19.785,75.243,0.38594,0.2882866307642946
4713,19.785,75.774,0.14032,0.3054534241869875
4714,19.785,75.243,0.29822,0.2882866307642946
4715,19.785,75.27199999999999,0.28068000000000004,0.2895320946590739
4716,19.785999999999998,75.786,0.21384,0.30563950238367776
4717,19.785999999999998,75.937,0.5263,0.3046851714815777
4718,19.785999999999998,74.184,0.23723000000000002,0.2939838797575971
4719,19.787,75.617,0.38594,0.30285603830571683
4720,19.789,74.635,0.31577,0.2747753007090359
4721,19.789,74.626,0.22804000000000002,0.2748704139632715
4722,19.791,75.248,0.33331,0.2891204361708961
4723,19.792,75.166,0.3684,0.2857752711887489
4724,19.792,74.791,0.12612,0.2751490321194454
4725,19.792,75.245,0.22804000000000002,0.289094783976787
4726,19.794,76.639,0.29822,0.23600719898037892
4727,19.795,74.794,0.18878,0.2754743141681977
4728,19.797,74.859,0.16789,0.2766244652940659
4729,19.798,74.84899999999999,0.17792,0.27654506733587036
4730,19.8,75.404,0.07098,0.2966979349556099
4731,19.801,74.183,0.7401800000000001,0.2951597559842125
4732,19.801,75.288,0.28068000000000004,0.2918678713713362
4733,19.801,74.183,0.1846,0.2951597559842125
4734,19.801,75.293,0.35086,0.29208368381914174
4735,19.802,74.183,0.31735,0.2952317845517778
4736,19.802,74.186,0.44961,0.29500587998535177
4737,19.802,75.29,0.35086,0.292056194833593
4738,19.803,75.29,0.3684,0.2921580850769149
4739,19.803,75.523,0.14926,0.3015788582617388
4740,19.804000000000002,75.291,0.24559,0.29230303939844515
4741,19.804000000000002,75.293,0.17540999999999998,0.2923893816807902
4742,19.805,75.294,0.29822,0.292534237794955
4743,19.805,75.295,0.3684,0.29257740918372965
4744,19.807000000000002,75.294,0.31577,0.29273728465131277
4745,19.808,75.288,0.33331,0.2925795407476026
4746,19.808,75.296,0.31577,0.29292500401804644
4747,19.808,75.295,0.24559,0.29288182505720717
4748,19.808,75.753,0.47367,0.30764386853680314
4749,19.808,76.437,0.24559,0.27009402181517106
4750,19.809,75.29,0.43858,0.29276714777251467
4751,19.81,75.289,0.28068000000000004,0.29282508379200534
4752,19.812,75.288,0.40349,0.29298380243045197
4753,19.812,75.288,0.2105,0.29298380243045197
4754,19.812,75.286,0.28068000000000004,0.292897407774135
4755,19.813,75.295,0.28068000000000004,0.29338698837207433
4756,19.813,75.296,0.26313000000000003,0.29343018317941216
4757,19.813,75.292,0.38594,0.29325739433649045
4758,19.813,75.301,0.26313000000000003,0.2936461198948864
4759,19.814,75.296,0.28068000000000004,0.29353088641010616
4760,19.814,75.288,0.24559,0.29318526772541853
4761,19.814,75.294,0.19296,0.29344448851435323
4762,19.814,75.295,0.3684,0.29348768837064787
4763,19.814,75.293,0.38594,0.29340128713708324
4764,19.815,75.295,0.24559,0.2935882766538449
4765,19.815,75.297,0.29822,0.2936746771185974
4766,19.815,75.3,0.50876,0.2938042589126928
4767,19.816,75.289,0.29822,0.2934294968969954
4768,19.816,74.97,0.11787,0.2811575194600232
4769,19.816,75.292,0.47367,0.2935591292346904
4770,19.816,75.29899999999999,0.15787,0.2938615571202523
4771,19.817,75.297,0.31577,0.2938755302480469
4772,19.817,75.301,0.40349,0.2940483255966353
4773,19.817,75.297,0.45611999999999997,0.2938755302480469
4774,19.817999999999998,75.312,0.35086,0.2946234613959743
4775,19.817999999999998,75.295,0.3684,0.29388936769019114
4776,19.817999999999998,75.42,0.35086,0.29917934374807287
4777,19.82,75.294,0.3684,0.29404631020273087
4778,19.82,75.3,0.3684,0.29430559442625637
4779,19.820999999999998,75.426,0.12445,0.2997235604122882
4780,19.820999999999998,75.327,0.50876,0.29556995368269456
4781,19.822,75.27600000000001,0.49121000000000004,0.2934679319428928
4782,19.822,75.289,0.3684,0.2940298582827199
4783,19.823,75.295,0.17540999999999998,0.29438891891259167
4784,19.823,75.607,0.29822,0.3062622188517634
4785,19.823,75.314,0.43858,0.2952095809339874
4786,19.823,75.289,0.26313000000000003,0.2941295192700807
4787,19.824,76.274,0.38594,0.2903408538943879
4788,19.824,75.32300000000001,0.29822,0.29569714310447537
4789,19.825,75.296,0.33331,0.2946311727130174
4790,19.825,76.334,0.31577,0.2844397172542067
4791,19.826,75.29,0.31577,0.29447105702960563
4792,19.826,74.653,0.11609000000000001,0.27803757926165673
4793,19.826,75.305,0.45611999999999997,0.29511951955313087
4794,19.826,75.309,0.26313000000000003,0.295292295435853
4795,19.828,75.63600000000001,0.35086,0.3075322436649818
4796,19.828,75.305,0.43858,0.2953179126113912
4797,19.828,75.311,0.38594,0.295577080474106
4798,19.829,75.305,0.24559,0.29541693467664853
4799,19.829,75.143,0.079334,0.2885551379362178
4800,19.83,75.305,0.26313000000000003,0.2955158399663804
4801,19.831,75.421,0.40349,0.3005171209457561
4802,19.834,74.083,0.39597,0.3054638561860874
4803,19.834,74.169,0.37006999999999995,0.29849403571451083
4804,19.838,75.782,0.40349,0.310924676000917
4805,19.839000000000002,75.066,0.1186,0.28656429644993253
4806,19.84,75.062,0.12946,0.2865151151476749
4807,19.845,75.066,0.20631999999999998,0.2871394848113771
4808,19.858,75.252,0.28068000000000004,0.29593984224157355
4809,19.858,75.27600000000001,0.29822,0.2969789380370338
4810,19.859,75.255,0.35086,0.2961646511202909
4811,19.859,75.251,0.38594,0.29599177102157004
4812,19.861,75.253,0.24559,0.2962680867839046
4813,19.862000000000002,75.256,0.29822,0.2964925880281276
4814,19.862000000000002,75.255,0.26313000000000003,0.29644933021198394
4815,19.862000000000002,74.975,0.050185,0.2856811879568454
4816,19.862000000000002,75.25399999999999,0.29822,0.2964060812415038
4817,19.862000000000002,75.256,0.3684,0.2964925880281276
4818,19.863,75.25399999999999,0.31577,0.29650071195090955
4819,19.863,75.255,0.29822,0.2965439659126242
4820,19.863,75.256,0.42103,0.2965872286969288
4821,19.863,75.256,0.35086,0.2965872286969288
4822,19.863,75.256,0.35086,0.2965872286969288
4823,19.863,75.257,0.31577,0.29663050001956515
4824,19.863,75.257,0.29822,0.29663050001956515
4825,19.863,75.256,0.3684,0.2965872286969288
4826,19.863,75.256,0.3684,0.2965872286969288
4827,19.864,75.255,0.29822,0.296638472397293
4828,19.864,75.257,0.24559,0.29672501645432836
4829,19.864,75.257,0.38594,0.29672501645432836
4830,19.865,75.255,0.15787,0.2967328493403626
4831,19.867,75.29899999999999,0.26313000000000003,0.2988298608602862
4832,19.868,73.986,0.9257299999999999,0.316117978340993
4833,19.868,73.986,0.42321000000000003,0.316117978340993
4834,19.868,73.99600000000001,0.68771,0.3151710969458045
4835,19.871,75.587,0.3684,0.3103625671675042
4836,19.872,74.831,0.13865,0.28314636466476417
4837,19.874000000000002,73.877,0.37024,0.32731823986846054
4838,19.875,76.419,0.24559,0.27981873789273226
4839,19.879,74.609,0.35086,0.2829359357700455
4840,19.886,75.718,0.33331,0.314815041175982
4841,19.89,73.986,0.44961,0.3171077533484903
4842,19.891,75.803,0.56139,0.31613033074543617
4843,19.894000000000002,75.595,0.31577,0.31273908011812945
4844,19.898,74.616,0.26313000000000003,0.2843759251881912
4845,19.9,75.934,0.19296,0.31610079872822183
4846,19.905,74.69,0.12445,0.28463696106251657
4847,19.906,76.62100000000001,0.29822,0.2523197838014438
4848,19.907,74.766,0.25144,0.28523178452710274
4849,19.908,75.885,0.29822,0.31749163803394065
4850,19.909000000000002,74.759,0.28068000000000004,0.28532450328352355
4851,19.912,74.63,0.14144,0.2853480371281355
4852,19.913,75.367,0.31577,0.3059608160452649
4853,19.917,74.775,0.029131999999999998,0.28613740518185393
4854,19.917,75.953,0.29822,0.3172840861580698
4855,19.919,74.186,0.34334000000000003,0.30231251051039554
4856,19.923,75.868,0.47367,0.31896771512343747
4857,19.924,75.313,0.31744,0.30459174217307605
4858,19.925,74.936,0.2095,0.29004632763652616
4859,19.926,74.574,0.12047999999999999,0.2869488566545987
4860,19.926,75.553,0.14144,0.314284523275582
4861,19.927,73.999,0.42321000000000003,0.3174055304204926
4862,19.934,74.017,0.44961,0.31608358618465493
4863,19.934,74.017,0.76699,0.31608358618465493
4864,19.935,74.017,0.47608999999999996,0.31612089913591146
4865,19.938,76.01100000000001,0.24559,0.3176128605383629
4866,19.94,74.953,0.16764,0.2917584059483451
4867,19.951,74.017,0.23799,0.31669279952403984
4868,19.951,74.018,0.13222,0.3166074723918796
4869,19.951,76.28,0.18961,0.3024390472759707
4870,19.952,74.017,0.23799,0.31672697003600214
4871,19.952,75.821,0.28068000000000004,0.32157395201818273
4872,19.953,75.706,0.35086,0.3205256457364547
4873,19.955,76.322,0.24559,0.29876349915720957
4874,19.957,75.28,0.50876,0.3059146647231884
4875,19.957,75.327,0.47367,0.30797101655128023
4876,19.958,75.399,0.26313000000000003,0.3111338270756576
4877,19.958,76.492,0.28068000000000004,0.2782982700460047
4878,19.96,75.906,0.17540999999999998,0.3217993314364752
4879,19.965,75.57600000000001,0.35086,0.31829448582356523
4880,19.965,74.632,0.43858,0.28915560379617833
4881,19.975,76.158,0.47367,0.3138808723010157
4882,19.976,75.156,0.11787,0.3020563383263044
4883,19.989,74.789,0.17792,0.29168332237978356
4884,19.989,75.204,0.26313000000000003,0.30509924770315655
4885,19.99,75.222,0.26313000000000003,0.30595780203927625
4886,19.992,74.874,0.20965999999999999,0.2935560152396407
4887,19.992,75.392,0.14144,0.3135182901113823
4888,19.994,75.405,0.33331,0.31421515030141467
4889,19.994,75.21,0.31577,0.30573510380844726
4890,19.998,74.862,0.20965999999999999,0.2936935043065583
4891,20.006,74.876,0.15703,0.2945707625437768
4892,20.006,74.859,0.18878,0.2941707269480761
4893,20.008,75.068,0.33331,0.30087090276587614
4894,20.017,74.703,0.17792,0.2925787874805257
4895,20.017,75.829,0.31577,0.32669014237718774
4896,20.017,75.961,0.47367,0.32535366430937707
4897,20.018,75.824,0.33331,0.3267574514042507
4898,20.019000000000002,75.325,0.38594,0.31261581659054405
4899,20.02,75.654,0.29822,0.3246489400912256
4900,20.03,74.638,0.59648,0.2931782555693072
4901,20.032,74.791,0.12612,0.29450583343416026
4902,20.044,75.85300000000001,0.2105,0.3285719163364206
4903,20.049,76.093,0.21718,0.32313350938049856
4904,20.05,75.60300000000001,0.33331,0.32537399376900134
4905,20.059,74.518,0.094289,0.29564838348285416
4906,20.059,74.601,0.42103,0.2948267077047697
4907,20.061,74.61399999999999,0.38594,0.2948768902797919
4908,20.067999999999998,74.506,0.0033084000000000004,0.29624254547314977
4909,20.067999999999998,75.25,0.1988,0.31255315704944575
4910,20.07,74.762,0.18878,0.29623070001976726
4911,20.081,75.23899999999999,0.47367,0.312850628937555
4912,20.082,74.68,0.00025899,0.29600479305734706
4913,20.09,74.645,0.1362,0.2962460689769222
4914,20.090999999999998,75.472,0.33331,0.3234350438962015
4915,20.090999999999998,75.587,0.3684,0.32745428572624036
4916,20.094,75.693,0.3684,0.33030366148190604
4917,20.102999999999998,75.434,0.33331,0.32260427553524496
4918,20.109,74.753,0.013584,0.2980289387713264
4919,20.111,75.434,0.43858,0.3230439769094755
4920,20.114,74.579,0.18074,0.29735766742048997
4921,20.127,75.957,0.42103,0.33241958842899055
4922,20.128,76.654,0.54384,0.266504497718672
4923,20.13,74.855,0.12528,0.3010327653009204
4924,20.152,75.253,0.2105,0.3171931405373416
4925,20.157,75.422,0.46113000000000004,0.3248270362090261
4926,20.164,76.675,0.14144,0.2651362155888046
4927,20.167,75.686,0.15703,0.3338479011595311
4928,20.172,74.45,0.094205,0.3005947793747068
4929,20.174,75.608,0.33331,0.3322189112370475
4930,20.177,75.569,0.40349,0.33115710042024593
4931,20.202,74.084,0.37006999999999995,0.3151603290220396
4932,20.204,73.89699999999999,0.13222,0.3276778007806037
4933,20.21,74.056,0.39681,0.3167494433650847
4934,20.212,74.102,0.10607,0.3140401855899443
4935,20.217,73.89,0.21159,0.32786325937030725
4936,20.217,75.969,0.45611999999999997,0.3360039102674388
4937,20.218,74.047,0.7669100000000001,0.3171906271992432
4938,20.223,74.006,0.23806999999999998,0.31967788035138966
4939,20.223,74.094,0.31744,0.3143737292178479
4940,20.223,74.111,0.71428,0.31343555145613744
4941,20.223,74.066,0.31744,0.31598158795998776
4942,20.224,73.869,0.37027,0.3292249064553796
4943,20.226,74.02600000000001,0.7669100000000001,0.3183567953376937
4944,20.227999999999998,73.899,0.13222,0.3268959491374721
4945,20.229,74.047,0.2907,0.31701974641914743
4946,20.235,74.079,0.6349100000000001,0.31505602979288083
4947,20.236,74.077,0.10607,0.3151539037212744
4948,20.237000000000002,74.084,0.66164,0.3147439964499966
4949,20.239,74.097,0.079334,0.3139956781392754
4950,20.239,73.593,0.26447,0.35085528453665515
4951,20.239,74.055,0.2907,0.3163722918531414
4952,20.24,75.824,0.60817,0.3380074479774803
4953,20.243,74.095,0.39681,0.3140439743761473
4954,20.244,74.074,0.10607,0.3151913903301288
4955,20.246,74.07300000000001,0.44943999999999995,0.31521246937394787
4956,20.247,73.969,0.1587,0.3215406005704047
4957,20.249000000000002,75.982,0.00051798,0.3366312498202264
4958,20.25,74.062,0.2907,0.315761637100089
4959,20.25,74.072,0.34417,0.31519548478604975
4960,20.25,76.486,0.22804000000000002,0.29865327991699153
4961,20.250999999999998,73.97,0.5555399999999999,0.32136855902739425
4962,20.250999999999998,74.07,0.21134,0.315288972467867
4963,20.254,73.97,0.8462799999999999,0.32128662944931796
4964,20.254,73.995,0.52881,0.3196908921092674
4965,20.254,73.953,0.34417,0.32240086406587554
4966,20.255,73.899,0.5289699999999999,0.3260533660240962
4967,20.255,74.07600000000001,0.10607,0.31487712655732647
4968,20.256,74.067,0.13197,0.3153591973311196
4969,20.256,74.45100000000001,0.11442000000000001,0.3016327806917357
4970,20.257,74.035,0.8462799999999999,0.3171810523248818
4971,20.257,74.064,0.10607,0.31550748802685236
4972,20.259,73.887,0.15867,0.3267593116977633
4973,20.26,74.07,0.5029100000000001,0.31510941434259254
4974,20.262,74.071,0.44943999999999995,0.31501201569201276
4975,20.265,74.059,0.39681,0.31561562060272497
4976,20.268,75.578,0.08641900000000001,0.3342131939794072
4977,20.27,74.57600000000001,0.18794,0.3009172574396368
4978,20.276,74.64,0.42103,0.3012622679141722
4979,20.282,75.771,0.29822,0.33858223041136726
4980,20.294,75.439,0.35086,0.3296089386778438
4981,20.294,76.333,0.016676,0.31716670148966497
4982,20.308,75.288,0.40349,0.323232285444372
4983,20.308,75.727,0.47367,0.33836923551774434
4984,20.309,75.539,0.33331,0.33356182278138213
4985,20.309,75.237,0.29822,0.32092575363267517
4986,20.317,74.072,0.31744,0.31350676576449776
4987,20.325,75.441,0.33331,0.33002052290197503
4988,20.325,75.975,0.45611999999999997,0.33798481794142043
4989,20.326,75.351,0.33331,0.32621262113187144
4990,20.326,75.913,0.40349,0.33901692169438435
4991,20.326,75.422,0.45611999999999997,0.32925013778741297
4992,20.326,76.32600000000001,0.3684,0.3183005789819321
4993,20.327,75.274,0.28068000000000004,0.32276854283511214
4994,20.34,75.491,0.3684,0.33204923996678515
4995,20.35,74.03,0.8195399999999999,0.3144792261955782
4996,20.352999999999998,74.085,0.6349100000000001,0.31162128331496397
4997,20.354,74.054,0.079334,0.3130898097166396
4998,20.357,73.832,0.39671999999999996,0.3258967561519963
4999,20.357,73.832,0.31735,0.3258967561519963
5000,20.357,74.096,0.47617,0.31095809370295047
5001,20.361,74.072,0.079334,0.3119292252456607
5002,20.361,74.075,0.6349100000000001,0.3117860423748652
5003,20.362000000000002,73.832,0.079318,0.32560282683742015
5004,20.362000000000002,73.983,0.42353999999999997,0.316478644318701
5005,20.364,74.085,0.31744,0.3111964135276808
5006,20.367,73.846,0.23799,0.32440472779263685
5007,20.367,74.078,0.58228,0.311402627687966
5008,20.368,74.038,0.42353999999999997,0.3133045759334969
5009,20.368,74.251,0.44961999999999996,0.30467883492283343
5010,20.369,74.251,0.50252,0.30464927395426333
5011,20.369,74.251,0.44961999999999996,0.30464927395426333
5012,20.37,74.04899999999999,0.6349100000000001,0.31267010921102567
5013,20.37,73.81,0.21159,0.3265521401490028
5014,20.37,74.04,0.58187,0.31311639215607545
5015,20.371,76.28399999999999,0.22804000000000002,0.322187749734019
5016,20.372,74.04,0.052867,0.31302785899097274
5017,20.373,75.27,0.49121000000000004,0.3226514589202012
5018,20.374000000000002,73.832,0.026417000000000003,0.32487919456224656
5019,20.374000000000002,74.07,0.18544000000000002,0.31148677268418734
5020,20.375999999999998,73.807,0.34384000000000003,0.3263689215752996
5021,20.375999999999998,73.808,0.81996,0.3263038151159705
5022,20.377,74.051,0.10607,0.312264393427795
5023,20.378,74.257,0.31735,0.3041998448330996
5024,20.378,74.256,0.5289699999999999,0.30422867563829115
5025,20.378,74.257,0.21159,0.3041998448330996
5026,20.379,74.257,0.66123,0.30416867824458793
5027,20.379,74.22399999999999,0.58186,0.3051724385164669
5028,20.379,74.256,0.21159,0.3041974493980538
5029,20.379,74.257,0.29095,0.30416867824458793
5030,20.382,74.598,0.097714,0.30052284690148046
5031,20.384,74.093,0.31744,0.3100075076765121
5032,20.384,74.251,0.5289699999999999,0.30418228540515135
5033,20.384,74.067,0.39681,0.3111904943769652
5034,20.385,73.999,0.42353999999999997,0.3145060868296057
5035,20.386,74.251,0.39671999999999996,0.30411668438968986
5036,20.386,74.251,0.34381999999999996,0.30411668438968986
5037,20.386,74.26,0.15867,0.30386056581528886
5038,20.386,73.846,0.26447,0.32325269178911464
5039,20.386,74.263,0.87284,0.30377704878297784
5040,20.387,74.04899999999999,0.47608999999999996,0.3119049626270505
5041,20.387,74.229,0.18512,0.3047432609610241
5042,20.387,73.72,0.29236999999999996,0.33140011364710265
5043,20.387,73.832,0.34381999999999996,0.3240664168999634
5044,20.387,73.721,0.17540999999999998,0.33133250692115357
5045,20.387999999999998,73.722,0.81871,0.3311916967377898
5046,20.389,74.07,0.13197,0.3108260155991768
5047,20.389,73.72399999999999,0.7602300000000001,0.3309835879673442
5048,20.389,73.832,0.31735,0.3239387249938753
5049,20.391,73.719,0.29236999999999996,0.33117273183509965
5050,20.391,74.055,0.13197,0.31143256861122615
5051,20.391,73.72399999999999,0.17540999999999998,0.3308366179890927
5052,20.392,73.709,0.64326,0.33177218743086767
5053,20.393,74.256,0.50252,0.3037396697964474
5054,20.398,76.009,0.17800000000000002,0.33692626719969376
5055,20.4,74.275,0.13222,0.30299083463835685
5056,20.401,74.10300000000001,0.6349100000000001,0.3088239697711629
5057,20.402,74.038,0.37006999999999995,0.31170565985194865
5058,20.402,74.039,0.6349100000000001,0.3116579151872184
5059,20.410999999999998,74.712,0.17792,0.30159228891542766
5060,20.417,74.04,0.13197,0.31083882259514284
5061,20.418,74.85600000000001,0.15703,0.3051674731550845
5062,20.419,73.929,0.58228,0.31635431845914175
5063,20.421,74.075,0.8462799999999999,0.3090579091801
5064,20.421,74.268,0.9786100000000001,0.302400007462824
5065,20.421,74.04,0.8195399999999999,0.3106261034929435
5066,20.424,76.212,0.35086,0.32705272036838107
5067,20.428,74.414,0.50249,0.2996033381989809
5068,20.433,74.067,0.18544000000000002,0.308774384576307
5069,20.436,73.854,0.026417000000000003,0.31945365911828594
5070,20.444000000000003,73.854,0.079318,0.3188849547674688
5071,20.449,76.31,0.33331,0.3190342098493304
5072,20.45,73.999,0.47617,0.31087384320308953
5073,20.45,74.01,0.47617,0.3103574740493711
5074,20.45,74.059,0.1587,0.3081710621638062
5075,20.451,74.021,0.5029100000000001,0.30979000769175913
5076,20.451,74.03399999999999,0.18544000000000002,0.30920357314157987
5077,20.451,74.09,0.89891,0.30683281117765304
5078,20.451,74.007,0.2648,0.31043612676262167
5079,20.452,74.579,0.1851,0.2987323559244893
5080,20.452,73.852,0.079318,0.3184183514465425
5081,20.452,76.023,0.38594,0.3354731488293041
5082,20.456,76.336,0.22804000000000002,0.31654386781436405
5083,20.461,74.01899999999999,0.19002,0.30926737223560163
5084,20.469,73.99,0.31744,0.3100850695841836
5085,20.471,75.186,0.11692999999999999,0.3173004759915157
5086,20.472,74.76,0.60832,0.30116825263641833
5087,20.474,74.58,0.31735,0.2980059998427349
5088,20.475,75.639,0.35086,0.33483992646279925
5089,20.477,74.61399999999999,0.50249,0.2982601523986139
5090,20.477,74.759,0.37024,0.3009872468409167
5091,20.483,75.488,0.29822,0.32988949194392403
5092,20.483,73.85,0.47608999999999996,0.3161731518724826
5093,20.484,75.89,0.079334,0.3369359358154336
5094,20.485,73.832,0.079318,0.3169972012447101
5095,20.486,74.771,0.21159,0.30100075718093766
5096,20.489,74.611,0.29095,0.29778422640770863
5097,20.491,74.783,0.71411,0.3011510780627016
5098,20.491999999999997,75.305,0.23799,0.3220438845663094
5099,20.496,74.931,0.13222,0.3057784932892713
5100,20.498,75.626,0.22804000000000002,0.33372444907153287
5101,20.500999999999998,75.69,0.45611999999999997,0.3350380921581201
5102,20.503,75.631,0.31577,0.3336613082408968
5103,20.503,75.431,0.29822,0.32701257875077316
5104,20.503,74.767,0.10572999999999999,0.3002945637841039
5105,20.505,73.839,0.64326,0.31498316189541653
5106,20.508000000000003,74.264,0.60832,0.29836985390725423
5107,20.508000000000003,74.762,0.47608999999999996,0.2999752603386123
5108,20.511,74.76100000000001,0.47608999999999996,0.29983305165662577
5109,20.517,75.654,0.35086,0.33364198310215065
5110,20.517,73.863,0.37027,0.31273548206759894
5111,20.519000000000002,74.439,0.31737,0.2956832375684747
5112,20.52,74.439,0.8462799999999999,0.29563322945367765
5113,20.524,76.233,0.09951900000000001,0.32254257965482536
5114,20.526,74.017,0.39671999999999996,0.30492567406681026
5115,20.526999999999997,74.345,0.21156999999999998,0.2959832038381567
5116,20.531999999999996,75.384,0.099134,0.32393213329321735
5117,20.533,74.744,0.76699,0.2984856151410621
5118,20.535999999999998,75.27199999999999,0.38594,0.3188952152919883
5119,20.538,76.469,0.15405,0.2997678851208597
5120,20.54,74.433,0.1851,0.2946076986889218
5121,20.541,74.444,0.44961,0.2945264463444983
5122,20.541,74.529,0.89891,0.2947099072149898
5123,20.545,74.44,0.42317,0.29431635194392625
5124,20.545,74.44,0.5554600000000001,0.29431635194392625
5125,20.545,74.499,0.21159,0.2943564300121473
5126,20.546,74.433,0.44961999999999996,0.2942783315547146
5127,20.551,74.529,0.31735,0.29418846648439934
5128,20.551,74.529,0.21159,0.29418846648439934
5129,20.552,73.78399999999999,0.10572999999999999,0.3136875301922234
5130,20.555999999999997,73.803,0.10572999999999999,0.3123347993209026
5131,20.557,74.74,0.0045198,0.29726228464302185
5132,20.558000000000003,73.90899999999999,0.10572999999999999,0.30703354790359927
5133,20.56,74.785,0.34384000000000003,0.29831481185163744
5134,20.561,74.406,0.92564,0.293518313371925
5135,20.57,74.44,0.84636,0.2928793345378934
5136,20.570999999999998,74.44,0.71411,0.2928193057201647
5137,20.573,74.406,0.23799,0.2927908462809128
5138,20.573,74.546,0.66123,0.2931054739649467
5139,20.573,74.406,0.95221,0.2927908462809128
5140,20.581999999999997,74.486,0.1231,0.29220835030708125
5141,20.585,74.528,0.60834,0.2922570997154077
5142,20.585,74.579,0.68771,0.2927541600394684
5143,20.587,74.63600000000001,0.58186,0.2934671935826795
5144,20.587,75.182,0.30491,0.3123528358355021
5145,20.59,73.997,0.079318,0.30059747641844836
5146,20.590999999999998,73.829,0.5289699999999999,0.3077124746323694
5147,20.590999999999998,73.93,0.5554600000000001,0.30319350415225477
5148,20.590999999999998,73.99600000000001,0.079318,0.30054944410738327
5149,20.590999999999998,73.835,0.13222,0.3074302424718345
5150,20.590999999999998,73.994,0.052867,0.3006255034649433
5151,20.590999999999998,73.997,0.1851,0.3005115138856952
5152,20.592,73.998,0.8462799999999999,0.3003875882224927
5153,20.592,75.594,0.31577,0.32824404191076284
5154,20.592,73.999,0.74059,0.30034985431175987
5155,20.593000000000004,73.999,0.10572999999999999,0.3002636929649414
5156,20.593000000000004,73.999,0.79348,0.3002636929649414
5157,20.593000000000004,73.999,0.23799,0.3002636929649414
5158,20.594,73.999,0.58186,0.3001773690538465
5159,20.594,75.587,0.50249,0.32792678459556823
5160,20.598000000000003,75.595,0.42103,0.3278993419067564
