,lat,long,actual,predicted
0,17.929000000000002,75.36399999999999,0.50876,0.38004856682034105
1,17.942,74.883,0.21986999999999998,0.2884972282071395
2,17.949,74.846,0.28068000000000004,0.2794395227906262
3,17.95,74.847,0.47367,0.2793315555277903
4,17.951,74.85600000000001,0.17540999999999998,0.2807141347929186
5,17.951,74.854,0.43858,0.28034125564130286
6,17.951,74.854,0.43858,0.28034125564130286
7,17.951,74.85600000000001,0.5263,0.2807141347929186
8,17.953,74.85,0.28068000000000004,0.27900778272210236
9,17.953,74.857,0.15787,0.28030927011706264
10,17.953,74.876,0.28068000000000004,0.28385133053191636
11,17.955,74.884,0.26313000000000003,0.28474470201314883
12,17.955,74.87,0.28068000000000004,0.2821359437070332
13,17.956,74.866,0.43858,0.28109561060901733
14,17.956,74.872,0.22804000000000002,0.28221070930266856
15,17.957,74.851,0.50876,0.2780214490911319
16,17.957,74.869,0.31577,0.2813565815283655
17,17.959,74.876,0.5263,0.2820621830323423
18,17.961,74.857,0.33331,0.2779611177193547
19,17.961,74.861,0.42103,0.2786985386220916
20,17.961,74.861,0.19296,0.2786985386220916
21,17.961,74.874,0.24559,0.28109938371042464
22,17.962,74.903,0.19296,0.2861729433827469
23,17.962,74.885,0.50876,0.28283764108781895
24,17.962,74.872,0.11777,0.2804347109109464
25,17.963,74.87,0.24559,0.2797715000678176
26,17.963,74.873,0.28068000000000004,0.2803246517625092
27,17.963,74.904,0.56055,0.2860569838874266
28,17.963,74.905,0.33331,0.28624232103299596
29,17.963,74.915,0.3684,0.2880968332497231
30,17.963,74.857,0.31577,0.277378407776083
31,17.964000000000002,74.877,0.35086,0.2807675256179252
32,17.964000000000002,74.88,0.22804000000000002,0.2813207328872267
33,17.964000000000002,74.904,0.29822,0.28575593126429444
34,17.965,74.882,0.42103,0.28139388506488083
35,17.965,74.915,0.42103,0.2874904214925843
36,17.965,74.881,0.40349,0.28120960557341734
37,17.965,74.903,0.43858,0.2852704355575135
38,17.965999999999998,74.863,0.26313000000000003,0.277607263580532
39,17.965999999999998,74.874,0.75438,0.2796269521461575
40,17.965999999999998,74.881,0.1988,0.2809144466290988
41,17.965999999999998,74.883,0.5263,0.2812825978168749
42,17.965999999999998,74.921,0.50876,0.28829760899287826
43,17.967,74.876,0.31577,0.27970101635827227
44,17.967,74.905,0.22804000000000002,0.2850398761843257
45,17.968,74.873,0.28068000000000004,0.2788576756082357
46,17.968,74.877,0.49121000000000004,0.2795912834109775
47,17.969,74.893,0.35086,0.2822344360701242
48,17.97,74.883,0.35086,0.28010456642233705
49,17.97,74.891,0.24559,0.2815713962728741
50,17.97,74.975,0.35086,0.2970440666910352
51,17.971,74.877,0.14032,0.2787136748907184
52,17.971,74.896,0.24591999999999997,0.28219286093413654
53,17.971,74.869,0.24559,0.27725232445665504
54,17.971,74.87899999999999,0.26313000000000003,0.2790793658480969
55,17.972,74.87,0.49121000000000004,0.2771447424565022
56,17.972,74.887,0.8421,0.28024959168197827
57,17.972,74.892,0.38594,0.28116455732814394
58,17.973,74.895,0.3684,0.2814187251360095
59,17.973,74.873,0.66666,0.277401576518414
60,17.973,74.86399999999999,0.1988,0.2757630371062675
61,17.974,74.564,0.26655999999999996,0.22447668331610773
62,17.976,74.887,0.22804000000000002,0.27907854094215956
63,17.977,74.869,0.61402,0.2755194345018933
64,17.977,74.904,0.10522999999999999,0.2818821648334272
65,17.979,74.896,0.35086,0.27983861926497844
66,17.979,74.877,0.43858,0.2763925580539369
67,17.98,74.868,0.5263,0.2744783426867009
68,17.98,74.869,0.28068000000000004,0.2746588609642556
69,17.98,74.904,0.3283,0.2809987525016986
70,17.980999999999998,74.88,0.68504,0.2763586549271987
71,17.980999999999998,74.889,0.35086,0.2779865428202286
72,17.980999999999998,74.91199999999999,0.22804000000000002,0.28215748843918564
73,17.982,74.836,0.2105,0.26816787838264744
74,17.982,74.872,0.61402,0.2746277905592447
75,17.983,74.90899999999999,0.54384,0.28102468172326467
76,17.985,74.89699999999999,0.19296,0.27827172436149394
77,17.986,74.887,0.40349,0.27618151214119235
78,17.986,74.865,0.3684,0.27223290354705454
79,17.987000000000002,74.87100000000001,0.38594,0.2730241668440261
80,17.987000000000002,74.905,0.33331,0.27913300203283375
81,17.988,74.887,0.22804000000000002,0.2756073540537477
82,17.989,74.87,0.40349,0.27227922053896525
83,17.989,74.877,0.26313000000000003,0.2735304017287903
84,17.989,74.866,0.17540999999999998,0.27156513071559807
85,17.989,74.905,0.33331,0.27855197952600264
86,17.989,74.904,0.22804000000000002,0.2783722345754731
87,17.99,74.892,0.47367,0.275930401600858
88,17.99,74.89699999999999,0.28068000000000004,0.276826640875964
89,17.99,74.869,0.26313000000000003,0.2718185663212346
90,17.991,74.908,0.59648,0.27851082532514904
91,17.991,74.55199999999999,0.31577,0.21909697633195205
92,17.991,74.865,0.26313000000000003,0.2708247571728748
93,17.991,74.89699999999999,0.17540999999999998,0.27653894015819225
94,17.991,74.586,0.35086,0.2241769590003245
95,17.991,74.873,0.35086,0.27224975532295237
96,17.992,74.88600000000001,0.17540999999999998,0.27428572700430276
97,17.992,74.896,0.47367,0.27607279916537675
98,17.993,74.876,0.24559,0.27221976896850597
99,17.993,74.866,0.24559,0.2704420858169445
100,17.993,74.878,0.35086,0.2725757764961919
101,17.993,74.896,0.07014400000000001,0.275786190321915
102,17.994,74.902,0.29822,0.2765711631939183
103,17.994,74.939,0.33331,0.2831954108704985
104,17.995,74.872,0.28068000000000004,0.27094668419278856
105,17.996,74.878,0.22804000000000002,0.27173022192855956
106,17.997,74.89399999999999,0.31577,0.274288618117851
107,17.997,74.88,0.38594,0.2718036672852445
108,17.997,74.87899999999999,0.26313000000000003,0.27162643664924624
109,17.997,74.899,0.49121000000000004,0.2751776576030608
110,17.999000000000002,74.869,0.5263,0.269299523657223
111,17.999000000000002,74.888,0.45611999999999997,0.2726578559925611
112,17.999000000000002,74.86399999999999,0.33331,0.26841815080952225
113,18.0,74.891,0.35086,0.2729068527681541
114,18.0,74.889,0.2105,0.2725529384907861
115,18.0,74.883,0.31577,0.2714920250648294
116,18.000999999999998,74.877,0.35086,0.27015340731335113
117,18.000999999999998,74.866,0.12278,0.26821688129402554
118,18.000999999999998,74.862,0.28068000000000004,0.2675139614458908
119,18.000999999999998,74.865,0.19296,0.2680410853940973
120,18.002,74.872,0.15787,0.26899505609810104
121,18.003,75.01899999999999,0.21946999999999997,0.29476829995859155
122,18.005,74.866,0.38594,0.26711472453081253
123,18.005,74.877,0.33331,0.2690417117414209
124,18.006,74.869,0.24559,0.2673646599593472
125,18.007,74.874,0.24559,0.2679637405246956
126,18.007,74.882,0.54384,0.269363847561206
127,18.008,74.87100000000001,0.26313000000000003,0.2671647026328565
128,18.008,74.874,0.50876,0.2676884286964294
129,18.009,74.862,0.2105,0.26532357718352817
130,18.009,74.87899999999999,0.59648,0.2682861708494445
131,18.01,74.88,0.22804000000000002,0.26818508364093396
132,18.011,74.875,0.26313000000000003,0.2670391229844996
133,18.011,74.877,0.3684,0.2673872691775684
134,18.011,74.873,0.31577,0.2666911415604497
135,18.012,74.859,0.5263,0.26398983036302104
136,18.012999999999998,74.866,0.24559,0.264931307946356
137,18.014,74.862,0.1704,0.26396872072262323
138,18.014,74.86399999999999,0.3684,0.2643144385993711
139,18.015,74.874,0.29822,0.26577346505684396
140,18.015,74.859,0.43858,0.26318147971924777
141,18.016,75.012,0.23013000000000003,0.28959083660936014
142,18.018,74.855,0.26313000000000003,0.26169022161910027
143,18.018,74.965,0.50876,0.2807817730123948
144,18.019000000000002,74.88600000000001,0.14032,0.2667590192703888
145,18.019000000000002,74.973,0.45611999999999997,0.2818885283838156
146,18.019000000000002,74.863,0.35086,0.2627964920567183
147,18.02,74.955,0.22804000000000002,0.2784607385786789
148,18.02,74.965,0.5263,0.28020337838943177
149,18.02,75.012,0.25628,0.2883951835342957
150,18.023,74.863,0.28068000000000004,0.2617282729056428
151,18.023,74.972,0.24559,0.28055518092241905
152,18.024,74.972,0.49121000000000004,0.28026659850643065
153,18.024,74.971,0.5789300000000001,0.2800930633875782
154,18.025,74.857,0.50876,0.26017474952135133
155,18.025,74.868,0.19296,0.262049782138169
156,18.026,74.97399999999999,0.42103,0.2800370643657124
157,18.027,74.861,0.35086,0.2603270068509118
158,18.027,74.858,0.29822,0.25981736065827776
159,18.027,74.857,0.28068000000000004,0.25964757830301266
160,18.027,74.867,0.33331,0.2613476103564357
161,18.029,74.89699999999999,0.54384,0.2659316389521489
162,18.029,74.85600000000001,0.28068000000000004,0.2589528444915542
163,18.029,74.868,0.49121000000000004,0.26098771383420805
164,18.03,74.976,0.56139,0.2792339288598046
165,18.03,74.861,0.26313000000000003,0.2595369236119517
166,18.031,74.865,0.56139,0.2599512080116497
167,18.031,74.854,0.26313000000000003,0.2580919960422422
168,18.032,74.852,0.14032,0.2574945030595789
169,18.033,74.973,0.29822,0.2778612815565049
170,18.033,74.975,0.5789300000000001,0.27820479961690625
171,18.033,74.859,0.35086,0.2584135216363126
172,18.034000000000002,74.869,0.40349,0.2598387500873034
173,18.034000000000002,74.969,0.5263,0.27689080310690806
174,18.034000000000002,74.863,0.22804000000000002,0.25882657200148307
175,18.034000000000002,74.968,0.2105,0.27671927351110204
176,18.034000000000002,74.968,0.29822,0.27671927351110204
177,18.035,74.863,0.19296,0.2585653921324469
178,18.035,74.86399999999999,0.43858,0.25873375388297737
179,18.035,74.866,0.38594,0.2590706237024135
180,18.035999999999998,74.863,0.17540999999999998,0.2583046474505093
181,18.037,74.869,0.5029100000000001,0.25905267286849365
182,18.037,74.96600000000001,0.087689,0.2755301984016353
183,18.038,74.969,0.29822,0.2757612665570012
184,18.039,74.958,0.24559,0.2736045832373629
185,18.04,74.071,0.31577,0.16673357629521565
186,18.04,74.851,0.28068000000000004,0.2552625049908237
187,18.04,75.664,0.26313000000000003,0.3717365293049111
188,18.04,74.863,0.43858,0.25726602054353154
189,18.041,74.962,0.26313000000000003,0.27372800809836995
190,18.041,74.964,0.28068000000000004,0.27406819274828376
191,18.042,74.869,0.40349,0.2577512631080905
192,18.042,74.852,0.2105,0.2549171786040053
193,18.042,74.953,0.28068000000000004,0.27192101348194453
194,18.043,75.543,0.45611999999999997,0.35977212430434224
195,18.044,74.96300000000001,0.35086,0.27306324449457975
196,18.045,74.96300000000001,0.29822,0.27278585579409065
197,18.046,74.893,0.2105,0.2607219860989204
198,18.047,75.55199999999999,0.28068000000000004,0.3592498329740048
199,18.048,75.551,0.24559,0.35878540823557037
200,18.051,75.574,0.2105,0.3599848702582179
201,18.051,75.542,0.38594,0.3567744842066862
202,18.052,74.888,0.28068000000000004,0.2583249921042523
203,18.052,74.891,0.12278,0.25882284259508315
204,18.053,74.458,0.14868,0.19547121544385562
205,18.053,74.891,0.22804000000000002,0.258563621100931
206,18.053,74.9,0.5789300000000001,0.2600574661033197
207,18.054000000000002,74.453,0.11692999999999999,0.19473901663948726
208,18.054000000000002,75.42,0.22804000000000002,0.3414408684158443
209,18.054000000000002,74.89699999999999,0.45611999999999997,0.25929914089211725
210,18.055,75.586,0.5263,0.3596753630881572
211,18.055,75.071,0.26313000000000003,0.288093140043467
212,18.055,74.46300000000001,0.060628999999999995,0.19573335838997194
213,18.058,74.788,0.6842,0.240593857956889
214,18.058,74.03399999999999,0.093537,0.16463685635580586
215,18.058,74.456,0.09019500000000001,0.19445726741864486
216,18.058,74.88600000000001,0.33331,0.25645078736233795
217,18.058,74.88600000000001,0.28068000000000004,0.25645078736233795
218,18.059,74.445,0.036885,0.19306209061980348
219,18.06,74.464,0.060236000000000005,0.19505987625930563
220,18.06,74.459,0.11609000000000001,0.19448773272847972
221,18.06,74.461,0.09019500000000001,0.19471605282321822
222,18.06,74.453,0.14868,0.19380709125714554
223,18.061,74.895,0.40349,0.2571625558678944
224,18.062,74.459,0.01305,0.19417704524157717
225,18.062,74.444,0.13364,0.19249522427671692
226,18.062,74.888,0.31577,0.2557587394134101
227,18.063,74.449,0.06742100000000001,0.1928990163407531
228,18.063,74.899,0.35086,0.2573067128710389
229,18.063,74.89699999999999,0.55303,0.25697867438991606
230,18.064,74.885,0.14032,0.25476075352742655
231,18.064,74.892,0.31577,0.25590468099708663
232,18.064,74.46300000000001,0.09019500000000001,0.19432118922026528
233,18.064,74.9,0.56139,0.2572145420149705
234,18.065,74.456,0.14951,0.1933764377162049
235,18.065,74.458,0.21468,0.19360116892539855
236,18.065,74.89699999999999,0.75438,0.25646784779169507
237,18.065,74.444,0.13364,0.19204328716564076
238,18.065,74.446,0.11275,0.19226365601695958
239,18.065,74.896,0.26313000000000003,0.25630429946606326
240,18.066,74.46,0.21384,0.19367270099385522
241,18.066,74.452,0.14951,0.19277722933781447
242,18.067,74.446,0.033627,0.1919632064055596
243,18.067,74.453,0.21134,0.19273673466473637
244,18.067,74.082,0.034095,0.16552279148466856
245,18.067999999999998,74.461,0.12111,0.19347822258879885
246,18.069000000000003,74.446,0.11275,0.19166423449469602
247,18.069000000000003,74.459,0.093537,0.1931013575767335
248,18.069000000000003,74.449,0.06722,0.19199314937947118
249,18.069000000000003,74.455,0.13364,0.19265589927775403
250,18.07,74.456,0.036058,0.19261555938443828
251,18.07,74.455,0.21550999999999998,0.19250471576581238
252,18.070999999999998,74.888,0.31577,0.25348657482167414
253,18.070999999999998,74.45100000000001,0.058464999999999996,0.1919133418105635
254,18.070999999999998,74.455,0.087689,0.1923539030558364
255,18.070999999999998,74.458,0.091031,0.1926862275958667
256,18.072,74.454,0.06692000000000001,0.1920932979320453
257,18.072,74.46,0.015122,0.19275699142056787
258,18.073,74.458,0.066961,0.19238421808302694
259,18.073,74.458,0.15202000000000002,0.19238421808302694
260,18.073,74.449,0.049333,0.1913966352088193
261,18.074,74.036,0.14032,0.16396704946861748
262,18.075,74.03699999999999,0.5263,0.16394456968590324
263,18.075,74.186,0.14032,0.16948608353907355
264,18.075,75.419,0.31577,0.33416768901313143
265,18.077,74.46,0.14951,0.1920041180948223
266,18.077,74.455,0.09019500000000001,0.19145680905536042
267,18.078,74.45,0.066828,0.19076706299551124
268,18.078,74.452,0.11525999999999999,0.19098312696701134
269,18.078,74.455,0.20215,0.19130858965458394
270,18.078,74.461,0.066059,0.19196441305579012
271,18.079,74.457,0.15202000000000002,0.191378127621141
272,18.08,74.458,0.14951,0.19133886997598068
273,18.081,74.458,0.19964,0.1911910172471177
274,18.082,74.454,0.11025,0.1906117352305978
275,18.082,74.457,0.19296,0.1909353126607873
276,18.083,74.454,0.12278,0.1904656132461586
277,18.083,74.45,0.11192,0.1900377178899276
278,18.084,74.45100000000001,0.014244,0.18999940781665278
279,18.084,74.454,0.091031,0.19031986078554328
280,18.086,74.105,0.19296,0.16520148057401488
281,18.088,74.45,0.11192,0.18931759268663348
282,18.09,74.453,0.2105,0.1893475818419523
283,18.092,75.899,0.17540999999999998,0.36141166407033554
284,18.093,75.085,0.16288,0.27951931705758426
285,18.11,75.067,0.10607,0.2720444144607521
286,18.112000000000002,75.068,0.15035,0.27166743409589333
287,18.113,75.072,0.16873,0.2720254265691152
288,18.113,75.07300000000001,0.055942,0.27218139252862217
289,18.113,75.066,0.13782,0.271089149915801
290,18.113,75.741,0.15035,0.3502198605403509
291,18.116,74.664,0.088524,0.21038296306803536
292,18.118,75.05,0.1587,0.2672810672299759
293,18.124000000000002,75.04899999999999,0.24559,0.2655722186498922
294,18.124000000000002,73.51,0.15962,0.18855967411837996
295,18.124000000000002,75.611,0.21134,0.3380362816969801
296,18.127,75.22399999999999,0.22637,0.29118776806079416
297,18.131,73.785,0.17332,0.16768752063883988
298,18.134,74.64,0.10525999999999999,0.20411105687828565
299,18.134,74.985,0.50876,0.2532415202614925
300,18.136,74.831,0.07014400000000001,0.2297422439305171
301,18.14,74.042,0.17959,0.16180207578286107
302,18.143,74.42699999999999,0.11259000000000001,0.1799332354891495
303,18.144000000000002,74.43,0.16764,0.18007923108856091
304,18.146,74.801,0.11192,0.22339784064035637
305,18.147000000000002,73.814,0.073678,0.16676059105535526
306,18.148,74.88,0.3684,0.23432450810292324
307,18.15,73.742,0.056359000000000006,0.1709039509230417
308,18.15,73.774,0.21927,0.1689669220099018
309,18.152,74.889,0.26313000000000003,0.2347763886292112
310,18.158,73.75,0.081423,0.17076418949238367
311,18.158,73.758,0.062625,0.17025913075396606
312,18.158,73.759,0.12528,0.17019693739064493
313,18.158,73.858,0.18168,0.16509493990871374
314,18.158,73.984,0.16497,0.1617287034548067
315,18.158,73.992,0.20883000000000002,0.16163621899953393
316,18.158,73.995,0.1963,0.16160530272209753
317,18.158,74.012,0.15035,0.16146894507691137
318,18.158,74.014,0.09813200000000001,0.16145724630129152
319,18.159000000000002,74.013,0.15035,0.16144952931302883
320,18.159000000000002,74.01100000000001,0.23389000000000001,0.1614621564731584
321,18.159000000000002,74.013,0.1963,0.16144952931302883
322,18.159000000000002,74.42,0.1231,0.1775153214755911
323,18.159000000000002,74.422,0.18594000000000002,0.1776809328029347
324,18.16,74.012,0.27149,0.16144277964813644
325,18.160999999999998,75.747,0.16873,0.3346231530503754
326,18.162,74.452,0.17026,0.17990528586374774
327,18.163,75.047,0.26313000000000003,0.2555801324764503
328,18.164,74.422,0.15686,0.1771321035732578
329,18.165,75.18,0.45611999999999997,0.274495409112981
330,18.165,74.416,0.10732,0.17653732243254103
331,18.165,74.418,0.1257,0.1766985747888857
332,18.166,75.16,0.14032,0.2713667253620282
333,18.167,73.675,0.21927,0.1767061843145882
334,18.167,73.75,0.18794,0.1711901196987576
335,18.167,73.758,0.12528,0.17066939313918914
336,18.167,73.984,0.17332,0.161678335630299
337,18.167,73.986,0.22554000000000002,0.16164964455553807
338,18.167,73.986,0.18794,0.16164964455553807
339,18.167,73.992,0.27149,0.1615690363650029
340,18.167,73.992,0.23389000000000001,0.1615690363650029
341,18.167,74.01,0.17959,0.16137644974855023
342,18.167,74.017,0.20883000000000002,0.16132152262237995
343,18.167,74.01899999999999,0.060537,0.16130788458947456
344,18.167,75.186,0.33331,0.27483179230347576
345,18.167,75.188,0.26313000000000003,0.27511638166617003
346,18.168,74.418,0.13358,0.17637739684115702
347,18.168,74.406,0.12829000000000002,0.17542997004670222
348,18.168,74.794,0.11835999999999999,0.21814327841023803
349,18.168,76.22,0.14282999999999998,0.3171119672195466
350,18.168,76.253,0.088524,0.31309464224167094
351,18.169,74.423,0.11262,0.17667289458563348
352,18.169,75.187,0.35086,0.2744550271349703
353,18.169,74.384,0.15716,0.1736681460482636
354,18.169,74.414,0.16238,0.17595305155144267
355,18.17,74.422,0.16572,0.1764852070372974
356,18.17,74.671,0.10472999999999999,0.20193360198551322
357,18.17,74.40100000000001,0.1231,0.17483910311671233
358,18.171,74.406,0.1755,0.17512036515979143
359,18.171,74.392,0.1755,0.17406054263458567
360,18.171,75.006,0.14926,0.24767981754998178
361,18.171,74.41199999999999,0.10472999999999999,0.17558637109753025
362,18.172,74.92399999999999,0.15716,0.23555560270794249
363,18.173,74.417,0.14667,0.17577030423525905
364,18.173,73.904,0.05427100000000001,0.16365720034312145
365,18.174,74.00399999999999,0.26313000000000003,0.1613753329896885
366,18.174,74.735,0.14376,0.20925724130533904
367,18.174,75.191,0.5263,0.27373002992569917
368,18.174,74.42,0.13355999999999998,0.1759024095717567
369,18.175,74.405,0.13882,0.17463641293151086
370,18.175,73.958,0.25478,0.16215495126947047
371,18.175,73.959,0.11484000000000001,0.1621327451184881
372,18.175,73.983,0.22345,0.16166776414578923
373,18.175,73.985,0.11275,0.16163491563643204
374,18.175,73.986,0.15035,0.1616188322592176
375,18.175,73.994,0.14199,0.16149835064617032
376,18.175,74.033,0.25478,0.16111977788839085
377,18.175,75.154,0.28068000000000004,0.26822139844714254
378,18.175,74.467,0.13264,0.17971563741576932
379,18.175,74.475,0.15425,0.18042365765340393
380,18.176,73.82600000000001,0.11902,0.16708094479320948
381,18.176,74.37100000000001,0.15716,0.1720757649379526
382,18.176,74.476,0.15035,0.18039573488922553
383,18.176,73.686,0.2506,0.17639135088952365
384,18.176,74.029,0.1044,0.16113000408262393
385,18.177,74.39,0.11,0.17332490489205318
386,18.177,75.183,0.5263,0.2718337022270414
387,18.177,74.441,0.033385000000000005,0.17727854730832124
388,18.178,74.41199999999999,0.089042,0.17486646245772328
389,18.178,74.986,0.14668,0.2431940137646644
390,18.179000000000002,74.587,0.09687899999999999,0.19094329292415832
391,18.179000000000002,74.377,0.12047999999999999,0.1722120464824288
392,18.179000000000002,74.417,0.10305999999999998,0.17514944614241343
393,18.179000000000002,75.193,0.31577,0.2727296954235522
394,18.18,74.418,0.12834,0.17512443876390013
395,18.18,75.123,0.14365999999999998,0.26254357565345454
396,18.180999999999997,75.193,0.5263,0.27222009585091544
397,18.180999999999997,76.033,0.13364,0.3281687511688407
398,18.180999999999997,74.475,0.12111,0.17972698153502395
399,18.180999999999997,74.382,0.14144,0.17237388831365405
400,18.180999999999997,74.40899999999999,0.13832,0.174336268131102
401,18.180999999999997,74.426,0.14926,0.17564535050005856
402,18.180999999999997,74.435,0.13882,0.1763610118514912
403,18.182000000000002,74.032,0.16497,0.16103747172632663
404,18.182000000000002,74.39,0.15185,0.17284493167101753
405,18.182000000000002,74.032,0.14199,0.16103747172632663
406,18.182000000000002,74.032,0.1044,0.16103747172632663
407,18.183,74.505,0.11692999999999999,0.18220129772805235
408,18.183,74.031,0.14199,0.16103347310631658
409,18.183,74.031,0.066803,0.16103347310631658
410,18.183,74.903,0.087689,0.23027219714361388
411,18.183,73.959,0.24015999999999998,0.1621679421103495
412,18.183,73.959,0.25478,0.1621679421103495
413,18.183,74.906,0.5263,0.23069419132720168
414,18.184,75.154,0.31577,0.26597868370917377
415,18.184,75.176,0.40349,0.26908054592820885
416,18.184,74.475,0.19128,0.17938353994459452
417,18.184,74.952,0.43858,0.2370045221008754
418,18.184,74.498,0.1587,0.1814366849010056
419,18.185,74.428,0.086352,0.1753888540880509
420,18.185,74.464,0.10477,0.17832442652286104
421,18.185,74.928,0.14032,0.23338503389597196
422,18.185,74.462,0.16037,0.17815494618997893
423,18.185,75.169,0.22804000000000002,0.26784716700017674
424,18.185,74.482,0.18293,0.1798829311029486
425,18.185,74.86399999999999,0.094205,0.22444061383726285
426,18.185,75.16199999999999,0.22804000000000002,0.26686139136079434
427,18.186,74.027,0.083512,0.16103626960260445
428,18.186,75.12,0.23139,0.2606594965580329
429,18.186,74.37100000000001,0.15425,0.1711650870174732
430,18.186,74.42,0.11325,0.17466925561567567
431,18.186,74.708,0.037562,0.20383243514788826
432,18.186,74.40100000000001,0.11325,0.17325400799993237
433,18.186,74.98,0.45611999999999997,0.24057352488180747
434,18.186,75.173,0.10522999999999999,0.26816005415637456
435,18.186,75.17399999999999,0.19296,0.26830030850475206
436,18.187,74.393,0.14926,0.17258511540434826
437,18.187,74.39399999999999,0.091615,0.17265601848475373
438,18.187,74.41199999999999,0.12996,0.17396610681226563
439,18.187,74.819,0.11262,0.217939548350048
440,18.187,74.41,0.17549,0.17381739181336295
441,18.187,74.42699999999999,0.19053,0.17510631420592246
442,18.187,74.002,0.14199,0.16133315152898844
443,18.188,74.369,0.08380399999999999,0.17085515004516857
444,18.188,74.857,0.11785,0.2228948349534645
445,18.188,74.422,0.16376,0.1746208073149191
446,18.188,75.123,0.16873,0.26060522314196954
447,18.188,75.123,0.10607,0.26060522314196954
448,18.188,74.49,0.16539,0.18024527305905932
449,18.188,74.95100000000001,0.50876,0.2360133772645889
450,18.188,74.388,0.11,0.17214081888022212
451,18.188,74.453,0.16473,0.17707742843649496
452,18.189,74.476,0.20047,0.1789045160816037
453,18.189,74.661,0.17549,0.19774438413066162
454,18.189,74.38600000000001,0.14400000000000002,0.17191010228705148
455,18.189,74.441,0.14406,0.17600016441364538
456,18.189,74.906,0.22804000000000002,0.2294712712333605
457,18.189,74.956,0.26313000000000003,0.23651095324237711
458,18.189,74.44800000000001,0.16764,0.17656266179195587
459,18.189,74.46,0.18794,0.17754843887182667
460,18.189,74.48100000000001,0.18794,0.17933794563743963
461,18.189,74.491,0.18377000000000002,0.18021843342361496
462,18.189,74.494,0.14617,0.1804860978643341
463,18.189,74.494,0.14617,0.1804860978643341
464,18.189,74.957,0.17540999999999998,0.23665278193143077
465,18.189,75.171,0.27149,0.2671352836226558
466,18.189,74.377,0.15454,0.17129772469243806
467,18.189,74.461,0.16764,0.17763180389716024
468,18.19,74.449,0.18853,0.17653773112066326
469,18.19,74.391,0.1755,0.17216455833971164
470,18.19,74.497,0.16539,0.18063846040573936
471,18.19,74.499,0.1587,0.18081842179791638
472,18.19,74.384,0.13882,0.1716814515550362
473,18.19,74.38600000000001,0.1204,0.1718184813685589
474,18.19,74.393,0.13882,0.17230438655058586
475,18.191,74.491,0.10774,0.17998767223507336
476,18.191,74.46300000000001,0.17540999999999998,0.17758099755511322
477,18.191,74.477,0.1587,0.17876639844090278
478,18.191,74.456,0.13614,0.17700192930152656
479,18.191,74.973,0.2105,0.2384976983309743
480,18.192,73.658,0.2506,0.17986133129278728
481,18.192,73.683,0.16915,0.17768540290304488
482,18.192,73.692,0.13155,0.17693164573759976
483,18.192,73.7,0.2506,0.1762749471965818
484,18.192,73.959,0.17959,0.16222672010905123
485,18.192,73.959,0.19212,0.16222672010905123
486,18.192,74.403,0.13358,0.17282543234775768
487,18.192,74.47399999999999,0.18377000000000002,0.17839834555927178
488,18.192,74.00399999999999,0.25478,0.16128752360972362
489,18.192,74.369,0.11262,0.17050501337332322
490,18.192,74.495,0.10774,0.18022737984910694
491,18.192,75.17399999999999,0.17540999999999998,0.2668136244806635
492,18.192,75.186,0.43858,0.26848166282326047
493,18.192,74.392,0.13358,0.1720494053523691
494,18.192,74.403,0.08380399999999999,0.17282543234775768
495,18.192,74.488,0.14901,0.1796088217930478
496,18.192999999999998,74.207,0.12834,0.1627180185550061
497,18.192999999999998,74.972,0.31577,0.23792916638574133
498,18.192999999999998,74.972,0.29822,0.23792916638574133
499,18.192999999999998,75.19800000000001,0.5263,0.26989160660696887
500,18.192999999999998,74.382,0.10214,0.17127518066642042
501,18.192999999999998,74.408,0.12996,0.17309045271242826
502,18.192999999999998,74.441,0.13358,0.175585403941894
503,18.194000000000003,74.408,0.14140999999999998,0.17299516919571342
504,18.194000000000003,74.461,0.23389000000000001,0.1770915239947549
505,18.194000000000003,74.43,0.15686,0.17463006939739242
506,18.194000000000003,75.161,0.17540999999999998,0.26450995985051196
507,18.194000000000003,74.418,0.15185,0.1737266232074238
508,18.194000000000003,74.47800000000001,0.15454,0.1785178268780183
509,18.194000000000003,74.93,0.54384,0.23180713522858895
510,18.194000000000003,74.964,0.45611999999999997,0.23658615466769836
511,18.195,73.97399999999999,0.12737,0.16187670359853826
512,18.195,74.483,0.15954000000000002,0.17883549376820437
513,18.195999999999998,74.493,0.16622,0.17959225633737017
514,18.195999999999998,74.96,0.49121000000000004,0.23560209295020704
515,18.195999999999998,75.155,0.26313000000000003,0.2631866711113253
516,18.195999999999998,74.407,0.13358,0.17273403439298637
517,18.195999999999998,74.495,0.19045,0.17976809025577764
518,18.197,74.921,0.73683,0.22994272714808747
519,18.198,74.382,0.14140999999999998,0.1708319550802144
520,18.198,74.419,0.11787,0.17341315856199188
521,18.198,74.928,0.5263,0.23071326229396946
522,18.198,75.189,0.26313000000000003,0.26741427111081906
523,18.198,74.373,0.13358,0.1702454223413404
524,18.198,74.40100000000001,0.16764,0.17212356952197336
525,18.198,75.164,0.42103,0.2639567208194862
526,18.198,75.245,0.22804000000000002,0.27501595272154145
527,18.198,74.408,0.1231,0.17261750928571837
528,18.199,74.396,0.12834,0.1716858782472864
529,18.199,74.929,0.2105,0.23064967939716916
530,18.199,75.165,0.31577,0.26385363449119825
531,18.199,74.467,0.16037,0.17705072683647402
532,18.199,74.476,0.15452,0.17779903227882551
533,18.199,75.183,0.47367,0.26634289489002805
534,18.2,75.186,0.61402,0.26651142387878013
535,18.2,73.925,0.25478,0.1633690475517691
536,18.2,73.958,0.27149,0.1623237691065376
537,18.2,74.382,0.11787,0.17065705781468596
538,18.2,74.648,0.14667,0.1946176321219014
539,18.2,74.442,0.11787,0.17495049783670333
540,18.2,74.958,0.61402,0.23448827498451316
541,18.201,74.917,0.29822,0.22858664479782806
542,18.201,74.441,0.16764,0.17477287905022784
543,18.201,74.267,0.16473,0.1644189870664375
544,18.201,74.235,0.20039,0.16320939669745257
545,18.201,74.407,0.086352,0.17226743549992393
546,18.202,74.384,0.15419000000000002,0.17061425978504682
547,18.202,74.929,0.24559,0.23004434741046195
548,18.202,74.896,0.1257,0.22550605895380801
549,18.202,73.94,0.11275,0.162891928455022
550,18.203,74.476,0.16455,0.1773669342069911
551,18.203,74.923,0.49121000000000004,0.2290152442413069
552,18.203,74.381,0.16473,0.1703324347263616
553,18.203,74.393,0.1362,0.1711237371036136
554,18.203,74.969,0.08118099999999999,0.23540355357222217
555,18.203,74.971,0.47367,0.23568307252514417
556,18.203,74.928,0.2105,0.22970529042866247
557,18.203,74.933,0.15787,0.23039650836830647
558,18.203,74.986,0.12278,0.23778312136471033
559,18.204,73.608,0.22763000000000003,0.1855635197271134
560,18.204,74.93,0.29320999999999997,0.22978098724663995
561,18.204,74.931,0.47367,0.22991904886754752
562,18.204,74.932,0.5263,0.23005715635114485
563,18.204,74.391,0.10214,0.17090189143096932
564,18.204,74.404,0.10740999999999999,0.17178344008197796
565,18.204,74.734,0.14926,0.2040730022707858
566,18.204,74.916,0.38594,0.2278531519565555
567,18.205,74.486,0.16706,0.1779885142679972
568,18.205,74.76,0.18336,0.20711639516032962
569,18.206,73.984,0.26313000000000003,0.1617013570997645
570,18.206,74.189,0.91228,0.16165730109872609
571,18.206,74.403,0.11517999999999999,0.1715341095524144
572,18.206,73.937,0.15035,0.16305233919806447
573,18.206,73.923,0.2318,0.1635503821454136
574,18.206,73.936,0.18794,0.16308646422798115
575,18.206,73.939,0.15035,0.162984759153926
576,18.206,74.57300000000001,0.1257,0.18587227309948404
577,18.206,74.686,0.16756,0.1980494573861232
578,18.206,75.01100000000001,0.26683,0.24065115965325565
579,18.207,73.923,0.24015999999999998,0.16356957529070995
580,18.207,74.419,0.099469,0.1725612802533135
581,18.207,74.579,0.15716,0.18634165535616928
582,18.207,74.921,0.26313000000000003,0.22794614879734929
583,18.207,75.421,0.28068000000000004,0.29443322525199767
584,18.207,74.434,0.15945,0.17365368136692313
585,18.208,74.367,0.13097,0.1690368304074021
586,18.208,74.918,0.26313000000000003,0.2273384852228809
587,18.208,73.667,0.02503,0.1802132608820766
588,18.208,73.726,0.27566999999999997,0.1751856395414649
589,18.208,74.663,0.16572,0.1951296523998944
590,18.208,75.187,0.43858,0.26470739325017734
591,18.208,75.20100000000001,0.33331,0.266609517704231
592,18.209,74.384,0.16238,0.1700144574506813
593,18.209,74.737,0.12044,0.20362951648738678
594,18.209,75.419,0.47367,0.2936694477432631
595,18.209,74.918,0.40349,0.22714220021999684
596,18.209,74.925,0.26313000000000003,0.22809921017012455
597,18.209,74.419,0.16472,0.17237580386003368
598,18.209,74.921,0.087689,0.22755204644012558
599,18.209,74.92399999999999,0.38594,0.22796234514225952
600,18.209,74.929,0.12278,0.22864715419822787
601,18.209,75.192,0.31577,0.2651467450887186
602,18.209,75.20100000000001,0.62321,0.2663669226966092
603,18.21,74.742,0.10472999999999999,0.20407592780686087
604,18.21,75.186,0.45611999999999997,0.2640906756029119
605,18.21,74.40899999999999,0.13097,0.17158643411834748
606,18.21,74.428,0.2252,0.17292772464882453
607,18.21,74.919,0.26313000000000003,0.22708273024363576
608,18.21,75.20100000000001,0.49121000000000004,0.26612479584967075
609,18.21,74.442,0.13598,0.1739608391275795
610,18.21,74.443,0.12044,0.17403607159341836
611,18.211,74.00399999999999,0.050094,0.16128605751716138
612,18.211,74.027,0.07098,0.1608847639285614
613,18.211,74.208,0.75438,0.16191086130582952
614,18.211,74.97399999999999,0.35086,0.23444652207263736
615,18.211,74.601,0.16756,0.18804871958323274
616,18.212,74.495,0.13355999999999998,0.1779891389186544
617,18.212,74.733,0.13355999999999998,0.20266623837266848
618,18.212,74.932,0.24559,0.2284647087827286
619,18.212,74.967,0.1362,0.23327420597106627
620,18.212,74.85300000000001,0.14668,0.21784295502621673
621,18.212,74.931,0.15454,0.22832805403744869
622,18.212,75.009,0.14926,0.23909764895193517
623,18.213,74.76100000000001,0.13355999999999998,0.20591428494906858
624,18.213,74.792,0.19646,0.20978387957682662
625,18.213,74.40100000000001,0.15185,0.1707804646099996
626,18.213,74.61399999999999,0.17026,0.18912650014723895
627,18.214000000000002,74.442,0.18594000000000002,0.17357483903832313
628,18.214000000000002,74.738,0.16764,0.2029499564160697
629,18.214000000000002,75.907,0.13364,0.3213843130374022
630,18.214000000000002,75.65899999999999,0.038498000000000004,0.3137987486099132
631,18.214000000000002,74.5,0.15163,0.178196019987475
632,18.214000000000002,74.506,0.14144,0.17870919822555373
633,18.214000000000002,74.744,0.13882,0.203674776903186
634,18.215,74.275,0.14406,0.16391598514132663
635,18.215,74.324,0.13358,0.1661241979788934
636,18.215,74.402,0.094205,0.17067335618417032
637,18.215,74.418,0.12044,0.17175823471825877
638,18.215,74.908,0.56139,0.22462183705774683
639,18.215,74.922,0.24559,0.22651577417236632
640,18.215,74.186,0.47367,0.16123924333509207
641,18.215,74.855,0.14639000000000002,0.21755966294170578
642,18.215999999999998,75.423,0.060119000000000006,0.2922387631943463
643,18.215999999999998,74.32300000000001,0.12044,0.16600551841633934
644,18.215999999999998,74.931,0.22804000000000002,0.22754300157608973
645,18.217,73.883,0.13573,0.16553259955696856
646,18.217,73.933,0.25478,0.16339025638752872
647,18.217,73.949,0.25478,0.16282170107952063
648,18.217,74.703,0.13358,0.19835206905395206
649,18.217,74.02600000000001,0.12111,0.1608891093229222
650,18.217,74.377,0.12044,0.16891910130769303
651,18.218,74.377,0.11517999999999999,0.16883906761033293
652,18.218,74.623,0.13832,0.18939594667076295
653,18.218,74.329,0.15454,0.16616951266428046
654,18.218,74.908,0.1988,0.2240488602370396
655,18.218,74.931,0.19296,0.22715308370242268
656,18.218,74.933,0.26313000000000003,0.22742427308308286
657,18.218,74.62100000000001,0.1493,0.18918744722884737
658,18.218,74.812,0.08017,0.21146413557800212
659,18.218,74.92399999999999,0.5263,0.2262054414593416
660,18.219,74.375,0.15711,0.16863915130369564
661,18.22,74.318,0.075157,0.16549270985004236
662,18.22,74.923,0.5789300000000001,0.22568497195966006
663,18.22,75.214,0.6842,0.26546265403385816
664,18.221,74.646,0.16756,0.19142195887292277
665,18.221,75.027,0.20432,0.23969704806638578
666,18.221,74.027,0.24850999999999998,0.160870054111893
667,18.221,74.6,0.16764,0.18664987895486393
668,18.221,74.82600000000001,0.16572,0.21273186885921433
669,18.221,74.936,0.15716,0.22724709316589928
670,18.222,74.752,0.14400000000000002,0.20336449702842505
671,18.222,74.59,0.18594000000000002,0.18552973189654806
672,18.223,75.21300000000001,0.49121000000000004,0.26461510899101104
673,18.223,75.214,0.54384,0.26474764719194455
674,18.223,74.389,0.10472999999999999,0.16917151746636858
675,18.223,73.57,0.11902,0.1912917596738837
676,18.224,74.017,0.064714,0.16105934335834524
677,18.224,75.187,0.49121000000000004,0.26091398320185044
678,18.224,74.416,0.18377000000000002,0.1708271335425194
679,18.224,75.192,0.47534,0.2615831648892245
680,18.224,74.186,0.42103,0.16091307144462794
681,18.224,74.711,0.10172,0.19822360848400453
682,18.225,74.167,0.15787,0.16057735957555383
683,18.225,74.414,0.050094,0.17060765564168454
684,18.225,73.933,0.21509,0.1635538562238383
685,18.225,74.649,0.16764,0.1911948161802027
686,18.225,75.208,0.40349,0.263478795224789
687,18.225,75.308,0.5263,0.27635847557977433
688,18.225,73.509,0.09604299999999999,0.19859163924289883
689,18.226,74.375,0.099469,0.16809384627810883
690,18.226,74.417,0.1587,0.17072139693858931
691,18.226,75.21,0.2105,0.26350798351849125
692,18.226,74.393,0.094205,0.16917675099071403
693,18.226,74.756,0.13358,0.20321218379455738
694,18.226,74.72800000000001,0.16764,0.19989434921375523
695,18.226,75.206,0.35086,0.26297810189661364
696,18.226,74.382,0.16473,0.16850720441796282
697,18.226,74.759,0.12854000000000002,0.2035729132101388
698,18.226,74.78,0.14926,0.2061250425909575
699,18.227,74.75,0.13097,0.2023371868964988
700,18.227,73.926,0.33831999999999995,0.16387893482329383
701,18.227,74.321,0.034053,0.16517904880347142
702,18.227,74.381,0.10172,0.16836965286546043
703,18.227,74.513,0.13614,0.1778970438759345
704,18.227,75.16199999999999,0.15787,0.25686177477711736
705,18.227999999999998,74.369,0.13614,0.16759735816375096
706,18.227999999999998,74.411,0.15452,0.17015576949446395
707,18.227999999999998,74.411,0.1587,0.17015576949446395
708,18.229,74.413,0.1587,0.1702020623654301
709,18.229,74.40899999999999,0.16037,0.16994251756966303
710,18.229,74.415,0.1587,0.1703330175263393
711,18.23,74.334,0.075157,0.16560671064719265
712,18.23,76.001,0.12445,0.31471640418117486
713,18.230999999999998,74.321,0.20131,0.16492434130629471
714,18.230999999999998,74.336,0.11192,0.1656385769493461
715,18.230999999999998,74.346,0.15716,0.16614087889477977
716,18.230999999999998,74.697,0.12834,0.19560501668879213
717,18.230999999999998,74.556,0.11517999999999999,0.18122848993998328
718,18.232,74.333,0.06513200000000001,0.16542641251094656
719,18.232,74.777,0.10472999999999999,0.20479257938561465
720,18.232,74.306,0.10737999999999999,0.16419803569728383
721,18.232,74.406,0.066953,0.16950368249168266
722,18.233,74.695,0.10472999999999999,0.19509477397260763
723,18.233,73.867,0.062625,0.16690212026983633
724,18.233,74.821,0.13097,0.21005080174664634
725,18.234,74.268,0.067304,0.16263132234819275
726,18.234,74.30199999999999,0.075157,0.1639128883023042
727,18.234,74.803,0.18336,0.20764794422334196
728,18.234,74.831,0.15419000000000002,0.21113780009152702
729,18.235,74.931,0.17540999999999998,0.22390885684317494
730,18.235,75.097,0.29822,0.2462973503340998
731,18.236,74.833,0.10472999999999999,0.21105143753725172
732,18.236,74.93,0.19384,0.22358961796495078
733,18.236,74.65,0.19053,0.1898211472264588
734,18.236,74.949,0.11787,0.22611149486312251
735,18.237000000000002,74.337,0.075157,0.16529416992109
736,18.238,73.936,0.12946,0.16372737012432795
737,18.238,75.984,0.15035,0.3129897087244702
738,18.238,73.83,0.24225,0.16931933893321013
739,18.238,73.831,0.041739,0.16925528669677928
740,18.238,73.934,0.25269,0.16381016205478513
741,18.239,74.391,0.16238,0.1680380562111183
742,18.239,74.308,0.050144,0.1638729319787859
743,18.239,74.281,0.15035,0.16283011597607408
744,18.239,74.646,0.13614,0.18901081632523206
745,18.239,74.816,0.1755,0.20843291355146118
746,18.24,74.218,0.73683,0.160973954592696
747,18.24,74.35600000000001,0.050595,0.16603988771388753
748,18.24,73.579,0.28402,0.19189187655975534
749,18.24,73.875,0.20047,0.16672180544454687
750,18.241,74.311,0.058548,0.16388258585311885
751,18.241,74.32300000000001,0.20131,0.16439825740215783
752,18.241,74.334,0.23890999999999998,0.16489762822215623
753,18.242,75.891,0.13364,0.31333401089295554
754,18.242,74.332,0.21885,0.16474287424453823
755,18.242,74.348,0.09687899999999999,0.16550421249370792
756,18.242,74.937,0.08380399999999999,0.22339783312506176
757,18.243,74.509,0.11787,0.1759122469421038
758,18.243,74.32,0.15452,0.16414796550302654
759,18.243,74.279,0.066853,0.1625570505625555
760,18.244,74.723,0.16472,0.1966528666123792
761,18.244,74.251,0.066803,0.16163507262591345
762,18.244,74.275,0.05011,0.16237230052088888
763,18.245,74.28,0.15035,0.16249197620393027
764,18.245,73.834,0.2105,0.16938585693578298
765,18.245,74.829,0.12044,0.20905452056596738
766,18.245,74.85600000000001,0.18336,0.21242342587040228
767,18.246,74.71600000000001,0.16756,0.19558262043985072
768,18.246,75.199,0.088524,0.2574589946461051
769,18.246,74.986,0.14144,0.22912373738616917
770,18.246,74.27600000000001,0.041873,0.1623085301195691
771,18.246,74.282,0.091866,0.16251100444129993
772,18.247,74.277,0.13364,0.162293381979381
773,18.247,74.291,0.091866,0.16277782404296545
774,18.247,74.271,0.10022,0.16209871336235968
775,18.247,74.822,0.14926,0.20786628145192362
776,18.248,74.34100000000001,0.11525999999999999,0.16478706560938314
777,18.248,74.283,0.066853,0.16244646747178434
778,18.248,74.498,0.16238,0.17455537752804326
779,18.249000000000002,74.493,0.094205,0.17407665447924645
780,18.25,74.706,0.10477,0.19391839092620375
781,18.25,73.85,0.14199,0.16859653982608244
782,18.25,74.27600000000001,0.066903,0.1621178602294103
783,18.25,74.608,0.12303,0.18386338743790107
784,18.250999999999998,75.601,0.16706,0.2995600037667512
785,18.250999999999998,74.296,0.11192,0.16275405348795188
786,18.250999999999998,74.312,0.10022,0.16336222608207815
787,18.250999999999998,74.314,0.09687899999999999,0.1634420786966939
788,18.250999999999998,74.66199999999999,0.10472999999999999,0.18910624850226007
789,18.250999999999998,74.741,0.1231,0.1976764605013391
790,18.250999999999998,74.873,0.17457999999999999,0.2135475094840604
791,18.250999999999998,74.316,0.11192,0.1635227795305811
792,18.250999999999998,74.446,0.12445,0.1705355628787749
793,18.252,74.312,0.083512,0.16330776169780356
794,18.252,74.359,0.10022,0.1653963816741386
795,18.252,74.279,0.02503,0.1621207001544603
796,18.252,74.303,0.091866,0.16296091672049604
797,18.252,74.309,0.041856,0.16319023174918287
798,18.252,74.315,0.13364,0.16342720239061667
799,18.252,74.322,0.095208,0.1637133098821076
800,18.253,74.305,0.02503,0.1629838868370441
801,18.253,74.48899999999999,0.14926,0.1734016217840498
802,18.253,75.032,0.060228,0.23387204621992982
803,18.253,73.764,0.12737,0.17492083877325207
804,18.253,74.316,0.020017,0.1634124192396534
805,18.253,74.34100000000001,0.08518200000000001,0.16448142393456175
806,18.253,74.48,0.14926,0.1727382128787935
807,18.253,74.679,0.10715,0.19061682669228627
808,18.253,74.308,0.067304,0.16309820823046825
809,18.253,74.711,0.1516,0.19405047010498164
810,18.254,74.533,0.16764,0.1767546548339318
811,18.254,74.66199999999999,0.11517999999999999,0.18872069701550573
812,18.254,73.55,0.21927,0.1966487421318707
813,18.254,74.316,0.15035,0.16335771703674037
814,18.254,74.446,0.16037,0.17028581514815563
815,18.254,74.467,0.15588,0.17171909377952463
816,18.254,74.66199999999999,0.11517999999999999,0.18872069701550573
817,18.254,74.3,0.10022,0.16274640786037228
818,18.254,74.468,0.15163,0.171789427359294
819,18.254,74.703,0.18853,0.19304315064653452
820,18.255,74.282,0.041856,0.16207713629978868
821,18.255,74.307,0.041856,0.16295473107061084
822,18.255,74.905,0.15452,0.21691751687990388
823,18.255,74.258,0.091866,0.16136140616108993
824,18.256,74.48100000000001,0.12044,0.1725410345535365
825,18.256,74.446,0.10774,0.17012104519887902
826,18.256,74.503,0.094205,0.1741788884841031
827,18.256,74.258,0.066953,0.16131999355967783
828,18.256,74.3,0.091866,0.16264493751674167
829,18.256,74.904,0.1231,0.21661651080156383
830,18.257,74.308,0.030043,0.16288828663322605
831,18.257,74.441,0.18209,0.1697135565723424
832,18.257,74.53399999999999,0.083762,0.17653416237683825
833,18.257,74.818,0.16764,0.205783959566005
834,18.257,74.294,0.041856,0.16238343865322544
835,18.257,74.85300000000001,0.16473,0.21005181931816883
836,18.257,75.19,0.10774,0.2538536592345879
837,18.258,74.485,0.14926,0.17265217756262638
838,18.258,74.66,0.1755,0.18800871860415821
839,18.258,74.824,0.15711,0.20634982946830202
840,18.258,74.994,0.13882,0.22789955296980188
841,18.258,74.335,0.11692999999999999,0.16392187547101342
842,18.258,73.858,0.27149,0.16845347523419127
843,18.259,74.782,0.18336,0.20121285709341583
844,18.259,74.296,0.11192,0.16235515083964544
845,18.259,74.915,0.19379000000000002,0.21749603413239324
846,18.259,74.965,0.15163,0.22393083692460178
847,18.26,73.764,0.21300999999999998,0.17536130123292928
848,18.26,74.416,0.16622,0.167934057154807
849,18.26,74.719,0.12996,0.1939611604461515
850,18.26,74.317,0.020017,0.16307489062009825
851,18.261,74.87,0.20724,0.21149755925363842
852,18.261,74.414,0.09270199999999999,0.1677425851114361
853,18.261,74.263,0.10022,0.1612497748447563
854,18.262,74.297,0.1704,0.16224474665164065
855,18.262,73.547,0.079334,0.19783491969428166
856,18.262,74.321,0.041856,0.16312503193991676
857,18.262,74.383,0.12863,0.16595816625275037
858,18.262,74.684,0.13097,0.18996537941017475
859,18.262,73.72,0.28193,0.17931358976979092
860,18.262,74.282,0.075157,0.16175709474604946
861,18.262,74.506,0.17549,0.17384648755931317
862,18.262,74.671,0.14140999999999998,0.18862427916679433
863,18.262999999999998,73.719,0.24225,0.1794776078263461
864,18.262999999999998,74.82,0.11262,0.20508698392723088
865,18.262999999999998,75.28699999999999,0.11944,0.26470577821585506
866,18.262999999999998,74.283,0.091866,0.16174340145581864
867,18.262999999999998,74.283,0.13698,0.16174340145581864
868,18.262999999999998,74.753,0.1755,0.1973085999816738
869,18.262999999999998,74.415,0.12278,0.1676545044194971
870,18.264,74.49600000000001,0.14667,0.17291781623805066
871,18.264,74.558,0.10732,0.17781668270690806
872,18.264,74.35300000000001,0.050227,0.16436844665664982
873,18.264,74.991,0.15454,0.22638957925838762
874,18.264,74.65,0.13358,0.1862637689783447
875,18.264,74.27600000000001,0.10022,0.16148954899267917
876,18.264,74.33,0.13364,0.16337718922470088
877,18.264,74.339,0.12695,0.1637519112770904
878,18.265,74.307,0.1704,0.16244789078340235
879,18.265,74.27600000000001,0.034053,0.1614469840674557
880,18.265,74.297,0.11442000000000001,0.1621024933888293
881,18.265,74.333,0.030043,0.16344532926417685
882,18.265,74.335,0.11692999999999999,0.16352796051227633
883,18.265,74.44,0.1587,0.16901673692496919
884,18.265,74.653,0.1204,0.1864389706640017
885,18.265,74.726,0.10255999999999998,0.19404056995048033
886,18.266,73.734,0.13573,0.17833569694949145
887,18.266,74.334,0.050144,0.16343176515958754
888,18.266,74.36399999999999,0.15454,0.16475859470847296
889,18.266,74.357,0.11692999999999999,0.16443229932211553
890,18.267,74.439,0.15163,0.16879987932824933
891,18.267,74.652,0.10477,0.18609733430194483
892,18.267,74.275,0.067304,0.16133436575460378
893,18.267,74.809,0.15064,0.2031698850954626
894,18.267,74.265,0.006650199999999999,0.16106217309042523
895,18.267,74.43,0.16873,0.1682486596376219
896,18.267,74.77199999999999,0.46865,0.19888547704179768
897,18.268,74.49,0.13355999999999998,0.17212855152649084
898,18.268,74.421,0.14868,0.16764049716548898
899,18.268,74.85600000000001,0.11,0.20864118350891367
900,18.268,74.306,0.11,0.1622671242169512
901,18.268,74.312,0.033401,0.16247943811929275
902,18.268,74.321,0.02503,0.1628122441456504
903,18.268,74.80199999999999,0.15716,0.2021987725581936
904,18.269000000000002,74.297,0.06513200000000001,0.1619171921625294
905,18.269000000000002,74.509,0.14926,0.17342994506819073
906,18.269000000000002,74.88600000000001,0.15425,0.2121607558754984
907,18.269000000000002,74.447,0.09687899999999999,0.16914679061608104
908,18.269000000000002,74.309,0.11192,0.1623238832305874
909,18.269000000000002,74.58800000000001,0.11787,0.17988289542332678
910,18.269000000000002,74.661,0.070704,0.18674556154812702
911,18.269000000000002,74.775,0.12047999999999999,0.19893837554474145
912,18.269000000000002,75.119,0.14784,0.24211544957903572
913,18.27,73.58,0.18794,0.19468898209475835
914,18.27,74.655,0.1204,0.18603084234146325
915,18.27,74.918,0.10022,0.2159844623969703
916,18.271,74.656,0.16764,0.186008933303451
917,18.271,74.714,0.15454,0.19194590452239121
918,18.271,74.999,0.12278,0.22613736439537355
919,18.271,75.024,0.10774,0.22937045580728074
920,18.272000000000002,74.27199999999999,0.11262,0.16104958904607888
921,18.272000000000002,74.429,0.13364,0.16781943982702593
922,18.272000000000002,74.66199999999999,0.1755,0.18648036776548524
923,18.272000000000002,75.35,0.24559,0.2700717698770627
924,18.272000000000002,73.703,0.23556,0.18165720302291496
925,18.272000000000002,74.411,0.15787,0.1667872754447328
926,18.272000000000002,74.426,0.10774,0.16764298251083684
927,18.272000000000002,74.669,0.13097,0.18717684906345786
928,18.272000000000002,74.82,0.1231,0.20370790211818499
929,18.273,74.297,0.11192,0.16173687376415122
930,18.273,74.313,0.11192,0.1622722119212949
931,18.273,74.40100000000001,0.10774,0.16617477790693355
932,18.273,73.72,0.18585,0.18012063735188386
933,18.273,73.77199999999999,0.083512,0.17553246538147035
934,18.273,74.317,0.041888999999999996,0.1624145616241038
935,18.273,74.319,0.075157,0.162487008739108
936,18.273,74.334,0.14668,0.1630572918913253
937,18.273,74.40100000000001,0.12278,0.16617477790693355
938,18.273,74.778,0.1257,0.19870453236469252
939,18.273,74.319,0.058548,0.162487008739108
940,18.273,74.732,0.15163,0.19360876721655826
941,18.273,74.736,0.13882,0.19404205609610733
942,18.274,74.32300000000001,0.041856,0.16258457517077293
943,18.274,74.324,0.11192,0.1626217482323403
944,18.274,75.001,0.11,0.2258470516404338
945,18.274,74.667,0.10477,0.18673393408147884
946,18.274,73.664,0.18585,0.18572750751346498
947,18.275,75.72800000000001,0.15035,0.30080526531517093
948,18.275,74.322,0.074322,0.16249827557229543
949,18.275,73.584,0.27149,0.19471250285596517
950,18.275,74.309,0.075157,0.16203983048070922
951,18.275,74.585,0.1912,0.17898587680870612
952,18.275,74.865,0.14667,0.2086206794744728
953,18.276,73.72800000000001,0.1399,0.17959956752755676
954,18.276,74.288,0.060119000000000006,0.16133361551108458
955,18.276,74.325,0.058548,0.16255949113241128
956,18.276,73.72800000000001,0.056359000000000006,0.17959956752755676
957,18.276,74.33,0.12445,0.16274744001125693
958,18.276,74.63600000000001,0.10732,0.18349518983948884
959,18.276,74.203,0.14406,0.15964015885110236
960,18.276,74.307,0.06513200000000001,0.16192666916036533
961,18.276,74.661,0.11262,0.18590131504676707
962,18.277,74.48899999999999,0.12829000000000002,0.17128842066039204
963,18.277,74.335,0.044245,0.16288917218215557
964,18.277,75.158,0.17625,0.2455097887691012
965,18.277,74.902,0.091866,0.2128233078851026
966,18.277,74.41,0.10774,0.16639144008854098
967,18.277,74.57,0.10472999999999999,0.1775032930653063
968,18.278,73.747,0.26731,0.17802031043572994
969,18.278,74.321,0.033552,0.16231625889941656
970,18.278,74.32,0.16764,0.16228057356979217
971,18.278,74.33,0.074322,0.16264693260509974
972,18.278,74.438,0.12278,0.16791641173234526
973,18.278,74.664,0.09690399999999999,0.18595719706783007
974,18.278,74.436,0.10774,0.16779759716705475
975,18.278,74.628,0.14144,0.18252022278825306
976,18.279,74.29899999999999,0.058548,0.1615370762921788
977,18.279,74.726,0.17023,0.19217055563572547
978,18.279,74.337,0.09604299999999999,0.16286464725589908
979,18.28,74.297,0.11192,0.16143326933693844
980,18.28,74.35,0.11692999999999999,0.16333492826253312
981,18.28,74.407,0.15787,0.1660311099907976
982,18.28,74.52199999999999,0.16497,0.17341011118827906
983,18.281,74.47800000000001,0.12829000000000002,0.17021200572748071
984,18.281,74.35300000000001,0.13882,0.1634061896060288
985,18.281,74.618,0.14376,0.18127192770758335
986,18.281,75.668,0.31577,0.2962174971603082
987,18.281,74.403,0.1729,0.16575581966489703
988,18.281,74.28399999999999,0.060119000000000006,0.16101872545335102
989,18.281,74.44,0.12695,0.16781785899256693
990,18.282,74.43,0.12695,0.16716404926492986
991,18.282,75.059,0.14668,0.23182186675604297
992,18.282,74.33800000000001,0.14868,0.16275117090445054
993,18.282,74.295,0.10022,0.16129008018508026
994,18.282,74.429,0.14868,0.1671069461078085
995,18.282,74.645,0.15716,0.18366117661627654
996,18.283,74.423,0.09270199999999999,0.16670031581046793
997,18.283,74.696,0.11325,0.18854559656192202
998,18.283,74.42699999999999,0.12278,0.16692435536032232
999,18.283,74.438,0.12278,0.16755663299330012
1000,18.283,74.985,0.08380399999999999,0.22219581028845833
1001,18.284000000000002,74.416,0.16037,0.1662495101151555
1002,18.284000000000002,74.722,0.11,0.19110156018300492
1003,18.284000000000002,75.362,0.5263,0.2686737933195479
1004,18.284000000000002,75.37,0.49121000000000004,0.2695619711593097
1005,18.284000000000002,75.268,0.24559,0.25773616547439293
1006,18.285,74.58,0.19905,0.17753991882198503
1007,18.285,74.76899999999999,0.13358,0.19602054937438027
1008,18.285,75.308,0.22804000000000002,0.26227357260768747
1009,18.285,74.547,0.16764,0.17486686446326224
1010,18.285,74.429,0.15035,0.1668997809170852
1011,18.285999999999998,74.714,0.094205,0.1900155862739936
1012,18.285999999999998,74.417,0.16789,0.1661715553949191
1013,18.285999999999998,74.687,0.11,0.1872739246617656
1014,18.287,74.303,0.02503,0.16132130213254534
1015,18.287,74.71600000000001,0.13614,0.19009653685632608
1016,18.287,75.197,0.15202000000000002,0.24838129400318618
1017,18.287,75.28699999999999,0.2105,0.25936004213904573
1018,18.287,74.41199999999999,0.10774,0.16584053421947617
1019,18.287,76.12899999999999,0.086853,0.2916564581541268
1020,18.288,74.404,0.15454,0.1653636315396457
1021,18.288,74.688,0.06808099999999999,0.18713306214158695
1022,18.288,74.84899999999999,0.09687899999999999,0.20470741103130316
1023,18.288,74.83800000000001,0.49121000000000004,0.20342057558930834
1024,18.289,74.40100000000001,0.10774,0.16515062655934828
1025,18.289,74.41199999999999,0.10774,0.16571254967611712
1026,18.289,74.418,0.12278,0.16602921851297622
1027,18.289,74.439,0.14365999999999998,0.16719347652916292
1028,18.289,74.688,0.08380399999999999,0.18701330869574226
1029,18.289,74.419,0.1587,0.16608269087284608
1030,18.289,74.767,0.15454,0.19525883663304786
1031,18.29,73.694,0.25895999999999997,0.18398088397453313
1032,18.29,74.51,0.18336,0.1716712158508301
1033,18.29,74.40100000000001,0.18377000000000002,0.16508942996699635
1034,18.29,74.329,0.088524,0.1620354064220295
1035,18.291,74.404,0.15035,0.1651781611236723
1036,18.291,74.919,0.16376,0.21263375238612767
1037,18.291,74.933,0.10477,0.2143484395195053
1038,18.291,75.339,0.6491100000000001,0.26451900902883063
1039,18.291,75.339,0.57643,0.26451900902883063
1040,18.291,74.408,0.10774,0.16538042970935693
1041,18.291,73.857,0.17959,0.17010381338450417
1042,18.291,74.367,0.081841,0.1634604408473916
1043,18.291,74.513,0.19646,0.17179987997218124
1044,18.292,73.87100000000001,0.07098,0.16920636520481921
1045,18.292,74.408,0.12278,0.16531843325174297
1046,18.292,74.711,0.12044,0.188962214232518
1047,18.292,74.722,0.11,0.19008954964445754
1048,18.292,74.806,0.11359000000000001,0.19917421681317146
1049,18.292,74.828,0.21475999999999998,0.20167823236194313
1050,18.292,74.834,0.12047999999999999,0.20236910360788304
1051,18.292,74.859,0.38594,0.20528212802932364
1052,18.292,75.368,0.22804000000000002,0.26753350551770205
1053,18.293,73.557,0.016676,0.1998491813979316
1054,18.293,74.595,0.07014400000000001,0.17800515447653972
1055,18.293,74.41199999999999,0.10022,0.16546056657847583
1056,18.293,74.422,0.10774,0.1659839827109106
1057,18.293,74.40899999999999,0.09604299999999999,0.1653074180894286
1058,18.293,74.72399999999999,0.1755,0.19017106033141037
1059,18.294,74.343,0.09604299999999999,0.16235219913048923
1060,18.294,74.434,0.16789,0.1665714091372563
1061,18.294,74.442,0.11259000000000001,0.16702151679257712
1062,18.294,74.99,0.10522999999999999,0.22091490101718922
1063,18.294,73.605,0.21927,0.19410871140198913
1064,18.294,74.441,0.16037,0.1669645719744812
1065,18.294,74.798,0.1624,0.1979979809500417
1066,18.294,74.416,0.11025,0.16560455451041386
1067,18.294,74.618,0.08117200000000001,0.1798892273754574
1068,18.294,74.654,0.083762,0.183158399555406
1069,18.294,74.688,0.14400000000000002,0.1864203276429612
1070,18.294,74.344,0.09604299999999999,0.1623893449338125
1071,18.294,74.624,0.13882,0.18042038475591812
1072,18.294,74.689,0.14926,0.18651871685458463
1073,18.295,75.642,0.17540999999999998,0.29114960315143745
1074,18.295,73.711,0.2105,0.18268123038758174
1075,18.295,74.413,0.07014400000000001,0.16538759756380603
1076,18.295,74.51100000000001,0.07014400000000001,0.17132729273213096
1077,18.295,74.417,0.12027,0.16559371694033473
1078,18.295,74.67699999999999,0.12996,0.18523183165253918
1079,18.296,73.582,0.07724600000000001,0.1970676753214193
1080,18.296,74.459,0.13605,0.16787635953075172
1081,18.296,76.367,0.12695,0.2605309352158741
1082,18.296,74.384,0.091866,0.16393342329373947
1083,18.296,74.482,0.11787,0.1693043539509038
1084,18.297,74.404,0.11025,0.16481613125261294
1085,18.297,74.517,0.14400000000000002,0.17158344306814963
1086,18.297,74.571,0.11259000000000001,0.17564495726642457
1087,18.297,74.435,0.10022,0.166428188728416
1088,18.297,74.69800000000001,0.19053,0.1870533944867879
1089,18.298,73.63600000000001,0.21927,0.19090965006497726
1090,18.298,74.337,0.088524,0.16195081366141115
1091,18.298,74.411,0.10858,0.16510283393586286
1092,18.298,74.445,0.1562,0.16692085947359744
1093,18.298,74.899,0.10214,0.20911196774465843
1094,18.298,73.655,0.11066,0.1887899433016725
1095,18.298,74.40899999999999,0.14032,0.1650030090696015
1096,18.298,75.464,0.050094,0.2760932892375758
1097,18.298,74.33800000000001,0.12278,0.16198586779058086
1098,18.298,74.52199999999999,0.060119000000000006,0.17185460500411295
1099,18.298,74.667,0.20724,0.1839350193178789
1100,18.298,74.76100000000001,0.15978,0.19342063319804068
1101,18.299,74.43,0.16622,0.16602655066429492
1102,18.299,74.72800000000001,0.13358,0.18983802312653117
1103,18.299,74.36,0.081841,0.1627601793342994
1104,18.299,74.382,0.15425,0.1636797963279317
1105,18.299,74.442,0.1303,0.166684634789499
1106,18.299,74.57600000000001,0.10525999999999999,0.17585810315466052
1107,18.299,74.597,0.15978,0.17758053299665796
1108,18.299,75.184,0.15202000000000002,0.24434305033268397
1109,18.299,74.347,0.077663,0.16226375738888285
1110,18.299,74.405,0.12445,0.16474669441384424
1111,18.299,74.689,0.16706,0.18593440100459654
1112,18.3,74.403,0.10858,0.16459136360927482
1113,18.3,74.508,0.16497,0.17071593116294112
1114,18.3,74.685,0.12044,0.18543058037405155
1115,18.3,73.875,0.1232,0.16933502901578387
1116,18.3,74.39399999999999,0.067638,0.16416663693369835
1117,18.3,74.403,0.1328,0.16459136360927482
1118,18.3,75.131,0.12111,0.23754951503143604
1119,18.3,75.342,0.29822,0.26288300122866226
1120,18.3,74.403,0.1587,0.16459136360927482
1121,18.3,74.905,0.1493,0.20951994427170004
1122,18.301,73.638,0.25895999999999997,0.1909634243433118
1123,18.301,74.413,0.044245,0.16502229270252375
1124,18.301,75.305,0.42103,0.25845909736379125
1125,18.301,76.125,0.06029400000000001,0.28839255700006394
1126,18.301,73.638,0.25269,0.1909634243433118
1127,18.301,74.339,0.13097,0.16188600682884666
1128,18.301,74.413,0.08017,0.16502229270252375
1129,18.301,74.334,0.081841,0.16171490731922897
1130,18.301,74.419,0.1445,0.16532521867934621
1131,18.301,74.75399999999999,0.083762,0.19229195990608536
1132,18.302,74.71600000000001,0.11325,0.1882543234192353
1133,18.302,73.638,0.25895999999999997,0.1910570110890549
1134,18.302,74.377,0.081841,0.16330423282050707
1135,18.302,74.418,0.067638,0.165213476780488
1136,18.302,74.61,0.14926,0.17838281321437208
1137,18.302,74.71,0.14144,0.18765354743344217
1138,18.302,74.418,0.067638,0.165213476780488
1139,18.302,74.40100000000001,0.16706,0.1643807390983358
1140,18.302,74.42,0.081841,0.16531523160467163
1141,18.302,74.454,0.13355999999999998,0.16716522162297384
1142,18.303,74.895,0.28068000000000004,0.20786945483400418
1143,18.303,74.369,0.081841,0.1629211830071746
1144,18.303,73.73,0.20047,0.18144842396357494
1145,18.303,75.367,0.59648,0.2649896003091752
1146,18.304000000000002,73.87100000000001,0.14199,0.1698089221499872
1147,18.304000000000002,74.942,0.10474000000000001,0.2133476825548589
1148,18.304000000000002,75.28699999999999,0.17540999999999998,0.2557370042473448
1149,18.304000000000002,75.29,0.31577,0.25608662343208444
1150,18.304000000000002,73.774,0.23389000000000001,0.17744132777902719
1151,18.304000000000002,74.454,0.13355999999999998,0.16702992941955883
1152,18.304000000000002,74.366,0.13355999999999998,0.16275104650981717
1153,18.304000000000002,74.47800000000001,0.13358,0.16846023220370496
1154,18.305,74.418,0.015005000000000001,0.16503318933575203
1155,18.305,73.874,0.079334,0.16965492419437964
1156,18.305,75.315,0.19296,0.2587575584559556
1157,18.305,73.867,0.26313000000000003,0.17013746660111714
1158,18.305,74.421,0.13358,0.16518426906524483
1159,18.305,74.593,0.084347,0.1766707148803127
1160,18.305,74.753,0.11787,0.19168081753538443
1161,18.305,74.834,0.13355999999999998,0.2005092782581683
1162,18.305999999999997,74.366,0.055942,0.16265325906690417
1163,18.305999999999997,74.375,0.088524,0.16301552834122365
1164,18.305999999999997,74.697,0.12996,0.1859061134203531
1165,18.305999999999997,74.36399999999999,0.074322,0.16257502027660206
1166,18.305999999999997,74.613,0.12829000000000002,0.17824222841788992
1167,18.305999999999997,75.30199999999999,0.53215,0.257056552835516
1168,18.305999999999997,74.361,0.088524,0.1624592114901615
1169,18.305999999999997,74.329,0.07014400000000001,0.16134050202426106
1170,18.305999999999997,74.87100000000001,0.14376,0.20460715884361044
1171,18.305999999999997,74.917,0.24559,0.21002611330460316
1172,18.305999999999997,74.96600000000001,0.1562,0.21594492830065556
1173,18.307000000000002,74.39,0.08017,0.16360280901860655
1174,18.307000000000002,73.545,0.17540999999999998,0.2028907905270206
1175,18.307000000000002,73.885,0.11692999999999999,0.1690158820719366
1176,18.307000000000002,74.366,0.11025,0.16260484420728868
1177,18.307000000000002,74.814,0.15454,0.19799353138273665
1178,18.307000000000002,74.88600000000001,0.5263,0.2062084443651437
1179,18.307000000000002,75.675,0.22804000000000002,0.290166311067777
1180,18.307000000000002,75.657,0.3684,0.28914448547469196
1181,18.308,73.88600000000001,0.10858,0.16899900446185598
1182,18.308,74.51100000000001,0.10214,0.17029027778029956
1183,18.308,74.65,0.14703,0.18127917253860446
1184,18.308,74.399,0.14440999999999998,0.16395240362897187
1185,18.308,74.578,0.22002,0.17518646259424428
1186,18.308,74.664,0.09428099999999999,0.18255627281510053
1187,18.308,74.89699999999999,0.17540999999999998,0.20735035243878594
1188,18.308,74.361,0.13097,0.16236476119090756
1189,18.308,74.413,0.1587,0.16461112433492306
1190,18.308,74.77600000000001,0.1493,0.19372806025866326
1191,18.308,75.357,0.29822,0.2628132898069796
1192,18.308,73.858,0.26313000000000003,0.170936334789865
1193,18.308,74.376,0.088524,0.16295617854092312
1194,18.308,75.351,0.22804000000000002,0.2621545863827297
1195,18.309,74.39699999999999,0.12528,0.16380737231760698
1196,18.309,73.488,0.17332,0.21075915668533027
1197,18.309,74.624,0.13832,0.1788854392804485
1198,18.309,74.759,0.12044,0.19180626763838868
1199,18.309,75.653,0.31577,0.28842765286522365
1200,18.309,74.528,0.12829000000000002,0.17137726088132907
1201,18.309,74.78399999999999,0.097129,0.19445469433299964
1202,18.31,74.6,0.10472999999999999,0.17677099399810678
1203,18.31,74.72399999999999,0.11785,0.1881038196766954
1204,18.31,74.798,0.14668,0.19583577910964642
1205,18.31,74.827,0.07331900000000001,0.19902922428570877
1206,18.31,75.283,0.12278,0.2540260744205397
1207,18.31,74.544,0.1204,0.17243650511659178
1208,18.31,74.38,0.081841,0.163020708462795
1209,18.31,74.55199999999999,0.07599299999999999,0.17302313333086258
1210,18.31,75.301,0.50876,0.2561056491397844
1211,18.311,73.745,0.24225,0.18062083600380271
1212,18.311,74.357,0.081841,0.16207806988457504
1213,18.311,74.359,0.09604299999999999,0.162151354322513
1214,18.311,75.324,0.45611999999999997,0.2585109902755661
1215,18.311,74.643,0.15716,0.1803423497202191
1216,18.311,74.352,0.07014400000000001,0.16189849313546764
1217,18.311,74.357,0.13865,0.16207806988457504
1218,18.311,74.359,0.084347,0.162151354322513
1219,18.311,74.583,0.19384,0.17530875109600572
1220,18.311,74.664,0.1257,0.18223498692093595
1221,18.311,74.361,0.050094,0.1622254679078575
1222,18.312,73.546,0.12111,0.20331057450292753
1223,18.312,74.382,0.13614,0.16300335112605444
1224,18.312,74.975,0.11,0.21606870110526896
1225,18.312,74.417,0.22888000000000003,0.1645755441750367
1226,18.312,74.418,0.10022,0.1646240755160204
1227,18.312,74.42399999999999,0.10022,0.16491943104333115
1228,18.312,74.777,0.1624,0.193322344450745
1229,18.313,73.77199999999999,0.21927,0.17825692610031194
1230,18.313,74.944,0.10572999999999999,0.21216925029862196
1231,18.313,74.35600000000001,0.074322,0.1619525129113217
1232,18.313,74.373,0.074322,0.16259130803393715
1233,18.313,74.418,0.24058000000000002,0.1645669485704426
1234,18.313,74.43,0.18336,0.16516233644473075
1235,18.313,74.559,0.084347,0.17328795874089062
1236,18.314,74.634,0.20432,0.17925084345296302
1237,18.314,74.76,0.10472999999999999,0.1912888908494845
1238,18.314,74.601,0.086352,0.17647734551855618
1239,18.314,74.633,0.099469,0.1791643018043739
1240,18.314,74.381,0.14282999999999998,0.1628632489166589
1241,18.314,74.42699999999999,0.11359000000000001,0.16495219356061383
1242,18.314,74.569,0.16764,0.1739556908543388
1243,18.314,74.949,0.15686,0.21261236193324637
1244,18.314,74.382,0.1328,0.16290411481704345
1245,18.314,74.433,0.030043,0.1652557753735255
1246,18.315,74.418,0.15035,0.16445368110215072
1247,18.315,74.587,0.1362,0.17526301898362603
1248,18.315,74.422,0.075157,0.1646473511355729
1249,18.316,74.419,0.18636,0.1644454568584983
1250,18.316,74.42,0.12528,0.16449357220560554
1251,18.316,73.771,0.21927,0.17856404012802315
1252,18.316,74.388,0.13614,0.16305319420523887
1253,18.316,74.407,0.12278,0.16388361402956805
1254,18.316,74.446,0.094205,0.16581376822634628
1255,18.316,74.581,0.15787,0.17470356922309435
1256,18.316,74.365,0.088524,0.16214626882477343
1257,18.316,74.366,0.10607,0.16218343996824444
1258,18.316,74.581,0.14868,0.17470356922309435
1259,18.316,74.917,0.18336,0.20850298174313361
1260,18.316,74.388,0.07014400000000001,0.16305319420523887
1261,18.316,74.43,0.058598000000000004,0.1649856168582717
1262,18.316,74.512,0.17282,0.1697471012704672
1263,18.316,74.568,0.16037,0.17370689080197885
1264,18.316,74.65899999999999,0.10255999999999998,0.18125533496719778
1265,18.316,74.898,0.09690399999999999,0.20627868739385488
1266,18.317,74.375,0.1186,0.1624801850048145
1267,18.317,74.48100000000001,0.17549,0.16772909937427236
1268,18.317,74.536,0.17549,0.17129705596812725
1269,18.317,75.658,0.22804000000000002,0.2868210219397771
1270,18.317,75.27,0.24559,0.25108910765616455
1271,18.317,74.855,0.17549,0.20120404987578752
1272,18.317,74.419,0.12863,0.1643894413914275
1273,18.317,74.598,0.14668,0.17595755560995294
1274,18.317,75.64399999999999,0.1562,0.2859871140723266
1275,18.317999999999998,74.42399999999999,0.028372,0.16457428809194827
1276,18.317999999999998,74.69,0.11025,0.1838954164495071
1277,18.317999999999998,75.304,0.33331,0.2547977741690127
1278,18.317999999999998,73.892,0.24850999999999998,0.16909791577619468
1279,18.317999999999998,74.369,0.15035,0.16220481707636877
1280,18.317999999999998,74.535,0.054980999999999995,0.1711483468923599
1281,18.317999999999998,75.194,0.16288,0.24186609417009172
1282,18.319000000000003,74.357,0.07014400000000001,0.16172709800026072
1283,18.319000000000003,74.384,0.10607,0.16274194594004962
1284,18.319000000000003,75.65899999999999,0.35086,0.28640828708116783
1285,18.319000000000003,73.89699999999999,0.16079000000000002,0.16881564291057602
1286,18.319000000000003,74.418,0.10022,0.1642310862372984
1287,18.319000000000003,74.735,0.15711,0.188144607850494
1288,18.319000000000003,74.373,0.088524,0.16231038163544195
1289,18.319000000000003,74.747,0.13097,0.18935059453081024
1290,18.319000000000003,75.141,0.12278,0.23523448121661736
1291,18.32,74.569,0.1562,0.17344056874570543
1292,18.32,74.36,0.088524,0.16178936625990545
1293,18.32,74.385,0.081841,0.16273426245454034
1294,18.32,74.57300000000001,0.16037,0.1737417466908486
1295,18.32,74.815,0.14667,0.1963680119523605
1296,18.320999999999998,75.671,0.33331,0.2866141867589367
1297,18.320999999999998,76.027,0.56139,0.2894244237593765
1298,18.320999999999998,74.432,0.22888000000000003,0.1647964537670141
1299,18.320999999999998,73.88600000000001,0.064714,0.16965813098788182
1300,18.320999999999998,74.431,0.050094,0.16474697724144502
1301,18.320999999999998,74.443,0.067304,0.16535364031360875
1302,18.320999999999998,74.567,0.14784,0.17320678861843106
1303,18.320999999999998,74.381,0.15452,0.16252744690349338
1304,18.320999999999998,74.575,0.09019500000000001,0.17380757400761068
1305,18.320999999999998,74.634,0.18636,0.17856255197798085
1306,18.320999999999998,74.66,0.1362,0.18083070039276491
1307,18.320999999999998,74.69,0.19471,0.1835706803417557
1308,18.322,74.404,0.09604299999999999,0.163434704450758
1309,18.322,74.84899999999999,0.08380399999999999,0.19984283807663958
1310,18.322,74.858,0.15945,0.20084949554144557
1311,18.322,74.817,0.17812,0.196323601383757
1312,18.323,74.362,0.14617,0.16173169727255463
1313,18.323,74.37,0.07014400000000001,0.16201850496933576
1314,18.323,74.361,0.044245,0.16169677680287683
1315,18.323,74.4,0.10022,0.16321089035847744
1316,18.323,74.403,0.12445,0.16334018155424931
1317,18.323,74.433,0.043526999999999996,0.16473206144140126
1318,18.323,74.747,0.281,0.18887752289372314
1319,18.323,75.217,0.0361,0.2436662960555079
1320,18.323,74.652,0.15503,0.17992182769205708
1321,18.323,74.747,0.21583000000000002,0.18887752289372314
1322,18.324,73.891,0.16079000000000002,0.1694713740735185
1323,18.324,74.462,0.11944,0.16618338420881215
1324,18.324,74.73100000000001,0.12829000000000002,0.1871709571287424
1325,18.324,74.79,0.15067,0.1931825209357317
1326,18.324,75.288,0.38594,0.2517615178483499
1327,18.324,75.297,0.14032,0.25278621200975404
1328,18.324,74.748,0.25656,0.18886061025302422
1329,18.324,74.79,0.19954000000000002,0.1931825209357317
1330,18.324,74.807,0.040695,0.1949875940655181
1331,18.325,74.48899999999999,0.13614,0.16766477493123963
1332,18.325,75.635,0.43858,0.28356889132274377
1333,18.325,74.383,0.086018,0.16242006014194407
1334,18.325,74.828,0.08017,0.1971268886987457
1335,18.325,74.749,0.24841,0.18884384377391414
1336,18.325,74.791,0.15067,0.1931629822966929
1337,18.325,74.808,0.22398,0.19496681951105063
1338,18.326,74.808,0.28506,0.19483932186731676
1339,18.326,74.37899999999999,0.047587,0.16222092507684513
1340,18.326,74.42399999999999,0.041739,0.1641325215296032
1341,18.326,74.75,0.21175,0.1888272237406375
1342,18.326,74.809,0.22398,0.194946193279651
1343,18.326,74.91,0.16756,0.2062111607340492
1344,18.327,75.645,0.5263,0.2837227087481412
1345,18.327,75.65899999999999,0.31577,0.2845454194558702
1346,18.327,74.292,0.14376,0.15968404770265418
1347,18.327,74.568,0.20799,0.17278238423738232
1348,18.327,74.571,0.15452,0.17300340447216786
1349,18.327,74.81,0.20360999999999999,0.19492571564691205
1350,18.327,74.572,0.14617,0.17307741689425468
1351,18.327,74.672,0.11787,0.18129239249869963
1352,18.328,73.929,0.27316,0.1672123813554067
1353,18.328,74.70100000000001,0.16238,0.18384814227835486
1354,18.328,74.82300000000001,0.16764,0.1961939260366505
1355,18.328,73.869,0.079334,0.17124822335547749
1356,18.328,74.523,0.13097,0.16958101846492188
1357,18.328,74.418,0.066803,0.16374939647021966
1358,18.328,74.547,0.089026,0.17120063231772495
1359,18.328,74.752,0.15880999999999998,0.18879442415013922
1360,18.329,74.365,0.00057646,0.16158552002094703
1361,18.329,74.37899999999999,0.13530999999999999,0.16208779024292871
1362,18.329,74.752,0.11400999999999999,0.18867817211607615
1363,18.329,74.811,0.20768000000000003,0.19477855925522977
1364,18.329,74.391,0.13882,0.16255028616174635
1365,18.329,74.568,0.14901,0.17261893612201282
1366,18.329,74.715,0.13614,0.18506293913134372
1367,18.329,74.797,0.061063,0.19329636426361815
1368,18.329,74.812,0.24434,0.19488520727298161
1369,18.329,73.61399999999999,0.17792,0.19652138736087396
1370,18.329,74.309,0.11075,0.1599851005680569
1371,18.329,74.753,0.1303,0.1887782451670322
1372,18.329,74.637,0.16502,0.1780500665248593
1373,18.329,74.798,0.15067,0.19340155216605245
1374,18.33,74.75399999999999,0.18325,0.18876221376896105
1375,18.331,74.044,0.12445,0.16172559945024031
1376,18.331,74.435,0.13364,0.1643849119036289
1377,18.331,74.52600000000001,0.1755,0.16955890118320302
1378,18.331,74.79899999999999,0.24434,0.19325863689122977
1379,18.331,74.645,0.20039,0.17853697105531616
1380,18.331,74.755,0.13358,0.18874633024014995
1381,18.331,74.619,0.13355999999999998,0.1763778555768367
1382,18.331,74.76100000000001,0.24434,0.18934854694363798
1383,18.331,74.8,0.23212,0.19336368246972577
1384,18.332,74.44,0.055105999999999995,0.16457286858935546
1385,18.332,74.443,0.095208,0.1647205739701941
1386,18.332,74.757,0.13308,0.18883060478171507
1387,18.332,74.76100000000001,0.097714,0.18923183668705665
1388,18.332,74.612,0.08118099999999999,0.17572566658252772
1389,18.332,74.704,0.15454,0.1837022672809164
1390,18.332,74.756,0.12215,0.1887305948617438
1391,18.332,74.762,0.23212,0.18933244118718037
1392,18.332,74.801,0.15473,0.19334497185712082
1393,18.332,74.762,0.056986,0.18933244118718037
1394,18.333,74.763,0.281,0.18931648407092236
1395,18.333,74.583,0.15035,0.1733991558067833
1396,18.333,74.792,0.09690399999999999,0.19228217668327294
1397,18.334,74.566,0.094205,0.17207276744752895
1398,18.334,74.763,0.14252,0.18920019584528522
1399,18.334,74.503,0.14144,0.16790270045416397
1400,18.334,74.583,0.14868,0.17331649323483153
1401,18.334,74.80199999999999,0.28506,0.19320316816131575
1402,18.334,74.618,0.10189,0.17602770816779031
1403,18.334,74.734,0.15454,0.18633878276461954
1404,18.334,75.007,0.15202000000000002,0.21641552604899136
1405,18.334,74.439,0.13364,0.16441481299286284
1406,18.334,74.807,0.13358,0.19372837886808522
1407,18.334,74.831,0.17800000000000002,0.19628484656143916
1408,18.334,74.833,0.12829000000000002,0.19650044659397378
1409,18.334,74.892,0.10214,0.20302083657681944
1410,18.335,74.803,0.069209,0.19318497896038875
1411,18.335,73.888,0.1963,0.17026404642993517
1412,18.335,74.402,0.19713,0.16271462345613383
1413,18.335,74.594,0.20039,0.17406261840852252
1414,18.335,74.765,0.1303,0.18928501688372987
1415,18.336,74.54899999999999,0.10214,0.1707273093353144
1416,18.336,74.804,0.14252,0.19316694040031676
1417,18.336,74.812,0.1204,0.19400737819936995
1418,18.336,74.805,0.12623,0.19327163066094596
1419,18.336,74.438,0.08518200000000001,0.16425906365530615
1420,18.336,74.755,0.15425,0.18817210297164486
1421,18.337,73.922,0.24641999999999997,0.16807198905714157
1422,18.337,74.396,0.0083211,0.16238336237136783
1423,18.337,74.62,0.075157,0.17592153174530542
1424,18.337,74.766,0.28914,0.18915385402598636
1425,18.337,74.483,0.11692999999999999,0.16654190875320993
1426,18.337,74.75,0.1303,0.1875653029949119
1427,18.337,74.76,0.23212,0.188554564223104
1428,18.337,74.806,0.073277,0.1932536720263128
1429,18.337,74.854,0.15454,0.1983923238868955
1430,18.337,75.28699999999999,0.16539,0.24908851449084732
1431,18.337,74.38600000000001,0.030043,0.162001722050879
1432,18.337,74.634,0.07014400000000001,0.17705736938117198
1433,18.337,74.081,0.22804000000000002,0.16064055764217375
1434,18.337,74.441,0.08017,0.16434936220130344
1435,18.337,74.46600000000001,0.13358,0.1656136962414055
1436,18.337,74.767,0.10178999999999999,0.18925414760822765
1437,18.338,74.747,0.12044,0.1871590470398927
1438,18.338,75.005,0.16199000000000002,0.21555349047553238
1439,18.338,73.887,0.1232,0.1704999466382001
1440,18.338,74.554,0.12111,0.17091981760312966
1441,18.338,74.362,0.10477,0.16113148395966878
1442,18.338,74.431,0.12278,0.16382617484120984
1443,18.339000000000002,74.48899999999999,0.14140999999999998,0.16675692747831058
1444,18.339000000000002,74.643,0.09687899999999999,0.1776186823356429
1445,18.339000000000002,74.762,0.1303,0.18852515461479666
1446,18.339000000000002,74.807,0.06513200000000001,0.1931137312524874
1447,18.339000000000002,74.762,0.15473,0.18852515461479666
1448,18.339000000000002,74.642,0.10858,0.17753553244404938
1449,18.339000000000002,74.808,0.12215,0.19321820864670256
1450,18.339000000000002,74.393,0.1186,0.16217905487612747
1451,18.339000000000002,74.483,0.09019500000000001,0.16641864448970642
1452,18.339000000000002,74.763,0.077346,0.18862461900641989
1453,18.34,74.561,0.1587,0.17125327195269877
1454,18.34,75.307,0.21718,0.2507419100172561
1455,18.34,74.559,0.16037,0.1711142107117085
1456,18.34,74.768,0.16696,0.18900887127359597
1457,18.34,74.862,0.1231,0.19887473268903919
1458,18.34,74.624,0.083512,0.17597686728998027
1459,18.34,74.76899999999999,0.1303,0.18910886219521225
1460,18.34,74.809,0.040695,0.19320070443475854
1461,18.340999999999998,74.764,0.18325,0.18849634640266452
1462,18.340999999999998,74.76899999999999,0.032549,0.18899423704015703
1463,18.340999999999998,74.77600000000001,0.061063,0.18969617242299994
1464,18.340999999999998,74.439,0.0056393,0.16404292590070077
1465,18.340999999999998,74.517,0.1755,0.16828879497523938
1466,18.340999999999998,74.631,0.11692999999999999,0.17645209588452368
1467,18.340999999999998,74.77600000000001,0.14252,0.18969617242299994
1468,18.340999999999998,74.392,0.030043,0.16205497154113999
1469,18.340999999999998,74.77600000000001,0.069209,0.18969617242299994
1470,18.340999999999998,74.81,0.10586,0.19318335222966695
1471,18.340999999999998,74.928,0.11262,0.20613126660568767
1472,18.340999999999998,73.903,0.18168,0.16953777519548816
1473,18.340999999999998,74.385,0.0016542000000000002,0.1617969464807598
1474,18.340999999999998,74.454,0.16764,0.16476934937180884
1475,18.340999999999998,75.309,0.10522999999999999,0.2507686573807547
1476,18.342,74.39399999999999,0.036058,0.16208759946982407
1477,18.342,74.569,0.1587,0.17166179312687332
1478,18.342,74.64,0.10022,0.17709677801152143
1479,18.342,74.735,0.3095,0.18555989726165753
1480,18.342,74.765,0.21175,0.18848216851063623
1481,18.342,75.161,0.07014400000000001,0.23351296278759523
1482,18.342,74.559,0.22303,0.17096345709707614
1483,18.342,74.792,0.052917,0.19120316873358764
1484,18.342,74.56,0.091031,0.17103251661205396
1485,18.342,74.793,0.048839999999999995,0.19130551746266042
1486,18.343,74.72800000000001,0.16756,0.18478770388765361
1487,18.343,74.771,0.13437000000000002,0.18896542204803232
1488,18.343,74.766,0.09364600000000001,0.18846814179223123
1489,18.343,75.0,0.12671,0.214195195327858
1490,18.343,74.52199999999999,0.21475999999999998,0.16846389287581662
1491,18.343,74.766,0.12623,0.18846814179223123
1492,18.343,74.771,0.077346,0.18896542204803232
1493,18.343,74.793,0.040695,0.19118742749591386
1494,18.343,74.37899999999999,0.2105,0.16150415660458392
1495,18.343,74.391,0.11692999999999999,0.16193315439794984
1496,18.343,74.517,0.11259000000000001,0.16815497707441326
1497,18.343,74.748,0.14659,0.18670257037123314
1498,18.344,74.57600000000001,0.14140999999999998,0.17200493068163156
1499,18.344,74.63600000000001,0.16365,0.17659058891525378
1500,18.344,74.767,0.040695,0.18845426652389694
1501,18.344,74.773,0.17917,0.18905098591662248
1502,18.344,74.797,0.044772,0.19147881055824353
1503,18.344,74.559,0.16037,0.17081411108878639
1504,18.344,74.774,0.10994000000000001,0.1891508456147941
1505,18.344,74.562,0.16037,0.17102065539157493
1506,18.344,74.616,0.10214,0.17499757234743993
1507,18.344,74.77199999999999,0.18732000000000001,0.1889512418356388
1508,18.344,74.774,0.19139,0.1891508456147941
1509,18.344,74.798,0.13355999999999998,0.19158135112533234
1510,18.344,74.551,0.1562,0.17027095171168924
1511,18.344,74.562,0.10774,0.17102065539157493
1512,18.344,74.627,0.16764,0.17586596144490083
1513,18.344,74.661,0.12303,0.1786685254146336
1514,18.344,74.749,0.1751,0.18668974683747605
1515,18.344,74.95100000000001,0.16764,0.2083415702269544
1516,18.345,74.518,0.12829000000000002,0.1680835652087693
1517,18.345,74.773,0.16696,0.188937213505974
1518,18.345,74.798,0.032549,0.19146317361171247
1519,18.345,74.384,0.2506,0.16159901805324214
1520,18.345,74.449,0.06513200000000001,0.16430918400895286
1521,18.345,74.735,0.14144,0.1852378181471903
1522,18.345,75.312,0.12528,0.2503243137676222
1523,18.346,74.438,0.095208,0.1637412406084677
1524,18.346,74.781,0.073277,0.18962309094526528
1525,18.346,74.78699999999999,0.14667,0.19022730236213178
1526,18.346,74.60600000000001,0.17917,0.17405903046827273
1527,18.346,74.627,0.14140999999999998,0.17569220138354977
1528,18.346,74.774,0.12623,0.18892333733418962
1529,18.346,74.553,0.1562,0.17026005936208552
1530,18.346,74.781,0.10994000000000001,0.18962309094526528
1531,18.346,74.546,0.081841,0.16979419883967348
1532,18.346,74.561,0.16037,0.17080292826982343
1533,18.346,75.153,0.13364,0.23186748916132857
1534,18.347,74.38600000000001,0.37425,0.1615898883869907
1535,18.347,74.608,0.18325,0.1741287681727451
1536,18.347,74.631,0.050127,0.17592411508601577
1537,18.347,74.763,0.14659,0.1877239803261341
1538,18.347,74.77,0.12623,0.1884135521335307
1539,18.347,74.408,0.11192,0.16241270388873172
1540,18.347,74.55199999999999,0.18594000000000002,0.1701208804739541
1541,18.347,74.564,0.12623,0.1709349584920916
1542,18.347,74.77600000000001,0.061063,0.18900917287768002
1543,18.347,74.782,0.061063,0.18960893150606925
1544,18.348,74.543,0.1755,0.16945677507303888
1545,18.348,74.564,0.25656,0.1708609109055471
1546,18.348,74.57600000000001,0.16037,0.1716974646535165
1547,18.348,74.587,0.1303,0.17248573183596436
1548,18.348,74.638,0.09019500000000001,0.17639901550369816
1549,18.348,74.771,0.10214,0.18840028538019268
1550,18.348,74.782,0.22804000000000002,0.18949474359661564
1551,18.348,74.587,0.15473,0.17248573183596436
1552,18.348,74.727,0.17775,0.18416756344839577
1553,18.348,74.752,0.85526,0.18654331431288748
1554,18.348,74.77600000000001,0.11400999999999999,0.1888960425378504
1555,18.348,74.778,0.16288,0.18909515276586106
1556,18.348,74.385,0.17457999999999999,0.16151557465368024
1557,18.348,74.609,0.34208,0.17412248390465576
1558,18.348,74.38600000000001,0.17457999999999999,0.16155044079011513
1559,18.348,74.486,0.14667,0.16604364946303604
1560,18.348,74.765,0.081423,0.18780922719143098
1561,18.348,74.77199999999999,0.1303,0.18849920489608415
1562,18.348,74.839,0.11,0.19537587632620687
1563,18.349,74.48,0.13614,0.16566177118584755
1564,18.349,74.565,0.24434,0.17085579635172451
1565,18.349,74.578,0.13848,0.17176291014694664
1566,18.349,74.763,0.12215,0.1875027120510143
1567,18.349,74.77199999999999,0.097714,0.1883871714327687
1568,18.349,74.84,0.099469,0.195358135643628
1569,18.349,74.77199999999999,0.17917,0.1883871714327687
1570,18.349,74.78399999999999,0.10586,0.18958107163272905
1571,18.349,74.293,0.033552,0.15917784719182324
1572,18.349,74.566,0.15067,0.1709245495616307
1573,18.349,74.75399999999999,0.85526,0.1866279011445939
1574,18.349,74.38,0.067638,0.16130636036095933
1575,18.349,74.681,0.08118099999999999,0.179915796251487
1576,18.349,74.763,0.061063,0.1875027120510143
1577,18.349,74.785,0.040695,0.18968130277419223
1578,18.35,74.418,0.18209,0.16268273121842033
1579,18.35,74.774,0.14252,0.18847300935021769
1580,18.35,74.78,0.10994000000000001,0.18906822342716753
1581,18.35,74.785,0.16696,0.18956737173359503
1582,18.351,75.633,0.47534,0.27761945278734024
1583,18.351,74.38,0.088524,0.16123139470309908
1584,18.351,74.583,0.16037,0.17196587242752678
1585,18.351,74.59,0.097714,0.17246938626554617
1586,18.351,74.628,0.1751,0.17534275110015304
1587,18.351,74.755,0.28506,0.18650774446487403
1588,18.351,74.567,0.1303,0.17084599466587955
1589,18.351,74.593,0.17540999999999998,0.17268767586028363
1590,18.351,74.627,0.09687899999999999,0.17526417264402736
1591,18.351,74.765,0.097714,0.18747800943728563
1592,18.351,74.786,0.10586,0.18955382554724218
1593,18.351,75.166,0.56139,0.2325358537312174
1594,18.351,75.65100000000001,0.31577,0.2786910760037049
1595,18.351,74.523,0.10472999999999999,0.16799539734797406
1596,18.352,74.612,0.18325,0.17402279485195346
1597,18.352,74.689,0.18732000000000001,0.18032716192008832
1598,18.352,74.78699999999999,0.16696,0.1895404333372693
1599,18.352,74.851,0.11262,0.19615483577248735
1600,18.352,74.558,0.15452,0.1701637967523166
1601,18.352,74.59100000000001,0.26877,0.17246422654314228
1602,18.352,74.612,0.12623,0.17402279485195346
1603,18.352,74.613,0.25656,0.17409880118423923
1604,18.352,74.625,0.16204000000000002,0.175023346044169
1605,18.352,74.62899999999999,0.020335,0.1753365981896776
1606,18.352,74.756,0.11807999999999999,0.1864961934456952
1607,18.352,74.771,0.16764,0.1879551962193746
1608,18.352,75.007,0.15949000000000002,0.21365730170004102
1609,18.352,75.03399999999999,0.14784,0.21681309674260438
1610,18.352,75.098,0.030168,0.22435305713073214
1611,18.352,74.558,0.08380399999999999,0.1701637967523166
1612,18.352,74.62899999999999,0.12623,0.1753365981896776
1613,18.352,74.42,0.16548,0.16267520190867665
1614,18.352,74.557,0.1587,0.17009699646916096
1615,18.352,74.569,0.18732000000000001,0.17091000526497188
1616,18.352,74.877,0.11262,0.19895345180529542
1617,18.352,75.303,0.071815,0.24800009608608994
1618,18.352999999999998,74.558,0.1328,0.17009264590104686
1619,18.352999999999998,74.683,0.06021900000000001,0.17970981519849225
1620,18.352999999999998,74.757,0.15067,0.18648479567305828
1621,18.352999999999998,74.564,0.16037,0.1704959439154272
1622,18.352999999999998,74.592,0.28506,0.17245921173347797
1623,18.352999999999998,74.69,0.097714,0.1803190241077884
1624,18.352999999999998,74.821,0.1493,0.19288359118351436
1625,18.352999999999998,74.97,0.14926,0.20923263924195187
1626,18.352999999999998,74.419,0.16539,0.16258992602044117
1627,18.352999999999998,74.624,0.056777,0.17486183456200008
1628,18.352999999999998,74.707,0.10472999999999999,0.18182704816204073
1629,18.352999999999998,74.752,0.0855,0.1860047622848173
1630,18.352999999999998,74.86,0.14406,0.19699129691966985
1631,18.354,74.586,0.15202000000000002,0.171951288894286
1632,18.354,74.62,0.12027,0.1744700042613084
1633,18.354,74.63,0.07014400000000001,0.17524624481447512
1634,18.354,74.517,0.16497,0.1674434794303655
1635,18.354,74.572,0.15064,0.17096985625079705
1636,18.354,74.619,0.15753,0.17439325144809967
1637,18.354,74.691,0.044772,0.180311037092823
1638,18.354,74.969,0.15949000000000002,0.20897504278094856
1639,18.354,74.615,0.24026999999999998,0.17408783666873104
1640,18.354,74.631,0.21175,0.1753247346199903
1641,18.354,74.692,0.11807999999999999,0.180398590388079
1642,18.355,74.016,0.35086,0.16359469405449498
1643,18.355,74.42,0.15454,0.1625425971931382
1644,18.355,74.551,0.15035,0.16949144102973454
1645,18.355,74.567,0.094205,0.17055525331712282
1646,18.355,74.759,0.26877,0.18646246096168137
1647,18.355,75.64,0.35086,0.27717596786378584
1648,18.355,74.76899999999999,0.24434,0.18743044618553037
1649,18.355,75.675,0.35086,0.2791348961259834
1650,18.355,74.425,0.1912,0.1627474051137808
1651,18.355,74.632,0.20432,0.17531902455753665
1652,18.355,74.632,0.24841,0.17531902455753665
1653,18.355,75.014,0.2105,0.21402385150993317
1654,18.355999999999998,74.434,0.16789,0.16308228356202056
1655,18.355999999999998,74.572,0.0855,0.17082399827957093
1656,18.355999999999998,75.64,0.38594,0.2769600862886442
1657,18.355999999999998,74.824,0.1204,0.19283821335651338
1658,18.355999999999998,74.57300000000001,0.11400999999999999,0.17089262159481475
1659,18.355999999999998,74.595,0.25656,0.17244503983061119
1660,18.355999999999998,74.76100000000001,0.1751,0.18654772844124753
1661,18.355999999999998,75.639,0.45611999999999997,0.2769003092065504
1662,18.355999999999998,74.756,0.081423,0.18606791816464627
1663,18.355999999999998,74.817,0.1493,0.19211811563034228
1664,18.357,74.609,0.066803,0.17339540670520534
1665,18.357,75.656,0.49455,0.27767132717403264
1666,18.357,74.756,0.19139,0.18596181434390266
1667,18.357,74.788,0.10472999999999999,0.18907799223511487
1668,18.357,74.85,0.29822,0.19543273778260048
1669,18.357,74.946,0.09428099999999999,0.20593969027832135
1670,18.357,75.253,0.11359000000000001,0.24150740992002115
1671,18.357,74.574,0.09364600000000001,0.17088863644194316
1672,18.357,74.609,0.09019500000000001,0.17339540670520534
1673,18.357,74.694,0.27285,0.18028798365414098
1674,18.357,74.756,0.1751,0.18596181434390266
1675,18.357,74.915,0.15454,0.20247273545330466
1676,18.357,75.661,0.26313000000000003,0.27794962427515624
1677,18.358,74.618,0.20768000000000003,0.17399182523508547
1678,18.358,74.757,0.15473,0.1859514627433176
1679,18.358,74.762,0.16696,0.18643011499186476
1680,18.358,74.387,0.14617,0.16120635283354964
1681,18.358,74.695,0.22398,0.1802806026516491
1682,18.358,74.77199999999999,0.08956900000000001,0.18739639389953708
1683,18.358,74.793,0.13844,0.18946332836416077
1684,18.358,74.794,0.19053,0.18956299306032728
1685,18.358,74.867,0.18336,0.19711546274676203
1686,18.358,74.574,0.23619,0.1708162093619737
1687,18.358,74.643,0.15716,0.17593534583928647
1688,18.358,74.793,0.18325,0.18946332836416077
1689,18.359,74.696,0.1303,0.18027337385849282
1690,18.359,74.77199999999999,0.048839999999999995,0.1872882510276844
1691,18.359,74.859,0.28068000000000004,0.19613997408333936
1692,18.359,74.631,0.10858,0.17490751267415391
1693,18.359,74.758,0.10994000000000001,0.18594126583255863
1694,18.359,75.642,0.40349,0.2764339306134459
1695,18.359,74.392,0.1204,0.16133781834443103
1696,18.359,74.419,0.22136,0.16233069037174905
1697,18.359,74.58800000000001,0.13355999999999998,0.17171711020622046
1698,18.359,74.62,0.32579,0.17406300212857892
1699,18.359,74.696,0.20768000000000003,0.18027337385849282
1700,18.359,74.773,0.1751,0.18738535315480973
1701,18.359,74.773,0.061063,0.18738535315480973
1702,18.359,75.643,0.29822,0.2764929017654246
1703,18.36,74.215,0.54384,0.15860729072373111
1704,18.36,74.692,0.15425,0.17983186982414975
1705,18.36,74.795,0.17102,0.18943887042130012
1706,18.36,74.493,0.30136,0.1657323374453423
1707,18.36,74.62,0.19954000000000002,0.17398268345548648
1708,18.36,74.631,0.11275,0.17482515633752213
1709,18.36,74.697,0.081423,0.18026629755206366
1710,18.36,74.764,0.13437000000000002,0.18640932486382486
1711,18.36,75.664,0.45611999999999997,0.2774666859715055
1712,18.36,74.028,0.22804000000000002,0.1632112276264037
1713,18.36,74.62100000000001,0.10586,0.17405847933654303
1714,18.36,74.69800000000001,0.15067,0.1803536020186662
1715,18.36,74.765,0.23212,0.1865053054462633
1716,18.36,74.774,0.32172,0.18737446785675035
1717,18.36,75.672,0.24559,0.27789406555555285
1718,18.361,74.69800000000001,0.281,0.18025937401332068
1719,18.361,74.359,0.15454,0.16026558253500298
1720,18.361,74.632,0.13882,0.1748205115514425
1721,18.361,74.65,0.093537,0.1762393285789887
1722,18.361,74.765,0.20360999999999999,0.1863991627506458
1723,18.361,74.972,0.11787,0.20832704533577237
1724,18.361,74.6,0.016258,0.1724243466255255
1725,18.361,74.622,0.24026999999999998,0.174054105273814
1726,18.361,74.69800000000001,0.23212,0.18025937401332068
1727,18.361,74.92,0.28068000000000004,0.20249633736645753
1728,18.361,74.495,0.17102,0.16578357001484142
1729,18.361,74.691,0.15067,0.17965244123627175
1730,18.362000000000002,74.783,0.15454,0.188034903318939
1731,18.362000000000002,75.141,0.09687899999999999,0.22776171782154506
1732,18.362000000000002,74.601,0.17917,0.17242064969799628
1733,18.362000000000002,74.623,0.12215,0.17404988023778964
1734,18.362000000000002,74.601,0.1751,0.17242064969799628
1735,18.362000000000002,74.699,0.069209,0.18025260351998448
1736,18.362000000000002,74.767,0.19139,0.18648502542294018
1737,18.362000000000002,74.797,0.09364600000000001,0.18941503779077037
1738,18.363,74.429,0.20465,0.16256136271469532
1739,18.363,74.793,0.1755,0.1889082493614492
1740,18.363,74.615,0.1231,0.17337008518401262
1741,18.363,74.767,0.24434,0.18637930575089331
1742,18.363,74.763,0.32172,0.18599724553969074
1743,18.363,75.65899999999999,0.47367,0.27655035361274183
1744,18.363,74.58,0.25248000000000004,0.17086777961823715
1745,18.363,74.60300000000001,0.2647,0.17248942972161205
1746,18.363,74.70100000000001,0.12623,0.18033316702114296
1747,18.363,74.763,0.1303,0.18599724553969074
1748,18.363,74.768,0.13844,0.18647511920236956
1749,18.364,74.58,0.28506,0.17079633620615628
1750,18.364,74.624,0.22398,0.17396618629948377
1751,18.364,74.497,0.23212,0.1657232485621035
1752,18.364,74.60300000000001,0.16288,0.17241369995714348
1753,18.364,74.697,0.13097,0.17989235198381723
1754,18.364,74.625,0.29729,0.1740418784250551
1755,18.364,74.581,0.23212,0.17086481534802342
1756,18.365,74.155,0.56139,0.15928893194096402
1757,18.365,74.604,0.14659,0.17241044774225986
1758,18.365,74.8,0.281,0.1893804658003416
1759,18.365,75.669,0.26313000000000003,0.27666499549201073
1760,18.365,74.215,0.3684,0.15859948039430502
1761,18.365,74.546,0.091866,0.16850547802384194
1762,18.365,74.594,0.20432,0.17169663628619855
1763,18.365,74.703,0.15473,0.18032031145730362
1764,18.365,74.764,0.23619,0.18588334773218138
1765,18.365,74.77,0.20360999999999999,0.18645577566061808
1766,18.365,74.8,0.056986,0.1893804658003416
1767,18.365,75.64,0.26313000000000003,0.2750389965847755
1768,18.365,74.582,0.16037,0.17086199813560274
1769,18.365,74.64,0.16502,0.17511393996133293
1770,18.366,74.605,0.15473,0.17240734435921864
1771,18.366,74.765,0.26063000000000003,0.18587424107301295
1772,18.366,74.77,0.12623,0.18635069224753228
1773,18.366,74.605,0.18325,0.17240734435921864
1774,18.366,74.626,0.06513200000000001,0.17395883563583578
1775,18.366,74.717,0.16473,0.18145829116827658
1776,18.366,74.551,0.1755,0.16875399452406012
1777,18.366,74.583,0.087689,0.1708593282829308
1778,18.366,74.605,0.18732000000000001,0.17240734435921864
1779,18.366,74.704,0.26063000000000003,0.1803141148364503
1780,18.366,74.455,0.16473,0.16354399125871907
1781,18.366,74.60600000000001,0.15067,0.1724796077750229
1782,18.366,74.704,0.26877,0.1803141148364503
1783,18.367,74.842,0.17549,0.19340344956606312
1784,18.367,75.13600000000001,0.10022,0.22636722259431327
1785,18.367,74.501,0.077346,0.16577159564452623
1786,18.367,74.704,0.09364600000000001,0.1802210564589742
1787,18.367,74.60600000000001,0.20360999999999999,0.17240439010825767
1788,18.367,74.766,0.15473,0.18586529121631798
1789,18.367,74.80199999999999,0.3095,0.18935820542014423
1790,18.367,74.80199999999999,0.1751,0.18935820542014423
1791,18.367,74.808,0.14668,0.1899544250492051
1792,18.368,74.501,0.27285,0.1657164064659493
1793,18.368,74.634,0.10737999999999999,0.17440798383340325
1794,18.368,74.767,0.18732000000000001,0.1858564984221823
1795,18.368,74.92,0.22804000000000002,0.20158233783153753
1796,18.368,74.803,0.16288,0.189347312271506
1797,18.368,74.584,0.15880999999999998,0.17078602313403188
1798,18.368,74.768,0.16288,0.18595144121970783
1799,18.369,74.608,0.032549,0.17239893018030847
1800,18.369,74.391,0.0856,0.1609513823318712
1801,18.369,74.805,0.10472999999999999,0.18943555292478506
1802,18.369,74.707,0.0855,0.18029645290423632
1803,18.369,74.76899999999999,0.27692,0.1859427513768692
1804,18.369,75.29899999999999,0.050261,0.24442611654501054
1805,18.369,74.707,0.1303,0.18029645290423632
1806,18.369,74.804,0.23212,0.18933657748942465
1807,18.369,75.521,0.26313000000000003,0.2658101848045703
1808,18.37,74.608,0.12044,0.17232441098341852
1809,18.37,74.774,0.21583000000000002,0.1863147395826855
1810,18.37,74.805,0.077346,0.1893260013227883
1811,18.37,74.37100000000001,0.16764,0.16032455225729333
1812,18.37,74.587,0.15067,0.17085012851186118
1813,18.37,74.708,0.18325,0.18029087581665956
1814,18.37,75.661,0.42103,0.2751783347469413
1815,18.371,74.587,0.20360999999999999,0.17077984332504367
1816,18.371,74.842,0.094205,0.19293949005768815
1817,18.371,75.64699999999999,0.28068000000000004,0.27418659775547694
1818,18.371,75.64699999999999,0.35086,0.27418659775547694
1819,18.371,74.50399999999999,0.28914,0.16571276166166646
1820,18.371,74.708,0.1231,0.18019860180306432
1821,18.371,75.063,0.035891,0.2173042841560022
1822,18.371,74.50399999999999,0.18732000000000001,0.16571276166166646
1823,18.371,74.587,0.081423,0.17077984332504367
1824,18.371,74.653,0.14667,0.17564029742369322
1825,18.372,74.726,0.11400999999999999,0.1816875440840626
1826,18.372,74.771,0.2199,0.18582290304743063
1827,18.372,74.93,0.13355999999999998,0.20216008169311536
1828,18.372,74.574,0.14400000000000002,0.16983905042278855
1829,18.372,74.77600000000001,0.24434,0.18629771019119842
1830,18.372,74.58800000000001,0.21583000000000002,0.17077808117782953
1831,18.372,74.777,0.24026999999999998,0.18639302396992627
1832,18.372,75.661,0.50374,0.2747592619780235
1833,18.372,74.438,0.21134,0.16254707175425084
1834,18.372,74.506,0.18325,0.16576550453910563
1835,18.372,74.777,0.19139,0.18639302396992627
1836,18.373,74.506,0.1362,0.1657110445474038
1837,18.373,74.64399999999999,0.14144,0.17477652794813267
1838,18.373,74.711,0.24841,0.1802750790301769
1839,18.373,74.808,0.12215,0.18929522701478727
1840,18.373,75.673,0.61402,0.27518585402771434
1841,18.374000000000002,74.507,0.22804000000000002,0.1657104007651143
1842,18.374000000000002,74.612,0.06513200000000001,0.17231598150016034
1843,18.374000000000002,74.773,0.18325,0.1858070544509289
1844,18.374000000000002,74.809,0.20360999999999999,0.18928528780662077
1845,18.374000000000002,74.429,0.17708,0.16210883827895792
1846,18.374000000000002,74.507,0.18732000000000001,0.1657104007651143
1847,18.374000000000002,74.773,0.032549,0.1858070544509289
1848,18.374000000000002,74.604,0.17026,0.17174640786917236
1849,18.374000000000002,74.70100000000001,0.15949000000000002,0.1793236395576606
1850,18.374000000000002,74.745,0.14140999999999998,0.18320684206583446
1851,18.374000000000002,74.508,0.32172,0.16576406729755142
1852,18.374000000000002,75.67399999999999,0.50876,0.27502837647790424
1853,18.374000000000002,75.71,0.11609000000000001,0.2767329433105743
1854,18.375,74.508,0.2199,0.1657099005863034
1855,18.375,74.749,0.1624,0.18347440283348967
1856,18.375,74.779,0.20360999999999999,0.18627335553967636
1857,18.375,74.801,0.16472,0.18839293932942633
1858,18.375,75.663,0.22804000000000002,0.2742421388519275
1859,18.375,74.439,0.21134,0.16246359128731178
1860,18.375,74.509,0.22398,0.16576356405408674
1861,18.375,74.64399999999999,0.09019500000000001,0.17461755254038255
1862,18.375999999999998,74.509,0.15473,0.16570954432605975
1863,18.375999999999998,74.78,0.12215,0.18626555552290977
1864,18.375999999999998,74.509,0.34208,0.16570954432605975
1865,18.375999999999998,74.775,0.23619,0.18579184130811818
1866,18.375999999999998,74.811,0.21175,0.189265889210214
1867,18.375999999999998,74.439,0.1846,0.16242278602410073
1868,18.375999999999998,74.766,0.10214,0.18494659486724682
1869,18.375999999999998,74.781,0.040695,0.18636064801949567
1870,18.375999999999998,74.991,0.10774,0.20839392228455542
1871,18.375999999999998,74.431,0.22637,0.1621075395892003
1872,18.375999999999998,74.493,0.11625999999999999,0.16487622303538116
1873,18.375999999999998,74.58800000000001,0.17102,0.17050111759178574
1874,18.377,74.433,0.16789,0.16214581724794472
1875,18.377,74.992,0.12278,0.20836935738165716
1876,18.377,74.608,0.091866,0.171812724359466
1877,18.377,74.725,0.11259000000000001,0.18112969055001413
1878,18.377,74.782,0.09364600000000001,0.18635295227812051
1879,18.378,74.44,0.18544000000000002,0.16238205025294303
1880,18.378,74.715,0.077346,0.1801653145577183
1881,18.378,74.812,0.2647,0.1891488241747303
1882,18.378,74.429,0.16789,0.16195384782852282
1883,18.378,75.65899999999999,0.17540999999999998,0.273405273158587
1884,18.378,74.813,0.1751,0.18924713201345697
1885,18.378,74.57300000000001,0.21175,0.169376530352879
1886,18.378,74.775,0.069209,0.18558881663158963
1887,18.378,74.813,0.22398,0.18924713201345697
1888,18.378,74.89699999999999,0.13614,0.19785112765190713
1889,18.379,74.8,0.21583000000000002,0.18787232047562072
1890,18.379,74.574,0.1303,0.16937613068920096
1891,18.379,74.78399999999999,0.09364600000000001,0.1863380404478728
1892,18.379,74.801,0.1751,0.1879691627493437
1893,18.379,74.868,0.15716,0.19469180195761446
1894,18.379,74.935,0.12572,0.2018090942575995
1895,18.379,74.53399999999999,0.09019500000000001,0.16693189285935436
1896,18.379,74.616,0.088524,0.17223719034172755
1897,18.379,74.61,0.16539,0.17181061100151615
1898,18.379,74.717,0.20360999999999999,0.18024771484848554
1899,18.379,74.916,0.31577,0.19975661136250164
1900,18.379,75.023,0.11787,0.21158139163454223
1901,18.38,74.513,0.13844,0.16570956473962048
1902,18.38,74.596,0.19546,0.17076938699035557
1903,18.38,74.609,0.093537,0.17166892940336184
1904,18.38,74.801,0.22804000000000002,0.1878641914532546
1905,18.38,74.77600000000001,0.24026999999999998,0.18548115416137342
1906,18.38,74.768,0.19384,0.18473388755096495
1907,18.381,74.514,0.26063000000000003,0.16570993276768306
1908,18.381,74.597,0.19954000000000002,0.17076898001522697
1909,18.381,74.777,0.16696,0.18547458718620455
1910,18.381,75.041,0.13555999999999999,0.21333461297141917
1911,18.381,74.668,0.12829000000000002,0.17600885832214871
1912,18.382,74.57600000000001,0.28506,0.1693113667169048
1913,18.382,75.351,0.18732000000000001,0.24755996821059487
1914,18.382,74.434,0.15949000000000002,0.16199182658917174
1915,18.382,74.62100000000001,0.15880999999999998,0.17237817184514578
1916,18.382,74.711,0.10231,0.17946338183562402
1917,18.382,74.72,0.22398,0.18023616187207955
1918,18.382,74.824,0.11,0.1899008913709845
1919,18.382,74.829,0.11787,0.19039636868897733
1920,18.382,75.32600000000001,0.058598000000000004,0.24497312410780012
1921,18.382,74.516,0.28506,0.16576409100148878
1922,18.382,74.577,0.25656,0.16937583297864853
1923,18.382,74.78699999999999,0.16696,0.18631687558889884
1924,18.383,74.516,0.35836999999999997,0.16571110651276652
1925,18.383,74.72,0.24841,0.18014626273251708
1926,18.383,74.78699999999999,0.10178999999999999,0.18621543602186405
1927,18.383,74.804,0.12215,0.18784077125979856
1928,18.383,74.582,0.18325,0.1696355536865277
1929,18.383,74.58800000000001,0.15064,0.17002991787999353
1930,18.383,74.78699999999999,0.14659,0.18621543602186405
1931,18.383,74.622,0.27285,0.17237764351070936
1932,18.383,74.653,0.10732,0.17467994370195325
1933,18.383,74.721,0.30543000000000003,0.18023262806895776
1934,18.383,74.87100000000001,0.12572,0.19453888608077793
1935,18.383,74.63600000000001,0.086352,0.17339875530986312
1936,18.383,74.652,0.11325,0.17460334690869303
1937,18.383,74.721,0.21175,0.18023262806895776
1938,18.384,74.65100000000001,0.075909,0.17444958676480313
1939,18.384,75.65899999999999,0.33331,0.2721777187206982
1940,18.384,74.544,0.091866,0.16722391738631268
1941,18.384,74.584,0.35433000000000003,0.16970114641542808
1942,18.384,74.957,0.22002,0.20356789839783382
1943,18.384,74.486,0.11262,0.1641410095216209
1944,18.384,74.562,0.16764,0.1683042463626809
1945,18.384,74.767,0.10273,0.18424812584986824
1946,18.385,74.865,0.14901,0.19369397119661644
1947,18.385,74.584,0.12215,0.16963630878013755
1948,18.385,74.688,0.16764,0.17728765308997105
1949,18.385,74.58,0.18732000000000001,0.1693768934129459
1950,18.385,74.75399999999999,0.1592,0.18296576790705119
1951,18.386,74.58,0.23212,0.16931313363566677
1952,18.386,74.723,0.081423,0.18013673742420952
1953,18.386,74.792,0.16238,0.186385566453624
1954,18.386,74.72399999999999,0.26877,0.18022298189184358
1955,18.386,75.344,0.10522999999999999,0.246127903747793
1956,18.386,74.63600000000001,0.06808099999999999,0.17317596305093094
1957,18.386,74.586,0.19954000000000002,0.16970217881193347
1958,18.386,74.625,0.18325,0.1723769840890493
1959,18.386,75.00399999999999,0.17540999999999998,0.2084891417312704
1960,18.387,74.582,0.08956900000000001,0.16937835882701222
1961,18.387,74.618,0.093537,0.17180827784197147
1962,18.387,74.626,0.2647,0.1723770737552582
1963,18.387,74.667,0.13358,0.17544968434229766
1964,18.387999999999998,74.50399999999999,0.09428099999999999,0.16483300051436198
1965,18.387999999999998,74.64399999999999,0.11262,0.17361938670005014
1966,18.387999999999998,74.655,0.12695,0.1744470480033938
1967,18.387999999999998,74.726,0.10994000000000001,0.18021734973880263
1968,18.387999999999998,74.587,0.11400999999999999,0.16963858264917162
1969,18.387999999999998,74.634,0.1362,0.172883249332162
1970,18.387999999999998,74.646,0.075157,0.17376848405707143
1971,18.387999999999998,74.583,0.077346,0.16937931995048425
1972,18.387999999999998,74.58800000000001,0.15880999999999998,0.169703820917772
1973,18.387999999999998,74.627,0.18325,0.17237731862750336
1974,18.387999999999998,75.003,0.47367,0.20810991483162364
1975,18.389,74.565,0.13358,0.16818646278928448
1976,18.389,74.726,0.19954000000000002,0.18012865007298048
1977,18.389,74.58800000000001,0.12623,0.16963964610318702
1978,18.389,74.668,0.16764,0.17537039892476278
1979,18.389,74.589,0.18732000000000001,0.16970487133975662
1980,18.389,74.824,0.13614,0.18915551908008407
1981,18.389,74.847,0.11787,0.19142881843181356
1982,18.389,74.627,0.26063000000000003,0.1723060989100029
1983,18.389,74.727,0.14659,0.1802147740274793
1984,18.389,74.748,0.16756,0.18205362926137456
1985,18.389,74.863,0.16502,0.19304041466752528
1986,18.39,74.589,0.20768000000000003,0.16964086278721144
1987,18.39,74.72800000000001,0.19954000000000002,0.18021235890508078
1988,18.39,74.77600000000001,0.1231,0.184495046640319
1989,18.39,74.655,0.20724,0.1742949566964895
1990,18.39,74.585,0.097714,0.16938170049419385
1991,18.391,74.524,0.27692,0.16572168260607464
1992,18.391,74.59,0.18732000000000001,0.16964223299425282
1993,18.391,75.025,0.24559,0.2101505334804181
1994,18.391,75.127,0.058448,0.22160701288857118
1995,18.391,75.863,0.11692999999999999,0.27685984733511704
1996,18.391,74.767,0.12829000000000002,0.18357526789730724
1997,18.391,74.59100000000001,0.11400999999999999,0.16970743237500238
1998,18.391,74.729,0.16696,0.1802101046259786
1999,18.391,74.837,0.18598,0.19022023413561515
2000,18.391,74.525,0.22398,0.16577530859027553
2001,18.391,74.569,0.22804000000000002,0.1683122647018199
2002,18.392,74.586,0.077346,0.16932035023676004
2003,18.392,74.729,0.15880999999999998,0.18012200765971872
2004,18.392,74.52600000000001,0.069209,0.16577729565711327
2005,18.392,74.795,0.15503,0.18606851985054315
2006,18.392,74.57300000000001,0.13355999999999998,0.16849936254358475
2007,18.392,74.648,0.16764,0.17362044011412633
2008,18.393,74.589,0.19384,0.1694509221621697
2009,18.393,74.592,0.077346,0.16964543512875582
2010,18.393,75.023,0.22804000000000002,0.20965837914290272
2011,18.393,75.668,0.45611999999999997,0.2708427924620871
2012,18.393,75.67699999999999,0.26313000000000003,0.2712992983935292
2013,18.393,74.34899999999999,0.20956,0.15926468289273885
2014,18.393,74.655,0.12695,0.17406952221607405
2015,18.393,74.527,0.1303,0.1657794319756036
2016,18.393,74.58800000000001,0.10178999999999999,0.16938642140334134
2017,18.393,75.125,0.17540999999999998,0.221083692705053
2018,18.394000000000002,74.444,0.16789,0.16192933161345743
2019,18.394000000000002,74.648,0.11259000000000001,0.17347371287318566
2020,18.394000000000002,74.73100000000001,0.20360999999999999,0.180118385542226
2021,18.394000000000002,74.73100000000001,0.044772,0.180118385542226
2022,18.394000000000002,74.572,0.1303,0.16831798041341436
2023,18.394000000000002,74.646,0.11259000000000001,0.1733261325969688
2024,18.394000000000002,74.673,0.15163,0.1753699482180557
2025,18.394000000000002,74.676,0.057603999999999995,0.17560379469643358
2026,18.394000000000002,74.732,0.097714,0.1802043094111547
2027,18.395,74.594,0.1303,0.169649254810166
2028,18.395,74.65899999999999,0.16764,0.1742216240702221
2029,18.395,74.733,0.09364600000000001,0.18020270106100875
2030,18.395,74.529,0.15067,0.16578415357795004
2031,18.395,74.947,0.11232,0.2011085688682673
2032,18.395,74.59,0.19139,0.1693903387806502
2033,18.396,74.995,0.1729,0.20617817034414895
2034,18.396,74.76899999999999,0.13097,0.18328649289045904
2035,18.396,74.734,0.24026999999999998,0.18020125482657176
2036,18.397000000000002,74.531,0.08956900000000001,0.1657894758096706
2037,18.398,74.48,0.14668,0.1632488436064957
2038,18.398,74.907,0.38594,0.1965374608816852
2039,18.398,74.572,0.10214,0.16808324344657086
2040,18.398,74.593,0.15067,0.1693973757546343
2041,18.398,74.597,0.11807999999999999,0.16965614724471298
2042,18.398,74.786,0.14400000000000002,0.18464794396087578
2043,18.398,74.628,0.16764,0.17175109520239404
2044,18.398,74.66,0.088524,0.1740744660072808
2045,18.398,74.736,0.17102,0.18019884971287822
2046,18.399,74.598,0.1303,0.1696587559704221
2047,18.399,74.59899999999999,0.12623,0.1697238546016324
2048,18.4,74.368,0.12641,0.15951046614038308
2049,18.4,74.594,0.10178999999999999,0.1693385935920871
2050,18.4,74.957,0.10774,0.20156727060898158
2051,18.4,75.27199999999999,0.061999,0.23619526610867522
2052,18.4,74.595,0.1303,0.16940284434044692
2053,18.4,74.624,0.11192,0.171338070472937
2054,18.4,74.73899999999999,0.08118099999999999,0.18028291159838947
2055,18.4,74.492,0.12832000000000002,0.1637047566594275
2056,18.4,74.6,0.24026999999999998,0.16972660712904972
2057,18.4,75.165,0.081841,0.22450775925299757
2058,18.401,74.595,0.11400999999999999,0.16934157324989826
2059,18.401,74.6,0.20768000000000003,0.16966444200183792
2060,18.401,74.66,0.11787,0.17385501613601048
2061,18.401,74.73899999999999,0.16288,0.18019646418505172
2062,18.401,74.60300000000001,0.095208,0.16986016281038493
2063,18.401,74.617,0.08518200000000001,0.17079315288172545
2064,18.401,74.66199999999999,0.09019500000000001,0.1740044168408774
2065,18.401,74.73899999999999,0.1303,0.18019646418505172
2066,18.401,74.596,0.15880999999999998,0.1694058126674741
2067,18.401,75.006,0.45611999999999997,0.20673578150380953
2068,18.401,75.101,0.15369000000000002,0.21723592411038503
2069,18.401,74.649,0.11692999999999999,0.17304422466075894
2070,18.402,74.494,0.06513200000000001,0.16371139093938822
2071,18.402,74.74,0.1303,0.18019599590893384
2072,18.402,74.597,0.1303,0.1694089373962234
2073,18.402,74.61399999999999,0.13197,0.17052621151935396
2074,18.403,74.633,0.10022,0.17176337933310623
2075,18.403,74.741,0.12623,0.1801956914960757
2076,18.403,75.003,0.24559,0.20615311285209134
2077,18.403,75.311,0.12194,0.23980270901697306
2078,18.403,74.399,0.61402,0.16019482249575231
2079,18.403,74.495,0.13646,0.16371493096445242
2080,18.403,74.51100000000001,0.15454,0.16447430138156957
2081,18.403,74.622,0.11325,0.17100300271320887
2082,18.404,74.49600000000001,0.14252,0.16371861998907086
2083,18.404,74.60300000000001,0.24434,0.16967414671675138
2084,18.404,74.59899999999999,0.16288,0.16941565718053983
2085,18.404,74.62100000000001,0.12361,0.17086998856927735
2086,18.405,74.484,0.20432,0.16314073425010076
2087,18.405,74.62100000000001,0.075157,0.17080548675517856
2088,18.405,74.691,0.14667,0.17592855125909543
2089,18.405,74.62100000000001,0.1729,0.17080548675517856
2090,18.405,74.755,0.10525999999999999,0.18123143175242615
2091,18.405,74.497,0.097714,0.16372245831743512
2092,18.405,74.748,0.15503,0.1806249457542479
2093,18.406,74.498,0.18325,0.16372644625125385
2094,18.406,74.619,0.15202000000000002,0.1706065588524097
2095,18.406,75.01899999999999,0.14668,0.20751058325530178
2096,18.406,74.744,0.28506,0.18019576389426403
2097,18.406,75.86399999999999,0.11692999999999999,0.27380915724779176
2098,18.407,74.76100000000001,0.50876,0.1815799915147895
2099,18.407,74.618,0.071815,0.17047614245238205
2100,18.407,74.62,0.12996,0.17061024168089342
2101,18.407,74.876,0.15163,0.19238686681920145
2102,18.407,74.533,0.12044,0.16540134697002715
2103,18.407,74.655,0.19379000000000002,0.17306020809660458
2104,18.408,74.74600000000001,0.25248000000000004,0.18019663597111887
2105,18.408,74.833,0.17800000000000002,0.1880839886420411
2106,18.408,74.74600000000001,0.20360999999999999,0.18019663597111887
2107,18.408,75.008,0.28068000000000004,0.2060620963424514
2108,18.409000000000002,74.747,0.15067,0.18019731988178697
2109,18.409000000000002,74.852,0.074322,0.18981451567253246
2110,18.409000000000002,75.002,0.6842,0.20528879938495145
2111,18.409000000000002,74.422,0.17374,0.1607041443450846
2112,18.409000000000002,74.501,0.21583000000000002,0.16373931075297396
2113,18.409000000000002,74.652,0.067137,0.1727052708088713
2114,18.409000000000002,74.656,0.063461,0.17299420500718418
2115,18.41,74.553,0.18594000000000002,0.16632938678683093
2116,18.41,74.571,0.13097,0.16735331017743835
2117,18.41,75.156,0.14199,0.2220343569337868
2118,18.410999999999998,74.61,0.14376,0.16970231664473842
2119,18.410999999999998,74.749,0.19954000000000002,0.18019918465563076
2120,18.410999999999998,74.868,0.13358,0.1911741794429944
2121,18.410999999999998,74.503,0.20360999999999999,0.1637486406920506
2122,18.410999999999998,74.65899999999999,0.10858,0.1730740838676744
2123,18.410999999999998,74.753,0.10214,0.18054146478706753
2124,18.410999999999998,73.487,0.11442000000000001,0.22353722214023705
2125,18.410999999999998,74.749,0.19139,0.18019918465563076
2126,18.410999999999998,74.755,0.094205,0.18071336784084832
2127,18.412,74.61,0.14140999999999998,0.16964219717931958
2128,18.412,74.65899999999999,0.16037,0.173005402306826
2129,18.412,74.903,0.12445,0.19456276278069481
2130,18.413,74.689,0.16764,0.17517386404092158
2131,18.413,74.751,0.16288,0.18020171363609058
2132,18.413,74.505,0.10586,0.16375857632917276
2133,18.413,74.42,0.1846,0.16053871629869373
2134,18.414,74.604,0.094205,0.16913990017069755
2135,18.415,74.806,0.09428099999999999,0.18488961911216248
2136,18.415,73.462,0.1704,0.2279175832517478
2137,18.415,74.447,0.18544000000000002,0.16134870935467713
2138,18.415,74.95100000000001,0.09690399999999999,0.19916066001616203
2139,18.416,74.508,0.11400999999999999,0.1637746207156535
2140,18.416,74.657,0.19471,0.17259096766313128
2141,18.417,75.003,0.1186,0.20441114343558595
2142,18.417,74.539,0.15711,0.16524473868652342
2143,18.417,74.834,0.08118099999999999,0.1873011460603373
2144,18.417,74.874,0.13355999999999998,0.19114606084268823
2145,18.417,75.257,0.17123,0.231904357045405
2146,18.418,74.509,0.17102,0.16374011445002576
2147,18.418,74.417,0.11525999999999999,0.16033002719061748
2148,18.418,74.21600000000001,0.2105,0.15891480257426457
2149,18.418,74.819,0.10214,0.1858072637553275
2150,18.419,74.495,0.14533,0.16307887855025147
2151,18.419,74.707,0.13097,0.1761272748461906
2152,18.419,74.88600000000001,0.35086,0.192121131375084
2153,18.419,75.142,0.041054,0.21922112555886772
2154,18.42,75.074,0.17540999999999998,0.21168292805405928
2155,18.42,74.361,0.10231,0.15905373539914622
2156,18.421,74.635,0.10525999999999999,0.17074573849516314
2157,18.421,74.625,0.08017,0.17008197209920314
2158,18.421,74.513,0.081423,0.16380442369924428
2159,18.422,74.579,0.16764,0.1671891770959175
2160,18.422,75.09899999999999,0.19296,0.21413363806014582
2161,18.422,74.422,0.14668,0.160377788855777
2162,18.423,74.24600000000001,0.14826,0.1586181223752212
2163,18.423,74.421,0.94737,0.160326800158427
2164,18.424,74.987,0.42103,0.20188559053479746
2165,18.424,75.126,0.075291,0.21679515235963262
2166,18.424,74.669,0.08017,0.17292071017367946
2167,18.424,74.939,0.16764,0.19691484664593148
2168,18.425,74.233,0.24225,0.15877529780892538
2169,18.425,74.553,0.15185,0.165609344480921
2170,18.425,74.633,0.083512,0.1703711880907974
2171,18.425,74.54899999999999,0.13614,0.16540020664532826
2172,18.426,74.48100000000001,0.15711,0.16225965108566207
2173,18.426,73.735,0.63157,0.19160405915190834
2174,18.426,74.48899999999999,0.17288,0.16257904435340084
2175,18.426,74.518,0.1303,0.16383808660586294
2176,18.426,74.758,0.15163,0.1797283701320402
2177,18.426,74.35,0.089026,0.15882924172554666
2178,18.426,74.641,0.13355999999999998,0.17084499096704317
2179,18.427,74.51899999999999,0.073277,0.16384528560100284
2180,18.427,74.821,0.11262,0.1851673432295193
2181,18.427,75.13600000000001,0.041898000000000005,0.2174711790748519
2182,18.427,74.692,0.19646,0.17440665723986812
2183,18.427,74.77600000000001,0.15064,0.18117721305169407
2184,18.428,73.717,0.28068000000000004,0.19392391699809428
2185,18.428,74.61399999999999,0.10732,0.16897624443654233
2186,18.429000000000002,74.785,0.13848,0.18178889296898157
2187,18.429000000000002,73.734,0.85964,0.19200843861786995
2188,18.429000000000002,74.464,0.15716,0.16153490887307617
2189,18.429000000000002,74.962,0.1493,0.19872096642768386
2190,18.429000000000002,73.735,0.45611999999999997,0.19189157035945778
2191,18.429000000000002,74.911,0.56139,0.19356448614233243
2192,18.43,74.443,0.2017,0.16081107478063725
2193,18.43,74.623,0.091866,0.16943333952592518
2194,18.43,74.937,0.10214,0.19606393525514296
2195,18.430999999999997,75.059,0.15787,0.20867384483603044
2196,18.430999999999997,74.611,0.15452,0.16862702904006552
2197,18.432000000000002,75.032,0.16622,0.20568426030592654
2198,18.432000000000002,74.626,0.062843,0.16951285948291103
2199,18.433,74.953,0.13614,0.19736394470702642
2200,18.434,74.455,0.15185,0.16109422269145865
2201,18.434,74.563,0.18594000000000002,0.16573280043674718
2202,18.434,74.402,0.20631999999999998,0.15963940274771668
2203,18.434,74.72,0.09690399999999999,0.176052424351362
2204,18.435,74.87100000000001,0.11262,0.18908503218037917
2205,18.436,73.563,0.10189,0.21531320452495714
2206,18.436,74.7,0.11787,0.17439338091888387
2207,18.437,73.803,0.11025,0.18506671724211307
2208,18.437,74.227,0.1624,0.1590250339646356
2209,18.437,74.53699999999999,0.21735,0.1643014294205075
2210,18.438,74.317,0.10231,0.15850487409268496
2211,18.438,74.944,0.22804000000000002,0.19592440788577634
2212,18.439,74.639,0.16238,0.16995869999414656
2213,18.439,74.639,0.12194,0.16995869999414656
2214,18.439,74.738,0.15978,0.17710684999980894
2215,18.44,74.188,0.1362,0.15986693010216943
2216,18.44,74.204,0.19384,0.1595014085858267
2217,18.441,74.796,0.13832,0.1817556951275414
2218,18.441,75.288,0.16037,0.231499025257588
2219,18.441,75.074,0.50876,0.20904222432817263
2220,18.441,74.825,0.20432,0.1843022769886666
2221,18.442,74.908,0.45611999999999997,0.191965629158354
2222,18.442,75.085,0.16873,0.2100833176752229
2223,18.442,74.669,0.15716,0.17179091897009932
2224,18.442,75.176,0.10022,0.21972719140411942
2225,18.442,74.668,0.16764,0.17172209681392167
2226,18.442,74.855,0.17026,0.18694195626432428
2227,18.442,74.918,0.26313000000000003,0.19294034227634946
2228,18.442,74.475,0.16764,0.16156659747954835
2229,18.442999999999998,74.742,0.12215,0.17713692752009966
2230,18.442999999999998,74.8,0.09690399999999999,0.18193943259494003
2231,18.442999999999998,74.938,0.10522999999999999,0.1948107478283103
2232,18.442999999999998,74.61,0.10472999999999999,0.16794935361218707
2233,18.442999999999998,74.637,0.14533,0.16961128499606168
2234,18.442999999999998,74.67,0.1204,0.17180030855524628
2235,18.444000000000003,74.649,0.09019500000000001,0.1703318880444443
2236,18.444000000000003,74.946,0.15787,0.1955039134323688
2237,18.444000000000003,74.21300000000001,0.16764,0.15939934751064674
2238,18.444000000000003,74.643,0.055942,0.1699418820070658
2239,18.444000000000003,74.643,0.091866,0.1699418820070658
2240,18.444000000000003,75.243,0.16288,0.22646296390341944
2241,18.444000000000003,74.456,0.027119,0.16088761534560844
2242,18.444000000000003,74.623,0.12834,0.16868335914095942
2243,18.444000000000003,74.642,0.030043,0.16987743428493804
2244,18.445,74.90899999999999,0.5263,0.1917714140953359
2245,18.445,74.21,0.17288,0.15948067586648337
2246,18.445,74.718,0.13097,0.1751427497453348
2247,18.445,75.26,0.31577,0.22807013679441676
2248,18.445999999999998,75.23899999999999,0.17540999999999998,0.22576984460481783
2249,18.445999999999998,74.667,0.10477,0.17141919432571814
2250,18.445999999999998,74.774,0.099469,0.17950752911830478
2251,18.445999999999998,75.547,0.43858,0.2536150262506406
2252,18.447,74.654,0.11259000000000001,0.17049362058371573
2253,18.447,74.585,0.1231,0.1663409231285576
2254,18.448,74.804,0.13097,0.1818843549356481
2255,18.448,74.92399999999999,0.1624,0.19293644831181575
2256,18.448,74.72800000000001,0.14140999999999998,0.17570190022164153
2257,18.448,74.77199999999999,0.13355999999999998,0.179193062931809
2258,18.448,74.45100000000001,0.081841,0.16065068497289034
2259,18.448,74.902,0.015021000000000001,0.19081176451145196
2260,18.448,74.936,0.49121000000000004,0.19411100683772928
2261,18.449,74.547,0.11517999999999999,0.16432484849761395
2262,18.449,74.567,0.15711,0.1653086109110173
2263,18.449,74.917,0.5789300000000001,0.19215994243512521
2264,18.45,74.422,0.13358,0.1598495503673024
2265,18.45,74.798,0.13882,0.18121450984758267
2266,18.45,75.069,0.06641,0.20744471639939097
2267,18.45,75.253,0.35086,0.2266511482508263
2268,18.45,74.77199999999999,0.086352,0.1790452925922704
2269,18.451,74.222,0.1755,0.15936664535308717
2270,18.451,74.354,0.21325999999999998,0.15873011120924282
2271,18.451,74.749,0.16472,0.1771265402720009
2272,18.451,73.559,0.05427100000000001,0.21772682715000533
2273,18.451,74.556,0.094205,0.16468317664552543
2274,18.451,74.992,0.13882,0.1993983200950956
2275,18.451,74.528,0.13355999999999998,0.163390911232392
2276,18.451,74.594,0.15454,0.16665944788130924
2277,18.452,75.263,0.40349,0.2273910109617637
2278,18.452,74.58,0.12044,0.16586077475535474
2279,18.452,75.042,0.11192,0.2044101133983944
2280,18.452,74.76899999999999,0.12047999999999999,0.17865495940421014
2281,18.453,74.81,0.06021900000000001,0.18200573400298511
2282,18.453,75.36399999999999,0.12278,0.23715897473336586
2283,18.453,74.807,0.12829000000000002,0.18174858058907326
2284,18.453,75.23899999999999,0.31577,0.22480523194341748
2285,18.453,74.564,0.14406,0.16500126467466988
2286,18.453,74.806,0.14144,0.1816630903334948
2287,18.453,75.048,0.17457999999999999,0.20491767474609987
2288,18.454,74.703,0.16502,0.17346240038947155
2289,18.454,74.64699999999999,0.10472999999999999,0.16966641552970993
2290,18.454,75.197,0.067304,0.22033726688120378
2291,18.454,75.227,0.43858,0.2234377503342728
2292,18.455,74.567,0.16764,0.16507463250227225
2293,18.455,74.21600000000001,0.15192,0.1595729038298935
2294,18.455,75.23,0.17540999999999998,0.2236115053955808
2295,18.455,74.21300000000001,0.12834,0.15963709905945375
2296,18.456,74.783,0.16764,0.17950817378839798
2297,18.456,74.793,0.19379000000000002,0.18033672019412603
2298,18.456,75.126,0.12361,0.2126832570112431
2299,18.456,75.252,0.5789300000000001,0.2257227161420727
2300,18.456,74.743,0.14926,0.17631833438958386
2301,18.456,75.263,0.5263,0.22683719191302706
2302,18.456,75.273,0.10022,0.22784499772873154
2303,18.456,74.535,0.10477,0.16353534862451455
2304,18.457,75.27,0.31577,0.2274051084116829
2305,18.457,74.21300000000001,0.11,0.159683581573528
2306,18.457,74.876,0.11785,0.18755478002318712
2307,18.457,74.896,0.13882,0.18941415796464853
2308,18.457,75.27600000000001,0.35086,0.22800754184308744
2309,18.457,75.141,0.10522999999999999,0.214125353845914
2310,18.458,75.578,0.16037,0.2537527866565442
2311,18.458,74.907,0.43858,0.19036027582269274
2312,18.459,74.512,0.099469,0.16248761834115052
2313,18.459,74.21300000000001,0.1493,0.15973106039588478
2314,18.459,74.683,0.11787,0.17176844953383172
2315,18.459,75.26899999999999,0.5263,0.22702981992320634
2316,18.459,75.126,0.083512,0.21231996463945965
2317,18.46,74.911,0.24559,0.19055674380128226
2318,18.46,74.217,0.18336,0.1596665903319968
2319,18.46,74.22399999999999,0.19646,0.15951996915659003
2320,18.46,74.62899999999999,0.19384,0.16826294885724732
2321,18.46,75.236,0.19296,0.22355659006029358
2322,18.461,74.271,0.16915,0.158825815078628
2323,18.461,74.37899999999999,0.14400000000000002,0.15897151756013103
2324,18.461,74.55,0.13832,0.1640463021943563
2325,18.461,74.583,0.10214,0.1656577430332362
2326,18.461,74.681,0.11327000000000001,0.17152180225444089
2327,18.461,74.736,0.14926,0.17545805319723826
2328,18.461,75.244,0.26313000000000003,0.22423641088762888
2329,18.462,75.06,0.058565,0.20514677964356873
2330,18.462,75.32300000000001,0.11692999999999999,0.23193889844185298
2331,18.463,75.245,0.31577,0.2240717275810554
2332,18.464000000000002,74.986,0.13865,0.19745675587394348
2333,18.464000000000002,74.22399999999999,0.2017,0.15961140638730062
2334,18.465999999999998,74.366,0.15185,0.15881877799138341
2335,18.467,74.706,0.13097,0.1729099139635257
2336,18.467,74.676,0.17812,0.17086740156821853
2337,18.467,74.712,0.10214,0.173334170003654
2338,18.467,74.969,0.16764,0.19548711262068982
2339,18.467,75.253,0.49121000000000004,0.2243490316238411
2340,18.467,74.806,0.12829000000000002,0.18061093732818886
2341,18.468,75.238,0.35086,0.22270897658133834
2342,18.469,75.264,0.19296,0.22518509479957946
2343,18.469,75.583,0.5263,0.2523042815587322
2344,18.469,75.207,0.24893,0.21943847299159466
2345,18.469,74.221,0.2017,0.15979743597111737
2346,18.469,75.237,0.35086,0.22247872514984998
2347,18.47,74.569,0.15419000000000002,0.16463641713664298
2348,18.471,74.574,0.16764,0.1648433834588072
2349,18.471,75.238,0.49121000000000004,0.22232189427659874
2350,18.471,75.26100000000001,0.14032,0.22462348201735546
2351,18.472,75.273,0.2105,0.2256825674345083
2352,18.472,75.031,0.16706,0.2011357312954841
2353,18.473,74.672,0.06021900000000001,0.17030316479315696
2354,18.473,74.813,0.15454,0.18076150764913587
2355,18.473,75.26100000000001,0.22804000000000002,0.22436265731137092
2356,18.473,74.683,0.075909,0.17101934615025835
2357,18.473,74.847,0.075291,0.1836523451298979
2358,18.473,74.61,0.14144,0.1666217784861301
2359,18.473,75.25,0.35086,0.2232671339153389
2360,18.474,74.205,0.23051999999999997,0.16032525450889565
2361,18.474,75.209,0.093537,0.2190172122099687
2362,18.474,74.414,0.14140999999999998,0.15943583446392948
2363,18.475,75.258,0.35086,0.22380597212492012
2364,18.475,73.406,0.14617,0.24524085062187537
2365,18.475,75.141,0.14199,0.21197676415079977
2366,18.476,74.227,0.1624,0.15984195461925219
2367,18.476,74.90899999999999,0.31577,0.18896653580120856
2368,18.476,74.209,0.22528,0.16027742953814458
2369,18.476,75.244,0.24559,0.2222847394211039
2370,18.476,75.211,0.075157,0.2189721559390919
2371,18.477,74.889,0.26564,0.18705865267581342
2372,18.477,74.922,0.49121000000000004,0.19008561307219327
2373,18.477,75.214,0.093537,0.21915138696729305
2374,18.477,75.219,0.80701,0.2196546103638923
2375,18.477,74.617,0.09428099999999999,0.16684732754195472
2376,18.477,74.89399999999999,0.15163,0.187511284794014
2377,18.477,75.207,0.091866,0.21844566007381336
2378,18.477999999999998,74.498,0.10189,0.16153725433558816
2379,18.477999999999998,74.62,0.10472999999999999,0.16697323892469804
2380,18.477999999999998,75.577,0.17540999999999998,0.25051184326133247
2381,18.477999999999998,74.683,0.06805599999999999,0.17076828610372627
2382,18.479,74.515,0.16238,0.16211125207692542
2383,18.479,75.248,0.45611999999999997,0.2223035254352955
2384,18.479,75.255,0.07014400000000001,0.22299748417130225
2385,18.479,74.221,0.20432,0.16006090016471405
2386,18.48,74.335,0.22303,0.1587319956272176
2387,18.480999999999998,74.414,0.11259000000000001,0.15939947766532334
2388,18.480999999999998,75.158,0.15202000000000002,0.21301304712731337
2389,18.480999999999998,75.268,0.20799,0.22402493873170756
2390,18.480999999999998,75.235,0.50876,0.2207609687268691
2391,18.482,74.407,0.08936000000000001,0.15928642509554666
2392,18.483,75.24,0.45611999999999997,0.22101068978566993
2393,18.483,74.888,0.29822,0.1864888904665278
2394,18.484,75.104,0.088524,0.2072203748572555
2395,18.484,74.967,0.47367,0.19371303789160674
2396,18.484,75.247,0.8771899999999999,0.22158003442673
2397,18.485,74.84899999999999,0.10472999999999999,0.18293125785393857
2398,18.485,75.222,0.31577,0.2189773464616118
2399,18.485,74.13600000000001,0.17540999999999998,0.1631460105968728
2400,18.485,75.251,0.73683,0.22185092183042418
2401,18.486,74.505,0.12111,0.1616236775435139
2402,18.486,75.243,0.66666,0.22093869105971017
2403,18.486,75.253,0.5263,0.22192413127220742
2404,18.486,74.562,0.16238,0.16383085355927593
2405,18.486,75.26100000000001,0.38594,0.22270938327214604
2406,18.487000000000002,74.202,0.23576,0.16081049331483174
2407,18.487000000000002,75.268,0.26313000000000003,0.22326915960062596
2408,18.487000000000002,75.024,0.1231,0.1989500585975936
2409,18.488,74.208,0.23838,0.16066921169536771
2410,18.488,75.203,0.35086,0.21672602298115193
2411,18.488,76.063,0.067638,0.2539063243557479
2412,18.488,75.208,0.54384,0.2172246628125993
2413,18.488,74.39,0.086352,0.15906901217546152
2414,18.488,74.517,0.11259000000000001,0.16199955897306448
2415,18.488,74.587,0.15711,0.16492179853197128
2416,18.488,74.208,0.18336,0.16066921169536771
2417,18.489,74.212,0.1886,0.16058890228457176
2418,18.489,75.23899999999999,0.33331,0.2201791365216705
2419,18.489,75.23899999999999,0.17540999999999998,0.2201791365216705
2420,18.489,75.251,0.26313000000000003,0.2213593123499363
2421,18.489,75.256,0.35086,0.22184929944100704
2422,18.489,75.21,0.14032,0.2173060928743444
2423,18.489,75.236,0.17540999999999998,0.2198832233373201
2424,18.49,73.646,0.1963,0.20982220274608962
2425,18.49,75.241,0.17540999999999998,0.22025544782968984
2426,18.49,75.65899999999999,0.37006999999999995,0.25331594829477944
2427,18.49,75.09100000000001,0.45611999999999997,0.20528519088272032
2428,18.491,74.21300000000001,0.20432,0.16062449448235502
2429,18.491,75.10300000000001,0.10774,0.20637903185462178
2430,18.491,75.138,0.2247,0.20988021107733965
2431,18.491,75.118,0.14115999999999998,0.20787820569292445
2432,18.491,75.204,0.56139,0.2164755034432901
2433,18.492,74.22,0.12834,0.16046630305469742
2434,18.492,74.211,0.15716,0.16071269671613972
2435,18.492,75.21300000000001,0.56139,0.21725248461486
2436,18.493,74.98100000000001,0.11262,0.19424680744197084
2437,18.493,75.117,0.075157,0.20756686114076547
2438,18.494,74.204,0.24361999999999998,0.16098401634175527
2439,18.494,75.171,0.18377000000000002,0.21284834665055827
2440,18.494,75.217,0.14032,0.2174152208431562
2441,18.494,74.214,0.22528,0.1606928536474734
2442,18.494,74.721,0.06808099999999999,0.17250875927498774
2443,18.496,75.475,0.10022,0.24055761920568017
2444,18.496,74.22399999999999,0.14406,0.16048538624597572
2445,18.496,74.211,0.15716,0.16084409519872675
2446,18.496,74.215,0.2148,0.16072981178423915
2447,18.497,74.209,0.17288,0.16093631092260716
2448,18.497,75.259,0.14032,0.22117339721602144
2449,18.498,74.491,0.11517999999999999,0.16100992558138646
2450,18.498,75.207,0.066836,0.2159687770492231
2451,18.498,75.117,0.21718,0.20704574398260464
2452,18.498,74.208,0.1362,0.1610001905880689
2453,18.499000000000002,74.87,0.10214,0.18372511936140232
2454,18.499000000000002,74.219,0.16764,0.16071617419393755
2455,18.499000000000002,75.04,0.15452,0.19937565727211046
2456,18.499000000000002,74.214,0.20432,0.16085765193763343
2457,18.499000000000002,75.13600000000001,0.15035,0.20882639630498176
2458,18.5,74.469,0.10732,0.16040655964811332
2459,18.5,75.002,0.091866,0.19562870073986213
2460,18.5,74.95,0.17792,0.19075691699856176
2461,18.5,74.214,0.18074,0.16089132690560268
2462,18.5,74.505,0.13614,0.1614043619806332
2463,18.5,75.09899999999999,0.14868,0.2050613728915612
2464,18.500999999999998,74.736,0.094205,0.1731911381656462
2465,18.500999999999998,75.23899999999999,0.14199,0.21876041861105808
2466,18.500999999999998,74.682,0.075909,0.1696625088973943
2467,18.500999999999998,74.22399999999999,0.16764,0.16064448791199934
2468,18.500999999999998,75.237,0.43858,0.21856572186292086
2469,18.502,74.48100000000001,0.083762,0.16069277397267953
2470,18.503,74.402,0.1445,0.15923766537443293
2471,18.503,75.058,0.12834,0.2007508897111094
2472,18.503,74.47800000000001,0.13364,0.16060649010058622
2473,18.503,75.072,0.24559,0.20211573100621602
2474,18.503,75.22,0.45611999999999997,0.21667894906884363
2475,18.503,75.04899999999999,0.13949,0.19987686685613545
2476,18.504,74.215,0.19646,0.16099886800050986
2477,18.504,75.189,0.26313000000000003,0.21352898840313314
2478,18.504,74.775,0.13097,0.17582673968799242
2479,18.505,74.223,0.22528,0.16080383015158192
2480,18.505,75.118,0.12612,0.20643171258298507
2481,18.505,74.249,0.18336,0.16015297213506383
2482,18.506,75.29,0.11692999999999999,0.22306889237069435
2483,18.507,74.48100000000001,0.10858,0.1606512500911976
2484,18.507,75.324,0.10022,0.2261248012950274
2485,18.508,74.214,0.2017,0.16116926439502718
2486,18.508,75.32,0.26313000000000003,0.2256341660266524
2487,18.508,74.247,0.20956,0.16028800530716422
2488,18.508,75.221,0.074472,0.21621726411553108
2489,18.508,74.23899999999999,0.12834,0.16047999150590816
2490,18.508,74.316,0.22654000000000002,0.15920351487921178
2491,18.508,75.275,0.16037,0.221412082266611
2492,18.509,75.203,0.5263,0.21435572929113175
2493,18.509,74.297,0.20790999999999998,0.15942297976944206
2494,18.509,74.12100000000001,0.0526,0.1649758649790035
2495,18.51,74.242,0.16764,0.16046929702316523
2496,18.51,74.22399999999999,0.1624,0.16094596177286855
2497,18.511,74.66,0.13289,0.16798716100314334
2498,18.511,74.547,0.11492000000000001,0.162672918353827
2499,18.511,75.202,0.083512,0.21404234041180345
2500,18.512,74.226,0.22528,0.16095851171156392
2501,18.512,74.244,0.19384,0.16048391359689926
2502,18.512,75.078,0.050144,0.20185083231361897
2503,18.512,74.249,0.18336,0.1603645139238484
2504,18.514,74.166,0.31577,0.16313690949155854
2505,18.514,74.59100000000001,0.12044,0.16441220900508377
2506,18.514,75.214,0.11777,0.21488361354041238
2507,18.514,74.472,0.11259000000000001,0.16039452465496182
2508,18.515,74.23899999999999,0.14406,0.16070778363093516
2509,18.516,75.05199999999999,0.61402,0.19899010062718644
2510,18.516,75.138,0.21718,0.20729436267400345
2511,18.516,74.214,0.1624,0.16146228032935658
2512,18.516,74.403,0.24775999999999998,0.15932241036449132
2513,18.516,74.238,0.18074,0.16076752867392005
2514,18.517,74.229,0.16764,0.16104876448598635
2515,18.517,75.172,0.095208,0.21049835742696263
2516,18.517,74.538,0.17549,0.16225840340577732
2517,18.518,75.04899999999999,0.067847,0.19852945934910857
2518,18.518,75.222,0.11692999999999999,0.21522600111475462
2519,18.518,75.223,0.13530999999999999,0.21532204956354092
2520,18.519000000000002,74.594,0.16764,0.16443380274118166
2521,18.519000000000002,75.039,0.10774,0.19749525866014936
2522,18.519000000000002,74.583,0.083762,0.16395739159847186
2523,18.519000000000002,74.172,0.17288,0.1631121571065803
2524,18.52,74.248,0.14144,0.16064555137571487
2525,18.521,74.484,0.18794,0.16064479912183835
2526,18.522000000000002,74.189,0.1624,0.16257178877051678
2527,18.522000000000002,74.17699999999999,0.14406,0.16304232000726224
2528,18.522000000000002,74.953,0.033552,0.1893355653227203
2529,18.523,74.237,0.11262,0.1610373891580625
2530,18.523,74.248,0.15192,0.16074612062725532
2531,18.523,74.23899999999999,0.2017,0.16098248795839196
2532,18.523,74.196,0.16764,0.1623536167455155
2533,18.524,74.24600000000001,0.1886,0.16083145118756345
2534,18.524,74.52,0.12695,0.1615975650836031
2535,18.524,74.57300000000001,0.15686,0.163454108924567
2536,18.525,74.204,0.18074,0.16215014291008287
2537,18.525,75.42,0.12303,0.23234177397289887
2538,18.525,75.419,0.14140999999999998,0.23225926178409514
2539,18.526,74.471,0.10732,0.16034620942779995
2540,18.526,74.53,0.20432,0.16188858515161494
2541,18.526,75.297,0.10022,0.22142567716736347
2542,18.526,74.553,0.17549,0.16266648843780926
2543,18.526,74.584,0.13355999999999998,0.1638660936601963
2544,18.526,75.056,0.11692999999999999,0.19850676386049668
2545,18.526,75.158,0.10355999999999999,0.20825383569131004
2546,18.527,74.442,0.13364,0.15983905591165923
2547,18.527,74.264,0.17288,0.1604964768473552
2548,18.527,75.207,0.1729,0.21285257007889588
2549,18.527,76.649,0.11108,0.161356102036835
2550,18.528,74.57,0.10189,0.1632720805056916
2551,18.528,74.944,0.17457999999999999,0.18811151060731265
2552,18.528,74.986,0.1445,0.19186113937687452
2553,18.529,75.264,0.1729,0.21803546478567412
2554,18.529,74.173,0.12834,0.1635288068115299
2555,18.529,74.23899999999999,0.18336,0.1611984937306997
2556,18.529,75.422,0.12047999999999999,0.23202093598076665
2557,18.531,75.226,0.15202000000000002,0.21425198274896526
2558,18.531,75.251,0.08936000000000001,0.2166073721271565
2559,18.531,75.32,0.066803,0.22296972401862267
2560,18.531,75.331,0.09604299999999999,0.22395922672789745
2561,18.531,75.032,0.16121,0.19585056644747376
2562,18.532,74.61399999999999,0.13097,0.16505718492275886
2563,18.532,75.124,0.15703,0.20443845810231473
2564,18.532,74.241,0.19384,0.16125285017346844
2565,18.533,74.232,0.1624,0.16155400398360106
2566,18.533,74.501,0.05427100000000001,0.16101915792580154
2567,18.534000000000002,75.089,0.18627,0.20094218092583546
2568,18.534000000000002,74.568,0.15457,0.1631111507606012
2569,18.534000000000002,75.4,0.15711,0.22960556148812225
2570,18.534000000000002,74.877,0.075291,0.18206098266886414
2571,18.534000000000002,74.372,0.24509,0.15942550309447553
2572,18.535,75.4,0.15185,0.2294891826008388
2573,18.535,74.192,0.18074,0.1630290321073856
2574,18.535999999999998,74.372,0.17082,0.15946060207800392
2575,18.535999999999998,74.47399999999999,0.15185,0.16041414624979175
2576,18.537,75.12899999999999,0.050211,0.20446593738985905
2577,18.537,75.15,0.15202000000000002,0.20645759663052718
2578,18.537,74.03699999999999,0.40349,0.17184397069820476
2579,18.537,74.188,0.2105,0.1632800513343657
2580,18.537,75.42,0.24559,0.23090782977097732
2581,18.538,73.844,0.11359000000000001,0.18982964946869738
2582,18.538,74.17399999999999,0.20382,0.16391580886337373
2583,18.538,75.225,0.11275,0.21345585183167856
2584,18.539,74.183,0.35086,0.1635795462500381
2585,18.539,74.242,0.19384,0.16148918301635914
2586,18.539,75.403,0.10214,0.22927747814062202
2587,18.54,74.03699999999999,0.15954000000000002,0.17205109444729846
2588,18.54,74.033,0.16539,0.17234601564258464
2589,18.54,75.206,0.11609000000000001,0.2114746225833178
2590,18.541,74.152,0.24559,0.16508450456822374
2591,18.541,74.03399999999999,0.18209,0.1723418086290037
2592,18.541,74.03399999999999,0.16539,0.1723418086290037
2593,18.541,74.152,0.19296,0.16508450456822374
2594,18.541,74.15899999999999,0.29822,0.16474807891863538
2595,18.541,74.03399999999999,0.17625,0.1723418086290037
2596,18.541,74.039,0.18209,0.17197402155880445
2597,18.541,74.142,0.61402,0.16558348523375319
2598,18.541,74.039,0.16539,0.17197402155880445
2599,18.541,74.042,0.16371,0.17175588454022192
2600,18.541,74.042,0.16539,0.17175588454022192
2601,18.541,74.15899999999999,0.35086,0.16474807891863538
2602,18.541,74.48,0.094205,0.16054366033535025
2603,18.542,74.569,0.10472999999999999,0.16305265125132937
2604,18.542,75.152,0.095208,0.20619550922451232
2605,18.542,73.953,0.19296,0.17910889046897713
2606,18.542,74.101,0.17457999999999999,0.16791514062991394
2607,18.542,74.14699999999999,0.17540999999999998,0.165384777741403
2608,18.542,74.14699999999999,0.24559,0.165384777741403
2609,18.542,74.161,0.2105,0.16470529847064228
2610,18.543,74.312,0.15787,0.16009424828482352
2611,18.543,74.15100000000001,0.3684,0.16523941677992857
2612,18.543,74.154,0.10522999999999999,0.16509239437828968
2613,18.543,74.15899999999999,0.29822,0.1648516795727669
2614,18.543,75.249,0.12445,0.21520029224051793
2615,18.544,74.167,0.15787,0.16452870469911005
2616,18.544,74.242,0.36075,0.16168507134807428
2617,18.544,74.53,0.11492000000000001,0.16176371423026278
2618,18.544,74.23899999999999,0.1624,0.16177549674084066
2619,18.545,74.036,0.15703,0.1724740959206625
2620,18.546,74.169,0.29822,0.1645389936864233
2621,18.546,74.865,0.16622,0.1804413646168219
2622,18.546,74.173,0.45611999999999997,0.16435717362468158
2623,18.547,74.173,0.43858,0.16440785068000227
2624,18.547,74.176,0.2105,0.1642733093168489
2625,18.547,75.188,0.050762,0.20912918027260005
2626,18.547,74.172,0.15787,0.16445313011651905
2627,18.547,74.168,0.29822,0.16463640926974418
2628,18.547,74.958,0.17457999999999999,0.1880601875981793
2629,18.548,74.44800000000001,0.083762,0.1600655854647259
2630,18.548,75.16,0.023468,0.2064160666661766
2631,18.548,74.041,0.54384,0.17231535310172327
2632,18.549,74.86399999999999,0.17540999999999998,0.18020832878151924
2633,18.549,74.167,0.24559,0.16478654649910093
2634,18.549,75.237,0.15202000000000002,0.2135056921216377
2635,18.55,74.153,0.29822,0.16551668818370555
2636,18.55,75.152,0.00080203,0.2054933947359646
2637,18.55,75.317,0.35086,0.22067195916050328
2638,18.551,75.093,0.075291,0.19991775600990178
2639,18.551,74.163,0.49121000000000004,0.16508114123382597
2640,18.551,74.16,0.17540999999999998,0.16522588327373786
2641,18.551,74.135,0.10522999999999999,0.16650758785113914
2642,18.551,74.16,0.5789300000000001,0.16522588327373786
2643,18.551,75.168,0.081841,0.20690131214881122
2644,18.551,75.308,0.49121000000000004,0.21976900023664023
2645,18.552,74.164,0.40349,0.16508640003995753
2646,18.552,74.172,0.19296,0.16471047183287543
2647,18.552,74.165,0.15787,0.1650386532749006
2648,18.553,74.165,0.35086,0.1650917918686073
2649,18.553,75.21300000000001,0.058448,0.21091026965465406
2650,18.554000000000002,74.166,0.35086,0.16509731705700634
2651,18.554000000000002,74.179,0.20465,0.1644952421275557
2652,18.554000000000002,75.247,0.058448,0.21395154983483108
2653,18.555,74.17,0.50876,0.1649610050410024
2654,18.555,75.209,0.050428,0.21035836419129147
2655,18.555,74.172,0.33331,0.16486743696108871
2656,18.555999999999997,74.17699999999999,0.40349,0.164689308057227
2657,18.555999999999997,74.161,0.22804000000000002,0.1654471003125567
2658,18.555999999999997,74.167,0.33331,0.1651564546442423
2659,18.555999999999997,74.179,0.33331,0.16459846872478842
2660,18.555999999999997,74.344,0.20215,0.16006526122436146
2661,18.557000000000002,74.426,0.14365999999999998,0.1599631980180197
2662,18.558,74.025,0.10522999999999999,0.17425366777863469
2663,18.558,74.036,0.42103,0.17340420159364253
2664,18.558,74.441,0.17540999999999998,0.16010079436699484
2665,18.558,74.248,0.1624,0.16207669949976208
2666,18.558,74.506,0.13614,0.16114313507602693
2667,18.559,74.03699999999999,0.28068000000000004,0.17340089829211333
2668,18.559,74.17,0.087689,0.16517443140744845
2669,18.559,74.34100000000001,0.17048,0.16018022743154345
2670,18.559,74.17399999999999,0.19296,0.16498582048189633
2671,18.559,74.788,0.15202000000000002,0.1742299850109241
2672,18.56,75.984,0.15035,0.2468484645005705
2673,18.56,75.166,0.11944,0.20594528482721694
2674,18.561,74.16,0.33331,0.16577193689485345
2675,18.561,74.908,0.54384,0.1830690476807799
2676,18.561,74.252,0.22804000000000002,0.1620814484957713
2677,18.561,74.166,0.47367,0.16547563376020666
2678,18.561,74.171,0.61402,0.165234642688974
2679,18.561,74.166,0.43858,0.16547563376020666
2680,18.561,74.593,0.1562,0.16375791357632372
2681,18.562,74.32,0.12044,0.16055345746543567
2682,18.562,74.977,0.12111,0.1887563535078773
2683,18.562,76.532,0.15035,0.18351174687780356
2684,18.563,74.468,0.11,0.16048285413246574
2685,18.564,74.574,0.10525999999999999,0.16305653201663903
2686,18.564,73.57,0.45261,0.23031514063762312
2687,18.564,74.158,0.54384,0.1660411732423784
2688,18.564,75.0,0.07245,0.190619589769058
2689,18.565,74.403,0.23556,0.16001792000477674
2690,18.565,75.249,0.12111,0.21311890927885155
2691,18.566,74.188,0.45611999999999997,0.16471618231301063
2692,18.566,74.514,0.079334,0.16135503234126045
2693,18.567,74.171,0.3684,0.16556274391877543
2694,18.567999999999998,74.165,0.61402,0.16591405062666273
2695,18.567999999999998,74.17399999999999,0.42103,0.16547312073297957
2696,18.567999999999998,75.523,0.40349,0.23505155555463483
2697,18.567999999999998,74.175,0.42103,0.16542520533802382
2698,18.569000000000003,75.266,0.14365999999999998,0.21428895131572764
2699,18.569000000000003,74.15100000000001,0.2105,0.1666930819806308
2700,18.569000000000003,74.559,0.11325,0.1625577667699298
2701,18.569000000000003,75.22800000000001,0.09019500000000001,0.21086268436669373
2702,18.57,73.477,0.084138,0.24646922574089322
2703,18.57,74.15899999999999,0.50876,0.16633257912307906
2704,18.570999999999998,75.141,0.081941,0.20276894780348306
2705,18.570999999999998,75.264,0.14951,0.21393080545550056
2706,18.570999999999998,74.173,0.23055,0.16568788730216652
2707,18.570999999999998,74.179,0.1988,0.16539975471077414
2708,18.572,74.164,0.47367,0.16619185988623827
2709,18.572,74.155,0.35086,0.16665729593839593
2710,18.572,74.16,0.19296,0.16639656973937142
2711,18.573,74.09,0.15787,0.17060247272817583
2712,18.573,74.158,0.5263,0.1665585163983808
2713,18.573,74.024,0.31577,0.1754674038269066
2714,18.573,74.76100000000001,0.33331,0.17201641640971885
2715,18.573,75.054,0.10774,0.1947850223527354
2716,18.573,74.16,0.45611999999999997,0.16645458722694548
2717,18.573,74.413,0.61402,0.16020010842612395
2718,18.574,74.02,0.3684,0.1758692274170914
2719,18.574,74.256,0.17540999999999998,0.16252248281617962
2720,18.574,74.024,0.6842,0.17554446421443434
2721,18.574,74.157,0.19296,0.16666945004245978
2722,18.574,74.028,0.3684,0.17522303315635743
2723,18.574,74.039,0.24559,0.17435632122863984
2724,18.574,75.09899999999999,0.081941,0.19874055632496354
2725,18.574,74.024,0.54384,0.17554446421443434
2726,18.574,74.163,0.56139,0.16635810265065618
2727,18.575,74.028,0.10522999999999999,0.17529972490967557
2728,18.575,74.164,0.54384,0.16636482342444955
2729,18.575,75.553,0.42103,0.23622205634331014
2730,18.576,74.029,0.29822,0.17529648173243503
2731,18.576,75.278,0.030143,0.21473184392195374
2732,18.576,74.01899999999999,0.29822,0.1761069139102834
2733,18.576,74.02199999999999,0.26313000000000003,0.1758615993743395
2734,18.576,75.293,0.14282999999999998,0.21605276943942128
2735,18.576,74.02,0.22804000000000002,0.17602493456388477
2736,18.576,75.086,0.18209,0.19743401565611937
2737,18.577,74.16,0.35086,0.1666886961630963
2738,18.577,74.025,0.28068000000000004,0.17569559331574988
2739,18.578,74.252,0.20382,0.1628316146897709
2740,18.578,75.561,0.56139,0.23638816124984605
2741,18.579,74.16,0.26313000000000003,0.1668069699474106
2742,18.58,75.507,0.66666,0.2326756166402166
2743,18.58,74.025,0.42103,0.17592892135079538
2744,18.58,74.404,0.15711,0.16035751165249643
2745,18.581,74.161,0.38594,0.16687328456333259
2746,18.581,74.04,0.28068000000000004,0.1748079132328144
2747,18.581,74.156,0.40349,0.16713927613806598
2748,18.582,74.37100000000001,0.2222,0.16056324824933674
2749,18.582,75.508,0.54384,0.2325354634088251
2750,18.582,75.508,0.2105,0.2325354634088251
2751,18.584,74.222,0.19212,0.16421473019298813
2752,18.585,74.982,0.12695,0.18786674144281143
2753,18.585,75.50399999999999,0.31577,0.23195304733631392
2754,18.585,75.51100000000001,0.49121000000000004,0.23242921630625799
2755,18.585,75.551,0.42103,0.23502420426519752
2756,18.586,75.127,0.1562,0.20041126712399845
2757,18.586,75.53699999999999,0.40349,0.2340369819426543
2758,18.586,74.039,0.10607,0.17527018788506163
2759,18.586,74.185,0.19212,0.1659550445793708
2760,18.586,74.729,0.081841,0.1698097428141114
2761,18.586,75.508,0.29822,0.2321235846634043
2762,18.587,75.509,0.61402,0.23208944815813534
2763,18.587,74.15100000000001,0.8947299999999999,0.1677802234119213
2764,18.587,74.153,0.5263,0.16766937087992692
2765,18.588,75.50399999999999,0.35086,0.23164808616512375
2766,18.589000000000002,74.146,0.15787,0.1681872643935661
2767,18.589000000000002,73.442,0.066803,0.2551885834595553
2768,18.589000000000002,75.079,0.083512,0.19595864193701582
2769,18.589000000000002,75.505,0.35086,0.2316154364825825
2770,18.589000000000002,74.38,0.15454,0.1607042463741379
2771,18.589000000000002,75.55199999999999,0.43858,0.23466885784624367
2772,18.589000000000002,75.557,0.5263,0.23497557096708185
2773,18.589000000000002,74.209,0.22804000000000002,0.16502265106536337
2774,18.59,74.155,0.26313000000000003,0.16774519322943302
2775,18.59,74.208,0.18209,0.16512101865193504
2776,18.59,74.155,0.23221999999999998,0.16774519322943302
2777,18.59,74.918,0.10737999999999999,0.1824670670263787
2778,18.590999999999998,74.37899999999999,0.1755,0.16077297990289316
2779,18.590999999999998,74.074,0.20715999999999998,0.17298953781721169
2780,18.592,75.539,0.45611999999999997,0.23354833741704237
2781,18.593,75.59899999999999,0.074322,0.236982514663957
2782,18.594,74.908,0.40349,0.18152901805187835
2783,18.594,75.327,0.15285,0.21740185970697976
2784,18.594,74.4,0.24241,0.16074000453275103
2785,18.595,75.535,0.40349,0.2329919774562028
2786,18.596,75.60300000000001,0.2105,0.23688689602137356
2787,18.596,74.197,0.18126,0.16595838013604133
2788,18.597,74.089,0.17374,0.172356346427291
2789,18.597,75.128,0.14951,0.19976043972361243
2790,18.598,74.29,0.16121,0.16260169244352804
2791,18.598,75.041,0.10022,0.19213816772076683
2792,18.598,74.892,0.49121000000000004,0.18016883859400964
2793,18.598,75.499,0.43858,0.2303192421323332
2794,18.599,74.314,0.18711,0.16204664806023147
2795,18.599,75.12899999999999,0.10774,0.1997188251039502
2796,18.599,74.289,0.20047,0.16267465730652506
2797,18.599,74.2,0.22386999999999999,0.16599099750850163
2798,18.6,75.53399999999999,0.14032,0.23243402639378527
2799,18.6,75.539,0.45611999999999997,0.23275030159027518
2800,18.6,75.319,0.095208,0.2162245375361654
2801,18.6,75.34100000000001,0.091866,0.2180644314349359
2802,18.601,75.583,0.56139,0.2352790405334356
2803,18.601,76.18,0.08518200000000001,0.23034825146088675
2804,18.601,74.556,0.16756,0.162592653963721
2805,18.602,74.22,0.20382,0.1652644868879863
2806,18.602,74.858,0.5263,0.17757469260943046
2807,18.602,75.021,0.10774,0.1902352443535
2808,18.602999999999998,75.435,0.3684,0.22525667205269925
2809,18.602999999999998,75.756,0.16288,0.2422205794015325
2810,18.602999999999998,75.555,0.28068000000000004,0.23344391278143337
2811,18.604,74.101,0.1704,0.17202979714700525
2812,18.604,74.116,0.15703,0.17102480640356407
2813,18.604,74.196,0.19212,0.16647453995121383
2814,18.604,75.495,0.29822,0.229475371041813
2815,18.605,75.172,0.16037,0.20310554365402086
2816,18.605999999999998,74.95,0.11609000000000001,0.18428312863600846
2817,18.605999999999998,75.0,0.06641,0.1882968359301704
2818,18.605999999999998,75.497,0.24559,0.22942507318164215
2819,18.607,73.595,0.1846,0.23190073987688561
2820,18.608,74.464,0.13614,0.16120449744346196
2821,18.608,75.04,0.16622,0.1915201840599183
2822,18.608,74.092,0.16873,0.17295044134807633
2823,18.608,74.457,0.035473000000000005,0.16116051599047107
2824,18.608,75.367,0.5263,0.21952217286034512
2825,18.609,74.101,0.16455,0.17239282803150044
2826,18.609,74.116,0.17457999999999999,0.17137798557703418
2827,18.609,75.169,0.16037,0.2025800747268128
2828,18.61,74.14699999999999,0.17540999999999998,0.16949914685755837
2829,18.61,74.12899999999999,0.19212,0.1706065375994453
2830,18.61,74.102,0.18293,0.17239670478601707
2831,18.61,75.255,0.13113,0.20998896288783162
2832,18.61,75.434,0.5789300000000001,0.22456151198942206
2833,18.613,74.449,0.24241,0.16125230944463917
2834,18.614,75.551,0.26313000000000003,0.23215410911802245
2835,18.614,75.23899999999999,0.15202000000000002,0.20832636422216663
2836,18.615,74.07600000000001,0.17875,0.17465075817176887
2837,18.616,74.166,0.16121,0.1687967202300444
2838,18.616,75.09,0.16037,0.1953328145511923
2839,18.617,75.539,0.3684,0.23114415725440526
2840,18.617,75.27,0.14115999999999998,0.21076866393324087
2841,18.617,75.598,0.24559,0.23454893656110173
2842,18.618,74.115,0.16037,0.1720925495301555
2843,18.618,75.041,0.1186,0.1911071154693574
2844,18.618,75.168,0.21216999999999997,0.20192607087243117
2845,18.619,74.112,0.16204000000000002,0.17236918100883777
2846,18.619,74.344,0.18209,0.16227149236127866
2847,18.619,75.553,0.0526,0.23181517647637903
2848,18.619,74.111,0.15703,0.17243749871264877
2849,18.619,74.971,0.060236000000000005,0.18540244766485356
2850,18.619,74.112,0.15452,0.17236918100883777
2851,18.62,74.124,0.17374,0.1716378449860889
2852,18.62,75.226,0.15035,0.2068012943295888
2853,18.62,74.089,0.17374,0.1740703431152036
2854,18.621,75.62,0.38594,0.23530523128310185
2855,18.621,75.539,0.19296,0.2307838413813795
2856,18.621,74.061,0.12278,0.1762820022750041
2857,18.621,74.08800000000001,0.16121,0.17422038918904267
2858,18.621,74.097,0.16037,0.17356716360224675
2859,18.621,74.113,0.17374,0.17244802170172
2860,18.621,75.622,0.43858,0.2354039834101885
2861,18.622,73.926,0.08936000000000001,0.18893062288158066
2862,18.622,74.085,0.16873,0.17451921851902694
2863,18.622,74.095,0.15703,0.1737868877862415
2864,18.622,74.123,0.22386999999999999,0.17184848972509711
2865,18.622,74.237,0.26605999999999996,0.16567686981195903
2866,18.622,74.09899999999999,0.1846,0.1734998452512236
2867,18.622,74.4,0.23715,0.16164170074696357
2868,18.622,74.9,0.13530999999999999,0.17994405679478517
2869,18.622,74.903,0.15202000000000002,0.1801606177488134
2870,18.622,75.52,0.5263,0.2294993859270644
2871,18.622,75.569,0.24559,0.2324817281673731
2872,18.622,75.589,0.24559,0.23360042774225162
2873,18.622,75.616,0.43858,0.23501274377114087
2874,18.622,74.093,0.16037,0.1739316720389664
2875,18.623,74.097,0.15118,0.1737189015581084
2876,18.623,75.233,0.16288,0.20720350782284122
2877,18.623,75.568,0.33331,0.2323340277783362
2878,18.623,74.023,0.59648,0.17961071880848242
2879,18.623,74.241,0.43858,0.16556788878217596
2880,18.623,75.297,0.11692999999999999,0.21261515912511417
2881,18.623,75.567,0.0526,0.2322764388641557
2882,18.624000000000002,75.575,0.35086,0.23264289252968504
2883,18.624000000000002,75.616,0.50876,0.23482798409818215
2884,18.624000000000002,74.24600000000001,0.19212,0.1654210350492212
2885,18.624000000000002,75.60600000000001,0.29822,0.2343193386700033
2886,18.624000000000002,75.251,0.084347,0.208671057008423
2887,18.624000000000002,75.52,0.56139,0.22932474903331532
2888,18.624000000000002,75.575,0.3684,0.23264289252968504
2889,18.625,74.093,0.16288,0.17416158076745666
2890,18.625,74.219,0.17875,0.1666480379745666
2891,18.625,74.479,0.18594000000000002,0.1617300971842673
2892,18.625,74.096,0.1704,0.17394358166056065
2893,18.625,75.23899999999999,0.14784,0.20758444938899187
2894,18.625999999999998,75.574,0.42103,0.23240743586704546
2895,18.625999999999998,74.135,0.17540999999999998,0.17135401937359127
2896,18.625999999999998,74.452,0.33331,0.16162654433249765
2897,18.625999999999998,75.17,0.16037,0.20161963871924335
2898,18.625999999999998,75.604,0.19296,0.23403374288661935
2899,18.627,73.61,0.29822,0.23209403132812986
2900,18.627,74.232,0.19964,0.16618356005223175
2901,18.627,74.221,0.2222,0.16667720527788685
2902,18.627,74.325,0.22386999999999999,0.16303777893257074
2903,18.629,75.586,0.5263,0.2328073174420132
2904,18.629,75.242,0.17123,0.20758055892275415
2905,18.629,75.283,0.1069,0.2110304075564546
2906,18.63,75.586,0.24559,0.23271910947839378
2907,18.631,75.595,0.24559,0.23311502173285856
2908,18.632,75.575,0.22804000000000002,0.2319366894723834
2909,18.632,75.601,0.31577,0.2333424451486867
2910,18.632,75.286,0.12111,0.21107868176873043
2911,18.633,75.502,0.15787,0.22739579573840682
2912,18.633,75.61,0.2105,0.23371660342611808
2913,18.634,74.154,0.35086,0.17073219184063435
2914,18.634,74.914,0.24559,0.180605358798506
2915,18.634,75.139,0.12278,0.19853763891661066
2916,18.634,74.205,0.17540999999999998,0.16788633066347255
2917,18.635,74.347,0.066803,0.162920182535604
2918,18.635,75.48899999999999,0.33331,0.2263691943636957
2919,18.636,75.541,0.38594,0.22961330358561902
2920,18.636,74.374,0.19212,0.16248572081781307
2921,18.636,75.492,0.14032,0.2264896573913394
2922,18.636,74.831,0.094205,0.17495148677781255
2923,18.636,75.157,0.12612,0.199954324249187
2924,18.636,75.498,0.28068000000000004,0.2268880448476501
2925,18.637,74.87100000000001,0.13355999999999998,0.17753639190090229
2926,18.637,75.23,0.060119000000000006,0.2060713137062163
2927,18.637999999999998,74.032,0.47367,0.18011357781421253
2928,18.637999999999998,74.11,0.1562,0.17393781745368195
2929,18.637999999999998,74.164,0.18627,0.17041013166316718
2930,18.637999999999998,75.17,0.17123,0.2009461562021366
2931,18.637999999999998,74.031,0.75438,0.18020093349342
2932,18.637999999999998,74.031,0.5789300000000001,0.18020093349342
2933,18.637999999999998,75.587,0.50876,0.23208242771577267
2934,18.637999999999998,74.703,0.16455,0.16797381374223871
2935,18.637999999999998,75.524,0.56139,0.22840042855153805
2936,18.639,74.384,0.21325999999999998,0.1624707026763129
2937,18.639,74.899,0.31577,0.17941166354184698
2938,18.639,75.569,0.61402,0.2310039642251742
2939,18.639,75.249,0.09687899999999999,0.20754571090658855
2940,18.64,74.031,0.45611999999999997,0.18037448602723102
2941,18.641,74.031,0.8771899999999999,0.180461491639592
2942,18.641,74.314,0.22053000000000003,0.1640148050075992
2943,18.641,75.653,0.24559,0.23503544957257202
2944,18.642,74.03,0.66666,0.18063668554560539
2945,18.642,75.195,0.14199,0.20283712132135132
2946,18.643,74.229,0.80701,0.16729741273366713
2947,18.644000000000002,75.59100000000001,0.59648,0.23179486150908665
2948,18.644000000000002,74.263,0.20382,0.16590083460341107
2949,18.644000000000002,75.355,0.1704,0.21585867804280887
2950,18.645,74.256,0.20715999999999998,0.1662411064590101
2951,18.648,73.615,0.25261,0.23401626792737892
2952,18.648,74.376,0.094372,0.16298029367161657
2953,18.648,74.45,0.16873,0.16234156499124383
2954,18.648,73.968,0.1562,0.187060583208395
2955,18.648,74.453,0.22119,0.16233888840747532
2956,18.649,74.932,0.009992000000000001,0.18150696061445978
2957,18.649,75.589,0.42103,0.23128191968834164
2958,18.65,74.92699999999999,0.1362,0.18112492650101317
2959,18.651,74.4,0.18794,0.1627783582799832
2960,18.651,75.57,0.29822,0.230088594846075
2961,18.652,74.529,0.13364,0.1629587449300913
2962,18.652,75.29,0.10774,0.21014713836310414
2963,18.653,74.994,0.066351,0.1859959306529567
2964,18.653,74.024,0.49121000000000004,0.182146902720938
2965,18.654,74.016,0.10522999999999999,0.18296926349710715
2966,18.654,74.157,0.21718,0.17199430162785287
2967,18.654,75.139,0.18209,0.19756557476783373
2968,18.655,74.243,0.17457999999999999,0.1674171533943882
2969,18.655,74.988,0.082459,0.18548090218144273
2970,18.656,75.05,0.054328999999999995,0.19025999539548352
2971,18.656,76.436,0.079435,0.19273266741663705
2972,18.656,75.03699999999999,0.13197,0.18923320355578885
2973,18.657,74.21300000000001,0.54384,0.16899651127316193
2974,18.657,75.57,0.24559,0.2296247923375144
2975,18.657,74.012,0.49121000000000004,0.1836147283762902
2976,18.658,74.237,0.22303,0.1678846664782728
2977,18.658,74.219,0.16121,0.16875795748714648
2978,18.659000000000002,74.02199999999999,0.2105,0.18287080094908167
2979,18.659000000000002,74.023,0.017511000000000002,0.18277916373968658
2980,18.659000000000002,74.554,0.12303,0.16352295733331032
2981,18.659000000000002,75.605,0.31577,0.2313220335411684
2982,18.659000000000002,74.027,0.63157,0.18241464527481385
2983,18.66,74.25399999999999,0.71929,0.16724903214616768
2984,18.662,74.596,0.15686,0.16446853679096526
2985,18.663,74.00399999999999,0.19296,0.18492733125965097
2986,18.665,74.774,0.2148,0.17141406759927966
2987,18.666,75.094,0.21550999999999998,0.19341434396835208
2988,18.667,74.294,0.1562,0.1661007551047999
2989,18.669,74.007,0.31577,0.1852016478177194
2990,18.669,74.024,0.66666,0.18360070533998182
2991,18.67,73.991,0.6842,0.18685713106928067
2992,18.671,74.704,0.22303,0.1681685468248759
2993,18.671,74.107,0.23221999999999998,0.17679752456686923
2994,18.671,75.112,0.18293,0.19467787460690797
2995,18.673,74.12,0.1562,0.17599539074179224
2996,18.675,74.14399999999999,0.20382,0.17445896578163075
2997,18.676,74.278,0.21550999999999998,0.1672617039632842
2998,18.677,75.0,0.14639000000000002,0.18581292768825006
2999,18.679000000000002,75.097,0.24225,0.1932114660738182
3000,18.679000000000002,75.138,0.14617,0.19647624581454767
3001,18.679000000000002,74.074,0.20382,0.18010414482115852
3002,18.68,74.88600000000001,0.22804000000000002,0.17785972160666416
3003,18.680999999999997,74.172,0.21550999999999998,0.17308746840199415
3004,18.680999999999997,74.259,0.19797,0.16839400631422194
3005,18.682000000000002,75.369,0.37174,0.2146249618565836
3006,18.682000000000002,74.204,0.23055,0.17124864865394204
3007,18.683,74.306,0.16956,0.1666455352713234
3008,18.683,74.766,0.1231,0.1710527045952219
3009,18.684,75.134,0.1186,0.19598335837415057
3010,18.686,74.953,0.066936,0.18226525169043603
3011,18.686,75.116,0.11944,0.19449155077807187
3012,18.687,74.21600000000001,0.47367,0.1709485400035666
3013,18.689,74.502,0.18126,0.16393389059279226
3014,18.69,75.039,0.10022,0.18843512269680116
3015,18.69,75.105,0.13530999999999999,0.19350734616785545
3016,18.691,74.22800000000001,0.22303,0.17059697492075784
3017,18.692,74.86399999999999,0.1624,0.17642287387797703
3018,18.692,74.905,0.42103,0.178978884835559
3019,18.695,74.884,0.28068000000000004,0.17763332954954844
3020,18.695,74.169,0.23139,0.17437820229879195
3021,18.697,74.141,0.21885,0.1764568759081486
3022,18.698,75.01899999999999,0.16037,0.18679129388692015
3023,18.7,75.256,0.14617,0.2050889391250875
3024,18.7,74.704,0.18636,0.1685631674401253
3025,18.701,74.203,0.20047,0.17273602898352478
3026,18.701,74.892,0.24559,0.17810771219807817
3027,18.701,75.04899999999999,0.17457999999999999,0.1889552648027932
3028,18.702,74.862,0.38594,0.17629131206184898
3029,18.703,74.74,0.19296,0.17006172640275571
3030,18.703,75.05,0.1445,0.1889914790597048
3031,18.703,74.382,0.24559,0.1656678145899356
3032,18.704,74.923,0.45611999999999997,0.1800654655989574
3033,18.704,75.09100000000001,0.15703,0.19206650566728686
3034,18.705,73.781,0.16497,0.21601021156626074
3035,18.707,74.33800000000001,0.8421,0.16707275775514716
3036,18.708,74.143,0.2222,0.1772376082399428
3037,18.71,73.501,0.1562,0.26175037307695825
3038,18.711,74.209,0.21718,0.1731583722777252
3039,18.713,74.25399999999999,0.09951900000000001,0.17087364490642917
3040,18.714000000000002,74.876,0.15716,0.17713410793836212
3041,18.714000000000002,74.256,0.18961,0.17084829379072605
3042,18.715,75.067,0.12194,0.1900438584656445
3043,18.715,74.263,0.17540999999999998,0.17058160514460438
3044,18.715,74.327,0.3684,0.16794727153636588
3045,18.715999999999998,74.293,0.71929,0.16930966156144975
3046,18.715999999999998,74.384,0.21300999999999998,0.16637641212924445
3047,18.717,74.517,0.11262,0.1651499995775296
3048,18.717,74.727,0.14406,0.16976890925011276
3049,18.718,75.267,0.06179,0.2052987468466688
3050,18.72,74.407,0.08936000000000001,0.1661325864031666
3051,18.72,74.725,0.11359000000000001,0.16975233533113596
3052,18.72,75.19800000000001,0.17288,0.19992146961939036
3053,18.721,75.719,0.1755,0.23169281700945973
3054,18.722,74.07600000000001,0.19296,0.18384475556578447
3055,18.722,75.017,0.12612,0.18632539873702023
3056,18.725,74.858,0.1624,0.1761575507484718
3057,18.725,75.369,0.015974000000000002,0.2126566490540258
3058,18.727,74.76899999999999,0.030043,0.17171390528647665
3059,18.727999999999998,75.101,0.23389000000000001,0.19236709852985898
3060,18.729,74.581,0.027119,0.16620142492271126
3061,18.729,74.782,0.14144,0.1723346225437746
3062,18.732,74.164,0.12278,0.17779355306543296
3063,18.732,74.194,0.29822,0.17577465484107943
3064,18.732,74.546,0.20956,0.16596294989521673
3065,18.733,74.905,0.09428099999999999,0.17893805648956226
3066,18.735,74.571,0.1362,0.16632194018773902
3067,18.737000000000002,73.533,0.20215,0.2598194364752028
3068,18.737000000000002,73.809,0.066803,0.21591973937455286
3069,18.737000000000002,74.969,0.14032,0.18298076576296005
3070,18.738,74.598,0.13614,0.16681085812071803
3071,18.738,74.898,0.15192,0.17855398234092032
3072,18.738,74.71600000000001,0.2148,0.1698513095648003
3073,18.738,74.594,0.12303,0.1667491560315779
3074,18.738,74.781,0.15454,0.17245647878975276
3075,18.739,73.472,0.042967,0.27102313695555014
3076,18.739,74.21600000000001,0.45611999999999997,0.17498405241505474
3077,18.741,73.811,0.1562,0.2161206837612409
3078,18.742,74.244,0.1493,0.17361564874522037
3079,18.744,74.797,0.1755,0.17330345775951958
3080,18.744,75.325,0.1044,0.20884721160990147
3081,18.745,74.27600000000001,0.16288,0.17219965054130068
3082,18.746,74.538,0.13358,0.16656936311856949
3083,18.746,74.858,0.030043,0.17638865271674672
3084,18.746,74.199,0.31577,0.17663036438138488
3085,18.746,74.711,0.10214,0.16990541129438283
3086,18.746,74.887,0.18336,0.17799219135680974
3087,18.747,74.361,0.16037,0.16897145947346945
3088,18.747,74.836,0.20956,0.17525375335252089
3089,18.748,74.829,0.20432,0.1749179864727782
3090,18.750999999999998,74.741,0.2105,0.17111861914959756
3091,18.750999999999998,74.832,0.030043,0.17512181830932225
3092,18.753,75.071,0.16539,0.1899395316149368
3093,18.753,76.569,0.16706,0.1633986710642887
3094,18.753,74.357,0.38594,0.16951193573775034
3095,18.753,74.06,0.07014400000000001,0.18829683098765645
3096,18.753,74.21600000000001,0.59648,0.17614938993297466
3097,18.753,74.432,0.66666,0.16764854394247605
3098,18.753,74.785,0.12044,0.1729603439837548
3099,18.754,74.53699999999999,0.14144,0.1669623508289851
3100,18.754,74.15100000000001,0.1988,0.18069305702572167
3101,18.754,74.236,0.19296,0.175038570744353
3102,18.754,74.342,0.1587,0.1700935922672647
3103,18.754,76.014,0.18377000000000002,0.22901112406569743
3104,18.756,74.204,0.43858,0.17716285489726621
3105,18.756,74.249,0.35086,0.17446905502582108
3106,18.756,74.426,0.43858,0.16794378118101425
3107,18.757,74.514,0.1231,0.16710489232791256
3108,18.757,74.742,0.18074,0.17132731862334702
3109,18.758,74.848,0.15716,0.17606084657553997
3110,18.759,74.58,0.1445,0.16749110305876855
3111,18.759,75.191,0.14617,0.1986313468977263
3112,18.761,74.78399999999999,0.1886,0.17311611192639073
3113,18.761,74.847,0.07014400000000001,0.17606717039317196
3114,18.761,74.241,0.19546,0.17533089020837508
3115,18.762,73.66199999999999,0.49121000000000004,0.24128536981301793
3116,18.762,74.292,0.11015,0.17275488055057495
3117,18.762,74.907,0.19212,0.1793360445673163
3118,18.762999999999998,74.259,0.21134,0.17449540287379703
3119,18.764,76.14699999999999,0.12445,0.22107913757730255
3120,18.764,74.155,0.29822,0.18130698581089164
3121,18.766,74.855,0.1587,0.17657503828759366
3122,18.766,74.715,0.19646,0.17067899634509506
3123,18.767,74.24600000000001,0.17875,0.1755457321672613
3124,18.767,73.969,0.49121000000000004,0.1991674958136532
3125,18.767,74.21,0.50876,0.1777291072280652
3126,18.768,74.771,0.49121000000000004,0.17277101707249418
3127,18.768,73.428,0.6842,0.28321427035856195
3128,18.768,73.65,0.1303,0.24403494904178233
3129,18.768,74.22399999999999,0.50876,0.17693392452091258
3130,18.768,74.395,0.61402,0.16943287339899113
3131,18.769000000000002,74.275,0.16539,0.17414470360783316
3132,18.77,74.632,0.09690399999999999,0.16873616502382902
3133,18.77,74.696,0.13358,0.17024446339919982
3134,18.77,74.87,0.044245,0.17743440107200179
3135,18.77,74.745,0.61402,0.17183911957094397
3136,18.773,74.368,0.1886,0.1705768281768749
3137,18.774,74.646,0.17026,0.1691811069945833
3138,18.774,74.105,0.19713,0.18631243312944665
3139,18.775,74.067,0.062625,0.18985206184346723
3140,18.777,75.77600000000001,0.091031,0.23037840255033923
3141,18.777,74.793,0.11262,0.1739428552748624
3142,18.78,74.743,0.12572,0.17210710140394234
3143,18.781,75.854,0.065967,0.2308766871019454
3144,18.781,74.78,0.12047999999999999,0.17352990074039418
3145,18.782,74.178,0.15703,0.18126710837641144
3146,18.782,74.71300000000001,0.16502,0.17120417311634703
3147,18.783,74.373,0.19212,0.1711462795680024
3148,18.783,73.475,0.12695,0.27663319505613093
3149,18.783,74.14399999999999,0.20047,0.183944686290873
3150,18.785,74.367,0.19379000000000002,0.1714929059247515
3151,18.785999999999998,74.669,0.14668,0.17020390419553508
3152,18.785999999999998,75.078,0.09019500000000001,0.19044783701683296
3153,18.785999999999998,74.711,0.1362,0.17130250410692646
3154,18.787,74.842,0.18544000000000002,0.17643292924577977
3155,18.787,74.307,0.15703,0.17404661893959314
3156,18.787,74.119,0.17540999999999998,0.1863895260038498
3157,18.788,74.816,0.08518200000000001,0.175266802190543
3158,18.79,74.40100000000001,0.12834,0.17082289145898719
3159,18.791,74.097,0.27951,0.1887107202468152
3160,18.791,74.626,0.2017,0.1696251171000672
3161,18.791,74.758,0.19646,0.17303535253387067
3162,18.792,73.775,0.43858,0.22754373168758976
3163,18.793,74.866,0.17374,0.1777665049558512
3164,18.794,74.196,0.15118,0.18109717270436762
3165,18.795,74.351,0.08641900000000001,0.17283113788218893
3166,18.795,74.482,0.15192,0.16958576616927343
3167,18.796,74.22800000000001,0.20382,0.17914766897764287
3168,18.798,74.683,0.07599299999999999,0.17107179232702382
3169,18.8,74.815,0.15454,0.17560589401673984
3170,18.801,74.721,0.20465,0.1722201361826374
3171,18.801,74.406,0.15425,0.17149040351635467
3172,18.801,74.40899999999999,0.11262,0.1714090886551348
3173,18.801,74.421,0.75438,0.1711018532652185
3174,18.802,74.734,0.16502,0.17265860011071907
3175,18.803,74.385,0.20694,0.17226257926412378
3176,18.803,74.39399999999999,0.16502,0.17198428944866592
3177,18.804000000000002,74.744,0.00029241,0.17306241287417198
3178,18.805,74.589,0.19646,0.16996108963046716
3179,18.805999999999997,74.204,0.15703,0.18165783120671516
3180,18.805999999999997,74.243,0.14140999999999998,0.17911305230091654
3181,18.805999999999997,74.369,0.12829000000000002,0.17303215362206
3182,18.805999999999997,74.13600000000001,0.22053000000000003,0.18684172210799974
3183,18.805999999999997,74.399,0.12047999999999999,0.17206250071532045
3184,18.805999999999997,74.426,0.09428099999999999,0.17134461546872667
3185,18.805999999999997,74.393,0.1624,0.17224189078536598
3186,18.807000000000002,74.704,0.13358,0.17201233248543565
3187,18.807000000000002,74.374,0.11259000000000001,0.17293590550198853
3188,18.807000000000002,74.835,0.17457999999999999,0.17671909539993233
3189,18.807000000000002,74.392,0.12572,0.1723487874784285
3190,18.807000000000002,74.403,0.15454,0.17202217223495705
3191,18.807000000000002,74.41,0.1624,0.1718269837323527
3192,18.808,74.834,0.15711,0.17670806174936446
3193,18.808,74.891,0.18074,0.17944816869387556
3194,18.808,74.586,0.11517999999999999,0.17011276167948394
3195,18.809,74.219,0.16121,0.18091940273027504
3196,18.81,74.367,0.13882,0.17341903535827205
3197,18.811,74.375,0.16238,0.1732150156356743
3198,18.811,74.741,0.14144,0.17326319434248047
3199,18.811,75.392,0.09855,0.21224099290033924
3200,18.811,74.76100000000001,0.15325,0.1739241855303781
3201,18.812,74.915,0.19212,0.18081959838399872
3202,18.813,74.819,0.18544000000000002,0.17623255824013404
3203,18.814,74.24600000000001,0.1624,0.17965371922074544
3204,18.816,74.789,0.11524000000000001,0.1751437451073545
3205,18.817,75.15100000000001,0.20465,0.1956895801774293
3206,18.817,74.133,0.19421,0.18819698156763473
3207,18.817,74.134,0.15035,0.18811238579499232
3208,18.817,74.135,0.19003,0.18802799211167373
3209,18.817999999999998,73.834,0.050094,0.2222495471175304
3210,18.817999999999998,74.135,0.20047,0.1881290078835199
3211,18.817999999999998,74.20100000000001,0.089777,0.18300291886917505
3212,18.817999999999998,74.134,0.050094,0.1882134838932644
3213,18.817999999999998,74.135,0.083512,0.1881290078835199
3214,18.817999999999998,74.464,0.1231,0.17142494811239137
3215,18.817999999999998,75.13,0.21216999999999997,0.19426420094171612
3216,18.819000000000003,74.39399999999999,0.18074,0.1732150702734606
3217,18.819000000000003,73.835,0.14826,0.2222319687468801
3218,18.819000000000003,74.24,0.15716,0.18048504628967563
3219,18.826,74.671,0.19646,0.17220947247295978
3220,18.827,74.40899999999999,0.15192,0.17338644069159334
3221,18.827,74.812,0.14406,0.17648738207153444
3222,18.828,74.389,0.1624,0.17409199181324306
3223,18.828,74.392,0.19646,0.17399281917368634
3224,18.829,74.581,0.12047999999999999,0.17135545794413617
3225,18.831,74.54899999999999,0.12027,0.1714709826085404
3226,18.831,74.404,0.1231,0.17385222225633376
3227,18.831,74.605,0.15454,0.1716106995228098
3228,18.832,74.403,0.095041,0.17396272901422202
3229,18.832,74.618,0.1755,0.171783045480956
3230,18.832,74.388,0.18336,0.17444896247078664
3231,18.834,74.152,0.21718,0.18833457137091433
3232,18.834,73.851,0.29822,0.2218411762895752
3233,18.834,74.608,0.10557000000000001,0.1718172944982874
3234,18.834,73.819,0.093955,0.22635856282026542
3235,18.834,73.851,0.10022,0.2218411762895752
3236,18.835,73.835,0.10858,0.22420260519590926
3237,18.835,74.203,0.10022,0.18450224678503588
3238,18.835,73.835,0.089777,0.22420260519590926
3239,18.835,74.727,0.10189,0.17398211445445785
3240,18.835,75.13600000000001,0.050094,0.19489969764557333
3241,18.835,74.404,0.10313,0.17417206723679554
3242,18.835,74.565,0.08641900000000001,0.1717137258453094
3243,18.836,73.834,0.089777,0.2244675492630138
3244,18.837,74.85600000000001,0.45611999999999997,0.17875615306736312
3245,18.837,75.07600000000001,0.12779000000000001,0.19099957404349185
3246,18.839000000000002,74.889,0.20432,0.18036952915920654
3247,18.84,74.83800000000001,0.19212,0.17809573361284523
3248,18.840999999999998,74.883,0.13882,0.1801572966671103
3249,18.842,74.689,0.050094,0.1734442644228464
3250,18.842,74.357,0.66666,0.17644584761045654
3251,18.842,75.794,0.07014400000000001,0.22903281338767398
3252,18.844,74.65899999999999,0.12829000000000002,0.1730154939350612
3253,18.844,74.67699999999999,0.20215,0.17332233928809979
3254,18.846,74.535,0.099469,0.1725618092653116
3255,18.848,75.686,0.35086,0.22665323550869929
3256,18.848,74.431,0.16519,0.17443597763215532
3257,18.851,73.834,0.12528,0.22632736173287357
3258,18.851,73.818,0.014587000000000001,0.2286241035580164
3259,18.851,73.834,0.15035,0.22632736173287357
3260,18.852,73.834,0.07098,0.22645169369057647
3261,18.852,73.851,0.07724600000000001,0.2240556167450267
3262,18.854,74.396,0.71929,0.17599709621395784
3263,18.855,74.571,0.10737999999999999,0.17305959036310956
3264,18.855,74.752,0.1303,0.17572580193691886
3265,18.855999999999998,74.583,0.12834,0.17313183522015071
3266,18.855999999999998,74.604,0.12579,0.17319901400924517
3267,18.858,75.19800000000001,0.14365999999999998,0.19944022140520187
3268,18.861,74.502,0.10737999999999999,0.17400569578250233
3269,18.862000000000002,74.592,0.09428099999999999,0.17355998958968774
3270,18.862000000000002,74.842,0.16238,0.1792416788133678
3271,18.864,75.921,0.14144,0.22860281949464675
3272,18.865,74.354,0.18336,0.1785886432511443
3273,18.865,74.711,0.15185,0.1752351221841961
3274,18.867,74.82,0.20799,0.17862212680828668
3275,18.867,74.759,0.11259000000000001,0.17658153532357865
3276,18.867,74.743,0.12572,0.17613377466859012
3277,18.869,74.67699999999999,0.07014400000000001,0.1748255052976295
3278,18.871,74.782,0.091031,0.17750587171667762
3279,18.872,74.54899999999999,0.11325,0.17435806235359372
3280,18.873,74.771,0.11262,0.17727233436369846
3281,18.874000000000002,74.64699999999999,0.15716,0.1747402066830148
3282,18.875,74.744,0.1362,0.17662147622655064
3283,18.877,74.863,0.11692999999999999,0.18083486323444972
3284,18.877,74.491,0.09428099999999999,0.17543367668642115
3285,18.878,74.85300000000001,0.16789,0.18046936761648766
3286,18.878,74.485,0.09951900000000001,0.17562339105842603
3287,18.88,74.715,0.11192,0.17623082610309912
3288,18.881,74.048,0.6842,0.2032206504930084
3289,18.881,74.877,0.20465,0.1816304983120309
3290,18.881,74.337,0.19384,0.1808340920854535
3291,18.882,74.916,0.20465,0.18345800595066905
3292,18.883,74.42699999999999,0.15454,0.17747042510255315
3293,18.883,75.259,0.11442000000000001,0.20397195894904827
3294,18.884,74.907,0.17792,0.1831268532243315
3295,18.885,74.869,0.20799,0.1814866974392104
3296,18.885,74.92399999999999,0.35086,0.18398064209557993
3297,18.886,74.53399999999999,0.15711,0.17555142433410295
3298,18.886,74.69800000000001,0.17457999999999999,0.1762739686857284
3299,18.887,74.714,0.15192,0.17664995965212912
3300,18.89,74.899,0.17708,0.18304951543549472
3301,18.892,74.747,0.081841,0.17772407954085132
3302,18.892,74.848,0.1886,0.18099824550057084
3303,18.893,74.58,0.13358,0.1758039807683804
3304,18.893,74.87899999999999,0.18544000000000002,0.18232082833362537
3305,18.894000000000002,74.786,0.18878,0.17894015100644164
3306,18.895,74.91199999999999,0.42103,0.18389222378807688
3307,18.896,74.891,0.14032,0.1829956751732412
3308,18.896,73.414,0.20631999999999998,0.3036166278646599
3309,18.896,73.92,0.15285,0.22014082391399045
3310,18.896,74.70100000000001,0.08377899999999999,0.17698570531652588
3311,18.897000000000002,74.601,0.13358,0.17609240495766973
3312,18.897000000000002,74.719,0.15454,0.177399048247272
3313,18.898,74.516,0.15192,0.1767362266949146
3314,18.899,74.632,0.13358,0.17635469594560535
3315,18.899,74.633,0.09951900000000001,0.17636107339651527
3316,18.9,73.762,0.13698,0.243265194346007
3317,18.9,74.51100000000001,0.16764,0.17697636071678188
3318,18.902,74.796,0.15703,0.17973064235316147
3319,18.902,74.857,0.17374,0.18189944776725694
3320,18.905,74.582,0.15454,0.17672246400133182
3321,18.905,74.827,0.030193,0.18094732338168115
3322,18.906,76.5,0.2506,0.17612724733136328
3323,18.906,73.94,0.05427100000000001,0.21878320571149665
3324,18.907,74.327,0.15186,0.1838227868273928
3325,18.908,74.623,0.21735,0.17697544391734596
3326,18.909000000000002,74.918,0.14144,0.18488433490169295
3327,18.91,73.612,0.65262,0.26935213749867915
3328,18.91,74.391,0.35086,0.181167001722618
3329,18.91,74.775,0.2148,0.1796029956353836
3330,18.91,74.734,0.20465,0.1785794649990212
3331,18.910999999999998,74.72800000000001,0.1624,0.1785183001921715
3332,18.912,74.752,0.17792,0.1791300022340286
3333,18.912,74.531,0.1886,0.17768798968863295
3334,18.913,74.627,0.13097,0.17737060811612657
3335,18.913,74.76,0.14144,0.1793958832032064
3336,18.914,73.97,0.23556,0.21600695282343826
3337,18.914,74.98100000000001,0.14668,0.18821340825871644
3338,18.914,74.657,0.18074,0.17765075561315377
3339,18.915,74.814,0.17792,0.18110574289805423
3340,18.916,74.83,0.16789,0.1817104576549373
3341,18.918,75.087,0.16789,0.1942787674414805
3342,18.919,74.604,0.14406,0.17778722502057095
3343,18.922,74.535,0.17282,0.17847663949274048
3344,18.924,74.726,0.099469,0.1793767088295429
3345,18.924,74.572,0.081841,0.17829163749280227
3346,18.925,74.911,0.15454,0.18544660792078724
3347,18.925,76.09899999999999,0.09019500000000001,0.22232031863608678
3348,18.926,76.03,0.11692999999999999,0.22576745003458573
3349,18.926,74.718,0.12047999999999999,0.17936748130743993
3350,18.927,74.653,0.088524,0.17859568455213756
3351,18.927,75.03699999999999,0.10525999999999999,0.19183829717430864
3352,18.928,74.717,0.15703,0.17949307040577808
3353,18.929000000000002,74.79899999999999,0.19384,0.18153117557637719
3354,18.929000000000002,74.913,0.63157,0.18576368627852766
3355,18.930999999999997,74.648,0.1362,0.17886934829697929
3356,18.932000000000002,74.564,0.20432,0.17901582009981507
3357,18.932000000000002,74.60600000000001,0.12047999999999999,0.17882702611644505
3358,18.932000000000002,74.219,0.31577,0.19331199167920107
3359,18.932000000000002,74.861,0.16764,0.18382137455554257
3360,18.933,74.88600000000001,0.08518200000000001,0.18486066599749404
3361,18.935,73.704,0.71929,0.25707262239462847
3362,18.935,75.082,0.086018,0.1947554755448879
3363,18.936,74.589,0.1755,0.17919671554515013
3364,18.936,75.02199999999999,0.19889,0.19147583744157878
3365,18.937,76.031,0.06179,0.22590170311105792
3366,18.938,74.76100000000001,0.08380399999999999,0.18112705704004736
3367,18.939,74.694,0.10214,0.1799461281702137
3368,18.939,74.813,0.19212,0.18262406620516689
3369,18.94,74.873,0.16789,0.18477974737739075
3370,18.941,74.457,0.14365999999999998,0.18179831219055284
3371,18.941,74.806,0.1755,0.18254621016773606
3372,18.942,74.625,0.16764,0.17965059296024563
3373,18.942,74.73,0.1886,0.18075433546751848
3374,18.942999999999998,74.648,0.031831,0.17981709248075192
3375,18.944000000000003,74.44800000000001,0.09951900000000001,0.18234985200562567
3376,18.945,74.90899999999999,0.17374,0.18654694657607426
3377,18.945999999999998,74.553,0.10214,0.1803256207213658
3378,18.947,74.868,0.1624,0.18503840476275665
3379,18.947,75.0,0.066903,0.19092084773077564
3380,18.949,74.602,0.1186,0.18024225193369922
3381,18.949,74.655,0.13358,0.18034153672835082
3382,18.95,74.623,0.1445,0.18030695290739115
3383,18.951,74.47800000000001,0.1755,0.18215906046530858
3384,18.951,74.863,0.20465,0.1851160470974745
3385,18.953,75.075,0.06689400000000001,0.19525848349488936
3386,18.955,74.747,0.18594000000000002,0.18205909102013804
3387,18.956,74.798,0.17792,0.18336607941315294
3388,18.958,74.729,0.20697,0.181944716516063
3389,18.958,76.283,0.074322,0.20780451817307585
3390,18.958,73.577,0.77894,0.28186225394745223
3391,18.958,73.579,0.55788,0.2815063423693468
3392,18.96,73.592,0.55788,0.27946440435010866
3393,18.961,73.596,0.65262,0.27888964328207866
3394,18.961,73.593,0.77894,0.279418982286895
3395,18.961,73.59899999999999,0.51577,0.2783611587818111
3396,18.962,74.737,0.20465,0.18239811696825245
3397,18.962,74.705,0.15703,0.18188394916297643
3398,18.963,74.743,0.19212,0.18258898577197222
3399,18.964000000000002,73.59899999999999,0.6210399999999999,0.2787544206072996
3400,18.964000000000002,74.714,0.17792,0.18217080263261629
3401,18.965999999999998,74.706,0.15703,0.18221713632744005
3402,18.968,74.704,0.17792,0.1823516905440191
3403,18.969,74.699,0.16789,0.18236983408888272
3404,18.97,74.67399999999999,0.13614,0.18219938017573542
3405,18.97,74.89699999999999,0.22804000000000002,0.18768013805241232
3406,18.97,74.702,0.1988,0.18248816542381072
3407,18.972,74.61,0.17708,0.18220199239504173
3408,18.973,74.679,0.12572,0.1824909961221963
3409,18.974,74.829,0.17792,0.18557979508176478
3410,18.975,74.61,0.17288,0.18246632253684478
3411,18.977,75.845,0.12278,0.23051142108259434
3412,18.977999999999998,74.903,0.079334,0.18846533399660656
3413,18.982,76.164,0.11777,0.21937360015462234
3414,18.982,74.64699999999999,0.16472,0.18307489089594595
3415,18.983,74.788,0.1988,0.18512805167962773
3416,18.984,74.8,0.16502999999999998,0.18550962489336895
3417,18.984,75.238,0.42103,0.2063634179335054
3418,18.984,74.782,0.20799,0.18506185151780905
3419,18.985,74.707,0.15711,0.18378740092805532
3420,18.986,74.219,0.033385000000000005,0.1992854982888674
3421,18.986,74.286,0.12278,0.1944573768488372
3422,18.987000000000002,74.89699999999999,0.26313000000000003,0.18886719636745283
3423,18.987000000000002,74.56,0.1362,0.18395320465846407
3424,18.988,74.032,0.54384,0.21761279511142204
3425,18.989,75.067,0.14533,0.1968745923934256
3426,18.99,75.654,0.09604299999999999,0.2277000268893383
3427,18.991,74.454,0.15503,0.18674655583821262
3428,18.991,74.859,0.17792,0.18780111660519336
3429,18.992,74.877,0.1988,0.18849509137795548
3430,18.992,74.87,0.1988,0.18824972286059757
3431,18.993,74.873,0.1988,0.18842844136395906
3432,18.993,74.863,0.20965999999999999,0.18808516779002146
3433,18.994,73.916,0.066803,0.23281505605657257
3434,18.994,74.65,0.035356,0.1841387568473015
3435,18.994,74.881,0.21969,0.18878565106053277
3436,18.994,74.889,0.24140999999999999,0.18907590259709214
3437,18.994,74.558,0.11259000000000001,0.18463835863713837
3438,18.995,74.696,0.14144,0.18451384386669042
3439,18.995,74.876,0.1988,0.1886825442797971
3440,18.996,74.491,0.1362,0.18615714402156677
3441,18.997,74.443,0.1362,0.1877290681821435
3442,18.998,74.929,0.19212,0.19092105772449017
3443,18.999000000000002,73.62100000000001,0.056359000000000006,0.2794611019457063
3444,19.000999999999998,74.638,0.1362,0.18475260593453743
3445,19.002,74.207,0.5263,0.2020732423353437
3446,19.003,74.878,0.20965999999999999,0.18935522569291693
3447,19.004,73.883,0.13530999999999999,0.2386086724299886
3448,19.004,74.686,0.14701,0.185210218562725
3449,19.006,74.242,0.49121000000000004,0.199784555616332
3450,19.006,74.842,0.17792,0.18841358287162088
3451,19.006,74.933,0.18544000000000002,0.19166509140486562
3452,19.008,74.859,0.1988,0.18910260062389758
3453,19.008,74.867,0.23055,0.18936481775898759
3454,19.009,74.878,0.21969,0.18981516261113893
3455,19.009,74.888,0.1988,0.1901662662784601
3456,19.009,75.03,0.13355999999999998,0.19627336483558075
3457,19.009,74.874,0.1988,0.18967802439438206
3458,19.009,74.877,0.20965999999999999,0.1897806996797091
3459,19.009,74.883,0.17792,0.18998924946732074
3460,19.011,74.708,0.23055,0.1860325483539019
3461,19.011,75.80199999999999,0.17708,0.23150840008635595
3462,19.012,74.887,0.20965999999999999,0.19036159694234575
3463,19.012999999999998,75.333,0.044245,0.21343394371403387
3464,19.015,74.554,0.10477,0.186720374642334
3465,19.015,74.70100000000001,0.19379000000000002,0.1863160570775982
3466,19.017,74.26899999999999,0.15787,0.19906942048993245
3467,19.017,75.416,0.17708,0.21826621643350871
3468,19.017,74.118,0.11275,0.21190795156289274
3469,19.018,74.608,0.06930900000000001,0.18642619481362607
3470,19.019000000000002,75.642,0.077663,0.22847619753409018
3471,19.02,74.857,0.18544000000000002,0.18999223229017556
3472,19.021,75.446,0.17540999999999998,0.22005513729323686
3473,19.021,74.88600000000001,0.20965999999999999,0.19103024305899072
3474,19.023,73.947,0.11902,0.23234099293030894
3475,19.024,74.875,0.18878,0.19089535701431912
3476,19.024,74.751,0.11517999999999999,0.18776668161046337
3477,19.025,74.876,0.17792,0.1910090287114022
3478,19.025,74.862,0.20965999999999999,0.19055435338602675
3479,19.026,74.708,0.17792,0.18737304962666143
3480,19.026,74.74,0.12047999999999999,0.18777007480245264
3481,19.027,74.582,0.13832,0.1875220810006882
3482,19.027,74.242,0.087689,0.20218982011072237
3483,19.029,76.142,0.10106,0.22280487962159676
3484,19.03,74.767,0.10355999999999999,0.18857491145555447
3485,19.031,74.709,0.15711,0.18783781894164128
3486,19.032,75.706,0.081005,0.2308730850809114
3487,19.032,74.421,0.18336,0.19224097336973542
3488,19.032,74.668,0.5263,0.18766362822297353
3489,19.033,74.684,0.50876,0.18782823370355703
3490,19.033,74.134,0.13364,0.2122524700691096
3491,19.034000000000002,74.321,0.78947,0.19757549446567343
3492,19.034000000000002,74.654,0.12829000000000002,0.18782509357329666
3493,19.035,73.935,0.046751999999999995,0.23542120697160315
3494,19.035999999999998,75.714,0.10607,0.2312432588388392
3495,19.035999999999998,74.575,0.22804000000000002,0.1884969606383776
3496,19.039,76.203,0.081841,0.21867374405407222
3497,19.042,73.437,0.34668000000000004,0.3182711858087933
3498,19.043,74.539,0.20164,0.18979527092653456
3499,19.043,74.649,0.50876,0.1886870521009024
3500,19.044,74.17699999999999,0.8421,0.2095599539477386
3501,19.044,74.34100000000001,0.85964,0.1975157335896914
3502,19.051,74.682,0.10273,0.18952034330405518
3503,19.052,74.117,0.11275,0.21622891792446505
3504,19.052,74.688,0.58127,0.18964523066891356
3505,19.055,74.47800000000001,0.12047999999999999,0.1926249490808508
3506,19.055,74.361,0.1624,0.1976374992129449
3507,19.055,74.395,0.1755,0.195910327242777
3508,19.055999999999997,75.086,0.10022,0.2024366007734195
3509,19.057000000000002,74.529,0.16764,0.19145858654094414
3510,19.059,74.87899999999999,0.18878,0.19394555012912304
3511,19.059,74.648,0.1362,0.1902530450807792
3512,19.065,76.406,0.35086,0.19768473832062336
3513,19.066,74.627,0.14617,0.19102811980874343
3514,19.066,74.17,0.78947,0.21282765697260972
3515,19.067999999999998,74.671,0.42103,0.19114490701839335
3516,19.069000000000003,73.86,0.11524000000000001,0.25011103007352
3517,19.069000000000003,74.57600000000001,0.31577,0.19184543598476375
3518,19.07,73.85600000000001,0.11524000000000001,0.25081709992929146
3519,19.07,74.578,0.38594,0.191920689340603
3520,19.072,73.855,0.12577,0.2512152643627845
3521,19.072,73.86399999999999,0.1362,0.24991297090703676
3522,19.074,73.861,0.1362,0.25059850064149947
3523,19.074,74.66199999999999,0.17792,0.19173579055200293
3524,19.075,75.798,0.0057312,0.23453611801170202
3525,19.076,73.86,0.14668,0.25099576874860685
3526,19.077,75.288,0.15035,0.214854154683446
3527,19.077,73.877,0.1362,0.2486843431285812
3528,19.077,74.193,0.8245600000000001,0.21209729151962528
3529,19.077,74.641,0.49121000000000004,0.19207885153338608
3530,19.077,75.661,0.17540999999999998,0.2320423414261011
3531,19.078,76.218,0.081974,0.21954945937012157
3532,19.078,73.855,0.12577,0.25197352794715033
3533,19.078,74.579,0.19296,0.1927421764432354
3534,19.079,74.579,0.26313000000000003,0.19284717959066142
3535,19.08,73.857,0.11524000000000001,0.25193563627266347
3536,19.08,73.86399999999999,0.14668,0.25092347813228866
3537,19.08,73.877,0.10477,0.24906294896910927
3538,19.081,73.84899999999999,0.11524000000000001,0.2532274370284482
3539,19.082,73.861,0.15716,0.25160887039613933
3540,19.083,73.861,0.14668,0.2517350884222951
3541,19.084,74.023,0.66666,0.23049466701843932
3542,19.084,73.866,0.11524000000000001,0.25114043546497467
3543,19.085,74.87100000000001,0.11025,0.1960128378078547
3544,19.086,73.855,0.11524000000000001,0.2529835196979717
3545,19.086,74.73100000000001,0.10022,0.19328304686134576
3546,19.086,75.194,0.35086,0.2103644609638656
3547,19.087,73.854,0.12577,0.25325517257118735
3548,19.087,73.855,0.10477,0.2531096800765489
3549,19.088,73.888,0.15716,0.24851690053947037
3550,19.088,74.618,0.29822,0.19334886794246217
3551,19.089000000000002,73.852,0.12577,0.2537988632305075
3552,19.089000000000002,73.859,0.1362,0.25278140006886896
3553,19.09,73.862,0.11509000000000001,0.2524736051177241
3554,19.09,74.404,0.6491100000000001,0.19942059571153434
3555,19.09,73.859,0.1362,0.25290748921179973
3556,19.092,74.789,0.18878,0.1947004225086398
3557,19.093,73.858,0.1362,0.25343055681733717
3558,19.093,74.672,0.17792,0.19366418508087543
3559,19.093,73.854,0.12577,0.254011704071865
3560,19.094,73.862,0.11524000000000001,0.2529777296462107
3561,19.094,74.947,0.15202000000000002,0.1993732180833063
3562,19.095,73.865,0.1362,0.2526711074615011
3563,19.095,73.872,0.1362,0.2516668303787536
3564,19.095,73.855,0.12572,0.25411819909901745
3565,19.096,75.58800000000001,0.066803,0.23076575031624477
3566,19.096,73.855,0.11524000000000001,0.2542441644232146
3567,19.097,74.51100000000001,0.11787,0.19621101166393315
3568,19.098,73.854,0.11524000000000001,0.25464153305875836
3569,19.098,73.854,0.1362,0.25464153305875836
3570,19.101,74.637,0.63157,0.1945796744932927
3571,19.102999999999998,74.699,0.17792,0.19475662981616523
3572,19.102999999999998,74.134,0.42103,0.22076146289634754
3573,19.104,74.37,0.78947,0.2027584258831516
3574,19.104,74.672,0.17792,0.19479819049768518
3575,19.105999999999998,76.28399999999999,0.13865,0.21509435283208264
3576,19.108,74.63600000000001,0.47367,0.1953237953411555
3577,19.109,74.211,0.14032,0.2144152642697463
3578,19.11,74.751,0.54384,0.19589932895318293
3579,19.11,74.832,0.29822,0.19734031078931588
3580,19.111,74.634,0.56139,0.19565473731433067
3581,19.111,74.756,0.12278,0.1960621571136076
3582,19.111,74.40899999999999,0.065967,0.20159248849532016
3583,19.112000000000002,75.502,0.19296,0.2282743118894662
3584,19.112000000000002,73.86,0.10477,0.2555309866976998
3585,19.113,74.956,0.12528,0.20142710327556987
3586,19.115,74.152,0.78947,0.22048134998485844
3587,19.117,73.734,0.079334,0.2754583069234384
3588,19.117,75.801,0.047587,0.23711409337747733
3589,19.118,74.702,0.15703,0.196319377513793
3590,19.12,74.671,0.17792,0.19647559075291118
3591,19.12,74.892,0.12278,0.19991433419490975
3592,19.12,74.275,0.1755,0.21069621943385716
3593,19.122,74.672,0.17792,0.19668667184337194
3594,19.122,75.337,0.11025,0.22081253394837427
3595,19.122,75.30199999999999,0.15787,0.218955281025449
3596,19.123,74.68,0.42103,0.19679184937579605
3597,19.124000000000002,75.36399999999999,0.067321,0.22238180166482255
3598,19.125,74.715,0.42103,0.19711604338077035
3599,19.129,74.70100000000001,0.14701,0.1974694889736591
3600,19.129,74.67,0.14701,0.1974340263424181
3601,19.13,74.673,0.17792,0.19753760632166537
3602,19.131,74.607,0.31577,0.19806467290872884
3603,19.131,74.711,0.10607,0.1977238426760309
3604,19.132,73.699,0.34417,0.2830160461846306
3605,19.132,74.783,0.18878,0.19857998463738
3606,19.133,74.71300000000001,0.16789,0.19794520373851107
3607,19.133,73.714,0.34417,0.2806805670346574
3608,19.133,73.953,0.31737,0.24535205903142263
3609,19.134,73.835,0.064714,0.261945596544752
3610,19.134,73.818,0.064714,0.26448283738845857
3611,19.134,73.835,0.089777,0.261945596544752
3612,19.134,74.135,0.20047,0.2244846201351783
3613,19.135,73.851,0.050094,0.25971857177074076
3614,19.135,74.851,0.07098,0.2002576226399234
3615,19.135,75.372,0.16764,0.2236496235660834
3616,19.135,74.859,0.18878,0.2004583046484489
3617,19.136,73.818,0.11484000000000001,0.2647319071166463
3618,19.136,73.835,0.093955,0.26219498682332787
3619,19.136,75.167,0.11025,0.21301188327190476
3620,19.137,75.11399999999999,0.1587,0.21046502434051637
3621,19.137,73.941,0.21156999999999998,0.24743122921141344
3622,19.137,73.941,0.29091999999999996,0.24743122921141344
3623,19.137,73.941,0.63477,0.24743122921141344
3624,19.137999999999998,74.734,0.23055,0.198614967528128
3625,19.137999999999998,74.13,0.63157,0.2254789805895608
3626,19.139,76.03,0.29822,0.23520230466960532
3627,19.141,74.72399999999999,0.17792,0.19885748988637783
3628,19.142,74.558,0.15716,0.20008986903814605
3629,19.142,76.067,0.12445,0.23381843837034563
3630,19.145,74.443,0.14901,0.20402967992379703
3631,19.146,74.65899999999999,0.19122,0.1993004267693612
3632,19.147000000000002,75.679,0.10607,0.23715616622864075
3633,19.148,74.194,0.29822,0.22066015506771194
3634,19.149,74.428,0.14376,0.20514856700440506
3635,19.149,76.218,0.093537,0.22440358713041383
3636,19.154,74.914,0.17792,0.20391630729294172
3637,19.155,74.71600000000001,0.084347,0.2003106010790919
3638,19.155,74.72,0.17207,0.20033122502859588
3639,19.156,74.891,0.24559,0.20343024081828662
3640,19.158,75.20100000000001,0.40349,0.21667249658041263
3641,19.159000000000002,75.65,0.081841,0.23726292061370655
3642,19.162,74.67699999999999,0.13614,0.20100920820735743
3643,19.163,74.774,0.0033919,0.20169324057403556
3644,19.167,75.128,0.22804000000000002,0.21386811644775292
3645,19.167,74.685,0.021605000000000003,0.20155346575668073
3646,19.167,74.781,0.21969,0.20221502120054433
3647,19.167,74.786,0.0041438000000000004,0.2022864407886353
3648,19.168,74.307,0.15787,0.21424868861916554
3649,19.168,75.03,0.31577,0.2095519057980336
3650,19.168,73.888,0.3166,0.2585289101357521
3651,19.168,74.675,0.16789,0.20167670260197965
3652,19.168,74.794,0.049091,0.2025143937455078
3653,19.168,75.99600000000001,0.11025,0.2385267478260403
3654,19.169,75.191,0.35086,0.2171551432015498
3655,19.169,75.447,0.3684,0.2300950666363963
3656,19.169,74.759,0.0062325,0.202158545836264
3657,19.169,73.875,0.37006999999999995,0.2604888806646205
3658,19.169,73.874,0.21159,0.26063110961175306
3659,19.17,73.57300000000001,0.43858,0.30901353698287004
3660,19.17,73.876,0.13197,0.26047060715278547
3661,19.17,74.777,0.0034755000000000003,0.20248206760213325
3662,19.17,74.782,0.0054806,0.20255009975414548
3663,19.171,74.759,0.049175,0.20237470779110087
3664,19.171,73.71300000000001,0.18544000000000002,0.2854765547779482
3665,19.171,73.788,0.1851,0.2736168038307373
3666,19.171,73.796,0.34381999999999996,0.2723911521916056
3667,19.171,73.875,0.10572999999999999,0.26073644489534276
3668,19.171,74.72,0.17123,0.2020717145421049
3669,19.171,73.719,0.31744,0.28450444922183293
3670,19.171,73.796,0.58186,0.2723911521916056
3671,19.171,73.882,0.50207,0.25974499434673026
3672,19.171,74.152,0.6491100000000001,0.22740141897835495
3673,19.172,73.882,0.37006999999999995,0.2598688027052326
3674,19.172,73.92699999999999,0.1587,0.2536659368106864
3675,19.172,74.767,0.010911,0.2025724023921008
3676,19.172,76.012,0.16706,0.23830879481846565
3677,19.173,73.92699999999999,0.47608999999999996,0.25379016345179806
3678,19.173,75.035,0.13364,0.21024730071309103
3679,19.174,74.307,0.7017399999999999,0.21497983466356738
3680,19.175,74.765,0.078081,0.20287392731723705
3681,19.176,74.668,0.088524,0.2025882790925929
3682,19.176,75.214,0.42103,0.2189560836786046
3683,19.176,73.707,0.079334,0.28705409421811323
3684,19.176,74.709,0.10577,0.20257925331448487
3685,19.176,75.821,0.18074,0.2414569223197953
3686,19.176,74.50399999999999,0.16764,0.20542050110531893
3687,19.176,74.55199999999999,0.42321000000000003,0.20410950550483717
3688,19.176,73.562,0.39764,0.3116334717587106
3689,19.177,74.699,0.16789,0.20266814917376305
3690,19.177,74.797,0.0096578,0.2035243618652158
3691,19.177,73.922,0.39671999999999996,0.254960919702798
3692,19.177,74.56,0.052867,0.20404638769984115
3693,19.178,74.908,0.006650199999999999,0.20617206245769845
3694,19.179000000000002,73.748,0.026701,0.28083158516832907
3695,19.179000000000002,75.259,0.14667,0.22152530156933933
3696,19.179000000000002,74.554,0.26447,0.20441159489997582
3697,19.179000000000002,73.837,0.13222,0.2672223713840167
3698,19.18,73.798,0.21159,0.27318675542658977
3699,19.18,74.756,0.0028906999999999995,0.20332272224108502
3700,19.18,73.842,0.18512,0.26661068905510843
3701,19.18,74.57300000000001,0.42321000000000003,0.2041256131929959
3702,19.18,74.768,0.0048122,0.203451570289039
3703,19.180999999999997,73.79899999999999,0.13222,0.2731565911895719
3704,19.180999999999997,73.84,0.21156999999999998,0.26702690450789845
3705,19.180999999999997,73.892,0.2648,0.25957839164188723
3706,19.180999999999997,74.27,0.5789300000000001,0.21848761690284899
3707,19.180999999999997,74.577,0.14868,0.20416444495794425
3708,19.180999999999997,73.79899999999999,0.1587,0.2731565911895719
3709,19.182000000000002,74.719,0.081841,0.20327999802916827
3710,19.182000000000002,74.778,0.0032248000000000003,0.20379188665880862
3711,19.183,73.90100000000001,0.5555399999999999,0.25857535398242026
3712,19.183,73.938,0.34384000000000003,0.2535615465099189
3713,19.183,73.941,0.13222,0.2531640441591594
3714,19.183,74.75399999999999,0.0076527,0.20363189561342318
3715,19.183,74.189,0.6491100000000001,0.22543158335690214
3716,19.183,74.738,0.018848,0.20349912086575003
3717,19.184,73.899,0.39681,0.2589757010659849
3718,19.184,74.426,0.11692999999999999,0.20939802723674414
3719,19.184,74.711,0.21156999999999998,0.2034729695928584
3720,19.185,74.543,0.50249,0.2053727608269453
3721,19.185,74.738,0.018681,0.20371988956872852
3722,19.185,73.86399999999999,0.44943999999999995,0.264034758874262
3723,19.186,73.74,0.6349100000000001,0.2829454511713472
3724,19.186,74.763,0.18512,0.20405162221969472
3725,19.186,76.233,0.15035,0.22607302231186485
3726,19.187,74.003,0.13782,0.24576117697174857
3727,19.187,73.91199999999999,0.29095,0.25755817094482025
3728,19.187,73.737,0.6349100000000001,0.283543189654758
3729,19.187,73.91199999999999,0.68771,0.25755817094482025
3730,19.187,73.953,0.42317,0.25208417870199984
3731,19.187,74.559,0.10572999999999999,0.20522966853898725
3732,19.188,73.925,0.079318,0.2559188294303708
3733,19.188,73.843,0.89891,0.2674457982423637
3734,19.188,74.7,0.29091999999999996,0.20389690764375287
3735,19.188,74.67,0.17792,0.20393236891504338
3736,19.189,73.85300000000001,0.079334,0.2661122879134047
3737,19.189,74.482,0.23723000000000002,0.2076988027700528
3738,19.189,74.567,0.052867,0.2052907559630127
3739,19.189,74.845,0.14701,0.20571125128095588
3740,19.189,73.961,0.23800000000000002,0.25129415029971414
3741,19.19,73.955,0.76703,0.25219571613621405
3742,19.19,73.962,0.34381999999999996,0.2512891330220778
3743,19.19,73.962,0.31737,0.2512891330220778
3744,19.19,73.89699999999999,0.23806999999999998,0.2599934538418507
3745,19.19,73.958,0.21156999999999998,0.25180624933868834
3746,19.19,73.962,0.31737,0.2512891330220778
3747,19.19,73.962,0.6876800000000001,0.2512891330220778
3748,19.191,73.925,0.052867,0.2562898148884315
3749,19.191,74.009,0.12695,0.24552678190930396
3750,19.191,73.89699999999999,0.37006999999999995,0.2601167180920051
3751,19.191,74.726,0.21156999999999998,0.20431339646953736
3752,19.191,74.67,0.16789,0.20427217977057552
3753,19.191,73.941,0.68771,0.2541553645789082
3754,19.192,74.676,0.1988,0.2043663631966197
3755,19.192999999999998,73.874,0.079318,0.26359079278006114
3756,19.192999999999998,73.884,0.1587,0.2621782332947974
3757,19.192999999999998,73.962,0.63477,0.2516610768640706
3758,19.192999999999998,73.874,0.23723000000000002,0.26359079278006114
3759,19.192999999999998,74.669,0.18878,0.20450298707876377
3760,19.192999999999998,74.578,0.026417000000000003,0.20553736394517982
3761,19.194000000000003,74.392,0.58186,0.21228175594258245
3762,19.194000000000003,73.964,0.66123,0.25152744955509077
3763,19.194000000000003,74.678,0.17792,0.20458787695081113
3764,19.195,73.807,0.34417,0.2736487255536352
3765,19.195,73.61399999999999,0.088942,0.3048267768664984
3766,19.195999999999998,74.672,0.17792,0.20483305429158957
3767,19.195999999999998,74.779,0.1044,0.20533717519253034
3768,19.197,73.77600000000001,0.21134,0.27862502366000674
3769,19.197,73.88,0.44961999999999996,0.2632328302230639
3770,19.197,73.796,0.079334,0.27555759213105213
3771,19.197,73.893,0.34417,0.2614111291965182
3772,19.197,74.779,0.16789,0.20544742952298053
3773,19.198,73.765,0.1587,0.2804527127849661
3774,19.198,73.875,0.1587,0.2640624565725429
3775,19.198,73.876,0.026417000000000003,0.26392079223168763
3776,19.198,73.92699999999999,0.5554600000000001,0.2568854753919131
3777,19.198,74.68,0.16789,0.20503740581172167
3778,19.199,74.645,0.07014400000000001,0.2053306032936638
3779,19.199,73.92699999999999,0.10572999999999999,0.2570088425239835
3780,19.199,74.667,0.1988,0.20519485286324343
3781,19.199,74.67,0.18878,0.20518238405124975
3782,19.199,73.714,0.47617,0.28866541180868577
3783,19.199,74.744,0.23801999999999998,0.20531883850097762
3784,19.2,74.67699999999999,0.15703,0.2052728324694085
3785,19.2,74.56,0.3166,0.2067286951789222
3786,19.2,74.578,0.37024,0.2063544051408089
3787,19.201,74.425,0.15945,0.2114910166991952
3788,19.201,74.502,0.1587,0.20844038317227895
3789,19.201,74.681,0.17792,0.20537668535112127
3790,19.201,76.649,0.1562,0.16810438953322024
3791,19.202,73.717,0.39681,0.2885374786909254
3792,19.202,74.373,0.50252,0.21428893030447757
3793,19.202,74.506,0.26447,0.20843026643897297
3794,19.202,74.67699999999999,0.16789,0.20550102149908364
3795,19.203,73.877,0.21159,0.2643918483859038
3796,19.203,73.71,0.0526,0.2897855010127992
3797,19.203,73.75399999999999,0.7401800000000001,0.28277257710164416
3798,19.204,73.77199999999999,0.29095,0.28008574782744466
3799,19.204,74.742,0.7936300000000001,0.20586436846916176
3800,19.205,74.685,0.1988,0.20582509909621524
3801,19.205,73.91199999999999,0.2907,0.2597767566526116
3802,19.205,74.546,0.23801999999999998,0.20764900432670527
3803,19.205,74.559,0.74059,0.20733962301179606
3804,19.205,74.666,0.16789,0.20588649784682775
3805,19.206,74.354,0.24559,0.21588141536299485
3806,19.206,74.671,0.1988,0.2059794582827925
3807,19.206,74.683,0.18878,0.20594317898010936
3808,19.206,73.892,0.026701,0.2626549460762274
3809,19.206,74.712,0.17792,0.20594855309616286
3810,19.206,73.643,0.66164,0.3011866135228919
3811,19.206,73.911,0.58228,0.2600360279266384
3812,19.207,73.896,0.2648,0.2622218607034884
3813,19.207,73.898,0.2907,0.2619449216472979
3814,19.207,74.571,0.1851,0.20731538925709578
3815,19.207,74.60300000000001,0.13222,0.20674269778599327
3816,19.208,74.669,0.17792,0.20621746959701745
3817,19.208,74.695,0.8199299999999999,0.20615770368959038
3818,19.208,73.90899999999999,0.26447,0.2605547873357613
3819,19.208,74.73,0.1044,0.2062426110587325
3820,19.208,73.78,0.052867,0.2793308648545547
3821,19.208,74.844,0.18878,0.2077449485384397
3822,19.209,73.707,0.18544000000000002,0.29097849897922223
3823,19.209,73.875,0.37006999999999995,0.26540818482203166
3824,19.209,73.914,0.89891,0.2599957772534124
3825,19.21,73.905,0.0526,0.26134807657128245
3826,19.21,73.682,0.52881,0.2951722300055021
3827,19.211,73.933,0.47608999999999996,0.2576847773280353
3828,19.211,74.67699999999999,0.16789,0.2065322451800212
3829,19.212,73.899,0.1587,0.2624191335567161
3830,19.212,74.67399999999999,0.16789,0.2066575882853274
3831,19.212,73.74600000000001,0.11692999999999999,0.28510293668947717
3832,19.212,73.749,0.44961999999999996,0.2846306392755018
3833,19.212,73.678,0.2907,0.2960630112554491
3834,19.213,74.274,0.31577,0.22213251580215962
3835,19.214000000000002,74.727,0.17792,0.20690859041345397
3836,19.214000000000002,73.904,0.52881,0.2619752967056964
3837,19.214000000000002,73.91,0.8462799999999999,0.26115383236720713
3838,19.214000000000002,74.365,0.85964,0.21621268965935855
3839,19.214000000000002,74.558,0.081857,0.2084263016317975
3840,19.215,74.221,0.10607,0.2266045127197027
3841,19.215,74.824,0.15035,0.2081257170056073
3842,19.215999999999998,73.907,0.8462799999999999,0.2618086945356787
3843,19.215999999999998,74.67399999999999,0.1988,0.2071188525847992
3844,19.217,74.883,0.14868,0.2096271342710175
3845,19.218,74.688,0.18878,0.2073114341212022
3846,19.22,74.689,0.17792,0.20754044514749423
3847,19.22,73.899,0.34417,0.2633967201431342
3848,19.22,74.671,0.16789,0.20759391297236982
3849,19.22,75.675,0.33331,0.24292837072947202
3850,19.22,75.172,0.35086,0.22108490821842638
3851,19.221,76.58800000000001,0.42103,0.18172541621733626
3852,19.221,74.73,0.17792,0.20772004536274144
3853,19.222,74.193,0.63157,0.2299133910252293
3854,19.222,74.953,0.12528,0.21220450831093804
3855,19.222,74.898,0.2105,0.21056278248579627
3856,19.225,74.697,0.17792,0.20810973277571695
3857,19.225,73.763,0.19379000000000002,0.28398337428961484
3858,19.225,74.675,0.17792,0.20815755886139828
3859,19.225,74.686,0.15703,0.20812418543969455
3860,19.225,74.67,0.16789,0.2081790402447917
3861,19.226,74.609,0.2648,0.2088844268236628
3862,19.226,75.78,0.0033,0.24530843095826824
3863,19.227,76.07300000000001,0.094372,0.24035467533813357
3864,19.227,75.222,0.45611999999999997,0.22420998627598784
3865,19.227999999999998,74.043,0.55542,0.24608556014376146
3866,19.229,75.214,0.45611999999999997,0.2240157473816526
3867,19.230999999999998,75.207,0.26313000000000003,0.22387324796311145
3868,19.232,75.223,0.29822,0.22475483780804814
3869,19.233,74.42699999999999,0.15978,0.21528812974401387
3870,19.234,74.706,0.15703,0.2091529132724432
3871,19.234,74.903,0.013752,0.2120115158332638
3872,19.234,74.62100000000001,0.050094,0.20966445161984046
3873,19.236,76.028,0.15035,0.2430681617624307
3874,19.236,74.46300000000001,0.15716,0.21408336990229024
3875,19.238,74.699,0.13614,0.20961758888468793
3876,19.238,74.65100000000001,0.3684,0.20982253750639776
3877,19.239,74.219,0.09604299999999999,0.22975541384362005
3878,19.239,74.395,0.05427100000000001,0.21761897145020012
3879,19.241,74.667,0.15703,0.2100663165936215
3880,19.241,74.66199999999999,0.20965999999999999,0.21009629898011248
3881,19.241,75.313,0.29822,0.23008980588689762
3882,19.242,75.75399999999999,0.19296,0.24641557335553474
3883,19.242,74.667,0.1988,0.210183981736741
3884,19.242,74.714,0.11262,0.21009227941627326
3885,19.242,74.885,0.17792,0.21243198276064454
3886,19.243,74.667,0.17792,0.21030171928193517
3887,19.243,74.681,0.16789,0.21023810328052625
3888,19.244,74.782,0.18878,0.21077505484175904
3889,19.244,75.212,0.28068000000000004,0.22542435303740468
3890,19.245,74.65899999999999,0.11525999999999999,0.21058810350502907
3891,19.245,76.208,0.17792,0.2334033185442986
3892,19.247,74.67699999999999,0.16789,0.21072378349379858
3893,19.247,73.846,0.39671999999999996,0.2741452385354035
3894,19.247,73.843,0.34384000000000003,0.2745793755563598
3895,19.247,74.786,0.24140999999999999,0.2111662943883291
3896,19.248,73.843,0.23799,0.2746985116640366
3897,19.248,73.844,0.34384000000000003,0.27455369864087875
3898,19.248,75.70100000000001,0.16238,0.24602689557544097
3899,19.249000000000002,73.844,0.63477,0.27467279969998437
3900,19.249000000000002,74.365,0.61402,0.2205204572603042
3901,19.249000000000002,74.115,0.18512,0.2408011700929956
3902,19.249000000000002,73.845,0.39671999999999996,0.2745281448035014
3903,19.249000000000002,73.91199999999999,0.9257299999999999,0.26514105431339474
3904,19.249000000000002,75.71300000000001,0.11787,0.24636338660706222
3905,19.25,74.839,0.56548,0.21232821902813168
3906,19.25,74.67699999999999,0.1044,0.21107752986132075
3907,19.25,74.892,0.31577,0.21350090806763886
3908,19.25,73.846,0.23799,0.27450271428600215
3909,19.25,74.67,0.13614,0.2111111159994755
3910,19.25,75.8,0.38594,0.24760644719058075
3911,19.250999999999998,73.846,0.44961999999999996,0.27462174533051986
3912,19.250999999999998,73.848,0.92564,0.27433319897558106
3913,19.250999999999998,75.0,0.099385,0.21695664928928368
3914,19.250999999999998,75.442,0.47367,0.2372221623444268
3915,19.250999999999998,75.707,0.20164,0.24642627690998273
3916,19.252,73.84899999999999,0.50249,0.27430817470482527
3917,19.253,73.84899999999999,0.052867,0.27442716504579145
3918,19.253,74.017,0.8730100000000001,0.25222548339820827
3919,19.254,74.684,0.18878,0.2115235933468835
3920,19.255,76.27600000000001,0.43858,0.22834818839185997
3921,19.256,74.422,0.075157,0.2183483270059374
3922,19.256,74.155,0.40265,0.23767492983753133
3923,19.257,74.221,0.59648,0.23182341588446606
3924,19.257,76.082,0.08017,0.24263579266190535
3925,19.258,73.518,0.21468,0.3283369510606492
3926,19.258,74.298,0.12111,0.22596331324554206
3927,19.258,75.785,0.050119,0.24822256007324903
3928,19.259,74.14699999999999,0.083512,0.23882356135427937
3929,19.261,75.722,0.16555,0.24763973513887325
3930,19.261,74.732,0.13364,0.21236419521601788
3931,19.262,74.175,0.1186,0.23652773723906348
3932,19.262,74.919,0.11262,0.2155660626523039
3933,19.264,75.314,0.28068000000000004,0.2324306758344021
3934,19.269000000000002,76.274,0.3684,0.22990887347551334
3935,19.269000000000002,76.133,0.31577,0.24095149730175144
3936,19.27,75.69,0.47367,0.24783214695820419
3937,19.27,74.145,0.1186,0.2403824902431186
3938,19.272000000000002,75.61399999999999,0.43858,0.24596481479324914
3939,19.273,73.61399999999999,0.18878,0.3135392307047399
3940,19.273,74.265,0.5263,0.23026157054987104
3941,19.273,74.868,0.15703,0.2155455107853966
3942,19.274,74.23899999999999,0.23139,0.2324419836849456
3943,19.277,73.77199999999999,0.072651,0.2886530899826234
3944,19.281,74.028,0.2907,0.2543472353325905
3945,19.282,74.028,0.37024,0.2544690702577801
3946,19.283,74.029,0.8195399999999999,0.25447369371857786
3947,19.283,74.028,0.6875399999999999,0.2545908642390776
3948,19.283,75.933,0.26313000000000003,0.2499990852853636
3949,19.283,76.033,0.31577,0.24723952553328218
3950,19.284000000000002,74.931,0.097714,0.21839659618776905
3951,19.285999999999998,75.416,0.050094,0.23950084008986758
3952,19.287,74.017,0.9782799999999999,0.256376014025545
3953,19.289,75.038,0.1044,0.2225602136913649
3954,19.289,74.21,0.047587,0.23673993093691645
3955,19.289,74.558,0.17457999999999999,0.21747834761348037
3956,19.29,74.517,0.14282999999999998,0.21875247861151234
3957,19.291,74.906,0.10477,0.2185206226311803
3958,19.292,73.667,0.1587,0.3068634696451411
3959,19.292,74.77600000000001,0.00066836,0.21631574526386085
3960,19.295,74.479,0.14144,0.22069851379044966
3961,19.297,73.686,0.71428,0.3043453310246155
3962,19.297,76.344,0.00015038,0.22543490971593935
3963,19.298,76.07300000000001,0.07599299999999999,0.2470045894709719
3964,19.299,73.67699999999999,0.2907,0.3060069312695901
3965,19.3,75.167,0.42103,0.22921890066943337
3966,19.302,75.344,0.5263,0.23779218238475694
3967,19.305999999999997,75.81,0.26313000000000003,0.2529752762741825
3968,19.305999999999997,74.589,0.16472,0.21887935572342063
3969,19.31,74.52600000000001,0.15064,0.22094123488974446
3970,19.317,74.946,0.097129,0.2226343906931176
3971,19.317999999999998,75.461,0.1988,0.24479018868639
3972,19.319000000000003,76.152,0.31577,0.24471887005584655
3973,19.320999999999998,74.437,0.10255999999999998,0.22569482380358205
3974,19.322,75.437,0.08117200000000001,0.24416645434401826
3975,19.324,75.439,0.13614,0.24446510608605973
3976,19.324,74.52600000000001,0.13358,0.22267447198492138
3977,19.325,74.139,0.24391999999999997,0.2477442342697129
3978,19.327,74.209,0.14784,0.24152755258080758
3979,19.328,74.848,0.1988,0.22159344291187386
3980,19.328,75.437,0.099469,0.24480014417323967
3981,19.328,74.472,0.15192,0.2250660028000427
3982,19.329,74.00399999999999,0.55471,0.2629766857408503
3983,19.329,74.84899999999999,0.24140999999999999,0.22173090154075933
3984,19.33,74.84899999999999,0.16789,0.22185029866438385
3985,19.331,75.441,0.18594000000000002,0.24529341439564298
3986,19.332,74.027,0.37006999999999995,0.2606192759087369
3987,19.332,75.419,0.35086,0.2444288149117861
3988,19.332,75.447,0.1303,0.2456605646757508
3989,19.333,74.025,0.68771,0.2609713801313175
3990,19.336,74.06,0.66081,0.2573491654578717
3991,19.337,75.01899999999999,0.19713,0.22733269200252856
3992,19.339000000000002,74.04,0.60817,0.2599584001289925
3993,19.339000000000002,73.507,0.027119,0.3382213983435912
3994,19.339000000000002,74.03699999999999,0.66081,0.260301172213371
3995,19.339000000000002,74.038,0.47534,0.2601867595075954
3996,19.340999999999998,74.03699999999999,0.22804000000000002,0.2605396858565632
3997,19.343,75.376,0.17540999999999998,0.2436673825721812
3998,19.343,76.133,0.31577,0.24839667793519146
3999,19.343,74.743,0.13614,0.22223956688666655
4000,19.344,75.07600000000001,0.09855,0.23028525054209545
4001,19.344,75.613,0.23055,0.25317544490892696
4002,19.346,74.88,0.14784,0.22437901435477933
4003,19.347,75.60600000000001,0.15703,0.25327450187651124
4004,19.348,73.532,0.089777,0.3348544412197032
4005,19.348,75.472,0.050094,0.24843232547165103
4006,19.348,75.609,0.18878,0.2534728271527348
4007,19.35,76.051,0.15035,0.25327252073422857
4008,19.351,75.178,0.060236000000000005,0.23540255136646213
4009,19.351,75.938,0.11025,0.2567111299992667
4010,19.352,75.245,0.38594,0.23856796845886627
4011,19.352999999999998,75.858,0.18209,0.25777378922403005
4012,19.352999999999998,74.038,0.63477,0.26185208233562984
4013,19.354,75.62100000000001,0.25144,0.2544685300252322
4014,19.359,75.62100000000001,0.23055,0.25499847694917643
4015,19.361,75.62,0.23055,0.2551816133099154
4016,19.363,75.623,0.25144,0.2554829221903977
4017,19.37,75.64399999999999,0.23055,0.2568205963089846
4018,19.37,75.757,0.29822,0.2590817736222456
4019,19.374000000000002,74.872,0.13614,0.22758843757515476
4020,19.374000000000002,75.059,0.061999,0.23312876073829444
4021,19.374000000000002,75.259,0.31744,0.24170068382985418
4022,19.375,75.58800000000001,0.24559,0.2556884426220276
4023,19.375999999999998,74.204,0.10607,0.24796459458460937
4024,19.375999999999998,74.725,0.34417,0.2262501422375963
4025,19.384,73.803,0.16455,0.2958777226035484
4026,19.384,74.11,0.22971999999999998,0.2577696927286305
4027,19.387,75.736,0.22804000000000002,0.26060794912374585
4028,19.387,75.688,0.56139,0.2597188421105
4029,19.387,74.457,0.14668,0.23303352528132967
4030,19.387999999999998,74.655,0.17549,0.22804973865535635
4031,19.387999999999998,75.88,0.13865,0.2613591933814664
4032,19.387999999999998,75.312,0.22804000000000002,0.24573348230841094
4033,19.389,75.404,0.42103,0.2500082115531713
4034,19.39,74.639,0.50876,0.22847532333681206
4035,19.391,74.639,0.56139,0.2285997799197946
4036,19.391,75.73899999999999,0.28068000000000004,0.26108515367669904
4037,19.392,74.172,0.024529,0.2527427844636888
4038,19.392,75.664,0.081841,0.25970855467082155
4039,19.393,75.672,0.40349,0.26000897890779406
4040,19.394000000000002,74.274,0.31735,0.2445494022553851
4041,19.394000000000002,75.756,0.26313000000000003,0.26164269591129785
4042,19.394000000000002,74.258,0.76703,0.24575538559143514
4043,19.395,74.274,0.26447,0.2446717537233871
4044,19.395,76.609,0.086018,0.1979760095367261
4045,19.395,74.273,0.39671999999999996,0.24474582148056587
4046,19.395,74.273,0.26447,0.24474582148056587
4047,19.397000000000002,74.274,0.39671999999999996,0.24491635214452798
4048,19.397000000000002,74.274,0.18512,0.24491635214452798
4049,19.399,75.50399999999999,0.081916,0.25530280146065876
4050,19.4,74.649,0.15787,0.2296047171653068
4051,19.4,75.071,0.2105,0.23666416874465354
4052,19.4,74.465,0.081005,0.23431898442055207
4053,19.401,74.49600000000001,0.14667,0.2332561557929442
4054,19.402,75.293,0.06754600000000001,0.24646461140398443
4055,19.406,76.428,0.42103,0.22735021403363817
4056,19.407,74.794,0.0076527,0.23045353000023813
4057,19.409000000000002,74.396,0.13832,0.238667102005355
4058,19.409000000000002,75.071,0.033786000000000004,0.23773805728608463
4059,19.410999999999998,75.4,0.20131,0.2523176972166745
4060,19.410999999999998,75.071,0.11275,0.23797723721061712
4061,19.417,75.267,0.26313000000000003,0.2470177605032686
4062,19.417,76.484,0.38594,0.22091249906357988
4063,19.418,75.27199999999999,0.12528,0.24736071954364955
4064,19.419,75.233,0.38594,0.245719401879785
4065,19.419,75.22800000000001,0.38594,0.24549583035447595
4066,19.42,74.036,0.1729,0.2698765747250983
4067,19.42,74.039,0.42186999999999997,0.2695416548917632
4068,19.421,76.097,0.12047999999999999,0.25885426499643227
4069,19.421,75.468,0.31577,0.25633869165602585
4070,19.422,75.271,0.28068000000000004,0.24778159369331018
4071,19.424,75.242,0.45611999999999997,0.2467087439778872
4072,19.425,75.273,0.1303,0.24822220371878043
4073,19.425,75.242,0.38594,0.24682604384035775
4074,19.425,75.226,0.35086,0.2461112389144776
4075,19.425,75.227,0.2105,0.2461557636994328
4076,19.426,74.975,0.11609000000000001,0.23651228700434498
4077,19.426,74.688,0.12445,0.2325357208664862
4078,19.426,74.782,0.19296,0.23269648932270035
4079,19.426,75.22,0.24559,0.2459622934310752
4080,19.426,75.811,0.21635,0.265604676163669
4081,19.427,75.686,0.38594,0.26406608742395365
4082,19.427,74.292,0.10477,0.24727465193816786
4083,19.429000000000002,76.624,0.12929000000000002,0.19956143285391878
4084,19.43,75.807,0.33331,0.26602956416681967
4085,19.430999999999997,75.736,0.18794,0.26542860196431894
4086,19.430999999999997,74.49,0.17549,0.2372058789471184
4087,19.430999999999997,74.82300000000001,0.1328,0.2337604297322224
4088,19.432000000000002,76.479,0.3684,0.22345373501984075
4089,19.433,75.465,0.43858,0.25758153483014135
4090,19.433,75.04,0.24559,0.23949093801503293
4091,19.434,74.616,0.15716,0.23428620828683752
4092,19.434,74.767,0.030043,0.23358203578458622
4093,19.435,75.258,0.28068000000000004,0.24871824129562178
4094,19.435,74.679,0.19646,0.23370858475788733
4095,19.436,74.524,0.12047999999999999,0.2366831655206195
4096,19.439,75.26899999999999,0.33331,0.24968251092748148
4097,19.439,75.218,0.29822,0.24740906036271812
4098,19.441,75.23899999999999,0.11275,0.2485760684387389
4099,19.442,75.242,0.35086,0.24882777487952576
4100,19.442,76.524,0.22804000000000002,0.21796694397437064
4101,19.442,75.242,0.38594,0.24882777487952576
4102,19.442,75.258,0.2105,0.24954230607653224
4103,19.442,76.236,0.050094,0.2520199845860813
4104,19.444000000000003,75.036,0.07014400000000001,0.24068461751665124
4105,19.444000000000003,75.051,0.26313000000000003,0.24121558127512008
4106,19.445999999999998,76.602,0.13882,0.20562923969001964
4107,19.445999999999998,75.273,0.35086,0.2506859422175365
4108,19.447,75.253,0.35086,0.24990902789077693
4109,19.449,75.278,0.24559,0.25126370236108564
4110,19.45,74.687,0.1988,0.23553187546596696
4111,19.45,75.233,0.40349,0.249375450893457
4112,19.451,76.111,0.33331,0.2615073024551148
4113,19.452,74.547,0.14400000000000002,0.23800791964115417
4114,19.453,75.817,0.0029491,0.26863385390557415
4115,19.453,75.556,0.2105,0.26330183202985513
4116,19.454,74.783,0.21969,0.23618182231182802
4117,19.454,74.042,0.20883000000000002,0.2730498158276158
4118,19.456,75.258,0.31577,0.25119699320722355
4119,19.456,75.236,0.26313000000000003,0.2502205280872065
4120,19.457,75.251,0.28068000000000004,0.25100412258091154
4121,19.458,75.99600000000001,0.15787,0.26700174992916303
4122,19.458,75.252,0.47367,0.2511671996411958
4123,19.458,75.26100000000001,0.40349,0.2515676234834282
4124,19.458,75.263,0.24559,0.25165673763928265
4125,19.458,75.27,0.28068000000000004,0.2519689552080333
4126,19.459,74.705,0.16789,0.2365828265392292
4127,19.46,76.02600000000001,0.40349,0.26626969464571904
4128,19.46,75.69800000000001,0.09604299999999999,0.2680170337144542
4129,19.461,74.686,0.13614,0.2369079211065209
4130,19.463,75.264,0.40349,0.2522941232891266
4131,19.464000000000002,75.64399999999999,0.15035,0.26722960542596697
4132,19.465999999999998,75.26899999999999,0.31577,0.25287265178446283
4133,19.467,74.234,0.10577,0.2563977041127903
4134,19.467,75.183,0.33331,0.24922981674731035
4135,19.469,75.205,0.43858,0.25041478407416795
4136,19.47,75.204,0.33331,0.25049130525403995
4137,19.47,75.321,0.35086,0.2556634136721865
4138,19.47,75.717,0.29822,0.2695031005265808
4139,19.471,74.708,0.16789,0.23807018500786012
4140,19.471,75.26899999999999,0.38594,0.25346653010074016
4141,19.471,75.32,0.3684,0.25573700429422985
4142,19.472,75.285,0.28068000000000004,0.2542969175610119
4143,19.473,75.282,0.28068000000000004,0.2542821123751775
4144,19.474,75.26899999999999,0.33331,0.25382326265478483
4145,19.475,74.62,0.43858,0.23932929183541637
4146,19.475,74.617,0.43858,0.23937577529808882
4147,19.475,74.619,0.45611999999999997,0.23934463233462897
4148,19.475,74.62,0.31577,0.23932929183541637
4149,19.475,74.778,0.25144,0.23875436596317387
4150,19.476,74.806,0.12996,0.23913633827469524
4151,19.476,75.268,0.38594,0.25401689796992877
4152,19.476,75.306,0.3684,0.2557057442444892
4153,19.477,74.792,0.16789,0.23911922729346222
4154,19.477,74.69800000000001,0.18878,0.23884624671791363
4155,19.477999999999998,75.279,0.31577,0.2547429753460051
4156,19.479,75.493,0.42103,0.26398868183611324
4157,19.483,73.693,0.06179,0.32161312665734065
4158,19.483,75.333,0.26313000000000003,0.2577319062884904
4159,19.483,74.236,0.079318,0.2581201587551536
4160,19.484,75.217,0.35086,0.2527330352501591
4161,19.484,74.237,0.37027,0.2581591284049396
4162,19.484,73.532,0.18794,0.3462971718148118
4163,19.485,74.25399999999999,0.23801999999999998,0.25697565749477436
4164,19.485,74.247,0.052867,0.2575053880932553
4165,19.486,75.294,0.29822,0.2563601152843481
4166,19.487000000000002,75.171,0.24559,0.2511303383645547
4167,19.487000000000002,75.324,0.40349,0.25780780177112206
4168,19.487000000000002,75.704,0.40349,0.27120353096481964
4169,19.487000000000002,75.76,0.3684,0.27205828124388665
4170,19.488,74.252,0.15867,0.25747806707511756
4171,19.488,75.321,0.33331,0.25779373255585314
4172,19.489,75.329,0.26313000000000003,0.2582658160522341
4173,19.49,75.328,0.3684,0.25834024048135096
4174,19.49,74.727,0.15703,0.2404178895815041
4175,19.49,75.719,0.3684,0.27181546790061106
4176,19.491,75.352,0.47367,0.25951452748708315
4177,19.491,75.71300000000001,0.31577,0.2718256620943498
4178,19.492,75.885,0.3684,0.2728824030600554
4179,19.492,75.292,0.29822,0.25698586054017947
4180,19.492,74.773,0.15118,0.24083273708026506
4181,19.492,75.183,0.29822,0.25223886204651425
4182,19.494,75.709,0.19296,0.2720970667934657
4183,19.494,74.721,0.15703,0.24091468491020737
4184,19.495,75.359,0.28068000000000004,0.2602937916764646
4185,19.495,75.337,0.40349,0.2593297502014593
4186,19.496,75.115,0.18636,0.24994484194195696
4187,19.496,75.309,0.2105,0.2582138690776371
4188,19.496,75.72800000000001,0.28068000000000004,0.27264919003267973
4189,19.496,75.685,0.28068000000000004,0.2718537125236974
4190,19.496,75.726,0.3684,0.2726173734620264
4191,19.497,75.89699999999999,0.14032,0.2733432004797569
4192,19.497,75.139,0.28068000000000004,0.25102258980413916
4193,19.498,75.82600000000001,0.091031,0.27375261320094124
4194,19.498,75.844,0.09855,0.2737564304914898
4195,19.5,74.243,0.13222,0.25956089493677403
4196,19.5,75.828,0.16037,0.27398403307024766
4197,19.5,74.292,0.10572999999999999,0.2560129043192859
4198,19.5,74.303,0.42321000000000003,0.2552705803967641
4199,19.5,75.344,0.15787,0.26023009893276683
4200,19.500999999999998,74.31,0.1851,0.25492677542402864
4201,19.500999999999998,75.35,0.3684,0.26061129368277747
4202,19.500999999999998,74.306,0.34384000000000003,0.25518966633619133
4203,19.500999999999998,74.307,0.26447,0.2551236960240686
4204,19.500999999999998,74.31,0.39671999999999996,0.25492677542402864
4205,19.500999999999998,74.544,0.088524,0.24414794101639267
4206,19.500999999999998,74.307,0.21159,0.2551236960240686
4207,19.500999999999998,75.707,0.45611999999999997,0.2728628431267842
4208,19.500999999999998,75.756,0.47367,0.27361079186570547
4209,19.500999999999998,76.32600000000001,0.29822,0.250622019359907
4210,19.502,74.285,0.13222,0.2567304945338251
4211,19.502,75.33800000000001,0.43858,0.2602044212481517
4212,19.502,74.304,0.5554600000000001,0.2554400574996821
4213,19.502,75.546,0.28068000000000004,0.26860195951966015
4214,19.503,74.308,0.10572999999999999,0.2552939757574816
4215,19.503,74.308,0.50249,0.2552939757574816
4216,19.503,75.696,0.3684,0.2728823696618169
4217,19.503,75.331,0.42103,0.26001592249236216
4218,19.503,75.362,0.22804000000000002,0.26137148769980767
4219,19.503,75.85,0.16455,0.2743173901648134
4220,19.503,74.304,0.13222,0.2555579521257586
4221,19.503,75.317,0.38594,0.2594000184197337
4222,19.503,74.29899999999999,0.1587,0.25589163029682704
4223,19.503,75.339,0.40349,0.2603670370540775
4224,19.503,75.707,0.31577,0.27309241593916933
4225,19.504,74.29,0.5289699999999999,0.25662003117937415
4226,19.504,74.307,0.7017399999999999,0.25547764469124845
4227,19.504,74.307,0.34384000000000003,0.25547764469124845
4228,19.504,74.307,0.17540999999999998,0.25547764469124845
4229,19.504,74.309,0.21159,0.25534637476324373
4230,19.504,75.294,0.29822,0.2585054909205654
4231,19.504,74.306,0.44961999999999996,0.25554352688122683
4232,19.504,75.289,0.22804000000000002,0.2582851006859902
4233,19.504,75.324,0.38594,0.25982714243878124
4234,19.504,74.31,0.079318,0.2552809870812184
4235,19.505,74.307,0.079318,0.25559550572208656
4236,19.505,73.845,0.16037,0.30230146665635693
4237,19.505,74.296,0.18512,0.25632893787658373
4238,19.506,75.286,0.35086,0.2583919400873417
4239,19.506,75.85,0.18209,0.274660539320828
4240,19.506,75.85300000000001,0.13782,0.274653169160758
4241,19.506,74.308,0.29095,0.2556476471616773
4242,19.506,74.309,0.21159,0.25558215363128645
4243,19.506,74.29899999999999,0.7017399999999999,0.2562444961761421
4244,19.506,74.304,0.026417000000000003,0.2559112678234621
4245,19.506,74.308,0.23801999999999998,0.2556476471616773
4246,19.507,74.31,0.23389000000000001,0.25563465185193557
4247,19.507,75.759,0.42103,0.27433361290554736
4248,19.507,74.237,0.34381999999999996,0.26083195502407774
4249,19.507,74.306,0.37027,0.2558968364137809
4250,19.508,75.736,0.42103,0.27414666882207706
4251,19.508,74.3,0.46781999999999996,0.2564125139572284
4252,19.509,75.329,0.33331,0.2606418194734639
4253,19.509,75.336,0.35086,0.26094867506934605
4254,19.509,75.486,0.2105,0.267215266542877
4255,19.51,75.321,0.40349,0.2604097089816423
4256,19.51,75.32600000000001,0.28068000000000004,0.2606292370458867
4257,19.51,75.343,0.2105,0.2613738138244147
4258,19.511,75.217,0.081841,0.2559809790047636
4259,19.511,75.22800000000001,0.31577,0.25645547411442293
4260,19.512,75.37,0.38594,0.26278468264424704
4261,19.512,75.624,0.20883000000000002,0.2722029175653473
4262,19.517,75.175,0.43858,0.254926026523177
4263,19.517,75.377,0.45611999999999997,0.26367896709606353
4264,19.517,75.717,0.0040018,0.27487977849236966
4265,19.517,75.734,0.29822,0.2751515522243001
4266,19.517,74.518,0.15503,0.24685943150125675
4267,19.517,75.38600000000001,0.24559,0.26406462563256483
4268,19.519000000000002,75.392,0.35086,0.2645572899870736
4269,19.52,75.355,0.40349,0.26308505242072755
4270,19.52,75.737,0.22804000000000002,0.2755408461004265
4271,19.52,76.35600000000001,0.29822,0.24971730994707905
4272,19.521,75.748,0.35086,0.2758070326879911
4273,19.521,76.142,0.35086,0.2678413479641344
4274,19.522000000000002,74.653,0.5789300000000001,0.24473306223492328
4275,19.522000000000002,75.735,0.29822,0.27574193943783354
4276,19.522000000000002,74.679,0.1587,0.24452251429346047
4277,19.522000000000002,74.74,0.31737,0.24440626356133352
4278,19.523,75.426,0.29822,0.266457143950116
4279,19.523,75.704,0.3684,0.27533893152428857
4280,19.523,75.186,0.29822,0.2561126116639405
4281,19.523,75.719,0.15787,0.2756049406455947
4282,19.524,75.374,0.45611999999999997,0.26438049472599934
4283,19.525,75.35300000000001,0.35086,0.26359297675655413
4284,19.525,75.35300000000001,0.33331,0.26359297675655413
4285,19.525,75.37100000000001,0.33331,0.26437030085804647
4286,19.526,75.358,0.2105,0.2639284427228322
4287,19.526,75.842,0.15035,0.2769671343927128
4288,19.526,75.661,0.15787,0.2747735099224009
4289,19.527,75.843,0.1587,0.277081077785455
4290,19.527,75.377,0.35086,0.26486528254817754
4291,19.527,75.72399999999999,0.28068000000000004,0.2761484742976196
4292,19.528,75.844,0.13782,0.27719487948522237
4293,19.528,73.561,0.079318,0.3450008043641114
4294,19.53,75.373,0.40349,0.2650500690740357
4295,19.531,75.587,0.35086,0.2733220122732559
4296,19.531,74.459,0.10732,0.25065052579257874
4297,19.532,74.62100000000001,0.15787,0.24635791213468403
4298,19.532,74.62100000000001,0.66666,0.24635791213468403
4299,19.533,75.317,0.2105,0.26297970192108333
4300,19.534000000000002,75.617,0.30073,0.27455876439192073
4301,19.535,75.751,0.17540999999999998,0.27745848849484644
4302,19.535,75.672,0.28068000000000004,0.2760685482566626
4303,19.535,74.458,0.12829000000000002,0.2511710985522999
4304,19.535,76.485,0.2105,0.2353447740358546
4305,19.535999999999998,76.529,0.22804000000000002,0.22899903513699468
4306,19.535999999999998,74.657,0.51034,0.24641819530194706
4307,19.535999999999998,75.14,0.19296,0.255802029969174
4308,19.535999999999998,76.267,0.3684,0.2604333931716245
4309,19.535999999999998,76.628,0.38594,0.21267469843589468
4310,19.537,76.422,0.35086,0.24401490688655578
4311,19.538,75.672,0.22804000000000002,0.2764160141139044
4312,19.538,76.523,0.19296,0.23016261672840274
4313,19.538,73.899,0.2481,0.2985432313856179
4314,19.538,75.145,0.2105,0.25624579593846486
4315,19.539,75.678,0.15787,0.27666386284670097
4316,19.541,76.455,0.38594,0.24022437887134893
4317,19.541,76.529,0.24559,0.2296318414512247
4318,19.542,74.60300000000001,0.09855,0.24786956866322915
4319,19.542,74.903,0.17792,0.24892451661386392
4320,19.542,75.256,0.19296,0.26140001103221344
4321,19.542,75.35600000000001,0.29822,0.2657465825277212
4322,19.543,74.454,0.11264,0.2522906802364986
4323,19.543,75.375,0.35086,0.2666806751325771
4324,19.544,75.673,0.28068000000000004,0.27713357652997517
4325,19.546,74.669,0.18878,0.24754540875722583
4326,19.547,73.972,0.071239,0.2907249100975703
4327,19.548,75.204,0.43858,0.2598954067897805
4328,19.548,75.745,0.50876,0.2788820286631991
4329,19.548,76.086,0.29822,0.2739518601178834
4330,19.549,75.717,0.45611999999999997,0.2785746593120991
4331,19.549,76.558,0.40349,0.2261286619380922
4332,19.55,75.118,0.29822,0.25663860477648126
4333,19.55,76.643,0.24559,0.21182324588582155
4334,19.551,74.653,0.12278,0.24829551402397296
4335,19.553,75.72,0.3684,0.2790876096226651
4336,19.555,75.833,0.2506,0.2803095200653123
4337,19.555,76.324,0.22804000000000002,0.25732229120005745
4338,19.555999999999997,74.692,0.19384,0.24863792204995158
4339,19.555999999999997,74.943,0.13355999999999998,0.2516050238795303
4340,19.555999999999997,76.58,0.24559,0.223462436894827
4341,19.559,75.376,0.35086,0.26862593800153933
4342,19.559,75.74,0.3684,0.2800858328321091
4343,19.56,76.202,0.31577,0.2684797756706039
4344,19.56,75.785,0.22804000000000002,0.2806886840896027
4345,19.561,75.78699999999999,0.35086,0.28081923793694064
4346,19.561,75.73899999999999,0.49121000000000004,0.2803032190976922
4347,19.562,75.434,0.05011,0.2713949740372128
4348,19.567,74.862,0.17792,0.25119356843953555
4349,19.567,76.123,0.15035,0.27429842121671266
4350,19.569000000000003,74.774,0.13614,0.25035438771317486
4351,19.57,74.431,0.1044,0.2564576906977444
4352,19.570999999999998,75.359,0.14032,0.26932989494525394
4353,19.573,74.932,0.044245,0.2534133906359003
4354,19.573,75.318,0.27316,0.2678061403543901
4355,19.573,75.468,0.1231,0.27404521614352373
4356,19.574,75.688,0.24559,0.28093140711425413
4357,19.575,75.307,0.40349,0.26757008389003734
4358,19.578,74.199,0.1963,0.2717732016800337
4359,19.578,74.792,0.18878,0.2516018926940363
4360,19.578,75.711,0.091866,0.28182953820605905
4361,19.58,76.142,0.20131,0.2747474079887836
4362,19.581,76.619,0.29822,0.22010308689060984
4363,19.582,75.82300000000001,0.35086,0.2834132153688368
4364,19.583,75.631,0.33331,0.28064217575410566
4365,19.584,75.89699999999999,0.1587,0.28335387881522367
4366,19.585,76.188,0.14032,0.27241319574790646
4367,19.585,74.627,0.26313000000000003,0.25272063492537633
4368,19.586,75.278,0.35086,0.2676355359676168
4369,19.586,75.627,0.17540999999999998,0.28088485450599787
4370,19.586,75.639,0.22804000000000002,0.28119887058874926
4371,19.587,75.208,0.26313000000000003,0.26477256295784757
4372,19.587,75.667,0.24559,0.28198943299528934
4373,19.587,75.685,0.28068000000000004,0.28237760613423635
4374,19.587,74.627,0.33331,0.25296133912776475
4375,19.587,76.642,0.15787,0.2168390625095745
4376,19.588,75.218,0.3684,0.26531359401923504
4377,19.59,75.464,0.28068000000000004,0.27589308240648824
4378,19.590999999999998,75.212,0.40349,0.2654221323632179
4379,19.594,76.22800000000001,0.14144,0.2705503609196558
4380,19.595,75.165,0.43858,0.26396288534080503
4381,19.595,76.256,0.35086,0.26840456686207215
4382,19.596,75.553,0.0045281,0.27982230479964854
4383,19.597,74.628,0.28068000000000004,0.25414873931243476
4384,19.597,75.6,0.26313000000000003,0.2814085630906402
4385,19.599,75.439,0.16764,0.2759676670120943
4386,19.602,75.627,0.22804000000000002,0.2827450129642153
4387,19.602999999999998,75.587,0.24559,0.2817199287840564
4388,19.604,74.926,0.44943999999999995,0.2570515411291664
4389,19.604,75.26,0.3684,0.2690185112056528
4390,19.604,75.594,0.49121000000000004,0.2820465997135365
4391,19.605,75.263,0.38594,0.26926634435233643
4392,19.607,74.846,0.43858,0.25581223871473446
4393,19.608,75.618,0.3684,0.2831983438795721
4394,19.609,75.075,0.37006999999999995,0.262199026732327
4395,19.609,75.685,0.38594,0.2849253830648403
4396,19.609,75.946,0.19296,0.28553518855761484
4397,19.611,75.204,0.40349,0.2674911898356864
4398,19.613,75.596,0.24559,0.2831525530774799
4399,19.614,75.60600000000001,0.3684,0.28355887462784257
4400,19.614,75.27,0.43858,0.27064052356128643
4401,19.614,76.35300000000001,0.19296,0.2614207651110283
4402,19.615,73.916,0.37006999999999995,0.30353496295492177
4403,19.615,75.264,0.35086,0.2705036487334085
4404,19.616,75.618,0.40349,0.28412682954210433
4405,19.617,75.351,0.15787,0.27445611234297596
4406,19.617,74.873,0.16789,0.2574896584955232
4407,19.618,74.852,0.13614,0.25724064235519606
4408,19.619,75.259,0.13865,0.27076770536139916
4409,19.619,75.654,0.22804000000000002,0.2853965852880692
4410,19.621,75.574,0.3684,0.2834136386276126
4411,19.621,75.604,0.3684,0.28431398772707595
4412,19.621,75.612,0.42103,0.28454050944030596
4413,19.621,75.612,0.35086,0.28454050944030596
4414,19.621,75.623,0.3684,0.2848421485844326
4415,19.621,74.869,0.17792,0.2578988769511137
4416,19.622,74.49,0.12044,0.2602398896034933
4417,19.622,75.589,0.40349,0.2839896951923613
4418,19.622,75.60600000000001,0.29822,0.2844871263459464
4419,19.622,75.62100000000001,0.3684,0.28490400470081456
4420,19.622,75.59100000000001,0.40349,0.28404954970527474
4421,19.622,75.773,0.40349,0.28774048968677934
4422,19.623,74.612,0.38594,0.25745869270552413
4423,19.624000000000002,75.579,0.31577,0.2839175205587955
4424,19.624000000000002,75.641,0.42103,0.2856572637974577
4425,19.624000000000002,74.563,0.081841,0.2584704353093208
4426,19.624000000000002,75.34100000000001,0.26313000000000003,0.2748608930538188
4427,19.624000000000002,75.62100000000001,0.38594,0.285135610731012
4428,19.624000000000002,75.626,0.29822,0.28526972602099
4429,19.625999999999998,75.608,0.28068000000000004,0.28500744088410024
4430,19.627,75.596,0.29822,0.28477745110241437
4431,19.627,75.619,0.3684,0.2854285596231778
4432,19.628,75.202,0.29822,0.26944340287228663
4433,19.629,75.604,0.3684,0.2852410612567934
4434,19.631,75.062,0.29822,0.2643905861333765
4435,19.631,75.127,0.3684,0.2667904295563919
4436,19.631,75.627,0.49121000000000004,0.2861057777405327
4437,19.631,75.65,0.28068000000000004,0.2866871928191346
4438,19.632,75.608,0.40349,0.28570194597150733
4439,19.632,75.612,0.22804000000000002,0.28581412579488863
4440,19.633,74.458,0.10732,0.2626278171841546
4441,19.634,75.32300000000001,0.17540999999999998,0.2752788814095999
4442,19.634,75.625,0.19296,0.28639930338360675
4443,19.634,75.657,0.22804000000000002,0.2871992343335442
4444,19.634,75.586,0.31577,0.28529066512081014
4445,19.634,75.584,0.38594,0.28523014074396047
4446,19.635,75.637,0.38594,0.2868268386286622
4447,19.635,74.861,0.17792,0.25944085306077447
4448,19.636,75.594,0.26313000000000003,0.2857606902822687
4449,19.636,75.688,0.38594,0.2881004043807396
4450,19.636,75.601,0.33331,0.2859647566713064
4451,19.636,75.65899999999999,0.22804000000000002,0.28747614114883957
4452,19.637,75.638,0.26313000000000003,0.28708286116024895
4453,19.637,75.704,0.42103,0.28851871489209846
4454,19.637,75.60600000000001,0.50876,0.28622337167111844
4455,19.637,75.611,0.35086,0.28636409871582036
4456,19.637,75.619,0.43858,0.2865844022006774
4457,19.637,75.309,0.38594,0.2750376431851732
4458,19.637999999999998,75.604,0.42103,0.28628197836955194
4459,19.637999999999998,75.584,0.29822,0.28569312180392425
4460,19.637999999999998,75.694,0.3684,0.28844757655307707
4461,19.637999999999998,75.709,0.3684,0.2887221184290555
4462,19.639,75.652,0.35086,0.2876572894020143
4463,19.639,75.655,0.28068000000000004,0.28772833022117206
4464,19.639,75.653,0.35086,0.28768107495513195
4465,19.639,75.681,0.40349,0.28830332967085603
4466,19.639,75.61,0.28068000000000004,0.28656709859534146
4467,19.639,75.669,0.28068000000000004,0.2880471456248581
4468,19.64,75.65,0.35086,0.2877245469388272
4469,19.64,75.69800000000001,0.2105,0.28875310457762515
4470,19.641,75.581,0.24559,0.2859487834328879
4471,19.641,75.942,0.048423,0.2892810081464726
4472,19.641,74.686,0.1988,0.25889802248926874
4473,19.641,75.626,0.29822,0.2872334762373733
4474,19.642,75.729,0.43858,0.2895043290678463
4475,19.642,76.516,0.22804000000000002,0.2442589393761184
4476,19.642,74.611,0.12996,0.25970096810702814
4477,19.642,75.59100000000001,0.40349,0.28636548961350194
4478,19.642,75.668,0.35086,0.288370052448905
4479,19.644000000000002,75.664,0.24559,0.2885106418056438
4480,19.645,75.638,0.15787,0.2880042936644249
4481,19.645,75.605,0.38594,0.287118345486593
4482,19.645,75.64399999999999,0.31577,0.2881538855521544
4483,19.646,75.61,0.35086,0.2873744664979362
4484,19.646,75.707,0.28068000000000004,0.289604739173294
4485,19.647000000000002,75.407,0.22804000000000002,0.2803179856450887
4486,19.648,75.32600000000001,0.17540999999999998,0.27705761398479944
4487,19.648,75.289,0.33331,0.275485863724229
4488,19.649,75.59,0.24559,0.28714353545376103
4489,19.649,75.594,0.3684,0.28726167914030576
4490,19.649,75.61,0.24559,0.2877199830633512
4491,19.649,75.654,0.032549,0.288854463604896
4492,19.65,75.608,0.26313000000000003,0.28777908598404567
4493,19.65,75.609,0.3684,0.28780713201727925
4494,19.65,75.574,0.35086,0.28677263474944414
4495,19.651,75.25399999999999,0.24559,0.27435574184118294
4496,19.651,75.597,0.24559,0.28757973407557247
4497,19.651,75.293,0.40349,0.2760096724093858
4498,19.651,75.613,0.3684,0.2880334340775591
4499,19.651,75.615,0.0033,0.28808848791507513
4500,19.652,75.653,0.29822,0.2891751223088621
4501,19.652,75.672,0.31577,0.2896051130223679
4502,19.652,76.267,0.26313000000000003,0.2742018355269191
4503,19.652,75.568,0.2105,0.28681560175856224
4504,19.652,75.596,0.2105,0.2876657494564948
4505,19.653,75.67699999999999,0.35086,0.2898262600644448
4506,19.653,74.98899999999999,0.13197,0.2646571042738386
4507,19.653,75.82600000000001,0.5263,0.2915709087352779
4508,19.653,75.707,0.15787,0.2904059475220778
4509,19.654,75.585,0.35086,0.28757003381906643
4510,19.654,75.693,0.42103,0.29026280436408414
4511,19.654,75.82300000000001,0.061999,0.2916799185709221
4512,19.654,75.19,0.3684,0.27204369548823504
4513,19.654,75.625,0.49121000000000004,0.28870271508272927
4514,19.654,75.291,0.24559,0.27627812037660904
4515,19.654,75.646,0.3684,0.28923648490566856
4516,19.654,75.655,0.14533,0.28945150832850997
4517,19.655,75.277,0.28068000000000004,0.27580169136710087
4518,19.655,75.116,0.20039,0.26923476541528657
4519,19.655,75.26899999999999,0.31577,0.27546257247545614
4520,19.656,75.679,0.28068000000000004,0.2902114426611997
4521,19.656,75.453,0.14032,0.2831979731953096
4522,19.656,74.65100000000001,0.20047,0.26087337171127367
4523,19.656,75.666,0.35086,0.28993170953414305
4524,19.657,75.589,0.24559,0.2880348909233381
4525,19.657,75.58800000000001,0.33331,0.28800511409964125
4526,19.658,75.627,0.29822,0.2892143835768026
4527,19.659000000000002,75.681,0.22804000000000002,0.290595761046312
4528,19.659000000000002,75.60300000000001,0.35086,0.2886722382912844
4529,19.66,75.601,0.43858,0.2887298962694942
4530,19.66,75.71,0.24559,0.29125739817942076
4531,19.66,74.641,0.18074,0.261429438791847
4532,19.66,75.35300000000001,0.26313000000000003,0.2796040744414757
4533,19.660999999999998,75.708,0.3684,0.2913368675956145
4534,19.660999999999998,75.165,0.47367,0.27186061436130937
4535,19.663,74.388,0.13364,0.26893461730727053
4536,19.664,75.649,0.38594,0.29045374443822647
4537,19.664,75.251,0.35086,0.27576199895780307
4538,19.664,75.747,0.47367,0.29226279281602163
4539,19.666,74.76899999999999,0.083512,0.26198121302307975
4540,19.666,75.52600000000001,0.35086,0.2870402349215184
4541,19.666,75.268,0.33331,0.27671440406552084
4542,19.667,74.958,0.50876,0.26544145573090583
4543,19.667,74.251,0.50207,0.27727117197627305
4544,19.668,76.03699999999999,0.3684,0.2898328928241156
4545,19.668,75.569,0.3684,0.28868753506263944
4546,19.668,74.66199999999999,0.099385,0.26218146246325624
4547,19.669,75.24,0.29822,0.2758875038796913
4548,19.669,75.57,0.030043,0.28883347942143933
4549,19.669,74.551,0.15945,0.2639130559063715
4550,19.671,75.279,0.31577,0.277765737997412
4551,19.671,75.571,0.33331,0.2890938571072428
4552,19.671,75.709,0.29822,0.29249228858188414
4553,19.672,75.257,0.3684,0.2769540358266668
4554,19.673,75.023,0.059434,0.268087253934564
4555,19.673,75.622,0.38594,0.29079786929267004
4556,19.673,75.65899999999999,0.31577,0.29171437505285147
4557,19.674,75.286,0.29822,0.27841273553791757
4558,19.674,76.16199999999999,0.19053,0.28446583630756284
4559,19.674,75.58,0.33331,0.2897139360571406
4560,19.674,75.266,0.31577,0.2775676972944442
4561,19.675,75.169,0.43858,0.27367279998849015
4562,19.675,75.58800000000001,0.35086,0.2900684046149443
4563,19.676,75.634,0.38594,0.29145190231754736
4564,19.676,75.479,0.40349,0.2865010322329439
4565,19.677,75.568,0.40349,0.28968674828856367
4566,19.678,75.639,0.28068000000000004,0.2918052584607589
4567,19.678,75.969,0.16706,0.29294013127127216
4568,19.678,75.17699999999999,0.29822,0.2743471993689218
4569,19.679000000000002,75.64,0.29822,0.29194379466402665
4570,19.682000000000002,75.137,0.14365999999999998,0.2732319041846142
4571,19.682000000000002,75.702,0.24725999999999998,0.2936159660247978
4572,19.683,75.274,0.28068000000000004,0.27895611636269857
4573,19.683,75.286,0.12829000000000002,0.2794625627711771
4574,19.684,74.168,0.1846,0.2850678757191619
4575,19.684,74.30199999999999,0.47608999999999996,0.2757544397052333
4576,19.684,74.30199999999999,0.37006999999999995,0.2757544397052333
4577,19.684,75.266,0.29822,0.2787354362304866
4578,19.684,75.225,0.12278,0.2770184257830075
4579,19.684,75.27,0.2105,0.27890396219007896
4580,19.685,73.84100000000001,0.6875399999999999,0.317946265227238
4581,19.685,74.167,0.6875399999999999,0.2852425567314033
4582,19.685,74.186,0.39597,0.2837611306489358
4583,19.685,75.695,0.35086,0.2938263751726756
4584,19.685,76.054,0.28068000000000004,0.291125717166541
4585,19.685,73.846,0.079334,0.31735391356624854
4586,19.685,74.184,0.66081,0.28391464280799206
4587,19.686,74.169,0.3166,0.2851795695726965
4588,19.686,73.836,0.079334,0.3186122920871065
4589,19.686,74.601,0.43858,0.26489929636301823
4590,19.687,74.696,0.18878,0.2642250195637864
4591,19.687,73.84,0.71428,0.31820821062126203
4592,19.687,75.27199999999999,0.2105,0.27933742204301815
4593,19.688,73.84100000000001,0.5029100000000001,0.31816109506736845
4594,19.688,75.26899999999999,0.28068000000000004,0.27932734030009987
4595,19.688,75.27199999999999,0.28068000000000004,0.2794536980453599
4596,19.688,74.85600000000001,0.16789,0.26563143231272524
4597,19.689,73.847,0.079334,0.3175239213103659
4598,19.689,73.851,0.5555399999999999,0.3170534835011225
4599,19.69,75.267,0.33331,0.27947559444598014
4600,19.691,74.61,0.43858,0.2653355993827856
4601,19.692,75.678,0.14868,0.2942808431268771
4602,19.692999999999998,75.226,0.42103,0.2781088396565067
4603,19.692999999999998,75.25399999999999,0.2105,0.27927781804170015
4604,19.692999999999998,74.619,0.50876,0.26544540030854047
4605,19.695,75.227,0.26313000000000003,0.27838280410499083
4606,19.695999999999998,74.645,0.1328,0.2655147884795199
4607,19.697,75.956,0.33331,0.2953529716030028
4608,19.697,74.757,0.16472,0.2655050509599799
4609,19.697,75.275,0.13882,0.28062386519888105
4610,19.697,75.375,0.35086,0.28480955059761726
4611,19.698,74.183,0.26447,0.2852329591847407
4612,19.703,76.01,0.10522999999999999,0.2946651918613996
4613,19.703,75.304,0.38594,0.2825370746180629
4614,19.703,74.62,0.24559,0.26655680468825094
4615,19.704,75.27199999999999,0.3684,0.28130634151670875
4616,19.704,74.62,0.42103,0.26666867954029416
4617,19.704,74.646,0.49121000000000004,0.2664084460273032
4618,19.704,74.777,0.49121000000000004,0.2664552569845595
4619,19.705,74.795,0.26313000000000003,0.2667434221739996
4620,19.706,74.646,0.5789300000000001,0.26663311728358374
4621,19.706,75.583,0.12403,0.2934372562691213
4622,19.706,75.608,0.3684,0.29415672785861013
4623,19.709,74.62100000000001,0.47367,0.2672151119064242
4624,19.71,75.234,0.35086,0.28040881146666485
4625,19.711,75.362,0.28068000000000004,0.2858773332950898
4626,19.712,75.226,0.31577,0.2803072502149613
4627,19.712,75.28399999999999,0.11944,0.28273069864999856
4628,19.713,75.207,0.29822,0.2796393488689132
4629,19.715999999999998,74.616,0.43858,0.2680513927216134
4630,19.715999999999998,74.433,0.12829000000000002,0.27265385586645485
4631,19.717,75.439,0.26313000000000003,0.28965815582920584
4632,19.718,76.35300000000001,0.15787,0.273700743876816
4633,19.719,75.267,0.33331,0.2828194973524294
4634,19.719,75.80199999999999,0.33331,0.29891274183405236
4635,19.719,75.73899999999999,0.3684,0.2983398129792971
4636,19.721,75.608,0.26313000000000003,0.29583671336194495
4637,19.721,75.21,0.3684,0.28068139315455454
4638,19.722,74.643,0.45611999999999997,0.26844183935441823
4639,19.724,75.756,0.47367,0.2990996382495609
4640,19.725,76.367,0.12278,0.27302048999456563
4641,19.726,75.012,0.11944,0.27391239104273535
4642,19.727999999999998,74.85600000000001,0.18878,0.27024062905129764
4643,19.729,74.597,0.065967,0.2697300939846923
4644,19.730999999999998,74.601,0.43858,0.269891642271765
4645,19.730999999999998,74.633,0.35086,0.2695217959421812
4646,19.730999999999998,76.431,0.35086,0.26634512298468116
4647,19.732,75.655,0.22804000000000002,0.2982455269188764
4648,19.732,75.869,0.11025,0.30032654072067244
4649,19.733,75.068,0.49121000000000004,0.27658405621249127
4650,19.734,75.468,0.22804000000000002,0.2926768054869302
4651,19.734,74.001,0.60817,0.30426189792277847
4652,19.734,74.002,0.92564,0.3041642599607707
4653,19.734,74.002,0.5289699999999999,0.3041642599607707
4654,19.734,74.005,0.81996,0.30387205459758826
4655,19.734,74.017,0.11692999999999999,0.30271393113909817
4656,19.735,74.757,0.33857,0.269815139445319
4657,19.736,75.968,0.3684,0.2994108827672337
4658,19.736,74.632,0.29822,0.27007830445917946
4659,19.736,75.517,0.26145999999999997,0.29466446939746327
4660,19.736,75.344,0.29822,0.28796852358227165
4661,19.739,75.221,0.24559,0.283184171401232
4662,19.739,75.831,0.29822,0.30118495391423616
4663,19.741,74.881,0.13364,0.2721877736952336
4664,19.741,76.084,0.14144,0.2961059113781964
4665,19.743,74.64,0.38594,0.2707707911046404
4666,19.743,75.149,0.10022,0.28074023011378557
4667,19.744,75.734,0.11025,0.3010217082188268
4668,19.747,75.721,0.33331,0.301159448681137
4669,19.749000000000002,74.613,0.50876,0.27168587452867554
4670,19.75,74.612,0.38594,0.2718049072041413
4671,19.75,75.751,0.40349,0.3018901621297303
4672,19.75,74.185,0.23723000000000002,0.28985000021670704
4673,19.750999999999998,74.186,0.66123,0.28986569097062065
4674,19.750999999999998,74.186,0.2907,0.28986569097062065
4675,19.750999999999998,76.21300000000001,0.11192,0.2897205204727924
4676,19.750999999999998,74.0,0.40641,0.305662919993117
4677,19.750999999999998,74.017,0.34384000000000003,0.30403919743847685
4678,19.750999999999998,74.185,0.50207,0.2899384466247982
4679,19.750999999999998,74.186,0.23799,0.28986569097062065
4680,19.750999999999998,75.898,0.24559,0.3021682300875964
4681,19.752,74.185,0.4227,0.2900267664765934
4682,19.753,73.986,0.37024,0.30717388523064837
4683,19.754,75.438,0.29822,0.29376011440384897
4684,19.756,74.642,0.3684,0.2721601377996221
4685,19.756,75.38,0.33331,0.291681167106031
4686,19.756,75.806,0.28068000000000004,0.30297236979976705
4687,19.757,76.449,0.38594,0.26709197662837303
4688,19.757,74.642,0.28068000000000004,0.2722675439647625
4689,19.758,74.61399999999999,0.45611999999999997,0.27263715592289994
4690,19.758,75.33,0.10022,0.2898496142669512
4691,19.759,75.734,0.45611999999999997,0.3026495640866871
4692,19.76,75.312,0.35086,0.28932388799419095
4693,19.76,76.494,0.24559,0.2615145957163142
4694,19.76,74.63,0.47367,0.2726880867187109
4695,19.762,75.705,0.24559,0.30252526680581415
4696,19.762,74.844,0.16789,0.27384634462618884
4697,19.762999999999998,75.51100000000001,0.28068000000000004,0.29743383562339665
4698,19.765,74.635,0.43858,0.2731776222239861
4699,19.765,74.638,0.38594,0.2731534760795009
4700,19.765,75.752,0.19296,0.30352098882651213
4701,19.766,74.64,0.63157,0.2732444797332796
4702,19.766,75.815,0.42103,0.3040769946756574
4703,19.767,76.247,0.15787,0.2889045149598566
4704,19.767,74.183,0.1846,0.29148018885981164
4705,19.769000000000002,75.097,0.10022,0.28168477862797603
4706,19.769000000000002,75.433,0.19296,0.2952165713826679
4707,19.769000000000002,75.91,0.29822,0.30396586714995333
4708,19.769000000000002,75.4,0.24559,0.29391922585657015
4709,19.77,75.257,0.43858,0.28814290509058493
4710,19.77,75.236,0.47367,0.2872738886206152
4711,19.771,75.25399999999999,0.38594,0.2881290047998839
4712,19.771,75.255,0.29822,0.28817046853188644
4713,19.772000000000002,75.249,0.26313000000000003,0.2880323078106257
4714,19.772000000000002,75.204,0.28068000000000004,0.2861840598290172
4715,19.772000000000002,75.24600000000001,0.29822,0.287908146337314
4716,19.772000000000002,75.961,0.45611999999999997,0.3034433513314687
4717,19.773,75.21600000000001,0.38594,0.2867839779541703
4718,19.773,75.236,0.29822,0.2876055207127123
4719,19.773,75.247,0.29822,0.28805992296243943
4720,19.773,75.709,0.28068000000000004,0.303774157217499
4721,19.773,75.262,0.3684,0.2886816752314194
4722,19.774,75.263,0.29822,0.2888334183465846
4723,19.774,75.278,0.29822,0.2894567574577954
4724,19.774,75.241,0.43858,0.2879222217390328
4725,19.775,74.642,0.54384,0.2741833473225559
4726,19.775,75.24,0.35086,0.28799119277606566
4727,19.775,75.243,0.38594,0.28811509337441255
4728,19.775,75.718,0.33331,0.3041326078346325
4729,19.777,75.236,0.35086,0.2880464813908453
4730,19.778,75.253,0.29822,0.2888589096044837
4731,19.778,75.26899999999999,0.40349,0.2895225168005666
4732,19.779,75.24600000000001,0.35086,0.28867915781712916
4733,19.781,75.23899999999999,0.40349,0.28860968483512384
4734,19.781,75.714,0.31577,0.30470810756265543
4735,19.781,74.859,0.15703,0.2761958511218662
4736,19.782,75.442,0.29822,0.29697700290258233
4737,19.782,75.205,0.24559,0.2873267779489236
4738,19.783,75.248,0.24559,0.28920044074346163
4739,19.785999999999998,75.244,0.24559,0.2893632545589011
4740,19.787,75.244,0.28068000000000004,0.2894724274329309
4741,19.787,74.842,0.13355999999999998,0.2765457393737445
4742,19.787,75.25,0.38594,0.2897202430453695
4743,19.788,75.245,0.40349,0.28962277884702126
4744,19.789,75.467,0.28068000000000004,0.29867159494107454
4745,19.79,75.24,0.42103,0.28963447560409183
4746,19.791,74.873,0.1988,0.2775505381084937
4747,19.791,75.247,0.3684,0.29003199941115154
4748,19.801,75.289,0.40349,0.2928524117699798
4749,19.801,74.183,0.1587,0.2943355766667659
4750,19.804000000000002,75.289,0.42103,0.29317468293665294
4751,19.805999999999997,74.61399999999999,0.12044,0.27762757469354693
4752,19.805999999999997,74.87,0.17792,0.2790995483996841
4753,19.805999999999997,75.29,0.28068000000000004,0.293430451216678
4754,19.807000000000002,75.619,0.47367,0.30543678520446127
4755,19.807000000000002,75.293,0.15787,0.29366166671851734
4756,19.808,75.29899999999999,0.24559,0.2940168508146843
4757,19.808,75.25,0.50876,0.2919906038786867
4758,19.809,75.296,0.40349,0.2939995273339323
4759,19.81,75.21600000000001,0.3684,0.29081045244463044
4760,19.81,75.289,0.15787,0.2938166038619926
4761,19.81,75.29899999999999,0.24559,0.2942303118396077
4762,19.81,75.295,0.15787,0.29406485909103974
4763,19.811,75.28699999999999,0.40349,0.29384049543777657
4764,19.811,75.288,0.35086,0.2938818715953537
4765,19.811,75.293,0.31577,0.2940887344511558
4766,19.811,75.294,0.31577,0.2941301015277883
4767,19.811,75.289,0.3684,0.29392324692029836
4768,19.812,75.293,0.15787,0.2941952544980474
4769,19.812,75.304,0.28068000000000004,0.29465004408484385
4770,19.812,75.619,0.33331,0.30595762655306646
4771,19.812,75.29899999999999,0.28068000000000004,0.2944433779953346
4772,19.812,75.297,0.40349,0.2943606826671976
4773,19.813,75.292,0.35086,0.29426031784964923
4774,19.813,76.257,0.19384,0.2930137650880481
4775,19.814,75.3,0.26313000000000003,0.29469737630237114
4776,19.814,75.297,0.3684,0.29457337571975206
4777,19.815,75.289,0.35086,0.294348824612779
4778,19.815,75.293,0.28068000000000004,0.29451421671614053
4779,19.816,75.294,0.35086,0.2946616740225365
4780,19.816,75.298,0.29822,0.29482699351058017
4781,19.816,75.303,0.29822,0.29503355830889477
4782,19.816,75.291,0.38594,0.2945376563945705
4783,19.816,75.298,0.31577,0.29482699351058017
4784,19.817,75.295,0.2105,0.2948090159578287
4785,19.817,75.28399999999999,0.22804000000000002,0.29435430551568276
4786,19.817999999999998,75.291,0.40349,0.29474961821043
4787,19.817999999999998,75.297,0.43858,0.2949975581905404
4788,19.817999999999998,75.309,0.40349,0.29549300789682376
4789,19.817999999999998,75.288,0.22804000000000002,0.2946256201781565
4790,19.819000000000003,75.291,0.28068000000000004,0.2948554471038366
4791,19.819000000000003,75.28699999999999,0.28068000000000004,0.29469013759869367
4792,19.819000000000003,75.301,0.40349,0.29526855484369374
4793,19.819000000000003,75.911,0.31577,0.309162827468624
4794,19.82,76.653,0.29822,0.24376501121558222
4795,19.820999999999998,75.29899999999999,0.28068000000000004,0.2953972168567164
4796,19.822,75.288,0.2105,0.29504839436112773
4797,19.822,75.297,0.38594,0.2954201179136918
4798,19.822,75.298,0.28068000000000004,0.29546140652640207
4799,19.823,74.619,0.43858,0.2792879156844168
4800,19.823,75.305,0.35086,0.2958556400310224
4801,19.824,75.249,0.28068000000000004,0.2936502970073195
4802,19.824,75.316,0.28068000000000004,0.2964141152448647
4803,19.825,75.289,0.29822,0.2954056897323002
4804,19.826,75.248,0.42103,0.29381994822056856
4805,19.827,75.141,0.074322,0.2896340285580865
4806,19.828,75.53399999999999,0.33331,0.3051136988308786
4807,19.83,74.718,0.17792,0.2797556902466146
4808,19.834,74.036,0.71411,0.30827513948808716
4809,19.834,74.169,0.71344,0.2979193808842927
4810,19.838,74.413,0.1493,0.28530982664872173
4811,19.839000000000002,75.066,0.091866,0.28811888899774774
4812,19.840999999999998,75.06,0.11609000000000001,0.28811712571084436
4813,19.844,75.05199999999999,0.070353,0.28815168621222353
4814,19.844,75.064,0.075299,0.28856832514370045
4815,19.845,74.97800000000001,0.091866,0.28588376935821147
4816,19.845,74.979,0.15035,0.28591331846418144
4817,19.845,74.975,0.050244,0.2857955655897736
4818,19.846,74.979,0.050269,0.2860164443279948
4819,19.846,75.066,0.11108,0.2888456255081714
4820,19.849,75.62100000000001,0.40349,0.30978203744365895
4821,19.851,74.848,0.1044,0.2833529484235555
4822,19.851,75.25399999999999,0.35086,0.29666485504588413
4823,19.858,75.061,0.15202000000000002,0.2899032968869961
4824,19.86,75.252,0.13455999999999999,0.2975012165946662
4825,19.861,75.257,0.15035,0.29780771420815044
4826,19.861,75.25399999999999,0.3684,0.29768468143170557
4827,19.862000000000002,75.257,0.38594,0.2979090520745252
4828,19.862000000000002,75.257,0.42103,0.2979090520745252
4829,19.862000000000002,75.253,0.35086,0.29774504143924063
4830,19.862000000000002,75.253,0.42103,0.29774504143924063
4831,19.862000000000002,75.25399999999999,0.38594,0.2977860338939037
4832,19.862000000000002,75.255,0.33331,0.29782703332770155
4833,19.862000000000002,75.256,0.35086,0.29786803947512297
4834,19.863,75.25399999999999,0.24559,0.2978872705273342
4835,19.863,75.256,0.43858,0.2979692664097455
4836,19.863,75.257,0.24559,0.2980102741167714
4837,19.863,75.258,0.43858,0.2980512879853453
4838,19.863,75.257,0.35086,0.2980102741167714
4839,19.863,75.256,0.29822,0.2979692664097455
4840,19.863,75.257,0.40349,0.2980102741167714
4841,19.863,75.257,0.33331,0.2980102741167714
4842,19.864,75.258,0.38594,0.2981523889711347
4843,19.867,76.542,0.13097,0.26647548438693447
4844,19.867,75.843,0.33331,0.3143915758152508
4845,19.87,74.874,0.1988,0.2857697298262989
4846,19.875999999999998,75.319,0.56139,0.3018548521789347
4847,19.877,75.624,0.42103,0.31260998322378153
4848,19.878,74.032,0.17540999999999998,0.3113861465201343
4849,19.879,75.815,0.38594,0.3155331394028519
4850,19.887,74.946,0.10607,0.2891979178994766
4851,19.892,75.604,0.42103,0.313532489670027
4852,19.893,75.485,0.49121000000000004,0.3099209688970809
4853,19.897000000000002,76.036,0.43858,0.3138314855820661
4854,19.899,75.42,0.29822,0.30810800261583415
4855,19.904,74.48100000000001,0.15716,0.28900875281633087
4856,19.906,74.752,0.037729,0.2873518191252441
4857,19.908,75.782,0.083512,0.3180892569561512
4858,19.909000000000002,74.038,0.010928,0.31268102075963033
4859,19.91,74.767,0.16789,0.2878747424492799
4860,19.91,74.618,0.38594,0.28747847129355697
4861,19.910999999999998,76.308,0.45611999999999997,0.29830317886686675
4862,19.912,74.53699999999999,0.10022,0.2885593961143499
4863,19.916,73.999,0.39671999999999996,0.316225748526511
4864,19.922,74.935,0.12044,0.29224589918035015
4865,19.922,75.718,0.35086,0.3186769431189851
4866,19.927,75.37,0.24559,0.3087969440935938
4867,19.934,75.582,0.22804000000000002,0.3168056863114753
4868,19.936,74.017,0.31735,0.31576645520752955
4869,19.936,75.889,0.33331,0.32046772123593104
4870,19.945999999999998,75.687,0.43858,0.320294674755245
4871,19.945999999999998,75.822,0.29822,0.3216029619581131
4872,19.948,75.266,0.29822,0.30652402309049
4873,19.951,74.018,0.60834,0.31641193056863604
4874,19.952,75.872,0.5263,0.32197094250170066
4875,19.955,75.271,0.17540999999999998,0.30735453370449317
4876,19.955,75.741,0.47367,0.321861515367618
4877,19.955,75.39699999999999,0.28068000000000004,0.3123793427314706
4878,19.956,75.85600000000001,0.31577,0.3223938895772487
4879,19.956,76.50399999999999,0.45611999999999997,0.28035830763286906
4880,19.957,74.617,0.2105,0.2914817373210189
4881,19.957,75.238,0.29822,0.3061953049139603
4882,19.963,74.84100000000001,0.18878,0.29374788184172007
4883,19.967,74.116,0.42353999999999997,0.31012639204430426
4884,19.969,76.50399999999999,0.45611999999999997,0.2814982683683982
4885,19.989,76.26899999999999,0.31577,0.30834128538825745
4886,19.992,74.789,0.23055,0.295281126464083
4887,19.992,74.727,0.1988,0.2945439615392649
4888,19.992,75.539,0.43858,0.3204950272275361
4889,19.995,73.611,0.43858,0.3550101218349495
4890,20.01,76.12899999999999,0.17540999999999998,0.31925519800101887
4891,20.019000000000002,74.017,0.8462799999999999,0.3193243237888185
4892,20.022000000000002,74.994,0.18878,0.3026240717163231
4893,20.022000000000002,74.638,0.45611999999999997,0.29644799349591167
4894,20.023,74.639,0.38594,0.296520399580684
4895,20.027,74.611,0.38594,0.2968503526245999
4896,20.031,74.637,0.5263,0.29709472295423567
4897,20.034000000000002,75.58800000000001,0.3684,0.3251553977718521
4898,20.035,75.524,0.10455999999999999,0.3233767551500065
4899,20.035999999999998,75.842,0.29822,0.32863891170031734
4900,20.063,74.508,0.0033084000000000004,0.3000897746172225
4901,20.072,74.01899999999999,0.13197,0.32088345648927286
4902,20.086,75.21600000000001,0.38594,0.31552069203126876
4903,20.087,75.194,0.29822,0.3147207315584245
4904,20.089000000000002,74.452,0.11517999999999999,0.3025050374223174
4905,20.090999999999998,75.704,0.26313000000000003,0.33143361743074007
4906,20.096,74.791,0.14701,0.30290111591697255
4907,20.096,75.692,0.43858,0.3315621232967809
4908,20.098,76.559,0.35086,0.2835860190967572
4909,20.1,76.499,0.22804000000000002,0.29187959127874885
4910,20.105999999999998,75.014,0.13614,0.3093541758799646
4911,20.108,76.15899999999999,0.40349,0.32399555806169356
4912,20.109,75.248,0.29822,0.31831641542667266
4913,20.119,75.48899999999999,0.40349,0.32790493232554985
4914,20.124000000000002,75.645,0.2247,0.33237112284011705
4915,20.133,75.808,0.21479,0.3346655403981942
4916,20.137999999999998,74.586,0.10147,0.3037355614894509
4917,20.154,74.742,0.16789,0.3055601680845894
4918,20.166,74.90100000000001,0.15035,0.3095166460184857
4919,20.174,75.21600000000001,0.5263,0.3208574251442624
4920,20.174,75.368,0.5263,0.32670820786684585
4921,20.187,74.238,0.1988,0.3125436982893529
4922,20.189,75.258,0.22804000000000002,0.3232567130424966
4923,20.209,74.024,0.8730100000000001,0.32289246084440915
4924,20.217,73.852,0.42317,0.3334596490418481
4925,20.218,74.04899999999999,0.31744,0.32159690697770704
4926,20.218,74.072,0.18544000000000002,0.3204082227983658
4927,20.219,74.03399999999999,0.5555399999999999,0.32240150263733647
4928,20.219,74.095,0.23806999999999998,0.31927563514395163
4929,20.22,74.039,0.079334,0.322138886425119
4930,20.22,74.102,0.58228,0.31894824113913955
4931,20.22,74.10600000000001,0.79364,0.31875741296697924
4932,20.223,74.108,0.37006999999999995,0.3186945889604975
4933,20.223,75.35,0.35086,0.3283009668212037
4934,20.223,74.012,0.1587,0.32361752364478047
4935,20.226,74.00399999999999,0.37006999999999995,0.32406753203867933
4936,20.226,74.012,0.5029100000000001,0.3236248107681674
4937,20.234,74.056,0.18544000000000002,0.3213237317486848
4938,20.234,73.85600000000001,0.10577,0.3329904976349787
4939,20.234,74.098,0.8730100000000001,0.31926659742817876
4940,20.234,73.85600000000001,0.5289699999999999,0.3329904976349787
4941,20.234,73.858,0.55542,0.33286061035255743
4942,20.234,74.062,0.39681,0.32102062346547944
4943,20.238,74.005,0.47617,0.32401937856604945
4944,20.238,74.084,0.2907,0.3199611567192966
4945,20.239,74.858,0.1988,0.3118365539183242
4946,20.24,74.03399999999999,0.34417,0.3224742236858841
4947,20.24,73.89699999999999,0.09604299999999999,0.33031620425884467
4948,20.241,74.09,0.37006999999999995,0.31969330774609106
4949,20.242,74.066,0.13197,0.3208577152159313
4950,20.247,74.085,0.58228,0.3199622046201266
4951,20.248,74.056,0.5555399999999999,0.32137122680014085
4952,20.248,74.208,0.13113,0.314837592670828
4953,20.25,74.087,0.13197,0.319881702523658
4954,20.25,73.97,0.37006999999999995,0.32592346877967915
4955,20.250999999999998,73.972,0.31744,0.32580613536369574
4956,20.253,74.096,0.66164,0.31947783408906816
4957,20.253,75.437,0.40349,0.3324899752741044
4958,20.253,74.075,0.0526,0.3204599018603683
4959,20.254,73.97,0.2648,0.3259010390496755
4960,20.254,74.064,0.58228,0.32099119902738904
4961,20.254,74.065,0.2648,0.32094274326478633
4962,20.255,74.074,0.10607,0.3205130222425454
4963,20.255,74.056,0.5029100000000001,0.3213830211590748
4964,20.256,73.97,0.44943999999999995,0.3258888666116281
4965,20.256,74.05199999999999,0.23806999999999998,0.3215806996749361
4966,20.257,74.061,0.2907,0.32114137006004073
4967,20.257,74.069,0.2648,0.32075596653991323
4968,20.258,74.05199999999999,0.6349100000000001,0.3215816401303595
4969,20.258,74.077,0.37006999999999995,0.32037826763675015
4970,20.258,74.078,0.2648,0.32033121395992004
4971,20.258,76.263,0.18598,0.32281654552616224
4972,20.259,73.999,0.37006999999999995,0.32429461833503304
4973,20.259,74.07600000000001,0.10607,0.3204275399990253
4974,20.259,74.1,0.079334,0.3193214829947135
4975,20.262,74.084,0.6349100000000001,0.32006072221657555
4976,20.262,74.067,0.58228,0.3208581315548976
4977,20.265,74.062,0.1587,0.32109787846589277
4978,20.265,74.067,0.8462799999999999,0.32085996788222115
4979,20.273,74.069,0.6349100000000001,0.3207643920244998
4980,20.289,76.434,0.35086,0.3071140800134132
4981,20.3,75.657,0.3684,0.33933751205047247
4982,20.301,74.027,0.7401800000000001,0.3226128375320584
4983,20.302,74.043,0.0526,0.32185275729983676
4984,20.309,76.301,0.40349,0.3205230137161733
4985,20.311,74.056,0.7401800000000001,0.32119192043705835
4986,20.312,74.719,0.18878,0.3113861216427982
4987,20.313,75.839,0.29822,0.3405554888408395
4988,20.319000000000003,74.76,0.34384000000000003,0.3122529482646519
4989,20.323,75.61,0.42103,0.3388879312637336
4990,20.325,75.225,0.47367,0.3268604968841946
4991,20.325,75.255,0.40349,0.3279782467562514
4992,20.326,74.895,0.1624,0.31558594229664083
4993,20.328,75.956,0.2105,0.3390158719357188
4994,20.335,73.97,0.44943999999999995,0.3249018672632764
4995,20.339000000000002,75.34899999999999,0.3684,0.33165537281200363
4996,20.34,76.221,0.35086,0.32690970866099867
4997,20.343,75.59100000000001,0.33331,0.33875668084057287
4998,20.343,76.47800000000001,0.1886,0.30249012413191123
4999,20.351,73.973,0.37006999999999995,0.32444085044233506
5000,20.359,73.832,0.31735,0.3314247367500911
5001,20.361,74.07,0.2907,0.32003278626752063
5002,20.362000000000002,73.832,0.10572999999999999,0.3313205400582261
5003,20.362000000000002,73.832,0.079318,0.3313205400582261
5004,20.362000000000002,76.173,0.45611999999999997,0.33002923908181603
5005,20.366,74.021,0.58228,0.321973377499709
5006,20.369,74.038,0.58228,0.3211994603375681
5007,20.37,73.81,0.13222,0.3322208506938842
5008,20.374000000000002,73.834,0.64326,0.3307846978286846
5009,20.375,74.127,0.15867,0.31772593193816734
5010,20.375,75.99600000000001,0.026417000000000003,0.3379919040389663
5011,20.375999999999998,73.982,0.13222,0.3234653358302595
5012,20.377,74.067,0.71428,0.3198915148858048
5013,20.378,74.257,0.21159,0.3139358637854397
5014,20.379,74.257,0.23799,0.313930599866049
5015,20.379,73.832,0.079318,0.33070531072123754
5016,20.379,74.078,0.6875399999999999,0.3194355637043683
5017,20.379,74.257,0.47608999999999996,0.313930599866049
5018,20.379,74.258,0.71411,0.31390733838751816
5019,20.38,74.257,0.8730100000000001,0.31392516916831903
5020,20.383,74.079,0.34417,0.31932853899578906
5021,20.384,73.99,0.39681,0.3229180516104907
5022,20.384,74.02600000000001,0.1587,0.32139325468200897
5023,20.385,73.988,0.13197,0.32298043169860735
5024,20.385,73.99600000000001,0.23806999999999998,0.3226338087583682
5025,20.385,74.029,0.7669100000000001,0.3212485097175276
5026,20.385,74.047,0.7669100000000001,0.32052409846300634
5027,20.385,74.263,0.079318,0.31375930639818583
5028,20.386,73.99,0.63741,0.3228685758495484
5029,20.386,74.251,0.5289699999999999,0.314028050993574
5030,20.386,73.722,0.17540999999999998,0.3363757788512397
5031,20.387,74.05,0.23806999999999998,0.32036508573815514
5032,20.387,73.832,0.37024,0.3304013034440825
5033,20.387,74.263,0.10577,0.31374696213289843
5034,20.387,73.718,0.35086,0.3365494906102062
5035,20.387999999999998,75.638,0.26313000000000003,0.339848709664597
5036,20.387999999999998,73.72800000000001,0.46781999999999996,0.3359452392447949
5037,20.389,73.722,0.23389000000000001,0.3362286293902541
5038,20.389,75.643,0.42103,0.3399252315230771
5039,20.389,73.723,0.11692999999999999,0.3361732325397969
5040,20.389,74.062,0.5029100000000001,0.3198598247257054
5041,20.39,73.719,0.29236999999999996,0.33634535446891145
5042,20.39,73.832,0.39671999999999996,0.33028492534971077
5043,20.39,73.725,0.11692999999999999,0.3360134840192597
5044,20.391,73.72,0.29236999999999996,0.3362403218479144
5045,20.392,73.725,0.40934,0.33591500750460135
5046,20.393,74.039,0.13197,0.32067099242809594
5047,20.393,73.84899999999999,0.18512,0.32930195690261543
5048,20.394000000000002,73.72800000000001,0.40934,0.33565156246758776
5049,20.395,74.257,0.44961999999999996,0.31382372152029603
5050,20.396,74.258,0.39671999999999996,0.3137933368097853
5051,20.396,74.257,0.37024,0.3138156276785403
5052,20.396,74.258,0.8730100000000001,0.3137933368097853
5053,20.397000000000002,73.84899999999999,0.10572999999999999,0.3291491911640688
5054,20.4,73.84899999999999,0.44961999999999996,0.32903310715559153
5055,20.401,73.988,0.58228,0.32256260623221344
5056,20.401,73.99,0.42353999999999997,0.32247811097820944
5057,20.401,74.275,0.31735,0.31338952565857914
5058,20.402,74.024,0.2907,0.3210563434513496
5059,20.404,73.833,0.5554600000000001,0.3296745435925913
5060,20.409000000000002,74.26,0.95221,0.31363088395891425
5061,20.410999999999998,75.434,0.42103,0.3350098757517691
5062,20.413,74.043,0.79348,0.3200453418267488
5063,20.417,74.116,0.0526,0.31739269069085496
5064,20.418,74.03,0.079334,0.32041097959105536
5065,20.419,74.04,0.47617,0.3200053450404563
5066,20.421,74.235,0.21165,0.31403993237746775
5067,20.421,74.218,0.18512,0.3144384121230078
5068,20.421,74.235,0.10577,0.31403993237746775
5069,20.422,74.233,0.21156999999999998,0.31407183834077934
5070,20.429000000000002,74.414,0.5289699999999999,0.3112727200678912
5071,20.433,76.35,0.2017,0.3153692703672001
5072,20.434,74.01,0.31744,0.32071975505420347
5073,20.435,73.995,0.8462799999999999,0.3212705866355753
5074,20.437,74.235,0.13222,0.31380215228802044
5075,20.442,76.317,0.35086,0.31817348898140163
5076,20.444000000000003,76.339,0.31577,0.3161383713074396
5077,20.445999999999998,76.42,0.09604299999999999,0.3079778836250201
5078,20.45,74.032,0.0526,0.31940842180498175
5079,20.45,74.041,0.6349100000000001,0.3190888092565386
5080,20.451,73.902,0.15867,0.32451850435949026
5081,20.451,74.02199999999999,0.10607,0.31973743407940236
5082,20.451,74.087,0.2907,0.31751089443224245
5083,20.451,74.092,0.13197,0.31735134489535455
5084,20.451,75.668,0.3684,0.3397085766521566
5085,20.454,73.72,0.58478,0.33284053454355067
5086,20.454,76.354,0.28068000000000004,0.3144690222758977
5087,20.454,76.553,0.33331,0.29171533314022335
5088,20.458,73.72,0.35086,0.33260701098450096
5089,20.461,76.263,0.2105,0.32214467049415285
5090,20.462,76.32300000000001,0.24559,0.3170980121093774
5091,20.468,73.851,0.079318,0.32597319253865475
5092,20.468,75.97399999999999,0.43858,0.33710003299089497
5093,20.469,74.077,0.34417,0.3173010779571822
5094,20.469,73.832,0.1587,0.3267641254656727
5095,20.474,74.564,0.18512,0.31090986806816945
5096,20.477,74.582,0.23799,0.31101300570942414
5097,20.479,74.352,0.34381999999999996,0.3112321841991299
5098,20.480999999999998,73.85300000000001,0.1587,0.32524898194373686
5099,20.482,74.765,0.26447,0.3136569107838537
5100,20.484,74.012,0.5029100000000001,0.3189358968869267
5101,20.486,74.566,0.052867,0.31079964438103713
5102,20.486,74.76,0.39671999999999996,0.313520901228721
5103,20.486,74.777,0.29095,0.31387983733728486
5104,20.487,74.74600000000001,0.1587,0.31323004039485636
5105,20.489,74.759,0.42321000000000003,0.31347399162004885
5106,20.493000000000002,74.597,0.23799,0.3109735324695164
5107,20.502,74.749,0.63477,0.3131365494478846
5108,20.503,74.764,0.44961,0.3134320791284765
5109,20.504,74.748,0.052867,0.3130928975374597
5110,20.504,73.722,0.64326,0.3296862512508897
5111,20.504,75.441,0.45611999999999997,0.3341121191290851
5112,20.511999999999997,74.433,0.26447,0.3101061011167765
5113,20.517,73.863,0.37027,0.32297281589917803
5114,20.517,73.863,0.052867,0.32297281589917803
5115,20.517,73.88,0.15867,0.32230969366970597
5116,20.517,73.88,0.87284,0.32230969366970597
5117,20.518,73.87899999999999,0.55542,0.32229578945759674
5118,20.519000000000002,74.439,0.5554600000000001,0.309951011764661
5119,20.529,74.684,0.016676,0.31157138789818506
5120,20.531,73.972,0.60834,0.31829258782072334
5121,20.531,74.03,0.079318,0.3164468677470751
5122,20.531999999999996,73.883,0.26447,0.32139594684422046
5123,20.534000000000002,73.878,0.10577,0.32147382815483017
5124,20.534000000000002,73.878,0.71413,0.32147382815483017
5125,20.541,74.50399999999999,0.37024,0.3095343122979163
5126,20.543000000000003,75.564,0.43858,0.3357708112377369
5127,20.545,74.442,0.39671999999999996,0.3093514992800649
5128,20.548000000000002,73.96600000000001,0.39671999999999996,0.31766171671999055
5129,20.548000000000002,73.969,0.47608999999999996,0.3175646113093227
5130,20.55,75.336,0.31577,0.3298635529137155
5131,20.551,73.806,0.5289699999999999,0.3232117296715228
5132,20.552,73.707,0.9782799999999999,0.32707046500304693
5133,20.555,73.803,0.31735,0.32307432487371246
5134,20.555999999999997,73.795,0.13222,0.32331705494256413
5135,20.555999999999997,74.02600000000001,0.42321000000000003,0.31543524728140737
5136,20.557,76.023,0.15035,0.3319129469030395
5137,20.558000000000003,73.90899999999999,0.052867,0.31903782313784346
5138,20.558000000000003,73.806,0.21159,0.32276936105375165
5139,20.561,73.83,0.15867,0.3216819856180152
5140,20.570999999999998,73.829,0.13222,0.3210914936646888
5141,20.573,74.545,0.50249,0.30896219219170484
5142,20.573,74.546,0.18512,0.30896954640774854
5143,20.574,74.02,0.21159,0.3147323584374141
5144,20.574,74.672,0.052867,0.31041149034483906
5145,20.574,73.829,0.23801999999999998,0.3209008737963924
5146,20.576,74.025,0.18512,0.31449395323637275
5147,20.578000000000003,75.193,0.28068000000000004,0.32446051957158484
5148,20.579,75.374,0.26313000000000003,0.32998804824902617
5149,20.579,74.67399999999999,0.23801999999999998,0.310312264568969
5150,20.583000000000002,73.976,0.34384000000000003,0.315529122186747
5151,20.584,74.13,0.34417,0.31156069071358006
5152,20.585,75.764,0.3684,0.3355098841183981
5153,20.590999999999998,73.99600000000001,0.68771,0.31452231246021745
5154,20.590999999999998,73.997,0.10572999999999999,0.31449431254438476
5155,20.593000000000004,73.999,0.1851,0.314331036538261
5156,20.593000000000004,73.999,0.9523799999999999,0.314331036538261
5157,20.593000000000004,73.999,0.58186,0.314331036538261
5158,20.594,73.999,0.60834,0.3142771266884652
5159,20.594,73.999,0.1587,0.3142771266884652
5160,20.598000000000003,75.423,0.24559,0.330514480887353
