17.89472222,73.40111111,0.028896592
17.89472222,73.40138889,0.028221725
17.89472222,73.40222222,0.027546857
17.89472222,73.40305556,0.029571459
17.89472222,73.40333333,0.02687199
17.89472222,73.40388889,0.027546857
17.89472222,73.40416667,0.028221725
17.89472222,73.40444444,0.02687199
17.89472222,73.40472222,0.029571459
17.89472222,73.40555556,0.029571459
17.89472222,73.40694444,0.027546857
17.89472222,73.40888889,0.028221725
17.89472222,73.43388889,0.027546857
17.89472222,73.48111111,0.028221725
17.89472222,73.48222222,0.028221725
17.9125,74.90333333,0.03874352
17.91333333,74.64,0.013067886
17.92888889,75.36361111,0.035859996
17.94222222,74.88333333,0.039479739
17.94666667,74.87388889,0.032148225
17.94666667,74.87472222,0.028988619
17.94888889,74.84638889,0.040461364
17.94888889,74.84694444,0.037516488
17.94972222,74.84694444,0.038252707
17.95,74.84611111,0.040890825
17.95027778,74.84666667,0.037884598
17.95027778,74.85222222,0.041044204
17.95055556,74.84638889,0.055921961
17.95055556,74.84777778,0.056412773
17.95083333,74.84805556,0.040461364
17.95083333,74.85611111,0.056228719
17.95083333,74.87611111,0.040890825
17.95111111,74.85444444,0.031442682
17.95138889,74.85361111,0.03174944
17.95138889,74.85583333,0.031381331
17.95166667,74.84805556,0.041044204
17.95166667,74.85138889,0.038620817
17.95166667,74.85805556,0.041258934
17.95166667,74.86527778,0.037700543
17.95194444,74.85305556,0.043528943
17.95194444,74.85666667,0.047210037
17.95222222,74.85194444,0.040461364
17.9525,74.87,0.055921961
17.95277778,74.85583333,0.040768122
17.95305556,74.84972222,0.055921961
17.95305556,74.85666667,0.040768122
17.95305556,74.85722222,0.042577993
17.95333333,74.84861111,0.05629007
17.95333333,74.85611111,0.037516488
17.95333333,74.86638889,0.04107488
17.95333333,74.87583333,0.031442682
17.95444444,74.84944444,0.037516488
17.95444444,74.89638889,0.045062732
17.95472222,74.8625,0.04107488
17.95472222,74.88416667,0.044142458
17.955,74.87027778,0.042577993
17.95527778,74.83472222,0.037393785
17.95527778,74.86055556,0.040768122
17.95527778,74.86111111,0.037823246
17.95527778,74.86138889,0.041197583
17.95527778,74.86166667,0.040952176
17.95555556,74.84944444,0.037393785
17.95555556,74.85611111,0.056474125
17.95555556,74.86222222,0.037516488
17.95555556,74.86583333,0.039295684
17.95555556,74.86694444,0.038620817
17.95555556,74.87333333,0.037823246
17.95555556,74.87555556,0.037700543
17.95583333,74.87305556,0.041136231
17.95583333,74.87444444,0.038896899
17.95583333,74.8775,0.038283383
17.95611111,74.87194444,0.046964631
17.95611111,74.875,0.031442682
17.95638889,74.84944444,0.044449216
17.95638889,74.87166667,0.040584067
17.95638889,74.87555556,0.04107488
17.95666667,74.85111111,0.035553238
17.95666667,74.87583333,0.040645419
17.95722222,74.85333333,0.052731679
17.95722222,74.85472222,0.037700543
17.95722222,74.85916667,0.038252707
17.9575,74.85,0.034326206
17.9575,74.85972222,0.042577993
17.9575,74.86861111,0.037884598
17.9575,74.87472222,0.035123777
17.95777778,74.89055556,0.03524648
17.95805556,74.85,0.050584374
17.95805556,74.86611111,0.037823246
17.95805556,74.87222222,0.037700543
17.95805556,74.87833333,0.038007301
17.95833333,74.85583333,0.02941808
17.95833333,74.85972222,0.041811098
17.95861111,74.88805556,0.032056198
17.95888889,74.85722222,0.038620817
17.95888889,74.87694444,0.03954109
17.95916667,74.85388889,0.03524648
17.95916667,74.85638889,0.0496641
17.95916667,74.86527778,0.04107488
17.95916667,74.89472222,0.034326206
17.95944444,74.85055556,0.037393785
17.95944444,74.87583333,0.038252707
17.95944444,74.87777778,0.038252707
17.95972222,74.8725,0.038007301
17.95972222,74.895,0.049357342
17.95972222,75.52055556,0.038314059
17.96,74.85888889,0.042577993
17.96,74.85972222,0.038130004
17.96,74.87416667,0.037516488
17.96027778,74.8675,0.034448909
17.96027778,74.91388889,0.035553238
17.96055556,74.855,0.043528943
17.96055556,74.85888889,0.038007301
17.96055556,74.86083333,0.038252707
17.96055556,74.8625,0.040645419
17.96055556,74.86694444,0.036442836
17.96055556,74.875,0.041442989
17.96083333,74.85722222,0.053038437
17.96083333,74.86138889,0.038252707
17.96083333,74.89388889,0.035062425
17.96083333,74.90416667,0.0496641
17.96083333,74.91416667,0.0496641
17.96111111,74.85333333,0.046903279
17.96111111,74.865,0.040584067
17.96111111,74.91138889,0.03874352
17.96111111,75.09111111,0.026043744
17.96138889,74.85944444,0.041197583
17.96138889,74.86138889,0.038252707
17.96138889,74.87361111,0.041320286
17.96138889,74.87416667,0.055645879
17.96138889,74.91555556,0.052424921
17.96166667,74.8575,0.0496641
17.96166667,74.85861111,0.041166907
17.96166667,74.86194444,0.042577993
17.96166667,74.86305556,0.041166907
17.96166667,74.87972222,0.034326206
17.96166667,74.90277778,0.03524648
17.96194444,74.86361111,0.05629007
17.96194444,74.9025,0.046289763
17.96194444,74.90333333,0.041381637
17.96222222,74.85277778,0.035553238
17.96222222,74.86388889,0.042577993
17.96222222,74.86527778,0.031381331
17.96222222,74.87944444,0.041350962
17.96222222,74.88472222,0.040277309
17.96222222,74.89305556,0.030645112
17.9625,74.8575,0.044449216
17.9625,74.86583333,0.038252707
17.9625,74.87166667,0.032056198
17.9625,74.87722222,0.052424921
17.9625,74.885,0.055185742
17.96277778,74.86472222,0.052424921
17.96277778,74.87027778,0.409460413
17.96277778,74.8725,0.047823553
17.96277778,74.88611111,0.031227952
17.96277778,74.90416667,0.038620817
17.96277778,74.905,0.034326206
17.96305556,74.86722222,0.040461364
17.96305556,74.88611111,0.034019448
17.96305556,74.90361111,0.038620817
17.96305556,74.91527778,0.03524648
17.96305556,74.91638889,0.052118163
17.96333333,74.85722222,0.037700543
17.96333333,74.88583333,0.038620817
17.96333333,74.8975,0.034326206
17.96361111,74.87333333,0.03816068
17.96361111,74.90305556,0.035737293
17.96388889,74.85666667,0.035553238
17.96388889,74.87666667,0.038774196
17.96388889,74.87972222,0.035123777
17.96416667,74.86833333,0.038007301
17.96416667,74.87027778,0.052424921
17.96416667,74.87444444,0.041320286
17.96416667,74.9225,0.037516488
17.96444444,74.86722222,0.031718764
17.96444444,74.87027778,0.041228259
17.96444444,74.88,0.047854229
17.96444444,74.90361111,0.037393785
17.96472222,74.88222222,0.041258934
17.96472222,74.88638889,0.031197276
17.96472222,74.91416667,0.040768122
17.965,74.88,0.041320286
17.965,74.915,0.037393785
17.96527778,74.85805556,0.030338354
17.96527778,74.88055556,0.044909353
17.96527778,74.89166667,0.0496641
17.96527778,74.9025,0.038620817
17.96527778,74.92222222,0.034786343
17.96555556,74.86333333,0.032148225
17.96555556,74.87166667,0.031718764
17.96555556,74.91444444,0.035553238
17.96555556,74.91694444,0.043528943
17.96583333,74.89555556,0.049970858
17.96611111,74.87416667,0.032056198
17.96611111,74.88055556,0.050584374
17.96611111,74.9025,0.044449216
17.96611111,74.9175,0.047516795
17.96638889,74.88277778,0.054572226
17.96638889,74.88305556,0.038774196
17.96638889,74.89111111,0.037087027
17.96638889,74.89166667,0.043528943
17.96638889,74.91777778,0.0496641
17.96638889,74.92083333,0.040768122
17.96638889,74.93166667,0.047854229
17.96666667,74.86694444,0.038774196
17.96666667,74.90444444,0.044449216
17.96666667,74.91,0.037700543
17.96694444,74.86527778,0.047976932
17.96694444,74.87583333,0.047056658
17.96722222,74.86666667,0.032056198
17.96722222,74.87472222,0.047823553
17.96722222,74.90527778,0.049970858
17.9675,74.87333333,0.044909353
17.9675,74.87916667,0.031872143
17.9675,74.88083333,0.036013375
17.96777778,74.86833333,0.031718764
17.96777778,74.86888889,0.056259394
17.96777778,74.88083333,0.03604405
17.96777778,74.89222222,0.031258628
17.96805556,74.86972222,0.052424921
17.96805556,74.87666667,0.028651186
17.96805556,74.88138889,0.047394092
17.96805556,74.90194444,0.035798644
17.96833333,74.89416667,0.032792417
17.96833333,74.91611111,0.034326206
17.96861111,74.88111111,0.037853922
17.96861111,74.90527778,0.038988926
17.96861111,74.91361111,0.0496641
17.96888889,74.86777778,0.041995153
17.96888889,74.87972222,0.031718764
17.96888889,74.88305556,0.038037977
17.96888889,74.90944444,0.035430535
17.96916667,74.87805556,0.047056658
17.96916667,74.88194444,0.047394092
17.96916667,74.91888889,0.052424921
17.96944444,74.86472222,0.053191816
17.96944444,74.87388889,0.043467591
17.96944444,74.88055556,0.050338967
17.96944444,74.89194444,0.024479279
17.96944444,74.89305556,0.032669714
17.96944444,74.91333333,0.043528943
17.96944444,74.91972222,0.034326206
17.96972222,74.86222222,0.042854075
17.96972222,74.90527778,0.033405933
17.97,74.86111111,0.047394092
17.97,74.87916667,0.047823553
17.97,74.88,0.045676248
17.97,74.88333333,0.041473665
17.97,74.89111111,0.038314059
17.97,74.89138889,0.043528943
17.97,74.89333333,0.034326206
17.97,74.97472222,0.035553238
17.97027778,74.87277778,0.046289763
17.97027778,74.88472222,0.047363416
17.97027778,74.89111111,0.034755667
17.97027778,74.89333333,0.033191202
17.97027778,74.89666667,0.038927574
17.97027778,74.90416667,0.037087027
17.97027778,74.92,0.035553238
17.97055556,74.87444444,0.04536949
17.97055556,74.88666667,0.031872143
17.97083333,74.87722222,0.045522869
17.97083333,74.89194444,0.030829167
17.97083333,74.91277778,0.037700543
17.97111111,74.88694444,0.031718764
17.97111111,74.89638889,0.27694101
17.97111111,74.90111111,0.043528943
17.97111111,74.91611111,0.03524648
17.97138889,74.86888889,0.035093101
17.97138889,74.87916667,0.042363263
17.97138889,74.88111111,0.038651492
17.97138889,74.89638889,0.032976472
17.97138889,74.9075,0.030277002
17.97166667,74.87027778,0.032025522
17.97166667,74.88694444,0.034050124
17.97166667,74.89194444,0.025000767
17.97166667,74.89638889,0.033191202
17.97194444,74.86638889,0.035767968
17.97194444,74.87361111,0.047363416
17.97222222,74.8725,0.033405933
17.97222222,74.88666667,0.031718764
17.9725,74.895,0.038314059
17.97277778,74.86222222,0.036105402
17.97277778,74.86305556,0.034019448
17.97277778,74.86527778,0.031718764
17.97277778,74.87277778,0.031197276
17.97277778,74.87916667,0.033589987
17.97277778,74.90611111,0.037087027
17.97305556,74.86388889,0.03954109
17.97305556,74.88138889,0.033405933
17.97333333,74.875,0.032056198
17.97333333,74.90138889,0.03524648
17.97361111,74.86138889,0.044755974
17.97361111,74.87361111,0.028651186
17.97361111,74.87583333,0.031197276
17.97361111,74.87916667,0.034786343
17.97361111,74.91194444,0.031197276
17.97388889,74.90583333,0.041688395
17.97416667,74.89888889,0.043528943
17.97444444,74.56361111,0.019755207
17.97444444,74.86222222,0.047056658
17.97444444,74.89388889,0.030645112
17.97444444,74.89416667,0.038712844
17.97444444,74.89694444,0.049357342
17.97444444,74.89722222,0.037148379
17.975,74.87027778,0.046289763
17.975,74.87111111,0.031872143
17.975,74.88111111,0.038191356
17.97527778,74.86305556,0.056596828
17.97555556,74.87055556,0.041688395
17.97555556,74.88111111,0.04245529
17.97555556,74.90388889,0.035859996
17.97583333,74.86277778,0.047455443
17.97583333,74.87083333,0.03816068
17.97611111,74.86388889,0.043989079
17.97611111,74.87166667,0.035583914
17.97611111,74.88666667,0.038774196
17.97638889,74.87222222,0.043160833
17.97638889,74.87277778,0.038774196
17.97666667,74.86944444,0.032485659
17.97666667,74.88722222,0.043989079
17.97694444,74.86222222,0.0554925
17.97694444,74.86638889,0.0525783
17.97694444,74.87277778,0.047823553
17.97694444,74.90722222,0.038927574
17.97722222,74.88111111,0.038314059
17.97722222,74.89138889,0.049357342
17.97722222,74.90055556,0.005368263
17.9775,74.86277778,0.040185282
17.9775,74.86888889,0.037700543
17.9775,74.88027778,0.040921501
17.9775,74.88527778,0.034326206
17.9775,74.90361111,0.037393785
17.97777778,74.87305556,0.052424921
17.97777778,74.89027778,0.037393785
17.97777778,74.90583333,0.044449216
17.97805556,74.88583333,0.030338354
17.97805556,74.9,0.041197583
17.97805556,74.90805556,0.049480045
17.97833333,74.90861111,0.038191356
17.97861111,74.86472222,0.056412773
17.97861111,74.87916667,0.041258934
17.97861111,74.89638889,0.038927574
17.97861111,74.905,0.036166754
17.97861111,74.90638889,0.038498113
17.97888889,74.87694444,0.034019448
17.97888889,74.89,0.034019448
17.97916667,74.86638889,0.047394092
17.97916667,74.87138889,0.042792724
17.97916667,74.88555556,0.031197276
17.97916667,74.88972222,0.035553238
17.97916667,74.89666667,0.038620817
17.97916667,74.89888889,0.034755667
17.97944444,74.86333333,0.049357342
17.97944444,74.86638889,0.043467591
17.97944444,74.87944444,0.035706617
17.97944444,74.88972222,0.044449216
17.97944444,74.90388889,0.039080953
17.97972222,74.86277778,0.046289763
17.97972222,74.86777778,0.03816068
17.97972222,74.86888889,0.035553238
17.97972222,74.87027778,0.048927881
17.97972222,74.89333333,0.037393785
17.97972222,74.90833333,0.037884598
17.98,74.90388889,0.044449216
17.98,74.90444444,0.058253321
17.98027778,74.865,0.043467591
17.98027778,74.86833333,0.056259394
17.98027778,74.87138889,0.035093101
17.98027778,74.88916667,0.045062732
17.98027778,74.90833333,0.051504647
17.98027778,74.92333333,0.033712691
17.98055556,74.87944444,0.03058376
17.98055556,74.88611111,0.031718764
17.98055556,74.90277778,0.043528943
17.98055556,74.90444444,0.039111629
17.98083333,74.86416667,0.047823553
17.98083333,74.87972222,0.047394092
17.98083333,74.88833333,0.043222185
17.98083333,74.88944444,0.037087027
17.98083333,74.89777778,0.03524648
17.98083333,74.98111111,0.034326206
17.98138889,74.8875,0.037087027
17.98138889,74.91194444,0.031319979
17.98166667,74.83583333,0.052424921
17.98166667,74.87166667,0.056412773
17.98166667,74.88916667,0.0496641
17.98166667,74.90527778,0.0496641
17.98166667,74.9075,0.031994846
17.98194444,74.87388889,0.053191816
17.98194444,74.87777778,0.032485659
17.98194444,74.88,0.034786343
17.98194444,74.88916667,0.050584374
17.98194444,74.89777778,0.03604405
17.98194444,74.90555556,0.030092948
17.98194444,74.90666667,0.047823553
17.98222222,74.85166667,0.047363416
17.98222222,74.89111111,0.044449216
17.98222222,74.90916667,0.034142152
17.9825,74.88527778,0.056566152
17.9825,74.89777778,0.038927574
17.9825,74.905,0.040154606
17.98277778,74.86888889,0.049357342
17.98277778,74.87916667,0.036657566
17.98305556,74.86305556,0.043989079
17.98305556,74.89222222,0.049357342
17.98305556,74.90944444,0.041442989
17.98333333,74.90722222,0.041136231
17.98361111,74.87944444,0.044909353
17.98361111,74.90194444,0.02570631
17.98361111,74.90555556,0.029111322
17.98388889,74.88166667,0.047823553
17.98388889,74.88666667,0.042608669
17.98416667,74.87277778,0.056412773
17.98416667,74.88055556,0.047854229
17.98416667,74.88805556,0.044295837
17.98416667,74.88861111,0.038314059
17.98416667,74.90444444,0.038314059
17.98472222,74.88055556,0.053191816
17.98472222,74.8925,0.038314059
17.985,74.90722222,0.047210037
17.98527778,74.87444444,0.044633271
17.98527778,74.89666667,0.04187245
17.98555556,74.86888889,0.04187245
17.98555556,74.89111111,0.030031596
17.98555556,74.90055556,0.025184822
17.98555556,74.90527778,0.031258628
17.98555556,74.90805556,0.0554925
17.98611111,74.86638889,0.038314059
17.98611111,74.86833333,0.038314059
17.98611111,74.87027778,0.047823553
17.98611111,74.88111111,0.0438357
17.98611111,74.88361111,0.031197276
17.98611111,74.88722222,0.052424921
17.98611111,74.89444444,0.043528943
17.98638889,74.86527778,0.038620817
17.98638889,74.89527778,0.037393785
17.98666667,74.86888889,0.035737293
17.98666667,74.87055556,0.032976472
17.98666667,74.88166667,0.034786343
17.98666667,74.89472222,0.035553238
17.98694444,74.87194444,0.046289763
17.98694444,74.90416667,0.0554925
17.98694444,74.90527778,0.029111322
17.98722222,74.87472222,0.041320286
17.98722222,74.89,0.035859996
17.98722222,74.90555556,0.023282923
17.98722222,74.90833333,0.022914813
17.9875,74.88638889,0.048467744
17.9875,74.88972222,0.049541397
17.98777778,74.88694444,0.037087027
17.98777778,74.89833333,0.037393785
17.98777778,74.90055556,0.055799258
17.98805556,74.88722222,0.043989079
17.98805556,74.89,0.034326206
17.98805556,74.89694444,0.05119789
17.98805556,74.95694444,0.025430228
17.98833333,74.87305556,0.031718764
17.98833333,74.87777778,0.031504034
17.98833333,74.89027778,0.038314059
17.98833333,74.89472222,0.052424921
17.98833333,74.90861111,0.035553238
17.98861111,74.87472222,0.035185128
17.98861111,74.87666667,0.034479585
17.98861111,74.91583333,0.048897205
17.98888889,74.87027778,0.033037823
17.98888889,74.87416667,0.035553238
17.98888889,74.87611111,0.051811405
17.98888889,74.87722222,0.047670174
17.98888889,74.87777778,0.04536949
17.98888889,74.90611111,0.048437069
17.98916667,74.86583333,0.039111629
17.98916667,74.89222222,0.028957943
17.98916667,74.90527778,0.034142152
17.98916667,74.90611111,0.031565385
17.98944444,74.90305556,0.025215497
17.98944444,74.90361111,0.036013375
17.98972222,74.87583333,0.033651339
17.98972222,74.89222222,0.040461364
17.98972222,74.8975,0.05978711
17.98972222,74.89777778,0.028804565
17.98972222,74.90527778,0.038314059
17.99,74.865,0.0438357
17.99,74.86666667,0.030645112
17.99,74.86916667,0.053191816
17.99,74.87805556,0.038314059
17.99,74.89222222,0.036166754
17.99,74.8975,0.025276849
17.99,74.90777778,0.038314059
17.99,74.90805556,0.031197276
17.99055556,74.86472222,0.047823553
17.99055556,74.87444444,0.031718764
17.99055556,74.90805556,0.046780576
17.99083333,74.5525,0.03211755
17.99083333,74.86416667,0.038314059
17.99083333,74.86861111,0.030277002
17.99083333,74.87777778,0.047210037
17.99111111,74.865,0.035859996
17.99111111,74.86944444,0.052424921
17.99111111,74.87611111,0.050461671
17.99111111,74.88388889,0.031565385
17.99111111,74.89138889,0.025890365
17.99111111,74.8975,0.030031596
17.99138889,74.58555556,0.03058376
17.99138889,74.87277778,0.037853922
17.99138889,74.87555556,0.047823553
17.99138889,74.8775,0.04536949
17.99166667,74.87833333,0.047056658
17.99166667,74.88638889,0.056412773
17.99166667,74.89555556,0.043528943
17.99194444,74.86472222,0.035307832
17.99194444,74.87027778,0.035583914
17.99194444,74.87166667,0.043682322
17.99194444,74.88833333,0.052424921
17.99194444,76.33638889,0.034111476
17.99222222,74.87527778,0.035553238
17.99222222,74.88861111,0.053651953
17.9925,74.75888889,0.061627657
17.9925,74.8975,0.024816712
17.99277778,74.87611111,0.034786343
17.99305556,74.88,0.041258934
17.99305556,74.88777778,0.049357342
17.99305556,74.88833333,0.038774196
17.99305556,74.90305556,0.031105249
17.99305556,74.90361111,0.043528943
17.99333333,74.86611111,0.03662689
17.99333333,74.87777778,0.035093101
17.99333333,74.89583333,0.039234332
17.99333333,74.90444444,0.032976472
17.99361111,74.87194444,0.036718918
17.99361111,74.87583333,0.03211755
17.99361111,74.88388889,0.030921194
17.99361111,74.90333333,0.030031596
17.99388889,74.875,0.043467591
17.99388889,74.88583333,0.03816068
17.99388889,74.90194444,0.02650388
17.99388889,74.93861111,0.03757784
17.99444444,74.87083333,0.038620817
17.99444444,74.88388889,0.035553238
17.99444444,74.885,0.034786343
17.99444444,74.89333333,0.02941808
17.99472222,74.88416667,0.047363416
17.99472222,74.89222222,0.025184822
17.99472222,74.89777778,0.04828369
17.995,74.87194444,0.035553238
17.995,74.87777778,0.057026289
17.995,74.88194444,0.035553238
17.995,74.88972222,0.044449216
17.995,74.89555556,0.058560079
17.995,74.90194444,0.025276849
17.995,74.93388889,0.052731679
17.99527778,74.87722222,0.047854229
17.99527778,74.88194444,0.035123777
17.99555556,74.87777778,0.0438357
17.99583333,74.88027778,0.050891132
17.99583333,74.88361111,0.031872143
17.99583333,74.9025,0.030031596
17.99611111,74.86666667,0.035093101
17.99611111,74.87444444,0.031197276
17.99611111,74.88722222,0.049970858
17.99611111,74.88861111,0.047056658
17.99611111,74.89472222,0.031565385
17.99638889,74.86916667,0.035645265
17.99638889,74.87305556,0.038774196
17.99638889,74.87527778,0.036473511
17.99638889,74.88722222,0.033712691
17.99666667,74.25,0.043528943
17.99666667,74.88138889,0.0554925
17.99666667,74.89166667,0.057333047
17.99666667,74.90555556,0.047823553
17.99694444,74.87472222,0.041688395
17.99694444,74.87777778,0.043467591
17.99694444,74.89361111,0.041688395
17.99694444,74.89777778,0.040522715
17.99694444,74.90194444,0.035859996
17.99722222,74.86972222,0.047976932
17.99722222,74.88,0.052424921
17.99722222,74.88527778,0.032485659
17.99722222,74.89638889,0.047823553
17.9975,74.87027778,0.038191356
17.9975,74.8775,0.028651186
17.9975,74.87916667,0.034939722
17.9975,74.88,0.046289763
17.9975,74.88666667,0.034448909
17.9975,74.88888889,0.038314059
17.9975,74.89222222,0.046903279
17.9975,74.89333333,0.043222185
17.9975,74.89861111,0.029019295
17.9975,74.90194444,0.031718764
17.99777778,74.86333333,0.041320286
17.99777778,74.87305556,0.031197276
17.99777778,74.87472222,0.029908893
17.99777778,74.89666667,0.033559312
17.99805556,74.87055556,0.03816068
17.99805556,74.87388889,0.055952637
17.99805556,74.88805556,0.040584067
17.99805556,74.89305556,0.04828369
17.99805556,74.89666667,0.034632964
17.99805556,74.89944444,0.025184822
17.99833333,74.90194444,0.027945643
17.99833333,74.90388889,0.035553238
17.99861111,74.86416667,0.031718764
17.99861111,74.86888889,0.050768428
17.99861111,74.875,0.031718764
17.99861111,74.88083333,0.034326206
17.99861111,74.88805556,0.037393785
17.99861111,74.92027778,0.043528943
17.99888889,74.86388889,0.044449216
17.99888889,74.865,0.047946256
17.99888889,74.86833333,0.045400166
17.99888889,74.86944444,0.02941808
17.99888889,74.87944444,0.053038437
17.99888889,74.88944444,0.03524648
17.99916667,74.8625,0.037393785
17.99944444,74.87305556,0.049970858
17.99944444,74.88083333,0.03524648
17.99972222,74.86527778,0.045308138
17.99972222,74.88027778,0.050124237
17.99972222,74.8875,0.037700543
17.99972222,74.89055556,0.038314059
17.99972222,74.89388889,0.034939722
17.99972222,74.89611111,0.024847388
17.99972222,74.89638889,0.040154606
18,73.5,0.098131845
18,74.8675,0.037853922
18,74.88916667,0.0438357
18.00027778,74.88277778,0.037393785
18.00027778,74.95416667,0.042639345
18.00055556,74.87666667,0.038620817
18.00055556,74.88861111,0.0438357
18.00083333,74.86611111,0.041688395
18.00083333,74.8725,0.046596521
18.00083333,74.88416667,0.034939722
18.00083333,74.89027778,0.038314059
18.00083333,74.89083333,0.034326206
18.00111111,74.8625,0.037700543
18.00111111,74.86333333,0.040768122
18.00111111,74.865,0.047516795
18.00111111,74.87777778,0.040277309
18.00138889,74.86472222,0.0496641
18.00138889,74.87416667,0.03524648
18.00138889,74.88194444,0.046903279
18.00138889,74.88361111,0.03524648
18.00166667,74.87805556,0.052424921
18.00194444,74.87166667,0.043222185
18.00194444,74.87305556,0.052424921
18.00194444,74.875,0.043528943
18.00194444,74.88638889,0.038314059
18.00222222,74.8675,0.037393785
18.00222222,74.88027778,0.043528943
18.0025,74.86166667,0.034326206
18.0025,74.87805556,0.0438357
18.0025,74.88722222,0.0496641
18.0025,74.89,0.0525783
18.00277778,74.86722222,0.034326206
18.00277778,74.87555556,0.0438357
18.00277778,74.88222222,0.0496641
18.00277778,74.92861111,0.038314059
18.00305556,74.86222222,0.035553238
18.00305556,74.88166667,0.0496641
18.00333333,74.87638889,0.046903279
18.00333333,74.87861111,0.034632964
18.00333333,75.01916667,0.026074419
18.00361111,74.86805556,0.034632964
18.00388889,74.86694444,0.047516795
18.00388889,74.86888889,0.036473511
18.00388889,74.90722222,0.056412773
18.00416667,74.88222222,0.0438357
18.00472222,74.86861111,0.037393785
18.00472222,74.87361111,0.052486273
18.00472222,74.87555556,0.0496641
18.00472222,74.8775,0.047516795
18.005,74.86222222,0.047210037
18.005,74.8675,0.053038437
18.005,74.8725,0.046351115
18.00527778,74.86638889,0.0496641
18.00527778,74.87,0.032485659
18.00527778,74.87666667,0.037393785
18.00555556,74.86305556,0.034632964
18.00583333,74.86138889,0.0496641
18.00611111,74.865,0.038314059
18.00611111,74.86944444,0.03524648
18.00638889,74.87416667,0.038620817
18.00638889,74.88388889,0.0438357
18.00666667,74.86555556,0.052486273
18.00694444,74.87361111,0.052486273
18.00694444,74.87944444,0.0496641
18.00694444,74.88194444,0.037393785
18.00694444,74.96861111,0.035093101
18.00722222,74.87027778,0.052424921
18.00722222,74.875,0.03524648
18.0075,74.86527778,0.040768122
18.0075,74.87138889,0.043528943
18.0075,74.88138889,0.034019448
18.00777778,74.87444444,0.037393785
18.00777778,74.88666667,0.047240713
18.00833333,74.86555556,0.038314059
18.00833333,74.875,0.040768122
18.00833333,74.87972222,0.03524648
18.00861111,74.86055556,0.034326206
18.00861111,74.86222222,0.0525783
18.00861111,74.86361111,0.0496641
18.00861111,74.86416667,0.044449216
18.00861111,74.89527778,0.025890365
18.00888889,74.86611111,0.034939722
18.00888889,74.87,0.037393785
18.00888889,74.87138889,0.037393785
18.00888889,74.88277778,0.035553238
18.00916667,74.88388889,0.037700543
18.00944444,74.8625,0.040461364
18.00944444,74.87055556,0.03524648
18.00944444,74.87916667,0.043528943
18.00944444,75.57083333,0.035798644
18.00972222,74.86611111,0.032485659
18.01,74.86,0.049357342
18.01,74.87194444,0.04107488
18.01,74.88055556,0.052424921
18.01027778,74.86277778,0.034019448
18.01027778,74.86972222,0.029724838
18.01027778,74.87972222,0.0496641
18.01083333,74.865,0.034326206
18.01083333,74.96722222,0.039847848
18.01111111,74.86972222,0.030031596
18.01111111,74.87138889,0.037700543
18.01111111,74.87472222,0.055339121
18.01111111,74.87722222,0.046903279
18.01138889,74.87305556,0.03524648
18.01166667,74.85916667,0.050277616
18.01166667,74.86111111,0.031258628
18.01166667,74.86555556,0.074174054
18.01166667,74.86888889,0.043222185
18.01194444,74.87333333,0.052424921
18.01222222,74.86583333,0.026657259
18.01222222,74.87,0.044142458
18.0125,74.86361111,0.040461364
18.01277778,74.86555556,0.035859996
18.01305556,74.86638889,0.030645112
18.01361111,74.87027778,0.0496641
18.01388889,74.86027778,0.049357342
18.01388889,74.86611111,0.037393785
18.01388889,74.86944444,0.052118163
18.01416667,74.85694444,0.049357342
18.01416667,74.8625,0.034326206
18.01416667,74.86361111,0.041688395
18.01416667,74.86416667,0.037393785
18.01416667,74.8675,0.043222185
18.01444444,74.85777778,0.069726065
18.01472222,74.86027778,0.028191049
18.01472222,74.87416667,0.037393785
18.015,74.86694444,0.055799258
18.01527778,74.85944444,0.026810638
18.01555556,74.86138889,0.030031596
18.01555556,74.8675,0.043222185
18.01583333,74.16111111,0.024847388
18.01583333,74.86805556,0.049357342
18.01583333,74.88222222,0.036473511
18.01611111,74.85944444,0.043528943
18.01611111,74.86583333,0.037393785
18.01638889,75.01194444,0.043467591
18.01666667,74.85861111,0.041995153
18.01666667,74.86111111,0.031258628
18.01666667,74.8675,0.035859996
18.01694444,74.86861111,0.060830087
18.01694444,74.96277778,0.038314059
18.01694444,74.97388889,0.035737293
18.01722222,74.86472222,0.024816712
18.0175,74.86138889,0.028191049
18.0175,74.96277778,0.044387865
18.01777778,74.86,0.026810638
18.01777778,74.86555556,0.023896439
18.01777778,74.9725,0.038314059
18.01777778,74.97416667,0.038988926
18.01805556,74.855,0.049357342
18.01805556,74.9625,0.045124084
18.01805556,74.96388889,0.04107488
18.01805556,74.96916667,0.037393785
18.01833333,74.89027778,0.063038744
18.01833333,74.96472222,0.036657566
18.01861111,74.9775,0.041688395
18.01888889,74.88583333,0.033651339
18.01888889,74.95916667,0.047056658
18.01888889,74.97111111,0.045062732
18.01916667,74.96388889,0.044295837
18.01916667,74.96805556,0.031197276
18.01916667,74.97305556,0.038620817
18.01916667,75.17305556,0.032148225
18.01944444,74.86305556,0.029970244
18.01972222,74.86166667,0.032178901
18.02,74.85916667,0.027884291
18.02,74.95472222,0.036105402
18.02,74.96527778,0.040921501
18.02,74.97138889,0.035093101
18.02027778,74.96833333,0.045062732
18.02027778,75.01166667,0.047424768
18.02027778,75.56,0.041688395
18.02055556,74.85916667,0.031258628
18.02055556,74.97361111,0.041688395
18.02083333,74.85888889,0.076413387
18.02111111,74.85027778,0.035553238
18.02111111,74.86333333,0.031994846
18.02138889,74.96805556,0.04420381
18.02166667,74.86388889,0.034326206
18.02166667,74.89694444,0.029724838
18.02194444,74.97138889,0.04107488
18.02194444,74.97444444,0.037393785
18.02222222,74.865,0.030645112
18.0225,74.86305556,0.034326206
18.0225,75.00305556,0.022117243
18.02277778,74.86527778,0.026657259
18.02305556,74.86305556,0.038314059
18.02305556,74.96833333,0.038774196
18.02305556,74.97222222,0.041995153
18.02361111,74.86444444,0.029111322
18.02361111,74.97194444,0.042915427
18.02388889,74.86194444,0.032976472
18.02388889,74.86583333,0.030277002
18.02388889,74.97111111,0.03641216
18.02416667,74.95833333,0.038927574
18.02472222,74.85666667,0.055185742
18.02472222,74.8575,0.030277002
18.02472222,74.86277778,0.034326206
18.025,74.865,0.030645112
18.025,74.86805556,0.038314059
18.02527778,74.86472222,0.03524648
18.02555556,74.85611111,0.038314059
18.02555556,74.86138889,0.038007301
18.02583333,74.85444444,0.038651492
18.02583333,74.8675,0.044940029
18.02611111,73.72166667,0.00917206
18.02611111,74.86361111,0.03328323
18.02611111,74.97361111,0.038314059
18.02666667,74.85,0.035553238
18.02666667,74.86694444,0.03524648
18.02694444,74.86138889,0.033712691
18.02694444,74.86277778,0.038927574
18.02722222,74.8575,0.043528943
18.0275,74.85361111,0.030277002
18.0275,74.85694444,0.04536949
18.0275,74.85888889,0.030031596
18.0275,74.86722222,0.038620817
18.02777778,74.86277778,0.043528943
18.02777778,74.865,0.04187245
18.02805556,74.8475,0.038927574
18.02805556,74.8525,0.03291512
18.02805556,74.85388889,0.032240253
18.02805556,74.85861111,0.031135924
18.02805556,74.97194444,0.049357342
18.02833333,74.84888889,0.04107488
18.02861111,74.84944444,0.03524648
18.02861111,74.89722222,0.030645112
18.02861111,74.97833333,0.036013375
18.02888889,74.85055556,0.034326206
18.02888889,74.85638889,0.046903279
18.02888889,74.86027778,0.034326206
18.02888889,74.97138889,0.033589987
18.02888889,74.995,0.031412007
18.02916667,74.85277778,0.05003221
18.02916667,74.86833333,0.030031596
18.02944444,74.86944444,0.032792417
18.02972222,74.97555556,0.037853922
18.03,74.85527778,0.044142458
18.03,74.97138889,0.043590294
18.03,74.99555556,0.031105249
18.03027778,74.84972222,0.043222185
18.03027778,74.86055556,0.037700543
18.03055556,74.84888889,0.050584374
18.03055556,74.86916667,0.035737293
18.03055556,74.97444444,0.040461364
18.03083333,74.86472222,0.04107488
18.03083333,74.8675,0.037393785
18.03083333,74.97138889,0.038620817
18.03111111,74.85111111,0.040768122
18.03111111,74.85416667,0.037393785
18.03138889,74.85527778,0.049970858
18.03138889,74.86833333,0.03524648
18.03166667,74.85083333,0.035553238
18.03166667,74.85694444,0.046596521
18.03166667,74.97472222,0.039234332
18.03166667,75.00888889,0.044265162
18.03194444,74.86027778,0.034694316
18.03194444,74.86833333,0.040461364
18.03194444,74.98138889,0.036473511
18.03222222,74.85444444,0.037393785
18.0325,74.85166667,0.03524648
18.0325,74.97055556,0.035430535
18.0325,74.97472222,0.035062425
18.03277778,74.85833333,0.037700543
18.03277778,74.86666667,0.035859996
18.03277778,74.97055556,0.038620817
18.03277778,74.97333333,0.035859996
18.03305556,74.85972222,0.050584374
18.03305556,74.86388889,0.034326206
18.03305556,74.975,0.049357342
18.03333333,74.46,0.025276849
18.03333333,74.85861111,0.034326206
18.03333333,74.97277778,0.045062732
18.03361111,74.86944444,0.033712691
18.03361111,74.95777778,0.04107488
18.03361111,74.96222222,0.036473511
18.03361111,75.29833333,0.038620817
18.03388889,74.85666667,0.032792417
18.03388889,74.86055556,0.035859996
18.03388889,74.96916667,0.040768122
18.03416667,74.79666667,0.033651339
18.03416667,74.8525,0.03524648
18.03416667,74.85361111,0.037393785
18.03416667,74.86305556,0.038314059
18.03416667,74.96555556,0.041258934
18.03416667,74.9675,0.034326206
18.03416667,74.96833333,0.034326206
18.03416667,75.01138889,0.041136231
18.03444444,74.46083333,0.018773582
18.03444444,74.96833333,0.043528943
18.03444444,74.96888889,0.04187245
18.03472222,74.975,0.041228259
18.035,74.85611111,0.043222185
18.035,74.86333333,0.033712691
18.035,75.55805556,0.038252707
18.03527778,74.86416667,0.030277002
18.03527778,74.86555556,0.038314059
18.03527778,74.86722222,0.033099175
18.03527778,74.96666667,0.03524648
18.03527778,74.96694444,0.037087027
18.03527778,74.97083333,0.047516795
18.03527778,74.9775,0.041228259
18.03555556,75.55388889,0.037884598
18.03583333,74.85305556,0.037393785
18.03583333,74.86111111,0.030031596
18.03583333,75.55666667,0.041964477
18.03611111,74.85083333,0.032792417
18.03611111,74.85222222,0.03524648
18.03611111,74.85666667,0.037087027
18.03611111,74.85888889,0.046289763
18.03611111,74.86055556,0.027270775
18.03611111,74.86277778,0.035553238
18.03611111,75.54944444,0.041350962
18.03638889,74.855,0.034939722
18.03638889,74.85777778,0.043528943
18.03638889,74.86833333,0.034326206
18.03638889,74.96861111,0.038988926
18.03638889,74.96888889,0.044449216
18.03638889,74.99111111,0.031197276
18.03666667,74.85666667,0.035185128
18.03666667,74.965,0.043222185
18.03666667,74.96611111,0.03604405
18.03666667,75.55472222,0.04107488
18.03694444,74.86416667,0.030031596
18.03694444,74.86916667,0.032669714
18.03694444,74.86944444,0.030277002
18.03722222,74.86,0.031074573
18.03722222,74.96527778,0.038314059
18.03722222,74.96583333,0.043222185
18.03722222,74.9675,0.035859996
18.0375,74.86083333,0.032792417
18.0375,75.06777778,0.035553238
18.03777778,74.8525,0.0496641
18.03777778,74.96888889,0.043712997
18.03777778,75.55166667,0.041964477
18.03777778,75.55472222,0.038130004
18.03805556,74.85055556,0.030031596
18.03805556,75.06888889,0.034326206
18.03805556,76.20388889,0.042547317
18.03833333,74.8525,0.035062425
18.03833333,74.85916667,0.055185742
18.03833333,74.96083333,0.04536949
18.03833333,74.96111111,0.035062425
18.03861111,75.55611111,0.040645419
18.03888889,74.85194444,0.032178901
18.03888889,74.85638889,0.052762355
18.03888889,74.96166667,0.034326206
18.03916667,74.85944444,0.037393785
18.03944444,74.8575,0.056412773
18.03944444,74.86972222,0.038498113
18.03944444,74.95805556,0.049357342
18.03944444,74.96416667,0.04187245
18.03972222,74.07055556,0.043528943
18.03972222,74.85083333,0.031994846
18.03972222,74.85305556,0.034326206
18.03972222,74.86555556,0.030645112
18.03972222,74.87833333,0.037087027
18.03972222,75.07055556,0.035553238
18.03972222,75.2125,0.071198503
18.04,74.87111111,0.03524648
18.04,75.66444444,0.034326206
18.04027778,74.85861111,0.044449216
18.04027778,74.86333333,0.038620817
18.04027778,74.86472222,0.030277002
18.04027778,74.87111111,0.035859996
18.04055556,74.85777778,0.042148532
18.04055556,74.86055556,0.049357342
18.04083333,74.8625,0.044449216
18.04083333,74.95611111,0.044755974
18.04083333,74.96472222,0.03524648
18.04111111,74.85555556,0.032792417
18.04111111,74.85611111,0.037087027
18.04111111,74.96222222,0.038927574
18.04111111,74.96361111,0.030645112
18.04111111,75.55833333,0.041688395
18.04138889,74.86888889,0.03524648
18.04138889,74.87222222,0.044449216
18.04138889,75.55222222,0.041197583
18.04138889,75.55527778,0.038283383
18.04166667,74.85444444,0.034326206
18.04166667,74.86916667,0.04187245
18.04194444,74.86111111,0.037393785
18.04222222,74.85166667,0.03524648
18.04222222,74.85666667,0.032485659
18.04222222,74.95305556,0.036473511
18.0425,74.85138889,0.034694316
18.04305556,74.07388889,0.03524648
18.04305556,74.85194444,0.031135924
18.04305556,75.5425,0.037823246
18.04333333,74.85305556,0.035921347
18.04333333,74.9625,0.033344581
18.04361111,74.955,0.037393785
18.04361111,75.56805556,0.040461364
18.04388889,74.85138889,0.037700543
18.04388889,74.95805556,0.041995153
18.04416667,74.8525,0.037393785
18.04416667,74.89361111,0.0554925
18.04416667,74.995,0.037884598
18.04416667,75.56138889,0.041044204
18.04444444,74.9625,0.035062425
18.045,74.96277778,0.030338354
18.045,74.96305556,0.038314059
18.04611111,74.89277778,0.043528943
18.04666667,75.55222222,0.032761741
18.04666667,75.56111111,0.034694316
18.04722222,74.85083333,0.049357342
18.0475,74.96388889,0.034326206
18.04777778,74.8025,0.035767968
18.04777778,74.89694444,0.032792417
18.04805556,74.46333333,0.019417774
18.04805556,74.86944444,0.038314059
18.04833333,74.46138889,0.022700083
18.04833333,75.55138889,0.038620817
18.04861111,74.86361111,0.049357342
18.04888889,74.62111111,0.014693702
18.04944444,75.54388889,0.041964477
18.05,74.85194444,0.034939722
18.05,75.55861111,0.028804565
18.05,75.56611111,0.038252707
18.05027778,74.45055556,0.018742906
18.05027778,74.46361111,0.015767355
18.05055556,74.4575,0.02337495
18.05055556,74.80138889,0.033160526
18.05055556,74.80805556,0.040768122
18.05055556,74.96166667,0.037332434
18.05055556,75.57388889,0.043528943
18.05083333,74.45638889,0.017638578
18.05111111,75.54166667,0.038927574
18.05138889,74.88916667,0.040921501
18.05166667,74.88833333,0.037087027
18.05194444,74.79194444,0.034909046
18.05194444,74.80333333,0.030031596
18.05194444,75.555,0.0438357
18.05222222,74.46305556,0.016963711
18.05222222,74.89111111,0.02745483
18.05222222,74.90583333,0.050093561
18.0525,74.46444444,0.0184975
18.0525,74.88972222,0.035553238
18.0525,75.07083333,0.03524648
18.05277778,74.45777778,0.018742906
18.05277778,74.90833333,0.034694316
18.05305556,74.88805556,0.035553238
18.05305556,74.89055556,0.035093101
18.05305556,74.9,0.038007301
18.05333333,74.88722222,0.037087027
18.05333333,74.89027778,0.034939722
18.05333333,74.90472222,0.044295837
18.05333333,75.07361111,0.03524648
18.05361111,74.45305556,0.022393325
18.05361111,74.465,0.026411853
18.05361111,74.89138889,0.044449216
18.05388889,74.1825,0.032945796
18.05388889,74.45777778,0.017607902
18.05388889,74.46055556,0.020583453
18.05388889,75.1825,0.033589987
18.05388889,75.40833333,0.024847388
18.05388889,75.41944444,0.027546857
18.05388889,75.42027778,0.036289457
18.05388889,75.63194444,0.035737293
18.05416667,74.46583333,0.010675174
18.05416667,74.85194444,0.03524648
18.05416667,75.57138889,0.043528943
18.05444444,74.89055556,0.040890825
18.05444444,74.89694444,0.0525783
18.05472222,75.58638889,0.035798644
18.055,74.45638889,0.015644652
18.055,74.46027778,0.018804258
18.055,74.8875,0.037393785
18.055,75.07083333,0.043528943
18.05527778,74.46333333,0.016687628
18.05555556,74.46305556,0.009264088
18.05555556,74.88944444,0.050093561
18.05583333,74.46333333,0.040338661
18.05583333,74.89472222,0.039234332
18.05583333,75.56972222,0.035921347
18.05611111,74.46111111,0.022638731
18.05611111,74.88861111,0.037700543
18.05611111,74.90166667,0.030491733
18.05611111,74.9075,0.037761895
18.05666667,74.90472222,0.034019448
18.05694444,74.44944444,0.018436148
18.05694444,74.45833333,0.018742906
18.05694444,74.46416667,0.021718458
18.05694444,74.88555556,0.031718764
18.05694444,74.89027778,0.044755974
18.05694444,74.90138889,0.04107488
18.05694444,74.90777778,0.034939722
18.0575,74.03416667,0.016779656
18.0575,74.45805556,0.017577226
18.0575,74.78833333,0.032761741
18.0575,74.88611111,0.040829473
18.0575,74.90472222,0.0525783
18.05777778,74.03416667,0.028344428
18.05777778,74.45055556,0.023006841
18.05777778,74.45583333,0.019325746
18.05777778,74.4575,0.014356269
18.05777778,74.46083333,0.022362649
18.05777778,74.46111111,0.020644805
18.05777778,74.88555556,0.037853922
18.05805556,74.445,0.022331973
18.05805556,74.46305556,0.020430075
18.05805556,74.88555556,0.043989079
18.05833333,73.41666667,0.049050584
18.05833333,74.46083333,0.022638731
18.05833333,74.90111111,0.035553238
18.05861111,74.4475,0.019018988
18.05888889,74.17916667,0.027546857
18.05888889,74.44527778,0.024939415
18.05888889,74.89111111,0.030798491
18.05888889,75.56638889,0.028896592
18.05916667,74.44638889,0.030982545
18.05944444,74.44472222,0.02104359
18.05944444,74.45972222,0.015736679
18.05944444,74.46111111,0.022884138
18.05972222,74.46305556,0.022638731
18.05972222,74.46444444,0.02024602
18.06,74.45055556,0.021871837
18.06,74.45305556,0.025246173
18.06,74.45944444,0.016656953
18.06,74.46111111,0.02024602
18.06,74.89,0.035553238
18.06,74.89583333,0.033589987
18.06,74.8975,0.022976165
18.06,74.89888889,0.035553238
18.06027778,74.45277778,0.025460904
18.06027778,74.46111111,0.019264395
18.06027778,75.56583333,0.0496641
18.06055556,74.90305556,0.0438357
18.06083333,74.44638889,0.020798184
18.06111111,74.44805556,0.018650879
18.06111111,74.44944444,0.019417774
18.06111111,74.45444444,0.019417774
18.06111111,74.88805556,0.050093561
18.06111111,74.895,0.0525783
18.06111111,75.57611111,0.020276696
18.06138889,74.44416667,0.022546704
18.06138889,74.44583333,0.018313445
18.06138889,74.45472222,0.017607902
18.06138889,74.89638889,0.02650388
18.06166667,74.45888889,0.019479125
18.06194444,74.45194444,0.045921654
18.06194444,74.45944444,0.024878064
18.06222222,74.44638889,0.022424001
18.06222222,74.45194444,0.009417467
18.06222222,74.89111111,0.044909353
18.06222222,75.54944444,0.049510721
18.0625,74.44388889,0.019018988
18.0625,74.885,0.040246633
18.0625,74.8875,0.043528943
18.0625,74.88833333,0.047394092
18.0625,74.88888889,0.041258934
18.0625,74.89027778,0.031197276
18.0625,74.89888889,0.037761895
18.0625,74.89944444,0.046903279
18.0625,74.90138889,0.044755974
18.06277778,74.44944444,0.017423847
18.06277778,74.45027778,0.017423847
18.06277778,74.46277778,0.025092794
18.06277778,74.89333333,0.034786343
18.06277778,74.90166667,0.05003221
18.06277778,74.99694444,0.037393785
18.06277778,75.00777778,0.056351422
18.06305556,74.44861111,0.018190742
18.06305556,74.46166667,0.021871837
18.06305556,74.89944444,0.041258934
18.06333333,74.45444444,0.023712384
18.06333333,74.45805556,0.023098868
18.06333333,74.885,0.041228259
18.06333333,74.89055556,0.038774196
18.06333333,74.89111111,0.034786343
18.06333333,74.89694444,0.035859996
18.06333333,74.9025,0.034264855
18.06361111,74.44361111,0.022822786
18.06361111,74.44777778,0.014847081
18.06361111,74.885,0.032056198
18.06361111,74.89194444,0.037761895
18.06361111,74.89888889,0.043467591
18.06388889,74.44611111,0.016656953
18.06388889,74.44722222,0.011902206
18.06416667,73.64083333,0.125740053
18.06416667,74.46138889,0.048253014
18.06444444,74.46305556,0.034939722
18.06444444,74.90027778,0.034172827
18.06472222,74.44694444,0.020675481
18.06472222,74.45055556,0.022516028
18.06472222,74.45638889,0.016687628
18.06472222,74.46055556,0.065922268
18.065,74.45833333,0.022025215
18.065,74.88777778,0.041688395
18.065,74.89666667,0.043222185
18.065,74.90138889,0.03174944
18.06527778,74.44444444,0.02745483
18.06527778,74.44583333,0.023927114
18.06527778,74.45222222,0.033191202
18.06527778,74.89611111,0.03816068
18.06527778,74.90333333,0.04107488
18.06555556,74.45972222,0.050584374
18.06555556,74.46166667,0.038314059
18.06583333,74.45138889,0.035307832
18.06583333,74.45222222,0.030859842
18.06583333,74.45777778,0.024939415
18.06611111,74.44444444,0.02745483
18.06611111,74.45916667,0.041688395
18.06611111,74.46361111,0.0097549
18.06638889,74.45166667,0.032086874
18.06666667,74.44583333,0.012331667
18.06666667,74.45777778,0.028528482
18.06694444,74.45,0.033375257
18.06694444,74.45333333,0.038590141
18.06694444,74.45444444,0.032178901
18.06694444,74.46027778,0.022822786
18.06722222,74.08194444,0.025276849
18.06722222,74.44583333,0.019417774
18.06722222,74.44805556,0.019417774
18.06722222,74.98777778,0.034326206
18.0675,74.45666667,0.0058284
18.06805556,74.4625,0.030154299
18.06805556,74.89305556,0.038835547
18.06833333,74.44583333,0.018773582
18.06833333,74.46083333,0.043222185
18.06833333,74.885,0.03524648
18.06833333,74.88722222,0.037853922
18.06861111,74.44583333,0.017730605
18.06861111,74.45861111,0.024786036
18.06861111,74.99861111,0.037853922
18.06888889,74.44916667,0.671769073
18.06888889,74.45527778,0.025522255
18.06888889,74.90472222,0.04107488
18.06916667,74.44777778,0.619620234
18.06916667,74.45583333,0.027945643
18.06916667,74.4625,0.031258628
18.06916667,74.88861111,0.036166754
18.06944444,74.45333333,0.018068039
18.06944444,74.45416667,0.025921041
18.06944444,74.45472222,0.015675327
18.06944444,74.89055556,0.0496641
18.06944444,75.59166667,0.037393785
18.06972222,74.44527778,0.595079604
18.06972222,74.45638889,0.024939415
18.07,74.45416667,0.011626124
18.07,74.4625,0.034326206
18.07,74.82555556,0.031964171
18.07,74.8925,0.044449216
18.07027778,74.45222222,0.028129697
18.07027778,74.455,0.00954017
18.07055556,74.46111111,0.013957483
18.07055556,74.4625,0.02803767
18.07055556,74.88777778,0.041688395
18.07111111,74.44527778,0.659498758
18.07111111,74.88861111,0.035001074
18.07111111,75.53805556,0.023589681
18.07138889,74.45083333,0.757661278
18.07138889,74.45333333,0.017945336
18.07138889,74.455,0.029571459
18.07138889,74.45805556,0.025000767
18.07138889,74.80666667,0.038651492
18.07138889,74.92527778,0.034632964
18.07166667,74.09083333,0.030277002
18.07166667,74.89138889,0.043528943
18.07166667,75.59333333,0.037393785
18.07194444,74.45277778,0.047884904
18.07194444,74.99055556,0.033344581
18.07222222,74.45388889,0.013681401
18.07222222,74.45972222,0.018436148
18.0725,74.45833333,0.023098868
18.0725,74.46166667,0.021442376
18.0725,74.8275,0.031994846
18.0725,74.89444444,0.049602749
18.07277778,74.45777778,0.01987791
18.07277778,74.46111111,0.025399552
18.07277778,74.80666667,0.031442682
18.07305556,74.455,0.011840854
18.07333333,74.44861111,0.527592871
18.07333333,74.44888889,0.763796435
18.07333333,74.46,0.040645419
18.07333333,74.46055556,0.014386944
18.07333333,74.89833333,0.04107488
18.07333333,74.98916667,0.045246787
18.07361111,74.44833333,0.447835823
18.07361111,74.45027778,0.018926961
18.07388889,74.44833333,0.592012025
18.07388889,74.44916667,0.017607902
18.07388889,74.45861111,0.039755821
18.07416667,74.4475,1
18.07444444,74.03611111,0.030246327
18.07444444,74.1825,0.032270929
18.07444444,74.18305556,0.023528329
18.07444444,74.45916667,0.046933955
18.07444444,74.89361111,0.05003221
18.07444444,74.89833333,0.046473818
18.07444444,74.90472222,0.040829473
18.07444444,75.18611111,0.030921194
18.07472222,74.90555556,0.041688395
18.07472222,75.1825,0.032270929
18.07472222,75.41944444,0.025522255
18.07472222,75.58416667,0.043528943
18.075,74.03694444,0.028221725
18.075,74.18611111,0.02687199
18.075,74.45388889,0.025276849
18.075,74.88833333,0.04107488
18.075,74.9025,0.035553238
18.075,75.41944444,0.028221725
18.075,75.42027778,0.021503727
18.07527778,74.45638889,0.016779656
18.07555556,74.45194444,0.024172521
18.07555556,74.45305556,0.024939415
18.07555556,74.45361111,0.009448143
18.07583333,74.44888889,0.013006534
18.07611111,74.45416667,0.022853462
18.07611111,74.45972222,0.017730605
18.07638889,74.45,0.025583607
18.07638889,74.89666667,0.043528943
18.07638889,75.575,0.035001074
18.07666667,74.455,0.017607902
18.07666667,74.45722222,0.018804258
18.07666667,74.46027778,0.017822633
18.07722222,73.69111111,0.122672475
18.07722222,74.45027778,0.028006994
18.07722222,74.4525,0.018620203
18.07722222,74.455,0.014663026
18.07722222,74.46027778,0.029847541
18.0775,74.45,0.015460597
18.0775,74.99444444,0.044449216
18.07777778,74.46055556,0.027270775
18.07805556,74.45166667,0.426362772
18.07805556,74.45388889,0.016074113
18.07805556,74.455,0.023313599
18.07805556,74.46111111,0.024141845
18.07888889,74.08611111,0.049050584
18.07888889,74.45277778,0.665633915
18.07888889,74.80333333,0.027792264
18.07916667,74.44916667,0.025951716
18.07916667,74.4575,0.935580846
18.07916667,74.46111111,0.029694162
18.07944444,74.45166667,0.009662873
18.07972222,74.45166667,0.018650879
18.07972222,74.45416667,0.018620203
18.07972222,74.46027778,0.033007147
18.08,74.45805556,0.023098868
18.08027778,74.45361111,0.595079604
18.08083333,74.45777778,0.042762048
18.08111111,74.45861111,0.010613823
18.08166667,74.45027778,0.855823798
18.08194444,74.46,0.032608362
18.08222222,74.45388889,0.895702322
18.08222222,74.455,0.026534556
18.0825,74.45694444,0.03895825
18.08277778,74.45972222,0.027424154
18.08305556,74.45027778,0.855823798
18.08305556,74.45527778,0.031902819
18.08361111,74.62861111,0.041350962
18.08388889,74.45138889,0.622687813
18.08416667,74.45388889,0.914107795
18.08416667,74.45416667,0.020951563
18.08416667,74.45444444,0.855823798
18.08444444,74.45472222,0.527592871
18.08472222,74.45444444,0.015552624
18.08472222,74.45861111,0.019571152
18.08472222,75.13972222,0.026197123
18.085,75.57083333,0.035798644
18.085,76.2125,0.022025215
18.08527778,74.44888889,0.0126691
18.08527778,75.57222222,0.046780576
18.08555556,74.45916667,0.022884138
18.08555556,74.89,0.032148225
18.08583333,74.105,0.029908893
18.08583333,74.45305556,0.015644652
18.08611111,74.44972222,0.015644652
18.08611111,74.45,0.017270468
18.08666667,74.44944444,0.53066045
18.08666667,74.45444444,0.018896285
18.08666667,74.45527778,0.040430688
18.08666667,74.63638889,0.015337894
18.08666667,74.91805556,0.047363416
18.08694444,74.77055556,0.042424614
18.08777778,74.45527778,0.009448143
18.08805556,74.45,0.019417774
18.08833333,73.68972222,0.055185742
18.08833333,74.76972222,0.038620817
18.08861111,74.88666667,0.031994846
18.08888889,74.45472222,0.018742906
18.08916667,74.77388889,0.031718764
18.08944444,73.68972222,0.122672475
18.08944444,74.45527778,0.050093561
18.08972222,74.45305556,0.019571152
18.08972222,74.45416667,0.043283536
18.09,74.45305556,0.02199454
18.09055556,74.45305556,0.018988313
18.09111111,74.88777778,0.045860302
18.09138889,74.89305556,0.049357342
18.09194444,75.89944444,0.019387098
18.09222222,74.09194444,0.044510568
18.09305556,75.08472222,0.038927574
18.09416667,74.90388889,0.034326206
18.09416667,74.90416667,0.04791558
18.09861111,74.69722222,0.023865763
18.09916667,75.50944444,0.012914507
18.1025,75.33222222,0.019417774
18.10305556,74.90777778,0.03211755
18.10333333,74.87166667,0.031872143
18.10333333,74.89583333,0.047976932
18.10388889,74.64111111,0.038436762
18.10472222,75.07,0.030031596
18.10527778,74.87833333,0.038130004
18.10555556,75.11888889,0.020276696
18.10583333,74.91638889,0.016656953
18.10666667,74.78861111,0.026197123
18.10833333,74.42361111,0.049050584
18.10944444,74.64416667,0.071198503
18.11027778,75.06694444,0.031105249
18.11055556,74.17055556,0.024847388
18.11055556,75.06527778,0.042762048
18.11083333,75.06527778,0.043528943
18.11166667,75.06833333,0.045062732
18.11166667,75.07083333,0.045062732
18.11194444,75.07472222,0.024878064
18.11194444,75.87,0.034786343
18.11222222,73.75111111,0.049050584
18.1125,74.02361111,0.052118163
18.1125,75.06527778,0.043528943
18.1125,75.07166667,0.046289763
18.11277778,74.46916667,0.014816405
18.11277778,75.06861111,0.045216111
18.11277778,75.07222222,0.027945643
18.11305556,75.0725,0.022055891
18.11333333,75.06555556,0.035001074
18.11333333,75.74138889,0.044755974
18.11416667,75.07194444,0.025184822
18.115,75.06888889,0.044449216
18.115,75.06916667,0.044449216
18.115,75.06944444,0.044142458
18.11638889,74.66416667,0.028129697
18.11666667,75.06388889,0.038620817
18.11722222,75.07055556,0.033099175
18.11722222,75.07083333,0.022055891
18.11722222,75.07416667,0.044449216
18.11777778,73.74111111,0.042915427
18.11777778,75.05861111,0.038068652
18.11805556,74.35861111,0.088929108
18.11833333,75.04972222,0.02374306
18.11972222,75.17194444,0.049357342
18.12277778,75.06166667,0.036473511
18.12277778,75.56666667,0.037547164
18.12305556,73.78527778,0.045983006
18.12388889,75.04861111,0.035553238
18.12388889,75.05083333,0.038068652
18.12388889,75.98083333,0.016564925
18.12416667,73.7075,0.061320899
18.12444444,75.61055556,0.019141691
18.125,75.06138889,0.040154606
18.12638889,73.73361111,0.073591214
18.12638889,74.37611111,0.098131845
18.12694444,75.22388889,0.025522255
18.12833333,74.90888889,0.012607749
18.12833333,74.99583333,0.035553238
18.12833333,75.87055556,0.025430228
18.12888889,74.90472222,0.043989079
18.12944444,74.85722222,0.068989846
18.12972222,74.88944444,0.037884598
18.13055556,73.785,0.122672475
18.13388889,74.63972222,0.059020215
18.13416667,74.985,0.037393785
18.13444444,74.98444444,0.041688395
18.13472222,74.96583333,0.031135924
18.13555556,75.04305556,0.038191356
18.13611111,74.47472222,0.025890365
18.13611111,74.83083333,0.016227492
18.13666667,74.87555556,0.037853922
18.13777778,75.03027778,0.041688395
18.13833333,74.86916667,0.035185128
18.13861111,74.65111111,0.032516335
18.13888889,74.42222222,0.045614896
18.13944444,76.16333333,0.026442529
18.13972222,75.02972222,0.036657566
18.14,74.04166667,0.098131845
18.14055556,74.02472222,0.067456057
18.14083333,74.67861111,0.029571459
18.14083333,74.87833333,0.041228259
18.14111111,74.87111111,0.035737293
18.14166667,73.41666667,0.058253321
18.14166667,73.66666667,0.018374797
18.14166667,73.675,0.024509954
18.14166667,73.74166667,0.024509954
18.14166667,74.42361111,0.048130311
18.14166667,74.43,0.039847848
18.14194444,76.16694444,0.024571306
18.14222222,74.90916667,0.035921347
18.1425,75.0225,0.043897052
18.14333333,74.42666667,0.044878677
18.14361111,74.88388889,0.036105402
18.14388889,73.55444444,0.070523636
18.14444444,74.43,0.064603209
18.14444444,74.72111111,0.031780116
18.14444444,75.00805556,0.038130004
18.14444444,75.01972222,0.056228719
18.14472222,74.0425,0.055185742
18.14472222,74.85388889,0.014939109
18.14527778,75.99944444,0.031258628
18.14555556,74.425,0.067394705
18.14583333,74.03944444,0.067456057
18.14583333,74.80083333,0.031258628
18.14722222,73.81416667,0.088929108
18.14722222,74.825,0.025522255
18.1475,74.99722222,0.045124084
18.14777778,75.03694444,0.038068652
18.14805556,74.88027778,0.03604405
18.14833333,73.84083333,0.085861529
18.14888889,74.995,0.03604405
18.15,73.675,0.012239639
18.15,73.74166667,0.021442376
18.15,73.74194444,0.018374797
18.15,73.745,0.012239639
18.15,73.77444444,0.015307218
18.15,73.875,0.012239639
18.15,73.87527778,0.024509954
18.15,73.87638889,0.033712691
18.15,74.01666667,0.039847848
18.15,74.42333333,0.034418234
18.15,75.0075,0.070983773
18.15027778,74.04194444,0.030645112
18.15027778,74.4225,0.032209577
18.15083333,74.01388889,0.018374797
18.15083333,74.70277778,0.072425535
18.15083333,75.03722222,0.042301911
18.15111111,74.43611111,0.023835087
18.15166667,74.42222222,0.014847081
18.15166667,74.43722222,0.03000092
18.15166667,74.88916667,0.046596521
18.1525,74.01805556,0.045983006
18.1525,74.42805556,0.016902359
18.15277778,74.42361111,0.020736832
18.15277778,75.04361111,0.035614589
18.15305556,75.04583333,0.035553238
18.15361111,74.42333333,0.028681861
18.15361111,74.43,0.041350962
18.15416667,74.37638889,0.079726372
18.15416667,74.43055556,0.025890365
18.15444444,74.43611111,0.025890365
18.155,74.42055556,0.019693856
18.155,74.42638889,0.025430228
18.15527778,75.05,0.022117243
18.15527778,76.0075,0.02570631
18.15583333,74.83222222,0.036289457
18.15583333,75.01805556,0.033651339
18.15583333,75.04888889,0.037700543
18.15666667,74.41805556,0.030737139
18.15666667,74.43111111,0.03000092
18.15666667,74.455,0.071965398
18.15666667,74.63722222,0.036197429
18.15666667,74.84777778,0.059020215
18.15694444,73.86666667,0.082793951
18.15777778,74.4425,0.021012915
18.15805556,74.42166667,0.022485352
18.15833333,73.68333333,0.061320899
18.15833333,73.75,0.021442376
18.15833333,73.75833333,0.024509954
18.15833333,73.75888889,0.030645112
18.15833333,73.76666667,0.018374797
18.15833333,73.775,0.012239639
18.15833333,73.85833333,0.073591214
18.15833333,73.86666667,0.098131845
18.15833333,73.98333333,0.049050584
18.15833333,73.98361111,0.015307218
18.15833333,73.99166667,0.030645112
18.15833333,73.99194444,0.082793951
18.15833333,73.99222222,0.030645112
18.15833333,73.99388889,0.085861529
18.15833333,73.995,0.021442376
18.15833333,73.99583333,0.015307218
18.15833333,73.99694444,0.116537317
18.15833333,73.99722222,0.024509954
18.15833333,74,0.027577533
18.15833333,74.00055556,0.027577533
18.15833333,74.00666667,0.027577533
18.15833333,74.00833333,0.027577533
18.15833333,74.00861111,0.024509954
18.15833333,74.00888889,0.018374797
18.15833333,74.00916667,0.036780269
18.15833333,74.00972222,0.021442376
18.15833333,74.01,0.015307218
18.15833333,74.01027778,0.042915427
18.15833333,74.01055556,0.024509954
18.15833333,74.01083333,0.061320899
18.15833333,74.01111111,0.021442376
18.15833333,74.01138889,0.018374797
18.15833333,74.01194444,0.079726372
18.15833333,74.01222222,0.024509954
18.15833333,74.0125,0.015307218
18.15833333,74.01333333,0.033712691
18.15833333,74.01361111,0.012239639
18.15833333,74.01416667,0.024509954
18.15833333,74.01444444,0.027577533
18.15833333,74.01472222,0.076658793
18.15833333,74.015,0.079726372
18.15833333,74.01527778,0.067456057
18.15833333,74.01555556,0.033712691
18.15833333,74.01583333,0.091996687
18.15833333,74.01638889,0.012239639
18.15833333,74.01666667,0.030645112
18.15833333,74.0175,0.015307218
18.15833333,74.085,0.024509954
18.15833333,74.56833333,0.028988619
18.15861111,74.01083333,0.076658793
18.15861111,74.01277778,0.061320899
18.15861111,74.41916667,0.022638731
18.15888889,74.01111111,0.039847848
18.15888889,74.01305556,0.049050584
18.15888889,74.19444444,0.067456057
18.15888889,74.42,0.028528482
18.15916667,74.01166667,0.064388478
18.15916667,74.42555556,0.027516181
18.15916667,74.43638889,0.03604405
18.15944444,74.01194444,0.033712691
18.15944444,74.42222222,0.034264855
18.15972222,74.01222222,0.091996687
18.15972222,74.43083333,0.031473358
18.16,74.66611111,0.047087334
18.16,74.80972222,0.036473511
18.16,74.88944444,0.045860302
18.16027778,74.42333333,0.018804258
18.16027778,74.43416667,0.036933648
18.16027778,74.45888889,0.025583607
18.16055556,74.02083333,0.055185742
18.16055556,74.45277778,0.014816405
18.16055556,75.74666667,0.016564925
18.16083333,74.7025,0.020583453
18.16166667,74.42138889,0.031197276
18.16166667,74.42194444,0.021319672
18.16166667,75.19083333,0.037700543
18.16194444,75.19361111,0.03153471
18.16222222,74.45194444,0.073959324
18.16222222,75.19027778,0.055921961
18.1625,75.18222222,0.041197583
18.16277778,75.185,0.027945643
18.16333333,74.42083333,0.03058376
18.16333333,74.46666667,0.016288843
18.16333333,74.97972222,0.027056045
18.16333333,75.04694444,0.029172674
18.16361111,75.86388889,0.015644652
18.16416667,74.44027778,0.020430075
18.16416667,74.45361111,0.035307832
18.16444444,74.42166667,0.031319979
18.16444444,75.045,0.030277002
18.16472222,75.04666667,0.032669714
18.16472222,75.18027778,0.032148225
18.16472222,75.18194444,0.037823246
18.165,74.41638889,0.019111016
18.165,74.41833333,0.031197276
18.165,75.18611111,0.038252707
18.16527778,74.44944444,0.02883524
18.16583333,75.03611111,0.043528943
18.16638889,75.16027778,0.031565385
18.16666667,73.675,0.024509954
18.16666667,73.75,0.015307218
18.16666667,73.75833333,0.030645112
18.16666667,73.75916667,0.027577533
18.16666667,73.76666667,0.027577533
18.16666667,73.76944444,0.018374797
18.16666667,73.98333333,0.027577533
18.16666667,73.98361111,0.024509954
18.16666667,73.98388889,0.018374797
18.16666667,73.98416667,0.012239639
18.16666667,73.98444444,0.015307218
18.16666667,73.98472222,0.030645112
18.16666667,73.985,0.036780269
18.16666667,73.98527778,0.027577533
18.16666667,73.98555556,0.018374797
18.16666667,73.98583333,0.021442376
18.16666667,73.98611111,0.027577533
18.16666667,73.99166667,0.030645112
18.16666667,73.99194444,0.024509954
18.16666667,73.99222222,0.027577533
18.16666667,73.99388889,0.061320899
18.16666667,73.99444444,0.024509954
18.16666667,73.995,0.024509954
18.16666667,73.99583333,0.061320899
18.16666667,73.99722222,0.012239639
18.16666667,74,0.027577533
18.16666667,74.00833333,0.018374797
18.16666667,74.00861111,0.027577533
18.16666667,74.00972222,0.024509954
18.16666667,74.01666667,0.049050584
18.16666667,74.01944444,0.015307218
18.16666667,74.42388889,0.025000767
18.16666667,74.50277778,0.029049971
18.16666667,74.95611111,0.031013221
18.16666667,75.18611111,0.032148225
18.16666667,75.1875,0.037700543
18.16666667,75.99694444,0.012239639
18.16694444,74.40083333,0.031319979
18.16694444,74.425,0.018221418
18.16694444,74.75527778,0.025736986
18.16694444,75.03833333,0.049357342
18.16722222,74.40583333,0.021749133
18.16722222,74.41055556,0.02883524
18.16722222,74.93944444,0.046044357
18.1675,74.38472222,0.015429921
18.1675,74.41805556,0.022485352
18.1675,74.7875,0.016472898
18.1675,75.04388889,0.037087027
18.16777778,74.38388889,0.017945336
18.16777778,74.40611111,0.020430075
18.16777778,74.40916667,0.02337495
18.16777778,74.41305556,0.028988619
18.16777778,74.41694444,0.023681708
18.16777778,74.605,0.03000092
18.16777778,74.6675,0.035001074
18.16777778,74.76277778,0.045768275
18.16777778,74.79361111,0.030307678
18.16777778,75.16027778,0.032148225
18.16777778,75.16055556,0.05003221
18.16777778,75.165,0.046289763
18.16777778,76.22027778,0.020736832
18.16805556,74.41722222,0.021473051
18.16805556,74.41777778,0.023098868
18.16805556,75.04361111,0.0496641
18.16833333,76.25277778,0.019724531
18.16861111,74.42333333,0.021166293
18.16861111,75.17527778,0.031442682
18.16861111,75.18694444,0.031043897
18.16888889,75.18833333,0.038252707
18.16916667,74.41805556,0.021473051
18.16916667,74.94805556,0.031197276
18.16916667,75.15722222,0.038252707
18.16916667,75.18888889,0.031626737
18.16916667,75.38583333,0.025307525
18.16944444,74.38416667,0.029571459
18.16944444,74.38444444,0.020736832
18.16944444,74.39888889,0.027209424
18.16944444,74.41416667,0.030277002
18.16972222,74.20333333,0.023221571
18.16972222,74.38527778,0.030277002
18.16972222,74.4225,0.035001074
18.16972222,74.79027778,0.012761128
18.17,74.36722222,0.047240713
18.17,74.41277778,0.018374797
18.17,74.4225,0.019693856
18.17,74.42361111,0.016595601
18.17,74.67083333,0.024571306
18.17027778,74.39555556,0.027516181
18.17027778,74.40138889,0.030277002
18.17027778,74.40916667,0.017638578
18.17027778,74.42611111,0.01674898
18.17055556,74.39416667,0.016595601
18.17055556,74.40583333,0.026319826
18.17055556,75.18388889,0.034387558
18.17055556,75.18722222,0.031994846
18.17055556,75.18833333,0.031227952
18.17055556,75.76861111,0.013466671
18.17083333,74.38388889,0.021902512
18.17083333,75.17361111,0.0525783
18.17083333,75.18638889,0.029080647
18.17083333,75.18666667,0.02862051
18.17111111,74.39166667,0.033252554
18.17111111,75.00583333,0.029111322
18.17111111,75.16333333,0.02941808
18.17138889,74.4125,0.031626737
18.17138889,74.8425,0.013067886
18.17166667,74.40944444,0.029847541
18.17166667,74.42,0.014264241
18.17166667,75.16027778,0.032485659
18.17194444,74.4175,0.028988619
18.17194444,74.92361111,0.019540477
18.17222222,74.4225,0.032209577
18.17222222,75.16972222,0.049357342
18.1725,73.47333333,0.070523636
18.1725,74.41444444,0.039571766
18.1725,74.42722222,0.019847235
18.17277778,73.83333333,0.079726372
18.17277778,74.41444444,0.021012915
18.17305556,74.41694444,0.018681555
18.17305556,75.18333333,0.031994846
18.17305556,75.18583333,0.038283383
18.17333333,73.90305556,0.039847848
18.17333333,73.90388889,0.036780269
18.17333333,74.41361111,0.024571306
18.17361111,74.00388889,0.015307218
18.17361111,74.01944444,0.021442376
18.17361111,74.42916667,0.025890365
18.17361111,74.45805556,0.041504341
18.17361111,74.73527778,0.018804258
18.17388889,73.98527778,0.049050584
18.17388889,74.45166667,0.031473358
18.17416667,74.4025,0.01674898
18.17416667,74.42083333,0.02883524
18.17416667,74.68805556,0.020736832
18.17416667,75.19083333,0.034755667
18.17444444,73.825,0.024509954
18.17444444,74.00555556,0.061320899
18.17444444,74.39805556,0.029571459
18.17444444,74.40472222,0.025736986
18.17444444,74.42,0.023835087
18.17444444,74.4425,0.029847541
18.17444444,74.45888889,0.016012761
18.17444444,74.62027778,0.043897052
18.17444444,74.64361111,0.018681555
18.17444444,74.72027778,0.00954017
18.17444444,75.16611111,0.037516488
18.17472222,74.40472222,0.016595601
18.17472222,74.42611111,0.030737139
18.17472222,75.18888889,0.032148225
18.175,73.75,0.012239639
18.175,73.75833333,0.055185742
18.175,73.825,0.033712691
18.175,73.82777778,0.018374797
18.175,73.95,0.018374797
18.175,73.95027778,0.015307218
18.175,73.95055556,0.079726372
18.175,73.95083333,0.021442376
18.175,73.95833333,0.024509954
18.175,73.95861111,0.018374797
18.175,73.95888889,0.067456057
18.175,73.95916667,0.079726372
18.175,73.98333333,0.128807632
18.175,73.98388889,0.021442376
18.175,73.98416667,0.024509954
18.175,73.98444444,0.012239639
18.175,73.98472222,0.076658793
18.175,73.985,0.030645112
18.175,73.98527778,0.027577533
18.175,73.98583333,0.021442376
18.175,73.98611111,0.039847848
18.175,73.99166667,0.024509954
18.175,73.99222222,0.036780269
18.175,73.99388889,0.021442376
18.175,73.995,0.079726372
18.175,73.99583333,0.012239639
18.175,73.99694444,0.015307218
18.175,73.99722222,0.018374797
18.175,74,0.030645112
18.175,74.00277778,0.018374797
18.175,74.01666667,0.036780269
18.175,74.01722222,0.018374797
18.175,74.0175,0.018374797
18.175,74.025,0.030645112
18.175,74.02527778,0.027577533
18.175,74.03333333,0.018374797
18.175,74.04166667,0.012239639
18.175,74.36833333,0.019847235
18.175,75.15388889,0.032148225
18.175,75.19277778,0.038620817
18.17527778,74.02555556,0.030645112
18.17527778,74.02583333,0.104267002
18.17527778,74.42638889,0.028099021
18.17527778,74.42722222,0.026779963
18.17527778,74.46722222,0.014233565
18.17527778,74.475,0.018804258
18.17555556,73.82555556,0.021442376
18.17555556,74.02833333,0.030645112
18.17555556,74.37111111,0.015123163
18.17555556,74.38166667,0.02220927
18.17555556,74.47555556,0.014755054
18.17555556,74.78,0.028221725
18.17583333,74.405,0.015429921
18.17583333,74.42305556,0.033099175
18.17583333,74.785,0.024571306
18.17583333,74.89888889,0.045676248
18.17583333,75.1725,0.041197583
18.17583333,75.18722222,0.031872143
18.17611111,74.02888889,0.076658793
18.17611111,74.38388889,0.019540477
18.17611111,74.54166667,0.025890365
18.17638889,73.68611111,0.015307218
18.17638889,74.02916667,0.012239639
18.17638889,74.37166667,0.027209424
18.17638889,74.37722222,0.033405933
18.17638889,74.3875,0.02162643
18.17638889,75.18777778,0.047516795
18.17666667,74.02944444,0.024509954
18.17666667,74.38527778,0.028988619
18.17666667,74.39,0.030154299
18.17666667,74.42472222,0.037363109
18.17694444,74.02972222,0.015307218
18.17694444,74.37361111,0.016472898
18.17694444,74.38583333,0.014386944
18.17694444,74.40805556,0.013804104
18.17694444,74.41972222,0.032056198
18.17694444,74.42694444,0.0155833
18.17694444,75.17944444,0.038252707
18.17722222,74.03,0.012239639
18.17722222,74.38722222,0.018528176
18.17722222,75.15,0.056228719
18.17722222,75.17166667,0.038314059
18.17722222,75.18305556,0.052731679
18.17722222,75.19166667,0.049970858
18.1775,74.03027778,0.018374797
18.1775,74.405,0.025154146
18.1775,74.41694444,0.03058376
18.1775,74.42388889,0.021319672
18.1775,74.44055556,0.036780269
18.1775,75.15666667,0.033160526
18.1775,75.16888889,0.0438357
18.17777778,74.01666667,0.039847848
18.17777778,74.38555556,0.023835087
18.17777778,74.3875,0.018681555
18.17777778,74.4125,0.031043897
18.17777778,74.76972222,0.048835854
18.17777778,74.93166667,0.029264701
18.17777778,74.98583333,0.030154299
18.17805556,74.03083333,0.027577533
18.17805556,74.38055556,0.02162643
18.17805556,74.46805556,0.030307678
18.17833333,74.03111111,0.012239639
18.17833333,75.17166667,0.032148225
18.17833333,75.18694444,0.034326206
18.17861111,74.41916667,0.028988619
18.17861111,74.58666667,0.01616614
18.17888889,74.03138889,0.030645112
18.17888889,74.28083333,0.017791957
18.17888889,74.37722222,0.029571459
18.17888889,74.41944444,0.039878524
18.17888889,74.48666667,0.014233565
18.17888889,74.94444444,0.025890365
18.17888889,75.15722222,0.035001074
18.17888889,75.18666667,0.034326206
18.17916667,74.41666667,0.028528482
18.17916667,74.61388889,0.020736832
18.17916667,74.68305556,0.013466671
18.17916667,75.19305556,0.035185128
18.17916667,75.91111111,0.031381331
18.17944444,74.03194444,0.030645112
18.17944444,75.17222222,0.031872143
18.17972222,74.03222222,0.036780269
18.17972222,74.41777778,0.019111016
18.18,74.02722222,0.033712691
18.18,75.12,0.049357342
18.18,75.12305556,0.022730759
18.18,75.12333333,0.040154606
18.18,75.1725,0.037700543
18.18027778,74.0275,0.018374797
18.18027778,75.15666667,0.047486119
18.18027778,75.15805556,0.055799258
18.18027778,75.17194444,0.041197583
18.18027778,75.17666667,0.028497807
18.18055556,73.67472222,0.098131845
18.18055556,74.02777778,0.012239639
18.18055556,74.03194444,0.036780269
18.18055556,74.03305556,0.018374797
18.18055556,75.12305556,0.0496641
18.18055556,75.19277778,0.037700543
18.18055556,76.03333333,0.020153992
18.18083333,74.02805556,0.024509954
18.18111111,74.02833333,0.015307218
18.18111111,74.38361111,0.031043897
18.18111111,74.47472222,0.026013068
18.18111111,74.48305556,0.023835087
18.18111111,74.49805556,0.030982545
18.18111111,74.5,0.022914813
18.18111111,74.86777778,0.041350962
18.18111111,75.02222222,0.034878371
18.18138889,73.83777778,0.220834995
18.18138889,74.02861111,0.061320899
18.18138889,74.03166667,0.039847848
18.18138889,74.03194444,0.012239639
18.18138889,74.38194444,0.017055738
18.18138889,74.40861111,0.03546121
18.18138889,74.42111111,0.025000767
18.18138889,74.4225,0.026166447
18.18138889,74.42611111,0.01733182
18.18138889,74.42666667,0.024417927
18.18138889,74.43527778,0.028099021
18.18138889,74.43972222,0.031626737
18.18138889,74.44916667,0.024571306
18.18138889,74.50138889,0.025982392
18.18138889,75.17472222,0.031626737
18.18138889,75.19138889,0.034448909
18.18166667,74.02888889,0.024509954
18.18166667,74.03166667,0.039847848
18.18166667,74.42638889,0.024509954
18.18166667,74.5175,0.015276542
18.18194444,74.03055556,0.079726372
18.18194444,74.03194444,0.024509954
18.18194444,74.39027778,0.021166293
18.18194444,74.78083333,0.041933802
18.18194444,74.93944444,0.04944937
18.18222222,74.02944444,0.018374797
18.18222222,74.03138889,0.018374797
18.18222222,74.03166667,0.033712691
18.18222222,74.03222222,0.012239639
18.18222222,74.03277778,0.027577533
18.18222222,74.27666667,0.017945336
18.18222222,74.41888889,0.029571459
18.18222222,74.50555556,0.024141845
18.1825,74.02972222,0.012239639
18.1825,74.0325,0.039847848
18.1825,74.41861111,0.019417774
18.1825,74.44916667,0.035890671
18.1825,74.45138889,0.04886653
18.1825,74.50527778,0.014755054
18.1825,74.9325,0.043682322
18.1825,74.96194444,0.034694316
18.18277778,74.03,0.067456057
18.18277778,74.46972222,0.026350502
18.18277778,74.48277778,0.03641216
18.18305556,74.03027778,0.027577533
18.18305556,74.03055556,0.024509954
18.18305556,74.03083333,0.033712691
18.18305556,74.03111111,0.015307218
18.18305556,74.46777778,0.024172521
18.18305556,74.90277778,0.037761895
18.18305556,75.15694444,0.031933495
18.18305556,75.15972222,0.041350962
18.18333333,73.66666667,0.052118163
18.18333333,73.7,0.030645112
18.18333333,73.74166667,0.027577533
18.18333333,73.75833333,0.049050584
18.18333333,73.76666667,0.021442376
18.18333333,73.95833333,0.098131845
18.18333333,73.95861111,0.021442376
18.18333333,73.95916667,0.082793951
18.18333333,73.95944444,0.073591214
18.18333333,74.00222222,0.027577533
18.18333333,74.01666667,0.049050584
18.18333333,74.01944444,0.024509954
18.18333333,74.02083333,0.012239639
18.18333333,74.025,0.122672475
18.18333333,74.03333333,0.024509954
18.18333333,74.04166667,0.021442376
18.18333333,74.37166667,0.024264548
18.18333333,74.90555556,0.035553238
18.18333333,75.16,0.035215804
18.18333333,75.7,0.010429768
18.18361111,74.02527778,0.098131845
18.18361111,74.37555556,0.028375104
18.18361111,74.39305556,0.025307525
18.18361111,74.39777778,0.023681708
18.18361111,74.40777778,0.043252861
18.18361111,74.41722222,0.022362649
18.18361111,74.47583333,0.026227798
18.18361111,74.85166667,0.032362956
18.18361111,74.9025,0.035399859
18.18361111,74.90305556,0.04107488
18.18361111,74.925,0.03174944
18.18361111,75.15444444,0.031872143
18.18361111,75.17611111,0.038252707
18.18388889,74.02555556,0.012239639
18.18388889,74.38472222,0.02279211
18.18388889,74.475,0.029939569
18.18388889,74.47694444,0.02454063
18.18388889,74.48222222,0.024571306
18.18388889,74.49694444,0.025399552
18.18388889,74.95166667,0.043222185
18.18388889,74.95333333,0.043528943
18.18416667,74.02583333,0.030645112
18.18416667,74.385,0.018804258
18.18416667,74.38638889,0.030092948
18.18416667,74.39805556,0.022945489
18.18416667,74.4825,0.023804411
18.18416667,74.49111111,0.035215804
18.18416667,74.49611111,0.030277002
18.18416667,74.76777778,0.025430228
18.18416667,75.15416667,0.02941808
18.18416667,75.16388889,0.031626737
18.18416667,75.1725,0.032148225
18.18416667,75.22583333,0.049357342
18.18444444,73.97583333,0.036780269
18.18444444,74.02611111,0.018374797
18.18444444,74.20083333,0.016902359
18.18444444,74.43666667,0.021166293
18.18444444,74.49833333,0.025276849
18.18444444,74.9525,0.019693856
18.18444444,75.18833333,0.041350962
18.18472222,73.99166667,0.024509954
18.18472222,74.02638889,0.015307218
18.18472222,74.38055556,0.02220927
18.18472222,74.38472222,0.026902666
18.18472222,74.39305556,0.013067886
18.18472222,74.42777778,0.020430075
18.18472222,74.43916667,0.028099021
18.18472222,74.46444444,0.030154299
18.18472222,74.47611111,0.024141845
18.18472222,74.48111111,0.014755054
18.18472222,74.49138889,0.014969784
18.18472222,74.90333333,0.037853922
18.18472222,74.92833333,0.03816068
18.185,74.39805556,0.018068039
18.185,74.46222222,0.025798337
18.185,74.48083333,0.023804411
18.185,74.48638889,0.03837541
18.185,74.48722222,0.042946103
18.185,74.48777778,0.030982545
18.185,74.50055556,0.013129237
18.185,74.50222222,0.014755054
18.185,74.71111111,0.019264395
18.185,74.8875,0.049357342
18.185,74.92805556,0.031718764
18.185,75.16861111,0.028896592
18.18527778,73.98611111,0.018374797
18.18527778,74.02694444,0.012239639
18.18527778,74.17916667,0.020430075
18.18527778,74.47166667,0.027608209
18.18527778,74.47361111,0.023589681
18.18527778,74.47527778,0.032148225
18.18527778,74.48194444,0.036074726
18.18527778,74.48861111,0.030614436
18.18527778,74.77972222,0.03174944
18.18527778,74.86361111,0.030890518
18.18527778,74.90472222,0.0496641
18.18527778,74.92777778,0.033589987
18.18527778,74.97277778,0.049357342
18.18527778,75.16222222,0.035001074
18.18527778,75.16694444,0.031688089
18.18527778,75.16944444,0.027362803
18.18527778,75.19138889,0.038314059
18.18555556,74.02722222,0.027577533
18.18555556,74.38055556,0.018957637
18.18555556,74.42444444,0.019111016
18.18555556,74.47138889,0.027792264
18.18555556,74.4825,0.026013068
18.18555556,74.49166667,0.024847388
18.18555556,74.94111111,0.037393785
18.18555556,74.99194444,0.032792417
18.18583333,73.99361111,0.036780269
18.18583333,74.0275,0.024509954
18.18583333,74.38888889,0.025154146
18.18583333,74.41388889,0.019847235
18.18583333,74.43027778,0.045983006
18.18583333,74.48472222,0.031902819
18.18583333,74.49138889,0.025890365
18.18583333,74.49833333,0.025982392
18.18583333,74.76833333,0.016442222
18.18583333,74.90555556,0.049357342
18.18583333,74.93222222,0.040277309
18.18583333,75.12,0.0496641
18.18583333,75.17,0.031197276
18.18583333,75.18861111,0.044142458
18.18611111,73.61944444,0.147213105
18.18611111,74.37138889,0.019540477
18.18611111,74.38444444,0.029571459
18.18611111,74.42,0.024571306
18.18611111,74.43333333,0.018957637
18.18611111,74.45138889,0.033099175
18.18611111,74.46388889,0.025184822
18.18611111,74.49777778,0.033068499
18.18611111,74.49861111,0.024632657
18.18611111,74.70833333,0.015276542
18.18611111,74.78694444,0.031902819
18.18611111,74.92833333,0.052424921
18.18638889,74.40111111,0.031319979
18.18638889,74.40194444,0.024264548
18.18638889,74.46277778,0.030307678
18.18638889,74.47361111,0.027608209
18.18638889,74.48138889,0.055400472
18.18638889,74.49694444,0.034602288
18.18638889,74.92166667,0.035553238
18.18638889,74.98027778,0.035859996
18.18638889,75.16027778,0.028743213
18.18638889,75.17333333,0.037700543
18.18638889,75.17361111,0.037393785
18.18638889,75.17527778,0.029080647
18.18666667,74.38666667,0.019264395
18.18666667,74.39027778,0.032362956
18.18666667,74.39277778,0.032056198
18.18666667,74.39416667,0.028528482
18.18666667,74.41166667,0.016472898
18.18666667,74.41222222,0.027209424
18.18666667,74.41527778,0.033252554
18.18666667,74.4775,0.025798337
18.18666667,74.48833333,0.03211755
18.18666667,74.81888889,0.00954017
18.18666667,75.15777778,0.031933495
18.18694444,73.63166667,0.098131845
18.18694444,74.37472222,0.020276696
18.18694444,74.3925,0.025307525
18.18694444,74.41027778,0.025583607
18.18694444,74.4175,0.025307525
18.18694444,74.42666667,0.031626737
18.18694444,74.44444444,0.024847388
18.18694444,74.85,0.010092334
18.18694444,74.93638889,0.043528943
18.18694444,74.96916667,0.035982699
18.18694444,74.97333333,0.049050584
18.18694444,75.15472222,0.030092948
18.18694444,75.17111111,0.031565385
18.18722222,74.0025,0.049050584
18.18722222,74.37055556,0.028528482
18.18722222,74.38833333,0.027792264
18.18722222,74.40555556,0.025890365
18.18722222,74.41388889,0.021473051
18.18722222,74.43583333,0.033528636
18.18722222,74.64444444,0.024264548
18.18722222,75.16972222,0.028957943
18.1875,74.00277778,0.045983006
18.1875,74.36916667,0.031319979
18.1875,74.41805556,0.024417927
18.1875,74.42194444,0.038406086
18.1875,74.43888889,0.018681555
18.1875,74.85666667,0.026013068
18.1875,75.16472222,0.02941808
18.18777778,74.01944444,0.015307218
18.18777778,74.38555556,0.027516181
18.18777778,74.42194444,0.007331513
18.18777778,74.42472222,0.045768275
18.18777778,74.43361111,0.023098868
18.18777778,74.48916667,0.033007147
18.18777778,74.48944444,0.026013068
18.18777778,74.68416667,0.022945489
18.18777778,74.95472222,0.03816068
18.18777778,74.98,0.037393785
18.18777778,75.12305556,0.045216111
18.18777778,75.12333333,0.031718764
18.18805556,73.62222222,0.098131845
18.18805556,73.62777778,0.079726372
18.18805556,73.63888889,0.024509954
18.18805556,74.41833333,0.031319979
18.18805556,74.46083333,0.019724531
18.18805556,74.46666667,0.02650388
18.18805556,74.46833333,0.023773735
18.18805556,74.48972222,0.030614436
18.18805556,74.49027778,0.031902819
18.18805556,74.52777778,0.02220927
18.18805556,74.95111111,0.031718764
18.18805556,74.96361111,0.035737293
18.18805556,74.97416667,0.050584374
18.18833333,74.3775,0.026166447
18.18833333,74.38805556,0.032209577
18.18833333,74.40694444,0.052118163
18.18833333,74.41388889,0.0282524
18.18833333,74.41444444,0.017485199
18.18833333,74.4525,0.022485352
18.18833333,74.46166667,0.029264701
18.18833333,74.46527778,0.045921654
18.18833333,74.47138889,0.019724531
18.18833333,74.50083333,0.027945643
18.18833333,74.87805556,0.01733182
18.18833333,74.96777778,0.03524648
18.18833333,74.96805556,0.032792417
18.18833333,74.97388889,0.035859996
18.18861111,74.37694444,0.020430075
18.18861111,74.37777778,0.016472898
18.18861111,74.38416667,0.024111169
18.18861111,74.38722222,0.017791957
18.18861111,74.39583333,0.031043897
18.18861111,74.44166667,0.044449216
18.18861111,74.47555556,0.019847235
18.18861111,74.66083333,0.039142305
18.18861111,74.97083333,0.038130004
18.18861111,74.99083333,0.035553238
18.18861111,75.16305556,0.040829473
18.18888889,73.62611111,0.122672475
18.18888889,73.67555556,0.030645112
18.18888889,74.37222222,0.021319672
18.18888889,74.38583333,0.031319979
18.18888889,74.42,0.018804258
18.18888889,74.44083333,0.029724838
18.18888889,74.46277778,0.030982545
18.18888889,74.48277778,0.026779963
18.18888889,74.48527778,0.031902819
18.18888889,74.49027778,0.025399552
18.18888889,74.90555556,0.046596521
18.18888889,74.92916667,0.050277616
18.18888889,74.95583333,0.049357342
18.18888889,74.98638889,0.037393785
18.18916667,74.40333333,0.031780116
18.18916667,74.435,0.020430075
18.18916667,74.44833333,0.02883524
18.18916667,74.46027778,0.033007147
18.18916667,74.46861111,0.031902819
18.18916667,74.48055556,0.030614436
18.18916667,74.48527778,0.035215804
18.18916667,74.49111111,0.021779809
18.18916667,74.49138889,0.024847388
18.18916667,74.49361111,0.023804411
18.18916667,74.49388889,0.025951716
18.18916667,74.93666667,0.035737293
18.18916667,74.9575,0.04187245
18.18916667,75.17055556,0.038314059
18.18944444,74.3775,0.024417927
18.18944444,74.39777778,0.025000767
18.18944444,74.445,0.018681555
18.18944444,74.46083333,0.038252707
18.18944444,74.47222222,0.023620356
18.18944444,74.47527778,0.016472898
18.18944444,74.48972222,0.029939569
18.18944444,74.49638889,0.015245866
18.18944444,74.93611111,0.049357342
18.18944444,74.96777778,0.03524648
18.18944444,75.16972222,0.031933495
18.18972222,74.37222222,0.019540477
18.18972222,74.39666667,0.0155833
18.18972222,74.43888889,0.022638731
18.18972222,74.44944444,0.028375104
18.18972222,74.4925,0.042946103
18.18972222,74.81833333,0.026626584
18.18972222,74.95527778,0.043222185
18.19,74.39055556,0.02337495
18.19,74.43555556,0.028375104
18.19,74.44083333,0.042363263
18.19,74.46027778,0.030614436
18.19,74.46888889,0.031565385
18.19,74.48611111,0.032823093
18.19,74.48722222,0.014663026
18.19,74.49694444,0.043130157
18.19,74.49888889,0.023589681
18.19,74.66027778,0.021749133
18.19,75.16111111,0.028865916
18.19027778,74.38333333,0.031043897
18.19027778,74.38361111,0.023835087
18.19027778,74.38611111,0.029264701
18.19027778,74.39277778,0.01674898
18.19027778,74.40166667,0.019847235
18.19027778,74.43527778,0.021749133
18.19027778,74.46694444,0.02454063
18.19027778,74.95777778,0.010245713
18.19055556,74.12222222,0.079726372
18.19055556,74.39388889,0.019264395
18.19055556,74.41888889,0.028988619
18.19055556,74.43583333,0.027362803
18.19055556,74.4725,0.043252861
18.19055556,74.48027778,0.036749594
18.19055556,74.48611111,0.034142152
18.19055556,74.48805556,0.033037823
18.19055556,74.49055556,0.03000092
18.19055556,74.76833333,0.020706157
18.19055556,76.24972222,0.028006994
18.19083333,74.41333333,0.026319826
18.19083333,74.45472222,0.023098868
18.19083333,74.46333333,0.039847848
18.19083333,74.48472222,0.027577533
18.19083333,74.48861111,0.03662689
18.19083333,74.79916667,0.021166293
18.19083333,74.93361111,0.03816068
18.19083333,74.95111111,0.043528943
18.19083333,74.96944444,0.030277002
18.19083333,74.9725,0.039111629
18.19083333,75.15861111,0.02862051
18.19083333,75.15944444,0.046596521
18.19111111,73.78166667,0.018374797
18.19111111,74.405,0.038559465
18.19111111,74.42472222,0.026043744
18.19111111,74.43222222,0.024694009
18.19111111,74.43611111,0.029571459
18.19111111,74.47666667,0.023804411
18.19111111,74.47916667,0.032148225
18.19111111,74.93194444,0.035553238
18.19111111,74.95277778,0.044449216
18.19111111,74.96666667,0.043528943
18.19111111,74.97166667,0.049357342
18.19111111,74.97388889,0.043528943
18.19111111,74.97944444,0.034326206
18.19138889,74.45611111,0.045614896
18.19138889,74.45666667,0.039878524
18.19138889,74.46027778,0.034050124
18.19138889,74.48583333,0.029970244
18.19138889,74.85805556,0.033405933
18.19138889,74.92388889,0.043528943
18.19138889,74.95583333,0.03816068
18.19138889,74.95833333,0.035737293
18.19138889,74.97222222,0.030645112
18.19138889,74.97333333,0.03524648
18.19138889,75.16416667,0.053038437
18.19138889,75.16944444,0.031258628
18.19138889,75.17083333,0.050277616
18.19166667,73.63333333,0.030645112
18.19166667,73.63888889,0.021442376
18.19166667,73.65833333,0.018374797
18.19166667,73.68333333,0.015307218
18.19166667,73.69166667,0.045983006
18.19166667,73.7,0.015307218
18.19166667,73.70833333,0.027577533
18.19166667,73.95833333,0.024509954
18.19166667,73.95861111,0.027577533
18.19166667,73.95888889,0.024509954
18.19166667,73.95916667,0.012239639
18.19166667,73.95944444,0.076658793
18.19166667,74.00833333,0.021442376
18.19166667,74.39388889,0.031043897
18.19166667,74.4025,0.025430228
18.19166667,74.42638889,0.016472898
18.19166667,74.44472222,0.035890671
18.19166667,74.45666667,0.021319672
18.19166667,74.47361111,0.019632504
18.19166667,74.48472222,0.031902819
18.19166667,74.48972222,0.029939569
18.19166667,74.50361111,0.030982545
18.19166667,74.885,0.060646032
18.19166667,74.90305556,0.047823553
18.19166667,74.91972222,0.040890825
18.19194444,74.4375,0.025154146
18.19194444,74.45944444,0.030307678
18.19194444,74.46388889,0.033528636
18.19194444,74.95027778,0.0496641
18.19194444,74.95166667,0.048007608
18.19194444,75.17694444,0.040768122
18.19222222,74.00416667,0.012239639
18.19222222,74.165,0.025829013
18.19222222,74.36694444,0.032056198
18.19222222,74.36861111,0.024847388
18.19222222,74.44722222,0.024111169
18.19222222,74.44777778,0.027945643
18.19222222,74.44805556,0.044295837
18.19222222,74.49277778,0.03153471
18.19222222,74.495,0.028467131
18.19222222,74.9175,0.034326206
18.19222222,74.92194444,0.04107488
18.19222222,74.92555556,0.03816068
18.19222222,74.93833333,0.037393785
18.19222222,74.97,0.037393785
18.19222222,75.15916667,0.043528943
18.19222222,75.17361111,0.038620817
18.19222222,75.18416667,0.03095187
18.19222222,75.18583333,0.049970858
18.1925,74.20888889,0.033988773
18.1925,74.36666667,0.019264395
18.1925,74.37166667,0.02220927
18.1925,74.38333333,0.01616614
18.1925,74.39222222,0.018528176
18.1925,74.39277778,0.020890211
18.1925,74.4025,0.034571613
18.1925,74.405,0.017055738
18.1925,74.42166667,0.016595601
18.1925,74.43944444,0.027362803
18.1925,74.45527778,0.054296144
18.1925,74.45916667,0.024571306
18.1925,74.48777778,0.023098868
18.1925,74.96055556,0.035093101
18.1925,74.97138889,0.035859996
18.1925,74.97166667,0.04187245
18.1925,74.98666667,0.045246787
18.1925,74.98916667,0.034510261
18.1925,75.17583333,0.03524648
18.19277778,74.20666667,0.021749133
18.19277778,74.21194444,0.024571306
18.19277778,74.36972222,0.026779963
18.19277778,74.43083333,0.02162643
18.19277778,74.47055556,0.032485659
18.19277778,74.87055556,0.032669714
18.19277778,74.96888889,0.030277002
18.19277778,74.97166667,0.039111629
18.19277778,74.97194444,0.037087027
18.19277778,74.98333333,0.043528943
18.19277778,75.18305556,0.041381637
18.19277778,75.1975,0.038620817
18.19277778,75.63611111,0.043774349
18.19305556,74.01861111,0.012239639
18.19305556,74.40333333,0.030277002
18.19305556,74.4075,0.019847235
18.19305556,74.41444444,0.027209424
18.19305556,74.44777778,0.023098868
18.19305556,74.97944444,0.034632964
18.19333333,73.88805556,0.030645112
18.19333333,74.00444444,0.021442376
18.19333333,74.3825,0.021012915
18.19333333,74.39083333,0.031319979
18.19333333,74.40777778,0.021902512
18.19333333,74.42361111,0.015859382
18.19333333,74.44138889,0.031319979
18.19333333,74.44777778,0.024694009
18.19333333,74.97416667,0.039111629
18.19333333,75.68583333,0.005859075
18.19361111,74.42138889,0.020276696
18.19361111,74.42166667,0.025000767
18.19361111,74.44888889,0.032945796
18.19388889,73.99333333,0.024509954
18.19388889,74.38833333,0.033988773
18.19388889,74.40805556,0.02162643
18.19388889,74.42027778,0.031043897
18.19388889,74.42361111,0.018681555
18.19388889,74.42722222,0.029111322
18.19388889,74.42861111,0.018528176
18.19388889,74.46138889,0.022914813
18.19388889,74.48,0.027209424
18.19388889,74.94527778,0.037700543
18.19388889,74.98277778,0.035859996
18.19388889,75.18083333,0.053651953
18.19388889,75.18472222,0.046596521
18.19388889,76.11444444,0.030982545
18.19416667,74.39222222,0.020276696
18.19416667,74.43,0.021319672
18.19416667,74.43138889,0.088929108
18.19416667,74.49305556,0.033007147
18.19416667,74.49361111,0.03211755
18.19416667,74.90777778,0.05003221
18.19416667,75.15583333,0.02941808
18.19416667,75.16055556,0.031872143
18.19444444,73.49333333,0.012239639
18.19444444,73.73388889,0.067456057
18.19444444,74.41805556,0.028528482
18.19444444,74.45138889,0.031718764
18.19444444,74.47805556,0.028681861
18.19444444,74.49333333,0.031902819
18.19444444,74.90833333,0.043989079
18.19444444,74.92527778,0.052424921
18.19444444,74.92972222,0.046596521
18.19444444,74.9325,0.038314059
18.19444444,74.93277778,0.038314059
18.19444444,74.96361111,0.032792417
18.19444444,74.97944444,0.030645112
18.19472222,74.48,0.015061812
18.19472222,74.49333333,0.024448603
18.19472222,74.49444444,0.023865763
18.19472222,74.50333333,0.030614436
18.19472222,74.89666667,0.035185128
18.19472222,74.95972222,0.035399859
18.19472222,74.96972222,0.049357342
18.19472222,75.17055556,0.043528943
18.19472222,75.65305556,0.050891132
18.195,73.97416667,0.024509954
18.195,74.39694444,0.033528636
18.195,74.40805556,0.030277002
18.195,74.42055556,0.020736832
18.195,74.48055556,0.045461517
18.195,74.49333333,0.028467131
18.195,74.49472222,0.043160833
18.195,74.49611111,0.030614436
18.195,74.7575,0.042087181
18.195,74.91638889,0.035553238
18.195,74.95888889,0.044449216
18.195,74.96083333,0.037087027
18.195,75.18388889,0.044142458
18.19527778,74.48277778,0.033007147
18.19527778,74.48416667,0.031902819
18.19527778,74.485,0.030614436
18.19527778,74.4875,0.030614436
18.19527778,74.48805556,0.025982392
18.19527778,74.48972222,0.035215804
18.19527778,74.92222222,0.043375564
18.19527778,75.18388889,0.0525783
18.19527778,75.30166667,0.038620817
18.19555556,74.37888889,0.031933495
18.19555556,74.38527778,0.024847388
18.19555556,74.43833333,0.027638885
18.19555556,74.49333333,0.03211755
18.19555556,74.78833333,0.033221878
18.19555556,74.9225,0.04107488
18.19555556,74.92861111,0.035553238
18.19555556,74.95972222,0.045983006
18.19555556,75.17138889,0.037393785
18.19555556,75.86694444,0.025491579
18.19583333,74.43722222,0.025307525
18.19583333,74.48055556,0.029080647
18.19583333,74.53222222,0.018068039
18.19583333,74.83166667,0.060615356
18.19583333,74.94222222,0.030307678
18.19583333,75.15527778,0.0496641
18.19583333,75.18638889,0.0525783
18.19611111,74.40722222,0.018957637
18.19611111,74.92083333,0.035553238
18.19611111,74.93222222,0.043528943
18.19611111,74.97777778,0.044449216
18.19611111,75.20694444,0.052424921
18.19638889,74.49472222,0.030614436
18.19638889,74.91722222,0.052424921
18.19638889,74.92888889,0.037393785
18.19638889,74.93222222,0.035553238
18.19638889,74.96861111,0.034632964
18.19638889,74.98805556,0.03524648
18.19638889,75.16944444,0.038620817
18.19666667,74.38444444,0.032056198
18.19666667,74.40944444,0.013804104
18.19666667,74.45027778,0.045983006
18.19694444,74.47194444,0.055523176
18.19694444,74.56527778,0.026319826
18.19694444,74.92027778,0.0496641
18.19694444,74.92055556,0.0496641
18.19694444,74.92722222,0.04107488
18.19694444,74.93222222,0.052731679
18.19694444,75.15666667,0.041197583
18.19694444,75.1575,0.053038437
18.19694444,75.19027778,0.0496641
18.19722222,74.40083333,0.031043897
18.19722222,74.5,0.025460904
18.19722222,74.93138889,0.038314059
18.19722222,74.97722222,0.030399706
18.19722222,74.98805556,0.032792417
18.19722222,75.16,0.040768122
18.19722222,75.34666667,0.047056658
18.1975,74.3825,0.018221418
18.1975,74.38833333,0.020736832
18.1975,74.39527778,0.024264548
18.1975,74.40083333,0.025307525
18.1975,74.41916667,0.017055738
18.1975,74.885,0.026473205
18.1975,74.92388889,0.03524648
18.1975,74.92805556,0.034326206
18.1975,75.03083333,0.007362189
18.1975,75.18916667,0.047210037
18.19777778,74.37305556,0.027945643
18.19777778,74.395,0.024571306
18.19777778,74.40138889,0.029111322
18.19777778,74.89888889,0.024847388
18.19777778,74.93138889,0.043528943
18.19777778,75.16361111,0.037700543
18.19777778,75.18361111,0.0496641
18.19805556,74.38111111,0.027362803
18.19805556,74.93444444,0.04107488
18.19805556,75.1875,0.047210037
18.19805556,75.20305556,0.050584374
18.19805556,75.22083333,0.05119789
18.19805556,75.24527778,0.043528943
18.19833333,74.38416667,0.01500046
18.19833333,74.40805556,0.032209577
18.19833333,74.41,0.012914507
18.19833333,74.48055556,0.031902819
18.19833333,74.91666667,0.034326206
18.19833333,75.18583333,0.044142458
18.19861111,74.27472222,0.02162643
18.19861111,74.39583333,0.014110862
18.19861111,75.15916667,0.044142458
18.19888889,74.38583333,0.028681861
18.19888889,74.91694444,0.035553238
18.19888889,74.92944444,0.03524648
18.19888889,75.16416667,0.034326206
18.19888889,75.16472222,0.040768122
18.19916667,74.46666667,0.024172521
18.19916667,74.47555556,0.030277002
18.19916667,74.4825,0.032025522
18.19916667,74.95083333,0.037393785
18.19916667,75.18305556,0.046903279
18.19944444,74.48444444,0.014755054
18.19944444,74.92972222,0.038314059
18.19944444,75.15805556,0.0438357
18.19944444,75.15833333,0.034939722
18.19944444,75.17611111,0.038314059
18.19972222,74.36583333,0.024264548
18.19972222,74.37222222,0.018681555
18.19972222,74.47222222,0.029111322
18.19972222,74.48055556,0.030614436
18.19972222,74.57944444,0.055185742
18.19972222,74.73805556,0.022638731
18.19972222,74.91972222,0.043528943
18.19972222,74.93055556,0.035553238
18.19972222,74.97138889,0.044449216
18.19972222,75.18638889,0.038620817
18.2,73.625,0.015307218
18.2,73.63333333,0.027577533
18.2,73.675,0.012239639
18.2,73.69166667,0.024509954
18.2,73.83333333,0.024509954
18.2,73.925,0.067456057
18.2,73.92527778,0.070523636
18.2,73.92555556,0.012239639
18.2,73.92583333,0.070523636
18.2,73.92611111,0.061320899
18.2,73.92638889,0.076658793
18.2,73.93583333,0.018374797
18.2,73.93666667,0.030645112
18.2,73.95833333,0.012239639
18.2,73.95861111,0.012239639
18.2,73.95888889,0.036780269
18.2,73.95916667,0.033712691
18.2,73.95944444,0.091996687
18.2,73.99166667,0.049050584
18.2,74.38166667,0.026902666
18.2,74.64833333,0.009816252
18.2,74.68833333,0.042670021
18.2,74.87694444,0.050185589
18.2,74.90027778,0.052424921
18.2,74.91694444,0.03816068
18.2,74.96972222,0.04187245
18.2,74.97972222,0.034326206
18.20027778,74,0.049050584
18.20027778,74.38833333,0.022485352
18.20027778,74.41638889,0.01500046
18.20027778,74.44194444,0.02883524
18.20027778,74.91944444,0.049510721
18.20027778,74.92583333,0.049357342
18.20027778,74.93222222,0.037393785
18.20027778,74.95777778,0.049970858
18.20027778,74.96333333,0.034326206
18.20027778,75.19805556,0.049970858
18.20055556,74.0025,0.024509954
18.20055556,74.39527778,0.022055891
18.20055556,74.39805556,0.017055738
18.20055556,74.42138889,0.020153992
18.20055556,74.43527778,0.018804258
18.20055556,74.43694444,0.021473051
18.20055556,74.48694444,0.023221571
18.20055556,74.91722222,0.052424921
18.20055556,75.1875,0.053651953
18.20083333,74.39194444,0.027792264
18.20083333,74.40583333,0.017791957
18.20083333,74.41083333,0.025154146
18.20083333,74.42416667,0.036780269
18.20083333,74.44111111,0.03058376
18.20083333,74.88833333,0.038191356
18.20083333,74.92583333,0.038314059
18.20083333,74.92777778,0.042608669
18.20083333,74.93111111,0.035553238
18.20083333,74.96777778,0.017485199
18.20083333,75.15027778,0.044142458
18.20083333,76.085,0.018006687
18.20111111,73.92777778,0.11040216
18.20111111,73.93805556,0.027577533
18.20111111,74.26694444,0.027792264
18.20111111,74.48111111,0.033743366
18.20111111,74.92527778,0.040461364
18.20138889,73.92722222,0.085861529
18.20138889,73.9275,0.091996687
18.20138889,73.97583333,0.033712691
18.20138889,74.235,0.026902666
18.20138889,74.4075,0.016595601
18.20138889,74.43944444,0.031319979
18.20138889,74.90666667,0.012055585
18.20138889,74.92055556,0.0496641
18.20138889,74.92222222,0.034326206
18.20138889,75.16027778,0.029111322
18.20166667,73.92805556,0.079726372
18.20166667,73.92833333,0.027577533
18.20166667,74.37944444,0.02883524
18.20166667,74.38361111,0.021902512
18.20166667,74.92083333,0.035553238
18.20166667,74.92166667,0.043528943
18.20166667,74.92916667,0.03524648
18.20166667,74.93138889,0.038314059
18.20166667,74.94111111,0.049357342
18.20194444,73.92694444,0.082793951
18.20194444,73.9375,0.015307218
18.20194444,74.40638889,0.015123163
18.20194444,74.47888889,0.03211755
18.20194444,74.48583333,0.031902819
18.20194444,74.49138889,0.027914967
18.20194444,74.71222222,0.015123163
18.20194444,74.89555556,0.028681861
18.20194444,74.92472222,0.035553238
18.20194444,74.92555556,0.043528943
18.20194444,74.93,0.031197276
18.20194444,75.15777778,0.046903279
18.20194444,75.17555556,0.039939875
18.20194444,76.22361111,0.028129697
18.20222222,73.92888889,0.024509954
18.20222222,73.93583333,0.055185742
18.20222222,73.94,0.036780269
18.20222222,74.47777778,0.02199454
18.20222222,74.49583333,0.036780269
18.20222222,74.81111111,0.019264395
18.20222222,74.92027778,0.038314059
18.2025,73.92666667,0.073591214
18.2025,73.935,0.024509954
18.2025,73.93638889,0.024509954
18.2025,73.94,0.012239639
18.2025,74.41388889,0.021012915
18.2025,74.41583333,0.026626584
18.2025,74.47555556,0.027608209
18.2025,74.49861111,0.02024602
18.2025,74.92305556,0.043528943
18.2025,74.92944444,0.038314059
18.2025,74.93027778,0.041197583
18.2025,74.96722222,0.031197276
18.2025,75.19666667,0.034326206
18.20277778,74.38055556,0.022485352
18.20277778,74.39333333,0.017945336
18.20277778,74.39666667,0.0155833
18.20277778,74.48416667,0.03000092
18.20277778,74.49361111,0.032086874
18.20277778,74.70111111,0.026902666
18.20277778,74.70583333,0.021473051
18.20277778,74.89527778,0.016012761
18.20277778,74.92194444,0.038314059
18.20277778,74.92222222,0.043528943
18.20277778,74.93222222,0.047394092
18.20277778,74.95027778,0.04420381
18.20277778,74.96944444,0.025154146
18.20277778,74.97111111,0.049357342
18.20277778,75.17722222,0.035123777
18.20277778,75.195,0.031565385
18.20305556,73.935,0.012239639
18.20305556,74.00944444,0.030645112
18.20305556,74.2725,0.013435995
18.20305556,74.39333333,0.012485046
18.20305556,74.42666667,0.019693856
18.20305556,74.43361111,0.01674898
18.20305556,74.9225,0.03524648
18.20305556,74.92694444,0.035553238
18.20305556,74.92805556,0.038314059
18.20305556,74.93138889,0.037087027
18.20305556,74.93333333,0.052424921
18.20305556,74.98611111,0.0496641
18.20333333,73.93972222,0.015307218
18.20333333,74.40055556,0.016902359
18.20333333,74.49138889,0.028467131
18.20333333,74.97333333,0.039418387
18.20333333,75.17722222,0.018742906
18.20333333,75.19527778,0.052731679
18.20361111,73.60777778,0.027577533
18.20361111,73.92305556,0.091996687
18.20361111,73.99111111,0.045983006
18.20361111,74.02,0.012239639
18.20361111,74.22,0.02941808
18.20361111,74.37027778,0.017638578
18.20361111,74.37944444,0.032516335
18.20361111,74.38333333,0.02337495
18.20361111,74.40416667,0.027209424
18.20361111,74.41722222,0.021319672
18.20361111,74.47638889,0.027822939
18.20361111,74.48694444,0.03058376
18.20361111,74.48805556,0.030614436
18.20361111,74.68916667,0.024417927
18.20361111,74.71111111,0.040768122
18.20361111,74.92277778,0.034326206
18.20361111,74.92944444,0.038314059
18.20361111,74.93,0.041258934
18.20361111,74.93055556,0.031197276
18.20361111,74.93166667,0.043528943
18.20361111,74.93388889,0.055737906
18.20361111,74.97194444,0.035798644
18.20388889,73.93916667,0.036780269
18.20388889,74.03611111,0.02082886
18.20388889,74.39111111,0.019264395
18.20388889,74.40416667,0.021166293
18.20388889,74.73361111,0.034142152
18.20388889,74.91611111,0.040400012
18.20388889,74.92861111,0.030338354
18.20388889,74.93027778,0.03954109
18.20388889,74.9675,0.022485352
18.20388889,75.19305556,0.041381637
18.20416667,74.44888889,0.02883524
18.20416667,74.48361111,0.02395779
18.20416667,74.51861111,0.084787877
18.20416667,74.99111111,0.039111629
18.20444444,74.39611111,0.017485199
18.20444444,74.41083333,0.018804258
18.20444444,74.43694444,0.03546121
18.20444444,74.43861111,0.026473205
18.20444444,74.66861111,0.018528176
18.20444444,74.88944444,0.028988619
18.20444444,74.9225,0.040461364
18.20444444,74.97,0.032639038
18.20472222,74.40055556,0.025430228
18.20472222,74.41944444,0.020000614
18.20472222,74.44027778,0.027362803
18.20472222,74.48555556,0.02374306
18.20472222,74.89611111,0.040768122
18.20472222,74.94722222,0.035093101
18.20472222,74.94916667,0.033712691
18.20472222,74.9725,0.03524648
18.20472222,74.9775,0.037393785
18.20472222,75.18861111,0.0525783
18.20472222,75.19833333,0.031565385
18.205,74.39166667,0.036197429
18.205,74.395,0.0155833
18.205,74.47416667,0.042976778
18.205,74.49694444,0.030614436
18.205,74.69944444,0.01187153
18.205,74.76,0.020430075
18.205,74.92055556,0.034326206
18.205,74.93805556,0.035798644
18.205,74.94333333,0.044265162
18.20527778,73.9375,0.039847848
18.20527778,74.37611111,0.021319672
18.20527778,74.38638889,0.025000767
18.20527778,74.38833333,0.021473051
18.20527778,74.94388889,0.038988926
18.20527778,75.16305556,0.041381637
18.20527778,75.20305556,0.034326206
18.20555556,73.69166667,0.021442376
18.20555556,73.92333333,0.085861529
18.20555556,73.98388889,0.055185742
18.20555556,74.18888889,0.027546857
18.20555556,74.38916667,0.021749133
18.20555556,74.38944444,0.019540477
18.20555556,74.40305556,0.027516181
18.20555556,74.44333333,0.025736986
18.20555556,74.47722222,0.03211755
18.20555556,74.47916667,0.028467131
18.20555556,74.70583333,0.011595448
18.20555556,74.92555556,0.0496641
18.20555556,74.92722222,0.034326206
18.20555556,75.19,0.049970858
18.20583333,73.93666667,0.012239639
18.20583333,73.93888889,0.012239639
18.20583333,74.38666667,0.026319826
18.20583333,74.44333333,0.024694009
18.20583333,74.44388889,0.015276542
18.20583333,74.97777778,0.03524648
18.20583333,75.19388889,0.038314059
18.20583333,75.19722222,0.02941808
18.20611111,73.92305556,0.082793951
18.20611111,73.925,0.015307218
18.20611111,73.93361111,0.018374797
18.20611111,73.93583333,0.030645112
18.20611111,73.93777778,0.024509954
18.20611111,73.93888889,0.079726372
18.20611111,73.93944444,0.021442376
18.20611111,74.38583333,0.023681708
18.20611111,74.38694444,0.01616614
18.20611111,74.3925,0.018221418
18.20611111,74.40027778,0.017055738
18.20611111,74.41555556,0.018528176
18.20611111,74.43694444,0.040154606
18.20611111,74.48472222,0.01987791
18.20611111,74.57305556,0.226970152
18.20611111,74.83861111,0.031043897
18.20638889,73.91916667,0.098131845
18.20638889,73.92277778,0.058253321
18.20638889,73.92305556,0.012239639
18.20638889,73.92916667,0.021442376
18.20638889,73.93333333,0.030645112
18.20638889,73.93444444,0.018374797
18.20638889,73.93527778,0.012239639
18.20638889,73.93666667,0.018374797
18.20638889,73.95,0.018374797
18.20638889,74.37694444,0.025736986
18.20638889,74.38833333,0.018374797
18.20638889,74.40722222,0.025583607
18.20638889,74.68611111,0.029571459
18.20638889,74.88888889,0.04187245
18.20638889,74.91722222,0.016564925
18.20638889,75.01138889,0.055400472
18.20638889,75.18277778,0.041044204
18.20666667,73.69444444,0.018374797
18.20666667,73.92305556,0.085861529
18.20666667,74.39333333,0.032792417
18.20666667,74.41888889,0.020153992
18.20666667,74.48944444,0.013712077
18.20666667,74.91638889,0.034142152
18.20666667,74.92,0.044940029
18.20666667,74.93111111,0.042148532
18.20666667,75.055,0.028988619
18.20666667,75.18305556,0.02978619
18.20666667,75.18972222,0.047516795
18.20694444,73.92861111,0.027577533
18.20694444,73.93666667,0.015307218
18.20694444,74.43972222,0.016902359
18.20694444,74.89888889,0.011534096
18.20694444,74.91888889,0.037761895
18.20694444,75.16083333,0.0496641
18.20694444,75.18611111,0.027516181
18.20694444,75.19194444,0.03524648
18.20694444,76.20555556,0.003650419
18.20722222,74.38916667,0.024847388
18.20722222,74.42916667,0.030246327
18.20722222,74.47944444,0.029080647
18.20722222,74.55111111,0.018528176
18.20722222,74.57916667,0.056504801
18.20722222,74.92083333,0.031197276
18.20722222,74.93111111,0.034786343
18.20722222,75.175,0.045062732
18.20722222,75.42083333,0.026197123
18.2075,74.00777778,0.018374797
18.2075,74.43416667,0.046228412
18.2075,74.54944444,0.027056045
18.2075,74.88833333,0.026473205
18.2075,74.91805556,0.035553238
18.2075,74.92055556,0.034326206
18.20777778,74.93027778,0.043528943
18.20805556,73.74777778,0.055185742
18.20805556,74.36722222,0.022485352
18.20805556,74.37111111,0.014540323
18.20805556,74.9175,0.049510721
18.20805556,74.91805556,0.0496641
18.20805556,74.92138889,0.049357342
18.20805556,74.92833333,0.045860302
18.20805556,74.92944444,0.031994846
18.20805556,74.97472222,0.043528943
18.20833333,73.63333333,0.024509954
18.20833333,73.63888889,0.012239639
18.20833333,73.66666667,0.024509954
18.20833333,73.725,0.021442376
18.20833333,73.72555556,0.030645112
18.20833333,73.72638889,0.015307218
18.20833333,73.75833333,0.024509954
18.20833333,73.76666667,0.030645112
18.20833333,73.85833333,0.027577533
18.20833333,73.86666667,0.030645112
18.20833333,73.88333333,0.018374797
18.20833333,73.89166667,0.015307218
18.20833333,73.92305556,0.088929108
18.20833333,73.92444444,0.024509954
18.20833333,73.975,0.027577533
18.20833333,73.98333333,0.024509954
18.20833333,74.38916667,0.019540477
18.20833333,74.39166667,0.017945336
18.20833333,74.66277778,0.013957483
18.20833333,74.84472222,0.034724992
18.20833333,74.92222222,0.034326206
18.20833333,74.92805556,0.047884904
18.20833333,74.92944444,0.035645265
18.20833333,75.18222222,0.038130004
18.20833333,75.18722222,0.028773889
18.20833333,75.20055556,0.031105249
18.20833333,75.66361111,0.035553238
18.20861111,74.38388889,0.016595601
18.20861111,74.40361111,0.02337495
18.20861111,74.41722222,0.025154146
18.20861111,74.43833333,0.018681555
18.20861111,74.455,0.044449216
18.20861111,74.73694444,0.058560079
18.20861111,74.91777778,0.041197583
18.20861111,74.92916667,0.032056198
18.20888889,74.40027778,0.026779963
18.20888889,74.43694444,0.022055891
18.20888889,74.45638889,0.026779963
18.20888889,74.48861111,0.017055738
18.20888889,74.91888889,0.041197583
18.20888889,74.92694444,0.04187245
18.20888889,74.9275,0.041320286
18.20888889,75.41944444,0.038988926
18.20916667,74.38361111,0.02883524
18.20916667,74.38777778,0.031473358
18.20916667,74.41888889,0.022362649
18.20916667,74.47833333,0.020430075
18.20916667,74.485,0.013497347
18.20916667,74.79888889,0.037700543
18.20916667,74.91722222,0.034326206
18.20916667,74.9175,0.043682322
18.20916667,74.91777778,0.0525783
18.20916667,74.92527778,0.031258628
18.20916667,74.94666667,0.044449216
18.20944444,74.37972222,0.020736832
18.20944444,74.41916667,0.022485352
18.20944444,74.49694444,0.02374306
18.20944444,74.77611111,0.014386944
18.20944444,74.77722222,0.019847235
18.20944444,74.92111111,0.03757784
18.20944444,74.92361111,0.037087027
18.20944444,74.92888889,0.035645265
18.20944444,75.19083333,0.044142458
18.20944444,75.1925,0.052424921
18.20944444,75.20083333,0.0496641
18.20972222,74.41527778,0.032945796
18.20972222,74.41861111,0.026166447
18.20972222,74.42722222,0.015859382
18.20972222,74.42833333,0.025154146
18.20972222,74.42944444,0.017209117
18.20972222,74.44055556,0.022362649
18.20972222,74.74222222,0.016012761
18.20972222,74.97722222,0.035737293
18.20972222,75.18638889,0.025890365
18.21,74.37222222,0.027945643
18.21,74.37805556,0.024571306
18.21,74.38777778,0.031473358
18.21,74.40888889,0.02162643
18.21,74.41194444,0.027362803
18.21,74.42055556,0.02687199
18.21,74.42694444,0.026319826
18.21,74.42833333,0.01500046
18.21,74.61305556,0.015276542
18.21,74.68027778,0.017485199
18.21,74.91861111,0.049970858
18.21,74.92833333,0.035706617
18.21,75.20055556,0.02941808
18.21027778,74.02444444,0.079726372
18.21027778,74.38388889,0.018681555
18.21027778,74.38444444,0.024694009
18.21027778,74.42666667,0.021012915
18.21027778,74.44222222,0.021319672
18.21027778,74.44305556,0.031043897
18.21027778,74.91638889,0.052424921
18.21027778,74.92055556,0.037393785
18.21027778,74.92722222,0.038314059
18.21027778,74.96361111,0.024571306
18.21027778,74.97361111,0.040921501
18.21027778,74.97444444,0.030522409
18.21027778,75.22055556,0.043528943
18.21055556,74.00416667,0.073591214
18.21055556,74.01111111,0.030645112
18.21055556,74.30916667,0.020736832
18.21055556,74.3825,0.026319826
18.21055556,74.40805556,0.018681555
18.21055556,74.45694444,0.030307678
18.21055556,74.64916667,0.01791466
18.21055556,74.92166667,0.034326206
18.21055556,74.92861111,0.031718764
18.21055556,74.93111111,0.037332434
18.21055556,75.045,0.038406086
18.21083333,73.68611111,0.024509954
18.21083333,74.02694444,0.024509954
18.21083333,74.20777778,0.034264855
18.21083333,74.40472222,0.031043897
18.21083333,74.41111111,0.025000767
18.21083333,74.41611111,0.01674898
18.21083333,74.92861111,0.043222185
18.21083333,74.9425,0.0496641
18.21083333,74.97361111,0.030645112
18.21083333,75.19888889,0.046903279
18.21111111,74.385,0.02941808
18.21111111,74.45694444,0.023221571
18.21111111,74.60111111,0.016595601
18.21111111,74.92166667,0.041197583
18.21111111,74.9225,0.050584374
18.21138889,74.71333333,0.013067886
18.21138889,74.85277778,0.05898954
18.21138889,74.92055556,0.043989079
18.21138889,74.9225,0.052424921
18.21166667,74.40888889,0.0282524
18.21166667,74.4825,0.023835087
18.21166667,74.92333333,0.044817326
18.21166667,74.92555556,0.0525783
18.21166667,74.93,0.03954109
18.21166667,74.93194444,0.034326206
18.21166667,75.18527778,0.038620817
18.21166667,75.19388889,0.03524648
18.21194444,74.34527778,0.025154146
18.21194444,74.49527778,0.038406086
18.21194444,74.73333333,0.02279211
18.21194444,74.91972222,0.040461364
18.21194444,74.92361111,0.040768122
18.21194444,74.93138889,0.03816068
18.21194444,74.93166667,0.047884904
18.21194444,74.96722222,0.031626737
18.21222222,74.42777778,0.019693856
18.21222222,74.43111111,0.017055738
18.21222222,74.4375,0.022362649
18.21222222,74.45888889,0.011595448
18.21222222,74.85333333,0.060646032
18.21222222,74.91944444,0.035553238
18.21222222,74.93055556,0.033682015
18.21222222,74.93083333,0.040185282
18.21222222,75.00944444,0.025154146
18.2125,74.37027778,0.015276542
18.2125,74.42166667,0.024571306
18.2125,74.93222222,0.0438357
18.21277778,74.37,0.01733182
18.21277778,74.76111111,0.03546121
18.21277778,74.79194444,0.044295837
18.21277778,74.87222222,0.020798184
18.21277778,74.91666667,0.035553238
18.21277778,74.92416667,0.03816068
18.21277778,74.9325,0.038774196
18.21277778,75.19722222,0.0496641
18.21305556,75.00833333,0.031197276
18.21333333,74.3875,0.012116936
18.21333333,74.40055556,0.023681708
18.21333333,74.61444444,0.023651032
18.21333333,74.63222222,0.064909967
18.21333333,74.92027778,0.037853922
18.21333333,74.925,0.040921501
18.21333333,74.93222222,0.034019448
18.21361111,74.91416667,0.043528943
18.21361111,74.915,0.049510721
18.21361111,74.93055556,0.046289763
18.21388889,74.40194444,0.018957637
18.21388889,74.425,0.028681861
18.21388889,74.44166667,0.025307525
18.21388889,74.73777778,0.0184975
18.21388889,75.90694444,0.02512347
18.21416667,74.65,0.028528482
18.21416667,74.89972222,0.050185589
18.21416667,75.65944444,0.021503727
18.21444444,74.5,0.028068346
18.21444444,74.50611111,0.013497347
18.21444444,74.63694444,0.022055891
18.21444444,74.72138889,0.020583453
18.21444444,74.74416667,0.01674898
18.21444444,74.91611111,0.037853922
18.21444444,74.92166667,0.052424921
18.21444444,74.97527778,0.038835547
18.21472222,74.27527778,0.021012915
18.21472222,74.32388889,0.017945336
18.21472222,74.32638889,0.01674898
18.21472222,74.40222222,0.035001074
18.21472222,74.41777778,0.016595601
18.21472222,74.41805556,0.015429921
18.21472222,74.42444444,0.020276696
18.21472222,74.90777778,0.037853922
18.21472222,74.92111111,0.035001074
18.21472222,74.92166667,0.038314059
18.21472222,74.92972222,0.043989079
18.21472222,75.22166667,0.034326206
18.215,74.18555556,0.026197123
18.215,74.47055556,0.048406393
18.215,74.89694444,0.030982545
18.21527778,74.37166667,0.018221418
18.21527778,74.85527778,0.026626584
18.21527778,75.20638889,0.049357342
18.21555556,74.67305556,0.017791957
18.21555556,74.92527778,0.043682322
18.21555556,75.42277778,0.014724378
18.21583333,74.32305556,0.025000767
18.21583333,74.71833333,0.054142765
18.21583333,74.73305556,0.021749133
18.21583333,74.91194444,0.040215958
18.21583333,74.91833333,0.038988926
18.21583333,74.93222222,0.048927881
18.21583333,75.07833333,0.083775576
18.21611111,74.40388889,0.021749133
18.21611111,74.41555556,0.018374797
18.21611111,74.41805556,0.02220927
18.21611111,74.46111111,0.058253321
18.21611111,74.78722222,0.009386791
18.21611111,74.88027778,0.045614896
18.21611111,74.91472222,0.034510261
18.21611111,74.92277778,0.03095187
18.21611111,74.93111111,0.043682322
18.21611111,75.19361111,0.040645419
18.21638889,74.41555556,0.026043744
18.21638889,74.42305556,0.024847388
18.21638889,74.91222222,0.040215958
18.21638889,74.92555556,0.048743826
18.21666667,73.64166667,0.018374797
18.21666667,73.65833333,0.021442376
18.21666667,73.71722222,0.021442376
18.21666667,73.72,0.061320899
18.21666667,73.72472222,0.021442376
18.21666667,73.75805556,0.018374797
18.21666667,73.75833333,0.021442376
18.21666667,73.76694444,0.027577533
18.21666667,73.78888889,0.027577533
18.21666667,73.85833333,0.036780269
18.21666667,73.86666667,0.039847848
18.21666667,73.875,0.024509954
18.21666667,73.88333333,0.015307218
18.21666667,73.89166667,0.012239639
18.21666667,73.90833333,0.027577533
18.21666667,73.93333333,0.088929108
18.21666667,73.94861111,0.061320899
18.21666667,73.975,0.021442376
18.21666667,74.66111111,0.032056198
18.21666667,75.2075,0.043375564
18.21694444,73.90972222,0.024509954
18.21694444,74.7025,0.021473051
18.21694444,74.91222222,0.034203503
18.21694444,74.92583333,0.04653517
18.21694444,74.93111111,0.007975705
18.21694444,74.93305556,0.040185282
18.21694444,74.94777778,0.034510261
18.21722222,74.02611111,0.030645112
18.21722222,74.3775,0.017791957
18.21722222,74.59361111,0.031043897
18.21722222,74.61527778,0.023681708
18.21722222,74.90916667,0.0340808
18.21722222,74.91111111,0.035553238
18.21722222,74.93333333,0.035553238
18.2175,74.01055556,0.021442376
18.2175,74.37666667,0.021319672
18.2175,74.6225,0.024264548
18.2175,74.78694444,0.047976932
18.2175,74.90888889,0.047823553
18.2175,74.91916667,0.041228259
18.2175,74.92972222,0.041749747
18.2175,74.9325,0.03816068
18.2175,75.17472222,0.03582932
18.21777778,74.00027778,0.049050584
18.21777778,74.25416667,0.026043744
18.21777778,74.32916667,0.019540477
18.21777778,74.7,0.031473358
18.21777778,74.90805556,0.040461364
18.21777778,74.93,0.043989079
18.21777778,74.93138889,0.032485659
18.21777778,74.93333333,0.05199546
18.21805556,74.62083333,0.018957637
18.21805556,74.90722222,0.043989079
18.21805556,74.9075,0.040307985
18.21805556,75.02055556,0.00407988
18.21805556,75.20888889,0.047486119
18.21805556,75.21083333,0.046903279
18.21833333,74.43777778,0.024847388
18.21833333,74.8125,0.012853155
18.21833333,74.90694444,0.0496641
18.21833333,74.91138889,0.050584374
18.21833333,74.92388889,0.0340808
18.21833333,74.93055556,0.047516795
18.21833333,74.95,0.035553238
18.21861111,73.99166667,0.012239639
18.21861111,74.02527778,0.024509954
18.21861111,74.41888889,0.018221418
18.21861111,74.7625,0.024847388
18.21861111,74.90777778,0.035553238
18.21861111,76.17694444,0.025644958
18.21888889,74.37472222,0.028099021
18.21888889,74.375,0.016595601
18.21888889,74.68111111,0.020430075
18.21888889,74.86416667,0.021902512
18.21888889,74.91111111,0.038988926
18.21888889,74.93111111,0.034203503
18.21916667,74.525,0.021166293
18.21916667,74.64138889,0.017485199
18.21916667,74.79861111,0.01674898
18.21916667,74.90777778,0.047516795
18.21916667,74.91055556,0.044142458
18.21916667,74.95638889,0.046197736
18.21916667,75.19305556,0.052731679
18.21944444,73.98527778,0.027577533
18.21944444,74.62666667,0.016472898
18.21944444,74.86111111,0.026779963
18.21944444,74.92111111,0.043222185
18.21944444,75.18638889,0.034019448
18.21944444,75.20138889,0.046351115
18.21972222,74.76194444,0.039571766
18.21972222,74.95861111,0.037087027
18.21972222,75.65111111,0.01929507
18.22,73.99222222,0.021442376
18.22,74.41694444,0.017209117
18.22,75.18361111,0.049357342
18.22,75.185,0.037516488
18.22,75.20861111,0.037700543
18.22027778,74.31722222,0.018742906
18.22027778,74.31805556,0.018804258
18.22027778,74.42027778,0.023681708
18.22027778,74.90972222,0.040277309
18.22027778,74.92277778,0.035614589
18.22027778,75.21416667,0.038130004
18.22055556,74.40972222,0.025890365
18.22055556,74.41,0.032025522
18.22055556,74.41055556,0.013129237
18.22055556,74.64555556,0.050185589
18.22083333,74.40722222,0.014663026
18.22083333,75.02,0.021902512
18.22083333,75.02722222,0.03837541
18.22083333,75.18861111,0.0496641
18.22111111,74.02666667,0.058253321
18.22111111,74.58611111,0.012761128
18.22111111,74.82083333,0.004908126
18.22138889,74.6,0.028375104
18.22138889,74.82638889,0.013374643
18.22138889,74.93611111,0.020430075
18.22138889,74.95833333,0.037853922
18.22166667,73.87694444,0.027577533
18.22166667,74.65555556,0.044295837
18.22166667,74.72972222,0.042976778
18.22166667,74.75166667,0.042516642
18.22166667,75.01361111,0.006840701
18.22166667,75.20944444,0.040952176
18.22194444,74.93944444,0.031780116
18.22194444,75.20638889,0.0525783
18.22222222,73.93388889,0.091996687
18.22222222,74.31833333,0.022086567
18.22222222,74.46611111,0.018650879
18.22222222,74.59,0.014080187
18.22222222,74.63305556,0.011319366
18.2225,73.93583333,0.012239639
18.2225,74.42444444,0.029571459
18.2225,74.74027778,0.020000614
18.2225,74.81722222,0.024111169
18.2225,75.2125,0.040645419
18.2225,75.21444444,0.047056658
18.22277778,73.92027778,0.122672475
18.22277778,73.93444444,0.079726372
18.22277778,74.41,0.020706157
18.22277778,74.79555556,0.037945949
18.22277778,74.95916667,0.035921347
18.22305556,73.93416667,0.061320899
18.22305556,74.38888889,0.025307525
18.22305556,74.63888889,0.013067886
18.22305556,74.88944444,0.024847388
18.22305556,75.21166667,0.0496641
18.22333333,73.56972222,0.012239639
18.22333333,74.40138889,0.015798031
18.22333333,74.43861111,0.028467131
18.22333333,74.98166667,0.013497347
18.22361111,74.01722222,0.024509954
18.22361111,74.30138889,0.024847388
18.22361111,74.33472222,0.009233412
18.22361111,74.42333333,0.024724685
18.22361111,74.42361111,0.015859382
18.22361111,75.18416667,0.052424921
18.22361111,75.18666667,0.046596521
18.22361111,75.23055556,0.010675174
18.22388889,74.40944444,0.010552471
18.22388889,75.19055556,0.038314059
18.22416667,74.10027778,0.027546857
18.22416667,74.22694444,0.016718304
18.22416667,74.33166667,0.018988313
18.22416667,74.40416667,0.025859689
18.22416667,74.41277778,0.018957637
18.22416667,74.41638889,0.031565385
18.22416667,74.41694444,0.025859689
18.22416667,74.41861111,0.024878064
18.22416667,74.4425,0.022485352
18.22416667,74.44416667,0.022730759
18.22416667,74.49555556,0.020430075
18.22416667,74.95833333,0.047823553
18.22416667,75.1925,0.053038437
18.22416667,75.53055556,0.013466671
18.22444444,74.01805556,0.015307218
18.22444444,74.18611111,0.029571459
18.22444444,74.31833333,0.015706003
18.22444444,74.33777778,0.021749133
18.22444444,74.40805556,0.02279211
18.22444444,74.415,0.01929507
18.22444444,74.71055556,0.017761281
18.22444444,74.815,0.017945336
18.22444444,74.885,0.034264855
18.22444444,75.1825,0.034264855
18.22444444,75.1875,0.031596061
18.22444444,75.41944444,0.032270929
18.22472222,74.16694444,0.037639191
18.22472222,74.18694444,0.030246327
18.22472222,74.40666667,0.024479279
18.22472222,74.41388889,0.022700083
18.22472222,74.41444444,0.029939569
18.22472222,74.44166667,0.021718458
18.22472222,75.18777778,0.0438357
18.22472222,75.20027778,0.0496641
18.225,73.65,0.027577533
18.225,73.65833333,0.015307218
18.225,73.72361111,0.024509954
18.225,73.725,0.024509954
18.225,73.72722222,0.018374797
18.225,73.79166667,0.030645112
18.225,73.91666667,0.045983006
18.225,73.925,0.021442376
18.225,73.93333333,0.058253321
18.225,73.96805556,0.018374797
18.225,74.64861111,0.023528329
18.225,75.04861111,0.033375257
18.225,75.20833333,0.035001074
18.225,75.30777778,0.046596521
18.225,75.41583333,0.034264855
18.225,75.42083333,0.030246327
18.22527778,73.50888889,0.052118163
18.22527778,73.93333333,0.049050584
18.22527778,74.38888889,0.016012761
18.22527778,74.41472222,0.02374306
18.22527778,74.90472222,0.045308138
18.22555556,74.37222222,0.027056045
18.22555556,74.37527778,0.021473051
18.22555556,74.37638889,0.019540477
18.22555556,74.38944444,0.031197276
18.22555556,74.41694444,0.026534556
18.22555556,74.7925,0.033375257
18.22555556,74.87611111,0.023804411
18.22555556,75.20972222,0.047271389
18.22583333,73.5875,0.045983006
18.22583333,74.39277778,0.011748827
18.22583333,74.415,0.031565385
18.22583333,74.41527778,0.026902666
18.22583333,74.68333333,0.024417927
18.22583333,74.75638889,0.027638885
18.22583333,74.88888889,0.033528636
18.22583333,74.99361111,0.02279211
18.22583333,75.20361111,0.03524648
18.22611111,73.84,0.021442376
18.22611111,74.02638889,0.012239639
18.22611111,74.72833333,0.021749133
18.22611111,75.20555556,0.038007301
18.22611111,75.21055556,0.046596521
18.22638889,74.31916667,0.022362649
18.22638889,74.38194444,0.02162643
18.22638889,74.75916667,0.019540477
18.22638889,74.77972222,0.027056045
18.22638889,74.89083333,0.043406239
18.22666667,74.37194444,0.018528176
18.22666667,74.3875,0.014540323
18.22666667,74.40916667,0.023313599
18.22666667,74.455,0.01616614
18.22666667,74.75027778,0.024387251
18.22666667,74.76777778,0.025890365
18.22666667,74.85611111,0.013804104
18.22666667,74.91277778,0.04070677
18.22666667,74.93416667,0.0282524
18.22694444,73.92638889,0.021442376
18.22694444,74.21805556,0.019448449
18.22694444,74.25277778,0.012607749
18.22694444,74.32055556,0.01595141
18.22694444,74.37527778,0.015429921
18.22694444,74.38055556,0.014264241
18.22694444,74.40861111,0.030645112
18.22694444,74.41416667,0.031197276
18.22694444,74.96833333,0.035737293
18.22722222,74.5125,0.014233565
18.22722222,74.95972222,0.02395779
18.22722222,75.16222222,0.01987791
18.22722222,75.20083333,0.052424921
18.2275,73.68222222,0.024509954
18.2275,74.32,0.01616614
18.2275,74.79305556,0.020430075
18.2275,76.11,0.025583607
18.22777778,74.32888889,0.019233719
18.22777778,74.51666667,0.011196662
18.22777778,74.94388889,0.02512347
18.22805556,74.32416667,0.016196816
18.22805556,74.36861111,0.022055891
18.22833333,74.37222222,0.020276696
18.22833333,74.38055556,0.016902359
18.22833333,74.40972222,0.027884291
18.22833333,74.41055556,0.018926961
18.22833333,74.41083333,0.016779656
18.22833333,74.41638889,0.030982545
18.22833333,74.81305556,0.023528329
18.22833333,74.89138889,0.026779963
18.22861111,74.41305556,0.015245866
18.22861111,74.41638889,0.015245866
18.22861111,74.5875,0.029724838
18.22861111,74.66333333,0.035307832
18.22861111,74.72194444,0.014816405
18.22888889,73.68694444,0.036780269
18.22888889,74.32083333,0.01500046
18.22888889,74.40861111,0.032025522
18.22888889,74.40944444,0.021718458
18.22888889,74.40972222,0.029939569
18.22888889,74.41,0.033927421
18.22888889,74.41027778,0.03153471
18.22888889,74.41222222,0.029939569
18.22888889,74.41277778,0.028467131
18.22888889,74.41305556,0.030982545
18.22888889,74.41333333,0.021779809
18.22888889,74.41527778,0.030982545
18.22888889,74.42222222,0.030982545
18.22888889,74.7625,0.02941808
18.22888889,74.94611111,0.025583607
18.22916667,74.55527778,0.019264395
18.22916667,74.61833333,0.034264855
18.22916667,74.76333333,0.021442376
18.22944444,74.32972222,0.024172521
18.22944444,74.54972222,0.032516335
18.22944444,74.74777778,0.055032363
18.22944444,74.86805556,0.033252554
18.22972222,75.05027778,0.029111322
18.23,74.33416667,0.018221418
18.23,74.38666667,0.017638578
18.23,74.46472222,0.02337495
18.23,76.07694444,0.025154146
18.23027778,74.33555556,0.020552778
18.23027778,74.6575,0.012914507
18.23027778,74.68638889,0.004355962
18.23027778,74.7875,0.029111322
18.23027778,74.93527778,0.033988773
18.23027778,76.00138889,0.018988313
18.23055556,74.33611111,0.016595601
18.23055556,74.41083333,0.095064266
18.23055556,74.75083333,0.032516335
18.23083333,74.32111111,0.031381331
18.23083333,74.57083333,0.020736832
18.23083333,74.65583333,0.015552624
18.23083333,74.73361111,0.037363109
18.23083333,74.8,0.051351268
18.23111111,74.32416667,0.01987791
18.23111111,74.33638889,0.025276849
18.23111111,74.34611111,0.017055738
18.23111111,74.40638889,0.013712077
18.23111111,74.69694444,0.018681555
18.23111111,74.82,0.023835087
18.23111111,74.89138889,0.024264548
18.23111111,74.92305556,0.040584067
18.23138889,74.43833333,0.025583607
18.23138889,74.55638889,0.018681555
18.23138889,74.61972222,0.044265162
18.23166667,74.31472222,0.020153992
18.23166667,74.33277778,0.016258167
18.23166667,74.38666667,0.017945336
18.23166667,74.77666667,0.024264548
18.23194444,74.30583333,0.015736679
18.23194444,74.40555556,0.018190742
18.23194444,74.91388889,0.013773429
18.23222222,74.42666667,0.031043897
18.23222222,74.67416667,0.023098868
18.23222222,75.13472222,0.01012301
18.2325,74.40722222,0.01966318
18.2325,74.69138889,0.01674898
18.2325,74.77805556,0.020583453
18.23277778,74.32194444,0.024786036
18.23305556,74.31944444,0.024939415
18.23305556,74.69472222,0.014386944
18.23333333,73.65,0.012239639
18.23333333,73.71666667,0.036780269
18.23333333,73.72222222,0.079726372
18.23333333,73.725,0.012239639
18.23333333,73.73027778,0.033712691
18.23333333,73.7875,0.024509954
18.23333333,73.86666667,0.021442376
18.23333333,73.86972222,0.015307218
18.23333333,73.91666667,0.024509954
18.23333333,73.925,0.021442376
18.23333333,73.93333333,0.015307218
18.23333333,74.50166667,0.017485199
18.23333333,74.82111111,0.040461364
18.23333333,74.91,0.045768275
18.23361111,74.26777778,0.018221418
18.23361111,74.30194444,0.024571306
18.23361111,74.49722222,0.025736986
18.23388889,73.78666667,0.021442376
18.23388889,74.57305556,0.026779963
18.23388889,74.79777778,0.027362803
18.23388889,74.80277778,0.025583607
18.23416667,73.68111111,0.104267002
18.23416667,74.3225,0.024663333
18.23416667,75.13222222,0.024939415
18.23444444,74.32166667,0.021718458
18.23444444,74.33861111,0.029847541
18.23444444,74.34194444,0.022822786
18.23444444,74.39722222,0.027056045
18.23444444,74.45722222,0.028006994
18.23444444,74.59888889,0.017638578
18.23444444,74.67055556,0.017178441
18.23444444,74.83111111,0.025430228
18.23444444,74.88944444,0.026166447
18.23472222,73.86722222,0.015307218
18.23472222,74.28222222,0.018620203
18.23472222,74.39722222,0.026013068
18.23472222,74.93055556,0.036657566
18.23472222,75.01277778,0.024417927
18.23472222,75.09722222,0.040215958
18.235,73.87666667,0.024509954
18.235,74.33083333,0.022485352
18.235,74.53777778,0.023835087
18.235,74.61333333,0.032669714
18.23555556,74.345,0.017730605
18.23583333,74.7475,0.021749133
18.23583333,74.83305556,0.017945336
18.23583333,74.92972222,0.0282524
18.23611111,73.86944444,0.015307218
18.23611111,73.89222222,0.052118163
18.23611111,74.26694444,0.019325746
18.23611111,74.27972222,0.022025215
18.23611111,74.33583333,0.024141845
18.23611111,74.46916667,0.023528329
18.23611111,74.49388889,0.0282524
18.23611111,74.53611111,0.030890518
18.23611111,74.65,0.058560079
18.23611111,74.67527778,0.022362649
18.23611111,74.71083333,0.011442069
18.23611111,74.73944444,0.021595754
18.23611111,74.86805556,0.032056198
18.23611111,74.90472222,0.031043897
18.23611111,74.94944444,0.029571459
18.23638889,74.2675,0.020614129
18.23638889,74.26972222,0.013221264
18.23638889,74.34194444,0.021258321
18.23638889,74.73638889,0.045461517
18.23666667,73.86805556,0.042915427
18.23666667,73.93333333,0.033712691
18.23666667,74.32222222,0.020061965
18.23666667,74.33222222,0.019448449
18.23666667,74.34277778,0.025307525
18.23666667,74.77888889,0.020430075
18.23666667,74.80027778,0.029264701
18.23694444,73.87583333,0.098131845
18.23694444,74.49666667,0.020706157
18.23694444,74.505,0.020736832
18.23694444,74.59138889,0.025736986
18.23694444,74.90638889,0.03000092
18.23722222,74.33666667,0.021258321
18.23722222,74.40972222,0.021933188
18.23722222,74.83666667,0.042363263
18.2375,73.76444444,0.091996687
18.2375,73.87222222,0.058253321
18.2375,73.87361111,0.030645112
18.2375,73.87638889,0.024509954
18.2375,73.91972222,0.079726372
18.2375,73.93611111,0.021442376
18.2375,74.27055556,0.017546551
18.2375,74.60944444,0.031197276
18.2375,74.67583333,0.03000092
18.2375,74.89,0.0282524
18.2375,75.98361111,0.023589681
18.23777778,73.83,0.116537317
18.23777778,73.83138889,0.061320899
18.23777778,73.93416667,0.039847848
18.23777778,74.49472222,0.015276542
18.23777778,74.66333333,0.024111169
18.23777778,74.66555556,0.045032056
18.23777778,74.82555556,0.020430075
18.23777778,74.98333333,0.032209577
18.23805556,74.3325,0.02766956
18.23805556,74.67027778,0.014386944
18.23805556,74.8425,0.019693856
18.23833333,74.32777778,0.022822786
18.23833333,74.34611111,0.019141691
18.23833333,74.73472222,0.045768275
18.23833333,74.84583333,0.058130618
18.23833333,74.85861111,0.070216878
18.23833333,75.34138889,0.034326206
18.23861111,74.26694444,0.015890058
18.23861111,74.33527778,0.020583453
18.23861111,74.34444444,0.018926961
18.23861111,74.38333333,0.022914813
18.23861111,74.39138889,0.020153992
18.23861111,74.50305556,0.019387098
18.23861111,74.92083333,0.0282524
18.23888889,73.87194444,0.015307218
18.23888889,73.91944444,0.015307218
18.23888889,74.30833333,0.02220927
18.23888889,74.36027778,0.018681555
18.23888889,74.93722222,0.026166447
18.23916667,74.28055556,0.026227798
18.23916667,74.32222222,0.028221725
18.23916667,74.33805556,0.0243259
18.23916667,74.64555556,0.013957483
18.23916667,74.81555556,0.027332127
18.23916667,74.8725,0.042516642
18.23944444,74.39138889,0.023528329
18.23944444,74.57277778,0.024847388
18.23944444,74.74166667,0.02337495
18.23944444,75.22833333,0.035154453
18.23972222,73.59694444,0.079726372
18.23972222,73.82666667,0.104267002
18.23972222,74.21805556,0.026197123
18.23972222,74.31055556,0.018589527
18.23972222,74.77416667,0.036197429
18.24,74.35611111,0.018650879
18.24,74.74694444,0.010399092
18.24,74.89472222,0.04107488
18.24,74.98222222,0.014847081
18.24027778,73.57916667,0.030645112
18.24027778,73.83,0.049050584
18.24027778,73.875,0.055185742
18.24027778,74.4575,0.044878677
18.24055556,73.57916667,0.024509954
18.24055556,73.86944444,0.012239639
18.24055556,74.32638889,0.022516028
18.24055556,74.68611111,0.015859382
18.24083333,73.58055556,0.027577533
18.24083333,74.30416667,0.026933342
18.24083333,74.34055556,0.017485199
18.24083333,74.71833333,0.021319672
18.24083333,74.90333333,0.020859536
18.24111111,73.8375,0.079726372
18.24111111,73.86694444,0.042915427
18.24111111,74.25833333,0.019325746
18.24111111,74.30527778,0.023927114
18.24111111,74.31111111,0.022730759
18.24111111,74.32333333,0.031412007
18.24111111,74.83194444,0.034571613
18.24111111,74.8775,0.046933955
18.24111111,74.93861111,0.022638731
18.24138889,74.27972222,0.020430075
18.24138889,74.30027778,0.022546704
18.24138889,74.30194444,0.018037363
18.24138889,74.32666667,0.024939415
18.24138889,74.33361111,0.040614743
18.24138889,74.33472222,0.019571152
18.24138889,74.34694444,0.024264548
18.24138889,74.5925,0.018374797
18.24138889,74.71833333,0.038835547
18.24138889,75.57111111,0.009785576
18.24166667,73.65833333,0.018374797
18.24166667,73.685,0.030645112
18.24166667,73.69166667,0.00917206
18.24166667,73.91666667,0.033712691
18.24166667,73.925,0.021442376
18.24166667,74.25805556,0.024509954
18.24166667,74.39583333,0.019264395
18.24166667,75.89138889,0.031258628
18.24194444,74.25833333,0.022853462
18.24194444,74.32777778,0.025154146
18.24194444,74.3325,0.039970551
18.24194444,74.33888889,0.022086567
18.24194444,74.34777778,0.021288997
18.24194444,74.7025,0.034847695
18.24194444,74.77555556,0.014969784
18.24194444,74.81666667,0.05607534
18.24222222,74.03,0.026258474
18.24222222,74.32555556,0.032086874
18.24222222,74.3425,0.019540477
18.24222222,74.68555556,0.020276696
18.24222222,74.93666667,0.021012915
18.24222222,74.9575,0.025307525
18.24222222,75.03861111,0.018068039
18.24222222,75.08083333,0.018988313
18.2425,74.27083333,0.019816559
18.2425,74.27194444,0.016196816
18.2425,74.28027778,0.016319519
18.2425,74.28083333,0.023865763
18.2425,74.31333333,0.021350348
18.2425,74.99972222,0.033405933
18.24277778,74.28027778,0.018896285
18.24277778,74.325,0.026381177
18.24277778,74.35388889,0.020061965
18.24277778,74.39611111,0.024111169
18.24277778,74.40111111,0.01012301
18.24277778,74.50888889,0.0282524
18.24277778,74.69583333,0.025583607
18.24305556,73.76444444,0.064388478
18.24305556,73.86666667,0.018374797
18.24305556,73.97222222,0.024509954
18.24305556,74.25694444,0.015859382
18.24305556,74.27638889,0.031013221
18.24305556,74.28166667,0.023405626
18.24305556,74.30083333,0.017178441
18.24305556,74.32,0.034479585
18.24305556,74.65333333,0.015859382
18.24305556,74.73194444,0.014325593
18.24305556,74.78583333,0.046351115
18.24333333,74.26777778,0.024356575
18.24333333,74.27944444,0.025614283
18.24333333,74.28055556,0.025614283
18.24333333,74.60138889,0.019387098
18.24333333,74.68166667,0.011135311
18.24333333,75.01444444,0.01012301
18.24361111,74.02083333,0.01812939
18.24361111,74.25777778,0.017178441
18.24361111,74.31083333,0.021595754
18.24361111,74.34361111,0.024939415
18.24361111,74.35388889,0.016288843
18.24361111,74.37916667,0.015276542
18.24361111,74.5575,0.019693856
18.24361111,74.71555556,0.033405933
18.24361111,74.72333333,0.014080187
18.24361111,74.79416667,0.029571459
18.24361111,74.79694444,0.02883524
18.24361111,74.91166667,0.026749287
18.24388889,73.58,0.085861529
18.24388889,74.25138889,0.017822633
18.24388889,74.27472222,0.021779809
18.24388889,74.2775,0.016503574
18.24388889,74.30361111,0.019417774
18.24388889,74.37194444,0.012178288
18.24388889,75.31972222,0.031933495
18.24416667,74.26777778,0.020153992
18.24416667,74.27638889,0.022638731
18.24416667,74.51888889,0.028375104
18.24416667,74.70138889,0.033099175
18.24416667,74.80722222,0.034264855
18.24444444,73.53833333,0.027577533
18.24444444,73.74722222,0.012239639
18.24444444,74.27472222,0.024601982
18.24444444,74.30083333,0.01966318
18.24444444,74.33583333,0.026779963
18.24444444,74.34805556,0.015031136
18.24444444,74.68333333,0.014540323
18.24444444,74.73222222,0.011012608
18.24444444,74.77638889,0.019233719
18.24444444,75.055,0.018681555
18.24472222,74.27972222,0.019141691
18.24472222,74.45527778,0.01733182
18.24472222,74.62416667,0.014816405
18.24472222,74.80472222,0.045308138
18.24472222,74.955,0.019693856
18.245,73.83444444,0.067456057
18.245,74.27222222,0.019571152
18.245,74.34777778,0.015031136
18.245,74.35527778,0.022025215
18.245,74.74333333,0.023835087
18.245,74.93305556,0.031780116
18.24527778,74.265,0.02220927
18.24527778,74.27944444,0.018742906
18.24527778,74.28166667,0.021810485
18.24527778,74.55638889,0.017209117
18.24527778,74.72472222,0.047363416
18.24527778,74.81555556,0.022362649
18.24527778,74.82888889,0.057394399
18.24527778,74.85611111,0.030737139
18.24555556,74.27,0.013374643
18.24555556,74.5225,0.026902666
18.24555556,74.59361111,0.020276696
18.24555556,74.61888889,0.015736679
18.24555556,74.71638889,0.033528636
18.24555556,74.935,0.026166447
18.24555556,75.19888889,0.018957637
18.24583333,73.57972222,0.018374797
18.24583333,74.27305556,0.019141691
18.24583333,74.28305556,0.020491426
18.24583333,74.32777778,0.028436455
18.24583333,74.49083333,0.01616614
18.24583333,74.71888889,0.028068346
18.24583333,74.98555556,0.03000092
18.24611111,74.26722222,0.021810485
18.24611111,74.27138889,0.024786036
18.24611111,74.27638889,0.01595141
18.24611111,74.28833333,0.018926961
18.24611111,74.28861111,0.010583147
18.24611111,74.28916667,0.019755207
18.24611111,74.33388889,0.016012761
18.24611111,74.46916667,0.012914507
18.24611111,74.62833333,0.012914507
18.24611111,74.8375,0.025736986
18.24638889,74.28194444,0.023098868
18.24638889,74.28305556,0.022638731
18.24638889,74.31444444,0.020920887
18.24638889,74.3275,0.025951716
18.24638889,74.35722222,0.027822939
18.24638889,74.89361111,0.056228719
18.24666667,74.24194444,0.027362803
18.24666667,74.27666667,0.028988619
18.24666667,74.28,0.024878064
18.24666667,74.29861111,0.024601982
18.24666667,74.31611111,0.020890211
18.24666667,74.35083333,0.015031136
18.24666667,74.43666667,0.024694009
18.24666667,74.78361111,0.048253014
18.24666667,74.92416667,0.027209424
18.24694444,74.35222222,0.024939415
18.24694444,74.35861111,0.034602288
18.24694444,74.37194444,0.026626584
18.24694444,74.69361111,0.033405933
18.24694444,75.99944444,0.025767662
18.24722222,74.28444444,0.024847388
18.24722222,74.29055556,0.021779809
18.2475,74.27111111,0.021933188
18.2475,74.32722222,0.025890365
18.2475,74.34805556,0.03000092
18.2475,74.81666667,0.018804258
18.2475,74.82166667,0.02162643
18.24777778,74.34055556,0.021718458
18.24777778,74.73111111,0.014540323
18.24805556,74.28277778,0.015736679
18.24805556,74.30416667,0.022454677
18.24805556,74.31444444,0.020736832
18.24805556,75.22527778,0.024939415
18.24833333,73.83472222,0.073591214
18.24833333,74.26722222,0.020522102
18.24833333,74.32388889,0.009601522
18.24833333,74.32777778,0.016564925
18.24833333,74.34805556,0.018374797
18.24833333,74.35916667,0.018190742
18.24833333,74.49777778,0.019847235
18.24833333,74.67333333,0.039418387
18.24861111,74.31611111,0.015675327
18.24861111,74.57111111,0.018068039
18.24861111,74.67638889,0.021442376
18.24861111,74.87472222,0.029111322
18.24888889,74.25611111,0.020644805
18.24888889,74.26277778,0.015798031
18.24888889,74.28055556,0.010460444
18.24888889,74.30083333,0.016810332
18.24888889,74.31694444,0.01987791
18.24888889,74.32555556,0.01987791
18.24888889,74.33472222,0.017945336
18.24888889,74.63944444,0.025890365
18.24888889,74.68138889,0.039111629
18.24916667,74.27194444,0.014755054
18.24916667,74.28472222,0.027393478
18.24916667,74.29388889,0.024356575
18.24916667,74.49527778,0.018681555
18.24916667,74.62111111,0.013067886
18.24916667,74.64277778,0.028988619
18.24916667,74.68722222,0.026902666
18.24916667,74.73472222,0.011595448
18.24944444,74.27388889,0.017209117
18.24944444,74.37472222,0.020000614
18.24944444,74.49305556,0.03604405
18.24944444,74.54333333,0.020276696
18.24972222,74.27611111,0.012761128
18.24972222,74.28,0.022485352
18.24972222,74.28444444,0.016196816
18.24972222,74.31777778,0.01616614
18.24972222,74.5925,0.011012608
18.24972222,74.70583333,0.04770085
18.25,73.76444444,0.049050584
18.25,73.85,0.076658793
18.25,73.91666667,0.061320899
18.25,73.925,0.018374797
18.25,74.27583333,0.021779809
18.25,74.44055556,0.012577073
18.25,74.44888889,0.01653425
18.25,74.47111111,0.017178441
18.25,74.48472222,0.015429921
18.25027778,73.83833333,0.021442376
18.25027778,74.43833333,0.028467131
18.25027778,74.50888889,0.021319672
18.25027778,74.60833333,0.019693856
18.25027778,74.66805556,0.024571306
18.25027778,74.67777778,0.026779963
18.25027778,74.70694444,0.051934108
18.25055556,73.8375,0.036780269
18.25055556,74.26083333,0.021779809
18.25055556,74.26138889,0.019141691
18.25055556,74.28444444,0.034326206
18.25055556,74.33833333,0.024049817
18.25055556,74.49555556,0.020859536
18.25055556,74.85611111,0.027884291
18.25055556,75.60111111,0.016258167
18.25083333,74.29583333,0.029019295
18.25083333,74.31222222,0.020675481
18.25083333,74.31305556,0.017638578
18.25083333,74.31416667,0.024816712
18.25083333,74.34361111,0.02650388
18.25083333,74.48777778,0.034050124
18.25083333,74.6625,0.029847541
18.25083333,74.68083333,0.02512347
18.25083333,74.74055556,0.016319519
18.25083333,74.87277778,0.021779809
18.25111111,74.31222222,0.018313445
18.25111111,74.31611111,0.022853462
18.25111111,74.33111111,0.03211755
18.25111111,74.40944444,0.018926961
18.25111111,74.44583333,0.024724685
18.25111111,74.49138889,0.02024602
18.25138889,74.30638889,0.02374306
18.25138889,74.31166667,0.019141691
18.25138889,74.32388889,0.024724685
18.25138889,74.32833333,0.018742906
18.25138889,74.36083333,0.030522409
18.25138889,74.57583333,0.025736986
18.25138889,74.70861111,0.044265162
18.25138889,74.91916667,0.051044511
18.25166667,73.88138889,0.018374797
18.25166667,74.28194444,0.015736679
18.25166667,74.30361111,0.027822939
18.25166667,74.30416667,0.033191202
18.25166667,74.30638889,0.02374306
18.25166667,74.31222222,0.015890058
18.25166667,74.315,0.018896285
18.25166667,74.33194444,0.022117243
18.25166667,74.34083333,0.029571459
18.25166667,74.35916667,0.019141691
18.25166667,74.40944444,0.010552471
18.25166667,74.52194444,0.021319672
18.25194444,74.27916667,0.012178288
18.25194444,74.29194444,0.018098715
18.25194444,74.30333333,0.017515875
18.25194444,74.30777778,0.024878064
18.25194444,74.30861111,0.01791466
18.25194444,74.30944444,0.017117089
18.25194444,74.31722222,0.025921041
18.25194444,74.34305556,0.016871683
18.25194444,74.47777778,0.033927421
18.25194444,74.49444444,0.025184822
18.25194444,74.56916667,0.026902666
18.25194444,74.72666667,0.024264548
18.25194444,74.91166667,0.025583607
18.25222222,74.31055556,0.020307371
18.25222222,74.31111111,0.022301298
18.25222222,74.315,0.022485352
18.25222222,74.32222222,0.017239793
18.25222222,74.34027778,0.02766956
18.25222222,74.40833333,0.021657106
18.25222222,74.82388889,0.023681708
18.25222222,74.99694444,0.03000092
18.2525,74.26333333,0.019141691
18.2525,74.30388889,0.026442529
18.2525,74.305,0.019111016
18.2525,74.31305556,0.013067886
18.2525,74.41444444,0.029049971
18.2525,74.46805556,0.021166293
18.2525,74.48916667,0.014540323
18.2525,74.65972222,0.020736832
18.2525,74.70777778,0.052240866
18.2525,75.03166667,0.045768275
18.25277778,73.76388889,0.128807632
18.25277778,74.31583333,0.013067886
18.25277778,74.3375,0.013405319
18.25277778,74.50805556,0.022638731
18.25277778,74.53611111,0.011012608
18.25277778,74.56111111,0.011748827
18.25277778,74.83694444,0.025154146
18.25277778,74.8375,0.03604405
18.25277778,75.655,0.049357342
18.25305556,74.30555556,0.014110862
18.25305556,74.31583333,0.02454063
18.25305556,74.34083333,0.021288997
18.25305556,74.47138889,0.028804565
18.25305556,74.48027778,0.020276696
18.25305556,74.48638889,0.025000767
18.25305556,74.63083333,0.021902512
18.25305556,74.67916667,0.0282524
18.25305556,74.69333333,0.012024909
18.25305556,74.9025,0.023804411
18.25333333,73.75222222,0.18402405
18.25333333,74.29583333,0.017178441
18.25333333,74.30833333,0.009601522
18.25333333,74.33083333,0.024724685
18.25333333,74.35194444,0.0243259
18.25333333,74.70416667,0.030737139
18.25333333,74.71055556,0.020675481
18.25333333,74.80666667,0.0311666
18.25361111,74.30777778,0.025276849
18.25361111,74.31916667,0.025921041
18.25361111,74.53333333,0.024847388
18.25361111,74.66194444,0.021749133
18.25361111,74.94555556,0.053130464
18.25388889,73.55027778,0.015307218
18.25388889,74.31638889,0.031043897
18.25388889,74.32166667,0.018681555
18.25388889,74.3575,0.018988313
18.25388889,74.44611111,0.017669254
18.25388889,74.46666667,0.007178134
18.25388889,74.66222222,0.023528329
18.25388889,74.6775,0.032056198
18.25388889,74.72027778,0.02883524
18.25416667,74.30055556,0.03328323
18.25416667,74.30361111,0.012577073
18.25416667,74.44472222,0.033835394
18.25416667,74.44555556,0.015245866
18.25416667,74.69638889,0.019111016
18.25416667,74.81583333,0.013712077
18.25444444,74.27361111,0.025031443
18.25444444,74.30027778,0.019141691
18.25444444,74.30722222,0.016963711
18.25444444,74.3125,0.018620203
18.25444444,74.31722222,0.017178441
18.25444444,74.31972222,0.022331973
18.25444444,74.32638889,0.018620203
18.25444444,74.33555556,0.029111322
18.25444444,74.43722222,0.024786036
18.25444444,74.43916667,0.028129697
18.25444444,74.46666667,0.010276389
18.25444444,74.46694444,0.012914507
18.25444444,74.46777778,0.013374643
18.25444444,74.62,0.01616614
18.25444444,74.70333333,0.011595448
18.25444444,74.90638889,0.019264395
18.25472222,73.75444444,0.030645112
18.25472222,74.24472222,0.017638578
18.25472222,74.2825,0.020675481
18.25472222,74.32222222,0.027485506
18.25472222,74.335,0.018098715
18.25472222,74.41416667,0.021779809
18.25472222,74.67333333,0.023528329
18.25472222,75.32166667,0.043528943
18.25472222,75.67805556,0.021779809
18.255,74.30083333,0.021902512
18.255,74.30722222,0.021534403
18.255,74.31222222,0.020890211
18.255,74.36361111,0.031105249
18.255,74.64444444,0.016288843
18.255,74.905,0.024264548
18.25527778,74.25583333,0.021779809
18.25527778,74.25777778,0.025614283
18.25527778,74.29888889,0.014448296
18.25527778,74.31305556,0.022945489
18.25527778,74.46694444,0.010583147
18.25527778,74.61888889,0.029571459
18.25527778,74.64333333,0.010429768
18.25527778,74.66527778,0.028221725
18.25527778,74.82416667,0.018068039
18.25555556,74.25416667,0.024939415
18.25555556,74.25527778,0.021718458
18.25555556,74.38944444,0.022638731
18.25555556,74.43472222,0.030982545
18.25555556,74.44222222,0.02220927
18.25555556,74.48055556,0.019847235
18.25555556,74.48611111,0.021595754
18.25555556,74.73166667,0.02941808
18.25555556,74.93333333,0.0496641
18.25583333,73.75305556,0.012239639
18.25583333,74.27555556,0.011748827
18.25583333,74.30111111,0.019111016
18.25583333,74.30305556,0.019816559
18.25583333,74.3075,0.026197123
18.25583333,74.35638889,0.019571152
18.25583333,74.44638889,0.01987791
18.25583333,74.50333333,0.011902206
18.25583333,74.57444444,0.025154146
18.25583333,74.68472222,0.030154299
18.25611111,74.25833333,0.024970091
18.25611111,74.25888889,0.027914967
18.25611111,74.29472222,0.027393478
18.25611111,74.30027778,0.009632197
18.25611111,74.30361111,0.022516028
18.25611111,74.30555556,0.022700083
18.25611111,74.43861111,0.02199454
18.25611111,74.44416667,0.016595601
18.25611111,74.60083333,0.027516181
18.25611111,74.60888889,0.030430381
18.25611111,74.87583333,0.029571459
18.25611111,74.945,0.028375104
18.25638889,74.26055556,0.017178441
18.25638889,74.28388889,0.021933188
18.25638889,74.30277778,0.020583453
18.25638889,74.44305556,0.02199454
18.25638889,74.62555556,0.025583607
18.25638889,74.82277778,0.032516335
18.25638889,74.90416667,0.03000092
18.25638889,74.91166667,0.038835547
18.25638889,75.31916667,0.041688395
18.25666667,74.27472222,0.023098868
18.25666667,74.30027778,0.029448756
18.25666667,74.30055556,0.021810485
18.25666667,74.30777778,0.011442069
18.25666667,74.32777778,0.028651186
18.25666667,74.44111111,0.025062118
18.25666667,74.5075,0.025736986
18.25666667,74.53388889,0.022055891
18.25666667,74.54027778,0.010399092
18.25666667,74.80805556,0.020123317
18.25666667,74.81805556,0.072425535
18.25666667,74.84972222,0.052424921
18.25666667,74.95805556,0.050584374
18.25694444,73.64166667,0.021442376
18.25694444,74.26583333,0.023344274
18.25694444,74.27388889,0.016564925
18.25694444,74.27444444,0.012761128
18.25694444,74.29444444,0.010521795
18.25694444,74.3,0.024601982
18.25694444,74.4275,0.012791803
18.25694444,74.7775,0.06211847
18.25694444,74.82416667,0.011595448
18.25694444,74.85277778,0.033835394
18.25694444,74.94611111,0.020675481
18.25694444,75.33833333,0.040154606
18.25694444,76.2125,0.028313752
18.25722222,73.59333333,0.082793951
18.25722222,73.65694444,0.027577533
18.25722222,74.32222222,0.014049511
18.25722222,74.32388889,0.027945643
18.25722222,74.33777778,0.014294917
18.25722222,74.44472222,0.024509954
18.25722222,74.57916667,0.01500046
18.25722222,74.61472222,0.034571613
18.25722222,74.9375,0.021902512
18.25722222,75.19,0.021779809
18.25722222,75.19111111,0.024847388
18.2575,74.47055556,0.01674898
18.2575,74.52305556,0.023098868
18.2575,74.82277778,0.024847388
18.2575,75.32194444,0.049357342
18.25777778,74.31555556,0.024878064
18.25777778,74.33166667,0.017209117
18.25777778,74.33222222,0.018650879
18.25777778,74.43055556,0.016810332
18.25777778,74.43777778,0.018405473
18.25777778,74.45361111,0.014264241
18.25777778,74.485,0.021012915
18.25777778,74.61472222,0.020276696
18.25777778,74.65972222,0.025430228
18.25777778,74.82416667,0.024847388
18.25777778,74.93361111,0.026779963
18.25777778,74.95722222,0.046044357
18.25777778,74.99416667,0.039265008
18.25805556,74.27638889,0.024601982
18.25805556,74.31472222,0.019264395
18.25805556,74.32305556,0.028313752
18.25805556,74.33,0.014294917
18.25805556,74.33527778,0.021565079
18.25805556,74.36527778,0.01441762
18.25805556,74.43611111,0.018988313
18.25805556,74.73472222,0.019540477
18.25833333,73.755,0.036780269
18.25833333,73.75722222,0.039847848
18.25833333,73.825,0.018374797
18.25833333,73.85833333,0.030645112
18.25833333,73.91666667,0.024509954
18.25833333,73.925,0.042915427
18.25833333,74.75388889,0.006135158
18.25833333,74.97472222,0.048835854
18.25833333,75.38333333,0.025644958
18.25861111,73.885,0.024509954
18.25861111,74.29222222,0.027240099
18.25861111,74.29527778,0.025000767
18.25861111,74.30888889,0.015429921
18.25861111,74.31083333,0.01616614
18.25861111,74.32194444,0.020644805
18.25861111,74.45444444,0.013957483
18.25861111,74.74888889,0.032056198
18.25861111,74.78194444,0.035307832
18.25861111,74.95,0.027209424
18.25888889,74.26527778,0.019141691
18.25888889,74.275,0.024878064
18.25888889,74.28916667,0.018804258
18.25888889,74.35361111,0.026473205
18.25888889,74.40722222,0.024847388
18.25888889,74.41611111,0.019847235
18.25888889,74.76944444,0.04128961
18.25916667,74.27083333,0.017209117
18.25916667,74.27583333,0.019141691
18.25916667,74.29638889,0.022331973
18.25916667,74.41694444,0.019601828
18.25916667,74.42055556,0.012791803
18.25916667,74.43722222,0.018742906
18.25916667,74.85444444,0.038007301
18.25944444,74.28083333,0.025154146
18.25944444,74.30027778,0.016258167
18.25944444,74.33777778,0.022822786
18.25944444,74.34861111,0.032025522
18.25944444,74.43555556,0.02199454
18.25944444,74.62388889,0.018804258
18.25944444,74.64222222,0.033682015
18.25944444,74.91527778,0.032056198
18.25944444,74.96527778,0.028681861
18.25944444,74.99055556,0.016902359
18.25944444,74.99916667,0.017791957
18.25972222,73.75722222,0.015307218
18.25972222,73.76361111,0.042915427
18.25972222,74.28,0.018466824
18.25972222,74.35527778,0.018037363
18.25972222,74.41333333,0.023835087
18.25972222,74.41611111,0.02199454
18.25972222,74.44388889,0.026319826
18.25972222,74.56611111,0.021012915
18.25972222,74.65972222,0.043406239
18.25972222,74.69583333,0.023528329
18.25972222,74.80111111,0.015736679
18.26,74.29138889,0.018620203
18.26,74.41138889,0.024847388
18.26,74.41805556,0.02199454
18.26,74.62222222,0.018068039
18.26,74.66,0.030890518
18.26,74.70361111,0.019233719
18.26,74.71916667,0.054602902
18.26027778,74.26861111,0.018957637
18.26027778,74.29305556,0.034019448
18.26027778,74.30194444,0.031197276
18.26027778,74.31694444,0.020061965
18.26027778,74.33111111,0.014969784
18.26027778,74.36583333,0.023129544
18.26027778,74.37916667,0.014601675
18.26027778,74.72194444,0.028988619
18.26027778,74.94527778,0.025583607
18.26027778,75.31666667,0.03524648
18.26027778,75.40361111,0.043222185
18.26027778,76.10083333,0.014172214
18.26055556,74.34833333,0.0311666
18.26055556,74.35666667,0.018466824
18.26055556,74.41527778,0.019632504
18.26055556,74.5575,0.03000092
18.26055556,74.63916667,0.018068039
18.26055556,74.87,0.011595448
18.26055556,74.955,0.025000767
18.26083333,74.2975,0.01871223
18.26083333,74.35166667,0.019111016
18.26083333,74.40166667,0.027516181
18.26083333,74.57027778,0.023681708
18.26083333,74.67166667,0.025736986
18.26083333,74.76916667,0.043528943
18.26083333,74.83305556,0.024847388
18.26111111,74.33694444,0.023620356
18.26111111,74.41416667,0.000521488
18.26111111,74.44527778,0.018742906
18.26111111,74.51666667,0.084481119
18.26111111,74.57,0.012024909
18.26111111,74.70888889,0.039111629
18.26138889,74.2625,0.019479125
18.26138889,74.27222222,0.016258167
18.26138889,74.27416667,0.02316022
18.26138889,74.33583333,0.024724685
18.26138889,74.33972222,0.032025522
18.26138889,74.34166667,0.025246173
18.26138889,74.34944444,0.022853462
18.26138889,74.35055556,0.02490874
18.26138889,74.41222222,0.018374797
18.26138889,74.4125,0.02199454
18.26138889,74.49805556,0.025890365
18.26138889,74.54861111,0.028528482
18.26138889,74.81305556,0.00954017
18.26166667,74.29722222,0.025399552
18.26166667,74.34888889,0.025092794
18.26166667,74.40833333,0.01987791
18.26166667,74.41361111,0.019601828
18.26166667,74.44611111,0.018742906
18.26166667,74.6,0.012485046
18.26166667,74.65166667,0.018957637
18.26166667,74.77277778,0.049357342
18.26166667,74.78583333,0.022485352
18.26166667,74.88888889,0.059020215
18.26166667,74.9375,0.018405473
18.26194444,73.54666667,0.039847848
18.26194444,74.32083333,0.013497347
18.26194444,74.38277778,0.017209117
18.26194444,74.38638889,0.01500046
18.26194444,74.4075,0.01987791
18.26194444,74.41055556,0.025062118
18.26194444,74.68388889,0.023098868
18.26194444,75.04472222,0.032056198
18.26222222,73.72,0.045983006
18.26222222,74.26361111,0.023620356
18.26222222,74.31138889,0.022546704
18.26222222,74.31611111,0.028283076
18.26222222,74.40777778,0.018374797
18.26222222,74.40805556,0.021503727
18.2625,73.43111111,0.024509954
18.2625,73.52722222,0.015307218
18.2625,74.26861111,0.015736679
18.2625,74.27666667,0.016841007
18.2625,74.28222222,0.024571306
18.2625,74.29861111,0.018926961
18.2625,74.32694444,0.0155833
18.2625,74.3275,0.024847388
18.2625,74.34277778,0.02766956
18.2625,74.35444444,0.019755207
18.2625,74.50611111,0.019540477
18.2625,74.60222222,0.028099021
18.2625,74.6625,0.017178441
18.2625,74.67111111,0.025154146
18.2625,74.68861111,0.029571459
18.2625,74.70694444,0.033682015
18.2625,74.77555556,0.01128869
18.2625,74.82305556,0.013343968
18.2625,74.99416667,0.01674898
18.2625,75.31861111,0.049050584
18.26277778,73.71916667,0.036780269
18.26277778,74.3275,0.014877757
18.26277778,74.40555556,0.016810332
18.26277778,74.40972222,0.013221264
18.26277778,74.41222222,0.015644652
18.26277778,74.77166667,0.031473358
18.26277778,74.81972222,0.016012761
18.26277778,75.2875,0.019785883
18.26305556,74.28277778,0.018620203
18.26305556,74.28305556,0.02766956
18.26305556,74.41388889,0.012791803
18.26305556,74.51361111,0.022638731
18.26305556,74.75333333,0.018804258
18.26305556,75.99305556,0.019387098
18.26333333,73.69722222,0.024509954
18.26333333,74.26638889,0.016687628
18.26333333,74.27527778,0.017239793
18.26333333,74.33472222,0.02766956
18.26333333,74.415,0.023804411
18.26333333,74.44388889,0.023681708
18.26333333,74.66833333,0.017638578
18.26333333,74.6875,0.035737293
18.26333333,74.93194444,0.023804411
18.26361111,73.72861111,0.021442376
18.26361111,74.34694444,0.025829013
18.26361111,74.41527778,0.019601828
18.26361111,74.49583333,0.019264395
18.26361111,74.55805556,0.016472898
18.26361111,74.77277778,0.035798644
18.26361111,74.78944444,0.014110862
18.26388889,73.6975,0.021442376
18.26388889,73.71944444,0.027577533
18.26388889,74.28111111,0.016503574
18.26388889,74.33611111,0.01208626
18.26388889,74.34694444,0.013190589
18.26388889,74.35333333,0.028221725
18.26388889,74.41361111,0.015859382
18.26388889,74.5275,0.016902359
18.26388889,74.70888889,0.054572226
18.26388889,74.71833333,0.035001074
18.26388889,74.78055556,0.02279211
18.26388889,74.99027778,0.020430075
18.26388889,74.99111111,0.040768122
18.26416667,73.74583333,0.027577533
18.26416667,74.27083333,0.019479125
18.26416667,74.29833333,0.043222185
18.26416667,74.31444444,0.022516028
18.26416667,74.41027778,0.02199454
18.26416667,74.41666667,0.023835087
18.26416667,74.64972222,0.058130618
18.26416667,74.69138889,0.012485046
18.26444444,74.26027778,0.017791957
18.26444444,74.27638889,0.022485352
18.26444444,74.33027778,0.026626584
18.26444444,74.33888889,0.012791803
18.26444444,74.34583333,0.010521795
18.26444444,74.35583333,0.00954017
18.26444444,74.40305556,0.025491579
18.26444444,74.41166667,0.012577073
18.26444444,74.41472222,0.02199454
18.26444444,74.41527778,0.016779656
18.26444444,74.44361111,0.027209424
18.26444444,74.59777778,0.024847388
18.26444444,74.73361111,0.013067886
18.26444444,75.29972222,0.015920734
18.26472222,74.27638889,0.019141691
18.26472222,74.28666667,0.019509801
18.26472222,74.30694444,0.034356882
18.26472222,74.335,0.014693702
18.26472222,74.33666667,0.034326206
18.26472222,74.34722222,0.012883831
18.26472222,74.40166667,0.025000767
18.26472222,74.40666667,0.019264395
18.265,74.27583333,0.012699776
18.265,74.29722222,0.037516488
18.265,74.33333333,0.016258167
18.265,74.41333333,0.01987791
18.265,74.78194444,0.013650725
18.265,74.86555556,0.029571459
18.26527778,73.83777778,0.036780269
18.26527778,74.21444444,0.052118163
18.26527778,74.28694444,0.02395779
18.26527778,74.31222222,0.009601522
18.26527778,74.3275,0.019111016
18.26527778,74.335,0.029295377
18.26527778,74.33805556,0.028313752
18.26527778,74.34638889,0.009693549
18.26527778,74.35611111,0.012515721
18.26527778,74.405,0.016810332
18.26527778,74.41638889,0.012791803
18.26527778,74.44027778,0.014755054
18.26527778,74.49083333,0.014847081
18.26527778,74.64722222,0.046933955
18.26527778,74.65305556,0.038835547
18.26527778,74.72638889,0.026013068
18.26527778,74.77777778,0.021319672
18.26527778,74.81,0.019969938
18.26555556,73.42166667,0.027577533
18.26555556,73.68972222,0.018374797
18.26555556,73.73361111,0.015307218
18.26555556,73.73388889,0.024509954
18.26555556,74.26833333,0.022638731
18.26555556,74.28666667,0.03720973
18.26555556,74.3225,0.013712077
18.26555556,74.33361111,0.011963557
18.26555556,74.35722222,0.016258167
18.26555556,74.36416667,0.015706003
18.26555556,74.51361111,0.022914813
18.26555556,74.57694444,0.026166447
18.26555556,74.62666667,0.012761128
18.26583333,73.69694444,0.012239639
18.26583333,74.28388889,0.007331513
18.26583333,74.28944444,0.029172674
18.26583333,74.29472222,0.029080647
18.26583333,74.32222222,0.021104942
18.26583333,74.32888889,0.023712384
18.26583333,74.34805556,0.01674898
18.26583333,74.35722222,0.028467131
18.26583333,74.41055556,0.019847235
18.26583333,74.41361111,0.02199454
18.26583333,74.64611111,0.026319826
18.26583333,74.68083333,0.037669867
18.26583333,74.77166667,0.024111169
18.26611111,74.27222222,0.030461057
18.26611111,74.29805556,0.025829013
18.26611111,74.40388889,0.013129237
18.26611111,74.41583333,0.012485046
18.26611111,74.62527778,0.017761281
18.26611111,74.76,0.035798644
18.26611111,74.90944444,0.017853308
18.26638889,74.275,0.013497347
18.26638889,74.3225,0.017270468
18.26638889,74.33027778,0.019141691
18.26638889,74.33694444,0.035154453
18.26638889,74.44583333,0.025092794
18.26638889,74.68166667,0.018221418
18.26638889,74.94222222,0.01616614
18.26638889,75.3425,0.030031596
18.26666667,74.28805556,0.019724531
18.26666667,74.28972222,0.015890058
18.26666667,74.29777778,0.051075186
18.26666667,74.32361111,0.013129237
18.26666667,74.43888889,0.00954017
18.26666667,74.65222222,0.042209884
18.26666667,74.70694444,0.025276849
18.26666667,74.73111111,0.013067886
18.26666667,75.92277778,0.021779809
18.26694444,74.27527778,0.022424001
18.26694444,74.29416667,0.025798337
18.26694444,74.35027778,0.027301451
18.26694444,74.40527778,0.025062118
18.26694444,74.40833333,0.024571306
18.26694444,74.41027778,0.02199454
18.26694444,74.57777778,0.019847235
18.26694444,74.58361111,0.033682015
18.26694444,74.65305556,0.042516642
18.26694444,74.665,0.025583607
18.26722222,74.24638889,0.028099021
18.26722222,74.29111111,0.018068039
18.26722222,74.3125,0.016718304
18.26722222,74.40111111,0.01536857
18.26722222,74.41361111,0.012577073
18.26722222,74.42638889,0.02199454
18.26722222,74.68444444,0.014233565
18.26722222,74.80888889,0.03058376
18.26722222,74.98611111,0.024264548
18.26722222,75.6625,0.035553238
18.2675,73.69694444,0.015307218
18.2675,74.265,0.025000767
18.2675,74.26666667,0.019141691
18.2675,74.31833333,0.025246173
18.2675,74.34,0.026626584
18.2675,74.37,0.020430075
18.2675,74.40444444,0.012791803
18.2675,74.43027778,0.019356422
18.2675,74.49083333,0.097426301
18.2675,74.55333333,0.027638885
18.2675,74.77166667,0.035614589
18.2675,74.95472222,0.024264548
18.26777778,74.29916667,0.042915427
18.26777778,74.30944444,0.018620203
18.26777778,74.31138889,0.013804104
18.26777778,74.32083333,0.020061965
18.26777778,74.34305556,0.009662873
18.26777778,74.36611111,0.015215191
18.26777778,74.38027778,0.015276542
18.26777778,74.40388889,0.016779656
18.26777778,74.49027778,0.028804565
18.26777778,74.62527778,0.074603515
18.26777778,74.68416667,0.024847388
18.26777778,75.00472222,0.01674898
18.26805556,73.4675,0.015307218
18.26805556,73.82888889,0.055185742
18.26805556,74.26388889,0.019509801
18.26805556,74.2925,0.026381177
18.26805556,74.33,0.014632351
18.26805556,74.40861111,0.015675327
18.26805556,74.42111111,0.021657106
18.26805556,74.48805556,0.014540323
18.26805556,74.62388889,0.020276696
18.26805556,74.65416667,0.051934108
18.26805556,74.65833333,0.018957637
18.26805556,74.7625,0.042670021
18.26805556,74.85611111,0.015276542
18.26805556,74.93611111,0.044295837
18.26805556,75.49888889,0.019509801
18.26833333,73.84,0.00917206
18.26833333,74.30583333,0.016472898
18.26833333,74.31166667,0.018436148
18.26833333,74.32055556,0.009724225
18.26833333,74.32833333,0.020031289
18.26833333,74.40888889,0.023804411
18.26833333,74.40916667,0.024724685
18.26833333,74.45916667,0.040614743
18.26833333,74.58527778,0.030737139
18.26833333,74.64388889,0.027362803
18.26833333,74.74083333,0.025736986
18.26833333,74.7675,0.043528943
18.26833333,74.80194444,0.033988773
18.26833333,74.90888889,0.034326206
18.26833333,74.96444444,0.031780116
18.26833333,75.07833333,0.019417774
18.26861111,74.29611111,0.020153992
18.26861111,74.29694444,0.017178441
18.26861111,74.29944444,0.014018835
18.26861111,74.89833333,0.048406393
18.26888889,74.26833333,0.015644652
18.26888889,74.29305556,0.024755361
18.26888889,74.29388889,0.017178441
18.26888889,74.29527778,0.029571459
18.26888889,74.40611111,0.024509954
18.26888889,74.50916667,0.017638578
18.26888889,74.53138889,0.018650879
18.26888889,74.60444444,0.018681555
18.26888889,74.77083333,0.043528943
18.26888889,74.77305556,0.043222185
18.26888889,74.77388889,0.037853922
18.26888889,74.80888889,0.033375257
18.26888889,74.88555556,0.034418234
18.26888889,74.92166667,0.017209117
18.26916667,74.27222222,0.022025215
18.26916667,74.30305556,0.019417774
18.26916667,74.40361111,0.023804411
18.26916667,74.44694444,0.019847235
18.26916667,74.44888889,0.02199454
18.26916667,74.55666667,0.026595908
18.26916667,74.7825,0.026319826
18.26916667,74.84555556,0.027792264
18.26916667,74.96527778,0.026595908
18.26916667,75.0375,0.038406086
18.26944444,73.69722222,0.012239639
18.26944444,73.72166667,0.024509954
18.26944444,73.88388889,0.027577533
18.26944444,74.29277778,0.019632504
18.26944444,74.30944444,0.027393478
18.26944444,74.32916667,0.01812939
18.26944444,74.40472222,0.024724685
18.26944444,74.51861111,0.05119789
18.26944444,74.58777778,0.013497347
18.26944444,74.66055556,0.014233565
18.26944444,74.6625,0.031319979
18.26944444,74.74527778,0.026779963
18.26944444,74.76916667,0.04187245
18.26944444,74.775,0.059449676
18.26944444,75.11888889,0.019264395
18.26972222,73.57972222,0.076658793
18.26972222,73.58388889,0.067456057
18.26972222,74.27222222,0.024939415
18.26972222,74.31055556,0.026687935
18.26972222,74.59777778,0.024111169
18.26972222,74.65527778,0.047823553
18.26972222,74.85083333,0.045614896
18.27,73.5975,0.079726372
18.27,74.30138889,0.01871223
18.27,74.54472222,0.020706157
18.27,74.55444444,0.01012301
18.27,74.61805556,0.017485199
18.27,74.64916667,0.018804258
18.27,74.75777778,0.048406393
18.27,74.9175,0.01929507
18.27027778,74.29083333,0.018037363
18.27027778,74.32361111,0.025092794
18.27027778,74.33222222,0.011994233
18.27027778,74.40305556,0.026043744
18.27027778,74.40333333,0.029111322
18.27027778,74.40555556,0.02628915
18.27027778,74.41,0.02454063
18.27027778,74.415,0.024847388
18.27027778,74.54416667,0.010583147
18.27027778,74.66555556,0.034264855
18.27027778,74.69916667,0.021749133
18.27027778,74.81333333,0.026350502
18.27055556,73.71888889,0.030645112
18.27055556,74.29972222,0.017546551
18.27055556,74.33083333,0.018190742
18.27055556,74.37694444,0.018681555
18.27055556,74.41944444,0.015675327
18.27055556,74.42138889,0.024724685
18.27055556,74.54916667,0.036166754
18.27055556,74.55638889,0.039265008
18.27055556,75.1675,0.021779809
18.27055556,75.36027778,0.0496641
18.27083333,73.73833333,0.036780269
18.27083333,74.33222222,0.016442222
18.27083333,74.40388889,0.024724685
18.27083333,74.40861111,0.021657106
18.27083333,74.41166667,0.019356422
18.27083333,74.65555556,0.028681861
18.27083333,74.71361111,0.025000767
18.27083333,74.71888889,0.033589987
18.27083333,74.77361111,0.019111016
18.27083333,74.79611111,0.028099021
18.27111111,73.71888889,0.061320899
18.27111111,73.71916667,0.039847848
18.27111111,73.71944444,0.018374797
18.27111111,74.31583333,0.016687628
18.27111111,74.32305556,0.019264395
18.27111111,74.40361111,0.018926961
18.27111111,74.41555556,0.012791803
18.27111111,74.66777778,0.0155833
18.27111111,74.68111111,0.03058376
18.27111111,74.8275,0.04500138
18.27111111,74.99611111,0.016012761
18.27138889,74.28944444,0.020675481
18.27138889,74.29916667,0.018742906
18.27138889,74.50111111,0.025430228
18.27138889,74.99888889,0.029080647
18.27138889,75.0225,0.012577073
18.27138889,75.02416667,0.024724685
18.27166667,74.27166667,0.028099021
18.27166667,74.32611111,0.023712384
18.27166667,74.35805556,0.01362005
18.27166667,74.42361111,0.02199454
18.27166667,74.42944444,0.024878064
18.27166667,74.64611111,0.029724838
18.27166667,74.65694444,0.05119789
18.27166667,74.6625,0.024694009
18.27166667,74.67777778,0.032945796
18.27166667,74.83333333,0.020430075
18.27166667,74.89777778,0.022914813
18.27166667,75.00138889,0.025736986
18.27166667,75.02611111,0.031626737
18.27166667,75.34111111,0.036780269
18.27194444,74.325,0.018068039
18.27194444,74.49444444,0.020430075
18.27194444,74.64,0.026473205
18.27194444,74.70833333,0.00466272
18.27194444,74.72472222,0.011442069
18.27194444,74.77222222,0.027485506
18.27194444,74.82722222,0.01674898
18.27194444,75.33472222,0.034326206
18.27194444,75.35,0.040461364
18.27222222,73.70277778,0.015307218
18.27222222,74.4075,0.014755054
18.27222222,74.41138889,0.021657106
18.27222222,74.42055556,0.015859382
18.27222222,74.42638889,0.026902666
18.27222222,74.61583333,0.027638885
18.27222222,74.65694444,0.044571919
18.27222222,74.66888889,0.03837541
18.27222222,74.81972222,0.018681555
18.2725,74.29694444,0.027945643
18.2725,74.29722222,0.025552931
18.2725,74.30416667,0.014141538
18.2725,74.41444444,0.030614436
18.2725,74.53694444,0.024264548
18.2725,74.63916667,0.014693702
18.2725,74.66638889,0.053836007
18.2725,74.67055556,0.028681861
18.2725,75.41694444,0.014939109
18.27277778,74.31333333,0.026964017
18.27277778,74.40083333,0.024571306
18.27277778,74.40611111,0.018926961
18.27277778,74.4275,0.024509954
18.27277778,74.65527778,0.03662689
18.27277778,74.69722222,0.021319672
18.27277778,74.72444444,0.024111169
18.27277778,75.11083333,0.037884598
18.27305556,73.72,0.012239639
18.27305556,73.77222222,0.079726372
18.27305556,74.31222222,0.014233565
18.27305556,74.31694444,0.01441762
18.27305556,74.31888889,0.018742906
18.27305556,74.32222222,0.022700083
18.27305556,74.32888889,0.024141845
18.27305556,74.33416667,0.020890211
18.27305556,74.40138889,0.023835087
18.27305556,74.64833333,0.02279211
18.27305556,74.67,0.039725145
18.27305556,74.77777778,0.0311666
18.27333333,73.72,0.015307218
18.27333333,74.27916667,0.013466671
18.27333333,74.31861111,0.021012915
18.27333333,74.32388889,0.014018835
18.27333333,74.32444444,0.021810485
18.27333333,74.32472222,0.020798184
18.27333333,74.43638889,0.025062118
18.27333333,74.48222222,0.023098868
18.27333333,74.59722222,0.052977085
18.27333333,74.73222222,0.029724838
18.27333333,74.73583333,0.031902819
18.27333333,75.33916667,0.038620817
18.27361111,73.58166667,0.012239639
18.27361111,74.3225,0.018742906
18.27361111,74.32333333,0.016196816
18.27361111,74.32444444,0.021871837
18.27361111,74.32722222,0.013773429
18.27361111,74.33222222,0.02337495
18.27361111,74.34833333,0.010981932
18.27361111,74.40472222,0.024847388
18.27361111,74.42361111,0.012791803
18.27361111,74.57833333,0.030154299
18.27361111,74.65694444,0.055768582
18.27361111,74.6625,0.03837541
18.27361111,74.73611111,0.027638885
18.27361111,74.90333333,0.023651032
18.27361111,75.00083333,0.022055891
18.27388889,73.72083333,0.027577533
18.27388889,74.31972222,0.02220927
18.27388889,74.3225,0.017178441
18.27388889,74.74694444,0.020736832
18.27388889,74.855,0.041933802
18.27416667,73.58055556,0.027577533
18.27416667,74.40305556,0.024632657
18.27416667,74.41416667,0.028467131
18.27416667,74.52555556,0.017638578
18.27416667,74.54055556,0.012485046
18.27416667,74.66694444,0.060185895
18.27416667,74.67083333,0.041473665
18.27444444,73.58083333,0.045983006
18.27444444,73.58388889,0.024509954
18.27444444,73.66361111,0.039847848
18.27444444,74.32472222,0.016656953
18.27444444,74.54694444,0.020215344
18.27444444,74.58583333,0.026166447
18.27444444,74.62138889,0.012331667
18.27444444,74.635,0.017209117
18.27444444,75.66388889,0.044142458
18.27472222,74.29138889,0.01595141
18.27472222,74.41222222,0.012791803
18.27472222,74.41361111,0.013221264
18.27472222,74.41805556,0.013221264
18.27472222,74.4275,0.013221264
18.27472222,74.50083333,0.015276542
18.27472222,74.5925,0.029724838
18.27472222,74.66416667,0.05898954
18.27472222,75.32555556,0.050277616
18.27472222,75.72777778,0.013466671
18.275,74.29388889,0.027393478
18.275,74.32222222,0.011073959
18.275,74.34194444,0.016442222
18.275,74.46111111,0.011595448
18.275,74.59166667,0.010399092
18.275,74.65833333,0.049878831
18.27527778,73.58444444,0.021442376
18.27527778,74.29444444,0.017423847
18.27527778,74.295,0.025338201
18.27527778,74.30805556,0.019509801
18.27527778,74.30861111,0.019632504
18.27527778,74.30888889,0.021749133
18.27527778,74.31194444,0.018436148
18.27527778,74.47,0.014264241
18.27527778,74.50555556,0.026166447
18.27527778,74.58472222,0.024694009
18.27527778,74.64777778,0.025430228
18.27527778,74.85972222,0.027638885
18.27527778,74.86527778,0.030430381
18.27555556,73.72805556,0.018374797
18.27555556,74.28833333,0.018620203
18.27555556,74.325,0.022393325
18.27555556,74.41111111,0.025399552
18.27555556,74.52416667,0.0438357
18.27555556,74.70527778,0.055615203
18.27555556,74.84111111,0.020153992
18.27555556,74.84666667,0.025307525
18.27555556,75.32527778,0.041381637
18.27583333,73.72805556,0.024509954
18.27583333,74.31472222,0.017485199
18.27583333,74.33,0.016656953
18.27583333,74.36,0.0282524
18.27583333,74.42222222,0.018650879
18.27583333,74.61611111,0.017209117
18.27583333,74.67,0.045308138
18.27583333,74.71305556,0.033958097
18.27583333,74.88944444,0.028221725
18.27583333,74.89111111,0.008926654
18.27611111,73.72138889,0.018374797
18.27611111,73.72166667,0.027577533
18.27611111,73.72416667,0.024509954
18.27611111,74.47333333,0.018528176
18.27611111,74.575,0.028681861
18.27611111,74.63638889,0.0155833
18.27638889,73.72305556,0.030645112
18.27638889,73.72416667,0.027577533
18.27638889,74.2025,0.018528176
18.27638889,74.29083333,0.016564925
18.27638889,74.30527778,0.021963864
18.27638889,74.30694444,0.015399245
18.27638889,74.32916667,0.013466671
18.27638889,74.66111111,0.034264855
18.27638889,75.66472222,0.040921501
18.27666667,73.74277778,0.033712691
18.27666667,74.48888889,0.016902359
18.27666667,74.98333333,0.006840701
18.27694444,74.31,0.019755207
18.27694444,74.32583333,0.027424154
18.27694444,74.335,0.025092794
18.27694444,74.43333333,0.025399552
18.27694444,74.48805556,0.022331973
18.27694444,74.53638889,0.010552471
18.27694444,74.54722222,0.063560232
18.27694444,74.55555556,0.020430075
18.27694444,74.655,0.014080187
18.27694444,74.71416667,0.01733182
18.27694444,75.15805556,0.02454063
18.27722222,73.72166667,0.012239639
18.27722222,74.28805556,0.017393172
18.27722222,74.31305556,0.018098715
18.27722222,74.31333333,0.018037363
18.27722222,74.32055556,0.017178441
18.27722222,74.32888889,0.01325194
18.27722222,74.405,0.016779656
18.27722222,74.41166667,0.012791803
18.27722222,74.56777778,0.037823246
18.27722222,74.71972222,0.01791466
18.27722222,74.90166667,0.013466671
18.2775,74.41027778,0.024724685
18.2775,74.53055556,0.018374797
18.2775,74.57,0.020430075
18.2775,74.69972222,0.042363263
18.2775,74.71138889,0.046780576
18.2775,75.12583333,0.031565385
18.27777778,73.42833333,0.036780269
18.27777778,73.72222222,0.021442376
18.27777778,73.74666667,0.021442376
18.27777778,74.29388889,0.015890058
18.27777778,74.2975,0.018742906
18.27777778,74.30333333,0.018957637
18.27777778,74.32111111,0.016656953
18.27777778,74.32194444,0.011043284
18.27777778,74.33027778,0.013466671
18.27777778,74.33555556,0.019356422
18.27777778,74.405,0.019571152
18.27777778,74.41166667,0.025982392
18.27777778,74.41333333,0.02199454
18.27777778,74.42083333,0.021779809
18.27777778,74.44222222,0.024847388
18.27777778,74.98222222,0.021012915
18.27805556,73.73666667,0.021442376
18.27805556,74.2975,0.018098715
18.27805556,74.32,0.019417774
18.27805556,74.32194444,0.022485352
18.27805556,74.33027778,0.021288997
18.27805556,74.40861111,0.020430075
18.27805556,74.4375,0.019264395
18.27805556,74.49527778,0.015123163
18.27805556,74.60805556,0.016012761
18.27805556,74.64583333,0.016595601
18.27805556,74.66416667,0.039111629
18.27805556,74.74333333,0.075063652
18.27805556,74.78833333,0.023068192
18.27805556,74.9525,0.028467131
18.27833333,74.415,0.031933495
18.27833333,74.43583333,0.018926961
18.27833333,74.58027778,0.020430075
18.27833333,74.62805556,0.019264395
18.27833333,74.66527778,0.024847388
18.27833333,74.69,0.031319979
18.27833333,74.79472222,0.045768275
18.27833333,75.50138889,0.021779809
18.27861111,74.42972222,0.012270315
18.27861111,74.50583333,0.014540323
18.27861111,74.50944444,0.027362803
18.27861111,74.59833333,0.02279211
18.27861111,74.71111111,0.01616614
18.27861111,74.73055556,0.019264395
18.27861111,74.98666667,0.013129237
18.27888889,73.745,0.012239639
18.27888889,74.29861111,0.027332127
18.27888889,74.29888889,0.017178441
18.27888889,74.40416667,0.024571306
18.27888889,74.65666667,0.026749287
18.27888889,74.72555556,0.033712691
18.27888889,74.82694444,0.050185589
18.27888889,74.87416667,0.015429921
18.27888889,74.94361111,0.025000767
18.27888889,74.94861111,0.023835087
18.27916667,73.74694444,0.027577533
18.27916667,74.29777778,0.023528329
18.27916667,74.33555556,0.010184361
18.27916667,74.33666667,0.016442222
18.27916667,74.33694444,0.025092794
18.27916667,74.40055556,0.023835087
18.27916667,74.49444444,0.010399092
18.27916667,74.49555556,0.018804258
18.27916667,74.60888889,0.022178594
18.27916667,74.66388889,0.062824013
18.27916667,74.71972222,0.015706003
18.27916667,74.72444444,0.017485199
18.27916667,74.89027778,0.030982545
18.27944444,74.405,0.029019295
18.27944444,74.42055556,0.013190589
18.27944444,74.71527778,0.021166293
18.27972222,73.71222222,0.036780269
18.27972222,74.29305556,0.020675481
18.27972222,74.29694444,0.026013068
18.27972222,74.43416667,0.016196816
18.27972222,74.525,0.021166293
18.27972222,74.68305556,0.01733182
18.27972222,74.80111111,0.026749287
18.27972222,74.91833333,0.032516335
18.27972222,74.95416667,0.024847388
18.27972222,75.66194444,0.043528943
18.28,74.29194444,0.019755207
18.28,74.34972222,0.027056045
18.28,74.40694444,0.024724685
18.28,74.67277778,0.03779257
18.28,74.94361111,0.038835547
18.28027778,74.28611111,0.022485352
18.28027778,74.32166667,0.017791957
18.28027778,74.3375,0.013374643
18.28027778,74.46194444,0.020736832
18.28027778,74.52222222,0.030890518
18.28027778,74.62861111,0.019233719
18.28027778,74.66555556,0.045154759
18.28027778,74.66694444,0.021319672
18.28027778,74.70583333,0.023835087
18.28027778,74.76694444,0.045768275
18.28027778,74.84111111,0.021749133
18.28027778,75.66555556,0.040921501
18.28055556,74.28833333,0.027945643
18.28055556,74.32194444,0.025890365
18.28055556,74.42027778,0.025736986
18.28055556,74.42972222,0.014755054
18.28055556,74.47777778,0.018221418
18.28055556,74.64611111,0.020583453
18.28055556,74.8525,0.01674898
18.28055556,74.89166667,0.02883524
18.28055556,74.97583333,0.012577073
18.28055556,75.16,0.013712077
18.28055556,75.66527778,0.037393785
18.28083333,74.33611111,0.013466671
18.28083333,74.35333333,0.028988619
18.28083333,74.61777778,0.015123163
18.28083333,74.62194444,0.020430075
18.28083333,74.69583333,0.045798951
18.28083333,75.66777778,0.047823553
18.28111111,74.40333333,0.016779656
18.28111111,74.41138889,0.024847388
18.28111111,74.54694444,0.041933802
18.28111111,74.55555556,0.034142152
18.28111111,74.82416667,0.027945643
18.28111111,74.87666667,0.021166293
18.28138889,74.28361111,0.023252247
18.28138889,74.34833333,0.03546121
18.28138889,74.38222222,0.016595601
18.28138889,74.43222222,0.023804411
18.28138889,74.43972222,0.01871223
18.28138889,74.56472222,0.011012608
18.28138889,74.60944444,0.030890518
18.28138889,74.66555556,0.05119789
18.28138889,74.7975,0.0184975
18.28138889,74.96944444,0.021810485
18.28166667,74.34333333,0.025522255
18.28166667,74.40222222,0.030982545
18.28166667,74.405,0.013221264
18.28166667,74.43,0.02454063
18.28166667,74.66361111,0.044295837
18.28166667,75.05916667,0.035430535
18.28194444,73.85861111,0.015307218
18.28194444,74.31083333,0.019111016
18.28194444,74.3375,0.013466671
18.28194444,74.345,0.013466671
18.28194444,74.40944444,0.02199454
18.28194444,74.43305556,0.012300991
18.28194444,74.51861111,0.064879291
18.28194444,74.57361111,0.062824013
18.28194444,74.71888889,0.017761281
18.28222222,74.43972222,0.017209117
18.28222222,74.64416667,0.017055738
18.28222222,74.75222222,0.027792264
18.28222222,74.83222222,0.020890211
18.2825,74.295,0.034326206
18.2825,74.32805556,0.016258167
18.2825,74.33972222,0.015890058
18.2825,74.42333333,0.012577073
18.2825,74.42916667,0.089266542
18.2825,74.56944444,0.022638731
18.2825,74.64527778,0.031473358
18.2825,74.80055556,0.046351115
18.2825,75.00361111,0.024417927
18.2825,75.26472222,0.052424921
18.28277778,74.40444444,0.012577073
18.28277778,74.40777778,0.012791803
18.28277778,74.40944444,0.024847388
18.28277778,74.42305556,0.019356422
18.28277778,74.69583333,0.050921807
18.28277778,74.85527778,0.047240713
18.28277778,75.35972222,0.053651953
18.28305556,74.42333333,0.02199454
18.28305556,74.59555556,0.022485352
18.28305556,74.60055556,0.036350808
18.28333333,73.68861111,0.015307218
18.28333333,74.33666667,0.021288997
18.28333333,74.4275,0.025062118
18.28333333,74.43833333,0.023804411
18.28333333,74.55833333,0.014816405
18.28333333,74.69944444,0.018098715
18.28333333,74.98472222,0.017945336
18.28361111,74.37361111,0.013712077
18.28361111,74.41555556,0.012270315
18.28361111,74.52055556,0.076382711
18.28361111,74.54972222,0.016595601
18.28361111,74.65583333,0.022485352
18.28361111,74.68305556,0.016442222
18.28361111,74.72166667,0.018957637
18.28361111,75.36138889,0.030338354
18.28361111,75.36194444,0.032792417
18.28388889,74.48055556,0.01733182
18.28388889,74.88583333,0.038099328
18.28416667,74.41361111,0.043252861
18.28416667,74.57305556,0.023835087
18.28416667,74.58555556,0.018957637
18.28416667,74.60305556,0.0155833
18.28416667,75.37,0.050584374
18.28444444,74.51861111,0.048406393
18.28444444,74.715,0.020153992
18.28444444,74.73361111,0.026749287
18.28444444,74.85527778,0.020276696
18.28444444,75.26833333,0.052731679
18.28472222,74.30138889,0.018926961
18.28472222,74.44027778,0.021779809
18.28472222,74.44055556,0.024847388
18.28472222,74.58027778,0.019693856
18.28472222,74.71416667,0.020430075
18.28472222,74.76944444,0.016442222
18.28472222,75.3075,0.041228259
18.285,74.40861111,0.024571306
18.285,74.42916667,0.026013068
18.285,74.4325,0.014969784
18.285,74.53527778,0.045768275
18.285,74.54666667,0.011442069
18.285,74.61916667,0.0184975
18.285,74.66638889,0.024264548
18.285,74.79388889,0.026779963
18.285,74.86333333,0.021902512
18.28527778,74.42888889,0.023804411
18.28527778,74.52027778,0.024417927
18.28527778,74.56222222,0.040031903
18.28527778,74.6025,0.056504801
18.28527778,75.01138889,0.024571306
18.28555556,73.74722222,0.018374797
18.28555556,74.42666667,0.019264395
18.28555556,74.43888889,0.025399552
18.28555556,74.44861111,0.019264395
18.28555556,74.68583333,0.048099635
18.28555556,74.69222222,0.046197736
18.28555556,74.71444444,0.027945643
18.28555556,74.7225,0.022485352
18.28555556,74.82638889,0.010184361
18.28555556,74.94472222,0.024417927
18.28555556,75.27,0.050584374
18.28555556,75.66388889,0.04107488
18.28583333,74.40805556,0.024724685
18.28583333,74.44027778,0.024786036
18.28583333,74.66694444,0.025890365
18.28583333,74.83583333,0.031626737
18.28611111,74.44444444,0.025399552
18.28611111,74.55694444,0.02883524
18.28611111,75.37277778,0.050584374
18.28611111,75.66888889,0.044142458
18.28638889,74.30166667,0.026411853
18.28638889,74.41694444,0.016779656
18.28638889,74.54083333,0.064756588
18.28638889,74.68666667,0.055185742
18.28638889,74.69861111,0.034418234
18.28638889,74.73055556,0.027792264
18.28666667,74.30277778,0.013712077
18.28666667,74.33055556,0.014908433
18.28666667,74.34027778,0.013589374
18.28666667,74.41833333,0.016196816
18.28666667,74.42222222,0.021779809
18.28666667,74.42305556,0.024847388
18.28666667,74.43361111,0.036442836
18.28666667,74.71555556,0.020736832
18.28666667,74.95833333,0.018804258
18.28666667,74.9675,0.026166447
18.28694444,74.34055556,0.020491426
18.28694444,74.425,0.021810485
18.28694444,74.42888889,0.027914967
18.28694444,74.43916667,0.024724685
18.28694444,74.59777778,0.02220927
18.28694444,74.71694444,0.019387098
18.28694444,74.90138889,0.031780116
18.28694444,75.19666667,0.038927574
18.28694444,75.28694444,0.050584374
18.28722222,73.41638889,0.061320899
18.28722222,74.31361111,0.020736832
18.28722222,74.41222222,0.024847388
18.28722222,74.6925,0.019233719
18.28722222,74.79694444,0.050768428
18.28722222,76.12944444,0.009938955
18.2875,73.73805556,0.021442376
18.2875,74.32305556,0.025092794
18.2875,74.40444444,0.018528176
18.2875,74.42583333,0.018650879
18.2875,74.42805556,0.02454063
18.2875,74.6875,0.027485506
18.2875,74.7525,0.0184975
18.28777778,74.30194444,0.01674898
18.28777778,74.47027778,0.009785576
18.28777778,74.84916667,0.026626584
18.28777778,74.88888889,0.03604405
18.28777778,74.92111111,0.021473051
18.28777778,75.26138889,0.041688395
18.28777778,75.3725,0.043528943
18.28805556,74.35527778,0.012024909
18.28805556,74.40083333,0.025491579
18.28805556,74.42888889,0.025399552
18.28833333,74.31638889,0.019141691
18.28833333,74.43361111,0.018926961
18.28833333,74.43916667,0.037117703
18.28833333,74.81861111,0.029571459
18.28833333,74.83777778,0.047394092
18.28833333,74.85888889,0.015736679
18.28833333,74.9775,0.056412773
18.28833333,75.37527778,0.037087027
18.28861111,74.32888889,0.007454216
18.28861111,74.40083333,0.024509954
18.28861111,74.42916667,0.01871223
18.28861111,74.44361111,0.012577073
18.28861111,74.68111111,0.03546121
18.28861111,74.69722222,0.02941808
18.28861111,74.92833333,0.024847388
18.28861111,74.9775,0.043467591
18.28861111,75.67027778,0.037393785
18.28888889,73.87027778,0.061320899
18.28888889,74.36111111,0.009846928
18.28888889,74.36888889,0.016656953
18.28888889,74.41194444,0.012546397
18.28888889,74.41472222,0.024632657
18.28888889,74.41833333,0.013129237
18.28888889,74.42055556,0.012270315
18.28888889,74.4325,0.021779809
18.28888889,74.43916667,0.019356422
18.28888889,74.54722222,0.023651032
18.28888889,74.75027778,0.015429921
18.28916667,73.69111111,0.036780269
18.28916667,74.32916667,0.019571152
18.28916667,74.36222222,0.014939109
18.28916667,74.42833333,0.024724685
18.28916667,74.60166667,0.028068346
18.28916667,74.62194444,0.015859382
18.28916667,74.68833333,0.028528482
18.28916667,74.71888889,0.021166293
18.28916667,74.795,0.013497347
18.28916667,75.65027778,0.037393785
18.28916667,75.66472222,0.037393785
18.28916667,75.72166667,0.009233412
18.28944444,74.41916667,0.013221264
18.28944444,74.76722222,0.049418694
18.28972222,73.69416667,0.030645112
18.28972222,73.87416667,0.049050584
18.28972222,74.32833333,0.013528022
18.28972222,74.32861111,0.019847235
18.28972222,74.46777778,0.012914507
18.28972222,74.51,0.028221725
18.28972222,74.72694444,0.01791466
18.28972222,75.34944444,0.052424921
18.29,74.32916667,0.03211755
18.29,74.3625,0.025767662
18.29,74.37194444,0.009785576
18.29,74.40138889,0.021779809
18.29,74.44138889,0.024847388
18.29,74.56833333,0.01012301
18.29,74.59833333,0.014693702
18.29,74.63638889,0.024724685
18.29,74.69138889,0.056044664
18.29,74.70972222,0.030154299
18.29,74.78555556,0.026043744
18.29,74.78666667,0.021319672
18.29,74.99472222,0.023006841
18.29,75.16138889,0.031442682
18.29,75.26833333,0.05862143
18.29027778,73.725,0.024509954
18.29027778,74.32944444,0.015890058
18.29027778,74.36722222,0.015890058
18.29027778,74.405,0.024509954
18.29027778,74.44305556,0.02454063
18.29027778,74.54527778,0.010859229
18.29027778,74.55805556,0.015429921
18.29027778,74.57055556,0.024571306
18.29027778,74.605,0.030921194
18.29027778,74.86555556,0.017638578
18.29055556,73.49444444,0.030645112
18.29055556,73.57277778,0.015307218
18.29055556,73.69194444,0.012239639
18.29055556,73.69472222,0.024509954
18.29055556,73.87472222,0.082793951
18.29055556,74.34583333,0.025184822
18.29055556,74.40361111,0.013650725
18.29055556,74.44027778,0.024724685
18.29055556,74.50277778,0.01674898
18.29055556,74.63277778,0.011135311
18.29055556,74.82833333,0.020430075
18.29055556,74.91861111,0.01616614
18.29055556,74.9325,0.028988619
18.29055556,75.27611111,0.05862143
18.29055556,75.33861111,0.04536949
18.29055556,75.33916667,0.050584374
18.29083333,74.40361111,0.020430075
18.29083333,74.40777778,0.024847388
18.29083333,74.41222222,0.029019295
18.29083333,74.71972222,0.053099788
18.29111111,73.85666667,0.024509954
18.29111111,74.36694444,0.022055891
18.29111111,74.51277778,0.018006687
18.29111111,74.53083333,0.014847081
18.29111111,74.55027778,0.048682475
18.29111111,74.74583333,0.018681555
18.29111111,74.80277778,0.031473358
18.29111111,74.94611111,0.025307525
18.29111111,74.96888889,0.034878371
18.29111111,75.06972222,0.023804411
18.29111111,75.66305556,0.040921501
18.29138889,73.85694444,0.021442376
18.29138889,74.36916667,0.014939109
18.29138889,74.44166667,0.023804411
18.29138889,74.59555556,0.032516335
18.29166667,73.68944444,0.018374797
18.29166667,73.85611111,0.079726372
18.29166667,73.86944444,0.030645112
18.29166667,73.87083333,0.015307218
18.29166667,74.40916667,0.018804258
18.29166667,74.42555556,0.01871223
18.29166667,74.42805556,0.026013068
18.29166667,74.47055556,0.011748827
18.29166667,74.48888889,0.012914507
18.29166667,74.55833333,0.018221418
18.29166667,74.62222222,0.012577073
18.29166667,74.64055556,0.019693856
18.29166667,74.95,0.022914813
18.29166667,75.33833333,0.035553238
18.29166667,75.67083333,0.035553238
18.29194444,74.33694444,0.011196662
18.29194444,74.39777778,0.020399399
18.29194444,74.40055556,0.025246173
18.29194444,74.40555556,0.016442222
18.29194444,74.40833333,0.024571306
18.29194444,74.61833333,0.01674898
18.29194444,74.66,0.058866836
18.29194444,74.71138889,0.024847388
18.29194444,74.72111111,0.020859536
18.29194444,74.72166667,0.025276849
18.29194444,74.80638889,0.019632504
18.29194444,74.82166667,0.032056198
18.29194444,74.82833333,0.021319672
18.29222222,74.36694444,0.012853155
18.29222222,74.47,0.019264395
18.29222222,74.56944444,0.023221571
18.29222222,74.59138889,0.014386944
18.29222222,74.64833333,0.019693856
18.29222222,74.83416667,0.025154146
18.29222222,74.8575,0.042823399
18.29222222,74.85861111,0.037301758
18.29222222,74.92,0.050124237
18.29222222,74.96416667,0.020736832
18.29222222,75.26361111,0.041381637
18.29222222,75.3675,0.034326206
18.29222222,75.36833333,0.04107488
18.2925,73.55694444,0.018374797
18.2925,74.36861111,0.025859689
18.2925,74.42444444,0.024786036
18.2925,74.42916667,0.023620356
18.2925,74.75527778,0.017638578
18.2925,74.82916667,0.017209117
18.2925,74.83861111,0.046504494
18.29277778,74.36888889,0.013712077
18.29277778,74.40888889,0.009785576
18.29277778,74.43888889,0.027792264
18.29277778,74.44138889,0.021779809
18.29277778,74.58305556,0.018068039
18.29277778,74.59527778,0.023681708
18.29277778,74.63694444,0.024571306
18.29277778,75.66416667,0.044142458
18.29305556,73.87222222,0.018374797
18.29305556,74.33416667,0.019448449
18.29305556,74.335,0.018957637
18.29305556,74.41083333,0.013221264
18.29305556,74.41194444,0.016442222
18.29305556,74.42194444,0.018374797
18.29305556,74.5025,0.021012915
18.29305556,74.64777778,0.021012915
18.29305556,74.64805556,0.025154146
18.29305556,74.65944444,0.017791957
18.29305556,74.66694444,0.019111016
18.29305556,74.77472222,0.021319672
18.29305556,75.67111111,0.037393785
18.29333333,73.71,0.018374797
18.29333333,73.725,0.00917206
18.29333333,74.37666667,0.013374643
18.29333333,74.40944444,0.018957637
18.29333333,74.41194444,0.0097549
18.29333333,74.53027778,0.042363263
18.29333333,74.57333333,0.027332127
18.29333333,74.64833333,0.014233565
18.29333333,74.72388889,0.016012761
18.29333333,74.82333333,0.033988773
18.29333333,74.84666667,0.018068039
18.29333333,75.00527778,0.029264701
18.29361111,74.34305556,0.013466671
18.29361111,74.36166667,0.019417774
18.29361111,74.36555556,0.017945336
18.29361111,74.40583333,0.013712077
18.29361111,74.42527778,0.019233719
18.29361111,74.43388889,0.021473051
18.29361111,74.4425,0.025736986
18.29361111,74.99,0.021473051
18.29361111,75.05472222,0.019693856
18.29388889,73.605,0.012239639
18.29388889,73.67277778,0.024509954
18.29388889,74.33666667,0.023344274
18.29388889,74.36166667,0.020399399
18.29388889,74.4125,0.013466671
18.29388889,74.42472222,0.024724685
18.29388889,74.44138889,0.024847388
18.29388889,74.44222222,0.025399552
18.29388889,74.55222222,0.027516181
18.29388889,74.7225,0.02512347
18.29388889,74.76833333,0.054725605
18.29388889,74.79833333,0.025000767
18.29416667,73.80444444,0.021442376
18.29416667,74.34444444,0.019049664
18.29416667,74.36722222,0.010184361
18.29416667,74.41277778,0.018006687
18.29416667,74.41333333,0.013466671
18.29416667,74.41638889,0.011534096
18.29416667,74.43111111,0.021779809
18.29416667,74.48694444,0.014816405
18.29416667,74.6175,0.021749133
18.29416667,74.65361111,0.030553084
18.29416667,74.68833333,0.025307525
18.29416667,75.66972222,0.040921501
18.29444444,74.34388889,0.013466671
18.29444444,74.36888889,0.015920734
18.29444444,74.44333333,0.024724685
18.29444444,74.48611111,0.014816405
18.29444444,74.61694444,0.051351268
18.29444444,74.62361111,0.028375104
18.29444444,74.68916667,0.036197429
18.29444444,74.70416667,0.027945643
18.29444444,74.73472222,0.018068039
18.29472222,73.49694444,0.027577533
18.29472222,74.3375,0.013466671
18.29472222,74.42611111,0.019356422
18.29472222,74.4375,0.024724685
18.29472222,74.50472222,0.023221571
18.29472222,74.54138889,0.030737139
18.29472222,74.61972222,0.059725758
18.29472222,74.76416667,0.017025062
18.29472222,74.93583333,0.018068039
18.29472222,75.58166667,0.025583607
18.29472222,75.6425,0.037853922
18.295,73.71111111,0.027577533
18.295,74.41333333,0.024141845
18.295,74.41638889,0.015153839
18.295,74.42694444,0.025399552
18.295,74.43777778,0.019264395
18.295,74.51111111,0.016258167
18.295,74.65472222,0.02512347
18.295,74.66444444,0.028375104
18.295,74.66694444,0.022362649
18.295,74.78333333,0.044142458
18.295,74.92138889,0.019724531
18.29527778,73.71222222,0.021442376
18.29527778,74.3,0.029019295
18.29527778,74.30055556,0.0155833
18.29527778,74.36916667,0.019111016
18.29527778,74.37166667,0.024847388
18.29527778,74.40583333,0.013466671
18.29527778,74.41666667,0.009785576
18.29527778,74.41722222,0.016564925
18.29527778,74.4275,0.023835087
18.29527778,74.44416667,0.021779809
18.29527778,74.6725,0.015429921
18.29527778,74.6775,0.04886653
18.29527778,74.80888889,0.045308138
18.29527778,75.04305556,0.031013221
18.29555556,73.5825,0.045983006
18.29555556,74.37,0.02257738
18.29555556,74.41666667,0.018988313
18.29555556,74.41861111,0.01674898
18.29555556,74.45944444,0.018804258
18.29555556,74.46361111,0.019693856
18.29555556,74.68111111,0.014540323
18.29555556,74.99194444,0.01616614
18.29555556,76.36694444,0.019264395
18.29583333,73.67416667,0.015307218
18.29583333,74.33666667,0.015276542
18.29583333,74.345,0.017423847
18.29583333,74.38388889,0.025460904
18.29583333,74.40583333,0.018957637
18.29583333,74.40944444,0.013804104
18.29583333,74.41361111,0.013712077
18.29583333,74.41805556,0.013466671
18.29583333,74.43888889,0.021779809
18.29583333,74.6225,0.048406393
18.29583333,74.7225,0.019969938
18.29583333,74.73472222,0.021012915
18.29611111,73.59583333,0.018374797
18.29611111,74.3125,0.015675327
18.29611111,74.31444444,0.018804258
18.29611111,74.36333333,0.013466671
18.29611111,74.37166667,0.015890058
18.29611111,74.41861111,0.020614129
18.29611111,74.48222222,0.014233565
18.29611111,74.52888889,0.01791466
18.29611111,74.60166667,0.014110862
18.29611111,75.35305556,0.044755974
18.29611111,75.36,0.034326206
18.29638889,73.71277778,0.021442376
18.29638889,74.34527778,0.01325194
18.29638889,74.37944444,0.024387251
18.29638889,74.40222222,0.013466671
18.29638889,74.41972222,0.009785576
18.29638889,74.42583333,0.015644652
18.29638889,74.48333333,0.01187153
18.29638889,74.72194444,0.018374797
18.29638889,74.72527778,0.022914813
18.29638889,75.29138889,0.054878984
18.29666667,73.65416667,0.039847848
18.29666667,74.33666667,0.009785576
18.29666667,74.37194444,0.013466671
18.29666667,74.40361111,0.025399552
18.29666667,74.57361111,0.025062118
18.29666667,74.63888889,0.019847235
18.29666667,74.99083333,0.024847388
18.29666667,75.15444444,0.037884598
18.29666667,75.16166667,0.019509801
18.29694444,73.77083333,0.085861529
18.29694444,74.37222222,0.009785576
18.29694444,74.3875,0.014939109
18.29694444,74.40055556,0.023681708
18.29694444,74.68083333,0.023528329
18.29694444,74.71444444,0.013957483
18.29694444,74.72361111,0.02337495
18.29694444,75.35305556,0.032792417
18.29722222,73.72666667,0.030645112
18.29722222,73.7725,0.082793951
18.29722222,74.3875,0.013466671
18.29722222,74.405,0.016258167
18.29722222,74.44333333,0.02199454
18.29722222,74.51722222,0.01012301
18.29722222,74.57138889,0.015859382
18.29722222,74.58388889,0.041933802
18.29722222,74.58527778,0.03662689
18.29722222,74.66111111,0.006871376
18.29722222,74.71194444,0.019540477
18.29722222,74.75194444,0.027638885
18.29722222,74.75972222,0.045032056
18.29722222,75.67138889,0.043222185
18.29722222,75.67194444,0.034172827
18.2975,73.65527778,0.015307218
18.2975,73.77222222,0.018374797
18.2975,74.29555556,0.020307371
18.2975,74.405,0.012914507
18.2975,74.43472222,0.024878064
18.2975,74.6425,0.013466671
18.2975,74.69805556,0.031043897
18.2975,74.73277778,0.019111016
18.2975,75.10583333,0.018742906
18.29777778,73.63583333,0.036780269
18.29777778,74.33666667,0.013159913
18.29777778,74.37638889,0.009785576
18.29777778,74.41111111,0.018988313
18.29777778,74.42777778,0.014755054
18.29777778,74.43944444,0.026013068
18.29777778,74.445,0.024847388
18.29777778,74.44611111,0.024601982
18.29777778,74.66777778,0.019693856
18.29777778,74.74138889,0.019540477
18.29777778,74.89888889,0.023804411
18.29777778,75.27027778,0.057333047
18.29777778,75.33333333,0.045062732
18.29805556,73.655,0.012239639
18.29805556,73.77166667,0.012239639
18.29805556,74.34861111,0.013466671
18.29805556,74.36055556,0.013159913
18.29805556,74.37583333,0.013528022
18.29805556,74.40888889,0.018988313
18.29805556,74.40916667,0.013712077
18.29805556,74.70583333,0.018804258
18.29805556,75.02027778,0.032516335
18.29805556,75.46444444,0.013681401
18.29833333,73.72666667,0.021442376
18.29833333,74.3375,0.025859689
18.29833333,74.33833333,0.022454677
18.29833333,74.35888889,0.019325746
18.29833333,74.39138889,0.009785576
18.29833333,74.39277778,0.015613976
18.29833333,74.5225,0.025430228
18.29833333,74.66694444,0.032056198
18.29833333,74.76083333,0.026779963
18.29833333,74.84638889,0.059173594
18.29833333,74.92,0.033528636
18.29833333,74.94777778,0.027056045
18.29861111,74.37638889,0.009816252
18.29861111,74.41194444,0.01929507
18.29861111,74.43027778,0.012577073
18.29861111,74.6625,0.032516335
18.29861111,74.72805556,0.01791466
18.29861111,74.72833333,0.065922268
18.29861111,75.42861111,0.013589374
18.29888889,73.77166667,0.098131845
18.29888889,74.35972222,0.015337894
18.29888889,74.38222222,0.017945336
18.29888889,74.44194444,0.024509954
18.29888889,74.47611111,0.00954017
18.29888889,74.57611111,0.020706157
18.29888889,74.58472222,0.039142305
18.29888889,74.59694444,0.031319979
18.29888889,74.68444444,0.034264855
18.29888889,75.18416667,0.039050278
18.29916667,74.34666667,0.016258167
18.29916667,74.34972222,0.014141538
18.29916667,74.35166667,0.014172214
18.29916667,74.35444444,0.013343968
18.29916667,74.37638889,0.221755269
18.29916667,74.38166667,0.013466671
18.29916667,74.40722222,0.021074266
18.29916667,74.50444444,0.025890365
18.29916667,74.68555556,0.018650879
18.29916667,75.14111111,0.023804411
18.29916667,75.16083333,0.041320286
18.29944444,74.405,0.022025215
18.29944444,74.4125,0.022055891
18.29944444,74.44583333,0.014386944
18.29944444,74.62916667,0.046627197
18.29944444,74.68916667,0.013712077
18.29944444,74.87583333,0.019693856
18.29972222,74.38972222,0.019417774
18.29972222,74.4025,0.026013068
18.29972222,74.41111111,0.025859689
18.29972222,74.41222222,0.014693702
18.29972222,74.4175,0.013129237
18.29972222,74.42805556,0.030982545
18.29972222,74.50833333,0.022914813
18.29972222,74.65666667,0.017638578
18.29972222,74.685,0.311880733
18.29972222,74.72861111,0.013957483
18.29972222,74.95416667,0.018528176
18.29972222,74.97888889,0.024571306
18.29972222,75.18333333,0.020583453
18.3,73.63805556,0.027577533
18.3,73.86666667,0.027577533
18.3,73.86694444,0.085861529
18.3,73.87222222,0.036780269
18.3,73.875,0.018374797
18.3,74.36777778,0.013466671
18.3,74.39222222,0.014601675
18.3,74.39416667,0.015920734
18.3,74.39527778,0.026994693
18.3,74.4025,0.011319366
18.3,75.13111111,0.02454063
18.3,75.26666667,0.032148225
18.3,75.34166667,0.036780269
18.30027778,73.77083333,0.027577533
18.30027778,73.86805556,0.055185742
18.30027778,74.36777778,0.019509801
18.30027778,74.38888889,0.009785576
18.30027778,74.40305556,0.009785576
18.30027778,74.60361111,0.018957637
18.30027778,74.63083333,0.045308138
18.30027778,74.72972222,0.01733182
18.30027778,74.80555556,0.033252554
18.30027778,74.90472222,0.029724838
18.30027778,75.28833333,0.057486426
18.30055556,73.87638889,0.027577533
18.30055556,74.30166667,0.018681555
18.30055556,74.40861111,0.018006687
18.30055556,74.52111111,0.026779963
18.30055556,74.77333333,0.025736986
18.30055556,74.96527778,0.014264241
18.30055556,75.31861111,0.053345195
18.30055556,75.64861111,0.035553238
18.30055556,75.66055556,0.041688395
18.30055556,75.67194444,0.040307985
18.30083333,73.63805556,0.024509954
18.30083333,74.36694444,0.020522102
18.30083333,74.40916667,0.013926808
18.30083333,74.41333333,0.010184361
18.30083333,74.41527778,0.022025215
18.30083333,74.43777778,0.009938955
18.30083333,74.46638889,0.023835087
18.30083333,74.59583333,0.059879137
18.30083333,74.63666667,0.017209117
18.30083333,74.66777778,0.022178594
18.30083333,74.77416667,0.015552624
18.30083333,75.30527778,0.031718764
18.30083333,75.31944444,0.045062732
18.30083333,75.31972222,0.052885058
18.30083333,75.63972222,0.043528943
18.30083333,76.12527778,0.024939415
18.30111111,73.63805556,0.018374797
18.30111111,74.33888889,0.01616614
18.30111111,74.37888889,0.01362005
18.30111111,74.40583333,0.019939262
18.30111111,74.40944444,0.013466671
18.30111111,74.41277778,0.015644652
18.30111111,74.41472222,0.019387098
18.30111111,74.5575,0.019693856
18.30111111,74.59861111,0.028988619
18.30111111,74.99861111,0.023835087
18.30111111,75.12222222,0.027853615
18.30111111,75.48388889,0.046596521
18.30111111,75.6725,0.043528943
18.30138889,73.87361111,0.061320899
18.30138889,74.33361111,0.011319366
18.30138889,74.40305556,0.025184822
18.30138889,74.41,0.013926808
18.30138889,74.41611111,0.013558698
18.30138889,74.41888889,0.012546397
18.30138889,74.70111111,0.020736832
18.30138889,74.70527778,0.015736679
18.30138889,74.75416667,0.042976778
18.30138889,74.8025,0.019847235
18.30138889,75.01777778,0.028988619
18.30138889,75.04555556,0.01966318
18.30138889,75.67,0.050124237
18.30138889,75.67722222,0.037853922
18.30166667,74.37583333,0.018957637
18.30166667,74.37722222,0.016656953
18.30166667,74.39111111,0.013466671
18.30166667,74.39555556,0.010736526
18.30166667,74.40583333,0.013466671
18.30166667,74.44361111,0.029571459
18.30166667,74.61222222,0.038406086
18.30166667,74.61361111,0.041197583
18.30166667,74.62694444,0.009785576
18.30166667,74.71583333,0.029571459
18.30166667,75.05694444,0.023804411
18.30166667,75.31916667,0.047823553
18.30194444,73.63805556,0.018374797
18.30194444,73.89222222,0.018374797
18.30194444,74.37722222,0.019479125
18.30194444,74.37805556,0.013466671
18.30194444,74.37972222,0.010276389
18.30194444,74.39111111,0.018742906
18.30194444,74.41027778,0.010184361
18.30194444,74.41805556,0.015613976
18.30194444,74.41861111,0.014939109
18.30194444,74.41888889,0.006717997
18.30194444,74.61,0.020890211
18.30194444,74.66083333,0.061934415
18.30194444,74.70972222,0.025276849
18.30194444,75.04055556,0.009294764
18.30194444,75.20388889,0.021779809
18.30194444,75.27527778,0.049817479
18.30222222,73.63638889,0.036780269
18.30222222,74.37777778,0.014172214
18.30222222,74.41833333,0.019724531
18.30222222,74.41916667,0.009478818
18.30222222,74.41972222,0.013528022
18.30222222,74.43027778,0.02199454
18.30222222,74.58027778,0.045768275
18.30222222,74.63388889,0.056504801
18.30222222,75.335,0.043528943
18.30222222,76.07583333,0.031657413
18.3025,73.63666667,0.021442376
18.3025,73.74222222,0.082793951
18.3025,73.8725,0.027577533
18.3025,74.37944444,0.013466671
18.3025,74.39222222,0.023589681
18.3025,74.40138889,0.022025215
18.3025,74.40777778,0.019387098
18.3025,74.41472222,0.011012608
18.3025,74.42,0.016319519
18.3025,74.45416667,0.015123163
18.3025,74.65055556,0.027056045
18.3025,74.70527778,0.020430075
18.3025,74.73027778,0.019387098
18.3025,74.74138889,0.042946103
18.3025,75.07416667,0.014969784
18.3025,75.32611111,0.034326206
18.3025,75.42555556,0.031381331
18.30277778,73.68638889,0.024509954
18.30277778,73.74055556,0.039847848
18.30277778,74.3575,0.014939109
18.30277778,74.39111111,0.015920734
18.30277778,74.395,0.020276696
18.30277778,74.40388889,0.020522102
18.30277778,74.48861111,0.014816405
18.30277778,74.5225,0.027792264
18.30277778,74.67972222,0.027209424
18.30277778,74.8375,0.018221418
18.30277778,74.895,0.034326206
18.30305556,73.64027778,0.030645112
18.30305556,74.34944444,0.009785576
18.30305556,74.36944444,0.013374643
18.30305556,74.41,0.015920734
18.30305556,74.45805556,0.018528176
18.30305556,74.595,0.022178594
18.30305556,74.8,0.025736986
18.30305556,75.0325,0.035553238
18.30333333,73.63916667,0.027577533
18.30333333,73.70555556,0.042915427
18.30333333,73.73027778,0.027577533
18.30333333,73.73611111,0.027577533
18.30333333,73.74166667,0.012239639
18.30333333,73.74194444,0.018374797
18.30333333,74.64305556,0.040154606
18.30333333,74.68194444,0.018804258
18.30333333,75.30361111,0.046289763
18.30333333,75.36722222,0.043528943
18.30361111,73.87138889,0.021442376
18.30361111,74.37027778,0.014939109
18.30361111,74.37611111,0.022638731
18.30361111,74.41166667,0.013497347
18.30361111,74.46805556,0.018681555
18.30361111,74.77194444,0.016288843
18.30361111,74.9425,0.025890365
18.30361111,75.28722222,0.053590601
18.30361111,75.29,0.054633578
18.30388889,73.70277778,0.018374797
18.30388889,73.77388889,0.079726372
18.30388889,74.40472222,0.01929507
18.30388889,74.48611111,0.011442069
18.30388889,74.62944444,0.018804258
18.30388889,74.72166667,0.017945336
18.30388889,75.64111111,0.040921501
18.30388889,75.65333333,0.040921501
18.30416667,73.73694444,0.024509954
18.30416667,73.73722222,0.021442376
18.30416667,73.77361111,0.079726372
18.30416667,73.89222222,0.012239639
18.30416667,74.04444444,0.019509801
18.30416667,74.37694444,0.022362649
18.30416667,74.45361111,0.017485199
18.30416667,74.8125,0.044142458
18.30416667,75.35555556,0.049050584
18.30444444,74.27888889,0.02395779
18.30444444,74.36583333,0.016595601
18.30444444,74.37861111,0.015890058
18.30444444,74.47777778,0.013067886
18.30444444,74.49166667,0.014233565
18.30444444,74.63111111,0.021902512
18.30444444,75.08861111,0.025399552
18.30444444,75.11805556,0.022424001
18.30444444,75.27694444,0.055799258
18.30444444,75.93055556,0.019387098
18.30472222,73.73888889,0.039847848
18.30472222,73.87194444,0.030645112
18.30472222,74.36388889,0.01500046
18.30472222,74.41805556,0.013006534
18.30472222,74.54083333,0.022945489
18.30472222,74.62666667,0.017025062
18.30472222,74.70222222,0.021166293
18.30472222,74.95388889,0.020153992
18.30472222,75.29,0.035859996
18.30472222,75.63805556,0.035062425
18.305,73.73861111,0.104267002
18.305,73.7725,0.091996687
18.305,73.87444444,0.049050584
18.305,74.37861111,0.022055891
18.305,74.37944444,0.011319366
18.305,74.39694444,0.014877757
18.305,74.40555556,0.024847388
18.305,74.42194444,0.017791957
18.305,74.49333333,0.017761281
18.305,74.6925,0.034540937
18.305,75.00861111,0.014847081
18.305,75.31472222,0.037853922
18.305,75.65722222,0.037393785
18.305,75.66055556,0.037393785
18.30527778,73.7725,0.030645112
18.30527778,73.86722222,0.061320899
18.30527778,74.40138889,0.019387098
18.30527778,74.41694444,0.021104942
18.30527778,74.42083333,0.018957637
18.30527778,74.5925,0.012822479
18.30527778,74.61111111,0.02395779
18.30527778,74.66111111,0.022914813
18.30527778,74.75111111,0.072272156
18.30527778,74.75305556,0.012761128
18.30527778,74.83361111,0.013067886
18.30527778,74.87972222,0.052087487
18.30527778,74.94638889,0.029264701
18.30527778,74.99527778,0.024847388
18.30527778,75.04888889,0.037332434
18.30527778,75.29638889,0.031013221
18.30527778,75.33361111,0.042915427
18.30527778,75.35138889,0.043528943
18.30527778,75.65611111,0.049510721
18.30555556,74.33972222,0.013313292
18.30555556,74.35916667,0.018006687
18.30555556,74.36638889,0.013466671
18.30555556,74.36805556,0.011718151
18.30555556,74.375,0.012607749
18.30555556,74.37666667,0.010368416
18.30555556,74.3775,0.009785576
18.30555556,74.38111111,0.016288843
18.30555556,74.39666667,0.016227492
18.30555556,74.69694444,0.035154453
18.30555556,74.81333333,0.044878677
18.30555556,74.85194444,0.020000614
18.30555556,74.89166667,0.0282524
18.30555556,75.30166667,0.055799258
18.30555556,75.31583333,0.031197276
18.30583333,73.74166667,0.027577533
18.30583333,73.88888889,0.021442376
18.30583333,74.36194444,0.013221264
18.30583333,74.36416667,0.019111016
18.30583333,74.36638889,0.013466671
18.30583333,74.4,0.009785576
18.30583333,74.40666667,0.025184822
18.30583333,74.41805556,0.025614283
18.30583333,74.61305556,0.031626737
18.30583333,74.64472222,0.047210037
18.30583333,74.7125,0.040154606
18.30583333,74.75416667,0.020276696
18.30583333,75.28694444,0.025890365
18.30583333,75.30166667,0.045829627
18.30583333,75.31083333,0.024448603
18.30611111,74.35916667,0.018988313
18.30611111,74.36083333,0.025859689
18.30611111,74.36583333,0.01733182
18.30611111,74.40111111,0.010429768
18.30611111,74.42166667,0.014663026
18.30611111,74.47583333,0.025092794
18.30611111,74.705,0.021902512
18.30611111,74.88666667,0.049510721
18.30611111,75.31027778,0.054572226
18.30611111,75.6475,0.035553238
18.30611111,75.65027778,0.035553238
18.30638889,73.87111111,0.024509954
18.30638889,74.32916667,0.010276389
18.30638889,74.35972222,0.016779656
18.30638889,74.36055556,0.013466671
18.30638889,74.36583333,0.011319366
18.30638889,74.36611111,0.013528022
18.30638889,74.36638889,0.009846928
18.30638889,74.4975,0.020430075
18.30638889,74.56666667,0.018374797
18.30638889,74.87111111,0.027945643
18.30638889,74.91666667,0.044755974
18.30638889,74.96611111,0.00407988
18.30638889,75.34,0.050584374
18.30638889,75.65166667,0.037393785
18.30666667,74.36194444,0.024479279
18.30666667,74.36611111,0.013466671
18.30666667,74.37972222,0.025829013
18.30666667,74.39027778,0.013466671
18.30666667,74.42083333,0.029694162
18.30666667,74.60805556,0.026626584
18.30666667,74.74694444,0.025644958
18.30666667,75.66916667,0.043375564
18.30694444,73.54527778,0.024509954
18.30694444,73.74027778,0.061320899
18.30694444,73.88527778,0.012239639
18.30694444,73.90083333,0.030645112
18.30694444,74.30416667,0.018620203
18.30694444,74.30833333,0.027209424
18.30694444,74.35333333,0.014939109
18.30694444,74.36638889,0.009785576
18.30694444,74.37527778,0.013313292
18.30694444,74.37666667,0.019448449
18.30694444,74.38972222,0.016656953
18.30694444,74.54916667,0.021473051
18.30694444,74.57777778,0.012024909
18.30694444,74.64777778,0.057670481
18.30694444,74.79944444,0.059020215
18.30694444,74.81416667,0.027945643
18.30694444,74.88638889,0.035553238
18.30694444,75.27055556,0.057179668
18.30694444,75.33944444,0.035859996
18.30694444,75.64055556,0.041197583
18.30694444,75.675,0.035553238
18.30722222,74.42416667,0.018742906
18.30722222,74.48361111,0.013067886
18.30722222,74.5425,0.046351115
18.30722222,74.56416667,0.017055738
18.30722222,74.82694444,0.021902512
18.30722222,75.29388889,0.0438357
18.30722222,75.29777778,0.057333047
18.30722222,75.37166667,0.024939415
18.30722222,75.65722222,0.044142458
18.3075,73.54722222,0.039847848
18.3075,73.88583333,0.024509954
18.3075,74.36194444,0.019356422
18.3075,74.36666667,0.016656953
18.3075,74.37527778,0.012791803
18.3075,74.39694444,0.018988313
18.3075,74.51138889,0.019847235
18.3075,74.65,0.013067886
18.3075,74.75555556,0.021871837
18.3075,74.89444444,0.031197276
18.3075,75.44527778,0.015798031
18.30777778,73.86777778,0.012239639
18.30777778,74.36333333,0.015920734
18.30777778,74.39861111,0.020736832
18.30777778,74.41361111,0.020859536
18.30777778,74.41694444,0.031074573
18.30777778,74.41805556,0.032209577
18.30777778,74.57777778,0.018068039
18.30777778,74.66361111,0.048406393
18.30777778,74.73444444,0.023098868
18.30777778,74.89722222,0.034326206
18.30777778,75.32638889,0.041381637
18.30777778,75.34111111,0.038007301
18.30777778,75.65388889,0.034172827
18.30805556,73.88416667,0.024509954
18.30805556,74.35972222,0.013466671
18.30805556,74.36055556,0.011442069
18.30805556,74.38222222,0.069296604
18.30805556,74.40722222,0.031258628
18.30805556,74.41305556,0.023804411
18.30805556,74.41361111,0.01653425
18.30805556,74.67027778,0.029111322
18.30805556,74.70361111,0.024694009
18.30805556,74.77611111,0.03000092
18.30805556,74.81611111,0.033375257
18.30805556,75.35138889,0.049050584
18.30805556,75.35694444,0.047210037
18.30805556,75.65444444,0.043528943
18.30805556,75.66027778,0.040921501
18.30833333,73.54722222,0.021442376
18.30833333,73.74333333,0.018374797
18.30833333,73.85833333,0.061320899
18.30833333,73.87083333,0.024509954
18.30833333,73.87555556,0.021442376
18.30833333,73.88333333,0.076658793
18.30833333,74.35388889,0.019509801
18.30833333,74.35944444,0.009785576
18.30833333,74.3625,0.024939415
18.30833333,74.37527778,0.019509801
18.30833333,74.37583333,0.018742906
18.30833333,74.395,0.015920734
18.30833333,74.4225,0.012853155
18.30833333,74.60388889,0.024694009
18.30833333,74.65861111,0.031473358
18.30833333,74.89694444,0.013067886
18.30833333,75.04083333,0.012577073
18.30833333,75.35138889,0.050584374
18.30861111,74.34638889,0.01733182
18.30861111,74.37972222,0.013466671
18.30861111,74.39666667,0.013466671
18.30861111,74.39694444,0.025522255
18.30861111,74.74388889,0.014233565
18.30861111,74.81666667,0.041933802
18.30861111,75.30777778,0.050277616
18.30861111,75.31388889,0.044449216
18.30888889,73.48833333,0.021442376
18.30888889,73.86916667,0.098131845
18.30888889,74.35833333,0.02512347
18.30888889,74.39694444,0.009785576
18.30888889,74.62361111,0.033988773
18.30888889,74.66027778,0.036902972
18.30888889,74.75916667,0.031626737
18.30888889,74.76805556,0.023528329
18.30888889,75.33888889,0.038620817
18.30916667,73.71166667,0.015307218
18.30916667,74.52666667,0.013067886
18.30916667,74.59805556,0.016288843
18.30916667,74.62166667,0.029540783
18.30916667,74.62555556,0.054572226
18.30916667,75.2825,0.0554925
18.30916667,75.6525,0.0525783
18.30944444,73.74333333,0.012239639
18.30944444,74.29833333,0.025307525
18.30944444,74.52777778,0.011595448
18.30944444,74.67444444,0.013650725
18.30944444,74.78388889,0.014386944
18.30944444,74.87555556,0.025154146
18.30944444,76.09694444,0.020430075
18.30972222,73.88361111,0.012239639
18.30972222,74.3975,0.01653425
18.30972222,74.41027778,0.012791803
18.30972222,74.60027778,0.019847235
18.30972222,74.65277778,0.020430075
18.30972222,74.69027778,0.05898954
18.30972222,74.72416667,0.043252861
18.30972222,74.79777778,0.020859536
18.30972222,74.82694444,0.022055891
18.30972222,74.83083333,0.012914507
18.30972222,74.97888889,0.02883524
18.30972222,75.27111111,0.031013221
18.30972222,75.28305556,0.022362649
18.30972222,75.30805556,0.037087027
18.30972222,75.64166667,0.043528943
18.31,74.01166667,0.098131845
18.31,74.41666667,0.01733182
18.31,74.53416667,0.016902359
18.31,74.54416667,0.021473051
18.31,74.62583333,0.026319826
18.31027778,74.33694444,0.019049664
18.31027778,74.34277778,0.019111016
18.31027778,74.35444444,0.022055891
18.31027778,74.36083333,0.01987791
18.31027778,74.38,0.009785576
18.31027778,74.38555556,0.026534556
18.31027778,74.40361111,0.028528482
18.31027778,74.40777778,0.023865763
18.31027778,74.50833333,0.022822786
18.31027778,74.55222222,0.013466671
18.31027778,74.67555556,0.019847235
18.31027778,74.68972222,0.030154299
18.31027778,74.71555556,0.010859229
18.31027778,74.79833333,0.015429921
18.31027778,75.23472222,0.026473205
18.31027778,75.30111111,0.05978711
18.31027778,75.65111111,0.037393785
18.31027778,75.66805556,0.04187245
18.31055556,73.745,0.030645112
18.31055556,74.33666667,0.022669407
18.31055556,74.35666667,0.022025215
18.31055556,74.35916667,0.022025215
18.31055556,74.35972222,0.01653425
18.31055556,74.36,0.013466671
18.31055556,74.36111111,0.016227492
18.31055556,74.37611111,0.025522255
18.31055556,74.40611111,0.010399092
18.31055556,74.42916667,0.025399552
18.31055556,74.60777778,0.017638578
18.31055556,74.82861111,0.024417927
18.31055556,75.265,0.030031596
18.31055556,75.30027778,0.049357342
18.31055556,75.32388889,0.034939722
18.31055556,75.65111111,0.0496641
18.31055556,75.65527778,0.013466671
18.31083333,74.35555556,0.013558698
18.31083333,74.64305556,0.025154146
18.31083333,74.74861111,0.017178441
18.31083333,74.81805556,0.048559772
18.31083333,74.92527778,0.035890671
18.31083333,75.13027778,0.019571152
18.31083333,75.32416667,0.029878217
18.31083333,75.65666667,0.035553238
18.31083333,75.65777778,0.040921501
18.31083333,75.65888889,0.047516795
18.31083333,75.67055556,0.0496641
18.31111111,73.5475,0.024509954
18.31111111,73.75333333,0.027577533
18.31111111,73.75444444,0.024509954
18.31111111,73.75555556,0.039847848
18.31111111,74.35194444,0.019601828
18.31111111,74.35666667,0.018344121
18.31111111,74.35944444,0.016656953
18.31111111,74.375,0.014663026
18.31111111,74.37888889,0.013435995
18.31111111,74.37916667,0.013466671
18.31111111,74.37944444,0.011350041
18.31111111,74.38055556,0.02316022
18.31111111,74.38888889,0.013466671
18.31111111,74.40444444,0.009785576
18.31111111,74.58333333,0.01070585
18.31111111,74.66444444,0.018804258
18.31111111,74.85694444,0.03095187
18.31138889,74.33638889,0.014939109
18.31138889,74.35638889,0.01012301
18.31138889,74.36083333,0.013712077
18.31138889,74.36138889,0.015613976
18.31138889,74.3825,0.013528022
18.31138889,74.41777778,0.02279211
18.31138889,74.55805556,0.02162643
18.31138889,74.69555556,0.041627044
18.31138889,74.76027778,0.041933802
18.31166667,73.75194444,0.027577533
18.31166667,74.36166667,0.0097549
18.31166667,74.38222222,0.01733182
18.31166667,74.39555556,0.024141845
18.31166667,74.39777778,0.013466671
18.31166667,74.67472222,0.029264701
18.31166667,74.71361111,0.047976932
18.31194444,73.77166667,0.015307218
18.31194444,74.35722222,0.013466671
18.31194444,74.36222222,0.024847388
18.31194444,74.44944444,0.011595448
18.31194444,74.54083333,0.020000614
18.31194444,74.74916667,0.024571306
18.31194444,74.81944444,0.0584067
18.31194444,75.15333333,0.025767662
18.31222222,73.54611111,0.021442376
18.31222222,74.36694444,0.010859229
18.31222222,74.3825,0.01383478
18.31222222,74.40555556,0.009785576
18.31222222,74.73416667,0.051351268
18.31222222,74.89666667,0.029540783
18.31222222,74.97527778,0.029540783
18.31222222,75.2975,0.034571613
18.31222222,75.31722222,0.043528943
18.3125,74.28111111,0.02395779
18.3125,74.3575,0.02082886
18.3125,74.35916667,0.013466671
18.3125,74.36111111,0.018742906
18.3125,74.36166667,0.021779809
18.3125,74.37861111,0.009785576
18.3125,74.39194444,0.022362649
18.3125,74.41055556,0.009785576
18.3125,74.41694444,0.031074573
18.3125,74.4175,0.019571152
18.3125,74.42194444,0.025736986
18.3125,74.42361111,0.019233719
18.3125,74.43194444,0.030921194
18.3125,74.72333333,0.021319672
18.3125,74.77722222,0.024387251
18.3125,75.30361111,0.0496641
18.3125,75.31527778,0.045983006
18.31277778,73.7725,0.021442376
18.31277778,74.94361111,0.025583607
18.31277778,74.95472222,0.022485352
18.31305556,73.7725,0.021442376
18.31305556,74.35638889,0.022362649
18.31305556,74.37305556,0.017239793
18.31305556,74.41833333,0.037608516
18.31305556,74.42972222,0.013374643
18.31305556,74.55888889,0.023804411
18.31305556,74.55972222,0.021749133
18.31305556,75.64111111,0.035553238
18.31333333,74.355,0.013497347
18.31333333,74.35638889,0.034326206
18.31333333,74.37666667,0.018957637
18.31333333,74.38305556,0.01616614
18.31333333,74.43805556,0.022516028
18.31333333,74.85388889,0.020736832
18.31361111,73.77083333,0.024509954
18.31361111,73.89444444,0.015307218
18.31361111,74.33638889,0.019387098
18.31361111,74.35944444,0.024203196
18.31361111,74.37611111,0.013712077
18.31361111,74.38361111,0.01325194
18.31361111,74.3875,0.018804258
18.31361111,74.4025,0.01987791
18.31361111,74.63388889,0.026043744
18.31361111,74.75722222,0.039418387
18.31361111,74.76027778,0.018068039
18.31361111,74.92333333,0.039571766
18.31388889,73.74833333,0.030645112
18.31388889,73.89472222,0.015307218
18.31388889,74.35055556,0.013466671
18.31388889,74.36333333,0.013466671
18.31388889,74.36527778,0.013466671
18.31388889,74.37277778,0.016810332
18.31388889,74.37305556,0.013466671
18.31388889,74.37472222,0.023927114
18.31388889,74.375,0.022454677
18.31388889,74.37861111,0.019601828
18.31388889,74.38361111,0.01908034
18.31388889,74.42416667,0.010675174
18.31388889,74.60083333,0.02279211
18.31388889,74.63277778,0.019969938
18.31388889,74.90888889,0.032516335
18.31388889,74.91777778,0.016595601
18.31416667,73.74861111,0.018374797
18.31416667,74.36472222,0.013466671
18.31416667,74.38138889,0.015920734
18.31416667,74.41805556,0.014264241
18.31416667,74.42722222,0.019816559
18.31416667,74.43222222,0.026319826
18.31416667,74.56916667,0.038682168
18.31416667,74.58027778,0.015061812
18.31416667,74.94944444,0.032056198
18.31444444,74.36111111,0.01478573
18.31444444,74.38166667,0.013466671
18.31444444,74.43277778,0.014693702
18.31444444,74.57,0.01791466
18.31444444,74.77527778,0.02512347
18.31472222,74.365,0.017209117
18.31472222,74.37861111,0.013466671
18.31472222,74.38083333,0.00837449
18.31472222,74.38333333,0.018006687
18.31472222,74.40083333,0.018221418
18.31472222,74.41777778,0.029234026
18.31472222,74.57944444,0.024172521
18.31472222,74.58666667,0.019847235
18.31472222,74.87972222,0.035614589
18.31472222,75.27388889,0.054112089
18.31472222,75.29277778,0.041381637
18.31472222,75.29361111,0.030184975
18.31472222,75.65555556,0.038620817
18.315,73.71388889,0.021442376
18.315,73.71444444,0.012239639
18.315,73.73666667,0.045983006
18.315,74.355,0.016258167
18.315,74.37805556,0.015644652
18.315,74.38333333,0.009785576
18.315,74.3875,0.013466671
18.315,74.39138889,0.013558698
18.315,74.42222222,0.013865456
18.315,74.62583333,0.030277002
18.31527778,74.30305556,0.016472898
18.31527778,74.36555556,0.020736832
18.31527778,74.62055556,0.021012915
18.31527778,74.64305556,0.022178594
18.31527778,74.66083333,0.038406086
18.31527778,74.90111111,0.055615203
18.31555556,73.77305556,0.027577533
18.31555556,73.77333333,0.021442376
18.31555556,74.36555556,0.014264241
18.31555556,74.37916667,0.016656953
18.31555556,74.41,0.013466671
18.31555556,74.41861111,0.019540477
18.31555556,74.42,0.021503727
18.31555556,74.56083333,0.01500046
18.31555556,74.56138889,0.019417774
18.31555556,74.57111111,0.039725145
18.31555556,74.58055556,0.043130157
18.31555556,74.6825,0.014386944
18.31555556,75.64222222,0.043528943
18.31583333,73.77055556,0.015307218
18.31583333,73.77111111,0.012239639
18.31583333,74.36611111,0.02257738
18.31583333,74.38777778,0.022025215
18.31583333,74.38888889,0.007024755
18.31583333,74.40722222,0.021074266
18.31583333,74.43388889,0.014540323
18.31583333,74.44611111,0.036350808
18.31583333,74.54333333,0.023651032
18.31583333,74.57694444,0.020276696
18.31583333,74.58055556,0.030982545
18.31583333,74.62666667,0.02279211
18.31583333,74.7175,0.03604405
18.31611111,73.77055556,0.049050584
18.31611111,74.36527778,0.019325746
18.31611111,74.36638889,0.013466671
18.31611111,74.38,0.025522255
18.31611111,74.58111111,0.028467131
18.31611111,74.65472222,0.029694162
18.31611111,74.91694444,0.023681708
18.31611111,75.0075,0.023681708
18.31611111,75.30333333,0.02766956
18.31638889,74.35972222,0.019724531
18.31638889,74.37972222,0.015890058
18.31638889,74.38277778,0.015920734
18.31638889,74.38777778,0.019479125
18.31638889,74.43,0.017178441
18.31638889,74.51166667,0.050461671
18.31638889,74.56805556,0.030614436
18.31638889,74.5775,0.022331973
18.31638889,74.65944444,0.038682168
18.31638889,74.89833333,0.027209424
18.31666667,73.88333333,0.036780269
18.31666667,73.88666667,0.079726372
18.31666667,74.345,0.013466671
18.31666667,74.35027778,0.013435995
18.31666667,74.35361111,0.013589374
18.31666667,74.375,0.017239793
18.31666667,74.41888889,0.019264395
18.31666667,74.48055556,0.01012301
18.31666667,74.53611111,0.010276389
18.31666667,74.57333333,0.017485199
18.31666667,74.58333333,0.013343968
18.31666667,74.66361111,0.021012915
18.31666667,74.66611111,0.018650879
18.31666667,74.86,0.055339121
18.31666667,75.65833333,0.043528943
18.31694444,73.88638889,0.015307218
18.31694444,74.38166667,0.016656953
18.31694444,74.42,0.015736679
18.31694444,74.51444444,0.021749133
18.31694444,74.58166667,0.024448603
18.31694444,74.66083333,0.020430075
18.31694444,74.79833333,0.031473358
18.31694444,74.85333333,0.046197736
18.31694444,75.27,0.049510721
18.31694444,75.62388889,0.038620817
18.31722222,74.38805556,0.009785576
18.31722222,74.48138889,0.018926961
18.31722222,74.51861111,0.020430075
18.31722222,74.54472222,0.021749133
18.31722222,74.68583333,0.021012915
18.31722222,74.82194444,0.034264855
18.31722222,74.85527778,0.017301144
18.31722222,74.8975,0.01966318
18.31722222,74.92527778,0.029356729
18.31722222,75.2025,0.022608055
18.31722222,75.28527778,0.050584374
18.3175,74.34083333,0.015429921
18.3175,74.37944444,0.023804411
18.3175,74.40277778,0.019847235
18.3175,74.41888889,0.025246173
18.3175,74.42083333,0.02220927
18.3175,74.56805556,0.02883524
18.3175,74.59833333,0.025430228
18.3175,74.80611111,0.021473051
18.3175,75.64361111,0.041350962
18.31777778,74.31305556,0.029847541
18.31777778,74.52666667,0.020736832
18.31777778,74.55277778,0.015859382
18.31777778,74.65305556,0.034418234
18.31777778,74.7225,0.039725145
18.31777778,75.66027778,0.041044204
18.31805556,73.88555556,0.021442376
18.31805556,73.90027778,0.036780269
18.31805556,74.41805556,0.021288997
18.31805556,74.42388889,0.020644805
18.31805556,74.69027778,0.019847235
18.31805556,75.30222222,0.041688395
18.31805556,75.30388889,0.036780269
18.31833333,73.89222222,0.079726372
18.31833333,74.36888889,0.021074266
18.31833333,74.39111111,0.016043437
18.31833333,74.47888889,0.015890058
18.31833333,74.535,0.033528636
18.31833333,74.6925,0.039295684
18.31833333,74.83972222,0.061075493
18.31833333,75.19416667,0.024172521
18.31833333,75.30111111,0.027822939
18.31833333,75.33305556,0.016380871
18.31833333,75.63833333,0.038620817
18.31833333,75.64305556,0.040645419
18.31861111,74.35666667,0.024509954
18.31861111,74.38444444,0.013466671
18.31861111,74.44833333,0.031043897
18.31861111,74.70833333,0.034418234
18.31861111,75.15166667,0.020736832
18.31861111,75.64055556,0.041197583
18.31888889,74.38444444,0.012546397
18.31888889,74.50277778,0.014233565
18.31888889,74.57055556,0.015859382
18.31888889,74.67861111,0.021319672
18.31888889,74.85305556,0.023589681
18.31888889,75.65944444,0.037240406
18.31916667,73.89722222,0.021442376
18.31916667,74.40777778,0.011534096
18.31916667,74.41777778,0.023835087
18.31916667,74.71833333,0.020123317
18.31916667,74.72972222,0.012331667
18.31916667,74.73472222,0.045768275
18.31916667,74.76027778,0.025430228
18.31916667,74.78916667,0.014816405
18.31916667,74.90972222,0.018957637
18.31916667,75.64166667,0.038007301
18.31944444,74.34416667,0.017945336
18.31944444,74.35416667,0.016503574
18.31944444,74.36,0.016656953
18.31944444,74.36111111,0.019264395
18.31944444,74.36166667,0.013466671
18.31944444,74.36666667,0.015890058
18.31944444,74.37333333,0.016656953
18.31944444,74.37583333,0.020859536
18.31944444,74.42833333,0.039510414
18.31944444,74.74666667,0.028375104
18.31944444,74.89083333,0.041197583
18.31944444,75.14138889,0.026013068
18.31944444,75.16805556,0.019448449
18.31972222,73.88694444,0.039847848
18.31972222,74.36,0.012699776
18.31972222,74.36166667,0.016564925
18.31972222,74.40444444,0.010184361
18.31972222,74.42833333,0.013006534
18.31972222,74.56861111,0.023804411
18.31972222,74.75805556,0.027792264
18.31972222,75.30027778,0.037393785
18.32,73.89388889,0.067456057
18.32,74.36027778,0.022025215
18.32,74.38472222,0.020522102
18.32,74.38638889,0.013466671
18.32,74.51694444,0.023651032
18.32,74.57277778,0.03211755
18.32,74.63416667,0.018957637
18.32,74.74111111,0.019233719
18.32,74.78611111,0.02883524
18.32,74.815,0.024264548
18.32,74.82805556,0.018374797
18.32,75.73694444,0.022945489
18.32027778,74.38111111,0.013712077
18.32027778,74.40777778,0.011227338
18.32027778,74.42055556,0.021503727
18.32027778,74.56555556,0.01733182
18.32027778,74.57416667,0.033712691
18.32027778,74.89138889,0.024694009
18.32027778,75.3225,0.044449216
18.32055556,74.35388889,0.016319519
18.32055556,74.40777778,0.016227492
18.32055556,74.43194444,0.019448449
18.32055556,74.57333333,0.029049971
18.32055556,74.57555556,0.012791803
18.32055556,74.62333333,0.019233719
18.32055556,74.67277778,0.046780576
18.32055556,74.865,0.044295837
18.32055556,75.14222222,0.023804411
18.32055556,75.64388889,0.040921501
18.32055556,75.65,0.031841468
18.32055556,75.67055556,0.038620817
18.32055556,75.67416667,0.035553238
18.32055556,76.02694444,0.046903279
18.32083333,74.24777778,0.028681861
18.32083333,74.36,0.010184361
18.32083333,74.43222222,0.031074573
18.32083333,74.56777778,0.018804258
18.32083333,74.56972222,0.000858922
18.32083333,74.65,0.012024909
18.32111111,73.88555556,0.024509954
18.32111111,74.38638889,0.01012301
18.32111111,74.38666667,0.013712077
18.32111111,74.42222222,0.026626584
18.32111111,74.43055556,0.0184975
18.32111111,74.44305556,0.018957637
18.32111111,74.56694444,0.052332894
18.32111111,74.78805556,0.042946103
18.32111111,75.25694444,0.037332434
18.32111111,75.64277778,0.035553238
18.32138889,74.38055556,0.014601675
18.32138889,74.43194444,0.014939109
18.32138889,74.57472222,0.030307678
18.32138889,74.57666667,0.023804411
18.32138889,74.6275,0.012914507
18.32138889,74.63416667,0.032056198
18.32138889,74.66027778,0.02883524
18.32138889,74.68972222,0.0438357
18.32138889,75.14305556,0.024724685
18.32138889,75.66944444,0.035921347
18.32166667,74.37944444,0.013712077
18.32166667,74.39111111,0.02512347
18.32166667,74.4025,0.017117089
18.32166667,74.40361111,0.016503574
18.32166667,74.42111111,0.025552931
18.32166667,74.56722222,0.021196969
18.32166667,74.57805556,0.040584067
18.32166667,74.63194444,0.041504341
18.32166667,74.68027778,0.017025062
18.32166667,74.8125,0.029571459
18.32166667,75.30166667,0.041381637
18.32194444,74.41305556,0.018988313
18.32194444,74.5675,0.016595601
18.32194444,74.84944444,0.018528176
18.32194444,74.85833333,0.028099021
18.32194444,75.14027778,0.037884598
18.32222222,73.775,0.027577533
18.32222222,74.34305556,0.020736832
18.32222222,74.3475,0.013159913
18.32222222,74.35472222,0.019356422
18.32222222,74.35527778,0.01653425
18.32222222,74.38722222,0.020399399
18.32222222,74.40361111,0.010521795
18.32222222,74.42888889,0.014356269
18.32222222,74.43166667,0.017178441
18.32222222,74.52611111,0.003190282
18.32222222,74.5675,0.030982545
18.32222222,74.56805556,0.055185742
18.32222222,74.74583333,0.003957177
18.32222222,74.76527778,0.022055891
18.32222222,74.78805556,0.024417927
18.32222222,74.80527778,0.005429614
18.32222222,74.81694444,0.025583607
18.32222222,74.95027778,0.020000614
18.32222222,75.29944444,0.050584374
18.3225,73.87305556,0.073591214
18.3225,74.36222222,0.016380871
18.3225,74.37027778,0.015920734
18.3225,74.38527778,0.01653425
18.3225,74.56833333,0.049050584
18.3225,74.74611111,0.018221418
18.3225,74.78833333,0.003067579
18.3225,74.80527778,0.003220958
18.3225,74.84694444,0.047240713
18.3225,74.85527778,0.025583607
18.3225,75.25111111,0.041197583
18.3225,75.65888889,0.035553238
18.32277778,74.36111111,0.014939109
18.32277778,74.4,0.013466671
18.32277778,74.4025,0.013528022
18.32277778,74.66361111,0.015429921
18.32277778,74.74638889,0.007178134
18.32277778,74.78861111,0.005276235
18.32277778,74.80555556,0.007914353
18.32277778,74.87666667,0.00407988
18.32305556,74.40333333,0.009785576
18.32305556,74.42944444,0.014663026
18.32305556,74.43305556,0.014540323
18.32305556,74.74666667,0.004540017
18.32305556,74.78888889,0.018804258
18.32305556,74.7975,0.024111169
18.32305556,74.80583333,0.001871223
18.32305556,74.82,0.031473358
18.32305556,75.11222222,0.015061812
18.32305556,75.21722222,0.025583607
18.32305556,75.66055556,0.040400012
18.32333333,74.65222222,0.026166447
18.32333333,74.71444444,0.027945643
18.32333333,74.74694444,0.00837449
18.32333333,74.80611111,0.002760821
18.32333333,74.82861111,0.059296297
18.32333333,75.64277778,0.041044204
18.32333333,76.19138889,0.018650879
18.32361111,73.89111111,0.036780269
18.32361111,74.27722222,0.017209117
18.32361111,74.46194444,0.025000767
18.32361111,74.56916667,0.049265315
18.32361111,74.65111111,0.03058376
18.32361111,74.73055556,0.039571766
18.32361111,74.74722222,0.005705696
18.32361111,74.78944444,0.015276542
18.32361111,74.80638889,0.005122857
18.32361111,74.94472222,0.026626584
18.32361111,75.26583333,0.038620817
18.32361111,75.67138889,0.041320286
18.32388889,74.7475,0.004693396
18.32388889,74.78972222,0.013374643
18.32388889,74.80666667,0.00233136
18.32388889,75.28805556,0.052424921
18.32388889,75.29694444,0.050584374
18.32388889,75.64305556,0.038620817
18.32388889,75.66555556,0.040921501
18.32416667,74.40638889,0.013589374
18.32416667,74.42055556,0.015644652
18.32416667,74.42166667,0.030921194
18.32416667,74.50555556,0.011012608
18.32416667,74.74777778,0.004969478
18.32416667,74.79,0.004969478
18.32416667,74.80694444,0.004233259
18.32416667,75.67194444,0.042209884
18.32444444,73.87277778,0.015307218
18.32444444,74.53805556,0.027792264
18.32444444,74.57722222,0.022485352
18.32444444,74.74805556,0.014540323
18.32444444,74.75805556,0.011902206
18.32444444,74.79027778,0.009969631
18.32444444,74.80722222,0.005429614
18.32444444,74.88,0.013650725
18.32444444,75.26666667,0.031872143
18.32472222,74.37916667,0.020890211
18.32472222,74.48861111,0.020153992
18.32472222,74.5675,0.030092948
18.32472222,74.74833333,0.008221111
18.32472222,74.79055556,0.008221111
18.32472222,74.8075,0.008650572
18.32472222,75.63472222,0.038283383
18.325,73.87777778,0.015307218
18.325,73.88333333,0.076658793
18.325,73.89111111,0.033712691
18.325,73.89166667,0.018374797
18.325,73.9,0.024509954
18.325,74.34916667,0.015920734
18.325,74.36194444,0.015920734
18.325,74.37083333,0.022025215
18.325,74.375,0.01733182
18.325,74.37555556,0.013466671
18.325,74.38305556,0.018006687
18.325,74.50611111,0.011165987
18.325,74.56833333,0.030154299
18.325,74.57111111,0.022638731
18.325,74.68888889,0.011748827
18.325,74.72888889,0.018068039
18.325,74.74861111,0.032362956
18.325,74.79083333,0.034264855
18.325,74.79333333,0.016994386
18.325,74.80777778,0.013528022
18.325,74.81055556,0.029540783
18.325,74.82805556,0.016994386
18.325,74.84027778,0.01674898
18.325,74.98194444,0.026626584
18.325,75.63888889,0.041044204
18.32527778,74.42416667,0.019601828
18.32527778,74.53416667,0.023528329
18.32527778,74.54416667,0.020859536
18.32527778,74.73361111,0.02220927
18.32527778,74.74888889,0.004540017
18.32527778,74.79111111,0.011165987
18.32527778,74.80805556,0.010276389
18.32555556,74.55944444,0.015061812
18.32555556,74.61694444,0.013926808
18.32555556,74.74916667,0.010429768
18.32555556,74.78861111,0.015123163
18.32555556,74.79138889,0.006902052
18.32555556,74.80833333,0.002607442
18.32555556,75.02,0.032056198
18.32555556,75.66111111,0.043528943
18.32555556,75.67444444,0.031197276
18.32583333,73.8875,0.122672475
18.32583333,74.38805556,0.018068039
18.32583333,74.41805556,0.020338047
18.32583333,74.69805556,0.015123163
18.32583333,74.74944444,0.061075493
18.32583333,74.79166667,0.005705696
18.32583333,74.80861111,0.003220958
18.32583333,75.17361111,0.009233412
18.32583333,75.21444444,0.015644652
18.32611111,73.9,0.018374797
18.32611111,74.37083333,0.016472898
18.32611111,74.37916667,0.019111016
18.32611111,74.42361111,0.012546397
18.32611111,74.59277778,0.029571459
18.32611111,74.62916667,0.025430228
18.32611111,74.74972222,0.009693549
18.32611111,74.79194444,0.008650572
18.32611111,74.80888889,0.007178134
18.32611111,74.93361111,0.030737139
18.32611111,75.63472222,0.041320286
18.32638889,74.38638889,0.019233719
18.32638889,74.75,0.007484892
18.32638889,74.77611111,0.060032516
18.32638889,74.79222222,0.003803798
18.32638889,74.80916667,0.001441762
18.32638889,74.84222222,0.033682015
18.32638889,74.90972222,0.005705696
18.32638889,74.92944444,0.025583607
18.32638889,75.08722222,0.021657106
18.32638889,75.20055556,0.021871837
18.32638889,75.64333333,0.037393785
18.32666667,73.87583333,0.091996687
18.32666667,74.37944444,0.025522255
18.32666667,74.42111111,0.014049511
18.32666667,74.55833333,0.021810485
18.32666667,74.68583333,0.029724838
18.32666667,74.71277778,0.021473051
18.32666667,74.75027778,0.007024755
18.32666667,74.7925,0.010583147
18.32666667,74.80944444,0.003650419
18.32666667,74.91944444,0.05061505
18.32666667,75.14194444,0.019755207
18.32666667,75.3025,0.038007301
18.32666667,75.64472222,0.044142458
18.32666667,75.65861111,0.050584374
18.32694444,73.89166667,0.045983006
18.32694444,74.29194444,0.037363109
18.32694444,74.30694444,0.01674898
18.32694444,74.42694444,0.018190742
18.32694444,74.56805556,0.029019295
18.32694444,74.57083333,0.023804411
18.32694444,74.67138889,0.037516488
18.32694444,74.71111111,0.020583453
18.32694444,74.75055556,0.006595294
18.32694444,74.79277778,0.010859229
18.32694444,74.80972222,0.005859075
18.32694444,75.66805556,0.034786343
18.32722222,74.37833333,0.024816712
18.32722222,74.43777778,0.02220927
18.32722222,74.55027778,0.020215344
18.32722222,74.57194444,0.029019295
18.32722222,74.57222222,0.043130157
18.32722222,74.63777778,0.01674898
18.32722222,74.67194444,0.013957483
18.32722222,74.73416667,0.002760821
18.32722222,74.79305556,0.01500046
18.32722222,74.81,0.004693396
18.32722222,75.29972222,0.031412007
18.32722222,75.62777778,0.035215804
18.3275,73.92888889,0.036780269
18.3275,74.425,0.017577226
18.3275,74.43138889,0.024632657
18.3275,74.47027778,0.022485352
18.3275,74.5575,0.012393018
18.3275,74.56861111,0.031902819
18.3275,74.57083333,0.034571613
18.3275,74.57138889,0.015245866
18.3275,74.57194444,0.055185742
18.3275,74.59972222,0.016442222
18.3275,74.70055556,0.058560079
18.3275,74.74666667,0.021166293
18.3275,74.75111111,0.006441915
18.3275,74.79333333,0.007760974
18.3275,74.81027778,0.002607442
18.3275,74.81527778,0.046933955
18.3275,74.82305556,0.025000767
18.3275,75.65722222,0.052424921
18.32777778,73.86861111,0.033712691
18.32777778,73.89027778,0.027577533
18.32777778,74.35944444,0.021135618
18.32777778,74.56777778,0.015245866
18.32777778,74.72027778,0.01674898
18.32777778,74.75138889,0.00349704
18.32777778,74.79638889,0.011902206
18.32777778,74.93972222,0.040890825
18.32777778,75.02777778,0.0311666
18.32805556,74.31888889,0.01616614
18.32805556,74.38333333,0.032056198
18.32805556,74.40444444,0.025460904
18.32805556,74.42583333,0.016319519
18.32805556,74.52305556,0.0282524
18.32805556,74.74111111,0.032485659
18.32805556,74.7425,0.020276696
18.32805556,74.75166667,0.003803798
18.32805556,74.79666667,0.007331513
18.32805556,74.81083333,0.0029142
18.32805556,74.86194444,0.024571306
18.32805556,75.66083333,0.050124237
18.32833333,74.36027778,0.016196816
18.32833333,74.41833333,0.021503727
18.32833333,74.47861111,0.02220927
18.32833333,74.54666667,0.025583607
18.32833333,74.59777778,0.050062885
18.32833333,74.75194444,0.015736679
18.32833333,74.79694444,0.012791803
18.32833333,74.81111111,0.006165833
18.32833333,75.00555556,0.031473358
18.32861111,74.36527778,0.025522255
18.32861111,74.37916667,0.016656953
18.32861111,74.42138889,0.018742906
18.32861111,74.435,0.0155833
18.32861111,74.64777778,0.042363263
18.32861111,74.75222222,0.003957177
18.32861111,74.79722222,0.017209117
18.32861111,74.81138889,0.003220958
18.32861111,75.17666667,0.016595601
18.32888889,74.36638889,0.025583607
18.32888889,74.39055556,0.022331973
18.32888889,74.39888889,0.013313292
18.32888889,74.42388889,0.01871223
18.32888889,74.55611111,0.026166447
18.32888889,74.56805556,0.021473051
18.32888889,74.71472222,0.05607534
18.32888889,74.7525,0.011319366
18.32888889,74.7975,0.004969478
18.32888889,74.81166667,0.0029142
18.32888889,75.655,0.056719531
18.32916667,73.61444444,0.045246787
18.32916667,74.28027778,0.023528329
18.32916667,74.30916667,0.015123163
18.32916667,74.43194444,0.013129237
18.32916667,74.44194444,0.031013221
18.32916667,74.56666667,0.016595601
18.32916667,74.72638889,0.030829167
18.32916667,74.75277778,0.007914353
18.32916667,74.79777778,0.009969631
18.32916667,74.81194444,0.0029142
18.32916667,75.28833333,0.03328323
18.32944444,74.42111111,0.018190742
18.32944444,74.42805556,0.015399245
18.32944444,74.63694444,0.02220927
18.32944444,74.71666667,0.020430075
18.32944444,74.75305556,0.007760974
18.32944444,74.79805556,0.006012454
18.32944444,74.81222222,0.004386638
18.32944444,74.83305556,0.019540477
18.32944444,74.94694444,0.035737293
18.32972222,74.30083333,0.023835087
18.32972222,74.40277778,0.019448449
18.32972222,74.42694444,0.02220927
18.32972222,74.42888889,0.012791803
18.32972222,74.60916667,0.017945336
18.32972222,74.75333333,0.006748673
18.32972222,74.79833333,0.007914353
18.32972222,74.8125,0.0029142
18.32972222,75.01277778,0.042792724
18.33,74.44861111,0.024601982
18.33,74.51944444,0.030307678
18.33,74.75333333,0.007638271
18.33,74.79861111,0.00954017
18.33,74.81277778,0.003220958
18.33,75.00833333,0.032056198
18.33027778,74.4725,0.031013221
18.33027778,74.60861111,0.032362956
18.33027778,74.66388889,0.018374797
18.33027778,74.71361111,0.022638731
18.33027778,74.75388889,0.024694009
18.33027778,74.79888889,0.014386944
18.33027778,74.81305556,0.004540017
18.33027778,74.82583333,0.01616614
18.33055556,74.04361111,0.013528022
18.33055556,74.42444444,0.018436148
18.33055556,74.43527778,0.018957637
18.33055556,74.44111111,0.026319826
18.33055556,74.50555556,0.01187153
18.33055556,74.51111111,0.011442069
18.33055556,74.52583333,0.03058376
18.33055556,74.53666667,0.019417774
18.33055556,74.63555556,0.025736986
18.33055556,74.73888889,0.015706003
18.33055556,74.75416667,0.008221111
18.33055556,74.79916667,0.01012301
18.33055556,74.81333333,0.005122857
18.33055556,75.16888889,0.017178441
18.33083333,74.12777778,0.01500046
18.33083333,74.4325,0.018650879
18.33083333,74.61333333,0.025921041
18.33083333,74.64527778,0.015123163
18.33083333,74.75444444,0.00895733
18.33083333,74.755,0.02395779
18.33083333,74.76055556,0.004969478
18.33083333,74.79944444,0.013221264
18.33083333,74.80861111,0.046197736
18.33083333,74.91611111,0.029694162
18.33083333,75.00138889,0.030461057
18.33111111,74.37,0.031258628
18.33111111,74.39222222,0.031473358
18.33111111,74.61888889,0.027792264
18.33111111,74.62305556,0.01616614
18.33111111,74.75472222,0.003650419
18.33111111,74.755,0.006748673
18.33111111,74.76083333,0.003343661
18.33111111,74.76861111,0.013650725
18.33111111,74.79972222,0.008497193
18.33138889,74.43333333,0.016503574
18.33138889,74.76111111,0.004816099
18.33138889,74.78694444,0.032362956
18.33138889,74.80027778,0.0029142
18.33166667,74.42472222,0.015736679
18.33166667,74.43972222,0.010675174
18.33166667,74.44333333,0.021687782
18.33166667,74.48555556,0.020000614
18.33166667,74.50833333,0.014816405
18.33166667,74.60666667,0.01616614
18.33166667,74.63777778,0.021473051
18.33166667,74.66111111,0.026626584
18.33166667,74.75527778,0.006165833
18.33166667,74.75694444,0.023528329
18.33166667,74.76138889,0.003067579
18.33166667,74.79583333,0.021166293
18.33166667,74.80055556,0.01012301
18.33194444,74.39555556,0.033099175
18.33194444,74.42583333,0.014448296
18.33194444,74.6125,0.028068346
18.33194444,74.67916667,0.011748827
18.33194444,74.70277778,0.018650879
18.33194444,74.70361111,0.01616614
18.33194444,74.75555556,0.0155833
18.33194444,74.75861111,0.031043897
18.33194444,74.76166667,0.003220958
18.33194444,74.79777778,0.029847541
18.33194444,74.80083333,0.003343661
18.33194444,74.80166667,0.062394552
18.33194444,75.13888889,0.024448603
18.33222222,74.42,0.014969784
18.33222222,74.43611111,0.018742906
18.33222222,74.46638889,0.022485352
18.33222222,74.50944444,0.014816405
18.33222222,74.75583333,0.056351422
18.33222222,74.76194444,0.005552318
18.33222222,74.80111111,0.008221111
18.3325,74.41416667,0.01733182
18.3325,74.54083333,0.019264395
18.3325,74.57694444,0.015276542
18.3325,74.71833333,0.0155833
18.3325,74.74166667,0.005521642
18.3325,74.75611111,0.01012301
18.3325,74.76222222,0.005859075
18.3325,74.80138889,0.004386638
18.3325,74.82361111,0.027638885
18.3325,74.98361111,0.025798337
18.33277778,74.75638889,0.008067732
18.33277778,74.7625,0.006288536
18.33277778,74.80166667,0.005859075
18.33277778,74.87944444,0.01674898
18.33277778,75.18388889,0.013466671
18.33277778,75.64527778,0.049510721
18.33305556,74.49861111,0.021012915
18.33305556,74.75666667,0.010859229
18.33305556,74.76277778,0.003650419
18.33305556,76.03277778,0.010092334
18.33333333,73.97222222,0.015644652
18.33333333,74.35972222,0.013466671
18.33333333,74.36166667,0.019356422
18.33333333,74.37416667,0.018006687
18.33333333,74.43888889,0.020276696
18.33333333,74.49777778,0.029724838
18.33333333,74.55361111,0.025399552
18.33333333,74.57333333,0.022055891
18.33333333,74.58277778,0.055185742
18.33333333,74.59944444,0.011595448
18.33333333,74.61694444,0.018466824
18.33333333,74.65833333,0.013343968
18.33333333,74.75833333,0.035001074
18.33333333,74.79194444,0.041565692
18.33361111,74.39277778,0.014356269
18.33361111,74.39361111,0.020399399
18.33361111,74.45888889,0.017791957
18.33361111,74.55333333,0.014969784
18.33361111,74.55972222,0.030982545
18.33361111,74.56638889,0.020859536
18.33361111,74.58333333,0.024172521
18.33361111,74.6575,0.024448603
18.33361111,74.75694444,0.006902052
18.33361111,74.76305556,0.010429768
18.33388889,74.50333333,0.019264395
18.33388889,74.56194444,0.064388478
18.33388889,74.58305556,0.025982392
18.33388889,74.75722222,0.014693702
18.33388889,74.76333333,0.003803798
18.33388889,74.77333333,0.011135311
18.33388889,74.8025,0.018374797
18.33388889,74.97166667,0.019387098
18.33388889,75.63833333,0.041350962
18.33416667,74.435,0.016135464
18.33416667,74.55611111,0.022700083
18.33416667,74.58305556,0.021779809
18.33416667,74.59055556,0.030982545
18.33416667,74.6175,0.01595141
18.33416667,74.71527778,0.016442222
18.33416667,74.73444444,0.033099175
18.33416667,74.7575,0.011595448
18.33416667,74.76361111,0.006288536
18.33416667,74.80277778,0.00837449
18.33416667,74.96666667,0.02395779
18.33416667,75.00694444,0.024019142
18.33444444,74.25861111,0.017485199
18.33444444,74.39472222,0.026994693
18.33444444,74.40027778,0.019141691
18.33444444,74.43861111,0.024019142
18.33444444,74.55888889,0.024571306
18.33444444,74.58361111,0.015245866
18.33444444,74.75777778,0.012791803
18.33444444,74.76388889,0.001135004
18.33444444,74.80305556,0.019417774
18.33444444,74.80694444,0.017055738
18.33444444,74.82805556,0.01616614
18.33444444,74.83055556,0.026043744
18.33444444,74.83277778,0.018957637
18.33444444,74.89194444,0.027056045
18.33444444,74.9425,0.016472898
18.33472222,73.88333333,0.021442376
18.33472222,74.3875,0.00917206
18.33472222,74.555,0.021749133
18.33472222,74.55527778,0.042915427
18.33472222,74.55555556,0.023804411
18.33472222,74.58333333,0.024080493
18.33472222,74.58388889,0.021442376
18.33472222,74.61722222,0.016288843
18.33472222,74.68277778,0.011595448
18.33472222,74.71638889,0.018068039
18.33472222,74.75805556,0.005705696
18.33472222,74.78138889,0.027792264
18.33472222,74.80333333,0.011012608
18.33472222,74.84611111,0.021166293
18.335,73.8875,0.018374797
18.335,74.385,0.025092794
18.335,74.39138889,0.025644958
18.335,74.43388889,0.019847235
18.335,74.43444444,0.026933342
18.335,74.51138889,0.03000092
18.335,74.55972222,0.043467591
18.335,74.58611111,0.021012915
18.335,74.75833333,0.006165833
18.335,74.76444444,0.006165833
18.335,74.80361111,0.002607442
18.33527778,73.84166667,0.021442376
18.33527778,74.40166667,0.020982239
18.33527778,74.57111111,0.003374337
18.33527778,74.58388889,0.030982545
18.33527778,74.59416667,0.023528329
18.33527778,74.75861111,0.004969478
18.33527778,74.76472222,0.002177981
18.33527778,74.80388889,0.004386638
18.33555556,74.54916667,0.020276696
18.33555556,74.55638889,0.015245866
18.33555556,74.585,0.011319366
18.33555556,74.65111111,0.018681555
18.33555556,74.75083333,0.028221725
18.33555556,74.75888889,0.004816099
18.33555556,74.765,0.003803798
18.33555556,74.80416667,0.008497193
18.33555556,74.835,0.021473051
18.33555556,74.89305556,0.012761128
18.33583333,74.58444444,0.024203196
18.33583333,74.59361111,0.024786036
18.33583333,74.59888889,0.0311666
18.33583333,74.61777778,0.010245713
18.33583333,74.62611111,0.014969784
18.33583333,74.66083333,0.018804258
18.33583333,74.75916667,0.002024602
18.33583333,74.80444444,0.002484739
18.33583333,74.81222222,0.012393018
18.33583333,74.92416667,0.027056045
18.33611111,73.88694444,0.021442376
18.33611111,74.35555556,0.017761281
18.33611111,74.36694444,0.009785576
18.33611111,74.39222222,0.02046075
18.33611111,74.44944444,0.023896439
18.33611111,74.51666667,0.011595448
18.33611111,74.6,0.016074113
18.33611111,74.69583333,0.01616614
18.33611111,74.7575,0.024264548
18.33611111,74.75944444,0.004386638
18.33611111,74.76555556,0.003220958
18.33611111,74.80472222,0.002607442
18.33638889,73.89083333,0.012239639
18.33638889,74.43777778,0.018957637
18.33638889,74.52222222,0.017638578
18.33638889,74.55888889,0.031657413
18.33638889,74.72555556,0.054142765
18.33638889,74.75472222,0.040031903
18.33638889,74.75972222,0.00349704
18.33638889,74.76583333,0.005859075
18.33638889,74.805,0.012638424
18.33638889,74.90416667,0.049357342
18.33638889,75.30055556,0.050584374
18.33666667,73.9225,0.091996687
18.33666667,74.36277778,0.038314059
18.33666667,74.38638889,0.012822479
18.33666667,74.39555556,0.013589374
18.33666667,74.40305556,0.025460904
18.33666667,74.58055556,0.034479585
18.33666667,74.61972222,0.018742906
18.33666667,74.64166667,0.00954017
18.33666667,74.76,0.00349704
18.33666667,74.76611111,0.006595294
18.33666667,74.80527778,0.009969631
18.33694444,74.40972222,0.016258167
18.33694444,74.41166667,0.017239793
18.33694444,74.48333333,0.025031443
18.33694444,74.74972222,0.002484739
18.33694444,74.76027778,0.008067732
18.33694444,74.80555556,0.001595141
18.33694444,74.85444444,0.018957637
18.33694444,75.14027778,0.016810332
18.33694444,75.28722222,0.027945643
18.33722222,74.38555556,0.016043437
18.33722222,74.46,0.021749133
18.33722222,74.52055556,0.02337495
18.33722222,74.57416667,0.042946103
18.33722222,74.60083333,0.042946103
18.33722222,74.63361111,0.018650879
18.33722222,74.63388889,0.014110862
18.33722222,74.76055556,0.011902206
18.33722222,74.76694444,0.003220958
18.33722222,74.80583333,0.002484739
18.3375,74.08138889,0.043007454
18.3375,74.44111111,0.020583453
18.3375,74.44555556,0.019755207
18.3375,74.46583333,0.021473051
18.3375,74.58472222,0.023221571
18.3375,74.75638889,0.042670021
18.3375,74.76083333,0.011595448
18.3375,74.76722222,0.00174852
18.3375,74.80611111,0.005122857
18.3375,74.90861111,0.030338354
18.3375,75.14583333,0.035553238
18.33777778,74.44777778,0.022117243
18.33777778,74.46083333,0.028681861
18.33777778,74.54416667,0.031473358
18.33777778,74.73777778,0.034418234
18.33777778,74.74694444,0.033099175
18.33777778,74.75277778,0.007178134
18.33777778,74.80638889,0.003343661
18.33777778,75.005,0.028099021
18.33805556,73.88694444,0.012239639
18.33805556,74.33555556,0.013466671
18.33805556,74.465,0.028129697
18.33805556,74.55361111,0.025736986
18.33805556,74.76777778,0.003803798
18.33805556,74.93388889,0.051658026
18.33833333,74.36166667,0.02337495
18.33833333,74.43083333,0.022669407
18.33833333,74.65666667,0.017761281
18.33833333,74.76166667,0.004540017
18.33833333,74.76805556,0.004540017
18.33833333,74.80694444,0.003650419
18.33833333,74.91527778,0.025736986
18.33833333,74.96555556,0.020430075
18.33861111,74.34694444,0.019969938
18.33861111,74.39222222,0.018957637
18.33861111,74.46861111,0.016380871
18.33861111,74.48861111,0.021595754
18.33861111,74.49138889,0.02512347
18.33861111,74.57527778,0.013006534
18.33861111,74.57583333,0.025000767
18.33861111,74.64333333,0.013006534
18.33861111,74.69361111,0.025000767
18.33861111,74.76194444,0.014110862
18.33861111,74.76833333,0.003650419
18.33861111,74.80722222,0.002484739
18.33861111,74.89666667,0.01674898
18.33888889,74.36166667,0.02512347
18.33888889,74.40777778,0.011534096
18.33888889,74.48611111,0.014233565
18.33888889,74.55972222,0.022700083
18.33888889,74.57,0.030982545
18.33888889,74.58333333,0.025583607
18.33888889,74.64194444,0.022362649
18.33888889,74.76222222,0.003220958
18.33888889,74.76861111,0.003343661
18.33888889,74.8075,0.003803798
18.33888889,74.8125,0.027638885
18.33888889,74.84111111,0.026779963
18.33916667,74.37777778,0.025430228
18.33916667,74.38083333,0.017209117
18.33916667,74.44083333,0.024878064
18.33916667,74.64222222,0.009724225
18.33916667,74.7625,0.008497193
18.33916667,74.7675,0.003343661
18.33916667,74.76888889,0.0029142
18.33916667,74.77416667,0.004386638
18.33916667,74.78027778,0.026595908
18.33916667,74.80777778,0.002177981
18.33916667,75.02888889,0.046933955
18.33944444,74.39277778,0.013466671
18.33944444,74.43555556,0.024019142
18.33944444,74.48333333,0.019479125
18.33944444,74.76277778,0.003803798
18.33944444,74.76777778,0.006595294
18.33944444,74.76916667,0.004233259
18.33944444,74.77444444,0.004816099
18.33944444,74.78055556,0.002484739
18.33944444,74.80805556,0.011165987
18.33944444,75.05305556,0.029111322
18.33972222,74.56083333,0.016810332
18.33972222,74.61222222,0.032209577
18.33972222,74.68638889,0.0184975
18.33972222,74.76305556,0.003343661
18.33972222,74.76805556,0.003957177
18.33972222,74.76944444,0.00407988
18.33972222,74.77472222,0.005859075
18.33972222,74.78083333,0.010429768
18.33972222,74.79027778,0.022178594
18.33972222,74.80833333,0.00407988
18.33972222,75.30666667,0.017699929
18.34,74.37833333,0.013558698
18.34,74.38444444,0.025184822
18.34,74.39472222,0.016227492
18.34,74.55944444,0.01733182
18.34,74.56138889,0.012577073
18.34,74.6125,0.016012761
18.34,74.63027778,0.015859382
18.34,74.63833333,0.0282524
18.34,74.66,0.018681555
18.34,74.73777778,0.01616614
18.34,74.76333333,0.009846928
18.34,74.76833333,0.002760821
18.34,74.76972222,0.005122857
18.34,74.775,0.008497193
18.34,74.78111111,0.002484739
18.34,74.79861111,0.034264855
18.34,74.80861111,0.002177981
18.34,74.86222222,0.02220927
18.34027778,74.33888889,0.020522102
18.34027778,74.46972222,0.007024755
18.34027778,74.62444444,0.018650879
18.34027778,74.71277778,0.046504494
18.34027778,74.76361111,0.00174852
18.34027778,74.76861111,0.013804104
18.34027778,74.77,0.005276235
18.34027778,74.77527778,0.005552318
18.34027778,74.78138889,0.005429614
18.34027778,74.80888889,0.003343661
18.34027778,74.815,0.016472898
18.34027778,74.93666667,0.018068039
18.34055556,74.38416667,0.016994386
18.34055556,74.44833333,0.037547164
18.34055556,74.52416667,0.014816405
18.34055556,74.76388889,0.004386638
18.34055556,74.76888889,0.003220958
18.34055556,74.77027778,0.003220958
18.34055556,74.77555556,0.003220958
18.34055556,74.78166667,0.002177981
18.34055556,74.80916667,0.00407988
18.34083333,74.39333333,0.023282923
18.34083333,74.43944444,0.95091874
18.34083333,74.44138889,0.018466824
18.34083333,74.4425,0.021718458
18.34083333,74.51694444,0.053099788
18.34083333,74.5875,0.028528482
18.34083333,74.63055556,0.009294764
18.34083333,74.63861111,0.01325194
18.34083333,74.63944444,0.014233565
18.34083333,74.64277778,0.01595141
18.34083333,74.64805556,0.033682015
18.34083333,74.76416667,0.004969478
18.34083333,74.76916667,0.014693702
18.34083333,74.77055556,0.004969478
18.34083333,74.77583333,0.004816099
18.34083333,74.78194444,0.005552318
18.34083333,74.80944444,0.013650725
18.34083333,74.86555556,0.021473051
18.34111111,74.39166667,0.024816712
18.34111111,74.43194444,0.017055738
18.34111111,74.45944444,0.02395779
18.34111111,74.57111111,0.012761128
18.34111111,74.74583333,0.007178134
18.34111111,74.76444444,0.002484739
18.34111111,74.76944444,0.005276235
18.34111111,74.77083333,0.004233259
18.34111111,74.77611111,0.006288536
18.34111111,74.80972222,0.00233136
18.34111111,74.92805556,0.051504647
18.34111111,74.93611111,0.018988313
18.34111111,75.01472222,0.01871223
18.34111111,75.26972222,0.025154146
18.34111111,75.3075,0.019448449
18.34138889,73.90277778,0.024509954
18.34138889,74.33638889,0.018528176
18.34138889,74.38472222,0.022914813
18.34138889,74.43777778,0.021749133
18.34138889,74.43833333,0.021534403
18.34138889,74.44555556,0.017362496
18.34138889,74.45416667,0.031043897
18.34138889,74.64333333,0.021135618
18.34138889,74.74611111,0.001871223
18.34138889,74.76472222,0.00954017
18.34138889,74.76972222,0.012914507
18.34138889,74.77111111,0.004386638
18.34138889,74.77638889,0.003067579
18.34138889,74.79166667,0.003803798
18.34138889,75.30861111,0.049050584
18.34166667,74.39444444,0.020859536
18.34166667,74.40833333,0.02374306
18.34166667,74.56666667,0.011442069
18.34166667,74.56916667,0.023865763
18.34166667,74.57305556,0.033988773
18.34166667,74.64,0.016380871
18.34166667,74.73527778,0.006748673
18.34166667,74.765,0.004693396
18.34166667,74.77,0.003220958
18.34166667,74.77138889,0.004693396
18.34166667,74.77666667,0.018221418
18.34166667,74.79194444,0.013804104
18.34166667,75.08194444,0.024724685
18.34166667,75.09305556,0.02454063
18.34166667,75.16083333,0.013466671
18.34194444,73.97611111,0.00954017
18.34194444,74.31083333,0.039080953
18.34194444,74.43722222,0.021288997
18.34194444,74.51027778,0.028957943
18.34194444,74.55861111,0.014693702
18.34194444,74.56027778,0.061658333
18.34194444,74.63611111,0.015276542
18.34194444,74.65638889,0.031013221
18.34194444,74.68888889,0.022178594
18.34194444,74.74666667,0.0029142
18.34194444,74.76527778,0.003220958
18.34194444,74.77027778,0.004386638
18.34194444,74.77166667,0.005276235
18.34194444,74.77666667,0.003650419
18.34194444,74.79222222,0.003220958
18.34222222,74.24472222,0.027577533
18.34222222,74.38833333,0.023804411
18.34222222,74.55972222,0.015245866
18.34222222,74.74694444,0.00349704
18.34222222,74.76555556,0.00407988
18.34222222,74.77055556,0.002177981
18.34222222,74.77194444,0.004816099
18.34222222,74.77722222,0.00349704
18.34222222,74.7925,0.007914353
18.34222222,75.03416667,0.024264548
18.3425,74.54527778,0.02395779
18.3425,74.55444444,0.015245866
18.3425,74.65027778,0.003650419
18.3425,74.69027778,0.038559465
18.3425,74.72833333,0.03641216
18.3425,74.74722222,0.003650419
18.3425,74.76583333,0.00407988
18.3425,74.77083333,0.001871223
18.3425,74.77222222,0.003220958
18.3425,74.7775,0.004816099
18.3425,74.79277778,0.003957177
18.3425,74.80361111,0.039418387
18.3425,74.90527778,0.029724838
18.3425,74.91388889,0.026043744
18.34277778,74.38638889,0.025736986
18.34277778,74.40944444,0.020276696
18.34277778,74.43694444,0.015706003
18.34277778,74.43722222,0.021258321
18.34277778,74.46555556,0.016043437
18.34277778,74.54305556,0.023221571
18.34277778,74.55111111,0.017638578
18.34277778,74.55888889,0.018068039
18.34277778,74.61861111,0.010675174
18.34277778,74.7475,0.006288536
18.34277778,74.76611111,0.006595294
18.34277778,74.77111111,0.007024755
18.34277778,74.7725,0.003343661
18.34277778,74.77777778,0.007760974
18.34277778,74.79305556,0.003803798
18.34277778,74.95027778,0.028528482
18.34277778,75,0.025430228
18.34305556,74.4425,0.021565079
18.34305556,74.44888889,0.02766956
18.34305556,74.47722222,0.018221418
18.34305556,74.52222222,0.033375257
18.34305556,74.53666667,0.022485352
18.34305556,74.54138889,0.025430228
18.34305556,74.55805556,0.024172521
18.34305556,74.5925,0.031043897
18.34305556,74.64361111,0.025154146
18.34305556,74.66027778,0.018528176
18.34305556,74.72833333,0.040031903
18.34305556,74.74777778,0.005552318
18.34305556,74.76638889,0.003803798
18.34305556,74.77138889,0.003067579
18.34305556,74.77805556,0.0029142
18.34305556,74.79333333,0.019847235
18.34305556,74.94194444,0.029111322
18.34305556,75.11416667,0.035062425
18.34333333,74.37861111,0.02490874
18.34333333,74.39111111,0.015644652
18.34333333,74.44583333,0.021902512
18.34333333,74.5175,0.025859689
18.34333333,74.56027778,0.032669714
18.34333333,74.56111111,0.035553238
18.34333333,74.60888889,0.015429921
18.34333333,74.645,0.046197736
18.34333333,74.71222222,0.024264548
18.34333333,74.74805556,0.055921961
18.34333333,74.76694444,0.004233259
18.34333333,74.77166667,0.002484739
18.34333333,74.77833333,0.003343661
18.34333333,74.79638889,0.00233136
18.34333333,74.84361111,0.013067886
18.34361111,74.43388889,0.018742906
18.34361111,74.55138889,0.029080647
18.34361111,74.55777778,0.019847235
18.34361111,74.57638889,0.030890518
18.34361111,74.59888889,0.037639191
18.34361111,74.63555556,0.021902512
18.34361111,74.66138889,0.060185895
18.34361111,74.74833333,0.004816099
18.34361111,74.76722222,0.005859075
18.34361111,74.77194444,0.002484739
18.34361111,74.77333333,0.018221418
18.34361111,74.77861111,0.003343661
18.34361111,74.78861111,0.041627044
18.34361111,74.79666667,0.003067579
18.34361111,74.82583333,0.055185742
18.34388889,74.39416667,0.013466671
18.34388889,74.46416667,0.015429921
18.34388889,74.46805556,0.01733182
18.34388889,74.51527778,0.017791957
18.34388889,74.55194444,0.03211755
18.34388889,74.55888889,0.015245866
18.34388889,74.56138889,0.025092794
18.34388889,74.57305556,0.022055891
18.34388889,74.65361111,0.034418234
18.34388889,74.74861111,0.003220958
18.34388889,74.7675,0.003957177
18.34388889,74.77222222,0.002484739
18.34388889,74.77361111,0.005122857
18.34388889,74.77888889,0.006748673
18.34388889,74.79694444,0.014386944
18.34388889,75.01305556,0.02199454
18.34388889,75.12555556,0.040307985
18.34416667,74.38472222,0.034724992
18.34416667,74.43972222,0.015644652
18.34416667,74.44638889,0.02220927
18.34416667,74.48444444,0.021749133
18.34416667,74.55916667,0.024172521
18.34416667,74.55944444,0.025522255
18.34416667,74.56166667,0.031902819
18.34416667,74.61555556,0.027792264
18.34416667,74.6325,0.031933495
18.34416667,74.74888889,0.005552318
18.34416667,74.76777778,0.004816099
18.34416667,74.7725,0.003220958
18.34416667,74.77388889,0.018221418
18.34416667,74.77916667,0.004969478
18.34416667,74.79722222,0.011902206
18.34416667,74.79833333,0.049878831
18.34416667,74.92333333,0.021319672
18.34444444,74.38805556,0.020307371
18.34444444,74.48861111,0.035430535
18.34444444,74.55111111,0.025736986
18.34444444,74.56194444,0.016779656
18.34444444,74.62694444,0.023804411
18.34444444,74.64916667,0.017117089
18.34444444,74.66111111,0.01187153
18.34444444,74.74916667,0.008650572
18.34444444,74.76805556,0.003220958
18.34444444,74.77277778,0.001441762
18.34444444,74.77416667,0.004816099
18.34444444,74.77944444,0.005859075
18.34444444,74.7975,0.002484739
18.34444444,74.87083333,0.0282524
18.34444444,74.95055556,0.023528329
18.34472222,74.17555556,0.01500046
18.34472222,74.37666667,0.020215344
18.34472222,74.51833333,0.03174944
18.34472222,74.58555556,0.046504494
18.34472222,74.61138889,0.014386944
18.34472222,74.67833333,0.020123317
18.34472222,74.71611111,0.019540477
18.34472222,74.74944444,0.003650419
18.34472222,74.76833333,0.005122857
18.34472222,74.77305556,0.0029142
18.34472222,74.77972222,0.001871223
18.34472222,74.79777778,0.006902052
18.345,74.38361111,0.014755054
18.345,74.57444444,0.024847388
18.345,74.575,0.012577073
18.345,74.74972222,0.00349704
18.345,74.76861111,0.005429614
18.345,74.77166667,0.013067886
18.345,74.77472222,0.005276235
18.345,74.78,0.004540017
18.345,74.79805556,0.00233136
18.345,74.845,0.038559465
18.345,74.87,0.045154759
18.34527778,74.28888889,0.016503574
18.34527778,74.38361111,0.030982545
18.34527778,74.44916667,0.018436148
18.34527778,74.55055556,0.031013221
18.34527778,74.55777778,0.023865763
18.34527778,74.73472222,0.016012761
18.34527778,74.75,0.004540017
18.34527778,74.76888889,0.003803798
18.34527778,74.77361111,0.004693396
18.34527778,74.775,0.004233259
18.34527778,74.78027778,0.005276235
18.34527778,74.89666667,0.022638731
18.34527778,75.3125,0.029878217
18.34555556,74.42472222,0.024571306
18.34555556,74.43805556,0.021718458
18.34555556,74.44583333,0.021104942
18.34555556,74.44861111,0.032853769
18.34555556,74.55361111,0.025859689
18.34555556,74.55472222,0.015153839
18.34555556,74.57555556,0.032025522
18.34555556,74.61166667,0.018528176
18.34555556,74.63944444,0.015399245
18.34555556,74.66222222,0.031043897
18.34555556,74.75027778,0.005429614
18.34555556,74.76916667,0.007914353
18.34555556,74.77388889,0.002177981
18.34555556,74.77527778,0.0029142
18.34555556,74.78055556,0.007178134
18.34555556,74.78666667,0.024111169
18.34555556,74.79861111,0.009233412
18.34555556,75.08611111,0.02570631
18.34583333,74.5625,0.007331513
18.34583333,74.58527778,0.015736679
18.34583333,74.60555556,0.024417927
18.34583333,74.60638889,0.013528022
18.34583333,74.60944444,0.020215344
18.34583333,74.62694444,0.025736986
18.34583333,74.75055556,0.004816099
18.34583333,74.7625,0.005859075
18.34583333,74.77416667,0.001871223
18.34583333,74.82666667,0.039142305
18.34583333,74.83944444,0.029724838
18.34611111,74.3775,0.018006687
18.34611111,74.38777778,0.016656953
18.34611111,74.55333333,0.031902819
18.34611111,74.56277778,0.002760821
18.34611111,74.58555556,0.012331667
18.34611111,74.60694444,0.02279211
18.34611111,74.66277778,0.023835087
18.34611111,74.75083333,0.004233259
18.34611111,74.76277778,0.003220958
18.34611111,74.76972222,0.002177981
18.34611111,74.77444444,0.002484739
18.34611111,74.77583333,0.00349704
18.34611111,74.78111111,0.004693396
18.34638889,74.38472222,0.025767662
18.34638889,74.44222222,0.021534403
18.34638889,74.54638889,0.034479585
18.34638889,74.56083333,0.025829013
18.34638889,74.56305556,0.006595294
18.34638889,74.57138889,0.02978619
18.34638889,74.60722222,0.025154146
18.34638889,74.62888889,0.030277002
18.34638889,74.63027778,0.013681401
18.34638889,74.75111111,0.00407988
18.34638889,74.76305556,0.001871223
18.34638889,74.77,0.007331513
18.34638889,74.77472222,0.015429921
18.34638889,74.77611111,0.007331513
18.34638889,74.78138889,0.005552318
18.34638889,75.15305556,0.028344428
18.34638889,75.58583333,0.013528022
18.34666667,74.38555556,0.02374306
18.34666667,74.56333333,0.007024755
18.34666667,74.58611111,0.006441915
18.34666667,74.59888889,0.040154606
18.34666667,74.6075,0.016319519
18.34666667,74.63055556,0.016227492
18.34666667,74.75138889,0.004693396
18.34666667,74.76333333,0.009969631
18.34666667,74.77027778,0.003650419
18.34666667,74.775,0.012638424
18.34666667,74.77638889,0.005276235
18.34666667,74.78027778,0.023681708
18.34666667,74.78166667,0.0029142
18.34666667,74.95583333,0.03000092
18.34694444,74.40805556,0.025092794
18.34694444,74.56361111,0.007484892
18.34694444,74.58638889,0.007178134
18.34694444,74.59888889,0.024264548
18.34694444,74.60777778,0.00837449
18.34694444,74.75166667,0.004969478
18.34694444,74.76361111,0.014264241
18.34694444,74.77527778,0.092732906
18.34694444,74.77666667,0.007914353
18.34694444,74.78194444,0.004386638
18.34694444,74.78805556,0.019693856
18.34694444,74.79666667,0.013374643
18.34694444,74.80722222,0.046197736
18.34722222,74.38027778,0.013558698
18.34722222,74.44444444,0.009816252
18.34722222,74.45083333,0.014264241
18.34722222,74.55194444,0.022055891
18.34722222,74.56388889,0.009693549
18.34722222,74.58666667,0.009846928
18.34722222,74.60805556,0.019847235
18.34722222,74.75194444,0.009846928
18.34722222,74.76388889,0.008803951
18.34722222,74.77083333,0.007331513
18.34722222,74.77555556,0.010859229
18.34722222,74.77694444,0.004233259
18.34722222,74.78222222,0.002177981
18.34722222,74.85944444,0.037639191
18.34722222,75.01472222,0.026043744
18.3475,74.54,0.028191049
18.3475,74.54305556,0.014233565
18.3475,74.56416667,0.061075493
18.3475,74.57555556,0.030307678
18.3475,74.57805556,0.011442069
18.3475,74.58694444,0.018221418
18.3475,74.60833333,0.01616614
18.3475,74.63805556,0.018926961
18.3475,74.66944444,0.035154453
18.3475,74.75222222,0.003650419
18.3475,74.76416667,0.005552318
18.3475,74.77111111,0.015276542
18.3475,74.77583333,0.004540017
18.3475,74.77722222,0.005122857
18.3475,74.7825,0.003650419
18.3475,74.8175,0.023098868
18.3475,74.84333333,0.01500046
18.3475,75.32194444,0.014908433
18.34777778,74.44527778,0.016564925
18.34777778,74.44611111,0.036872297
18.34777778,74.57555556,0.030982545
18.34777778,74.58722222,0.014847081
18.34777778,74.60833333,0.023865763
18.34777778,74.60861111,0.003803798
18.34777778,74.63416667,0.009693549
18.34777778,74.72694444,0.021749133
18.34777778,74.7525,0.011165987
18.34777778,74.76444444,0.010276389
18.34777778,74.77138889,0.001135004
18.34777778,74.77611111,0.00349704
18.34777778,74.7775,0.007914353
18.34777778,74.78277778,0.004386638
18.34805556,74.37666667,0.022025215
18.34805556,74.38472222,0.031258628
18.34805556,74.54944444,0.014386944
18.34805556,74.55138889,0.022178594
18.34805556,74.56472222,0.004540017
18.34805556,74.5875,0.021166293
18.34805556,74.60888889,0.024264548
18.34805556,74.61805556,0.005429614
18.34805556,74.62611111,0.022178594
18.34805556,74.65888889,0.023528329
18.34805556,74.75277778,0.023221571
18.34805556,74.76472222,0.002177981
18.34805556,74.77166667,0.004233259
18.34805556,74.77638889,0.002607442
18.34805556,74.77777778,0.002024602
18.34805556,74.78305556,0.004233259
18.34805556,74.89361111,0.029724838
18.34833333,74.38555556,0.022669407
18.34833333,74.44138889,0.015736679
18.34833333,74.48638889,0.022485352
18.34833333,74.54333333,0.021012915
18.34833333,74.565,0.032362956
18.34833333,74.60916667,0.003803798
18.34833333,74.61861111,0.02512347
18.34833333,74.75305556,0.004386638
18.34833333,74.765,0.007760974
18.34833333,74.77194444,0.005552318
18.34833333,74.77666667,0.002177981
18.34833333,74.77805556,0.003957177
18.34833333,74.78361111,0.005429614
18.34833333,74.83944444,0.031043897
18.34861111,74.47972222,0.020430075
18.34861111,74.56527778,0.008221111
18.34861111,74.57833333,0.026105095
18.34861111,74.58777778,0.018068039
18.34861111,74.58805556,0.005859075
18.34861111,74.60944444,0.028681861
18.34861111,74.71805556,0.014816405
18.34861111,74.72638889,0.032731065
18.34861111,74.75333333,0.025000767
18.34861111,74.7625,0.004386638
18.34861111,74.76527778,0.005429614
18.34861111,74.77222222,0.006288536
18.34861111,74.77833333,0.01012301
18.34861111,74.78388889,0.0029142
18.34861111,74.84027778,0.018068039
18.34888889,74.38361111,0.020430075
18.34888889,74.49916667,0.025583607
18.34888889,74.5525,0.031657413
18.34888889,74.58833333,0.006441915
18.34888889,74.60972222,0.032209577
18.34888889,74.75361111,0.046044357
18.34888889,74.76277778,0.00174852
18.34888889,74.76555556,0.00233136
18.34888889,74.7725,0.00349704
18.34888889,74.77861111,0.003803798
18.34888889,74.78416667,0.004969478
18.34888889,75.25972222,0.014663026
18.34916667,74.29305556,0.018804258
18.34916667,74.47277778,0.031043897
18.34916667,74.47583333,0.027792264
18.34916667,74.54444444,0.037393785
18.34916667,74.56583333,0.004969478
18.34916667,74.58861111,0.006012454
18.34916667,74.61,0.026779963
18.34916667,74.62027778,0.028681861
18.34916667,74.63111111,0.026166447
18.34916667,74.67694444,0.025000767
18.34916667,74.75388889,0.005859075
18.34916667,74.76305556,0.004969478
18.34916667,74.76583333,0.0029142
18.34916667,74.77277778,0.008650572
18.34916667,74.77888889,0.00407988
18.34916667,74.78444444,0.002484739
18.34916667,74.91833333,0.018926961
18.34916667,75.14305556,0.056412773
18.34944444,74.36416667,0.012791803
18.34944444,74.38,0.02512347
18.34944444,74.38861111,0.020307371
18.34944444,74.53944444,0.0311666
18.34944444,74.56611111,0.004693396
18.34944444,74.58888889,0.006012454
18.34944444,74.61027778,0.020430075
18.34944444,74.62083333,0.023681708
18.34944444,74.68083333,0.012178288
18.34944444,74.69638889,0.016442222
18.34944444,74.75416667,0.002177981
18.34944444,74.75694444,0.057701156
18.34944444,74.76333333,0.002760821
18.34944444,74.76611111,0.0029142
18.34944444,74.77305556,0.003803798
18.34944444,74.77916667,0.00954017
18.34944444,74.78472222,0.0029142
18.34944444,74.82694444,0.031473358
18.34944444,75.06555556,0.019479125
18.34972222,74.44888889,0.032209577
18.34972222,74.56638889,0.005705696
18.34972222,74.58916667,0.013650725
18.34972222,74.61027778,0.033835394
18.34972222,74.75444444,0.001871223
18.34972222,74.76361111,0.004386638
18.34972222,74.76638889,0.00954017
18.34972222,74.77333333,0.006165833
18.34972222,74.77944444,0.004386638
18.34972222,74.785,0.005276235
18.34972222,74.80083333,0.01674898
18.34972222,74.80972222,0.012393018
18.35,74.4175,0.02220927
18.35,74.49972222,0.018957637
18.35,74.5575,0.030277002
18.35,74.66361111,0.021779809
18.35,75.65833333,0.042087181
18.35,75.675,0.03641216
18.35027778,74.37694444,0.01674898
18.35027778,74.49166667,0.01674898
18.35027778,74.56666667,0.00837449
18.35027778,74.58944444,0.011319366
18.35027778,74.61083333,0.004969478
18.35027778,74.62722222,0.022055891
18.35027778,74.75472222,0.00233136
18.35027778,74.75805556,0.024694009
18.35027778,74.76388889,0.00174852
18.35027778,74.76694444,0.002760821
18.35027778,74.77361111,0.003220958
18.35027778,74.77972222,0.003343661
18.35027778,74.78527778,0.010429768
18.35027778,75.29888889,0.050277616
18.35055556,74.385,0.015736679
18.35055556,74.55861111,0.027792264
18.35055556,74.56694444,0.004540017
18.35055556,74.58277778,0.026105095
18.35055556,74.58972222,0.015736679
18.35055556,74.61111111,0.006165833
18.35055556,74.6275,0.028099021
18.35055556,74.645,0.013435995
18.35055556,74.755,0.004969478
18.35055556,74.76416667,0.004816099
18.35055556,74.76722222,0.0029142
18.35055556,74.77388889,0.003650419
18.35055556,74.78,0.006288536
18.35055556,74.78555556,0.003220958
18.35055556,75.63333333,0.047976932
18.35055556,75.6475,0.03954109
18.35055556,75.65861111,0.038007301
18.35083333,73.69388889,0.042915427
18.35083333,74.37972222,0.016503574
18.35083333,74.38722222,0.025491579
18.35083333,74.55916667,0.032025522
18.35083333,74.56722222,0.007178134
18.35083333,74.58305556,0.024509954
18.35083333,74.59,0.014110862
18.35083333,74.61138889,0.029264701
18.35083333,74.62777778,0.014693702
18.35083333,74.75527778,0.002760821
18.35083333,74.76444444,0.00174852
18.35083333,74.78583333,0.004233259
18.35083333,74.94,0.024264548
18.35111111,74.34333333,0.020736832
18.35111111,74.46527778,0.014847081
18.35111111,74.48277778,0.017485199
18.35111111,74.5675,0.018221418
18.35111111,74.58305556,0.02454063
18.35111111,74.59027778,0.010859229
18.35111111,74.5925,0.0554925
18.35111111,74.61166667,0.030307678
18.35111111,74.62694444,0.015736679
18.35111111,74.62805556,0.018374797
18.35111111,74.64527778,0.010552471
18.35111111,74.75555556,0.003220958
18.35111111,74.76472222,0.006902052
18.35111111,74.78611111,0.002484739
18.35111111,74.86472222,0.032086874
18.35111111,74.88222222,0.020153992
18.35111111,75.16583333,0.048805178
18.35111111,75.65055556,0.037393785
18.35138889,74.38027778,0.025522255
18.35138889,74.52305556,0.02454063
18.35138889,74.55888889,0.033927421
18.35138889,74.56777778,0.003957177
18.35138889,74.59055556,0.007024755
18.35138889,74.59361111,0.029111322
18.35138889,74.61194444,0.025736986
18.35138889,74.62833333,0.006748673
18.35138889,74.75583333,0.0029142
18.35138889,74.765,0.001871223
18.35138889,74.78638889,0.017209117
18.35166667,74.37666667,0.031657413
18.35166667,74.3875,0.019264395
18.35166667,74.55638889,0.024663333
18.35166667,74.56805556,0.015736679
18.35166667,74.59083333,0.017055738
18.35166667,74.60777778,0.012822479
18.35166667,74.61222222,0.015429921
18.35166667,74.61777778,0.018926961
18.35166667,74.62722222,0.025092794
18.35166667,74.62861111,0.005276235
18.35166667,74.66777778,0.01187153
18.35166667,74.68888889,0.000245406
18.35166667,74.75083333,0.000613516
18.35166667,74.75611111,0.003220958
18.35166667,74.76527778,0.002024602
18.35166667,74.78666667,0.006165833
18.35166667,74.8275,0.01128869
18.35166667,74.85055556,0.017209117
18.35194444,74.5575,0.030184975
18.35194444,74.55944444,0.029080647
18.35194444,74.56833333,0.003957177
18.35194444,74.59111111,0.016902359
18.35194444,74.6125,0.024694009
18.35194444,74.61277778,0.026166447
18.35194444,74.625,0.021687782
18.35194444,74.62888889,0.016902359
18.35194444,74.68916667,9.20E-05
18.35194444,74.75111111,0.000552164
18.35194444,74.75638889,0.0029142
18.35194444,74.76555556,0.003650419
18.35194444,74.77055556,0.012024909
18.35194444,74.78694444,0.0029142
18.35194444,74.80583333,0.008343814
18.35194444,75.0075,0.020276696
18.35194444,75.03361111,0.024724685
18.35194444,75.09777778,0.010583147
18.35194444,75.12611111,0.023620356
18.35194444,75.66388889,0.037700543
18.35222222,74.53444444,0.030982545
18.35222222,74.55805556,0.022485352
18.35222222,74.56833333,0.015429921
18.35222222,74.56861111,0.011319366
18.35222222,74.59138889,0.012638424
18.35222222,74.62916667,0.002484739
18.35222222,74.65388889,0.021749133
18.35222222,74.66,0.022331973
18.35222222,74.68944444,9.20E-05
18.35222222,74.75138889,0.00058284
18.35222222,74.75666667,0.003220958
18.35222222,74.76583333,0.003650419
18.35222222,74.78722222,0.005122857
18.35222222,75.02,0.023835087
18.35222222,75.84138889,0.022638731
18.3525,74.37527778,0.020736832
18.3525,74.41972222,0.045983006
18.3525,74.53444444,0.028129697
18.3525,74.55694444,0.02374306
18.3525,74.55777778,0.026013068
18.3525,74.56,0.031994846
18.3525,74.56361111,0.030645112
18.3525,74.56861111,0.015859382
18.3525,74.56888889,0.007914353
18.3525,74.59166667,0.01616614
18.3525,74.61305556,0.01070585
18.3525,74.63138889,0.026319826
18.3525,74.68972222,6.14E-05
18.3525,74.75166667,0.000674867
18.3525,74.75694444,0.00233136
18.3525,74.76611111,0.057394399
18.3525,74.7875,0.002607442
18.3525,74.79361111,0.024694009
18.3525,74.8775,0.047823553
18.3525,74.98694444,0.024571306
18.3525,75.20333333,0.016779656
18.3525,75.30277778,0.020859536
18.35277778,74.38638889,0.023620356
18.35277778,74.55805556,0.030614436
18.35277778,74.56916667,0.007760974
18.35277778,74.585,0.023865763
18.35277778,74.59194444,0.013528022
18.35277778,74.61333333,0.009233412
18.35277778,74.61388889,0.057977239
18.35277778,74.62972222,0.023221571
18.35277778,74.63166667,0.01536857
18.35277778,74.65861111,0.016564925
18.35277778,74.68305556,0.016288843
18.35277778,74.69,0.029111322
18.35277778,74.75194444,0.000613516
18.35277778,74.75722222,0.003957177
18.35277778,74.76638889,0.01733182
18.35277778,74.78777778,0.0029142
18.35277778,74.88666667,0.043528943
18.35305556,74.37916667,0.024847388
18.35305556,74.55833333,0.012239639
18.35305556,74.56055556,0.029080647
18.35305556,74.56416667,0.036473511
18.35305556,74.56944444,0.006748673
18.35305556,74.59222222,0.006748673
18.35305556,74.61361111,0.009110709
18.35305556,74.63,0.009969631
18.35305556,74.67111111,0.007484892
18.35305556,74.69027778,6.14E-05
18.35305556,74.75222222,0.000766895
18.35305556,74.7575,0.002760821
18.35305556,74.76694444,0.005276235
18.35305556,74.78805556,0.005276235
18.35305556,74.82138889,0.040031903
18.35305556,74.96972222,0.030154299
18.35305556,75.52277778,0.03524648
18.35333333,74.32166667,0.016595601
18.35333333,74.41861111,0.02220927
18.35333333,74.45444444,0.018068039
18.35333333,74.56277778,0.024786036
18.35333333,74.56972222,0.006288536
18.35333333,74.58555556,0.024509954
18.35333333,74.5925,0.007178134
18.35333333,74.61388889,0.00233136
18.35333333,74.62416667,0.022945489
18.35333333,74.63027778,0.012485046
18.35333333,74.63444444,0.017239793
18.35333333,74.67166667,0.017209117
18.35333333,74.69055556,0.012638424
18.35333333,74.70666667,0.036473511
18.35333333,74.7525,0.000368109
18.35333333,74.75777778,0.003650419
18.35333333,74.76722222,0.011165987
18.35333333,74.78833333,0.006288536
18.35333333,74.85972222,0.046504494
18.35333333,75.30527778,0.047148686
18.35361111,74.57,0.007638271
18.35361111,74.58583333,0.044909353
18.35361111,74.59277778,0.015429921
18.35361111,74.61416667,0.013804104
18.35361111,74.62,0.023252247
18.35361111,74.63055556,0.01674898
18.35361111,74.69083333,0.014540323
18.35361111,74.75277778,0.000613516
18.35361111,74.75805556,0.009386791
18.35361111,74.7675,0.003650419
18.35361111,74.78861111,0.004233259
18.35361111,74.79083333,0.029571459
18.35361111,74.9125,0.034264855
18.35361111,74.96083333,0.024111169
18.35361111,75.66027778,0.038314059
18.35388889,73.38638889,0.013466671
18.35388889,74.56333333,0.021779809
18.35388889,74.57027778,0.008221111
18.35388889,74.57055556,0.011595448
18.35388889,74.59305556,0.012914507
18.35388889,74.61444444,0.020890211
18.35388889,74.62972222,0.013190589
18.35388889,74.63083333,0.015859382
18.35388889,74.69111111,6.14E-05
18.35388889,74.75305556,0.00058284
18.35388889,74.76777778,0.005122857
18.35388889,74.78888889,0.003343661
18.35388889,74.86166667,0.00407988
18.35388889,75.22222222,0.019141691
18.35388889,75.66055556,0.038283383
18.35416667,74.19138889,0.000153379
18.35416667,74.38444444,0.022454677
18.35416667,74.43527778,0.021902512
18.35416667,74.46527778,0.018681555
18.35416667,74.5175,0.017209117
18.35416667,74.57222222,0.012024909
18.35416667,74.59333333,0.020000614
18.35416667,74.61138889,0.018190742
18.35416667,74.61472222,0.023528329
18.35416667,74.61583333,0.024939415
18.35416667,74.61888889,0.015552624
18.35416667,74.61944444,0.01616614
18.35416667,74.63111111,0.038559465
18.35416667,74.66027778,0.018650879
18.35416667,74.66416667,0.009386791
18.35416667,74.69138889,3.07E-05
18.35416667,74.75333333,0.000613516
18.35416667,74.75861111,0.0029142
18.35416667,74.76805556,0.008067732
18.35416667,74.78916667,0.005859075
18.35416667,74.96916667,0.031043897
18.35416667,75.63722222,0.046289763
18.35444444,74.29916667,0.025000767
18.35444444,74.38583333,0.022025215
18.35444444,74.57083333,0.014693702
18.35444444,74.59361111,0.027945643
18.35444444,74.615,0.016595601
18.35444444,74.63138889,0.013957483
18.35444444,74.63527778,0.021718458
18.35444444,74.69027778,0.032209577
18.35444444,74.69166667,0.000214731
18.35444444,74.70694444,0.020430075
18.35444444,74.74833333,0.028375104
18.35444444,74.75888889,0.004693396
18.35444444,74.76833333,0.006165833
18.35444444,74.78944444,0.003650419
18.35444444,74.88388889,0.013773429
18.35444444,75.43333333,0.031013221
18.35472222,74.01583333,0.049357342
18.35472222,74.37611111,0.025092794
18.35472222,74.42027778,0.01070585
18.35472222,74.55111111,0.03211755
18.35472222,74.56694444,0.013466671
18.35472222,74.59388889,0.020736832
18.35472222,74.61527778,0.016012761
18.35472222,74.63166667,0.018804258
18.35472222,74.69194444,0.000214731
18.35472222,74.73416667,0.020153992
18.35472222,74.75388889,0.00079757
18.35472222,74.75916667,0.002484739
18.35472222,74.76861111,0.002760821
18.35472222,74.78972222,0.004540017
18.35472222,74.83,0.011012608
18.35472222,75.63833333,0.049357342
18.35472222,75.63972222,0.049357342
18.35472222,75.6425,0.037087027
18.355,73.74,0.024509954
18.355,74.59416667,0.017485199
18.355,74.59944444,0.024571306
18.355,74.60722222,0.017607902
18.355,74.61555556,0.02220927
18.355,74.62083333,0.014816405
18.355,74.63194444,0.016595601
18.355,74.64944444,0.020276696
18.355,74.69222222,0.000122703
18.355,74.75416667,0.000490813
18.355,74.75944444,0.00233136
18.355,74.76888889,0.006748673
18.355,74.79,0.003650419
18.355,74.89083333,0.031197276
18.355,75.00083333,0.021319672
18.355,75.63972222,0.037393785
18.355,75.66388889,0.034326206
18.355,75.67444444,0.031412007
18.355,75.675,0.049357342
18.35527778,74.42527778,0.014110862
18.35527778,74.57166667,0.006902052
18.35527778,74.59444444,0.018068039
18.35527778,74.6075,0.009662873
18.35527778,74.61583333,0.01733182
18.35527778,74.63166667,0.019233719
18.35527778,74.63222222,0.016595601
18.35527778,74.6925,6.14E-05
18.35527778,74.75444444,0.000552164
18.35527778,74.75972222,0.006441915
18.35527778,74.79027778,0.004386638
18.35527778,74.93583333,0.00407988
18.35527778,75.01416667,0.028804565
18.35527778,75.67333333,0.047056658
18.35555556,74.43361111,0.02220927
18.35555556,74.57194444,0.008067732
18.35555556,74.59472222,0.007638271
18.35555556,74.60777778,0.015798031
18.35555556,74.61611111,0.007760974
18.35555556,74.62777778,0.016779656
18.35555556,74.6325,0.019264395
18.35555556,74.64083333,0.013190589
18.35555556,74.6875,0.018528176
18.35555556,74.69277778,0.000276082
18.35555556,74.75472222,0.000368109
18.35555556,74.76,0.003343661
18.35555556,74.76944444,0.00349704
18.35555556,74.79055556,0.002484739
18.35555556,75.63972222,0.046289763
18.35583333,74.39194444,0.019264395
18.35583333,74.50805556,0.024694009
18.35583333,74.57222222,0.01012301
18.35583333,74.595,0.012331667
18.35583333,74.61638889,0.012791803
18.35583333,74.6275,0.049295991
18.35583333,74.63277778,0.017791957
18.35583333,74.69305556,3.07E-05
18.35583333,74.755,0.000521488
18.35583333,74.76027778,0.002760821
18.35583333,74.76972222,0.003803798
18.35583333,74.79083333,0.002760821
18.35583333,74.82444444,0.036350808
18.35583333,74.84805556,0.015276542
18.35583333,74.87805556,0.031197276
18.35583333,75.07888889,0.023804411
18.35583333,75.64,0.038314059
18.35583333,75.65583333,0.034019448
18.35611111,74.38888889,0.015920734
18.35611111,74.5725,0.005613669
18.35611111,74.57916667,0.016074113
18.35611111,74.59527778,0.012791803
18.35611111,74.61666667,0.013528022
18.35611111,74.625,0.013098561
18.35611111,74.69055556,0
18.35611111,74.69333333,0.000122703
18.35611111,74.75527778,0.000490813
18.35611111,74.76055556,0.002607442
18.35611111,74.77,0.005122857
18.35611111,74.79111111,0.003220958
18.35611111,74.8175,0.047240713
18.35611111,74.84583333,0.034264855
18.35611111,74.90916667,0.020430075
18.35611111,75.63944444,0.034019448
18.35611111,75.64055556,0.040461364
18.35611111,75.6425,0.04653517
18.35611111,75.64555556,0.031197276
18.35638889,74.20694444,0.034264855
18.35638889,74.48583333,0.02337495
18.35638889,74.59555556,0.01616614
18.35638889,74.60305556,0.012116936
18.35638889,74.61694444,0.013221264
18.35638889,74.62666667,0.019141691
18.35638889,74.69361111,0.000276082
18.35638889,74.71777778,0.012914507
18.35638889,74.75555556,0.000644192
18.35638889,74.76083333,0.002607442
18.35638889,74.77027778,0.004693396
18.35638889,74.79138889,0.00174852
18.35638889,74.8175,0.031780116
18.35638889,74.86,0.027362803
18.35638889,74.905,0.031197276
18.35638889,75.63944444,0.032516335
18.35666667,74.57305556,0.011902206
18.35666667,74.59583333,0.022485352
18.35666667,74.60888889,0.012761128
18.35666667,74.61722222,0.009846928
18.35666667,74.61777778,0.032485659
18.35666667,74.62722222,0.021871837
18.35666667,74.69388889,0.000276082
18.35666667,74.75583333,0.000552164
18.35666667,74.76111111,0.006288536
18.35666667,74.77055556,0.002177981
18.35666667,74.79166667,0.015736679
18.35666667,74.81833333,0.040890825
18.35666667,74.82055556,0.020736832
18.35666667,74.88444444,0.025583607
18.35666667,74.90361111,0.0467499
18.35666667,75.64722222,0.038835547
18.35666667,75.64861111,0.047056658
18.35666667,75.65611111,0.049357342
18.35666667,75.65638889,0.037087027
18.35666667,75.65916667,0.056412773
18.35694444,74.59611111,0.013957483
18.35694444,74.59833333,0.018957637
18.35694444,74.60916667,0.016350195
18.35694444,74.6175,0.018374797
18.35694444,74.69416667,0.000122703
18.35694444,74.75611111,0.000460137
18.35694444,74.76138889,0.003343661
18.35694444,74.77083333,0.006288536
18.35694444,74.78777778,0.055615203
18.35694444,74.79194444,0.002607442
18.35694444,74.8075,0.045614896
18.35694444,74.84972222,0.029019295
18.35694444,74.87333333,0.026043744
18.35694444,74.87611111,0.027792264
18.35694444,74.94638889,0.049418694
18.35694444,75.25277778,0.047823553
18.35694444,75.31666667,0.031810792
18.35694444,75.33083333,0.025215497
18.35722222,74.57388889,0.024694009
18.35722222,74.57638889,0.003650419
18.35722222,74.59638889,0.012638424
18.35722222,74.60944444,0.01871223
18.35722222,74.61777778,0.008497193
18.35722222,74.69444444,0.000214731
18.35722222,74.7025,0.020951563
18.35722222,74.75638889,0.000674867
18.35722222,74.76166667,0.004816099
18.35722222,74.76444444,0.047394092
18.35722222,74.77111111,0.006165833
18.35722222,74.79222222,0.055921961
18.35722222,74.91472222,0.025000767
18.35722222,75.65944444,0.043528943
18.35722222,75.66055556,0.034326206
18.3575,74.38722222,0.009785576
18.3575,74.57361111,0.007331513
18.3575,74.57388889,0.00895733
18.3575,74.59666667,0.016902359
18.3575,74.61805556,0.016012761
18.3575,74.63694444,0.017178441
18.3575,74.69472222,0.000184055
18.3575,74.70138889,0.030154299
18.3575,74.75666667,0.000521488
18.3575,74.76194444,0.003957177
18.3575,74.77138889,0.00407988
18.3575,74.7925,0.002177981
18.3575,74.82444444,0.027485506
18.3575,75.64361111,0.040154606
18.3575,75.65944444,0.031258628
18.3575,75.65972222,0.034019448
18.35777778,74.38722222,0.01362005
18.35777778,74.49722222,0.021319672
18.35777778,74.57388889,0.009969631
18.35777778,74.57416667,0.012791803
18.35777778,74.59694444,0.018068039
18.35777778,74.61,0.013435995
18.35777778,74.61833333,0.024571306
18.35777778,74.63277778,0.018436148
18.35777778,74.69083333,0.050185589
18.35777778,74.695,0.000153379
18.35777778,74.75694444,0.000460137
18.35777778,74.76222222,0.003803798
18.35777778,74.77166667,0.007024755
18.35777778,74.79277778,0.005276235
18.35777778,75.02194444,0.012761128
18.35777778,75.29694444,0.050277616
18.35805556,74.57416667,0.011442069
18.35805556,74.57444444,0.005705696
18.35805556,74.59722222,0.017055738
18.35805556,74.61027778,0.015399245
18.35805556,74.61861111,0.012331667
18.35805556,74.63666667,0.017515875
18.35805556,74.68333333,0.065768889
18.35805556,74.69527778,0.000245406
18.35805556,74.75722222,0.000613516
18.35805556,74.7625,0.004816099
18.35805556,74.77194444,0.003957177
18.35805556,74.79305556,0.001441762
18.35805556,74.79388889,0.014386944
18.35805556,74.86722222,0.027638885
18.35833333,74.45416667,0.016227492
18.35833333,74.49166667,0.019264395
18.35833333,74.50666667,0.009386791
18.35833333,74.57444444,0.026779963
18.35833333,74.57472222,0.006165833
18.35833333,74.575,0.012024909
18.35833333,74.5975,0.009969631
18.35833333,74.61027778,0.025399552
18.35833333,74.61888889,0.018804258
18.35833333,74.63694444,0.013159913
18.35833333,74.63722222,0.020522102
18.35833333,74.64333333,0.011319366
18.35833333,74.69555556,0.000184055
18.35833333,74.7575,0.000521488
18.35833333,74.76277778,0.003650419
18.35833333,74.77222222,0.002484739
18.35833333,74.77611111,0.026319826
18.35833333,74.79333333,0.00407988
18.35861111,74.38916667,0.013466671
18.35861111,74.49194444,0.045921654
18.35861111,74.54611111,0.022178594
18.35861111,74.57472222,0.014264241
18.35861111,74.575,0.004969478
18.35861111,74.59777778,0.016472898
18.35861111,74.61055556,0.022546704
18.35861111,74.6225,0.055185742
18.35861111,74.6375,0.022516028
18.35861111,74.69583333,0.000122703
18.35861111,74.75777778,0.000368109
18.35861111,74.76305556,0.006012454
18.35861111,74.7725,0.006441915
18.35861111,74.79361111,0.002484739
18.35861111,74.81944444,0.020430075
18.35861111,74.82361111,0.018006687
18.35861111,74.85861111,0.03524648
18.35861111,74.94916667,0.01128869
18.35888889,74.39055556,0.017147765
18.35888889,74.40138889,0.027546857
18.35888889,74.49027778,0.019387098
18.35888889,74.49222222,0.013957483
18.35888889,74.575,0.011595448
18.35888889,74.57527778,0.004816099
18.35888889,74.59805556,0.021902512
18.35888889,74.59833333,0.013067886
18.35888889,74.61916667,0.0029142
18.35888889,74.61944444,0.0282524
18.35888889,74.63111111,0.024939415
18.35888889,74.64,0.0155833
18.35888889,74.69611111,0
18.35888889,74.75805556,0.000613516
18.35888889,74.76333333,0.042670021
18.35888889,74.77277778,0.002760821
18.35888889,74.79388889,0.002024602
18.35888889,75.64166667,0.035001074
18.35916667,74.37527778,0.018804258
18.35916667,74.39027778,0.064388478
18.35916667,74.39194444,0.025307525
18.35916667,74.3925,0.006441915
18.35916667,74.41916667,0.036780269
18.35916667,74.4925,0.008221111
18.35916667,74.57527778,0.017055738
18.35916667,74.57555556,0.002024602
18.35916667,74.58833333,0.025430228
18.35916667,74.61972222,0.028681861
18.35916667,74.63694444,0.022945489
18.35916667,74.68888889,0.000337434
18.35916667,74.69638889,0.000122703
18.35916667,74.76361111,0.002177981
18.35916667,74.77305556,0.00349704
18.35916667,74.79416667,0.0029142
18.35916667,75.18833333,0.023804411
18.35916667,75.64,0.034939722
18.35916667,75.6425,0.04653517
18.35916667,75.64305556,0.034050124
18.35916667,75.64555556,0.048007608
18.35916667,75.64611111,0.044326513
18.35916667,75.65833333,0.038620817
18.35944444,74.49277778,0.047394092
18.35944444,74.53444444,0.01616614
18.35944444,74.56805556,0.01674898
18.35944444,74.57555556,0.019264395
18.35944444,74.57583333,0.004386638
18.35944444,74.59861111,0.009846928
18.35944444,74.62,0.017485199
18.35944444,74.64027778,0.027945643
18.35944444,74.67694444,0.017945336
18.35944444,74.68916667,0.000337434
18.35944444,74.69666667,0.000644192
18.35944444,74.74666667,0.000276082
18.35944444,74.76388889,0.003957177
18.35944444,74.77333333,0.004386638
18.35944444,74.79444444,0.004693396
18.35944444,74.92166667,0.033589987
18.35944444,75.07138889,0.008221111
18.35944444,75.63944444,0.046443142
18.35944444,75.64277778,0.052424921
18.35944444,75.64305556,0.056412773
18.35944444,75.64722222,0.045522869
18.35944444,75.65888889,0.040154606
18.35944444,75.66083333,0.035706617
18.35972222,74.21527778,0.026197123
18.35972222,74.22361111,0.027546857
18.35972222,74.49305556,0.02883524
18.35972222,74.57611111,0.003650419
18.35972222,74.59888889,0.01616614
18.35972222,74.60444444,0.017055738
18.35972222,74.62027778,0.018221418
18.35972222,74.6275,0.031473358
18.35972222,74.67694444,0.016595601
18.35972222,74.68944444,0.000490813
18.35972222,74.69166667,0.033099175
18.35972222,74.69694444,9.20E-05
18.35972222,74.76416667,0.004233259
18.35972222,74.77361111,0.002024602
18.35972222,74.79472222,0.006165833
18.35972222,74.91138889,0.045860302
18.36,74.44,0.030921194
18.36,74.44777778,0.022853462
18.36,74.49333333,0.042363263
18.36,74.57611111,0.018957637
18.36,74.59916667,0.012178288
18.36,74.62027778,0.006441915
18.36,74.63083333,0.025614283
18.36,74.68972222,0.000306758
18.36,74.69722222,0.000276082
18.36,74.76444444,0.003650419
18.36,74.77388889,0.006595294
18.36,74.795,0.011595448
18.36,74.86305556,0.018528176
18.36,74.87388889,0.044295837
18.36,75.65944444,0.046289763
18.36,75.66055556,0.049480045
18.36,75.66083333,0.035553238
18.36,75.66361111,0.038927574
18.36,75.67472222,0.034326206
18.36027778,74.0275,0.043528943
18.36027778,74.49361111,0.029111322
18.36027778,74.53888889,0.019387098
18.36027778,74.57583333,0.021166293
18.36027778,74.57638889,0.01616614
18.36027778,74.57666667,0.008067732
18.36027778,74.59944444,0.009846928
18.36027778,74.60444444,0.022914813
18.36027778,74.62083333,0.017945336
18.36027778,74.63277778,0.020153992
18.36027778,74.69,0.000460137
18.36027778,74.6975,0.000184055
18.36027778,74.70333333,0.02337495
18.36027778,74.76472222,0.003343661
18.36027778,74.77416667,0.0029142
18.36027778,74.9225,0.035123777
18.36027778,75.22055556,0.049357342
18.36027778,75.24527778,0.00349704
18.36027778,75.65,0.041688395
18.36027778,75.65944444,0.024203196
18.36027778,75.66027778,0.04107488
18.36027778,75.66944444,0.034326206
18.36027778,75.67166667,0.03524648
18.36027778,75.67222222,0.038314059
18.36027778,75.67527778,0.038314059
18.36027778,75.67555556,0.03524648
18.36055556,74.3875,0.020736832
18.36055556,74.49388889,0.037516488
18.36055556,74.51,0.009662873
18.36055556,74.57666667,0.014264241
18.36055556,74.57694444,0.011902206
18.36055556,74.59972222,0.011748827
18.36055556,74.62111111,0.007914353
18.36055556,74.6325,0.016687628
18.36055556,74.63861111,0.015736679
18.36055556,74.64972222,0.043406239
18.36055556,74.66,0.031043897
18.36055556,74.68222222,0.019233719
18.36055556,74.69027778,0.00058284
18.36055556,74.69777778,0.000214731
18.36055556,74.765,0.005276235
18.36055556,74.77444444,0.004386638
18.36055556,74.79555556,0.002177981
18.36055556,75.63361111,0.026043744
18.36055556,75.67222222,0.029724838
18.36083333,74.35916667,0.029571459
18.36083333,74.44138889,0.026043744
18.36083333,74.49416667,0.012178288
18.36083333,74.57694444,0.003803798
18.36083333,74.57722222,0.011595448
18.36083333,74.6,0.0155833
18.36083333,74.61416667,0.013343968
18.36083333,74.62138889,0.016319519
18.36083333,74.62638889,0.025154146
18.36083333,74.63194444,0.054449523
18.36083333,74.64777778,0.025430228
18.36083333,74.65027778,0.022700083
18.36083333,74.69055556,0.000490813
18.36083333,74.69305556,0.064909967
18.36083333,74.69805556,6.14E-05
18.36083333,74.76527778,0.003650419
18.36083333,74.77472222,0.004386638
18.36083333,74.79583333,0.004386638
18.36083333,74.9725,0.025154146
18.36083333,75.64,0.035859996
18.36083333,75.64083333,0.032792417
18.36111111,74.47111111,0.013497347
18.36111111,74.49444444,0.030461057
18.36111111,74.55972222,0.033252554
18.36111111,74.57722222,0.016472898
18.36111111,74.5775,0.007178134
18.36111111,74.60027778,0.006288536
18.36111111,74.60888889,0.037823246
18.36111111,74.61444444,0.027485506
18.36111111,74.62166667,0.018804258
18.36111111,74.69083333,0.000337434
18.36111111,74.69833333,0.000245406
18.36111111,74.76555556,0.005429614
18.36111111,74.775,0.004233259
18.36111111,74.79611111,0.009846928
18.36111111,74.8975,0.004908126
18.36111111,74.91972222,0.049357342
18.36111111,74.97222222,0.025583607
18.36111111,75.05666667,0.023804411
18.36138889,74.49472222,0.010429768
18.36138889,74.5775,0.01616614
18.36138889,74.57777778,0.029571459
18.36138889,74.58444444,0.01674898
18.36138889,74.60055556,0.013067886
18.36138889,74.62194444,0.017791957
18.36138889,74.63333333,0.053099788
18.36138889,74.65083333,0.024939415
18.36138889,74.69111111,0.000644192
18.36138889,74.69861111,3.07E-05
18.36138889,74.76583333,0.003803798
18.36138889,74.77527778,0.006748673
18.36138889,74.79638889,0.002760821
18.36138889,74.86638889,0.043406239
18.36138889,75.64722222,0.050584374
18.36166667,74.495,0.005859075
18.36166667,74.57777778,0.005552318
18.36166667,74.57805556,0.004540017
18.36166667,74.60083333,0.015859382
18.36166667,74.62222222,0.004693396
18.36166667,74.63972222,0.022516028
18.36166667,74.69138889,0.000460137
18.36166667,74.69888889,0.000184055
18.36166667,74.76611111,0.003957177
18.36166667,74.77555556,0.00349704
18.36166667,74.78277778,0.014816405
18.36166667,74.79666667,0.004969478
18.36166667,74.82833333,0.028099021
18.36166667,74.84277778,0.025430228
18.36166667,75.05833333,0.016595601
18.36166667,75.14055556,0.02220927
18.36166667,75.15138889,0.014939109
18.36166667,75.33083333,0.016810332
18.36194444,74.43472222,0.021871837
18.36194444,74.48861111,0.026043744
18.36194444,74.49527778,0.043252861
18.36194444,74.57833333,0.014110862
18.36194444,74.60111111,0.011595448
18.36194444,74.6225,0.012055585
18.36194444,74.69166667,0.000368109
18.36194444,74.69916667,6.14E-05
18.36194444,74.71555556,0.015706003
18.36194444,74.76638889,0.003220958
18.36194444,74.77583333,0.007024755
18.36194444,74.79694444,0.001441762
18.36194444,75.64861111,0.036473511
18.36222222,74.49555556,0.009969631
18.36222222,74.57861111,0.003220958
18.36222222,74.60138889,0.012914507
18.36222222,74.62277778,0.005705696
18.36222222,74.69194444,0.000889598
18.36222222,74.69944444,0.000214731
18.36222222,74.76694444,0.00174852
18.36222222,74.77611111,0.007178134
18.36222222,74.79722222,0.00407988
18.36222222,75.64555556,0.041197583
18.36222222,75.64722222,0.041258934
18.36222222,75.65277778,0.034019448
18.36222222,75.66388889,0.026657259
18.3625,74.42888889,0.022055891
18.3625,74.44,0.027546857
18.3625,74.48027778,0.027546857
18.3625,74.49583333,0.004693396
18.3625,74.57888889,0.030277002
18.3625,74.60166667,0.018681555
18.3625,74.62305556,0.005552318
18.3625,74.69222222,0.000736219
18.3625,74.69972222,6.14E-05
18.3625,74.71666667,0.025736986
18.3625,74.76722222,0.003650419
18.3625,74.77638889,0.007484892
18.3625,74.79305556,0.02395779
18.3625,74.7975,0.003220958
18.3625,74.91333333,0.034939722
18.36277778,74.49611111,0.013528022
18.36277778,74.57916667,0.01616614
18.36277778,74.58027778,0.027608209
18.36277778,74.60166667,0.014386944
18.36277778,74.615,0.0184975
18.36277778,74.62333333,0.010583147
18.36277778,74.67777778,0.058866836
18.36277778,74.6925,0.000306758
18.36277778,74.70027778,0.000276082
18.36277778,74.7675,0.002024602
18.36277778,74.77027778,0.012914507
18.36277778,74.77666667,0.008221111
18.36277778,74.79777778,0.005122857
18.36277778,74.82527778,0.020276696
18.36277778,74.8625,0.039571766
18.36277778,74.90222222,0.035706617
18.36277778,75.00388889,0.023589681
18.36277778,75.06694444,0.018344121
18.36277778,75.12805556,0.031565385
18.36305556,74.49638889,0.007270162
18.36305556,74.57944444,0.007331513
18.36305556,74.60222222,0.0155833
18.36305556,74.61222222,0.015828706
18.36305556,74.62361111,0.00895733
18.36305556,74.66416667,0.05724102
18.36305556,74.69277778,0.000460137
18.36305556,74.70055556,9.20E-05
18.36305556,74.7625,0.003220958
18.36305556,74.76777778,0.004816099
18.36305556,74.79805556,0.002177981
18.36305556,75.06888889,0.030246327
18.36305556,75.65916667,0.035430535
18.36333333,74.40611111,0.019264395
18.36333333,74.42861111,0.022147919
18.36333333,74.43166667,0.022055891
18.36333333,74.48416667,0.027362803
18.36333333,74.49666667,0.002484739
18.36333333,74.57972222,0.024417927
18.36333333,74.6025,0.012055585
18.36333333,74.60277778,0.016902359
18.36333333,74.6125,0.019111016
18.36333333,74.62388889,0.017638578
18.36333333,74.69305556,0.000460137
18.36333333,74.70083333,0.000184055
18.36333333,74.76277778,0.006748673
18.36333333,74.76805556,0.004233259
18.36333333,74.79833333,0.003650419
18.36333333,74.84583333,0.051504647
18.36361111,74.43111111,0.02883524
18.36361111,74.49694444,0.041780423
18.36361111,74.58,0.019847235
18.36361111,74.58111111,0.030982545
18.36361111,74.62416667,0.007638271
18.36361111,74.69333333,0.000276082
18.36361111,74.70111111,6.14E-05
18.36361111,74.76305556,0.002177981
18.36361111,74.76833333,0.003650419
18.36361111,74.79861111,0.002024602
18.36361111,74.82472222,0.018068039
18.36361111,75.15027778,0.018436148
18.36361111,75.15333333,0.028467131
18.36388889,74.49722222,0.036350808
18.36388889,74.58027778,0.013374643
18.36388889,74.59888889,0.033835394
18.36388889,74.60305556,0.015276542
18.36388889,74.62444444,0.015123163
18.36388889,74.67277778,0.006441915
18.36388889,74.69361111,0.000368109
18.36388889,74.69722222,0.014386944
18.36388889,74.70138889,0.000214731
18.36388889,74.76333333,0.009693549
18.36388889,74.76861111,0.003343661
18.36388889,74.79888889,0.004386638
18.36388889,74.82777778,0.021166293
18.36416667,74.4975,0.037087027
18.36416667,74.60333333,0.013528022
18.36416667,74.62472222,0.020890211
18.36416667,74.69388889,0.000276082
18.36416667,74.70166667,0.042976778
18.36416667,74.76361111,0.010429768
18.36416667,74.76888889,0.004969478
18.36416667,74.79916667,0.002177981
18.36416667,75.64555556,0.04478665
18.36444444,74.49777778,0.030461057
18.36444444,74.57027778,0.039847848
18.36444444,74.58083333,0.011442069
18.36444444,74.58166667,0.012515721
18.36444444,74.60361111,0.015123163
18.36444444,74.625,0.024694009
18.36444444,74.69416667,0.000460137
18.36444444,74.70194444,6.14E-05
18.36444444,74.76388889,0.001441762
18.36444444,74.76916667,0.005276235
18.36444444,74.79944444,0.007024755
18.36444444,74.93472222,0.01500046
18.36472222,74.02416667,0.026657259
18.36472222,74.13805556,0.040154606
18.36472222,74.15416667,0.042301911
18.36472222,74.15472222,0.038099328
18.36472222,74.43194444,0.02220927
18.36472222,74.49805556,0.022485352
18.36472222,74.58111111,0.018374797
18.36472222,74.60388889,0.014847081
18.36472222,74.62527778,0.015123163
18.36472222,74.64305556,0.020706157
18.36472222,74.69,0.062977392
18.36472222,74.69444444,0.000337434
18.36472222,74.70222222,0.000122703
18.36472222,74.76416667,0.004540017
18.36472222,74.76944444,0.004693396
18.36472222,74.79972222,0.004233259
18.36472222,74.93083333,0.031626737
18.36472222,75.14805556,0.009601522
18.36472222,75.37083333,0.023589681
18.36472222,75.46527778,0.035553238
18.36472222,75.66944444,0.031258628
18.365,74.21527778,0.027546857
18.365,74.43194444,0.022147919
18.365,74.4325,0.021871837
18.365,74.49833333,0.00837449
18.365,74.54555556,0.019141691
18.365,74.58138889,0.009969631
18.365,74.59388889,0.019264395
18.365,74.60416667,0.007638271
18.365,74.62555556,0.017055738
18.365,74.69472222,0.000306758
18.365,74.7025,6.14E-05
18.365,74.73722222,0.024694009
18.365,74.76444444,0.002760821
18.365,74.76972222,0.004386638
18.365,74.80027778,0.002607442
18.365,74.8225,0.017055738
18.365,74.91694444,0.016595601
18.365,75.62055556,0.019509801
18.365,75.64,0.037393785
18.365,75.65277778,0.056259394
18.365,75.67111111,0.049357342
18.36527778,74.23888889,0.021473051
18.36527778,74.24027778,0.020736832
18.36527778,74.49861111,0.005429614
18.36527778,74.58166667,0.008803951
18.36527778,74.5825,0.012485046
18.36527778,74.58555556,0.033375257
18.36527778,74.62583333,0.017638578
18.36527778,74.62944444,0.025338201
18.36527778,74.63694444,0.024632657
18.36527778,74.64027778,0.051934108
18.36527778,74.66166667,0.022638731
18.36527778,74.70277778,0.000153379
18.36527778,74.7075,0.038406086
18.36527778,74.76472222,0.015736679
18.36527778,74.77,0.003650419
18.36527778,74.80055556,0.002607442
18.36527778,74.91722222,0.024694009
18.36555556,74.40138889,0.027546857
18.36555556,74.49888889,0.027209424
18.36555556,74.58194444,0.010276389
18.36555556,74.60472222,0.015123163
18.36555556,74.62611111,0.019417774
18.36555556,74.70305556,3.07E-05
18.36555556,74.72027778,0.015706003
18.36555556,74.765,0.0029142
18.36555556,74.77027778,0.004969478
18.36555556,74.77333333,0.014386944
18.36555556,74.80083333,0.006748673
18.36555556,75.13444444,0.02162643
18.36583333,74.49916667,0.009233412
18.36583333,74.58222222,0.025736986
18.36583333,74.59472222,0.023835087
18.36583333,74.605,0.009969631
18.36583333,74.62638889,0.0282524
18.36583333,74.70333333,6.14E-05
18.36583333,74.71666667,0.027209424
18.36583333,74.76527778,0.009110709
18.36583333,74.77055556,0.006748673
18.36583333,74.80111111,0.001441762
18.36611111,74.49944444,0.017055738
18.36611111,74.55083333,0.013804104
18.36611111,74.5825,0.011319366
18.36611111,74.58333333,0.023804411
18.36611111,74.60527778,0.011012608
18.36611111,74.62666667,0.017945336
18.36611111,74.70361111,0
18.36611111,74.76555556,0.008221111
18.36611111,74.77083333,0.005552318
18.36611111,74.80138889,0.008221111
18.36638889,74.45472222,0.022914813
18.36638889,74.49972222,0.005859075
18.36638889,74.58277778,0.008803951
18.36638889,74.585,0.029049971
18.36638889,74.60555556,0.015736679
18.36638889,74.61527778,0.031319979
18.36638889,74.67527778,0.015276542
18.36638889,74.68194444,0.016012761
18.36638889,74.70388889,3.07E-05
18.36638889,74.74166667,0.02395779
18.36638889,74.76583333,0.007024755
18.36638889,74.77111111,0.003650419
18.36638889,74.80166667,0.004233259
18.36666667,74.50027778,0.022485352
18.36666667,74.59583333,0.031043897
18.36666667,74.59666667,0.020583453
18.36666667,74.60416667,0.022270622
18.36666667,74.60972222,0.011748827
18.36666667,74.70416667,0
18.36666667,74.84222222,0.019540477
18.36666667,75.13638889,0.02512347
18.36666667,75.26305556,0.031197276
18.36694444,74.50055556,0.020153992
18.36694444,74.58305556,0.009049357
18.36694444,74.60583333,0.012485046
18.36694444,74.63777778,0.015736679
18.36694444,74.64527778,0.020092641
18.36694444,74.70444444,0.000368109
18.36694444,74.76611111,0.002607442
18.36694444,74.77138889,0.004233259
18.36694444,74.80194444,0.002607442
18.36694444,74.84833333,0.057639805
18.36722222,74.50083333,0.028681861
18.36722222,74.58333333,0.011748827
18.36722222,74.60444444,0.019111016
18.36722222,74.60611111,0.016472898
18.36722222,74.70472222,0.000552164
18.36722222,74.76638889,0.014540323
18.36722222,74.77166667,0.004816099
18.36722222,74.80222222,0.005122857
18.36722222,74.91694444,0.013098561
18.3675,73.69,0.032270929
18.3675,74.41805556,0.021902512
18.3675,74.42027778,0.02220927
18.3675,74.50111111,0.015859382
18.3675,74.58361111,0.024571306
18.3675,74.60638889,0.01674898
18.3675,74.64777778,0.01616614
18.3675,74.705,6.14E-05
18.3675,74.75,0.042363263
18.3675,74.76694444,0.002484739
18.3675,74.76722222,0.020736832
18.3675,74.77194444,0.003957177
18.3675,74.785,0.018681555
18.3675,74.8025,0.00349704
18.3675,74.80833333,0.016595601
18.3675,74.97444444,0.047976932
18.3675,75.07138889,0.024601982
18.3675,75.09111111,0.022516028
18.3675,75.11805556,0.012791803
18.36777778,74.50138889,0.083898279
18.36777778,74.58388889,0.034878371
18.36777778,74.585,0.03058376
18.36777778,74.60666667,0.012178288
18.36777778,74.63388889,0.020276696
18.36777778,74.65361111,0.054756281
18.36777778,74.70527778,3.07E-05
18.36777778,74.76722222,0.00349704
18.36777778,74.77222222,0.005552318
18.36777778,74.80277778,0.0029142
18.36777778,74.82833333,0.027209424
18.36777778,74.84027778,0.025000767
18.36777778,74.91972222,0.047363416
18.36777778,75.16944444,0.027332127
18.36805556,74.42638889,0.022147919
18.36805556,74.50166667,0.031933495
18.36805556,74.58416667,0.00954017
18.36805556,74.60694444,0.045308138
18.36805556,74.70194444,0.019417774
18.36805556,74.70555556,3.07E-05
18.36805556,74.7575,0.03546121
18.36805556,74.76416667,0.009386791
18.36805556,74.7675,0.005859075
18.36805556,74.7725,0.003343661
18.36805556,74.78194444,0.030890518
18.36805556,74.80305556,0.002484739
18.36805556,74.91666667,0.047516795
18.36833333,74.48722222,0.024694009
18.36833333,74.50194444,0.027209424
18.36833333,74.58444444,0.011902206
18.36833333,74.60722222,0.00349704
18.36833333,74.70583333,3.07E-05
18.36833333,74.76777778,0.004969478
18.36833333,74.77277778,0.004233259
18.36833333,74.78305556,0.033405933
18.36833333,74.80333333,0.003067579
18.36833333,74.87055556,0.022362649
18.36833333,74.995,0.030307678
18.36861111,74.42166667,0.021871837
18.36861111,74.50222222,0.02941808
18.36861111,74.58472222,0.006748673
18.36861111,74.6075,0.038988926
18.36861111,74.66527778,0.017485199
18.36861111,74.70611111,9.20E-05
18.36861111,74.76805556,0.00837449
18.36861111,74.77305556,0.004693396
18.36861111,74.80361111,0.00233136
18.36861111,75.20555556,0.025583607
18.36861111,75.65527778,0.041841774
18.36888889,74.39083333,0.085861529
18.36888889,74.44166667,0.022055891
18.36888889,74.49527778,0.053713304
18.36888889,74.5025,0.021473051
18.36888889,74.60777778,0.001871223
18.36888889,74.70361111,0.02512347
18.36888889,74.70638889,3.07E-05
18.36888889,74.76833333,0.005859075
18.36888889,74.77333333,0.004233259
18.36888889,74.79833333,0.030307678
18.36888889,74.80388889,0.003957177
18.36888889,74.80527778,0.036197429
18.36888889,74.84138889,0.024694009
18.36888889,75.04833333,0.016442222
18.36888889,75.11444444,0.021288997
18.36888889,75.15916667,0.015890058
18.36916667,74.25833333,0.016319519
18.36916667,74.50277778,0.016902359
18.36916667,74.60805556,0.001871223
18.36916667,74.66,0.024264548
18.36916667,74.70666667,9.20E-05
18.36916667,74.76527778,0.02395779
18.36916667,74.76861111,0.018221418
18.36916667,74.77361111,0.006748673
18.36916667,74.80416667,0.0029142
18.36916667,74.82138889,0.045921654
18.36916667,75.29861111,0.018804258
18.36944444,74.56888889,0.017638578
18.36944444,74.60833333,0.002607442
18.36944444,74.65388889,0.017577226
18.36944444,74.65444444,0.009601522
18.36944444,74.70694444,0.000122703
18.36944444,74.76888889,0.006595294
18.36944444,74.77388889,0.004540017
18.36944444,74.80444444,0.003343661
18.36944444,74.83222222,0.021319672
18.36944444,74.95305556,0.048559772
18.36944444,75.52138889,0.023589681
18.36944444,75.65388889,0.049357342
18.36972222,74.50305556,0.019847235
18.36972222,74.56916667,0.017638578
18.36972222,74.60805556,0.013957483
18.36972222,74.60861111,0.006441915
18.36972222,74.70722222,3.07E-05
18.36972222,74.76916667,0.003803798
18.36972222,74.77416667,0.007024755
18.36972222,74.80472222,0.002607442
18.36972222,74.96027778,0.024847388
18.36972222,74.9625,0.015828706
18.36972222,75.66805556,0.038130004
18.36972222,75.67555556,0.024203196
18.37,74.42583333,0.022147919
18.37,74.44222222,0.02220927
18.37,74.45666667,0.022055891
18.37,74.50333333,0.011012608
18.37,74.50916667,0.022055891
18.37,74.58611111,0.010276389
18.37,74.60888889,0.013957483
18.37,74.66194444,0.031473358
18.37,74.7075,3.07E-05
18.37,74.75305556,0.026595908
18.37,74.76944444,0.004540017
18.37,74.77444444,0.003957177
18.37,74.805,0.003803798
18.37,74.88166667,0.032792417
18.37027778,74.37083333,0.025583607
18.37027778,74.50361111,0.013957483
18.37027778,74.50444444,0.0155833
18.37027778,74.58666667,0.022638731
18.37027778,74.60916667,0.00895733
18.37027778,74.62472222,0.042670021
18.37027778,74.70777778,0
18.37027778,74.76972222,0.001441762
18.37027778,74.77472222,0.005276235
18.37027778,74.80527778,0.011165987
18.37027778,74.91611111,0.047210037
18.37027778,75.00444444,0.032792417
18.37027778,75.66055556,0.034172827
18.37027778,75.67055556,0.038620817
18.37055556,74.43861111,0.022055891
18.37055556,74.50388889,0.006748673
18.37055556,74.58666667,0.006902052
18.37055556,74.60944444,0.019847235
18.37055556,74.70805556,6.14E-05
18.37055556,74.75833333,0.003343661
18.37055556,74.75861111,0.021012915
18.37055556,74.77,0.008650572
18.37055556,74.775,0.004233259
18.37055556,74.80555556,0.003220958
18.37055556,74.84166667,0.026749287
18.37055556,74.98388889,0.033988773
18.37055556,75.24861111,0.016503574
18.37055556,75.64722222,0.035859996
18.37055556,75.6475,0.034019448
18.37055556,75.65388889,0.037853922
18.37055556,75.66083333,0.0438357
18.37083333,74.42138889,0.022147919
18.37083333,74.50416667,0.026473205
18.37083333,74.58694444,0.021012915
18.37083333,74.60972222,0.005552318
18.37083333,74.61583333,0.026319826
18.37083333,74.65638889,0.015859382
18.37083333,74.66138889,0.019141691
18.37083333,74.68222222,0.017761281
18.37083333,74.70833333,0.053713304
18.37083333,74.77527778,0.002484739
18.37083333,74.80583333,0.004540017
18.37083333,74.81166667,0.014816405
18.37083333,74.81944444,0.019417774
18.37083333,75.06277778,0.018926961
18.37083333,75.6525,0.026657259
18.37111111,74.35444444,0.019417774
18.37111111,74.46166667,0.013466671
18.37111111,74.50444444,0.008067732
18.37111111,74.58722222,0.026626584
18.37111111,74.60583333,0.024571306
18.37111111,74.61,0.018804258
18.37111111,74.70861111,9.20E-05
18.37111111,74.77055556,0.002177981
18.37111111,74.77555556,0.007331513
18.37111111,74.80611111,0.005705696
18.37111111,74.89027778,0.027945643
18.37111111,75.20138889,0.016503574
18.37111111,75.65305556,0.037393785
18.37138889,74.42944444,0.02337495
18.37138889,74.50472222,0.024264548
18.37138889,74.5875,0.007331513
18.37138889,74.61027778,0.014693702
18.37138889,74.63861111,0.012577073
18.37138889,74.65305556,0.009386791
18.37138889,74.67944444,0.014816405
18.37138889,74.70888889,6.14E-05
18.37138889,74.77083333,0.00837449
18.37138889,74.77583333,0.006595294
18.37138889,74.80638889,0.006165833
18.37138889,74.96166667,0.035890671
18.37138889,75.64555556,0.033252554
18.37138889,75.65,0.028191049
18.37138889,75.65555556,0.035093101
18.37138889,75.65777778,0.035859996
18.37138889,75.665,0.043528943
18.37138889,75.67611111,0.026964017
18.37166667,74.46,0.017055738
18.37166667,74.46833333,0.016319519
18.37166667,74.505,0.017209117
18.37166667,74.58777778,0.015123163
18.37166667,74.61055556,0.016595601
18.37166667,74.70916667,3.07E-05
18.37166667,74.72583333,0.02395779
18.37166667,74.77027778,0.020430075
18.37166667,74.77111111,0.004233259
18.37166667,74.77611111,0.008221111
18.37166667,74.80666667,0.007178134
18.37166667,74.86222222,0.015337894
18.37166667,74.93,0.021319672
18.37166667,74.97916667,0.046044357
18.37166667,75.91055556,0.021104942
18.37194444,74.43305556,0.016012761
18.37194444,74.43694444,0.022147919
18.37194444,74.50527778,0.007638271
18.37194444,74.53527778,0.023681708
18.37194444,74.56916667,0.025430228
18.37194444,74.57388889,0.020706157
18.37194444,74.57472222,0.049050584
18.37194444,74.58805556,0.103039971
18.37194444,74.61083333,0.013957483
18.37194444,74.63277778,0.020276696
18.37194444,74.70944444,6.14E-05
18.37194444,74.71638889,0.011319366
18.37194444,74.77138889,0.015736679
18.37194444,74.77638889,0.014386944
18.37194444,74.80694444,0.004540017
18.37194444,74.86027778,0.051228565
18.37194444,75.03444444,0.035001074
18.37222222,74.29194444,0.024417927
18.37222222,74.36916667,0.013466671
18.37222222,74.42166667,0.024019142
18.37222222,74.48833333,0.115831774
18.37222222,74.50555556,0.008221111
18.37222222,74.56861111,0.073713918
18.37222222,74.58833333,0.024847388
18.37222222,74.59277778,0.023528329
18.37222222,74.61111111,0.018804258
18.37222222,74.70972222,3.07E-05
18.37222222,74.77166667,0.003957177
18.37222222,74.77666667,0.008803951
18.37222222,74.80722222,0.009110709
18.37222222,75.66111111,0.032976472
18.37222222,75.67472222,0.04107488
18.3725,74.3475,0.019264395
18.3725,74.43805556,0.022055891
18.3725,74.43916667,0.045461517
18.3725,74.50583333,0.020153992
18.3725,74.58861111,0.013528022
18.3725,74.61138889,0.022055891
18.3725,74.62583333,0.025276849
18.3725,74.63972222,0.025614283
18.3725,74.66972222,0.0282524
18.3725,74.71,3.07E-05
18.3725,74.72805556,0.020123317
18.3725,74.75277778,0.026626584
18.3725,74.77194444,0.011319366
18.3725,74.77694444,0.011748827
18.3725,74.8075,0.002484739
18.37277778,74.50611111,0.028681861
18.37277778,74.5675,0.02337495
18.37277778,74.58888889,0.01674898
18.37277778,74.61166667,0.007024755
18.37277778,74.65388889,0.015215191
18.37277778,74.71027778,3.07E-05
18.37277778,74.71861111,0.040031903
18.37277778,74.77222222,0.004816099
18.37277778,74.77722222,0.005122857
18.37277778,74.80777778,0.004386638
18.37277778,75.30972222,0.030246327
18.37305556,74.42694444,0.022055891
18.37305556,74.50638889,0.013957483
18.37305556,74.56777778,0.015736679
18.37305556,74.57277778,0.00954017
18.37305556,74.58916667,0.007760974
18.37305556,74.61194444,0.00174852
18.37305556,74.62333333,0.021258321
18.37305556,74.64361111,0.019264395
18.37305556,74.6775,0.020153992
18.37305556,74.71,0.013221264
18.37305556,74.71055556,0
18.37305556,74.7725,0.007914353
18.37305556,74.7775,0.007178134
18.37305556,74.80805556,0.00174852
18.37305556,74.84972222,0.03058376
18.37305556,74.87083333,0.018681555
18.37305556,74.88388889,0.026626584
18.37305556,75.04944444,0.025890365
18.37333333,74.50666667,0.01674898
18.37333333,74.56805556,0.014110862
18.37333333,74.61222222,0.04944937
18.37333333,74.71083333,0.021166293
18.37333333,74.72083333,0.030890518
18.37333333,74.77277778,0.007760974
18.37333333,74.77777778,0.005552318
18.37333333,74.80833333,0.00349704
18.37333333,75.65111111,0.041903126
18.37333333,75.65944444,0.043897052
18.37333333,75.66472222,0.047394092
18.37333333,75.67333333,0.031197276
18.37361111,74.43777778,0.022147919
18.37361111,74.50694444,0.006748673
18.37361111,74.56833333,0.016319519
18.37361111,74.58972222,0.008497193
18.37361111,74.6125,0.02337495
18.37361111,74.71111111,3.07E-05
18.37361111,74.77305556,0.002484739
18.37361111,74.77805556,0.006595294
18.37361111,74.80222222,0.0282524
18.37361111,74.80861111,0.001871223
18.37361111,74.86361111,0.032945796
18.37361111,75.14388889,0.013589374
18.37388889,74.42916667,0.02220927
18.37388889,74.45305556,0.021902512
18.37388889,74.45972222,0.022055891
18.37388889,74.49777778,0.018221418
18.37388889,74.50722222,0.011012608
18.37388889,74.56861111,0.006595294
18.37388889,74.61277778,0.015736679
18.37388889,74.71138889,3.07E-05
18.37388889,74.77333333,0.003803798
18.37388889,74.77833333,0.007914353
18.37388889,74.80888889,0.004540017
18.37388889,74.84194444,0.031043897
18.37416667,74.4375,0.021871837
18.37416667,74.5075,0.016902359
18.37416667,74.56888889,0.014847081
18.37416667,74.56944444,0.020215344
18.37416667,74.60361111,0.025890365
18.37416667,74.61305556,0.004969478
18.37416667,74.65972222,0.01616614
18.37416667,74.66472222,0.012883831
18.37416667,74.68694444,0.021473051
18.37416667,74.70138889,0.028528482
18.37416667,74.71166667,0
18.37416667,74.74527778,0.061504954
18.37416667,74.77361111,0.003803798
18.37416667,74.77861111,0.006012454
18.37416667,74.80583333,0.013221264
18.37416667,74.80916667,0.002484739
18.37416667,74.94638889,0.018528176
18.37444444,74.38166667,0.023221571
18.37444444,74.43722222,0.021871837
18.37444444,74.48472222,0.02337495
18.37444444,74.50777778,0.01733182
18.37444444,74.54972222,0.029540783
18.37444444,74.56361111,0.015613976
18.37444444,74.56916667,0.011902206
18.37444444,74.61333333,0.014110862
18.37444444,74.63,0.013528022
18.37444444,74.64027778,0.028006994
18.37444444,74.71194444,3.07E-05
18.37444444,74.80944444,0.003067579
18.37444444,75.09222222,0.00429461
18.37444444,75.65027778,0.049970858
18.37444444,75.67333333,0.047884904
18.37444444,75.67444444,0.03816068
18.37444444,75.71,0.024786036
18.37472222,74.50805556,0.024264548
18.37472222,74.61361111,0.001595141
18.37472222,74.71222222,3.07E-05
18.37472222,74.74916667,0.017761281
18.37472222,74.77416667,0.002177981
18.37472222,74.77916667,0.018804258
18.37472222,74.80972222,0.00233136
18.37472222,75.19,0.018344121
18.375,74.42972222,0.021871837
18.375,74.50833333,0.017209117
18.375,74.56972222,0.014847081
18.375,74.61388889,0.006595294
18.375,74.62472222,0.014693702
18.375,74.64861111,0.009632197
18.375,74.7125,0
18.375,74.77444444,0.006748673
18.375,74.77944444,0.005552318
18.375,74.80111111,0.020736832
18.375,74.81,0.006012454
18.375,74.83194444,0.018957637
18.375,75.66277778,0.037087027
18.37527778,74.43888889,0.022055891
18.37527778,74.50861111,0.013528022
18.37527778,74.57,0.007024755
18.37527778,74.61416667,0.014847081
18.37527778,74.64388889,0.028344428
18.37527778,74.64833333,0.017485199
18.37527778,74.70916667,0.01616614
18.37527778,74.71277778,6.14E-05
18.37527778,74.77472222,0.006288536
18.37527778,74.77972222,0.005705696
18.37527778,74.81027778,0.002760821
18.37527778,74.83194444,0.020583453
18.37527778,74.91944444,0.04478665
18.37527778,75.135,0.022025215
18.37555556,73.53583333,0.005184208
18.37555556,74.48916667,0.03000092
18.37555556,74.50888889,0.02883524
18.37555556,74.57027778,0.006441915
18.37555556,74.61444444,0.013957483
18.37555556,74.62416667,0.013528022
18.37555556,74.62972222,0.029111322
18.37555556,74.64416667,0.025859689
18.37555556,74.65083333,0.021595754
18.37555556,74.71305556,3.07E-05
18.37555556,74.775,0.001441762
18.37555556,74.78,0.004233259
18.37555556,74.80944444,0.013497347
18.37555556,74.81055556,0.005122857
18.37555556,75.13916667,0.015859382
18.37583333,74.43583333,0.021871837
18.37583333,74.48611111,0.015276542
18.37583333,74.50916667,0.020736832
18.37583333,74.51,0.029571459
18.37583333,74.52361111,0.024417927
18.37583333,74.57055556,0.014386944
18.37583333,74.61472222,0.006595294
18.37583333,74.63777778,0.018957637
18.37583333,74.64416667,0.027638885
18.37583333,74.71333333,9.20E-05
18.37583333,74.77527778,0.007638271
18.37583333,74.78027778,0.007178134
18.37583333,74.81083333,0.007760974
18.37583333,74.94,0.046044357
18.37611111,74.42944444,0.021871837
18.37611111,74.43888889,0.021902512
18.37611111,74.45722222,0.017761281
18.37611111,74.50944444,0.037516488
18.37611111,74.54111111,0.027056045
18.37611111,74.57083333,0.015736679
18.37611111,74.615,0.011902206
18.37611111,74.63527778,0.022362649
18.37611111,74.71361111,3.07E-05
18.37611111,74.76555556,0.038406086
18.37611111,74.77555556,0.024694009
18.37611111,74.78055556,0.008221111
18.37611111,74.81111111,0.002607442
18.37611111,74.99083333,0.029080647
18.37611111,74.995,0.054756281
18.37611111,75.65916667,0.049357342
18.37638889,74.43111111,0.024264548
18.37638889,74.43444444,0.021902512
18.37638889,74.44555556,0.02220927
18.37638889,74.4925,0.016472898
18.37638889,74.50972222,0.116291911
18.37638889,74.55055556,0.025890365
18.37638889,74.56027778,0.014386944
18.37638889,74.58777778,0.019417774
18.37638889,74.61527778,0.007178134
18.37638889,74.63805556,0.015675327
18.37638889,74.6925,0.047976932
18.37638889,74.71388889,0.000122703
18.37638889,74.77583333,0.004540017
18.37638889,74.78083333,0.007914353
18.37638889,74.81138889,0.0029142
18.37638889,74.94472222,0.024847388
18.37638889,75.34861111,0.039847848
18.37666667,74.43277778,0.024111169
18.37666667,74.43333333,0.021841161
18.37666667,74.51,0.025154146
18.37666667,74.57138889,0.026043744
18.37666667,74.58944444,0.009233412
18.37666667,74.6075,0.018957637
18.37666667,74.60888889,0.021779809
18.37666667,74.61555556,0.01012301
18.37666667,74.65472222,0.022485352
18.37666667,74.6575,0.019233719
18.37666667,74.68555556,0.021166293
18.37666667,74.71416667,0.019540477
18.37666667,74.77611111,0.00407988
18.37666667,74.78111111,0.007484892
18.37666667,74.81166667,0.001441762
18.37666667,74.99194444,0.02766956
18.37694444,74.43527778,0.02220927
18.37694444,74.44694444,0.022055891
18.37694444,74.49583333,0.020430075
18.37694444,74.51027778,0.024417927
18.37694444,74.55527778,0.019693856
18.37694444,74.57166667,0.018528176
18.37694444,74.60805556,0.025552931
18.37694444,74.61583333,0.00895733
18.37694444,74.63611111,0.021104942
18.37694444,74.66111111,0.018466824
18.37694444,74.71444444,0
18.37694444,74.72472222,0.020430075
18.37694444,74.72777778,0.01012301
18.37694444,74.77638889,0.008221111
18.37694444,74.78138889,0.037516488
18.37694444,74.81194444,0.00407988
18.37694444,74.83777778,0.016902359
18.37722222,74.4425,0.022147919
18.37722222,74.44583333,0.022055891
18.37722222,74.51055556,0.027209424
18.37722222,74.51083333,0.036780269
18.37722222,74.57,0.022331973
18.37722222,74.57194444,0.018681555
18.37722222,74.61611111,0.013374643
18.37722222,74.63111111,0.019264395
18.37722222,74.63666667,0.022331973
18.37722222,74.66472222,0.017791957
18.37722222,74.71472222,3.07E-05
18.37722222,74.77666667,0.005122857
18.37722222,74.78166667,0.006012454
18.37722222,74.81222222,0.00174852
18.37722222,74.83722222,0.025890365
18.37722222,74.89666667,0.026043744
18.37722222,74.97055556,0.027792264
18.3775,74.42861111,0.021841161
18.3775,74.44,0.02220927
18.3775,74.48777778,0.030890518
18.3775,74.51083333,0.013957483
18.3775,74.61638889,0.01070585
18.3775,74.63722222,0.020522102
18.3775,74.66388889,0.027332127
18.3775,74.68527778,0.018742906
18.3775,74.715,9.20E-05
18.3775,74.77444444,0.00407988
18.3775,74.78194444,0.005276235
18.3775,74.8125,0.003803798
18.3775,74.99333333,0.024663333
18.3775,75.14972222,0.028221725
18.3775,75.66555556,0.049357342
18.3775,75.67083333,0.031258628
18.3775,75.6725,0.049970858
18.3775,75.67333333,0.04107488
18.3775,75.67444444,0.046596521
18.3775,75.67722222,0.034019448
18.37777778,74.42916667,0.021871837
18.37777778,74.51111111,0.023221571
18.37777778,74.61666667,0.007178134
18.37777778,74.71527778,3.07E-05
18.37777778,74.77472222,0.00233136
18.37777778,74.78222222,0.006012454
18.37777778,74.81277778,0.002177981
18.37777778,74.82916667,0.027332127
18.37777778,75.00444444,0.043528943
18.37777778,75.16166667,0.025460904
18.37777778,75.65944444,0.0554925
18.37805556,74.51138889,0.028375104
18.37805556,74.5725,0.010429768
18.37805556,74.57277778,0.008067732
18.37805556,74.60277778,0.01674898
18.37805556,74.615,0.025583607
18.37805556,74.61694444,0.00174852
18.37805556,74.71555556,6.14E-05
18.37805556,74.74916667,0.016442222
18.37805556,74.775,0.015123163
18.37805556,74.7825,0.011442069
18.37805556,74.81305556,0.006441915
18.37805556,75.00472222,0.040154606
18.37805556,75.00583333,0.045062732
18.37833333,74.51166667,0.031473358
18.37833333,74.57305556,0.01012301
18.37833333,74.61722222,0.007024755
18.37833333,74.71583333,9.20E-05
18.37833333,74.77527778,0.0029142
18.37833333,74.7825,0.004693396
18.37833333,74.81333333,0.003650419
18.37833333,74.8975,0.018926961
18.37833333,74.91722222,0.013466671
18.37861111,74.51194444,0.036780269
18.37861111,74.57333333,0.018804258
18.37861111,74.59472222,0.008497193
18.37861111,74.6175,0.014847081
18.37861111,74.71611111,0.000153379
18.37861111,74.77555556,0.006012454
18.37861111,74.78305556,0.004969478
18.37861111,74.80027778,0.002177981
18.37888889,74.39361111,0.023681708
18.37888889,74.43638889,0.022147919
18.37888889,74.51222222,0.029264701
18.37888889,74.57361111,0.018681555
18.37888889,74.595,0.006165833
18.37888889,74.60833333,0.024878064
18.37888889,74.615,0.026381177
18.37888889,74.61777778,0.01616614
18.37888889,74.64833333,0.020092641
18.37888889,74.65777778,0.016442222
18.37888889,74.66194444,0.016196816
18.37888889,74.71638889,0.000245406
18.37888889,74.77583333,0.003220958
18.37888889,74.78361111,0.008497193
18.37888889,74.80055556,0.004386638
18.37888889,74.86833333,0.048406393
18.37888889,74.93527778,0.040890825
18.37916667,74.29083333,0.026166447
18.37916667,74.5125,0.014540323
18.37916667,74.53416667,0.024172521
18.37916667,74.55194444,0.042792724
18.37916667,74.57388889,0.010429768
18.37916667,74.59527778,0.011165987
18.37916667,74.60944444,0.015675327
18.37916667,74.61555556,0.021473051
18.37916667,74.65333333,0.019141691
18.37916667,74.71694444,0.000184055
18.37916667,74.77611111,0.002484739
18.37916667,74.78388889,0.011748827
18.37916667,74.80083333,0.002484739
18.37916667,74.82777778,0.023651032
18.37944444,74.43666667,0.021871837
18.37944444,74.46666667,0.016442222
18.37944444,74.51277778,0.021473051
18.37944444,74.55166667,0.01791466
18.37944444,74.57416667,0.014693702
18.37944444,74.59555556,0.009386791
18.37944444,74.60972222,0.019847235
18.37944444,74.61833333,0.006441915
18.37944444,74.65194444,0.017147765
18.37944444,74.65277778,0.013712077
18.37944444,74.71722222,3.07E-05
18.37944444,74.77638889,0.00407988
18.37944444,74.78416667,0.003220958
18.37944444,74.80111111,0.005552318
18.37944444,74.81361111,0.017209117
18.37944444,74.91611111,0.051044511
18.37944444,75.02277778,0.031043897
18.37944444,75.96416667,0.026043744
18.37972222,74.46138889,0.013374643
18.37972222,74.51305556,0.012638424
18.37972222,74.57444444,0.009846928
18.37972222,74.59583333,0.008067732
18.37972222,74.60861111,0.019417774
18.37972222,74.60944444,0.022853462
18.37972222,74.61861111,0.010429768
18.37972222,74.65611111,0.031626737
18.37972222,74.66083333,0.076229332
18.37972222,74.7175,0.000184055
18.37972222,74.77666667,0.01012301
18.37972222,74.78444444,0.007178134
18.37972222,74.80138889,0.003220958
18.37972222,74.91916667,0.017791957
18.37972222,74.93944444,0.045032056
18.38,74.51333333,0.032669714
18.38,74.59138889,0.013067886
18.38,74.59611111,0.008221111
18.38,74.61888889,0.015736679
18.38,74.65361111,0.015031136
18.38,74.65472222,0.05665818
18.38,74.65972222,0.045890978
18.38,74.71777778,9.20E-05
18.38,74.71833333,0.024264548
18.38,74.77055556,0.015706003
18.38,74.77611111,0.006165833
18.38,74.78472222,0.00954017
18.38,74.80166667,0.00233136
18.38,74.83472222,0.029724838
18.38027778,74.29833333,0.033958097
18.38027778,74.43555556,0.022147919
18.38027778,74.51361111,0.029111322
18.38027778,74.575,0.008650572
18.38027778,74.59638889,0.006748673
18.38027778,74.61,0.024571306
18.38027778,74.61916667,0.011319366
18.38027778,74.66583333,0.044878677
18.38027778,74.67638889,0.018681555
18.38027778,74.71805556,3.07E-05
18.38027778,74.72638889,0.015859382
18.38027778,74.75972222,0.00895733
18.38027778,74.76777778,0.020583453
18.38027778,74.785,0.002760821
18.38027778,74.80194444,0.00174852
18.38027778,75.03222222,0.016810332
18.38027778,75.65277778,0.034326206
18.38055556,74.51388889,0.01733182
18.38055556,74.57527778,0.018221418
18.38055556,74.59666667,0.009693549
18.38055556,74.60972222,0.015798031
18.38055556,74.61944444,0.003803798
18.38055556,74.7075,0.011748827
18.38055556,74.71833333,9.20E-05
18.38055556,74.73722222,0.027209424
18.38055556,74.75444444,0.031043897
18.38055556,74.76722222,0.011165987
18.38055556,74.77666667,0.002484739
18.38055556,74.78527778,0.01012301
18.38055556,74.80222222,0.002177981
18.38055556,74.99111111,0.033405933
18.38055556,75.04138889,0.033682015
18.38083333,74.51416667,0.035001074
18.38083333,74.57555556,0.016902359
18.38083333,74.59694444,0.012638424
18.38083333,74.61972222,0.001288383
18.38083333,74.66111111,0.046627197
18.38083333,74.66777778,0.02454063
18.38083333,74.71861111,0.000122703
18.38083333,74.78555556,0.007178134
18.38083333,74.78611111,0.025736986
18.38083333,74.8025,0.002484739
18.38083333,75.00444444,0.02162643
18.38111111,74.43305556,0.022147919
18.38111111,74.45944444,0.023835087
18.38111111,74.51444444,0.012485046
18.38111111,74.57583333,0.022055891
18.38111111,74.59722222,0.016012761
18.38111111,74.61055556,0.021810485
18.38111111,74.62,0.00233136
18.38111111,74.71888889,0
18.38111111,74.78583333,0.0029142
18.38111111,74.80277778,0.003343661
18.38111111,74.99388889,0.02454063
18.38111111,75.02722222,0.053651953
18.38111111,75.22694444,0.027546857
18.38111111,76.215,0.023681708
18.38138889,74.51472222,0.015123163
18.38138889,74.57611111,0.010429768
18.38138889,74.5975,0.007638271
18.38138889,74.62027778,0.01012301
18.38138889,74.63305556,0.026166447
18.38138889,74.71916667,0.000122703
18.38138889,74.73055556,0.011319366
18.38138889,74.78611111,0.008497193
18.38138889,74.80305556,0.001595141
18.38138889,74.97083333,0.020430075
18.38138889,75.99861111,0.019540477
18.38166667,74.515,0.029111322
18.38166667,74.56416667,0.025276849
18.38166667,74.57638889,0.019111016
18.38166667,74.62055556,0.048130311
18.38166667,74.71944444,3.07E-05
18.38166667,74.78638889,0.007178134
18.38166667,75.27527778,0.010245713
18.38166667,75.35055556,0.00233136
18.38194444,74.43388889,0.0155833
18.38194444,74.51527778,0.007638271
18.38194444,74.52916667,0.01500046
18.38194444,74.55055556,0.02883524
18.38194444,74.57666667,0.018374797
18.38194444,74.59805556,0.008650572
18.38194444,74.62083333,0.018804258
18.38194444,74.6875,0.024847388
18.38194444,74.71138889,0.055185742
18.38194444,74.71972222,3.07E-05
18.38194444,74.78666667,0.005552318
18.38194444,74.80361111,0.003803798
18.38194444,74.82416667,0.012761128
18.38194444,74.82527778,0.021166293
18.38194444,74.82916667,0.012485046
18.38194444,75.02972222,0.033375257
18.38194444,75.32638889,0.015859382
18.38222222,74.33083333,0.016902359
18.38222222,74.51555556,0.003650419
18.38222222,74.57694444,0.008803951
18.38222222,74.62944444,0.019264395
18.38222222,74.63138889,0.029847541
18.38222222,74.72,6.14E-05
18.38222222,74.78694444,0.014693702
18.38222222,74.80388889,0.002024602
18.38222222,74.92666667,0.03662689
18.38222222,75.07194444,0.018528176
18.38222222,75.525,0.009785576
18.3825,74.51583333,0.018804258
18.3825,74.56083333,0.020430075
18.3825,74.57722222,0.009969631
18.3825,74.59861111,0.013804104
18.3825,74.62138889,0.035307832
18.3825,74.72027778,9.20E-05
18.3825,74.78722222,0.017638578
18.3825,74.80416667,0.001871223
18.3825,74.95805556,0.017485199
18.3825,74.9775,0.047823553
18.38277778,74.51611111,0.00895733
18.38277778,74.5775,0.009386791
18.38277778,74.58222222,0.006165833
18.38277778,74.58833333,0.032608362
18.38277778,74.62166667,0.018681555
18.38277778,74.72055556,9.20E-05
18.38277778,74.7875,0.026626584
18.38277778,74.80444444,0.002484739
18.38277778,74.82333333,0.017485199
18.38277778,75.03916667,0.046504494
18.38305556,74.51638889,0.013650725
18.38305556,74.57777778,0.011319366
18.38305556,74.62194444,0.001012301
18.38305556,74.65277778,0.022178594
18.38305556,74.72083333,6.14E-05
18.38305556,74.78777778,0.018804258
18.38305556,74.80472222,0.002177981
18.38305556,74.87055556,0.026166447
18.38333333,74.51694444,0.003067579
18.38333333,74.54916667,0.022331973
18.38333333,74.57805556,0.009693549
18.38333333,74.59944444,0.006748673
18.38333333,74.62305556,0.027332127
18.38333333,74.63583333,0.027945643
18.38333333,74.65222222,0.01070585
18.38333333,74.6625,0.033835394
18.38333333,74.72111111,3.07E-05
18.38361111,74.57833333,0.010429768
18.38361111,74.6225,0.009846928
18.38361111,74.62416667,0.018068039
18.38361111,74.64027778,0.056780883
18.38361111,74.65083333,0.023804411
18.38361111,74.72138889,9.20E-05
18.38361111,74.73833333,0.000674867
18.38361111,75.29555556,0.019141691
18.38361111,75.65916667,0.049357342
18.38388889,74.54444444,0.027577533
18.38388889,74.56666667,0.003067579
18.38388889,74.57861111,0.004816099
18.38388889,74.58333333,0.007024755
18.38388889,74.62277778,0.013067886
18.38388889,74.66527778,0.0155833
18.38388889,74.72166667,0.000153379
18.38388889,74.90916667,0.043222185
18.38388889,75.31638889,0.019632504
18.38416667,74.41277778,0.023589681
18.38416667,74.51444444,0.026902666
18.38416667,74.57888889,0.162090862
18.38416667,74.58361111,0.010276389
18.38416667,74.62305556,0.013528022
18.38416667,74.65388889,0.015399245
18.38416667,74.67222222,0.02512347
18.38416667,74.72194444,6.14E-05
18.38416667,74.89944444,0.043528943
18.38416667,74.95694444,0.033405933
18.38416667,75.50583333,0.02512347
18.38444444,74.48583333,0.0184975
18.38444444,74.56166667,0.02395779
18.38444444,74.57916667,0.014693702
18.38444444,74.58388889,0.026902666
18.38444444,74.62333333,0.002484739
18.38444444,74.72222222,3.07E-05
18.38444444,74.76722222,0.055185742
18.38444444,75.10277778,0.024632657
18.38472222,74.42972222,0.030307678
18.38472222,74.57944444,0.006748673
18.38472222,74.62361111,0.013374643
18.38472222,74.65555556,0.0438357
18.38472222,74.65972222,0.018926961
18.38472222,74.7225,6.14E-05
18.38472222,74.80694444,0.025307525
18.38472222,74.86472222,0.046504494
18.38472222,74.91833333,0.032209577
18.385,74.57972222,0.007178134
18.385,74.58444444,0.010859229
18.385,74.62388889,0.01012301
18.385,74.62611111,0.03058376
18.385,74.6875,0.012914507
18.385,74.72277778,9.20E-05
18.385,74.79305556,0.035737293
18.385,74.80861111,0.028528482
18.385,74.84694444,0.043222185
18.38527778,74.58,0.005122857
18.38527778,74.58472222,0.005276235
18.38527778,74.62416667,0.01674898
18.38527778,74.72305556,0.025583607
18.38527778,74.75416667,0.013067886
18.38555556,74.51083333,0.030890518
18.38555556,74.57944444,0.025430228
18.38555556,74.58027778,0.007178134
18.38555556,74.60472222,0.01674898
18.38555556,74.62444444,0.022055891
18.38555556,74.72138889,0.013957483
18.38555556,74.72333333,6.14E-05
18.38555556,74.79166667,0.038099328
18.38555556,75.16388889,0.021779809
18.38583333,74.495,0.031933495
18.38583333,74.58055556,0.005122857
18.38583333,74.62472222,0.001012301
18.38583333,74.72361111,6.14E-05
18.38583333,75.11722222,0.031780116
18.38583333,75.34361111,0.032178901
18.38611111,74.58083333,0.010429768
18.38611111,74.58555556,0.005276235
18.38611111,74.59472222,0.041627044
18.38611111,74.62055556,0.022638731
18.38611111,74.625,0.030430381
18.38611111,74.62972222,0.024847388
18.38611111,74.63611111,0.028988619
18.38611111,74.66527778,0.029694162
18.38611111,74.67166667,0.019387098
18.38611111,74.67916667,0.011902206
18.38611111,74.72388889,6.14E-05
18.38611111,74.79111111,0.018221418
18.38611111,74.81416667,0.006595294
18.38611111,74.83305556,0.015429921
18.38611111,75.285,0.016718304
18.38638889,74.58111111,0.009386791
18.38638889,74.58583333,0.028681861
18.38638889,74.62527778,0.007024755
18.38638889,74.72416667,9.20E-05
18.38638889,74.77611111,0.017178441
18.38638889,75.00388889,0.049050584
18.38638889,75.01388889,0.036780269
18.38666667,74.58138889,0.016012761
18.38666667,74.58611111,0.011319366
18.38666667,74.62555556,0.010859229
18.38666667,74.66333333,0.018374797
18.38666667,74.66777778,0.013221264
18.38666667,74.72444444,0.000184055
18.38666667,74.85694444,0.040768122
18.38666667,74.93472222,0.035890671
18.38666667,75.00388889,0.037393785
18.38666667,75.01111111,0.040768122
18.38666667,75.05,0.034786343
18.38666667,75.12055556,0.03524648
18.38694444,74.48055556,0.014847081
18.38694444,74.49222222,0.019417774
18.38694444,74.50416667,0.025614283
18.38694444,74.50527778,0.028681861
18.38694444,74.58166667,0.0155833
18.38694444,74.58638889,0.006902052
18.38694444,74.61777778,0.017178441
18.38694444,74.62583333,0.019111016
18.38694444,74.72472222,6.14E-05
18.38694444,75.14944444,0.012546397
18.38722222,74.54388889,0.021595754
18.38722222,74.58194444,0.008221111
18.38722222,74.58666667,0.005429614
18.38722222,74.62611111,0.018374797
18.38722222,74.65444444,0.022822786
18.38722222,74.66166667,0.013957483
18.38722222,74.66444444,0.014601675
18.38722222,74.67527778,0.018436148
18.38722222,74.725,6.14E-05
18.38722222,74.80694444,0.024417927
18.3875,74.52111111,0.007760974
18.3875,74.58222222,0.008221111
18.3875,74.58694444,0.00407988
18.3875,74.60916667,0.02220927
18.3875,74.62638889,0.008803951
18.3875,74.66666667,0.05665818
18.3875,74.72527778,6.14E-05
18.3875,74.83777778,0.042516642
18.3875,74.83916667,0.016902359
18.3875,74.97555556,0.033958097
18.38777778,74.50361111,0.027516181
18.38777778,74.51444444,0.034479585
18.38777778,74.52138889,0.027209424
18.38777778,74.5825,0.004693396
18.38777778,74.58722222,0.007638271
18.38777778,74.62666667,0.002607442
18.38777778,74.64416667,0.05003221
18.38777778,74.65527778,0.016779656
18.38777778,74.67416667,0.014110862
18.38777778,74.72555556,6.14E-05
18.38777778,74.76194444,0.035890671
18.38805556,74.52166667,0.009846928
18.38805556,74.56583333,0.022638731
18.38805556,74.58277778,0.009233412
18.38805556,74.58722222,0.011902206
18.38805556,74.60611111,0.017761281
18.38805556,74.62694444,0.009386791
18.38805556,74.63416667,0.024571306
18.38805556,74.64583333,0.021779809
18.38805556,74.67472222,0.01616614
18.38805556,74.72583333,6.14E-05
18.38805556,74.78861111,0.026473205
18.38805556,74.90472222,0.034326206
18.38833333,74.07611111,0.008221111
18.38833333,74.52194444,0.009110709
18.38833333,74.58305556,0.023681708
18.38833333,74.58777778,0.019264395
18.38833333,74.62722222,0.010429768
18.38833333,74.67416667,0.017945336
18.38833333,74.72611111,0.000122703
18.38833333,74.82222222,0.045921654
18.38833333,75.00277778,0.035553238
18.38833333,75.20222222,0.021810485
18.38861111,74.52222222,0.011748827
18.38861111,74.56055556,0.01733182
18.38861111,74.56472222,0.021166293
18.38861111,74.58333333,0.023681708
18.38861111,74.58805556,0.02337495
18.38861111,74.6275,0.012485046
18.38861111,74.63111111,0.026902666
18.38861111,74.64361111,0.018620203
18.38861111,74.64638889,0.01092058
18.38861111,74.67194444,0.015644652
18.38861111,74.72638889,6.14E-05
18.38861111,74.82805556,0.025000767
18.38888889,74.15111111,0.026197123
18.38888889,74.43166667,0.045921654
18.38888889,74.45638889,0.042516642
18.38888889,74.5225,0.019847235
18.38888889,74.58361111,0.024571306
18.38888889,74.58833333,0.020583453
18.38888889,74.62777778,0.004816099
18.38888889,74.66805556,0.07165864
18.38888889,74.67388889,0.012485046
18.38888889,74.72666667,6.14E-05
18.38888889,74.84416667,0.018804258
18.38888889,74.92222222,0.021473051
18.38916667,74.43361111,0.024847388
18.38916667,74.4925,0.018374797
18.38916667,74.52277778,0.013804104
18.38916667,74.58388889,0.009969631
18.38916667,74.58861111,0.025736986
18.38916667,74.62666667,0.014693702
18.38916667,74.63305556,0.025430228
18.38916667,74.70805556,0.031197276
18.38916667,74.72694444,6.14E-05
18.38916667,74.82444444,0.040461364
18.38916667,74.84722222,0.021442376
18.38916667,75.21305556,0.018190742
18.38944444,74.52305556,0.004693396
18.38944444,74.58416667,0.015123163
18.38944444,74.58888889,0.012791803
18.38944444,74.62694444,0.02337495
18.38944444,74.67555556,0.023528329
18.38944444,74.72722222,6.14E-05
18.38944444,74.74805556,0.027792264
18.38944444,74.86277778,0.033835394
18.38944444,74.9275,0.047976932
18.38944444,75.01388889,0.049357342
18.38944444,75.01555556,0.0496641
18.38944444,75.02222222,0.0496641
18.38972222,74.49305556,0.018374797
18.38972222,74.52333333,0.010429768
18.38972222,74.58444444,0.029724838
18.38972222,74.58916667,0.006165833
18.38972222,74.62722222,0.016595601
18.38972222,74.7275,9.20E-05
18.38972222,74.75611111,0.031473358
18.38972222,74.77638889,0.0282524
18.38972222,74.8075,0.034878371
18.38972222,74.86666667,0.034632964
18.39,74.52361111,0.005276235
18.39,74.53805556,0.024417927
18.39,74.58472222,0.024847388
18.39,74.58944444,0.003343661
18.39,74.61277778,0.017485199
18.39,74.6275,0.013957483
18.39,74.65472222,0.045062732
18.39,74.70805556,0.026473205
18.39,74.72777778,0.006165833
18.39,74.82583333,0.017178441
18.39,75.26027778,0.012883831
18.39,75.28111111,0.0184975
18.39027778,74.44416667,0.022147919
18.39027778,74.52388889,0.015736679
18.39027778,74.585,0.026902666
18.39027778,74.59,0.1645756
18.39027778,74.62777778,0.013957483
18.39027778,74.6325,0.046504494
18.39027778,74.66944444,0.060185895
18.39027778,74.72805556,6.14E-05
18.39027778,74.82444444,0.042363263
18.39027778,74.84472222,0.016595601
18.39027778,74.89027778,0.047516795
18.39027778,75.12333333,0.053345195
18.39027778,75.22805556,0.005705696
18.39055556,74.40222222,0.022055891
18.39055556,74.52416667,0.005429614
18.39055556,74.58527778,0.027516181
18.39055556,74.59,0.035001074
18.39055556,74.59388889,0.029724838
18.39055556,74.65222222,0.029111322
18.39055556,74.65444444,0.016503574
18.39055556,74.72527778,0.015429921
18.39055556,74.72833333,6.14E-05
18.39055556,74.75583333,0.045032056
18.39055556,75.02527778,0.053651953
18.39055556,75.12694444,0.018190742
18.39055556,75.86277778,0.019724531
18.39083333,74.52444444,0.009233412
18.39083333,74.58555556,0.018221418
18.39083333,74.59027778,0.009693549
18.39083333,74.66888889,0.012761128
18.39083333,74.72861111,6.14E-05
18.39083333,74.76666667,0.023528329
18.39083333,75.20972222,0.018190742
18.39111111,74.52472222,0.011319366
18.39111111,74.58583333,0.027362803
18.39111111,74.59055556,0.02337495
18.39111111,74.72888889,0.000122703
18.39111111,74.83666667,0.026902666
18.39111111,74.96277778,0.039571766
18.39138889,74.525,0.009386791
18.39138889,74.56944444,0.01070585
18.39138889,74.58611111,0.005122857
18.39138889,74.59083333,0.079787724
18.39138889,74.72916667,6.14E-05
18.39138889,75.18333333,0.021902512
18.39138889,75.65861111,0.04187245
18.39138889,76.20722222,0.015798031
18.39166667,74.52527778,0.007178134
18.39166667,74.58638889,0.007484892
18.39166667,74.59111111,0.041933802
18.39166667,74.67361111,0.027209424
18.39166667,74.72944444,0.000122703
18.39166667,75.30416667,0.021534403
18.39194444,74.52555556,0.008497193
18.39194444,74.58666667,0.015859382
18.39194444,74.59138889,0.007760974
18.39194444,74.62416667,0.018098715
18.39194444,74.72972222,6.14E-05
18.39194444,74.79527778,0.016012761
18.39194444,74.85083333,0.023620356
18.39222222,74.52583333,0.010859229
18.39222222,74.5725,0.049295991
18.39222222,74.58694444,0.015736679
18.39222222,74.59166667,0.019264395
18.39222222,74.64416667,0.015123163
18.39222222,74.73,0.000122703
18.39222222,75.12361111,0.053651953
18.3925,74.52611111,0.013067886
18.3925,74.58722222,0.007484892
18.3925,74.64833333,0.031473358
18.3925,74.73027778,6.14E-05
18.3925,74.74722222,0.045768275
18.3925,74.79861111,0.031043897
18.3925,74.81777778,0.039571766
18.3925,75.10722222,0.033559312
18.3925,75.11472222,0.034786343
18.3925,75.13583333,0.034326206
18.39277778,74.44333333,0.021871837
18.39277778,74.52638889,0.013957483
18.39277778,74.5875,0.026902666
18.39277778,74.58777778,0.023835087
18.39277778,74.58861111,0.02395779
18.39277778,74.59222222,0.007638271
18.39277778,74.73055556,0.016472898
18.39277778,74.82722222,0.01616614
18.39277778,75.01527778,0.044449216
18.39277778,75.02277778,0.04187245
18.39277778,75.6675,0.035123777
18.39277778,75.66833333,0.038927574
18.39277778,75.67666667,0.035062425
18.39305556,74.34888889,0.017638578
18.39305556,74.52583333,0.017055738
18.39305556,74.52666667,0.009969631
18.39305556,74.58777778,0.017791957
18.39305556,74.5925,0.022362649
18.39305556,74.61055556,0.030737139
18.39305556,74.65472222,0.016779656
18.39305556,74.69583333,0.046933955
18.39305556,74.73083333,9.20E-05
18.39305556,74.86944444,0.032516335
18.39333333,74.52694444,0.008067732
18.39333333,74.52722222,0.010429768
18.39333333,74.54722222,0.020859536
18.39333333,74.58805556,0.011442069
18.39333333,74.59277778,0.008497193
18.39333333,74.73111111,3.07E-05
18.39333333,75.03194444,0.012577073
18.39333333,75.12472222,0.034326206
18.39361111,74.32416667,0.017209117
18.39361111,74.44388889,0.022055891
18.39361111,74.56416667,0.03466364
18.39361111,74.58833333,0.015736679
18.39361111,74.59305556,0.012638424
18.39361111,74.64805556,0.011595448
18.39361111,74.71472222,0.015276542
18.39361111,74.73111111,0.011165987
18.39361111,74.73138889,0.000122703
18.39361111,74.8175,0.014816405
18.39388889,74.5275,0.011165987
18.39388889,74.54583333,0.024509954
18.39388889,74.58861111,0.007484892
18.39388889,74.59333333,0.010583147
18.39388889,74.62138889,0.009448143
18.39388889,74.64333333,0.01733182
18.39388889,74.73166667,0.000122703
18.39388889,74.85694444,0.023221571
18.39388889,74.92694444,0.033252554
18.39388889,75.12277778,0.0554925
18.39388889,75.20111111,0.010951256
18.39416667,74.44444444,0.022055891
18.39416667,74.52777778,0.009233412
18.39416667,74.57222222,0.017055738
18.39416667,74.58888889,0.012178288
18.39416667,74.59361111,0.022055891
18.39416667,74.73194444,0.000122703
18.39416667,74.76888889,0.022331973
18.39416667,75.11472222,0.034019448
18.39416667,75.64194444,0.037087027
18.39444444,74.52805556,0.064756588
18.39444444,74.58916667,0.011442069
18.39444444,74.59388889,0.024847388
18.39444444,74.64583333,0.024571306
18.39444444,74.67333333,0.01616614
18.39444444,74.67638889,0.045890978
18.39444444,74.73222222,0.000153379
18.39444444,74.88944444,0.047823553
18.39444444,74.95833333,0.024724685
18.39444444,75.125,0.028804565
18.39472222,74.52833333,0.070646339
18.39472222,74.54416667,0.02395779
18.39472222,74.58944444,0.015736679
18.39472222,74.59416667,0.005122857
18.39472222,74.59555556,0.01791466
18.39472222,74.6025,0.019233719
18.39472222,74.65888889,0.046933955
18.39472222,74.7325,0.000276082
18.39472222,74.92166667,0.024417927
18.39472222,74.94583333,0.018528176
18.395,74.52861111,0.024694009
18.395,74.58972222,0.006595294
18.395,74.59444444,0.012485046
18.395,74.60166667,0.017976012
18.395,74.71583333,0.044725298
18.395,74.73277778,0.000153379
18.395,74.78111111,0.045461517
18.395,74.87583333,0.029111322
18.395,74.88083333,0.021012915
18.395,74.94694444,0.015276542
18.395,75.1225,0.028957943
18.39527778,74.52888889,0.098622657
18.39527778,74.59,0.007484892
18.39527778,74.59472222,0.006595294
18.39527778,74.64777778,0.031473358
18.39527778,74.67472222,0.017055738
18.39527778,74.73277778,0.009233412
18.39527778,74.73305556,0.000214731
18.39527778,74.82972222,0.026043744
18.39555556,74.46,0.013067886
18.39555556,74.52916667,0.022945489
18.39555556,74.59027778,0.003650419
18.39555556,74.595,0.008221111
18.39555556,74.64305556,0.015798031
18.39555556,74.73361111,9.20E-05
18.39555556,74.9,0.030461057
18.39555556,74.99527778,0.01987791
18.39555556,75.00388889,0.049357342
18.39583333,74.52944444,0.019417774
18.39583333,74.59055556,0.019111016
18.39583333,74.59527778,0.025890365
18.39583333,74.67777778,0.042516642
18.39583333,74.69972222,0.044265162
18.39583333,74.73388889,0.000122703
18.39583333,75.66833333,0.035737293
18.39611111,74.52972222,0.012485046
18.39611111,74.53,0.007638271
18.39611111,74.59083333,0.019111016
18.39611111,74.59555556,0.005429614
18.39611111,74.73416667,9.20E-05
18.39611111,74.76888889,0.019693856
18.39638889,74.44444444,0.022055891
18.39638889,74.53027778,0.006748673
18.39638889,74.55333333,0.027577533
18.39638889,74.59111111,0.012485046
18.39638889,74.59583333,0.007178134
18.39638889,74.73444444,0.000122703
18.39638889,74.93722222,0.016472898
18.39666667,74.54166667,0.017761281
18.39666667,74.59138889,0.00954017
18.39666667,74.73472222,0.000122703
18.39666667,74.88083333,0.031933495
18.39666667,74.95305556,0.025000767
18.39666667,75.10472222,0.006595294
18.39694444,74.53055556,0.007638271
18.39694444,74.54722222,0.026595908
18.39694444,74.59166667,0.019417774
18.39694444,74.59638889,0.013221264
18.39694444,74.69972222,0.058130618
18.39694444,74.735,9.20E-05
18.39694444,75.00861111,0.03524648
18.39694444,75.02333333,0.037393785
18.39722222,74.47361111,0.0184975
18.39722222,74.53083333,0.005276235
18.39722222,74.54916667,0.016595601
18.39722222,74.59194444,0.012485046
18.39722222,74.59666667,0.011319366
18.39722222,74.65194444,0.018957637
18.39722222,74.65944444,0.01595141
18.39722222,74.67916667,0.027209424
18.39722222,74.73527778,9.20E-05
18.39722222,75.07472222,0.020031289
18.3975,74.48027778,0.025307525
18.3975,74.59222222,0.015859382
18.3975,74.59694444,0.011595448
18.3975,74.64444444,0.017178441
18.3975,74.65972222,0.019816559
18.3975,74.73083333,0.045890978
18.3975,74.73555556,9.20E-05
18.3975,74.9075,0.034326206
18.39777778,74.44555556,0.022147919
18.39777778,74.53111111,0.072118777
18.39777778,74.53138889,0.009110709
18.39777778,74.57194444,0.033528636
18.39777778,74.5925,0.011442069
18.39777778,74.59722222,0.018221418
18.39777778,74.65194444,0.016350195
18.39777778,74.73583333,6.14E-05
18.39777778,74.78611111,0.02220927
18.39777778,75.10444444,0.022884138
18.39805556,74.53166667,0.008497193
18.39805556,74.59277778,0.006288536
18.39805556,74.5975,0.005552318
18.39805556,74.62777778,0.025736986
18.39805556,74.66,0.016626277
18.39805556,74.73611111,0.000122703
18.39805556,74.91694444,0.012577073
18.39833333,74.445,0.02220927
18.39833333,74.53194444,0.01070585
18.39833333,74.59305556,0.012331667
18.39833333,74.59777778,0.00954017
18.39833333,74.64555556,0.019847235
18.39833333,74.73638889,0.000153379
18.39833333,74.9525,0.035890671
18.39833333,75.01305556,0.018374797
18.39833333,75.25777778,0.01871223
18.39833333,75.32555556,0.038651492
18.39861111,74.53222222,0.010583147
18.39861111,74.59333333,0.01012301
18.39861111,74.59805556,0.018804258
18.39861111,74.63083333,0.046197736
18.39861111,74.73666667,0.000122703
18.39888889,74.5325,0.003220958
18.39888889,74.59361111,0.008650572
18.39888889,74.59833333,0.012791803
18.39888889,74.64777778,0.013957483
18.39888889,74.64944444,0.012577073
18.39888889,74.73694444,0.000950949
18.39888889,75.12027778,0.04107488
18.39888889,75.12111111,0.034326206
18.39888889,75.29583333,0.024847388
18.39916667,74.53138889,0.019969938
18.39916667,74.53277778,0.006288536
18.39916667,74.57027778,0.018221418
18.39916667,74.57111111,0.022178594
18.39916667,74.59388889,0.009386791
18.39916667,74.59861111,0.016319519
18.39916667,74.64805556,0.012147612
18.39916667,74.65972222,0.013313292
18.39916667,74.73722222,0.000552164
18.39916667,74.83777778,0.034264855
18.39916667,75.12277778,0.053651953
18.39944444,74.53305556,0.006441915
18.39944444,74.58555556,0.017638578
18.39944444,74.59416667,0.00895733
18.39944444,74.59888889,0.005276235
18.39944444,74.63555556,0.028528482
18.39944444,74.65611111,0.018221418
18.39944444,74.7375,0.000521488
18.39944444,74.84888889,0.02512347
18.39944444,74.91861111,0.01674898
18.39944444,75.61583333,0.026718611
18.39972222,74.36805556,0.018528176
18.39972222,74.49166667,0.012178288
18.39972222,74.59444444,0.0155833
18.39972222,74.59916667,0.01674898
18.39972222,74.62305556,0.020000614
18.39972222,74.62694444,0.013221264
18.39972222,74.64861111,0.027884291
18.39972222,74.73777778,0.000521488
18.39972222,74.9575,0.024724685
18.39972222,75.27166667,0.02220927
18.4,74.49194444,0.003067579
18.4,74.59472222,0.007638271
18.4,74.59944444,0.019111016
18.4,74.62388889,0.018098715
18.4,74.68194444,0.032209577
18.4,74.73805556,0.000766895
18.4,74.73861111,0.01733182
18.4,75.01555556,0.041933802
18.4,75.12083333,0.034326206
18.4,75.285,0.016442222
18.40027778,74.49222222,0.014110862
18.40027778,74.595,0.012178288
18.40027778,74.59972222,0.005705696
18.40027778,74.60305556,0.015859382
18.40027778,74.64916667,0.018037363
18.40027778,74.73833333,0.037087027
18.40027778,74.84777778,0.033682015
18.40027778,75.02222222,0.043528943
18.40027778,75.16527778,0.021503727
18.40027778,75.19138889,0.0097549
18.40055556,74.4925,0.008497193
18.40055556,74.59527778,0.011012608
18.40055556,74.6,0.00895733
18.40055556,74.61638889,0.020338047
18.40055556,74.62555556,0.064020369
18.40055556,74.63583333,0.019755207
18.40055556,74.65972222,0.018804258
18.40055556,74.71805556,0.042363263
18.40055556,74.73861111,6.14E-05
18.40055556,74.97694444,0.012822479
18.40055556,75.00583333,0.037393785
18.40055556,75.00916667,0.034326206
18.40083333,74.49277778,0.006165833
18.40083333,74.60027778,0.00407988
18.40083333,74.60333333,0.016442222
18.40083333,74.61666667,0.01362005
18.40083333,74.61694444,0.018742906
18.40083333,74.66194444,0.015736679
18.40083333,74.73888889,0.00079757
18.40083333,74.81166667,0.012607749
18.40083333,74.83,0.062977392
18.40083333,74.88944444,0.020736832
18.40083333,74.89805556,0.016012761
18.40111111,74.49305556,0.01070585
18.40111111,74.59555556,0.012055585
18.40111111,74.59583333,0.014847081
18.40111111,74.60055556,0.007760974
18.40111111,74.61694444,0.016196816
18.40111111,74.64833333,0.023681708
18.40111111,74.73916667,0.03546121
18.40111111,74.81027778,0.034264855
18.40111111,74.94472222,0.038528789
18.40111111,75.00555556,0.037393785
18.40111111,75.05277778,0.033559312
18.40111111,75.10055556,0.024509954
18.40138889,74.49333333,0.015123163
18.40138889,74.59611111,0.012791803
18.40138889,74.60083333,0.012791803
18.40138889,74.61666667,0.02316022
18.40138889,74.64861111,0.018436148
18.40138889,74.66305556,0.019141691
18.40138889,74.68333333,0.032639038
18.40138889,74.73944444,0.000521488
18.40138889,74.80472222,0.022638731
18.40166667,74.16472222,0.041013528
18.40166667,74.4425,0.021871837
18.40166667,74.49361111,0.011319366
18.40166667,74.59638889,0.006748673
18.40166667,74.60111111,0.011595448
18.40166667,74.61166667,0.02257738
18.40166667,74.73972222,0.000337434
18.40166667,74.83416667,0.025307525
18.40166667,75.26416667,0.030307678
18.40166667,75.30138889,0.015460597
18.40194444,74.49388889,0.009110709
18.40194444,74.59666667,0.016902359
18.40194444,74.60138889,0.0155833
18.40194444,74.61416667,0.009938955
18.40194444,74.64944444,0.018037363
18.40194444,74.74,0.000276082
18.40194444,74.81416667,0.014264241
18.40222222,74.46722222,0.014264241
18.40222222,74.49416667,0.016902359
18.40222222,74.50166667,0.018681555
18.40222222,74.55277778,0.032792417
18.40222222,74.59694444,0.019417774
18.40222222,74.60166667,0.024264548
18.40222222,74.74027778,0.000613516
18.40222222,75.03583333,0.025184822
18.40222222,75.08222222,0.034326206
18.4025,74.49444444,0.008067732
18.4025,74.59722222,0.012485046
18.4025,74.60194444,0.015276542
18.4025,74.60888889,0.028099021
18.4025,74.61416667,0.023712384
18.4025,74.65888889,0.027945643
18.4025,74.74055556,0.000613516
18.40277778,74.49472222,0.00895733
18.40277778,74.5975,0.018374797
18.40277778,74.60222222,0.013374643
18.40277778,74.63333333,0.023313599
18.40277778,74.68472222,0.026166447
18.40277778,74.74083333,0.002239332
18.40277778,74.81361111,0.014969784
18.40277778,75.00333333,0.053651953
18.40277778,75.31111111,0.044019755
18.40305556,74.39888889,0.032945796
18.40305556,74.495,0.006902052
18.40305556,74.59777778,0.007760974
18.40305556,74.6025,0.00954017
18.40305556,74.68083333,0.051934108
18.40305556,74.74111111,0.001871223
18.40305556,75.53166667,0.015920734
18.40333333,74.49527778,0.022945489
18.40333333,74.51083333,0.028221725
18.40333333,74.59805556,0.016902359
18.40333333,74.60277778,0.011595448
18.40333333,74.62194444,0.024571306
18.40333333,74.65055556,0.018804258
18.40333333,74.65138889,0.020706157
18.40333333,74.65222222,0.013804104
18.40333333,74.65333333,0.02454063
18.40333333,74.74138889,0.001042977
18.40333333,74.83583333,0.042823399
18.40333333,74.95694444,0.024264548
18.40361111,74.49555556,0.007914353
18.40361111,74.59833333,0.012178288
18.40361111,74.60305556,0.012791803
18.40361111,74.62277778,0.027853615
18.40361111,74.65,0.019325746
18.40361111,74.65083333,0.020552778
18.40361111,74.66,0.020890211
18.40361111,74.74166667,0.000766895
18.40361111,74.80527778,0.016442222
18.40361111,75.18416667,0.019356422
18.40388889,74.49583333,0.007178134
18.40388889,74.59861111,0.007024755
18.40388889,74.60333333,0.014693702
18.40388889,74.65166667,0.021963864
18.40388889,74.74194444,0.001288383
18.40416667,74.49611111,0.009233412
18.40416667,74.59888889,0.009693549
18.40416667,74.60361111,0.007760974
18.40416667,74.64555556,0.024571306
18.40416667,74.68194444,0.054449523
18.40416667,74.68666667,0.058713457
18.40416667,74.74222222,0.000736219
18.40416667,75.3025,0.017178441
18.40444444,74.39694444,0.025890365
18.40444444,74.44777778,0.022055891
18.40444444,74.49638889,0.005705696
18.40444444,74.5875,0.014110862
18.40444444,74.59916667,0.007484892
18.40444444,74.60388889,0.011165987
18.40444444,74.62083333,0.018313445
18.40444444,74.65277778,0.017117089
18.40444444,74.66944444,0.013343968
18.40444444,74.71805556,0.048007608
18.40444444,74.7425,0.001104328
18.40444444,75.10111111,0.02512347
18.40444444,75.155,0.023712384
18.40472222,74.48416667,0.023098868
18.40472222,74.49666667,0.010859229
18.40472222,74.59944444,0.017485199
18.40472222,74.60416667,0.00407988
18.40472222,74.62111111,0.017423847
18.40472222,74.69055556,0.020276696
18.40472222,74.74277778,0.000736219
18.40472222,74.7925,0.023681708
18.40472222,74.88694444,0.034326206
18.405,74.49694444,0.01616614
18.405,74.59972222,0.014386944
18.405,74.60444444,0.00895733
18.405,74.62111111,0.024786036
18.405,74.62166667,0.013681401
18.405,74.65972222,0.021473051
18.405,74.68305556,0.03837541
18.405,74.74305556,0.001073653
18.405,74.75527778,0.020736832
18.405,74.98833333,0.039111629
18.405,75.03861111,0.043682322
18.40527778,73.59666667,0.125740053
18.40527778,74.49722222,0.012055585
18.40527778,74.58333333,0.011902206
18.40527778,74.60472222,0.005705696
18.40527778,74.62944444,0.02279211
18.40527778,74.74333333,0.000705543
18.40527778,74.7475,0.015276542
18.40555556,73.68194444,0.036289457
18.40555556,74.4975,0.006902052
18.40555556,74.58361111,0.022055891
18.40555556,74.605,0.008650572
18.40555556,74.61944444,0.016258167
18.40555556,74.63666667,0.014816405
18.40555556,74.63916667,0.012853155
18.40555556,74.74361111,0.000705543
18.40555556,74.79944444,0.029111322
18.40555556,74.94,0.034847695
18.40555556,75.11861111,0.048099635
18.40555556,75.15277778,0.035859996
18.40583333,74.33694444,0.0282524
18.40583333,74.4675,0.217767416
18.40583333,74.49777778,0.004969478
18.40583333,74.58388889,0.011748827
18.40583333,74.60527778,0.0155833
18.40583333,74.61916667,0.018957637
18.40583333,74.68361111,0.050768428
18.40583333,74.74388889,0.000828246
18.40611111,74.49805556,0.011442069
18.40611111,74.57222222,0.021166293
18.40611111,74.58416667,0.01616614
18.40611111,74.74416667,0.000981625
18.40611111,74.8975,0.023681708
18.40611111,75.01916667,0.025430228
18.40611111,75.1825,0.011442069
18.40611111,75.2025,0.013957483
18.40638889,73.75694444,0.028896592
18.40638889,74.49833333,0.01012301
18.40638889,74.60583333,0.022055891
18.40638889,74.74444444,0.000889598
18.40638889,75.86361111,0.024786036
18.40666667,74.58444444,0.006441915
18.40666667,74.58472222,0.018681555
18.40666667,74.60611111,0.011165987
18.40666667,74.63944444,0.012024909
18.40666667,74.71111111,0.019111016
18.40666667,74.74472222,0.000950949
18.40666667,74.75,0.027945643
18.40666667,74.76138889,0.027546857
18.40666667,75.08305556,0.027577533
18.40694444,74.585,0.012178288
18.40694444,74.61833333,0.018742906
18.40694444,74.62,0.018068039
18.40694444,74.62583333,0.0282524
18.40694444,74.745,0.000521488
18.40694444,75.08944444,0.040921501
18.40722222,74.61861111,0.016258167
18.40722222,74.62027778,0.017209117
18.40722222,74.62638889,0.01674898
18.40722222,74.65722222,0.018374797
18.40722222,74.74527778,0.000889598
18.40722222,74.87583333,0.039295684
18.40722222,74.95361111,0.032056198
18.40722222,75.06805556,0.013129237
18.4075,74.53305556,0.01674898
18.4075,74.655,0.018681555
18.4075,74.68555556,0.039571766
18.4075,74.74555556,0.000889598
18.4075,74.9275,0.045308138
18.40777778,74.66305556,0.041504341
18.40777778,74.72805556,0.023589681
18.40777778,74.74583333,0.000490813
18.40777778,74.76388889,0.023528329
18.40805556,74.43222222,0.035154453
18.40805556,74.56722222,0.00954017
18.40805556,74.67611111,0.025736986
18.40805556,74.74611111,0.000705543
18.40805556,74.83305556,0.025583607
18.40805556,74.86694444,0.060032516
18.40833333,74.50055556,0.00837449
18.40833333,74.64777778,0.019479125
18.40833333,74.74638889,0.000858922
18.40833333,74.93277778,0.016595601
18.40833333,75.00777778,0.053651953
18.40833333,75.12888889,0.021166293
18.40861111,74.50083333,0.009110709
18.40861111,74.63527778,0.01812939
18.40861111,74.69722222,0.049418694
18.40861111,74.74666667,0.000521488
18.40861111,75.01944444,0.039295684
18.40861111,75.06861111,0.024571306
18.40888889,74.50111111,0.013528022
18.40888889,74.65333333,0.013712077
18.40888889,74.74694444,0.000613516
18.40888889,74.85222222,0.025798337
18.40888889,75.00222222,0.040921501
18.40916667,74.4225,0.024264548
18.40916667,74.50138889,0.012485046
18.40916667,74.57027778,0.019264395
18.40916667,74.63138889,0.016595601
18.40916667,74.65111111,0.013190589
18.40916667,74.74722222,0.000521488
18.40944444,73.67444444,0.013957483
18.40944444,74.50166667,0.007024755
18.40944444,74.6475,0.01536857
18.40944444,74.65,0.017638578
18.40944444,74.65222222,0.011810178
18.40944444,74.65555556,0.017301144
18.40944444,74.7475,0.000613516
18.40972222,74.42333333,0.021871837
18.40972222,74.50194444,0.005122857
18.40972222,74.51638889,0.023528329
18.40972222,74.55277778,0.024847388
18.40972222,74.59777778,0.029571459
18.40972222,74.64777778,0.012761128
18.40972222,74.7125,0.022945489
18.40972222,74.72527778,0.02512347
18.40972222,74.74777778,0.000460137
18.40972222,74.82972222,0.046933955
18.40972222,74.84027778,0.015552624
18.41,74.42583333,0.022147919
18.41,74.50222222,0.013374643
18.41,74.525,0.021902512
18.41,74.57138889,0.035001074
18.41,74.65611111,0.019325746
18.41,74.74805556,0.000490813
18.41,74.95888889,0.018528176
18.41,75.15555556,0.016779656
18.41027778,74.5025,0.011319366
18.41027778,74.62583333,0.021166293
18.41027778,74.65472222,0.024203196
18.41027778,74.65861111,0.021749133
18.41027778,74.74833333,0.000521488
18.41027778,74.765,0.009110709
18.41027778,74.80055556,0.027792264
18.41027778,75.04222222,0.029571459
18.41055556,74.50277778,0.007914353
18.41055556,74.56888889,0.021749133
18.41055556,74.6025,0.035890671
18.41055556,74.60972222,0.021074266
18.41055556,74.65694444,0.011718151
18.41055556,74.74861111,0.000521488
18.41055556,74.85527778,0.019417774
18.41055556,74.8675,0.015429921
18.41083333,74.30333333,0.031902819
18.41083333,74.42166667,0.021902512
18.41083333,74.50277778,0.009233412
18.41083333,74.50305556,0.021473051
18.41083333,74.57111111,0.02337495
18.41083333,74.62694444,0.028221725
18.41083333,74.74888889,0.000613516
18.41111111,74.50333333,0.008803951
18.41111111,74.65861111,0.012607749
18.41111111,74.68944444,0.026043744
18.41111111,74.69472222,0.054725605
18.41111111,74.74916667,0.000490813
18.41111111,74.75305556,0.015859382
18.41138889,73.48666667,0.098622657
18.41138889,74.50361111,0.012055585
18.41138889,74.74944444,0.000858922
18.41138889,74.755,0.023804411
18.41166667,74.50388889,0.008497193
18.41166667,74.57333333,0.016012761
18.41166667,74.61,0.014110862
18.41166667,74.65888889,0.013712077
18.41166667,74.66138889,0.025583607
18.41166667,74.74972222,0.000398785
18.41166667,74.955,0.022485352
18.41166667,75.08055556,0.0184975
18.41194444,74.50416667,0.006288536
18.41194444,74.75,0.000613516
18.41194444,74.99055556,0.033252554
18.41222222,74.50444444,0.008067732
18.41222222,74.73888889,0.025430228
18.41222222,74.75027778,0.001042977
18.41222222,74.80444444,0.016902359
18.41222222,74.90277778,0.013466671
18.41222222,75.29944444,0.018650879
18.4125,74.50472222,0.005276235
18.4125,74.61388889,0.018374797
18.4125,74.62194444,0.018926961
18.4125,74.64416667,0.050768428
18.4125,74.68916667,0.043406239
18.4125,74.75055556,0.000398785
18.4125,74.87638889,0.05003221
18.4125,75.00777778,0.044142458
18.4125,75.08472222,0.010429768
18.41277778,74.505,0.00954017
18.41277778,74.65027778,0.014847081
18.41277778,74.86611111,0.021749133
18.41305556,74.50527778,0.010583147
18.41333333,74.42,0.021841161
18.41333333,74.50555556,0.008497193
18.41333333,74.62194444,0.016963711
18.41333333,74.66027778,0.012761128
18.41333333,74.66944444,0.018650879
18.41333333,74.68944444,0.041197583
18.41333333,74.75583333,0.018650879
18.41361111,74.50583333,0.006165833
18.41361111,74.8025,0.021902512
18.41388889,74.60416667,0.027792264
18.41388889,74.6075,0.032516335
18.41388889,74.80722222,0.036473511
18.41388889,75.12194444,0.053498574
18.41416667,74.50638889,0.011442069
18.41416667,74.75777778,0.01674898
18.41444444,74.50666667,0.029111322
18.41444444,74.58111111,0.017485199
18.41444444,74.59472222,0.021473051
18.41444444,74.69638889,0.03546121
18.41444444,74.81944444,0.030154299
18.41444444,75.08361111,0.0554925
18.41444444,75.25972222,0.016074113
18.41472222,74.61583333,0.028099021
18.41472222,74.69777778,0.010859229
18.41472222,74.80583333,0.018804258
18.415,74.50722222,0.031933495
18.415,74.92111111,0.016595601
18.41527778,73.46194444,0.012607749
18.41527778,74.20916667,0.035614589
18.41527778,74.44666667,0.021871837
18.41527778,74.46611111,0.058253321
18.41527778,74.5075,0.008067732
18.41527778,74.55888889,0.0282524
18.41527778,74.59472222,0.026166447
18.41527778,74.76083333,0.016595601
18.41527778,74.77166667,0.016595601
18.41527778,74.82361111,0.053836007
18.41527778,74.95083333,0.015429921
18.41555556,74.23638889,0.116537317
18.41555556,74.50277778,0.018804258
18.41555556,74.50777778,0.006165833
18.41555556,74.65666667,0.014080187
18.41555556,74.88222222,0.028375104
18.41555556,74.91638889,0.043467591
18.41555556,75.28972222,0.030737139
18.41583333,74.50805556,0.020153992
18.41583333,74.62611111,0.01674898
18.41583333,74.66472222,0.02162643
18.41611111,74.29527778,0.023681708
18.41611111,74.50833333,0.006012454
18.41611111,74.6,0.03662689
18.41611111,74.61138889,0.035614589
18.41611111,74.67611111,0.028681861
18.41611111,75.08555556,0.019387098
18.41611111,75.11083333,0.024970091
18.41611111,75.27833333,0.02199454
18.41611111,76.10527778,0.010092334
18.41638889,74.50861111,0.006441915
18.41638889,74.76138889,0.019847235
18.41638889,75.22055556,0.013497347
18.41666667,73.72805556,0.032945796
18.41666667,74.48888889,0.01128869
18.41666667,74.82527778,0.042363263
18.41666667,75.00277778,0.014969784
18.41694444,74.50888889,0.005276235
18.41694444,74.69472222,0.031933495
18.41694444,74.70027778,0.03837541
18.41694444,74.9975,0.024724685
18.41722222,74.50916667,0.006165833
18.41722222,74.53944444,0.08978803
18.41722222,74.55888889,0.01791466
18.41722222,74.60166667,0.021902512
18.41722222,74.83444444,0.027945643
18.41722222,74.87416667,0.017791957
18.41722222,74.91694444,0.044449216
18.41722222,75.25666667,0.025092794
18.41722222,75.65972222,0.033712691
18.41722222,75.66416667,0.035553238
18.41722222,75.67638889,0.038314059
18.4175,73.88583333,0.036780269
18.4175,74.4225,0.02199454
18.4175,74.50944444,0.01012301
18.4175,74.54166667,0.014080187
18.4175,74.69305556,0.025000767
18.4175,74.75138889,0.002760821
18.4175,74.86111111,0.019203043
18.4175,74.99722222,0.035553238
18.41777778,74.41694444,0.028099021
18.41777778,74.43944444,0.037301758
18.41777778,74.50972222,0.008803951
18.41777778,74.74861111,0.053099788
18.41777778,74.7675,0.020736832
18.41777778,75.12138889,0.022700083
18.41805556,74.09027778,0.041013528
18.41805556,74.20083333,0.02279211
18.41805556,74.21555556,0.038314059
18.41805556,74.49444444,0.014325593
18.41805556,74.49472222,0.01012301
18.41805556,74.51,0.006595294
18.41805556,74.53416667,0.019847235
18.41805556,74.69166667,0.024264548
18.41805556,74.73861111,0.039663793
18.41805556,74.81944444,0.054142765
18.41805556,74.82472222,0.047823553
18.41833333,73.72388889,0.034264855
18.41833333,74.51027778,0.00895733
18.41833333,75.32194444,0.020430075
18.41861111,74.33083333,0.027577533
18.41861111,74.49472222,0.031227952
18.41861111,74.56555556,0.027332127
18.41861111,74.56777778,0.030461057
18.41861111,74.70694444,0.02337495
18.41861111,74.98972222,0.017791957
18.41888889,74.63888889,0.020920887
18.41888889,74.94222222,0.021779809
18.41888889,74.99222222,0.03524648
18.41916667,74.63694444,0.022362649
18.41916667,74.63888889,0.017178441
18.41916667,74.64138889,0.022055891
18.41916667,74.86833333,0.037669867
18.41916667,74.91277778,0.013650725
18.41916667,75.06944444,0.022516028
18.41916667,75.19805556,0.020338047
18.41944444,74.46027778,0.027822939
18.41944444,74.62277778,0.014049511
18.41944444,74.69027778,0.038988926
18.41944444,74.70722222,0.046197736
18.41944444,74.88638889,0.04187245
18.41944444,75.06194444,0.043528943
18.41944444,75.14166667,0.011012608
18.41944444,75.24972222,0.02395779
18.41972222,74.51166667,0.009846928
18.41972222,74.74972222,0.043222185
18.41972222,75.07361111,0.034019448
18.41972222,75.07555556,0.02512347
18.41972222,75.09805556,0.03524648
18.42,74.34638889,0.018374797
18.42,74.46888889,0.032056198
18.42,74.51194444,0.010429768
18.42,74.76138889,0.018374797
18.42027778,74.36055556,0.076658793
18.42027778,74.51222222,0.011165987
18.42027778,74.6825,0.020153992
18.42027778,75.07361111,0.04107488
18.42055556,74.50694444,0.031043897
18.42055556,74.5125,0.011902206
18.42055556,74.63472222,0.047240713
18.42055556,74.98944444,0.035001074
18.42055556,75.15472222,0.015767355
18.42055556,76.03111111,0.009908279
18.42083333,74.10805556,0.017362496
18.42083333,74.51277778,0.008650572
18.42083333,74.61694444,0.014540323
18.42083333,74.625,0.019141691
18.42083333,74.62861111,0.024847388
18.42083333,74.69444444,0.041473665
18.42083333,74.69777778,0.023804411
18.42083333,74.73638889,0.02687199
18.42083333,74.7525,0.051934108
18.42111111,74.51305556,0.007760974
18.42111111,74.63777778,0.013742753
18.42111111,75.02777778,0.022914813
18.42111111,75.10027778,0.021166293
18.42138889,74.24111111,0.027577533
18.42138889,74.40472222,0.031013221
18.42138889,74.51333333,0.014693702
18.42138889,74.62555556,0.015798031
18.42166667,74.6875,0.044265162
18.42166667,74.8625,0.012791803
18.42194444,73.7225,0.028896592
18.42194444,74.40805556,0.019264395
18.42194444,74.4325,0.016319519
18.42194444,74.51583333,0.018068039
18.42194444,74.57861111,0.029724838
18.42194444,74.60055556,0.025736986
18.42194444,74.64083333,0.037363109
18.42194444,74.97166667,0.031197276
18.42194444,75.09916667,0.037393785
18.42222222,74.6225,0.012761128
18.42222222,74.62666667,0.022331973
18.42222222,74.75333333,0.05003221
18.42222222,74.80888889,0.026902666
18.4225,74.42222222,0.018528176
18.4225,74.53083333,0.015859382
18.4225,74.84277778,0.037363109
18.4225,75.30138889,0.018742906
18.4225,76.2025,0.02490874
18.42277778,74.62722222,0.025246173
18.42277778,74.63888889,0.026166447
18.42277778,74.65583333,0.017485199
18.42277778,74.77472222,0.031043897
18.42277778,74.87194444,0.064756588
18.42305556,74.24583333,0.024509954
18.42305556,74.33638889,0.030307678
18.42305556,74.42083333,0.033712691
18.42305556,74.62305556,0.018037363
18.42305556,74.62527778,0.032792417
18.42305556,74.6375,0.018436148
18.42305556,74.99861111,0.032516335
18.42333333,74.42083333,0.038314059
18.42333333,74.60666667,0.02279211
18.42333333,74.63722222,0.012331667
18.42333333,75.225,0.01966318
18.42361111,74.55944444,0.01733182
18.42361111,74.65972222,0.018436148
18.42361111,74.75416667,0.048253014
18.42361111,74.91777778,0.048437069
18.42361111,74.98694444,0.052424921
18.42361111,75.12555556,0.022393325
18.42388889,74.41777778,0.049050584
18.42388889,74.44722222,0.020890211
18.42388889,74.66861111,0.022516028
18.42416667,74.25,0.033712691
18.42416667,74.6375,0.011963557
18.42416667,74.93888889,0.038099328
18.42416667,75.135,0.044142458
18.42444444,74.86055556,0.050185589
18.42472222,74.24222222,0.012239639
18.42472222,74.25222222,0.030645112
18.42472222,74.4375,0.020736832
18.42472222,74.63805556,0.017853308
18.42472222,74.64916667,0.020153992
18.42472222,75.4875,0.024509954
18.425,73.74166667,0.02687199
18.425,74.23277778,0.027577533
18.425,74.55277778,0.015429921
18.425,74.63333333,0.018988313
18.425,74.64722222,0.014233565
18.42527778,74.35611111,0.015307218
18.42527778,74.54916667,0.020276696
18.42527778,74.60583333,0.031780116
18.42527778,74.63305556,0.014509648
18.42527778,74.63777778,0.019233719
18.42527778,74.73972222,0.038314059
18.42555556,74.12722222,0.034264855
18.42555556,74.23222222,0.028221725
18.42555556,74.23694444,0.024509954
18.42555556,74.48111111,0.025736986
18.42555556,74.83055556,0.019693856
18.42555556,75.03138889,0.024816712
18.42583333,73.735,0.038988926
18.42583333,74.48194444,0.016472898
18.42583333,74.48861111,0.026473205
18.42583333,74.51805556,0.015736679
18.42583333,74.63333333,0.013343968
18.42583333,74.75833333,0.018528176
18.42611111,74.35222222,0.085861529
18.42611111,74.51833333,0.013221264
18.42611111,74.63416667,0.024694009
18.42611111,74.89361111,0.043528943
18.42611111,74.93555556,0.027025369
18.42611111,75.05777778,0.040768122
18.42638889,74.35027778,0.02395779
18.42638889,74.36305556,0.033712691
18.42638889,74.50361111,0.026043744
18.42638889,74.51861111,0.009969631
18.42638889,74.64138889,0.014816405
18.42638889,74.89861111,0.047976932
18.42638889,74.92722222,0.018681555
18.42666667,74.25166667,0.033712691
18.42666667,74.51888889,0.012331667
18.42666667,74.82055556,0.01733182
18.42666667,75.13555556,0.014233565
18.42694444,74.36027778,0.008650572
18.42694444,74.51916667,0.015276542
18.42694444,74.6325,0.038314059
18.42694444,74.67055556,0.026626584
18.42694444,74.68222222,0.032362956
18.42722222,74.39666667,0.025583607
18.42722222,74.51944444,0.013650725
18.42722222,74.6925,0.01674898
18.42722222,74.84833333,0.021166293
18.42722222,74.9325,0.031473358
18.42722222,74.9475,0.014386944
18.4275,74.51972222,0.019111016
18.4275,74.77611111,0.03058376
18.4275,74.83472222,0.032209577
18.4275,74.95166667,0.025307525
18.42777778,73.71777778,0.024847388
18.42777778,74.50555556,0.009816252
18.42777778,74.51972222,0.020736832
18.42777778,74.52,0.013528022
18.42777778,74.68388889,0.038988926
18.42777778,74.83,0.030307678
18.42777778,75.61388889,0.013466671
18.42805556,74.51138889,0.015736679
18.42805556,74.52027778,0.011902206
18.42805556,74.74944444,0.026319826
18.42833333,74.35611111,0.027577533
18.42833333,74.52055556,0.011595448
18.42833333,74.61388889,0.021319672
18.42833333,74.8125,0.025000767
18.42833333,75.13555556,0.026350502
18.42861111,73.87972222,0.061320899
18.42861111,74.41055556,0.018804258
18.42861111,74.45944444,0.019540477
18.42861111,74.52083333,0.007914353
18.42861111,74.53166667,0.0282524
18.42861111,74.54305556,0.017209117
18.42861111,74.78527778,0.020583453
18.42861111,75.08972222,0.034019448
18.42888889,73.67722222,0.027546857
18.42888889,74.23222222,0.027546857
18.42888889,74.52111111,0.009233412
18.42888889,74.57138889,0.014233565
18.42888889,74.73305556,0.034264855
18.42916667,73.73444444,0.033589987
18.42916667,74.44583333,0.026197123
18.42916667,74.46361111,0.013804104
18.42916667,74.52138889,0.005859075
18.42916667,74.585,0.005859075
18.42916667,74.67,0.03779257
18.42916667,74.96194444,0.041504341
18.42916667,75.085,0.033559312
18.42944444,73.73472222,0.032270929
18.42944444,74.38555556,0.028129697
18.42944444,74.52166667,0.011012608
18.42944444,74.5725,0.014540323
18.42944444,74.91055556,0.049510721
18.42972222,73.73694444,0.034264855
18.42972222,74.52194444,0.005276235
18.42972222,74.58027778,0.012485046
18.42972222,74.73555556,0.039663793
18.43,73.73111111,0.043682322
18.43,74.44305556,0.020123317
18.43,74.51972222,0.027362803
18.43,74.58,0.015552624
18.43,74.63333333,0.026749287
18.43,74.68027778,0.021166293
18.43,74.68222222,0.028804565
18.43,74.86083333,0.037639191
18.43027778,74.62333333,0.018742906
18.43027778,74.70388889,0.01674898
18.43027778,74.84694444,0.018528176
18.43027778,74.91083333,0.027792264
18.43027778,74.92694444,0.021902512
18.43027778,74.93666667,0.026043744
18.43027778,75.06194444,0.027025369
18.43055556,74.30222222,0.012239639
18.43055556,75.165,0.009478818
18.43083333,74.32611111,0.024509954
18.43083333,74.55861111,0.029694162
18.43083333,74.71138889,0.020706157
18.43083333,74.98611111,0.019417774
18.43083333,75.04416667,0.005797724
18.43083333,75.05888889,0.016595601
18.43111111,74.3775,0.024786036
18.43111111,74.47472222,0.018957637
18.43111111,74.52694444,0.027056045
18.43111111,74.53666667,0.018528176
18.43111111,74.61083333,0.0184975
18.43111111,74.64361111,0.019509801
18.43111111,74.67611111,0.027945643
18.43111111,74.73944444,0.019111016
18.43111111,74.78138889,0.033405933
18.43111111,74.95777778,0.026779963
18.43111111,75.82555556,0.021871837
18.43138889,74.88277778,0.01733182
18.43138889,75.2425,0.03757784
18.43166667,73.98888889,0.032270929
18.43166667,74.54833333,0.021473051
18.43166667,75.0325,0.02199454
18.43194444,73.71194444,0.028221725
18.43194444,74.3225,0.024509954
18.43194444,74.54527778,0.013804104
18.43194444,74.65972222,0.054786957
18.43194444,74.74944444,0.028681861
18.43194444,74.78472222,0.054296144
18.43194444,74.81694444,0.031473358
18.43194444,74.91861111,0.023804411
18.43194444,75.07055556,0.03174944
18.43222222,74.08222222,0.027546857
18.43222222,74.52305556,0.022331973
18.43222222,74.62583333,0.016288843
18.43222222,74.63333333,0.014816405
18.43222222,74.79,0.019540477
18.43222222,74.98527778,0.024847388
18.4325,74.48388889,0.018528176
18.4325,74.59888889,0.060032516
18.4325,74.63027778,0.020123317
18.4325,74.6625,0.018374797
18.4325,74.67305556,0.037363109
18.4325,75.09555556,0.009724225
18.43277778,73.52861111,0.030645112
18.43277778,75.22027778,0.021810485
18.43305556,74.3125,0.017055738
18.43305556,74.61305556,0.03000092
18.43305556,74.81444444,0.027485506
18.43305556,74.9525,0.02883524
18.43305556,75.26055556,0.019141691
18.43305556,75.44916667,0.019724531
18.43333333,74.3375,0.015307218
18.43333333,74.57194444,0.019693856
18.43333333,74.65472222,0.027884291
18.43333333,74.66111111,0.062824013
18.43333333,75.07583333,0.053651953
18.43361111,73.52777778,0.039847848
18.43361111,74.57055556,0.028375104
18.43361111,74.88638889,0.018804258
18.43361111,75.03083333,0.013129237
18.43388889,74.32888889,0.036780269
18.43388889,75.06722222,0.018037363
18.43388889,75.12388889,0.049357342
18.43416667,74.455,0.021319672
18.43416667,74.56333333,0.01500046
18.43416667,74.84222222,0.030461057
18.43416667,75.105,0.005552318
18.43444444,74.40194444,0.067456057
18.43444444,74.66777778,0.014969784
18.43444444,74.6725,0.0184975
18.43444444,74.72027778,0.025307525
18.43444444,74.96722222,0.029939569
18.43472222,73.5475,0.045983006
18.43472222,73.56333333,0.049050584
18.43472222,74.12083333,0.024847388
18.43472222,74.38277778,0.030706463
18.43472222,74.6625,0.061658333
18.43472222,74.77638889,0.021473051
18.435,73.55694444,0.055185742
18.435,74.64583333,0.060646032
18.435,74.87055556,0.059020215
18.435,75.01083333,0.02220927
18.43527778,74.33388889,0.012239639
18.43527778,74.78,0.031473358
18.43555556,73.56305556,0.28218657
18.43555556,74.62333333,0.013067886
18.43555556,74.62972222,0.012485046
18.43555556,74.63583333,0.013067886
18.43555556,74.82916667,0.040737446
18.43555556,74.97,0.022485352
18.43555556,75.08833333,0.024172521
18.43583333,74.78472222,0.017945336
18.43583333,74.82916667,0.047394092
18.43611111,74.325,0.015307218
18.43611111,74.46388889,0.020000614
18.43611111,74.66388889,0.045737599
18.43611111,74.7,0.052977085
18.43611111,75.07222222,0.033559312
18.43611111,75.15472222,0.009846928
18.43638889,73.56361111,0.082793951
18.43638889,74.34388889,0.030645112
18.43666667,73.80277778,0.055185742
18.43666667,74.21027778,0.024111169
18.43666667,74.22666667,0.017791957
18.43666667,74.3625,0.017301144
18.43666667,74.50916667,0.025430228
18.43666667,74.655,0.022393325
18.43666667,74.88944444,0.031319979
18.43666667,75.11333333,0.009662873
18.43666667,75.12333333,0.014018835
18.43694444,74.53722222,0.03000092
18.43694444,74.65194444,0.024694009
18.43722222,74.55805556,0.02162643
18.4375,74.66527778,0.048253014
18.4375,74.67777778,0.011442069
18.4375,74.70277778,0.045154759
18.4375,74.84944444,0.016595601
18.43777778,74.3175,0.091996687
18.43777778,74.32666667,0.098131845
18.43777778,74.53277778,0.035154453
18.43777778,74.72694444,0.024571306
18.43777778,74.80972222,0.025736986
18.43777778,75.12722222,0.018436148
18.43777778,75.1725,0.017301144
18.43777778,75.825,0.026534556
18.43805556,74.69777778,0.02162643
18.43805556,75.24888889,0.030246327
18.43833333,73.56305556,0.033712691
18.43833333,74.22361111,0.019111016
18.43833333,74.6,0.031043897
18.43833333,74.90472222,0.043528943
18.43833333,74.91277778,0.040277309
18.43833333,74.91694444,0.058253321
18.43833333,74.93916667,0.030031596
18.43833333,74.94361111,0.049357342
18.43833333,74.94583333,0.029264701
18.43833333,74.95,0.044970705
18.43833333,75.05638889,0.052424921
18.43833333,75.06833333,0.02512347
18.43833333,75.175,0.013466671
18.43861111,74.30333333,0.012239639
18.43861111,74.3125,0.024509954
18.43861111,74.3925,0.02337495
18.43861111,74.41138889,0.021473051
18.43861111,74.55972222,0.032209577
18.43861111,74.69638889,0.028988619
18.43861111,74.81055556,0.024694009
18.43861111,75.09972222,0.018804258
18.43888889,73.61833333,0.005184208
18.43888889,74.63916667,0.01128869
18.43888889,74.66666667,0.055032363
18.43888889,74.66833333,0.048682475
18.43888889,74.68333333,0.01187153
18.43888889,74.69416667,0.009662873
18.43888889,74.72138889,0.012485046
18.43888889,75.1975,0.02199454
18.43916667,73.56388889,0.049050584
18.43916667,74.31722222,0.021442376
18.43916667,74.5425,0.030921194
18.43916667,74.69861111,0.051351268
18.43916667,74.94388889,0.029724838
18.43944444,74.63916667,0.017577226
18.43944444,74.70416667,0.038528789
18.43944444,74.73777778,0.057701156
18.43944444,74.81027778,0.01733182
18.43944444,74.95555556,0.016043437
18.43972222,74.795,0.061320899
18.43972222,75.1475,0.019325746
18.44,74.18833333,0.022945489
18.44,74.20416667,0.029111322
18.44,74.56666667,0.021012915
18.44,74.575,0.031626737
18.44,74.67083333,0.017791957
18.44,74.70166667,0.0438357
18.44,74.87277778,0.019233719
18.44027778,74.41472222,0.016595601
18.44027778,74.66805556,0.046933955
18.44055556,74.21638889,0.019264395
18.44055556,74.72694444,0.035430535
18.44055556,74.79555556,0.031473358
18.44055556,74.82,0.035890671
18.44083333,75.09833333,0.019479125
18.44083333,75.23416667,0.007883677
18.44083333,75.28805556,0.006441915
18.44111111,74.59638889,0.035890671
18.44111111,75.07444444,0.053498574
18.44138889,73.57861111,0.045983006
18.44138889,74.46444444,0.018436148
18.44138889,74.63583333,0.01128869
18.44138889,74.73972222,0.031043897
18.44138889,74.82527778,0.018068039
18.44138889,74.88916667,0.033037823
18.44166667,73.86638889,0.022055891
18.44166667,74.32888889,0.018374797
18.44166667,74.7725,0.022055891
18.44166667,74.90833333,0.055799258
18.44166667,74.91277778,0.044449216
18.44166667,74.95305556,0.049357342
18.44166667,75.08472222,0.018344121
18.44166667,75.29333333,0.016380871
18.44194444,73.58305556,0.018374797
18.44194444,74.31888889,0.082793951
18.44194444,74.43527778,0.032270929
18.44194444,74.66944444,0.051044511
18.44194444,74.68972222,0.0184975
18.44194444,74.70694444,0.048099635
18.44194444,74.94583333,0.034909046
18.44194444,74.94666667,0.040461364
18.44194444,74.95222222,0.040645419
18.44194444,75.01444444,0.021902512
18.44194444,75.06361111,0.012546397
18.44194444,75.17555556,0.014969784
18.44222222,73.56694444,0.082793951
18.44222222,74.21277778,0.019417774
18.44222222,74.32111111,0.027577533
18.44222222,74.66805556,0.045737599
18.44222222,74.7975,0.03058376
18.44222222,74.85527778,0.013067886
18.44222222,74.91833333,0.044387865
18.4425,74.47472222,0.014540323
18.4425,74.55388889,0.024847388
18.4425,74.71944444,0.022638731
18.4425,74.82527778,0.015736679
18.4425,75.0275,0.015859382
18.44277778,74.25972222,0.036780269
18.44277778,74.69888889,0.025154146
18.44277778,74.74222222,0.00174852
18.44277778,75.14138889,0.02745483
18.44305556,73.58666667,0.027577533
18.44305556,74.22916667,0.079726372
18.44305556,74.72083333,0.028221725
18.44305556,74.8,0.050154913
18.44305556,74.9125,0.015859382
18.44305556,74.93388889,0.032209577
18.44305556,74.93833333,0.050584374
18.44305556,75.07861111,0.040921501
18.44305556,76.08666667,0.023712384
18.44333333,74.60972222,0.029724838
18.44333333,74.63666667,0.025246173
18.44333333,74.65472222,0.020215344
18.44333333,74.65805556,0.018742906
18.44333333,74.67,0.05782386
18.44333333,75.05944444,0.0554925
18.44333333,75.22611111,0.009478818
18.44333333,75.67944444,0.025460904
18.44361111,74.46805556,0.028681861
18.44361111,74.6275,0.024847388
18.44361111,74.62777778,0.031780116
18.44361111,74.63694444,0.021718458
18.44361111,74.64305556,0.021104942
18.44361111,74.64888889,0.016196816
18.44361111,74.89861111,0.022055891
18.44361111,74.94583333,0.031565385
18.44361111,75.04833333,0.0029142
18.44388889,74.20916667,0.027362803
18.44388889,74.2125,0.025736986
18.44388889,74.31361111,0.024509954
18.44388889,74.34916667,0.045983006
18.44388889,74.62944444,0.016350195
18.44388889,74.64277778,0.022945489
18.44388889,74.64305556,0.017178441
18.44388889,74.64916667,0.012607749
18.44388889,74.66944444,0.011135311
18.44388889,74.88472222,0.020123317
18.44388889,75.24305556,0.031013221
18.44416667,74.45555556,0.055185742
18.44416667,74.52166667,0.01128869
18.44416667,74.58694444,0.01733182
18.44416667,74.62333333,0.027945643
18.44416667,74.6425,0.009570846
18.44416667,74.64944444,0.024939415
18.44416667,74.655,0.015123163
18.44416667,74.66527778,0.017761281
18.44444444,74.72194444,0.018528176
18.44444444,74.7225,0.028375104
18.44444444,74.80138889,0.047210037
18.44444444,75.11361111,0.00641124
18.44444444,75.24722222,0.04107488
18.44472222,74.51222222,0.022055891
18.44472222,74.69722222,0.022331973
18.44472222,74.79305556,0.029019295
18.44472222,74.88888889,0.038498113
18.44472222,74.90861111,0.043528943
18.44472222,75.75972222,0.022700083
18.445,73.95555556,0.030645112
18.445,74.21,0.020890211
18.445,74.71805556,0.021902512
18.445,75.20194444,0.056412773
18.445,75.24138889,0.019172367
18.445,75.25972222,0.037853922
18.44527778,74.22527778,0.022055891
18.44527778,74.23055556,0.020430075
18.44527778,74.46305556,0.016595601
18.44527778,74.50222222,0.073591214
18.44527778,74.7475,0.032209577
18.44527778,74.92972222,0.03058376
18.44555556,75.23888889,0.043528943
18.44555556,75.27277778,0.044081107
18.44583333,74.49611111,0.014693702
18.44583333,74.52,0.025430228
18.44583333,74.66666667,0.026319826
18.44583333,74.7125,0.040737446
18.44583333,74.77361111,0.038099328
18.44583333,74.8025,0.054878984
18.44583333,74.91083333,0.049357342
18.44583333,74.91972222,0.034019448
18.44583333,75.25555556,0.044142458
18.44583333,75.25861111,0.040921501
18.44583333,75.54666667,0.043528943
18.44611111,74.58666667,0.020736832
18.44611111,74.77527778,0.041627044
18.44611111,74.91444444,0.01674898
18.44611111,74.93833333,0.0467499
18.44638889,74.5075,0.036780269
18.44638889,74.61416667,0.018068039
18.44638889,74.9175,0.012577073
18.44638889,74.94194444,0.022055891
18.44638889,75.03805556,0.010583147
18.44694444,74.65361111,0.0282524
18.44694444,74.71055556,0.039878524
18.44694444,75.14472222,0.012577073
18.44694444,75.27888889,0.023313599
18.44722222,74.41583333,0.019847235
18.44722222,74.56305556,0.027209424
18.44722222,74.57194444,0.016012761
18.44722222,74.585,0.02162643
18.44722222,74.63527778,0.042516642
18.44722222,74.65805556,0.025307525
18.44722222,74.80583333,0.018068039
18.44722222,74.88888889,0.033589987
18.4475,73.55666667,0.036780269
18.4475,74.56916667,0.020736832
18.4475,74.745,0.019233719
18.4475,74.80361111,0.070769042
18.4475,74.92027778,0.02687199
18.4475,74.92444444,0.01674898
18.4475,75.23694444,0.049510721
18.44777778,74.20888889,0.025583607
18.44777778,74.53944444,0.019693856
18.44777778,74.56722222,0.022055891
18.44777778,74.57694444,0.02337495
18.44777778,74.625,0.050768428
18.44777778,74.72777778,0.030890518
18.44777778,74.76944444,0.039418387
18.44777778,74.77222222,0.018681555
18.44777778,75.27277778,0.011196662
18.44805556,73.57777778,0.024509954
18.44805556,74.46416667,0.030982545
18.44805556,74.53527778,0.018068039
18.44805556,74.54111111,0.03058376
18.44805556,74.92194444,0.037945949
18.44833333,73.75722222,0.18402405
18.44833333,74.22277778,0.020736832
18.44833333,74.45111111,0.013712077
18.44833333,74.62583333,0.010859229
18.44833333,74.90194444,0.009908279
18.44833333,74.93611111,0.052486273
18.44833333,75.0225,0.02512347
18.44833333,75.1675,0.015399245
18.44833333,75.25916667,0.046903279
18.44861111,74.73111111,0.018957637
18.44861111,74.76722222,0.059725758
18.44861111,75.05027778,0.025184822
18.44888889,74.21888889,0.020153992
18.44888889,74.52222222,0.020706157
18.44888889,74.54666667,0.029540783
18.44888889,74.5675,0.018374797
18.44888889,74.56944444,0.027638885
18.44888889,74.57638889,0.016012761
18.44888889,74.65583333,0.032209577
18.44888889,74.88388889,0.021319672
18.44888889,74.91527778,0.034326206
18.44916667,73.555,0.055185742
18.44916667,74.56861111,0.022485352
18.44916667,74.57138889,0.016595601
18.44916667,74.6975,0.024387251
18.44916667,74.71666667,0.02220927
18.44916667,74.91666667,0.052977085
18.44944444,74.22416667,0.015429921
18.44944444,75.20722222,0.012546397
18.44972222,75.25638889,0.023896439
18.44972222,75.27305556,0.018650879
18.45,74.4225,0.019847235
18.45,74.47694444,0.033099175
18.45,74.49555556,0.012607749
18.45,74.77222222,0.029264701
18.45,74.79833333,0.014540323
18.45,74.91805556,0.049050584
18.45,74.98888889,0.012883831
18.45,75.06944444,0.021933188
18.45,75.20555556,0.04420381
18.45,75.25222222,0.037393785
18.45,75.25277778,0.037393785
18.45,75.25527778,0.0496641
18.45027778,74.45361111,0.013067886
18.45027778,74.59361111,0.033252554
18.45027778,74.77166667,0.021012915
18.45027778,75.25333333,0.035859996
18.45027778,75.27305556,0.043528943
18.45055556,74.2225,0.020583453
18.45055556,74.41972222,0.023835087
18.45055556,74.4975,0.027577533
18.45055556,74.52638889,0.025859689
18.45055556,75.11333333,0.027914967
18.45055556,75.24027778,0.020767508
18.45083333,74.31861111,0.019847235
18.45083333,74.35416667,0.12328599
18.45083333,74.65861111,0.027485506
18.45083333,74.74916667,0.030307678
18.45083333,74.79472222,0.012914507
18.45083333,74.89472222,0.018528176
18.45083333,75.17027778,0.028129697
18.45083333,75.28055556,0.015675327
18.45083333,75.84694444,0.026411853
18.45111111,73.55944444,0.061320899
18.45111111,74.55555556,0.032485659
18.45111111,74.82416667,0.015276542
18.45111111,74.88305556,0.021473051
18.45111111,74.92722222,0.044142458
18.45111111,74.93666667,0.020276696
18.45111111,74.99222222,0.042670021
18.45111111,75.05555556,0.043528943
18.45111111,75.21944444,0.04107488
18.45111111,75.25527778,0.037240406
18.45111111,75.25916667,0.0496641
18.45138889,73.55944444,0.368078775
18.45138889,74.5275,0.016472898
18.45138889,74.5775,0.028528482
18.45138889,74.59361111,0.027209424
18.45138889,74.64222222,0.017791957
18.45138889,74.68611111,0.016288843
18.45138889,74.81833333,0.021595754
18.45138889,74.91805556,0.031381331
18.45138889,75.25861111,0.037853922
18.45138889,75.26916667,0.040921501
18.45138889,75.26944444,0.035553238
18.45166667,74.38194444,0.020153992
18.45166667,75.24388889,0.049510721
18.45166667,75.26277778,0.043528943
18.45194444,74.27138889,0.021442376
18.45194444,74.49583333,0.014110862
18.45194444,74.58,0.026166447
18.45194444,74.58194444,0.028988619
18.45194444,74.81361111,0.046504494
18.45194444,74.90194444,0.038252707
18.45194444,75.04166667,0.017791957
18.45194444,75.15805556,0.019540477
18.45222222,74.21888889,0.02279211
18.45222222,74.76916667,0.054142765
18.45222222,75.00111111,0.058590754
18.45222222,75.18361111,0.019264395
18.45222222,75.26083333,0.050584374
18.45222222,75.26972222,0.037393785
18.4525,74.65194444,0.01616614
18.4525,74.70222222,0.018804258
18.4525,74.77694444,0.023528329
18.4525,75.10222222,0.028099021
18.4525,75.24638889,0.035553238
18.4525,75.25888889,0.044142458
18.45277778,73.56694444,0.067456057
18.45277778,74.2125,0.020736832
18.45277778,74.43222222,0.026626584
18.45277778,74.46527778,0.020276696
18.45277778,74.57305556,0.025859689
18.45277778,74.68972222,0.019111016
18.45277778,74.73027778,0.02512347
18.45277778,74.80972222,0.010552471
18.45277778,74.91388889,0.049357342
18.45277778,74.94166667,0.052486273
18.45277778,75.09027778,0.023313599
18.45277778,75.23944444,0.012546397
18.45277778,75.31,0.02803767
18.45277778,75.36444444,0.023129544
18.45305556,74.22555556,0.02941808
18.45305556,74.77805556,0.024111169
18.45305556,74.80666667,0.016595601
18.45305556,74.8875,0.042608669
18.45305556,75.22083333,0.045860302
18.45305556,75.23916667,0.034326206
18.45333333,73.80777778,0.058253321
18.45333333,73.97527778,0.098131845
18.45333333,74.35666667,0.042915427
18.45333333,74.56416667,0.027332127
18.45333333,74.80555556,0.01674898
18.45333333,75.04833333,0.024847388
18.45333333,75.11888889,0.02395779
18.45333333,75.25222222,0.0525783
18.45333333,75.25277778,0.034019448
18.45333333,75.33305556,0.019325746
18.45361111,74.40222222,0.055185742
18.45361111,74.45472222,0.055185742
18.45361111,74.64638889,0.046473818
18.45361111,74.98861111,0.057547778
18.45388889,74.70277778,0.035001074
18.45388889,74.73638889,0.028681861
18.45388889,74.95388889,0.039418387
18.45388889,75.03083333,0.030614436
18.45388889,75.26666667,0.044142458
18.45416667,74.2625,0.079726372
18.45416667,74.53833333,0.02220927
18.45416667,74.57638889,0.029111322
18.45416667,74.59388889,0.019847235
18.45416667,74.64694444,0.021749133
18.45416667,74.72055556,0.027209424
18.45416667,74.77416667,0.023651032
18.45416667,74.77638889,0.026319826
18.45416667,74.90527778,0.044449216
18.45416667,74.97444444,0.02512347
18.45416667,75.19722222,0.020061965
18.45416667,75.22722222,0.04107488
18.45444444,74.21305556,0.015859382
18.45444444,74.44166667,0.021749133
18.45444444,74.61972222,0.026779963
18.45444444,74.90916667,0.038252707
18.45444444,75.2625,0.047854229
18.45444444,75.27722222,0.026350502
18.45472222,74.53944444,0.037056351
18.45472222,74.56694444,0.056504801
18.45472222,74.68111111,0.019387098
18.45472222,74.75972222,0.055185742
18.45472222,74.97305556,0.021473051
18.45472222,75.25111111,0.040921501
18.455,73.565,0.024509954
18.455,74.21638889,0.020000614
18.455,74.82611111,0.025736986
18.455,75.23027778,0.035553238
18.455,75.25666667,0.037393785
18.455,75.26416667,0.035553238
18.455,75.27138889,0.034632964
18.45527778,74.21333333,0.019111016
18.45527778,74.72277778,0.051934108
18.45527778,75.26027778,0.032669714
18.45527778,75.26777778,0.034172827
18.45555556,74.57527778,0.015276542
18.45555556,74.78333333,0.018374797
18.45555556,74.79333333,0.015429921
18.45555556,75.12638889,0.018466824
18.45555556,75.25166667,0.037853922
18.45555556,75.26861111,0.044142458
18.45583333,74.20416667,0.019540477
18.45583333,74.71861111,0.047363416
18.45583333,75.10277778,0.019141691
18.45611111,74.21055556,0.016012761
18.45611111,74.21333333,0.018528176
18.45611111,74.21416667,0.0155833
18.45611111,74.23416667,0.014847081
18.45611111,74.59138889,0.022362649
18.45611111,74.74305556,0.01674898
18.45611111,74.75027778,0.024694009
18.45611111,74.89166667,0.046351115
18.45611111,75.26333333,0.048375717
18.45611111,75.26555556,0.043528943
18.45611111,75.27305556,0.018466824
18.45638889,74.53527778,0.026749287
18.45638889,74.555,0.027056045
18.45638889,74.89666667,0.0554925
18.45638889,74.93138889,0.02337495
18.45638889,75.25166667,0.043528943
18.45638889,75.26138889,0.040921501
18.45666667,74.67277778,0.031626737
18.45666667,74.78277778,0.018374797
18.45666667,75.27,0.037393785
18.45694444,74.21333333,0.021319672
18.45694444,74.55583333,0.015890058
18.45694444,74.87638889,0.03837541
18.45694444,74.89638889,0.024847388
18.45694444,75.25555556,0.04478665
18.45694444,75.25694444,0.035553238
18.45722222,74.52444444,0.023681708
18.45722222,74.61833333,0.031043897
18.45722222,75.0275,0.020153992
18.45722222,75.2225,0.037393785
18.45722222,75.22333333,0.035553238
18.45722222,75.27611111,0.035553238
18.4575,74.80694444,0.011012608
18.4575,75.14138889,0.017730605
18.4575,75.25055556,0.037393785
18.4575,75.25111111,0.034939722
18.4575,75.25194444,0.048038283
18.45777778,74.48444444,0.03662689
18.45777778,74.85472222,0.046320439
18.45777778,75.22472222,0.052424921
18.45777778,75.24055556,0.037393785
18.45777778,75.25777778,0.043222185
18.45777778,75.57638889,0.025736986
18.45777778,75.57666667,0.058560079
18.45805556,73.92416667,0.042915427
18.45805556,74.70388889,0.039295684
18.45805556,75.21444444,0.037700543
18.45805556,75.57833333,0.058590754
18.45833333,74.22,0.015859382
18.45833333,74.31361111,0.027577533
18.45833333,74.5575,0.029111322
18.45833333,74.70388889,0.013957483
18.45833333,74.90666667,0.030982545
18.45833333,74.95,0.019755207
18.45833333,75.10444444,0.019847235
18.45861111,74.21166667,0.018528176
18.45861111,74.21861111,0.016595601
18.45861111,74.27333333,0.049050584
18.45861111,74.35472222,0.019540477
18.45861111,74.51166667,0.023098868
18.45861111,74.80555556,0.006840701
18.45861111,74.83583333,0.021319672
18.45861111,75.005,0.010583147
18.45861111,75.10888889,0.018190742
18.45861111,75.22138889,0.037393785
18.45888889,74.21277778,0.029571459
18.45888889,74.22388889,0.016902359
18.45888889,74.6825,0.02395779
18.45888889,75.10611111,0.024847388
18.45888889,75.23,0.040768122
18.45888889,75.26861111,0.043528943
18.45916667,74.22833333,0.020276696
18.45916667,74.5525,0.035737293
18.45916667,74.86833333,0.034878371
18.45916667,74.91277778,0.016472898
18.45916667,75.12611111,0.029939569
18.45944444,74.26638889,0.020675481
18.45944444,74.36611111,0.012791803
18.45944444,74.52416667,0.022485352
18.45944444,75.23111111,0.043528943
18.45944444,75.27361111,0.0525783
18.45944444,75.27916667,0.0496641
18.45972222,74.54,0.009785576
18.45972222,74.64583333,0.018068039
18.45972222,74.68972222,0.026043744
18.45972222,74.91055556,0.037547164
18.45972222,75.18694444,0.025154146
18.45972222,75.23333333,0.019847235
18.45972222,75.26444444,0.040645419
18.46,74.21444444,0.015859382
18.46,74.21722222,0.029571459
18.46,74.22444444,0.025583607
18.46,74.37,0.067456057
18.46,74.62944444,0.017791957
18.46,74.69555556,0.015429921
18.46,75.07888889,0.028927268
18.46,75.23611111,0.046596521
18.46,75.25833333,0.052424921
18.46,75.26194444,0.037516488
18.46,75.26611111,0.041688395
18.46,75.27361111,0.043528943
18.46027778,74.57638889,0.033988773
18.46027778,74.67638889,0.054296144
18.46027778,74.89388889,0.043528943
18.46055556,74.21277778,0.018221418
18.46055556,74.27083333,0.030645112
18.46055556,75.03166667,0.032086874
18.46055556,75.23805556,0.040768122
18.46055556,75.25555556,0.040921501
18.46055556,75.27305556,0.052424921
18.46083333,74.22361111,0.024111169
18.46083333,74.37861111,0.025736986
18.46083333,74.54972222,0.030307678
18.46083333,74.58333333,0.015429921
18.46083333,74.68083333,0.041933802
18.46083333,74.69972222,0.040614743
18.46083333,74.73583333,0.03604405
18.46083333,75.25388889,0.035553238
18.46083333,75.25472222,0.043528943
18.46083333,75.26333333,0.053651953
18.46083333,75.27194444,0.03524648
18.46111111,75.17138889,0.019755207
18.46111111,75.22277778,0.015736679
18.46138889,74.65694444,0.047946256
18.46138889,74.80805556,0.015736679
18.46138889,74.97694444,0.021319672
18.46138889,75.24416667,0.035553238
18.46138889,75.25166667,0.043222185
18.46166667,75.06027778,0.024571306
18.46166667,75.13638889,0.025246173
18.46194444,74.21166667,0.019847235
18.46194444,74.22833333,0.018374797
18.46194444,74.52666667,0.043989079
18.46194444,75.19861111,0.037761895
18.46222222,74.34972222,0.021473051
18.46222222,74.69805556,0.02162643
18.46222222,75.22527778,0.026013068
18.46222222,75.32305556,0.010859229
18.46222222,76.00555556,0.020399399
18.4625,74.22666667,0.017945336
18.4625,74.51944444,0.013343968
18.4625,74.94888889,0.018957637
18.4625,75.22638889,0.0496641
18.4625,75.86027778,0.031902819
18.46277778,74.60166667,0.022485352
18.46277778,74.62583333,0.024694009
18.46277778,74.72333333,0.014969784
18.46305556,74.21277778,0.02220927
18.46305556,75.21944444,0.044449216
18.46305556,75.23388889,0.041688395
18.46305556,75.24527778,0.041688395
18.46305556,75.3025,0.027393478
18.46333333,74.82611111,0.02454063
18.46361111,73.465,0.030645112
18.46361111,74.21888889,0.027362803
18.46361111,74.26,0.082793951
18.46361111,74.6575,0.042209884
18.46361111,74.67333333,0.022638731
18.46388889,74.69972222,0.020153992
18.46388889,74.97055556,0.022485352
18.46388889,74.98611111,0.019203043
18.46388889,75.11027778,0.021381024
18.46388889,75.11583333,0.021810485
18.46388889,75.20861111,0.030982545
18.46388889,75.27361111,0.037700543
18.46416667,74.72944444,0.013957483
18.46416667,75.05583333,0.005061505
18.46416667,75.25666667,0.033559312
18.46444444,74.22416667,0.028528482
18.46444444,74.7025,0.025736986
18.46444444,74.96666667,0.024724685
18.46472222,73.58194444,0.018374797
18.46472222,74.44138889,0.018957637
18.46472222,75.23583333,0.035553238
18.465,74.53861111,0.012577073
18.465,75.15,0.020031289
18.46527778,74.66694444,0.044142458
18.46527778,74.69305556,0.041627044
18.46527778,74.69555556,0.014816405
18.46527778,75.21722222,0.035553238
18.46555556,74.20444444,0.02220927
18.46555556,75.24055556,0.040921501
18.46583333,74.50027778,0.016012761
18.46583333,74.50555556,0.024264548
18.46583333,74.70833333,0.03779257
18.46583333,74.86972222,0.01674898
18.46611111,75.12333333,0.02374306
18.46611111,75.22777778,0.005061505
18.46638889,73.47027778,0.18402405
18.46638889,74.36638889,0.026043744
18.46666667,74.52472222,0.013221264
18.46666667,74.65694444,0.020276696
18.46666667,74.66666667,0.033099175
18.46666667,74.69166667,0.052823706
18.46666667,74.70555556,0.041780423
18.46666667,75.16444444,0.022700083
18.46694444,74.47527778,0.049050584
18.46694444,74.56861111,0.011932881
18.46694444,74.67638889,0.024694009
18.46694444,74.71166667,0.023804411
18.46694444,74.90305556,0.035706617
18.46694444,74.96944444,0.013650725
18.46694444,75.08638889,0.02337495
18.46694444,75.18611111,0.040768122
18.46694444,75.22638889,0.035553238
18.46694444,75.24305556,0.034479585
18.46694444,75.25277778,0.043528943
18.46722222,74.44694444,0.027638885
18.46722222,74.61833333,0.011165987
18.46722222,74.80611111,0.02883524
18.46722222,75.14416667,0.009478818
18.46722222,75.14583333,0.021810485
18.46722222,75.24138889,0.040921501
18.4675,74.40638889,0.01500046
18.4675,75.22055556,0.043528943
18.46777778,74.81166667,0.026626584
18.46805556,74.22527778,0.017945336
18.46805556,74.66805556,0.038252707
18.46805556,75.23777778,0.044142458
18.46833333,74.73333333,0.033528636
18.46833333,75.19944444,0.018681555
18.46833333,75.22388889,0.037393785
18.46861111,74.22805556,0.024417927
18.46861111,74.32527778,0.024571306
18.46861111,74.60888889,0.016442222
18.46861111,74.88305556,0.026319826
18.46861111,74.89833333,0.017791957
18.46861111,75.26361111,0.0525783
18.46888889,74.20472222,0.020276696
18.46888889,74.83138889,0.013497347
18.46888889,75.07138889,0.02199454
18.46888889,75.25916667,0.015859382
18.46888889,75.26083333,0.040921501
18.46888889,75.26472222,0.035553238
18.46888889,75.34333333,0.013466671
18.46888889,75.58333333,0.035553238
18.46916667,75.20666667,0.030982545
18.46916667,75.23388889,0.037393785
18.46916667,75.24138889,0.050891132
18.46916667,75.25555556,0.038314059
18.46916667,75.26111111,0.03524648
18.46916667,75.26888889,0.037393785
18.46916667,75.61222222,0.022239946
18.46944444,74.21944444,0.020583453
18.46944444,74.22111111,0.024847388
18.46944444,74.52388889,0.020276696
18.46944444,74.72972222,0.024417927
18.46944444,75.02527778,0.023865763
18.46944444,75.19,0.032485659
18.46944444,75.21166667,0.035553238
18.46944444,75.2375,0.035859996
18.46944444,75.24527778,0.005705696
18.46972222,74.66833333,0.03604405
18.46972222,74.66944444,0.041473665
18.46972222,74.88888889,0.021841161
18.46972222,74.98861111,0.054878984
18.47,74.23111111,0.023835087
18.47,74.66694444,0.01733182
18.47,74.70805556,0.038835547
18.47,75.10472222,0.023835087
18.47,75.27333333,0.035553238
18.47,75.33861111,0.034479585
18.47,75.47611111,0.046596521
18.47027778,74.26888889,0.012239639
18.47027778,74.49416667,0.026779963
18.47027778,74.56861111,0.044295837
18.47027778,75.08111111,0.010644498
18.47027778,75.08972222,0.004447989
18.47027778,75.14972222,0.016810332
18.47027778,75.19055556,0.02257738
18.47027778,75.19666667,0.026381177
18.47055556,74.57444444,0.018068039
18.47055556,74.85611111,0.0282524
18.47055556,74.96833333,0.018804258
18.47055556,75.23944444,0.030982545
18.47055556,75.75527778,0.022239946
18.47083333,74.23,0.027945643
18.47083333,74.25611111,0.042915427
18.47083333,75.20305556,0.043528943
18.47083333,75.23833333,0.044142458
18.47083333,75.27055556,0.043528943
18.47111111,74.24388889,0.024509954
18.47111111,74.39027778,0.034571613
18.47111111,74.7725,0.020000614
18.47111111,74.95,0.022485352
18.47111111,75.26111111,0.034939722
18.47111111,75.26277778,0.0496641
18.47138889,74.60722222,0.018068039
18.47166667,74.35416667,0.01674898
18.47166667,74.65583333,0.048406393
18.47166667,74.67361111,0.040001227
18.47166667,75.10527778,0.016779656
18.47166667,75.19972222,0.035185128
18.47166667,75.22611111,0.044142458
18.47166667,75.27277778,0.041903126
18.47222222,74.69583333,0.020123317
18.47222222,74.74333333,0.02337495
18.47222222,75.03055556,0.005797724
18.47222222,75.22861111,0.043528943
18.4725,74.48916667,0.037853922
18.4725,74.67222222,0.028068346
18.4725,74.81277778,0.017055738
18.4725,75.19666667,0.019755207
18.4725,75.21055556,0.015613976
18.4725,75.22972222,0.03524648
18.4725,75.24833333,0.037393785
18.4725,75.26361111,0.037700543
18.47277778,74.22111111,0.025307525
18.47277778,74.55444444,0.027362803
18.47277778,75.20444444,0.033712691
18.47277778,75.25055556,0.03524648
18.47277778,75.25194444,0.04653517
18.47277778,75.26083333,0.043375564
18.47277778,75.51722222,0.035553238
18.47305556,74.68305556,0.029694162
18.47305556,74.8475,0.021933188
18.47305556,75.00138889,0.032209577
18.47305556,75.26138889,0.018190742
18.47333333,74.61027778,0.018528176
18.47333333,74.72805556,0.020000614
18.47333333,75.21166667,0.035553238
18.47333333,75.22055556,0.02941808
18.47333333,75.25027778,0.045430841
18.47333333,75.25361111,0.034019448
18.47333333,75.26166667,0.022669407
18.47361111,74.205,0.02220927
18.47361111,74.22722222,0.02395779
18.47361111,74.49638889,0.055185742
18.47361111,74.51694444,0.020430075
18.47361111,74.64722222,0.025736986
18.47361111,74.75972222,0.057394399
18.47361111,74.97055556,0.02162643
18.47361111,75.30277778,0.030338354
18.47388889,74.20305556,0.023098868
18.47388889,75.10361111,0.01966318
18.47388889,75.20861111,0.02024602
18.47388889,75.31388889,0.022546704
18.47388889,75.41916667,0.035553238
18.47416667,74.41388889,0.029111322
18.47416667,74.62194444,0.110555539
18.47416667,74.67222222,0.027792264
18.47416667,74.73611111,0.023221571
18.47416667,75.17472222,0.010583147
18.47416667,75.20972222,0.021196969
18.47416667,75.24833333,0.048774502
18.47416667,75.45777778,0.044142458
18.47444444,74.36333333,0.040768122
18.47444444,74.71638889,0.009846928
18.47444444,74.92777778,0.01812939
18.47444444,75.13611111,0.019325746
18.47472222,74.40416667,0.056934262
18.47472222,74.98722222,0.019693856
18.47472222,75.20833333,0.014969784
18.47472222,75.235,0.040768122
18.47472222,75.25777778,0.049357342
18.47472222,75.4725,0.038007301
18.47472222,75.49805556,0.036565539
18.475,73.40555556,0.018374797
18.475,73.76972222,0.049050584
18.475,74.49166667,0.018374797
18.475,74.67583333,0.0282524
18.475,74.70472222,0.05119789
18.475,75.14111111,0.025000767
18.475,75.25472222,0.034326206
18.475,75.26305556,0.040921501
18.475,75.27,0.044142458
18.475,75.49805556,0.0496641
18.47527778,74.49611111,0.023528329
18.47527778,74.54305556,0.020153992
18.47527778,74.65138889,0.028068346
18.47527778,74.74916667,0.022362649
18.47527778,75.20888889,0.005552318
18.47527778,75.21055556,0.019479125
18.47527778,75.22277778,0.031197276
18.47527778,75.23444444,0.036473511
18.47527778,75.25,0.038007301
18.47527778,75.5275,0.008129084
18.47555556,74.22111111,0.022362649
18.47555556,74.22694444,0.02162643
18.47555556,74.60833333,0.021749133
18.47555556,74.64166667,0.027056045
18.47555556,75.52055556,0.037393785
18.47555556,75.53916667,0.035553238
18.47583333,73.48694444,0.049050584
18.47583333,74.68,0.018374797
18.47583333,74.71,0.013650725
18.47583333,74.90916667,0.044142458
18.47583333,75.26611111,0.043528943
18.47611111,74.20444444,0.017485199
18.47611111,74.20888889,0.021473051
18.47611111,74.92083333,0.05119789
18.47611111,75.04,0.037853922
18.47611111,75.11055556,0.044142458
18.47611111,75.2075,0.021871837
18.47611111,75.20805556,0.025522255
18.47611111,75.2375,0.043528943
18.47611111,75.24361111,0.038007301
18.47638889,74.61722222,0.036320133
18.47638889,75.06861111,0.005552318
18.47638889,75.12111111,0.018037363
18.47638889,75.17194444,0.030246327
18.47638889,75.21138889,0.018252094
18.47638889,75.34222222,0.031810792
18.47666667,74.31861111,0.012239639
18.47666667,75.05138889,0.012791803
18.47666667,75.15527778,0.02199454
18.47666667,75.17416667,0.021810485
18.47666667,75.24138889,0.035307832
18.47666667,75.26305556,0.040921501
18.47694444,74.59666667,0.027209424
18.47694444,74.61333333,0.020890211
18.47694444,74.62666667,0.019387098
18.47694444,74.655,0.02395779
18.47694444,74.70138889,0.015429921
18.47694444,74.73694444,0.014693702
18.47694444,74.88916667,0.038007301
18.47694444,74.9225,0.035553238
18.47694444,75.12277778,0.013712077
18.47694444,75.18388889,0.017515875
18.47694444,75.21361111,0.020583453
18.47694444,75.235,0.037393785
18.47722222,74.92,0.022669407
18.47722222,75.21722222,0.040921501
18.47722222,75.21916667,0.03524648
18.47722222,75.2375,0.031197276
18.47722222,75.25361111,0.031718764
18.4775,74.61694444,0.048253014
18.4775,74.89388889,0.031043897
18.4775,75.20694444,0.018620203
18.4775,75.20861111,0.021871837
18.4775,75.21333333,0.02374306
18.4775,75.26555556,0.037393785
18.4775,75.27,0.021442376
18.47777778,74.33277778,0.027577533
18.47777778,74.33611111,0.021442376
18.47777778,74.34194444,0.024509954
18.47777778,74.4975,0.024509954
18.47777778,74.59722222,0.019387098
18.47777778,74.62,0.023221571
18.47777778,75.22555556,0.050338967
18.47777778,75.57666667,0.012393018
18.47805556,73.8075,0.040338661
18.47805556,74.68277778,0.0184975
18.47805556,75.11277778,0.004417313
18.47805556,75.21,0.028681861
18.47805556,75.26333333,0.043528943
18.47833333,75.20416667,0.02512347
18.47833333,75.22305556,0.054112089
18.47861111,74.51472222,0.017485199
18.47861111,75.22472222,0.043989079
18.47861111,75.24833333,0.048927881
18.47888889,75.24277778,0.021779809
18.47916667,74.23277778,0.022638731
18.47916667,74.70194444,0.013343968
18.47916667,75.25527778,0.016258167
18.47944444,74.22111111,0.019540477
18.47944444,74.49277778,0.01674898
18.47944444,75.23527778,0.03524648
18.47972222,74.96166667,0.02199454
18.47972222,75.24138889,0.04653517
18.47972222,75.25388889,0.031197276
18.48,74.92472222,0.022884138
18.48,75.22277778,0.034326206
18.48,75.24555556,0.046565846
18.48027778,73.76916667,0.00917206
18.48027778,74.33527778,0.036780269
18.48027778,74.4975,0.055185742
18.48027778,74.49888889,0.022362649
18.48027778,74.5425,0.025276849
18.48027778,74.63805556,0.038252707
18.48027778,74.67194444,0.024111169
18.48027778,74.79388889,0.022362649
18.48055556,74.41444444,0.021012915
18.48055556,75.11333333,0.022117243
18.48055556,75.23861111,0.050461671
18.48055556,75.24027778,0.057056965
18.48083333,74.34277778,0.015307218
18.48083333,74.56,0.028804565
18.48083333,74.67055556,0.018528176
18.48083333,74.73583333,0.020583453
18.48083333,74.8925,0.039295684
18.48083333,75.15833333,0.016350195
18.48083333,75.2425,0.049357342
18.48083333,75.24388889,0.037700543
18.48111111,74.74861111,0.031902819
18.48111111,75.26805556,0.024786036
18.48138889,74.42083333,0.015429921
18.48138889,74.59722222,0.024417927
18.48138889,74.745,0.024387251
18.48138889,75.05611111,0.016810332
18.48138889,75.235,0.032485659
18.48166667,74.40722222,0.027577533
18.48166667,75.06972222,0.00917206
18.48166667,75.25888889,0.045062732
18.48222222,74.70805556,0.019693856
18.48222222,75.24,0.046320439
18.4825,75.25555556,0.040921501
18.4825,75.25722222,0.035706617
18.48277778,75.01805556,0.016595601
18.48277778,75.24027778,0.037853922
18.48277778,75.25361111,0.05082978
18.48305556,74.43444444,0.021902512
18.48305556,75.00027778,0.025399552
18.48333333,74.88833333,0.035001074
18.48333333,74.96666667,0.019203043
18.48333333,75.00277778,0.022485352
18.48333333,75.05555556,0.023589681
18.48333333,75.06944444,0.025246173
18.48333333,75.23972222,0.034786343
18.48333333,75.24583333,0.044142458
18.48361111,74.73666667,0.019111016
18.48361111,75.10444444,0.020644805
18.48361111,75.21055556,0.047976932
18.48361111,75.23861111,0.03328323
18.48388889,74.22444444,0.021166293
18.48388889,74.24333333,0.028099021
18.48388889,74.44055556,0.038314059
18.48388889,74.49444444,0.015276542
18.48388889,74.96666667,0.048437069
18.48388889,75.22277778,0.037393785
18.48388889,75.24,0.044142458
18.48388889,75.24166667,0.053191816
18.48388889,75.38083333,0.012239639
18.48416667,74.88916667,0.046289763
18.48416667,74.92083333,0.034326206
18.48416667,75.13305556,0.017945336
18.48416667,75.20277778,0.040921501
18.48416667,75.2225,0.047056658
18.48416667,75.225,0.056412773
18.48416667,75.23722222,0.051044511
18.48416667,75.34083333,0.026841314
18.48444444,75.10055556,0.029111322
18.48444444,75.23527778,0.047608822
18.48444444,75.23611111,0.044817326
18.48444444,75.24722222,0.047210037
18.48444444,75.25777778,0.049357342
18.48444444,75.27083333,0.02199454
18.48472222,74.84861111,0.042792724
18.48472222,75.08861111,0.029724838
18.48472222,75.20694444,0.046903279
18.48472222,75.22166667,0.034326206
18.48472222,75.23027778,0.044295837
18.485,74.13611111,0.027546857
18.485,74.30472222,0.02395779
18.485,74.49222222,0.061320899
18.485,74.65416667,0.016380871
18.485,74.67361111,0.016472898
18.485,74.89833333,0.025736986
18.485,75.23277778,0.033405933
18.485,75.25083333,0.035123777
18.48527778,75.20444444,0.035614589
18.48527778,75.24,0.035553238
18.48527778,75.24777778,0.044326513
18.48527778,75.25222222,0.03058376
18.48527778,75.30944444,0.031319979
18.48555556,74.3975,0.012239639
18.48555556,74.425,0.018374797
18.48555556,74.505,0.024509954
18.48555556,74.64416667,0.018896285
18.48555556,74.79861111,0.016472898
18.48555556,75.24305556,0.031197276
18.48555556,75.24527778,0.040400012
18.48583333,74.13583333,0.032270929
18.48583333,74.21583333,0.018804258
18.48583333,74.46194444,0.03058376
18.48583333,74.47444444,0.017209117
18.48583333,74.61611111,0.028528482
18.48583333,74.85722222,0.024172521
18.48583333,75.06916667,0.015859382
18.48583333,75.24916667,0.0554925
18.48583333,75.25277778,0.035706617
18.48583333,75.25305556,0.037393785
18.48583333,75.25361111,0.0554925
18.48611111,74.205,0.019172367
18.48611111,74.22527778,0.024264548
18.48611111,74.28777778,0.084941256
18.48611111,74.5625,0.032056198
18.48611111,74.8725,0.034326206
18.48611111,75.21972222,0.047056658
18.48611111,75.22055556,0.049357342
18.48611111,75.22222222,0.024509954
18.48638889,73.9975,0.032270929
18.48638889,74.53833333,0.015276542
18.48638889,74.5775,0.019233719
18.48638889,74.90666667,0.047976932
18.48638889,74.92083333,0.049357342
18.48638889,75.01138889,0.055523176
18.48638889,75.23916667,0.049357342
18.48638889,75.245,0.017178441
18.48638889,75.26138889,0.037393785
18.48666667,74.20222222,0.016595601
18.48666667,74.58583333,0.026779963
18.48666667,74.97222222,0.040154606
18.48666667,75.22777778,0.047516795
18.48666667,75.2475,0.048375717
18.48666667,75.26833333,0.035553238
18.48694444,74.205,0.022055891
18.48694444,74.21277778,0.017485199
18.48694444,74.50944444,0.015859382
18.48694444,75.02361111,0.039418387
18.48694444,75.25972222,0.040768122
18.48722222,74.20388889,0.020153992
18.48722222,74.21111111,0.024264548
18.48722222,74.21583333,0.014264241
18.48722222,75.23638889,0.033467284
18.48722222,75.24555556,0.0554925
18.4875,74.20777778,0.020890211
18.4875,74.21166667,0.022485352
18.4875,74.22,0.019847235
18.4875,74.22555556,0.02337495
18.4875,75.20305556,0.047363416
18.4875,75.20583333,0.0496641
18.4875,76.06305556,0.011380717
18.48777778,74.20777778,0.025000767
18.48777778,74.22555556,0.027209424
18.48777778,74.22722222,0.021473051
18.48777778,74.23388889,0.027792264
18.48777778,74.37111111,0.049050584
18.48777778,74.49166667,0.023681708
18.48777778,74.68472222,0.040461364
18.48777778,75.09722222,0.760728857
18.48777778,75.20833333,0.044817326
18.48777778,75.22472222,0.003343661
18.48777778,75.2475,0.043528943
18.48805556,74.21,0.027362803
18.48805556,74.38972222,0.016012761
18.48805556,74.5175,0.029571459
18.48805556,74.58666667,0.02883524
18.48805556,75.21,0.034939722
18.48805556,75.21777778,0.034939722
18.48805556,75.22333333,0.030522409
18.48805556,75.2575,0.049357342
18.48833333,74.20583333,0.019693856
18.48833333,74.20805556,0.016472898
18.48833333,74.37027778,0.030645112
18.48833333,74.4025,0.07420473
18.48833333,75.09083333,0.021074266
18.48861111,74.20694444,0.016012761
18.48861111,74.21166667,0.019847235
18.48861111,74.48694444,0.020000614
18.48861111,75.23861111,0.045860302
18.48861111,75.26833333,0.052424921
18.48888889,75.07222222,0.021933188
18.48888889,75.2825,0.045246787
18.48916667,74.22944444,0.026779963
18.48916667,75.19083333,0.018804258
18.48916667,75.22555556,0.036534863
18.48916667,75.23861111,0.037087027
18.48916667,75.25055556,0.04770085
18.48916667,75.25277778,0.043528943
18.48916667,75.25361111,0.040307985
18.48916667,75.25583333,0.049970858
18.48916667,75.25861111,0.043375564
18.48944444,74.21055556,0.021166293
18.48944444,74.32833333,0.00917206
18.48944444,74.97583333,0.015644652
18.48944444,75.20972222,0.044142458
18.48944444,75.23111111,0.056474125
18.48944444,75.23583333,0.031718764
18.48944444,75.25194444,0.034326206
18.48972222,73.64555556,0.055185742
18.48972222,74.21166667,0.014847081
18.48972222,74.21305556,0.025736986
18.48972222,74.85666667,0.018681555
18.48972222,75.24083333,0.035614589
18.49,74.21277778,0.020276696
18.49,74.22527778,0.024694009
18.49,74.67527778,0.04886653
18.49,75.65944444,0.043989079
18.49027778,74.21444444,0.029571459
18.49027778,74.66222222,0.018221418
18.49027778,75.09111111,0.031013221
18.49055556,74.21277778,0.0282524
18.49055556,74.21583333,0.014264241
18.49055556,74.21611111,0.026043744
18.49055556,74.52111111,0.033988773
18.49055556,75.1025,0.013221264
18.49055556,75.235,0.046903279
18.49055556,75.23861111,0.040768122
18.49055556,75.24861111,0.055523176
18.49055556,75.70777778,0.022700083
18.49083333,74.22277778,0.023098868
18.49083333,75.13805556,0.007883677
18.49083333,75.20333333,0.034172827
18.49083333,75.23444444,0.046964631
18.49083333,75.23583333,0.040400012
18.49083333,76.06888889,0.00429461
18.49111111,74.52666667,0.022178594
18.49111111,74.80444444,0.016012761
18.49111111,74.85361111,0.057486426
18.49111111,75.11805556,0.009202736
18.49111111,75.20444444,0.031197276
18.49111111,75.24055556,0.04107488
18.49111111,75.25444444,0.048743826
18.49138889,74.0975,0.055185742
18.49138889,74.72611111,0.017761281
18.49138889,75.10833333,0.01871223
18.49166667,73.71444444,0.230037731
18.49166667,74.20694444,0.025890365
18.49166667,74.21944444,0.023098868
18.49166667,74.22,0.022638731
18.49166667,74.33388889,0.018374797
18.49166667,74.34166667,0.027577533
18.49166667,74.41611111,0.022638731
18.49166667,74.55,0.012239639
18.49166667,74.66472222,0.018650879
18.49166667,74.78833333,0.025307525
18.49166667,74.93333333,0.020583453
18.49166667,74.94444444,0.023313599
18.49166667,74.95,0.024694009
18.49166667,75.02222222,0.016994386
18.49166667,75.22194444,0.040921501
18.49166667,75.22583333,0.030982545
18.49166667,75.22611111,0.044142458
18.49166667,75.22944444,0.034755667
18.49166667,75.24527778,0.04770085
18.49194444,74.21555556,0.022362649
18.49194444,74.25916667,0.068376331
18.49194444,74.79472222,0.018374797
18.49194444,75.22638889,0.033160526
18.49222222,74.21138889,0.018374797
18.49222222,74.21305556,0.015859382
18.49222222,74.22833333,0.022638731
18.49222222,74.48277778,0.017055738
18.49222222,74.58972222,0.03546121
18.49222222,74.9275,0.028528482
18.49222222,75.21277778,0.040921501
18.49222222,75.22083333,0.048927881
18.49222222,75.23472222,0.031289303
18.4925,74.36694444,0.020276696
18.4925,75.17611111,0.012546397
18.4925,75.22388889,0.033252554
18.4925,75.22472222,0.027332127
18.4925,75.25194444,0.043989079
18.49277778,74.74472222,0.045890978
18.49277778,75.22027778,0.032178901
18.49277778,75.22166667,0.003589067
18.49277778,75.23305556,0.047823553
18.49277778,75.25638889,0.045860302
18.49305556,74.71916667,0.016595601
18.49305556,74.98055556,0.031043897
18.49305556,75.11666667,0.015736679
18.49333333,74.22111111,0.017485199
18.49333333,74.84833333,0.0282524
18.49361111,74.20944444,0.025307525
18.49361111,74.22666667,0.02162643
18.49361111,74.48111111,0.019417774
18.49361111,74.49111111,0.034264855
18.49361111,74.79777778,0.025859689
18.49361111,74.92166667,0.037853922
18.49361111,74.9225,0.035553238
18.49361111,75.16027778,0.024448603
18.49361111,75.21138889,0.034172827
18.49361111,75.2375,0.043528943
18.49361111,75.23805556,0.0554925
18.49388889,73.82527778,0.081014755
18.49388889,74.20361111,0.028988619
18.49388889,74.77027778,0.01733182
18.49388889,74.91166667,0.021473051
18.49388889,74.92694444,0.018068039
18.49388889,75.20444444,0.031197276
18.49388889,75.22972222,0.019111016
18.49416667,74.40833333,0.019111016
18.49416667,75.17055556,0.023835087
18.49416667,75.21722222,0.030338354
18.49416667,75.23361111,0.047823553
18.49416667,75.23638889,0.035001074
18.49416667,75.24166667,0.048007608
18.49416667,75.25555556,0.047056658
18.49444444,74.21444444,0.014847081
18.49444444,74.28444444,0.018374797
18.49444444,74.72111111,0.023773735
18.49444444,74.90277778,0.025246173
18.49444444,75.03611111,0.042823399
18.49444444,75.21944444,0.043528943
18.49444444,75.22166667,0.045308138
18.49472222,74.21722222,0.022638731
18.49472222,74.21861111,0.016472898
18.49472222,74.42555556,0.091996687
18.49472222,74.50638889,0.020736832
18.49472222,74.57416667,0.027638885
18.49472222,74.78472222,0.03000092
18.49472222,75.22638889,0.03524648
18.495,74.78555556,0.027362803
18.495,75.20083333,0.025767662
18.495,75.25722222,0.055799258
18.495,75.33666667,0.014264241
18.49527778,74.22555556,0.016595601
18.49527778,75.19527778,0.041258934
18.49527778,75.25055556,0.019141691
18.49555556,75.47472222,0.025951716
18.49583333,74.22388889,0.022362649
18.49583333,75.19833333,0.004263934
18.49583333,75.22611111,0.052885058
18.49611111,74.20861111,0.018221418
18.49611111,74.21055556,0.023681708
18.49611111,74.21138889,0.027362803
18.49611111,74.21472222,0.016472898
18.49611111,74.93916667,0.022669407
18.49611111,75.04694444,0.018804258
18.49611111,75.23916667,0.047823553
18.49638889,74.3775,0.061627657
18.49666667,74.20888889,0.026166447
18.49666667,74.22333333,0.026166447
18.49666667,75.20166667,0.018466824
18.49666667,75.22333333,0.032639038
18.49694444,74.21583333,0.01500046
18.49694444,75.20777778,0.015644652
18.49694444,75.24277778,0.031197276
18.49694444,75.32055556,0.020307371
18.49722222,74.74,0.039418387
18.49722222,74.77,0.02337495
18.49722222,75.21638889,0.019141691
18.49722222,75.25916667,0.034632964
18.4975,75.0825,0.025184822
18.4975,75.21944444,0.046504494
18.4975,75.85277778,0.025399552
18.49777778,74.21277778,0.02337495
18.49777778,74.21583333,0.014847081
18.49777778,74.44138889,0.021902512
18.49777778,74.49111111,0.021902512
18.49777778,74.63388889,0.029019295
18.49777778,75.09472222,0.013221264
18.49777778,75.20666667,0.019141691
18.49777778,75.21472222,0.01966318
18.49777778,75.24777778,0.049357342
18.49805556,74.2275,0.028528482
18.49805556,74.5425,0.018221418
18.49805556,74.88777778,0.043528943
18.49805556,74.9225,0.037393785
18.49805556,75.09666667,0.01500046
18.49805556,75.11666667,0.005705696
18.49833333,74.20805556,0.027362803
18.49833333,74.58833333,0.031013221
18.49833333,75.09666667,0.016196816
18.49833333,76.18472222,0.025000767
18.49861111,74.71805556,0.033682015
18.49861111,74.86972222,0.02279211
18.49861111,74.98166667,0.015123163
18.49861111,75.03888889,0.017178441
18.49888889,74.21916667,0.017485199
18.49888889,74.305,0.022362649
18.49888889,75.04,0.024172521
18.49888889,75.21111111,0.013343968
18.49916667,74.21277778,0.018221418
18.49916667,74.21444444,0.019847235
18.49916667,74.22277778,0.02220927
18.49916667,74.4975,0.015307218
18.49916667,74.52027778,0.027577533
18.49944444,74.20722222,0.027792264
18.49944444,74.21,0.023835087
18.49944444,74.39305556,0.018528176
18.49944444,74.56972222,0.017638578
18.49944444,75.13638889,0.034479585
18.49972222,74.42,0.015123163
18.49972222,74.46916667,0.021473051
18.49972222,74.76416667,0.029847541
18.49972222,75.00194444,0.023681708
18.49972222,75.10194444,0.011012608
18.49972222,75.24,0.002484739
18.5,74.95,0.022761434
18.5,75,0.017270468
18.5,75.19555556,0.034142152
18.50027778,74.21305556,0.02220927
18.50027778,74.21361111,0.018804258
18.50027778,74.21527778,0.021749133
18.50027778,74.28361111,0.025000767
18.50027778,74.50527778,0.028375104
18.50027778,74.56083333,0.019264395
18.50027778,74.56444444,0.019264395
18.50027778,75.04194444,0.024264548
18.50027778,75.09916667,0.011564772
18.50027778,75.13,0.018620203
18.50055556,73.51972222,0.049050584
18.50055556,74.35305556,0.049050584
18.50055556,74.73583333,0.052087487
18.50055556,75.11333333,0.015859382
18.50055556,75.21361111,0.014386944
18.50055556,75.23944444,0.025982392
18.50083333,74.22555556,0.022055891
18.50083333,74.24472222,0.021749133
18.50083333,74.68166667,0.012485046
18.50083333,75.21944444,0.00954017
18.50083333,75.28138889,0.031412007
18.50083333,75.30694444,0.016258167
18.50111111,74.45416667,0.034479585
18.50111111,75.25583333,0.031197276
18.50138889,74.22416667,0.015736679
18.50138889,75.19388889,0.052424921
18.50138889,75.23666667,0.052670327
18.50166667,75.55583333,0.035553238
18.50194444,74.22,0.026779963
18.50194444,74.575,0.020153992
18.50194444,74.93611111,0.013804104
18.50194444,75.20138889,0.021074266
18.50222222,74.21722222,0.019693856
18.50222222,74.23222222,0.027577533
18.50222222,74.48083333,0.016472898
18.5025,74.22416667,0.016902359
18.5025,74.40222222,0.042915427
18.5025,75.05805556,0.029049971
18.5025,75.28611111,0.004263934
18.50277778,74.24083333,0.028988619
18.50277778,74.24305556,0.029724838
18.50277778,74.43833333,0.030645112
18.50277778,74.44027778,0.030645112
18.50277778,74.4775,0.030645112
18.50277778,74.69722222,0.015429921
18.50277778,75.07166667,0.034326206
18.50277778,75.13416667,0.016779656
18.50277778,75.22,0.033958097
18.50305556,74.45916667,0.020430075
18.50305556,74.86944444,0.025184822
18.50305556,74.88527778,0.01674898
18.50305556,74.91472222,0.020430075
18.50305556,75.04916667,0.018098715
18.50305556,75.23305556,0.021657106
18.50305556,75.2425,0.031105249
18.50333333,74.22277778,0.028528482
18.50333333,74.47861111,0.022485352
18.50333333,74.54527778,0.020583453
18.50333333,74.57083333,0.025430228
18.50333333,75.02861111,0.028988619
18.50333333,75.21638889,0.004325286
18.50333333,75.53555556,0.018681555
18.50361111,74.21694444,0.025307525
18.50361111,74.6275,0.045032056
18.50361111,75.11416667,0.014110862
18.50361111,75.17277778,0.019264395
18.50361111,75.23666667,0.031902819
18.50361111,75.24083333,0.044142458
18.50388889,74.215,0.019847235
18.50388889,75.18944444,0.053038437
18.50416667,74.21694444,0.027209424
18.50416667,74.77527778,0.015859382
18.50444444,74.21611111,0.022362649
18.50444444,74.24333333,0.020890211
18.50444444,74.495,0.013558698
18.50444444,74.57027778,0.020583453
18.50444444,75.19027778,0.025276849
18.50444444,75.25111111,0.019264395
18.50472222,74.22277778,0.021749133
18.50472222,74.52694444,0.144268229
18.50472222,75.11805556,0.023221571
18.50472222,76.15611111,0.014448296
18.505,73.57361111,0.012239639
18.505,74.23777778,0.025890365
18.505,74.24222222,0.016012761
18.505,74.24472222,0.019417774
18.505,74.53361111,0.018681555
18.505,75.245,0.043682322
18.50527778,73.75527778,0.036964324
18.50527778,74.24916667,0.014847081
18.50527778,74.26527778,0.055185742
18.50555556,74.89027778,0.053651953
18.50555556,75,0.025522255
18.50555556,75.31833333,0.042792724
18.50583333,75.24111111,0.043283536
18.50583333,75.28972222,0.020614129
18.50611111,74.21305556,0.028099021
18.50611111,74.21583333,0.021902512
18.50611111,74.22138889,0.018681555
18.50611111,75.2175,0.038620817
18.50611111,75.22305556,0.038620817
18.50638889,74.79527778,0.020000614
18.50638889,75.20527778,0.032945796
18.50666667,74.24944444,0.02337495
18.50666667,74.5775,0.01791466
18.50666667,75.20083333,0.047056658
18.50666667,75.22722222,0.04107488
18.50666667,75.235,0.047394092
18.50694444,74.80555556,0.027516181
18.50694444,74.87666667,0.053498574
18.50694444,75.22666667,0.040185282
18.50694444,75.24694444,0.027270775
18.50694444,75.28527778,0.053651953
18.50722222,73.39805556,0.107334581
18.50722222,74.48083333,0.024509954
18.50722222,74.48722222,0.013804104
18.50722222,74.65972222,0.018037363
18.50722222,75.06444444,0.009478818
18.50722222,75.20861111,0.030184975
18.50722222,75.32416667,0.019816559
18.5075,74.21444444,0.023528329
18.5075,74.45277778,0.030031596
18.5075,75.21694444,0.013343968
18.5075,75.28888889,0.01871223
18.5075,75.31972222,0.035706617
18.50777778,74.24722222,0.024264548
18.50777778,75.22083333,0.007945029
18.50805556,74.22472222,0.023835087
18.50805556,74.23916667,0.021012915
18.50805556,74.55777778,0.028528482
18.50805556,74.56194444,0.025583607
18.50805556,74.75527778,0.022945489
18.50805556,75.27472222,0.00954017
18.50833333,74.31611111,0.027270775
18.50833333,74.42833333,0.020153992
18.50833333,74.91388889,0.024694009
18.50833333,74.98611111,0.026626584
18.50833333,75.18777778,0.031105249
18.50833333,75.27472222,0.021779809
18.50861111,74.22472222,0.021319672
18.50861111,74.75611111,0.03058376
18.50861111,75.20805556,0.036473511
18.50888889,74.24222222,0.02337495
18.50888889,74.50888889,0.034326206
18.50888889,75.2025,0.051811405
18.50916667,74.21444444,0.019847235
18.50916667,74.29666667,0.036166754
18.50916667,75.21111111,0.01871223
18.50944444,74.12083333,0.025522255
18.50944444,74.22722222,0.020430075
18.50944444,74.9025,0.035123777
18.50944444,75.19833333,0.052424921
18.50944444,75.21805556,0.041688395
18.50944444,75.33916667,0.014877757
18.50972222,74.24166667,0.02395779
18.50972222,74.48111111,0.023681708
18.50972222,74.58194444,0.027638885
18.50972222,74.63833333,0.020123317
18.50972222,74.67638889,0.029264701
18.50972222,74.75527778,0.033528636
18.50972222,75.19472222,0.01966318
18.51,74.20666667,0.022055891
18.51,74.22,0.020736832
18.51,74.22444444,0.018528176
18.51,74.24472222,0.024417927
18.51,74.39583333,0.025890365
18.51,74.53972222,0.01674898
18.51,75.14222222,0.022608055
18.51,75.21805556,0.032945796
18.51027778,74.23333333,0.023681708
18.51027778,74.25111111,0.017055738
18.51027778,74.58972222,0.021749133
18.51027778,74.98861111,0.02395779
18.51055556,74.24722222,0.018804258
18.51055556,74.34305556,0.039234332
18.51055556,75.23861111,0.057026289
18.51083333,74.65972222,0.019540477
18.51083333,75.23972222,0.052670327
18.51083333,75.24694444,0.019356422
18.51111111,74.22777778,0.02162643
18.51111111,74.24305556,0.018804258
18.51111111,74.32444444,0.024755361
18.51111111,74.54722222,0.013804104
18.51111111,74.95833333,0.019203043
18.51111111,75.135,0.02512347
18.51111111,75.20194444,0.022516028
18.51138889,74.23444444,0.023098868
18.51138889,74.54333333,0.021473051
18.51138889,74.5875,0.021442376
18.51166667,74.22888889,0.014847081
18.51166667,74.23361111,0.020153992
18.51166667,74.23527778,0.017945336
18.51166667,74.33916667,0.030645112
18.51166667,75.06111111,0.003343661
18.51194444,74.22555556,0.028528482
18.51194444,74.22638889,0.020583453
18.51194444,74.22888889,0.027638885
18.51194444,74.24361111,0.011595448
18.51194444,74.565,0.032945796
18.51194444,75.0775,0.016687628
18.51194444,75.09138889,0.024939415
18.51194444,75.21805556,0.021963864
18.51222222,74.23611111,0.01733182
18.51222222,74.97027778,0.020276696
18.51222222,75.24944444,0.021810485
18.5125,74.24944444,0.015859382
18.5125,74.25361111,0.029571459
18.5125,74.75027778,0.0282524
18.5125,74.94638889,0.025644958
18.5125,75.22861111,0.034786343
18.5125,75.91833333,0.018466824
18.51277778,74.20861111,0.025307525
18.51277778,74.22527778,0.029571459
18.51277778,74.87111111,0.053651953
18.51277778,75.09388889,0.021196969
18.51277778,75.26027778,0.024417927
18.51305556,75.03361111,0.011902206
18.51305556,75.27138889,0.01966318
18.51333333,74.2175,0.01616614
18.51333333,74.2375,0.020153992
18.51333333,74.24666667,0.01674898
18.51333333,75.31083333,0.007883677
18.51361111,74.16555556,0.027546857
18.51361111,74.24666667,0.025000767
18.51361111,74.45222222,0.019264395
18.51361111,74.59083333,0.019847235
18.51361111,74.62166667,0.019847235
18.51388889,74.31972222,0.018681555
18.51388889,75.21388889,0.024847388
18.51416667,74.25305556,0.020276696
18.51416667,74.47194444,0.027362803
18.51416667,74.52388889,0.022822786
18.51416667,74.67416667,0.022914813
18.51444444,74.33138889,0.017945336
18.51444444,75.10305556,0.040921501
18.51444444,75.42222222,0.023221571
18.515,74.23805556,0.021166293
18.515,74.23861111,0.014847081
18.515,74.48805556,0.020276696
18.515,75.18055556,0.004263934
18.51527778,73.85111111,0.117641645
18.51527778,74.23888889,0.019693856
18.51527778,74.23916667,0.019847235
18.51555556,74.38861111,0.0282524
18.51555556,74.82722222,0.009846928
18.51555556,75.0525,0.02512347
18.51555556,75.13833333,0.012546397
18.51583333,74.58805556,0.025736986
18.51583333,75.19055556,0.014233565
18.51611111,74.21388889,0.021473051
18.51611111,74.4025,0.046289763
18.51611111,75.095,0.024571306
18.51638889,74.22972222,0.026166447
18.51638889,74.23805556,0.017485199
18.51666667,74.22777778,0.021473051
18.51666667,74.22861111,0.028681861
18.51666667,74.23111111,0.018374797
18.51666667,74.50055556,0.049050584
18.51666667,74.61111111,0.01733182
18.51666667,74.93611111,0.022485352
18.51666667,75.06944444,0.014233565
18.51666667,75.17194444,0.022669407
18.51666667,75.25,0.020675481
18.51666667,75.30222222,0.023037516
18.51666667,75.30638889,0.031258628
18.51666667,75.31916667,0.04653517
18.51694444,74.53777778,0.021902512
18.51694444,75.27361111,0.017178441
18.51722222,74.23361111,0.025154146
18.51722222,74.40111111,0.012239639
18.51722222,75.22972222,0.033160526
18.5175,74.175,0.020736832
18.5175,74.29944444,0.017976012
18.5175,74.68666667,0.013589374
18.51777778,75.04916667,0.009724225
18.51777778,75.22194444,0.016411546
18.51805556,74.24777778,0.019264395
18.51805556,74.49888889,0.016012761
18.51805556,75.22333333,0.013343968
18.51805556,75.28,0.018957637
18.51861111,74.17666667,0.021473051
18.51861111,74.23333333,0.01733182
18.51861111,74.59388889,0.023681708
18.51861111,75.03861111,0.029049971
18.51888889,74.23527778,0.020000614
18.51888889,74.58305556,0.016472898
18.51916667,74.17777778,0.016595601
18.51944444,74.17222222,0.020153992
18.51944444,74.19083333,0.019417774
18.51944444,74.23916667,0.02162643
18.51944444,74.24444444,0.028099021
18.51944444,74.24583333,0.02395779
18.51944444,74.59,0.022362649
18.51944444,74.965,0.02220927
18.51972222,74.23638889,0.025736986
18.51972222,74.98583333,0.033927421
18.52,74.19611111,0.021473051
18.52,74.47777778,0.036780269
18.52,74.50222222,0.018528176
18.52,74.56722222,0.056964938
18.52,75.14194444,0.00487745
18.52027778,73.9975,0.091996687
18.52027778,74.23527778,0.020736832
18.52027778,74.24805556,0.0155833
18.52027778,74.68777778,0.021595754
18.52027778,75.18694444,0.023344274
18.52027778,75.19138889,0.014632351
18.52055556,74.18138889,0.013067886
18.52055556,74.59194444,0.025000767
18.52055556,75.23583333,0.008865303
18.52083333,74.17944444,0.018957637
18.52083333,74.24,0.021902512
18.52083333,74.63472222,0.018221418
18.52111111,74.1825,0.024694009
18.52111111,74.23888889,0.025583607
18.52111111,74.48388889,0.030645112
18.52111111,75.11333333,0.027914967
18.52138889,74.18611111,0.020583453
18.52138889,74.19277778,0.018957637
18.52138889,74.21111111,0.021012915
18.52138889,74.25833333,0.01812939
18.52138889,75.28694444,0.029080647
18.52166667,73.61638889,0.015307218
18.52166667,74.18888889,0.024264548
18.52166667,74.25277778,0.025890365
18.52194444,74.17722222,0.021012915
18.52194444,74.22472222,0.019693856
18.52194444,74.53388889,0.022638731
18.52194444,74.67638889,0.025583607
18.52194444,74.9,0.031197276
18.52194444,74.95277778,0.023313599
18.52222222,74.19138889,0.016472898
18.52222222,74.23611111,0.027638885
18.52222222,74.24222222,0.020276696
18.52222222,74.24638889,0.029111322
18.52222222,74.51861111,0.022914813
18.52222222,74.56972222,0.031780116
18.52222222,75.03333333,0.02220927
18.5225,74.50166667,0.019847235
18.52277778,74.16916667,0.026626584
18.52277778,74.2375,0.027945643
18.52277778,74.23861111,0.018528176
18.52277778,74.2475,0.02220927
18.52277778,74.98416667,0.038007301
18.52305556,74.18277778,0.027056045
18.52305556,74.19194444,0.017791957
18.52305556,74.20666667,0.018681555
18.52305556,74.23861111,0.025430228
18.52305556,74.24555556,0.019540477
18.52333333,74.19222222,0.018374797
18.52333333,74.19638889,0.020276696
18.52333333,74.24027778,0.021166293
18.52361111,73.57361111,0.027577533
18.52361111,74.24583333,0.017791957
18.52361111,74.52,0.012239639
18.52361111,74.8975,0.029939569
18.52361111,75.24388889,0.025031443
18.52361111,75.41944444,0.015552624
18.52361111,75.5675,0.013466671
18.52388889,74.64666667,0.017638578
18.52388889,75.1475,0.185925949
18.52388889,75.15777778,0.015061812
18.52416667,75.31888889,0.047976932
18.52444444,74.17777778,0.026166447
18.52444444,74.20805556,0.018374797
18.52444444,74.21027778,0.020276696
18.52444444,74.24777778,0.025154146
18.52444444,74.5725,0.029264701
18.52444444,75.15722222,0.018252094
18.52444444,75.42,0.014386944
18.52472222,74.20361111,0.02220927
18.52472222,74.24027778,0.023835087
18.52472222,74.51805556,0.02454063
18.52472222,75.42,0.054296144
18.525,75.06944444,0.019203043
18.525,75.10055556,0.037393785
18.525,75.41972222,0.013466671
18.52527778,74.19194444,0.020153992
18.52527778,74.22388889,0.026473205
18.52527778,75.27638889,0.02220927
18.52527778,75.41944444,0.029571459
18.52555556,74.42138889,0.021442376
18.52555556,74.57194444,0.027792264
18.52555556,74.63222222,0.014080187
18.52555556,75.41944444,0.043099482
18.52555556,75.41972222,0.042516642
18.52583333,74.47111111,0.023221571
18.52583333,74.52972222,0.014386944
18.52583333,74.8425,0.016472898
18.52583333,75.25861111,0.030982545
18.52583333,75.2975,0.024939415
18.52611111,74.1825,0.027792264
18.52611111,74.58388889,0.018681555
18.52638889,74.23666667,0.024694009
18.52638889,74.55277778,0.027056045
18.52638889,74.58416667,0.032056198
18.52638889,74.89666667,0.0554925
18.52638889,75.05555556,0.031074573
18.52638889,75.15833333,0.007945029
18.52638889,75.39305556,0.022485352
18.52638889,75.39388889,0.045768275
18.52638889,75.42083333,0.069020522
18.52666667,73.50888889,0.061320899
18.52666667,74.44166667,0.024509954
18.52666667,74.4975,0.039847848
18.52666667,74.83861111,0.0554925
18.52666667,75.03833333,0.034326206
18.52666667,75.42083333,0.076658793
18.52694444,74.2425,0.017485199
18.52694444,74.25555556,0.018957637
18.52694444,74.26416667,0.016595601
18.52694444,74.49027778,0.032270929
18.52694444,74.86555556,0.026197123
18.52694444,75.035,0.029080647
18.52694444,75.20666667,0.030982545
18.52722222,74.23361111,0.01616614
18.52722222,74.84944444,0.022424001
18.52722222,75.12888889,0.034939722
18.52722222,75.18638889,0.014939109
18.5275,74.48277778,0.020276696
18.5275,75.07611111,0.01128869
18.5275,75.14638889,0.00487745
18.5275,75.39305556,0.018804258
18.52777778,74.20611111,0.020430075
18.52777778,74.24166667,0.027362803
18.52777778,74.57027778,0.013466671
18.52777778,74.94444444,0.01012301
18.52777778,74.98611111,0.016258167
18.52777778,75.05833333,0.016994386
18.52777778,75.395,0.024694009
18.52777778,75.41944444,0.018374797
18.52805556,74.23694444,0.028988619
18.52805556,75.22583333,0.019203043
18.52805556,75.39444444,0.043099482
18.52833333,74.23361111,0.0282524
18.52833333,74.66416667,0.052118163
18.52833333,75.14472222,0.01987791
18.52833333,75.39611111,0.020000614
18.52861111,75.15722222,0.012791803
18.52861111,75.35277778,0.027884291
18.52888889,74.55055556,0.021319672
18.52916667,74.17305556,0.013528022
18.52916667,74.17361111,0.019264395
18.52916667,74.23888889,0.015276542
18.52916667,75.39722222,0.077272309
18.52916667,75.42166667,0.012761128
18.52916667,75.42222222,0.020215344
18.52944444,74.58666667,0.028099021
18.52944444,74.68194444,0.067456057
18.52944444,75.22583333,0.019847235
18.52944444,76.40666667,0.02220927
18.52972222,74.23666667,0.016902359
18.52972222,75.90361111,0.025092794
18.52972222,76.04694444,0.022454677
18.53,75.39722222,0.030553084
18.53055556,74.25305556,0.016595601
18.53055556,74.53027778,0.019693856
18.53055556,75.14111111,0.013528022
18.53055556,75.22611111,0.014755054
18.53055556,75.22666667,0.017730605
18.53055556,75.39777778,0.033252554
18.53083333,74.23888889,0.020890211
18.53083333,75.25111111,0.024724685
18.53083333,75.32027778,0.01325194
18.53111111,74.17472222,0.01500046
18.53111111,75.04583333,0.013466671
18.53111111,75.33083333,0.012546397
18.53111111,75.34083333,0.049357342
18.53138889,75.03166667,0.028467131
18.53138889,75.22194444,0.027240099
18.53166667,74.24388889,0.014264241
18.53166667,74.61444444,0.015429921
18.53166667,75.22611111,0.024786036
18.53194444,74.23638889,0.021012915
18.53194444,74.23944444,0.0282524
18.53194444,75.12388889,0.02199454
18.53194444,75.39861111,0.020736832
18.53194444,75.43888889,0.016288843
18.53222222,74.23222222,0.020890211
18.53222222,74.24055556,0.024264548
18.53222222,75.11916667,0.047823553
18.5325,75.33305556,0.024356575
18.5325,75.43888889,0.017638578
18.53277778,74.23166667,0.017485199
18.53277778,74.95361111,0.027608209
18.53277778,75.18611111,0.005552318
18.53277778,75.39888889,0.021749133
18.53305556,74.48611111,0.019540477
18.53333333,74.24194444,0.018528176
18.53333333,74.48388889,0.015307218
18.53333333,74.50055556,0.036780269
18.53333333,74.52888889,0.061320899
18.53333333,74.95,0.02220927
18.53333333,75.05277778,0.022485352
18.53333333,75.10555556,0.016994386
18.53333333,75.39888889,0.025154146
18.53361111,74.01916667,0.021779809
18.53361111,74.95888889,0.026779963
18.53361111,75.08916667,0.024509954
18.53361111,75.17083333,0.020184668
18.53388889,74.17416667,0.02687199
18.53388889,74.56777778,0.020153992
18.53388889,74.59416667,0.019387098
18.53388889,75.39972222,0.033252554
18.53388889,75.50916667,0.019264395
18.53416667,74.87722222,0.020430075
18.53416667,75.20861111,0.022914813
18.53444444,74.23777778,0.02883524
18.53444444,74.23972222,0.018528176
18.53444444,74.37111111,0.045983006
18.53444444,74.37166667,0.032792417
18.53472222,75.39972222,0.073744593
18.535,74.19166667,0.026166447
18.53527778,74.23666667,0.029111322
18.53527778,74.25055556,0.024571306
18.53527778,74.25222222,0.02220927
18.53527778,74.45194444,0.026197123
18.53555556,75.05027778,0.033559312
18.53555556,75.19916667,0.02395779
18.53583333,74.37166667,0.054572226
18.53583333,74.54777778,0.02337495
18.53583333,74.81805556,0.021012915
18.53611111,74.23694444,0.025890365
18.53611111,74.24555556,0.028528482
18.53611111,74.24611111,0.0155833
18.53611111,74.24666667,0.019264395
18.53611111,74.25166667,0.021166293
18.53611111,74.36277778,0.020736832
18.53611111,74.47416667,0.025736986
18.53611111,74.55555556,0.022055891
18.53611111,74.59194444,0.02337495
18.53611111,74.93333333,0.024694009
18.53611111,74.95833333,0.022485352
18.53611111,75.05416667,0.033559312
18.53611111,75.06388889,0.02512347
18.53611111,75.40055556,0.106138225
18.53611111,76.20305556,0.016503574
18.53638889,74.22388889,0.027209424
18.53638889,74.22861111,0.019111016
18.53638889,74.24555556,0.020583453
18.53638889,74.56361111,0.02941808
18.53666667,74.24555556,0.020276696
18.53666667,74.54888889,0.033712691
18.53666667,75.12861111,0.022393325
18.53666667,75.22083333,0.038222031
18.53666667,75.40138889,0.018528176
18.53694444,74.23777778,0.019540477
18.53694444,75.09861111,0.009938955
18.53694444,75.15027778,0.012791803
18.53722222,74.0325,0.025522255
18.53722222,74.03694444,0.039663793
18.53722222,74.18694444,0.024172521
18.53722222,74.1875,0.023528329
18.53722222,74.40472222,0.022362649
18.53722222,74.79972222,0.041688395
18.53722222,75.22027778,0.032761741
18.53722222,75.41583333,0.039663793
18.53722222,75.42027778,0.039786497
18.5375,75.13861111,0.024786036
18.5375,75.39305556,0.029571459
18.5375,75.40277778,0.011595448
18.53777778,73.84416667,0.049295991
18.53777778,74.17416667,0.015644652
18.53777778,74.26611111,0.020153992
18.53777778,74.68361111,0.012914507
18.53805556,74.145,0.011442069
18.53805556,74.41861111,0.024509954
18.53833333,74.14361111,0.009478818
18.53833333,74.26944444,0.018957637
18.53833333,74.36194444,0.134022516
18.53833333,75.05444444,0.025399552
18.53833333,75.225,0.038620817
18.53833333,75.29944444,0.028957943
18.53861111,74.24722222,0.052118163
18.53861111,75.14444444,0.020859536
18.53888889,74.18194444,0.034939722
18.53888889,74.1825,0.032270929
18.53888889,74.22972222,0.02941808
18.53888889,74.24166667,0.028099021
18.53888889,75.00694444,0.028865916
18.53888889,75.40277778,0.028528482
18.53916667,74.03333333,0.019417774
18.53916667,74.24888889,0.027362803
18.53944444,74.03388889,0.021473051
18.53972222,74.03694444,0.022884138
18.53972222,74.03833333,0.024019142
18.53972222,74.15833333,0.019479125
18.54,74.03333333,0.021074266
18.54,74.03722222,0.02316022
18.54,74.0375,0.023497653
18.54,74.03777778,0.019417774
18.54,74.24861111,0.019847235
18.54,74.61305556,0.067456057
18.54,75.17111111,0.007945029
18.54,75.20583333,0.020338047
18.54,75.23055556,0.044019755
18.54,75.28361111,0.02199454
18.54027778,74.03361111,0.021473051
18.54027778,74.0375,0.024847388
18.54027778,74.03777778,0.024111169
18.54027778,74.03805556,0.021074266
18.54027778,74.03833333,0.02104359
18.54027778,74.04166667,0.023129544
18.54027778,74.155,0.032270929
18.54027778,74.2375,0.025736986
18.54027778,74.24777778,0.0155833
18.54027778,74.6025,0.028957943
18.54055556,74.03361111,0.019417774
18.54055556,74.03638889,0.019417774
18.54055556,74.03777778,0.019755207
18.54055556,74.03805556,0.020430075
18.54055556,74.03833333,0.023927114
18.54055556,74.15166667,0.030921194
18.54055556,74.18694444,0.037639191
18.54055556,74.24027778,0.019540477
18.54055556,75.14555556,0.023773735
18.54055556,75.20694444,0.036442836
18.54055556,75.58416667,0.041228259
18.54083333,74.03305556,0.021442376
18.54083333,74.03333333,0.022822786
18.54083333,74.03361111,0.021473051
18.54083333,74.03388889,0.021074266
18.54083333,74.03611111,0.019755207
18.54083333,74.03833333,0.021779809
18.54083333,74.03861111,0.021104942
18.54083333,74.14083333,0.025552931
18.54083333,74.15222222,0.022853462
18.54083333,74.15861111,0.022178594
18.54083333,74.15888889,0.024847388
18.54083333,74.20138889,0.023773735
18.54083333,74.24666667,0.01500046
18.54083333,74.28888889,0.021135618
18.54083333,74.31555556,0.059173594
18.54111111,74.03361111,0.020399399
18.54111111,74.03388889,0.019417774
18.54111111,74.03611111,0.021074266
18.54111111,74.03777778,0.020399399
18.54111111,74.03833333,0.019417774
18.54111111,74.03861111,0.020399399
18.54111111,74.03888889,0.022822786
18.54111111,74.04138889,0.021473051
18.54111111,74.04166667,0.019540477
18.54111111,74.04194444,0.020399399
18.54111111,74.14111111,0.034939722
18.54111111,74.14222222,0.032945796
18.54111111,74.1525,0.022178594
18.54111111,74.15888889,0.029571459
18.54111111,74.15916667,0.034264855
18.54111111,74.17388889,0.017791957
18.54111111,74.23472222,0.013650725
18.54111111,74.2425,0.015736679
18.54111111,74.37944444,0.067456057
18.54138889,74.03333333,0.019755207
18.54138889,74.03388889,0.021779809
18.54138889,74.03416667,0.021074266
18.54138889,74.03722222,0.021473051
18.54138889,74.03916667,0.019417774
18.54138889,74.03944444,0.024019142
18.54138889,74.04166667,0.021473051
18.54138889,74.04194444,0.023129544
18.54138889,74.04222222,0.019755207
18.54138889,74.0425,0.021933188
18.54138889,74.14222222,0.032945796
18.54138889,74.14666667,0.028221725
18.54138889,74.1525,0.025522255
18.54138889,74.15944444,0.038988926
18.54138889,74.23694444,0.017485199
18.54138889,74.47972222,0.019417774
18.54138889,74.58444444,0.028804565
18.54166667,73.83027778,0.006104482
18.54166667,74.14222222,0.026197123
18.54166667,74.23666667,0.027209424
18.54166667,74.56861111,0.024694009
18.54166667,75.15166667,0.017976012
18.54166667,75.4,0.016871683
18.54194444,73.53916667,0.030645112
18.54194444,73.95277778,0.026197123
18.54194444,73.96861111,0.02687199
18.54194444,74.1425,0.037639191
18.54194444,74.14361111,0.028221725
18.54194444,74.14388889,0.030246327
18.54194444,74.16,0.024847388
18.54194444,74.26027778,0.0282524
18.54194444,74.80722222,0.041197583
18.54194444,75.09055556,0.029049971
18.54194444,75.55416667,0.031197276
18.54222222,74.10111111,0.023221571
18.54222222,74.145,0.02687199
18.54222222,74.14666667,0.040338661
18.54222222,74.14694444,0.032270929
18.54222222,74.14722222,0.032270929
18.54222222,74.16055556,0.025522255
18.54222222,74.23777778,0.02162643
18.5425,74.15027778,0.039663793
18.5425,74.16194444,0.032945796
18.5425,74.17083333,0.022853462
18.5425,74.23944444,0.024847388
18.5425,74.24222222,0.024111169
18.5425,74.3125,0.018742906
18.5425,74.41388889,0.027056045
18.5425,74.45194444,0.028221725
18.5425,75.03888889,0.02512347
18.54277778,74.15305556,0.020153992
18.54277778,74.15388889,0.023528329
18.54277778,74.15888889,0.033589987
18.54277778,74.16027778,0.016779656
18.54277778,74.2375,0.023835087
18.54277778,74.24472222,0.012331667
18.54277778,75.09388889,0.031412007
18.54305556,74.15888889,0.028896592
18.54305556,74.15972222,0.024847388
18.54305556,74.17083333,0.020153992
18.54305556,74.36972222,0.021442376
18.54305556,74.70361111,0.034939722
18.54333333,74.14583333,0.023528329
18.54333333,74.14611111,0.038988926
18.54333333,74.15111111,0.01812939
18.54333333,74.15138889,0.026197123
18.54333333,74.15388889,0.016779656
18.54333333,74.15444444,0.023528329
18.54333333,74.15888889,0.020153992
18.54333333,74.16,0.032945796
18.54333333,75.16694444,0.034326206
18.54333333,75.24166667,0.022331973
18.54333333,75.24916667,0.024571306
18.54361111,74.14694444,0.032945796
18.54361111,74.16666667,0.030246327
18.54361111,74.23138889,0.085554772
18.54361111,74.2375,0.026043744
18.54361111,74.24027778,0.02220927
18.54361111,74.24194444,0.020890211
18.54361111,74.41055556,0.021074266
18.54361111,74.44805556,0.058253321
18.54361111,74.52972222,0.021473051
18.54388889,74.14222222,0.027546857
18.54388889,74.15805556,0.028221725
18.54388889,74.23944444,0.02279211
18.54388889,74.37361111,0.031473358
18.54388889,74.59166667,0.028467131
18.54388889,75.19944444,0.043252861
18.54416667,74.14222222,0.025522255
18.54416667,74.15666667,0.030246327
18.54416667,74.15833333,0.034264855
18.54416667,74.23666667,0.018528176
18.54416667,74.42,0.02337495
18.54444444,74.02277778,0.028221725
18.54444444,74.15416667,0.011626124
18.54444444,74.16722222,0.039663793
18.54444444,74.23861111,0.017209117
18.54444444,75.025,0.021841161
18.54444444,75.05555556,0.015613976
18.54472222,74.03638889,0.019724531
18.54472222,74.22222222,0.018742906
18.54472222,74.28694444,0.026657259
18.545,74.15555556,0.031596061
18.545,74.18305556,0.011380717
18.545,75.22888889,0.031197276
18.54527778,74.16833333,0.028221725
18.54527778,74.32,0.016319519
18.54555556,74.25472222,0.018804258
18.54555556,74.80333333,0.014939109
18.54583333,74.16,0.024847388
18.54583333,74.16888889,0.039663793
18.54583333,74.36583333,0.021473051
18.54583333,74.86527778,0.027577533
18.54583333,75.315,0.0438357
18.54638889,74.17305556,0.032270929
18.54638889,74.17333333,0.034264855
18.54638889,75.07833333,0.02199454
18.54638889,75.14722222,0.040338661
18.54666667,74.16833333,0.032945796
18.54666667,74.17333333,0.024847388
18.54666667,74.17611111,0.030921194
18.54666667,74.17638889,0.029571459
18.54666667,74.25055556,0.022485352
18.54666667,75.17138889,0.01441762
18.54666667,75.18805556,0.013190589
18.54666667,75.19777778,0.017730605
18.54694444,74.16833333,0.023528329
18.54694444,74.17194444,0.029571459
18.54694444,74.17722222,0.033589987
18.54694444,74.34916667,0.027516181
18.54722222,74.1675,0.025522255
18.54722222,74.17138889,0.030921194
18.54722222,74.25027778,0.022485352
18.54722222,74.95833333,0.017270468
18.54722222,75.04194444,0.02512347
18.5475,74.16611111,0.030921194
18.5475,75.12333333,0.025184822
18.5475,75.31111111,0.01812939
18.54777778,74.25305556,0.021779809
18.54777778,74.44805556,0.017791957
18.54805556,75.16,0.048099635
18.54805556,75.59805556,0.025859689
18.54833333,74.03194444,0.031596061
18.54833333,74.04111111,0.030921194
18.54861111,74.15638889,0.026197123
18.54861111,74.99194444,0.014755054
18.54888889,74.02277778,0.032945796
18.54888889,74.15583333,0.02687199
18.54888889,74.31833333,0.024509954
18.54888889,74.86361111,0.013466671
18.54916667,74.15638889,0.039663793
18.54916667,74.16666667,0.033589987
18.54916667,75.23694444,0.022914813
18.54972222,74.48111111,0.014386944
18.54972222,75.14416667,0.015828706
18.54972222,75.14777778,0.027577533
18.55,74.15305556,0.02687199
18.55,74.15638889,0.027546857
18.55,74.17166667,0.027546857
18.55,74.93055556,0.026626584
18.55,74.95,0.021933188
18.55,74.95833333,0.017270468
18.55,74.98055556,0.024694009
18.55,74.98611111,0.023865763
18.55027778,74.1675,0.033589987
18.55027778,74.17194444,0.02687199
18.55027778,74.49222222,0.024417927
18.55027778,74.58638889,0.028099021
18.55027778,75.03638889,0.015890058
18.55027778,75.15166667,0.021810485
18.55027778,75.22555556,0.043252861
18.55027778,75.27472222,0.128807632
18.55027778,75.31722222,0.034632964
18.55055556,74.15305556,0.016779656
18.55055556,74.16694444,0.032270929
18.55055556,74.58555556,0.041627044
18.55055556,75.00277778,0.024847388
18.55055556,75.07388889,0.018742906
18.55055556,75.0925,0.016043437
18.55055556,75.14888889,0.012546397
18.55083333,74.16305556,0.024847388
18.55083333,74.17472222,0.02687199
18.55083333,74.77166667,0.020307371
18.55083333,75.21888889,0.016871683
18.55111111,74.15972222,0.025522255
18.55138889,74.13472222,0.028896592
18.55138889,74.16,0.02687199
18.55138889,74.17166667,0.040338661
18.55138889,74.86305556,0.030215651
18.55138889,74.91805556,0.027546857
18.55138889,75.10472222,0.033927421
18.55138889,75.14361111,0.017945336
18.55138889,75.16277778,0.034050124
18.55138889,75.1675,0.020767508
18.55138889,75.2,0.029049971
18.55138889,75.26055556,0.030614436
18.55138889,75.30833333,0.043528943
18.55166667,73.53888889,0.012239639
18.55166667,74.16277778,0.027546857
18.55166667,74.20527778,0.022485352
18.55194444,74.15305556,0.032945796
18.55194444,74.15333333,0.001288383
18.55194444,74.16361111,0.032270929
18.55194444,74.545,0.049050584
18.55222222,74.16444444,0.028221725
18.55222222,74.17166667,0.030246327
18.5525,74.15333333,0.030246327
18.5525,74.15416667,0.02687199
18.5525,74.16,0.01812939
18.5525,74.165,0.029571459
18.5525,74.16833333,0.028896592
18.5525,74.22388889,0.013712077
18.5525,74.59694444,0.029694162
18.55277778,74.035,0.020430075
18.55277778,74.03583333,0.024111169
18.55277778,74.16638889,0.032270929
18.55277778,74.22027778,0.018742906
18.55277778,74.24666667,0.025307525
18.55277778,74.79166667,0.036780269
18.55277778,74.95,0.015890058
18.55277778,76.04694444,0.022454677
18.55305556,74.16027778,0.030921194
18.55305556,74.16472222,0.035614589
18.55305556,74.16555556,0.028896592
18.55305556,75.2125,0.015644652
18.55333333,73.50638889,0.030645112
18.55333333,74.10833333,0.018006687
18.55333333,74.16555556,0.028896592
18.55333333,74.16583333,0.039663793
18.55333333,74.59222222,0.019540477
18.55333333,75.20638889,0.022485352
18.55361111,74.16611111,0.028221725
18.55361111,74.22055556,0.021473051
18.55361111,75.2675,0.029019295
18.55388889,74.16611111,0.027546857
18.55388889,74.16888889,0.036289457
18.55416667,74.16861111,0.029571459
18.55416667,75.21444444,0.031105249
18.55444444,74.15472222,0.034264855
18.55444444,74.1575,0.016595601
18.55444444,74.17861111,0.012945182
18.55444444,75.01888889,0.043160833
18.55444444,75.24722222,0.018436148
18.55472222,74.17,0.022853462
18.55472222,74.175,0.02687199
18.55472222,75.04944444,0.016074113
18.55472222,75.10416667,0.019111016
18.55472222,75.26138889,0.014233565
18.55472222,75.26194444,0.061658333
18.555,74.16861111,0.02687199
18.555,74.17527778,0.023528329
18.555,75.20916667,0.018620203
18.55527778,74.03888889,0.020399399
18.55527778,74.15305556,0.026197123
18.55527778,74.17194444,0.020153992
18.55527778,74.30083333,0.021963864
18.55555556,74.17,0.040338661
18.55555556,74.17527778,0.031596061
18.55555556,74.6075,0.020276696
18.55555556,74.84861111,0.028651186
18.55583333,74.13861111,0.013712077
18.55583333,74.15916667,0.027546857
18.55583333,74.1725,0.01812939
18.55583333,74.17555556,0.030246327
18.55583333,74.17666667,0.037639191
18.55611111,74.15027778,0.027546857
18.55611111,74.15444444,0.032945796
18.55611111,74.16083333,0.022853462
18.55611111,74.16444444,0.027546857
18.55611111,74.16666667,0.024172521
18.55611111,74.17583333,0.02687199
18.55611111,74.17888889,0.036289457
18.55611111,74.35111111,0.038314059
18.55638889,74.15416667,0.030246327
18.55638889,74.19333333,0.036289457
18.55638889,74.34416667,0.011472745
18.55638889,75.29333333,0.022516028
18.55694444,74.16694444,0.033589987
18.55694444,74.22027778,0.018926961
18.55694444,74.42583333,0.024509954
18.55694444,74.92333333,0.053651953
18.55722222,74.03472222,0.037639191
18.55722222,74.21555556,0.034264855
18.55722222,74.31388889,0.027577533
18.55722222,74.44527778,0.018374797
18.55722222,74.69527778,0.040031903
18.55722222,75.06666667,0.023865763
18.5575,74.025,0.036964324
18.5575,74.03472222,0.030246327
18.5575,74.1825,0.034264855
18.5575,74.58277778,0.020890211
18.55777778,74.03611111,0.033589987
18.55777778,74.03694444,0.026197123
18.55777778,74.18305556,0.039663793
18.55777778,75.14555556,0.021718458
18.55805556,74.03555556,0.034264855
18.55805556,74.31611111,0.000889598
18.55805556,74.44111111,0.055185742
18.55805556,74.85777778,0.059449676
18.55833333,74.03694444,0.031596061
18.55833333,74.0375,0.035614589
18.55833333,74.15416667,0.021503727
18.55833333,74.16472222,0.033589987
18.55833333,74.18694444,0.034264855
18.55833333,74.24777778,0.019693856
18.55833333,74.50583333,0.02395779
18.55833333,74.78555556,0.019448449
18.55833333,75.16944444,0.019632504
18.55833333,75.20055556,0.029080647
18.55833333,75.20638889,0.01791466
18.55833333,75.41944444,0.02082886
18.55861111,74.16944444,0.025522255
18.55861111,74.17333333,0.024847388
18.55861111,74.55805556,0.024387251
18.55861111,74.65388889,0.01733182
18.55861111,74.68694444,0.022853462
18.55861111,74.85305556,0.028497807
18.55861111,74.96694444,0.043130157
18.55861111,75.18361111,0.033927421
18.55888889,73.61444444,0.074910273
18.55888889,74.0375,0.032270929
18.55888889,74.14388889,0.011380717
18.55888889,74.15333333,0.025522255
18.55888889,74.16527778,0.026197123
18.55888889,74.16972222,0.038314059
18.55888889,74.18361111,0.023528329
18.55916667,74.03833333,0.032945796
18.55916667,74.29638889,0.016595601
18.55916667,74.34111111,0.025154146
18.55944444,74.03611111,0.028221725
18.55944444,74.17444444,0.02687199
18.55944444,74.78833333,0.025491579
18.55944444,75.07111111,0.053651953
18.55944444,75.21638889,0.018190742
18.55944444,75.60722222,0.025430228
18.55972222,73.47,0.021442376
18.55972222,74.03638889,0.025522255
18.55972222,74.32083333,0.021810485
18.55972222,75.27583333,0.031902819
18.55972222,75.98416667,0.025184822
18.56,74.03666667,0.025522255
18.56,74.21694444,0.027546857
18.56,75.16555556,0.025246173
18.56,75.44194444,0.040369336
18.56027778,74.15333333,0.018742906
18.56055556,74.15972222,0.045706924
18.56055556,74.16611111,0.041688395
18.56055556,74.17472222,0.047731526
18.56055556,74.3075,0.015061812
18.56055556,74.74027778,0.031043897
18.56055556,74.82833333,0.031473358
18.56055556,74.89972222,0.045921654
18.56055556,74.90777778,0.04107488
18.56083333,74.15305556,0.032270929
18.56083333,74.16305556,0.038314059
18.56083333,74.25222222,0.020736832
18.56083333,74.2625,0.030645112
18.56083333,74.31805556,0.021442376
18.56083333,74.36805556,0.015644652
18.56083333,74.88305556,0.019755207
18.56083333,76.13611111,0.013589374
18.56111111,74.165,0.030246327
18.56111111,74.16611111,0.030246327
18.56111111,74.17111111,0.024847388
18.56111111,75.24583333,0.032025522
18.56138889,74.16583333,0.025522255
18.56138889,74.16611111,0.030246327
18.56138889,74.16638889,0.045032056
18.56138889,74.43361111,0.058253321
18.56138889,74.59277778,0.030645112
18.56138889,75.14638889,0.029049971
18.56166667,74.15361111,0.047731526
18.56166667,75.15527778,0.011932881
18.56194444,74.16555556,0.044725298
18.56194444,74.17083333,0.039663793
18.56194444,74.1725,0.014632351
18.56194444,74.19527778,0.013957483
18.56194444,74.32027778,0.021749133
18.56194444,74.51388889,0.019111016
18.56222222,74.17583333,0.047731526
18.56222222,74.1925,0.027546857
18.56222222,74.78194444,0.041964477
18.56222222,74.97722222,0.049050584
18.56222222,75.1,0.029019295
18.5625,74.17694444,0.039663793
18.5625,75.18194444,0.007883677
18.56277778,74.17722222,0.032270929
18.56277778,74.39722222,0.022055891
18.56277778,74.88277778,0.013374643
18.56277778,75.02944444,0.042946103
18.56305556,74.16944444,0.027546857
18.56305556,74.16972222,0.025522255
18.56305556,74.17111111,0.039663793
18.56305556,74.17611111,0.024847388
18.56305556,74.22194444,0.016779656
18.56305556,74.24472222,0.015123163
18.56305556,74.26277778,0.011902206
18.56333333,74.16944444,0.02687199
18.56333333,74.17111111,0.025522255
18.56333333,74.17527778,0.039663793
18.56333333,74.17555556,0.027546857
18.56333333,74.4675,0.031197276
18.56361111,74.57361111,0.020430075
18.56388889,73.56972222,0.025522255
18.56388889,74.15777778,0.029571459
18.56388889,74.16388889,0.018006687
18.56388889,74.87722222,0.017577226
18.56388889,75,0.014233565
18.56388889,75.08888889,0.022761434
18.56444444,74.11916667,0.010276389
18.56444444,74.25305556,0.021779809
18.56444444,74.90666667,0.033589987
18.56444444,74.96111111,0.02512347
18.56472222,74.1625,0.034264855
18.56472222,74.37555556,0.024509954
18.56472222,74.4025,0.030645112
18.56472222,74.4975,0.012239639
18.56472222,75.24861111,0.01871223
18.56472222,76.25277778,0.029080647
18.565,73.56388889,0.02082886
18.565,74.1625,0.052455597
18.565,74.16388889,0.026197123
18.565,75.1,0.017178441
18.565,75.53444444,0.010429768
18.56527778,75.31222222,0.012822479
18.56555556,74.17305556,0.036289457
18.56555556,74.2525,0.06991012
18.56555556,75.18583333,0.0243259
18.56555556,75.28361111,0.023497653
18.56583333,74.16694444,0.02687199
18.56583333,74.16861111,0.032270929
18.56583333,74.17,0.038314059
18.56583333,74.17638889,0.014939109
18.56583333,74.18805556,0.045032056
18.56583333,74.30333333,0.016319519
18.56583333,74.51416667,0.030645112
18.56583333,75.14555556,0.032761741
18.56583333,75.15222222,0.030921194
18.56611111,74.87638889,0.061320899
18.56611111,75.18277778,0.00487745
18.56611111,75.2275,0.021810485
18.56638889,75.03555556,0.020583453
18.56666667,74.17,0.024847388
18.56666667,74.28611111,0.018221418
18.56666667,74.30055556,0.011380717
18.56666667,75.00555556,0.025522255
18.56666667,75.11944444,0.025921041
18.56666667,75.12583333,0.038896899
18.56666667,75.21972222,0.024816712
18.56666667,75.50055556,0.044755974
18.56694444,74.16166667,0.027546857
18.56694444,74.16527778,0.024847388
18.56694444,74.17138889,0.032270929
18.56722222,74.16527778,0.045706924
18.56722222,75.14666667,0.02395779
18.5675,74.16527778,0.024847388
18.5675,74.17,0.032270929
18.5675,76.25138889,0.061873064
18.56777778,74.09861111,0.01812939
18.56777778,74.15305556,0.024847388
18.56777778,74.17472222,0.033589987
18.56777778,74.17555556,0.017822633
18.56777778,74.32694444,0.021442376
18.56777778,75.27944444,0.029080647
18.56805556,74.15972222,0.024847388
18.56805556,74.16,0.035614589
18.56805556,74.16388889,0.02082886
18.56805556,74.16416667,0.045032056
18.56805556,74.165,0.032945796
18.56805556,74.16527778,0.032270929
18.56805556,74.16555556,0.038988926
18.56805556,74.17416667,0.027546857
18.56805556,75.00638889,0.013129237
18.56805556,75.52333333,0.035553238
18.56833333,74.15916667,0.033589987
18.56833333,74.16277778,0.030246327
18.56833333,74.17472222,0.032270929
18.56833333,75.045,0.011932881
18.56833333,75.10194444,0.030614436
18.56861111,75.08666667,0.005797724
18.56861111,75.31388889,0.022025215
18.56888889,74.15611111,0.027546857
18.56888889,74.17472222,0.046381791
18.56888889,75.23277778,0.03000092
18.56888889,75.24638889,0.030982545
18.56888889,75.53444444,0.037853922
18.56916667,74.15305556,0.032945796
18.56916667,74.64694444,0.035215804
18.56916667,75.26583333,0.02454063
18.56944444,74.15138889,0.041013528
18.56944444,74.15583333,0.027546857
18.56944444,74.17138889,0.027546857
18.56944444,74.55861111,0.018804258
18.56944444,75.16805556,0.009478818
18.56944444,75.22777778,0.019141691
18.56972222,74.15694444,0.027546857
18.56972222,74.16416667,0.030246327
18.56972222,74.18194444,0.01420289
18.56972222,74.28444444,0.047823553
18.56972222,75.16027778,0.02454063
18.57,73.47722222,0.128807632
18.57,74.01805556,0.027546857
18.57,74.17055556,0.038314059
18.57,74.95,0.053651953
18.57,75.05027778,0.015859382
18.57,75.07388889,0.005705696
18.57,75.22027778,0.005705696
18.57,75.55138889,0.047976932
18.57027778,74.15888889,0.034264855
18.57027778,74.2325,0.020951563
18.57027778,74.89888889,0.037393785
18.57027778,75.12111111,0.022424001
18.57027778,75.20888889,0.025798337
18.57027778,75.23722222,0.007883677
18.57055556,74.16166667,0.045706924
18.57055556,74.26305556,0.021779809
18.57055556,75.08833333,0.023804411
18.57083333,74.16166667,0.038314059
18.57083333,74.73833333,0.030645112
18.57083333,74.87444444,0.0184975
18.57083333,75.73916667,0.017669254
18.57111111,74.15305556,0.024847388
18.57111111,74.24527778,0.038314059
18.57111111,75.14055556,0.031810792
18.57111111,75.26444444,0.021657106
18.57138889,74.16083333,0.027546857
18.57138889,74.16222222,0.039663793
18.57138889,74.17305556,0.015644652
18.57138889,74.17861111,0.015644652
18.57138889,74.47972222,0.020890211
18.57138889,74.53888889,0.036504187
18.57138889,75.28361111,0.02199454
18.57138889,75.36166667,0.011319366
18.57166667,74.1575,0.034264855
18.57166667,74.16083333,0.027546857
18.57166667,74.16361111,0.024847388
18.57166667,74.175,0.035614589
18.57166667,74.88805556,0.034326206
18.57166667,75.21666667,0.005797724
18.57166667,75.22888889,0.00487745
18.57166667,75.29388889,0.019601828
18.57194444,74.02388889,0.041013528
18.57194444,74.14638889,0.020951563
18.57194444,74.15472222,0.039663793
18.57194444,75.18888889,0.029049971
18.57194444,75.56055556,0.034786343
18.57194444,75.56361111,0.015644652
18.57222222,74.01861111,0.031596061
18.57222222,74.15111111,0.028221725
18.57222222,74.16,0.046381791
18.57222222,74.16916667,0.028221725
18.57222222,75.13916667,0.012546397
18.57222222,76.13444444,0.020767508
18.5725,74.09,0.022270622
18.5725,74.15416667,0.034264855
18.5725,74.155,0.036964324
18.5725,74.57944444,0.067456057
18.5725,75.55305556,0.047056658
18.57277778,74.02333333,0.032270929
18.57277778,74.15833333,0.032270929
18.57277778,75.19666667,0.022945489
18.57277778,75.55944444,0.045676248
18.57305556,74.02333333,0.038314059
18.57305556,74.02388889,0.029571459
18.57305556,74.02416667,0.029571459
18.57305556,74.76138889,0.025522255
18.57305556,75.05361111,0.015245866
18.57333333,74.02416667,0.02687199
18.57333333,74.03666667,0.030246327
18.57333333,74.15,0.032270929
18.57333333,74.15972222,0.038988926
18.57333333,74.16027778,0.029571459
18.57333333,74.17611111,0.020153992
18.57333333,74.41277778,0.02082886
18.57333333,75.56416667,0.031197276
18.57333333,75.68111111,0.032945796
18.57361111,74.01861111,0.032945796
18.57361111,74.01916667,0.030921194
18.57361111,74.02027778,0.030246327
18.57361111,74.02055556,0.02082886
18.57361111,74.02472222,0.031596061
18.57361111,74.15194444,0.031596061
18.57361111,74.25611111,0.013957483
18.57361111,74.57361111,0.028896592
18.57361111,75.17583333,0.005705696
18.57388889,74.01944444,0.038314059
18.57388889,74.02361111,0.027546857
18.57388889,74.02472222,0.026197123
18.57388889,74.02527778,0.024172521
18.57388889,74.0275,0.023528329
18.57388889,74.14055556,0.036964324
18.57388889,74.15361111,0.024847388
18.57388889,74.15722222,0.035614589
18.57388889,74.25861111,0.016779656
18.57388889,74.2625,0.011380717
18.57388889,74.31916667,0.028221725
18.57388889,74.33777778,0.016350195
18.57388889,74.38638889,0.018221418
18.57416667,74.02,0.027546857
18.57416667,74.0275,0.039663793
18.57416667,74.02805556,0.032945796
18.57416667,74.03916667,0.027546857
18.57416667,74.04222222,0.034939722
18.57416667,74.15361111,0.047731526
18.57416667,75.09861111,0.015828706
18.57416667,75.26722222,0.024080493
18.57416667,75.55861111,0.047363416
18.57444444,74.02416667,0.036289457
18.57444444,74.02555556,0.023528329
18.57444444,74.15444444,0.027546857
18.57444444,74.15611111,0.040338661
18.57444444,74.16277778,0.034939722
18.57444444,74.5825,0.021442376
18.57472222,74.02805556,0.024847388
18.57472222,74.15,0.027546857
18.57472222,75.18277778,0.007883677
18.57472222,75.23166667,0.017147765
18.575,74.02083333,0.032945796
18.575,74.02555556,0.028896592
18.575,74.15416667,0.024847388
18.575,74.15472222,0.034264855
18.575,74.16416667,0.032270929
18.575,74.53222222,0.031473358
18.575,74.76555556,0.023098868
18.57527778,74.02111111,0.032270929
18.57527778,74.02861111,0.020153992
18.57527778,74.15638889,0.030921194
18.57527778,74.15833333,0.021503727
18.57527778,74.17416667,0.018006687
18.57527778,74.18166667,0.022516028
18.57527778,74.29194444,0.018742906
18.57527778,74.54972222,0.026902666
18.57527778,75.17111111,0.015767355
18.57527778,75.55277778,0.044909353
18.57555556,74.02166667,0.024847388
18.57555556,74.02472222,0.029571459
18.57555556,74.02916667,0.032945796
18.57555556,74.14527778,0.015245866
18.57555556,74.1725,0.026197123
18.57583333,74.025,0.033589987
18.57583333,74.17555556,0.034264855
18.57583333,74.20722222,0.021779809
18.57583333,75.27805556,0.010613823
18.57611111,74.01944444,0.030921194
18.57611111,74.01972222,0.024847388
18.57611111,74.02222222,0.01812939
18.57611111,74.02416667,0.024847388
18.57611111,74.02527778,0.033589987
18.57611111,74.15666667,0.032270929
18.57611111,74.15916667,0.052455597
18.57611111,74.37166667,0.013528022
18.57611111,75.29277778,0.045032056
18.57638889,74.02,0.018804258
18.57638889,74.02027778,0.032945796
18.57638889,74.02055556,0.034264855
18.57638889,74.02277778,0.032945796
18.57638889,74.02361111,0.028896592
18.57638889,74.02555556,0.024172521
18.57638889,74.15944444,0.041013528
18.57638889,74.76555556,0.01616614
18.57638889,74.86277778,0.016196816
18.57638889,75.08555556,0.012546397
18.57666667,74.15166667,0.024847388
18.57666667,74.15972222,0.034264855
18.57666667,74.19638889,0.014141538
18.57666667,75.28916667,0.040952176
18.57694444,74.025,0.039663793
18.57694444,74.33111111,0.020153992
18.57694444,75.05138889,0.026933342
18.57694444,75.55194444,0.054265468
18.57722222,74.15194444,0.024172521
18.57722222,74.15666667,0.038314059
18.57722222,74.49194444,0.015307218
18.57722222,74.95888889,0.020951563
18.5775,74.02361111,0.024847388
18.5775,74.02388889,0.032945796
18.5775,74.03083333,0.028896592
18.5775,74.15388889,0.037639191
18.5775,74.15888889,0.054449523
18.5775,74.17,0.030246327
18.5775,74.36361111,0.01500046
18.5775,75.5575,0.043989079
18.57777778,74.02361111,0.032270929
18.57777778,74.02666667,0.02687199
18.57777778,74.03083333,0.032270929
18.57777778,74.25166667,0.018221418
18.57777778,74.85666667,0.025859689
18.57805556,74.02388889,0.028221725
18.57833333,74.025,0.030921194
18.57833333,74.14527778,0.009846928
18.57833333,74.16111111,0.014939109
18.57833333,74.34305556,0.018374797
18.57833333,74.38833333,0.027577533
18.57833333,74.94277778,0.02512347
18.57833333,75.52444444,0.031197276
18.57833333,75.56083333,0.043989079
18.57861111,74.02527778,0.02082886
18.57861111,75.06444444,0.017117089
18.57861111,75.55472222,0.041136231
18.57888889,74.02416667,0.031596061
18.57888889,74.02444444,0.033589987
18.57888889,74.16638889,0.021503727
18.57888889,74.34916667,0.048682475
18.57888889,75.04944444,0.026381177
18.57888889,75.55444444,0.037853922
18.57888889,75.55861111,0.043528943
18.57916667,74.02916667,0.025522255
18.57916667,74.17472222,0.038314059
18.57916667,74.17527778,0.031657413
18.57916667,74.35027778,0.017976012
18.57916667,75.55972222,0.034479585
18.57916667,75.56027778,0.051075186
18.57916667,75.675,0.034264855
18.57944444,74.02111111,0.032270929
18.57944444,74.02611111,0.036964324
18.57944444,74.15972222,0.020153992
18.57944444,74.17583333,0.01812939
18.57944444,74.24555556,0.025307525
18.57944444,74.72888889,0.035859996
18.57944444,74.76138889,0.030246327
18.57944444,75.16361111,0.027945643
18.57944444,75.55277778,0.044019755
18.57972222,74.02222222,0.028896592
18.57972222,74.14555556,0.024172521
18.57972222,74.15111111,0.040338661
18.57972222,74.26611111,0.016411546
18.57972222,74.30111111,0.020920887
18.57972222,75.12027778,0.016656953
18.57972222,75.25055556,0.024448603
18.57972222,75.50666667,0.035093101
18.57972222,75.50777778,0.041688395
18.58,74.02166667,0.024847388
18.58,74.02194444,0.032270929
18.58,74.025,0.032270929
18.58,74.87666667,0.02395779
18.58,75.02333333,0.009478818
18.58,75.55305556,0.047210037
18.58,76.38444444,0.022055891
18.58027778,74.02277778,0.027546857
18.58027778,74.02722222,0.039663793
18.58027778,74.14555556,0.011380717
18.58027778,74.40444444,0.028375104
18.58027778,75.035,0.005153532
18.58055556,74.16111111,0.027546857
18.58055556,74.16527778,0.034264855
18.58055556,74.17472222,0.033589987
18.58055556,74.175,0.053774656
18.58055556,74.95,0.022761434
18.58055556,74.96666667,0.026074419
18.58055556,75.04611111,0.01012301
18.58055556,75.08055556,0.024141845
18.58055556,75.13305556,0.00954017
18.58055556,75.22694444,0.021381024
18.58055556,75.51944444,0.036718918
18.58055556,75.54388889,0.040400012
18.58055556,75.55055556,0.031197276
18.58083333,74.12888889,0.02104359
18.58083333,74.24166667,0.011380717
18.58083333,75.50055556,0.035737293
18.58111111,74.03972222,0.02082886
18.58111111,75.50472222,0.043528943
18.58111111,75.50944444,0.047210037
18.58138889,74.15583333,0.02687199
18.58138889,74.34777778,0.015307218
18.58166667,74.15583333,0.034264855
18.58166667,74.16472222,0.024847388
18.58166667,74.16527778,0.038314059
18.58166667,74.34833333,0.027516181
18.58166667,75.55472222,0.034632964
18.58166667,75.57055556,0.031197276
18.58194444,74.16527778,0.029571459
18.58194444,74.33416667,0.016319519
18.58194444,74.37111111,0.017025062
18.58222222,74.02083333,0.02687199
18.58222222,74.02888889,0.030921194
18.58222222,74.175,0.032270929
18.58222222,75.56027778,0.031197276
18.5825,74.16611111,0.014939109
18.5825,74.31333333,0.016626277
18.5825,75.14527778,0.012546397
18.5825,75.50805556,0.035123777
18.5825,75.50833333,0.035553238
18.58277778,74.15722222,0.041013528
18.58277778,74.6125,0.014264241
18.58277778,75.78166667,0.021074266
18.58305556,74.18166667,0.019847235
18.58305556,74.21527778,0.014939109
18.58305556,75.18083333,0.004509341
18.58305556,75.20527778,0.021841161
18.58305556,75.74138889,0.01674898
18.58333333,74.12416667,0.016350195
18.58333333,74.975,0.022485352
18.58333333,75.15083333,0.004263934
18.58333333,75.545,0.047823553
18.58361111,74.17138889,0.014448296
18.58361111,74.67416667,0.013067886
18.58361111,75.46527778,0.038436762
18.58361111,76.01583333,0.009816252
18.58388889,75.24138889,0.019141691
18.58416667,74.15388889,0.013957483
18.58416667,74.15944444,0.032270929
18.58416667,74.17472222,0.027546857
18.58416667,74.22166667,0.013896132
18.58416667,75.53444444,0.044909353
18.58444444,74.17305556,0.023528329
18.58444444,74.43777778,0.064388478
18.58444444,74.99777778,0.015890058
18.58444444,75.50527778,0.04187245
18.58444444,75.54722222,0.041320286
18.58444444,75.55027778,0.041258934
18.58444444,75.55916667,0.049970858
18.585,74.17388889,0.036964324
18.585,74.98166667,0.021871837
18.585,75.05694444,0.033835394
18.585,75.50388889,0.043375564
18.585,75.51055556,0.035921347
18.585,75.53527778,0.037393785
18.58527778,74.22833333,0.017515875
18.58527778,75.53611111,0.056412773
18.58527778,75.53777778,0.044755974
18.58527778,75.55138889,0.053406546
18.58555556,75.12722222,0.012791803
18.58555556,75.52777778,0.047854229
18.58555556,75.53722222,0.046289763
18.58583333,74.03944444,0.021442376
18.58583333,74.18527778,0.016963711
18.58583333,74.72888889,0.021933188
18.58583333,75.23027778,0.026013068
18.58583333,75.50388889,0.037393785
18.58611111,75.50833333,0.03874352
18.58611111,75.54611111,0.04107488
18.58638889,74.15194444,0.015644652
18.58638889,74.17472222,0.039663793
18.58638889,75.16555556,0.032148225
18.58666667,74.17388889,0.028221725
18.58666667,75.1075,0.023804411
18.58666667,75.50722222,0.034939722
18.58666667,75.50861111,0.047394092
18.58666667,75.55083333,0.035890671
18.58666667,75.56,0.043559618
18.58694444,74.16861111,0.027546857
18.58694444,74.16944444,0.027546857
18.58694444,74.2475,0.023773735
18.58694444,75.55166667,0.047271389
18.58694444,75.56083333,0.047394092
18.58694444,75.60361111,0.037700543
18.58694444,75.65805556,0.038314059
18.58722222,74.15083333,0.034939722
18.58722222,74.15111111,0.030921194
18.58722222,74.1525,0.039663793
18.58722222,74.17472222,0.027546857
18.58722222,74.19166667,0.022025215
18.58722222,74.5725,0.028375104
18.58722222,74.87111111,0.024786036
18.58722222,75.35944444,0.010552471
18.58722222,75.46861111,0.030522409
18.5875,74.24138889,0.014693702
18.5875,74.52861111,0.014110862
18.5875,75.14666667,0.028988619
18.5875,75.20277778,0.012791803
18.5875,75.50833333,0.043467591
18.58777778,75.51694444,0.047854229
18.58777778,75.55055556,0.037271082
18.58805556,74.25138889,0.016779656
18.58805556,75.405,0.037393785
18.58805556,75.50444444,0.033712691
18.58805556,75.53222222,0.026841314
18.58833333,75.52305556,0.052424921
18.58833333,75.53888889,0.035859996
18.58861111,74.14638889,0.022485352
18.58861111,74.15833333,0.011380717
18.58861111,74.72722222,0.046289763
18.58888889,73.4425,0.018374797
18.58888889,74.16888889,0.021779809
18.58888889,74.37777778,0.0155833
18.58888889,74.39583333,0.019264395
18.58888889,74.91972222,0.010675174
18.58888889,74.95,0.026626584
18.58888889,75.0725,0.022239946
18.58888889,75.07888889,0.025921041
18.58888889,75.50527778,0.043989079
18.58888889,75.50944444,0.040461364
18.58888889,75.52277778,0.032025522
18.58916667,74.37972222,0.025000767
18.58916667,75.00166667,0.029939569
18.58916667,75.55166667,0.047025982
18.58916667,75.55694444,0.031197276
18.58944444,74.17416667,0.033589987
18.58944444,74.20861111,0.014509648
18.58944444,74.48666667,0.017638578
18.58944444,75.04861111,0.024172521
18.58944444,75.07611111,0.025062118
18.58944444,75.25805556,0.026473205
18.58944444,75.46472222,0.032178901
18.58972222,74.15527778,0.038988926
18.58972222,74.17222222,0.018804258
18.58972222,74.20805556,0.016626277
18.58972222,74.74416667,0.026166447
18.58972222,75.22638889,0.012546397
18.58972222,75.29805556,0.024632657
18.58972222,75.50472222,0.032240253
18.58972222,75.53138889,0.029724838
18.58972222,75.54222222,0.035859996
18.59,74.155,0.017669254
18.59,74.20055556,0.016779656
18.59,74.9175,0.025430228
18.59,75.51888889,0.036105402
18.59,75.5575,0.052424921
18.59027778,74.16444444,0.016779656
18.59027778,74.32194444,0.019847235
18.59027778,74.83083333,0.018804258
18.59055556,74.07416667,0.017362496
18.59055556,74.16,0.025522255
18.59055556,74.16055556,0.031596061
18.59055556,74.25861111,0.016779656
18.59055556,75.25722222,0.023804411
18.59055556,75.56055556,0.031933495
18.59083333,74.89166667,0.043528943
18.59083333,75.55944444,0.041350962
18.59111111,74.37916667,0.0155833
18.59111111,74.41611111,0.021166293
18.59111111,75.22638889,0.026841314
18.59111111,75.45027778,0.034632964
18.59111111,75.55416667,0.030982545
18.59111111,75.56305556,0.037853922
18.59138889,74.07388889,0.016779656
18.59138889,74.20388889,0.014969784
18.59166667,74.16166667,0.031596061
18.59166667,74.16638889,0.039663793
18.59166667,74.41111111,0.027270775
18.59166667,75.31388889,0.016564925
18.59166667,75.49277778,0.033129851
18.59166667,75.53916667,0.051075186
18.59166667,75.5625,0.044295837
18.59194444,74.16111111,0.017086414
18.59194444,74.17138889,0.038314059
18.59194444,74.17527778,0.027546857
18.59194444,74.25583333,0.013957483
18.59194444,75.50555556,0.031197276
18.59194444,75.55194444,0.050891132
18.59194444,75.55305556,0.043989079
18.59222222,74.15944444,0.030246327
18.59222222,75.55333333,0.05119789
18.59222222,75.55611111,0.031718764
18.59222222,75.55944444,0.049602749
18.5925,74.11638889,0.026197123
18.5925,75.12111111,0.023651032
18.5925,75.13416667,0.024755361
18.5925,75.59888889,0.018988313
18.59277778,74.17916667,0.018742906
18.59277778,74.37194444,0.032792417
18.59277778,74.51388889,0.024694009
18.59277778,75.22527778,0.025982392
18.59277778,75.22722222,0.007945029
18.59277778,75.565,0.042301911
18.59277778,75.57611111,0.03095187
18.59305556,75.03777778,0.005521642
18.59305556,75.53861111,0.034326206
18.59333333,75.55555556,0.034019448
18.59333333,75.55944444,0.047976932
18.59333333,75.56055556,0.03211755
18.59361111,74.16611111,0.018742906
18.59361111,74.90805556,0.038835547
18.59361111,75.26305556,0.011012608
18.59361111,75.29194444,0.020736832
18.59361111,75.32694444,0.018037363
18.59361111,75.49361111,0.033405933
18.59361111,75.55944444,0.047394092
18.59361111,75.64055556,0.038314059
18.59388889,74.36277778,0.016902359
18.59388889,74.41083333,0.028191049
18.59388889,75.55055556,0.048743826
18.59388889,75.55861111,0.052885058
18.59416667,74.23583333,0.028497807
18.59416667,74.375,0.0496641
18.59416667,74.4,0.046289763
18.59416667,75.2775,0.027577533
18.59416667,75.53944444,0.035430535
18.59416667,75.5525,0.035645265
18.59444444,74.18472222,0.017025062
18.59472222,74.08638889,0.021810485
18.59472222,74.31138889,0.013712077
18.59472222,74.75083333,0.095064266
18.59472222,74.85055556,0.018006687
18.59472222,75.53527778,0.038191356
18.595,73.54222222,0.00917206
18.595,75.08694444,0.015245866
18.59527778,74.22194444,0.015215191
18.59527778,75.55777778,0.047210037
18.59555556,74.14361111,0.016779656
18.59555556,75.47055556,0.035859996
18.59555556,75.49861111,0.043528943
18.59583333,74.21305556,0.016779656
18.59583333,75.29472222,0.007883677
18.59583333,75.53916667,0.038314059
18.59583333,75.55694444,0.048375717
18.59583333,75.60277778,0.035553238
18.59611111,74.19666667,0.013957483
18.59611111,75.15777778,0.011012608
18.59611111,75.46944444,0.038314059
18.59638889,74.19333333,0.011380717
18.59638889,74.19527778,0.013957483
18.59666667,74.45361111,0.018068039
18.59694444,74.08916667,0.020491426
18.59694444,75.2175,0.024141845
18.59694444,75.54833333,0.044909353
18.59694444,75.55388889,0.050430995
18.59694444,75.585,0.052424921
18.59694444,75.68833333,0.013129237
18.59722222,74.08861111,0.018282769
18.59722222,75.12777778,0.020368723
18.59722222,75.24833333,0.024448603
18.59722222,75.475,0.035737293
18.5975,74.14361111,0.011534096
18.5975,74.21138889,0.013896132
18.5975,74.29027778,0.018742906
18.5975,75.04055556,0.027976318
18.5975,75.07805556,0.03000092
18.5975,75.13027778,0.024755361
18.59777778,74.13416667,0.014939109
18.59777778,74.89166667,0.050584374
18.59777778,75.01805556,0.012116936
18.59777778,75.18055556,0.010767201
18.59777778,75.47555556,0.044449216
18.59777778,75.49944444,0.049848155
18.59777778,75.50666667,0.036105402
18.59777778,75.53944444,0.049357342
18.59805556,75.46944444,0.037853922
18.59833333,74.26861111,0.013712077
18.59833333,74.32055556,0.009969631
18.59833333,74.73222222,0.043528943
18.59833333,75.09388889,0.015859382
18.59833333,75.35694444,0.01362005
18.59861111,74.17777778,0.015184515
18.59861111,74.49888889,0.023681708
18.59861111,75.05888889,0.034817019
18.59861111,75.07305556,0.012791803
18.59861111,75.10694444,0.03000092
18.59888889,74.18527778,0.013712077
18.59888889,74.26861111,0.011380717
18.59888889,74.31416667,0.011258014
18.59888889,74.31972222,0.054572226
18.59888889,75.12888889,0.02454063
18.59888889,76.34472222,0.031258628
18.59916667,74.28888889,0.013221264
18.59916667,74.3325,0.028681861
18.59916667,75.97111111,0.02279211
18.59944444,74.20027778,0.016779656
18.59944444,74.90694444,0.034019448
18.59972222,75.07638889,0.00641124
18.59972222,75.53361111,0.035123777
18.6,74.37111111,0.010307065
18.6,75.00833333,0.026626584
18.6,75.05277778,0.021871837
18.6,75.53888889,0.03604405
18.6,75.53944444,0.032853769
18.60027778,74.07944444,0.016472898
18.60027778,74.14083333,0.011380717
18.60027778,74.16805556,0.014816405
18.60027778,74.25805556,0.013221264
18.60027778,75.11111111,0.024172521
18.60027778,75.31888889,0.019141691
18.60027778,75.34111111,0.022638731
18.60027778,75.62027778,0.038314059
18.60055556,74.19638889,0.015245866
18.60055556,75.11388889,0.01500046
18.60055556,75.46694444,0.03604405
18.60055556,75.58333333,0.0496641
18.60055556,75.62055556,0.034326206
18.60083333,74.77333333,0.036933648
18.60111111,73.41,0.021442376
18.60111111,75.08555556,0.030859842
18.60111111,75.1175,0.025614283
18.60111111,75.24,0.037087027
18.60111111,75.53916667,0.043989079
18.60111111,75.55027778,0.038620817
18.60111111,76.18027778,0.012577073
18.60138889,74.37027778,0.015215191
18.60138889,74.55555556,0.032669714
18.60138889,75.55027778,0.031105249
18.60166667,74.10888889,0.022147919
18.60166667,74.96777778,0.01733182
18.60166667,75.03611111,0.007362189
18.60194444,74.10055556,0.020491426
18.60194444,74.11166667,0.018006687
18.60194444,74.22,0.020368723
18.60194444,74.27972222,0.009478818
18.60194444,74.85833333,0.028559158
18.60194444,75.02055556,0.015061812
18.60222222,74.1225,0.016350195
18.60222222,74.18444444,0.017454523
18.60222222,74.18555556,0.015245866
18.6025,75.18583333,0.029019295
18.60277778,74.36,0.020736832
18.60277778,74.95833333,0.015890058
18.60277778,75.12666667,0.021841161
18.60277778,75.18361111,0.024939415
18.60277778,75.32111111,0.017976012
18.60277778,75.43444444,0.033712691
18.60277778,75.43472222,0.032976472
18.60277778,75.59861111,0.0438357
18.60277778,75.75583333,0.032823093
18.60333333,74.16888889,0.013926808
18.60333333,74.44166667,0.016012761
18.60333333,74.54611111,0.019693856
18.60333333,75.24944444,0.020276696
18.60333333,75.29333333,0.017423847
18.60333333,75.5275,0.030982545
18.60333333,75.55527778,0.041258934
18.60333333,75.61138889,0.0438357
18.60361111,74.84944444,0.029724838
18.60361111,75.32694444,0.03932636
18.60361111,75.54194444,0.033099175
18.60361111,75.60833333,0.038804871
18.60361111,75.62305556,0.049050584
18.60388889,74.10055556,0.021779809
18.60388889,74.88833333,0.034326206
18.60416667,74.11638889,0.018221418
18.60416667,74.13833333,0.017393172
18.60416667,74.19638889,0.013957483
18.60416667,75.495,0.038927574
18.60444444,74.29944444,0.009478818
18.60444444,75.59388889,0.043528943
18.60472222,74.46472222,0.067456057
18.60472222,75.17416667,0.003405012
18.605,74.17944444,0.015859382
18.605,75.57055556,0.037393785
18.605,75.585,0.047210037
18.605,75.59388889,0.041688395
18.60527778,75.17194444,0.030982545
18.60527778,75.23916667,0.042946103
18.60527778,75.49722222,0.04536949
18.60555556,74.95,0.021104942
18.60555556,74.95833333,0.018926961
18.60555556,74.98888889,0.022485352
18.60555556,75,0.019203043
18.60555556,75.03416667,0.022485352
18.60555556,75.53444444,0.035859996
18.60555556,75.54416667,0.030277002
18.60583333,74.20833333,0.017699929
18.60583333,75.17972222,0.016503574
18.60583333,75.18027778,0.0155833
18.60583333,75.4725,0.035706617
18.60583333,75.47555556,0.041228259
18.60583333,75.49694444,0.034326206
18.60611111,73.97277778,0.028221725
18.60611111,75.0325,0.024417927
18.60611111,75.62555556,0.053651953
18.60638889,74.10055556,0.021779809
18.60638889,75.56333333,0.044909353
18.60666667,75.0875,0.030982545
18.60694444,73.59472222,0.02220927
18.60694444,74.09555556,0.020767508
18.60694444,74.10111111,0.018190742
18.60694444,75.53638889,0.03604405
18.60694444,75.555,0.04107488
18.60694444,75.61,0.0496641
18.60722222,74.61222222,0.030430381
18.60722222,75.02222222,0.035553238
18.6075,74.10194444,0.022055891
18.6075,74.19916667,0.322862664
18.6075,74.46444444,0.01733182
18.6075,75.12861111,0.02199454
18.60777778,74.32861111,0.013466671
18.60777778,75.04,0.033927421
18.60777778,75.45027778,0.035921347
18.60805556,74.09111111,0.021841161
18.60805556,74.09222222,0.018344121
18.60805556,74.45694444,0.260713519
18.60805556,75.05388889,0.042915427
18.60805556,75.10055556,0.033743366
18.60805556,75.36694444,0.037393785
18.60805556,75.58416667,0.0438357
18.60805556,75.58555556,0.03524648
18.60805556,75.58722222,0.037393785
18.60833333,75.00555556,0.022485352
18.60833333,75.20555556,0.02257738
18.60833333,75.58888889,0.037393785
18.60861111,74.09166667,0.020706157
18.60861111,74.10138889,0.020184668
18.60861111,74.15916667,0.021779809
18.60861111,74.1825,0.015552624
18.60861111,74.26944444,0.018742906
18.60888889,74.07638889,0.015644652
18.60888889,74.10111111,0.018006687
18.60888889,74.10138889,0.020123317
18.60888889,74.10194444,0.022976165
18.60888889,75.10972222,0.014755054
18.60888889,75.15833333,0.030859842
18.60888889,75.53805556,0.032853769
18.60888889,75.55388889,0.043682322
18.60916667,74.10055556,0.01791466
18.60916667,74.10138889,0.022025215
18.60916667,74.11611111,0.020706157
18.60916667,74.11638889,0.018282769
18.60916667,74.12277778,0.020031289
18.60916667,75.02527778,0.026013068
18.60916667,75.47666667,0.035185128
18.60916667,75.61555556,0.03524648
18.60944444,74.09888889,0.02337495
18.60944444,74.11583333,0.02337495
18.60944444,74.31583333,0.013957483
18.60944444,75.0475,0.025736986
18.60944444,75.16888889,0.028129697
18.60972222,74.10055556,0.01733182
18.60972222,74.11611111,0.018006687
18.60972222,74.14666667,0.019509801
18.60972222,75.20444444,0.02199454
18.60972222,75.60972222,0.034326206
18.61,74.09277778,0.019908586
18.61,74.12916667,0.016779656
18.61,75.43527778,0.040461364
18.61,75.46861111,0.031197276
18.61027778,74.10166667,0.020184668
18.61027778,74.15027778,0.016350195
18.61027778,74.3325,0.013712077
18.61027778,75.18361111,0.020890211
18.61027778,75.25472222,0.022700083
18.61027778,75.43416667,0.032792417
18.61055556,74.69333333,0.014172214
18.61055556,75.1225,0.023804411
18.61055556,75.40472222,0.019264395
18.61083333,75.23777778,0.018742906
18.61083333,75.27722222,0.022822786
18.61111111,74.95833333,0.015890058
18.61111111,75.16694444,0.041688395
18.61138889,74.09305556,0.017761281
18.61138889,74.12361111,0.023221571
18.61138889,74.15305556,0.01420289
18.61138889,74.38222222,0.005490966
18.61166667,74.5025,0.024509954
18.61166667,75.1525,0.020491426
18.61194444,74.23861111,0.009478818
18.61194444,75.26277778,0.030982545
18.61222222,75.28861111,0.01966318
18.6125,74.17305556,0.014755054
18.6125,75.22222222,0.019724531
18.6125,75.59138889,0.037393785
18.6125,76.19972222,0.019111016
18.61305556,74.22916667,0.014877757
18.61305556,74.25194444,0.017515875
18.61305556,75.24194444,0.025000767
18.61333333,74.44888889,0.057333047
18.61333333,75.05888889,0.032086874
18.61333333,75.09027778,0.02395779
18.61333333,75.1075,0.024172521
18.61333333,75.14972222,0.019847235
18.61333333,75.23777778,0.02199454
18.61361111,74.89055556,0.047516795
18.61361111,74.97138889,0.055400472
18.61361111,75.55055556,0.037087027
18.61388889,74.26333333,0.013957483
18.61388889,74.42888889,0.0282524
18.61388889,74.54722222,0.022055891
18.61388889,75.23888889,0.023804411
18.61388889,75.59583333,0.049357342
18.61416667,74.22472222,0.014018835
18.61416667,74.475,0.017791957
18.61416667,75.17833333,0.04012393
18.61444444,73.93416667,0.003251633
18.61444444,75.59027778,0.03524648
18.61472222,74.10666667,0.019908586
18.61472222,75.23722222,0.024724685
18.61472222,75.2475,0.052056812
18.615,74.07611111,0.018037363
18.615,74.15722222,0.01362005
18.61527778,74.25694444,0.013957483
18.61527778,75.15694444,0.00641124
18.61527778,75.60416667,0.030645112
18.61555556,74.16583333,0.022485352
18.61555556,75.09,0.033927421
18.61555556,75.68305556,0.009785576
18.61583333,75.06666667,0.024724685
18.61611111,74.14166667,0.022485352
18.61611111,75.13611111,0.019816559
18.61638889,74.2225,0.034939722
18.61638889,75.21111111,0.02766956
18.61666667,75.53916667,0.035185128
18.61666667,75.62055556,0.040461364
18.61694444,74.16861111,0.017393172
18.61694444,74.66472222,0.017577226
18.61722222,74.17277778,0.016779656
18.61722222,75.27027778,0.019847235
18.61722222,75.59833333,0.031197276
18.6175,74.11416667,0.022976165
18.6175,74.15361111,0.018681555
18.6175,74.22055556,0.019448449
18.6175,74.28361111,0.016012761
18.61777778,74.115,0.019969938
18.61777778,74.29361111,0.062854689
18.61777778,74.90888889,0.031442682
18.61777778,75.29694444,0.009785576
18.61777778,75.37333333,0.017791957
18.61805556,74.11333333,0.018006687
18.61805556,74.19888889,0.014325593
18.61805556,74.20722222,0.017638578
18.61805556,75.24055556,0.02199454
18.61805556,75.53861111,0.0554925
18.61833333,74.11222222,0.018282769
18.61833333,74.11361111,0.023190895
18.61833333,74.11388889,0.022976165
18.61833333,75.04055556,0.01987791
18.61833333,75.16833333,0.031013221
18.61833333,75.61194444,0.034326206
18.61833333,75.62694444,0.044449216
18.61861111,74.11138889,0.018221418
18.61861111,74.11166667,0.022976165
18.61861111,74.11194444,0.021841161
18.61861111,74.17277778,0.014755054
18.61861111,74.19638889,0.011534096
18.61861111,74.20027778,0.011380717
18.61861111,74.34416667,0.010092334
18.61861111,75.15138889,0.016196816
18.61861111,75.55333333,0.047823553
18.61861111,75.60055556,0.043222185
18.61888889,74.10861111,0.022147919
18.61888889,74.11083333,0.020123317
18.61888889,74.11138889,0.023129544
18.61888889,74.11333333,0.023221571
18.61888889,74.155,0.013957483
18.61888889,74.20916667,0.019908586
18.61888889,74.97055556,0.018957637
18.61888889,75.07472222,0.023620356
18.61888889,75.6075,0.037393785
18.61916667,74.11027778,0.01812939
18.61916667,74.11083333,0.01733182
18.61916667,74.11166667,0.018006687
18.61916667,74.39416667,0.055185742
18.61916667,74.53305556,0.058253321
18.61916667,75.16555556,0.025982392
18.61916667,75.55055556,0.04478665
18.61916667,75.55472222,0.043528943
18.61916667,75.60777778,0.033712691
18.61916667,75.60861111,0.045062732
18.61916667,76.25361111,0.058590754
18.61944444,74.11,0.01812939
18.61944444,74.11055556,0.017791957
18.61944444,74.5075,0.018374797
18.61944444,75.13166667,0.024417927
18.61944444,75.19888889,0.024847388
18.61944444,75.61555556,0.034326206
18.61944444,76.13277778,0.0155833
18.61972222,74.11,0.021841161
18.61972222,74.12388889,0.021810485
18.61972222,75.22638889,0.031565385
18.61972222,75.58388889,0.034019448
18.61972222,75.59388889,0.040461364
18.61972222,75.60333333,0.037516488
18.61972222,75.62666667,0.035062425
18.62,74.08944444,0.022055891
18.62,74.09027778,0.01812939
18.62,74.09111111,0.022976165
18.62,74.20944444,0.015184515
18.62,74.91083333,0.047976932
18.62,75.13555556,0.017117089
18.62,75.61083333,0.035062425
18.62027778,74.08944444,0.019908586
18.62027778,74.09,0.022669407
18.62027778,74.10861111,0.022976165
18.62027778,74.23527778,0.060093868
18.62027778,75.52083333,0.035859996
18.62055556,74.09916667,0.022485352
18.62055556,74.09944444,0.018282769
18.62055556,74.10722222,0.022976165
18.62055556,74.1125,0.022976165
18.62055556,74.8725,0.020583453
18.62055556,74.90333333,0.025736986
18.62055556,75.15333333,0.025614283
18.62055556,75.26611111,0.004325286
18.62055556,75.54722222,0.034019448
18.62055556,75.61972222,0.041381637
18.62055556,75.6275,0.030645112
18.62083333,74.08916667,0.022025215
18.62083333,74.09777778,0.018006687
18.62083333,74.09861111,0.021749133
18.62083333,74.1,0.023466978
18.62083333,74.23388889,0.014755054
18.62083333,74.26805556,0.014877757
18.62083333,74.90722222,0.035001074
18.62083333,75.01416667,0.024847388
18.62083333,75.11388889,0.021749133
18.62083333,75.14166667,0.020951563
18.62083333,75.15777778,0.028957943
18.62083333,75.51722222,0.04420381
18.62083333,75.53861111,0.03604405
18.62111111,74.06083333,0.027577533
18.62111111,74.0875,0.023129544
18.62111111,74.08805556,0.020491426
18.62111111,74.09527778,0.023466978
18.62111111,74.09583333,0.018098715
18.62111111,74.09638889,0.019969938
18.62111111,74.09666667,0.018282769
18.62111111,74.09722222,0.018098715
18.62111111,74.0975,0.01791466
18.62111111,74.09777778,0.018282769
18.62111111,74.11277778,0.020583453
18.62111111,74.20027778,0.014448296
18.62111111,75.55083333,0.038620817
18.62111111,75.62,0.043528943
18.62138889,74.08583333,0.022055891
18.62138889,74.095,0.021749133
18.62138889,74.09611111,0.023190895
18.62138889,75.56972222,0.0554925
18.62138889,75.60555556,0.041381637
18.62138889,75.62222222,0.035859996
18.62166667,73.92555556,0.024509954
18.62166667,74.08361111,0.021810485
18.62166667,74.085,0.022976165
18.62166667,74.09472222,0.021779809
18.62166667,74.12333333,0.013712077
18.62166667,74.2375,0.032485659
18.62166667,74.44722222,0.053651953
18.62166667,75.02083333,0.028743213
18.62166667,75.51722222,0.044633271
18.62194444,74.09444444,0.01812939
18.62194444,74.09833333,0.021841161
18.62194444,74.09916667,0.018282769
18.62194444,74.11166667,0.020644805
18.62194444,74.11972222,0.010460444
18.62194444,74.4,0.039234332
18.62194444,75.56888889,0.03524648
18.62194444,75.62583333,0.035062425
18.62222222,74.0975,0.020184668
18.62222222,74.11944444,0.010153686
18.62222222,74.67388889,0.019264395
18.62222222,74.9,0.027884291
18.62222222,74.90333333,0.025890365
18.62222222,75.01388889,0.012331667
18.62222222,75.06666667,0.018650879
18.62222222,75.18055556,0.017209117
18.62222222,75.51972222,0.035614589
18.62222222,75.56916667,0.030645112
18.62222222,75.58944444,0.034326206
18.62222222,75.61583333,0.044571919
18.62222222,75.62361111,0.032792417
18.6225,74.00805556,0.031596061
18.6225,74.09222222,0.017976012
18.6225,74.09277778,0.022424001
18.6225,74.09333333,0.02374306
18.6225,74.09388889,0.023497653
18.6225,74.09694444,0.01812939
18.6225,74.11083333,0.020706157
18.6225,74.17,0.017270468
18.6225,74.21833333,0.021196969
18.6225,74.30805556,0.016902359
18.6225,74.59361111,0.026473205
18.6225,75.61777778,0.041381637
18.62277778,74.09222222,0.021104942
18.62277778,74.0925,0.020767508
18.62277778,74.09305556,0.024019142
18.62277778,74.09666667,0.01733182
18.62277778,74.18027778,0.017883984
18.62277778,74.72055556,0.018068039
18.62277778,75.20083333,0.061566306
18.62277778,75.23305556,0.035154453
18.62277778,75.45,0.01362005
18.62277778,75.56388889,0.043528943
18.62277778,75.56833333,0.038314059
18.62277778,75.58388889,0.038314059
18.62305556,74.02333333,0.036964324
18.62305556,74.24055556,0.023129544
18.62305556,74.29194444,0.019693856
18.62305556,74.31777778,0.013221264
18.62305556,75.095,0.043160833
18.62305556,75.61027778,0.034939722
18.62305556,75.61222222,0.034939722
18.62305556,75.62416667,0.033712691
18.62333333,74.11916667,0.014325593
18.62333333,74.14333333,0.01383478
18.62333333,74.45472222,0.027577533
18.62333333,75.29666667,0.024939415
18.62333333,75.56722222,0.035062425
18.62333333,75.60333333,0.030031596
18.62361111,74.09472222,0.024019142
18.62361111,74.1875,0.022608055
18.62361111,74.225,0.021196969
18.62361111,74.40666667,0.031596061
18.62361111,75.51888889,0.035859996
18.62361111,75.575,0.035553238
18.62361111,75.61,0.049357342
18.62361111,75.61333333,0.038927574
18.62361111,76.115,0.00917206
18.62388889,74.17666667,0.013957483
18.62388889,74.22277778,0.027884291
18.62388889,74.28694444,0.017301144
18.62388889,75.08833333,0.01536857
18.62388889,75.5275,0.037393785
18.62388889,75.54694444,0.043222185
18.62388889,75.56055556,0.043528943
18.62388889,75.61611111,0.033712691
18.62388889,75.61888889,0.037700543
18.62388889,75.61944444,0.031258628
18.62416667,74.24611111,0.011380717
18.62416667,75.18527778,0.021779809
18.62416667,75.32055556,0.025460904
18.62416667,75.55555556,0.035553238
18.62416667,75.60416667,0.035553238
18.62416667,75.60583333,0.044449216
18.62416667,75.60694444,0.0554925
18.62416667,76.20138889,0.01070585
18.62444444,74.09361111,0.020123317
18.62444444,74.09388889,0.020399399
18.62444444,74.12444444,0.013804104
18.62444444,74.18805556,0.013712077
18.62444444,75.25138889,0.006656646
18.62444444,75.52,0.032792417
18.62444444,75.57472222,0.046596521
18.62444444,75.61722222,0.037393785
18.62472222,74.09277778,0.022055891
18.62472222,74.21916667,0.016319519
18.62472222,75.27166667,0.007270162
18.62472222,75.52611111,0.033712691
18.62472222,75.57638889,0.037393785
18.62472222,75.57833333,0.056412773
18.62472222,75.58916667,0.030645112
18.62472222,75.62666667,0.031258628
18.625,74.47916667,0.020153992
18.625,75.18888889,0.016350195
18.625,75.55361111,0.044909353
18.625,75.56055556,0.0496641
18.62527778,74.09472222,0.020644805
18.62527778,74.09583333,0.020767508
18.62527778,74.10222222,0.01812939
18.62527778,74.1025,0.018006687
18.62527778,75.23861111,0.02199454
18.62527778,75.55416667,0.047394092
18.62527778,75.56305556,0.043528943
18.62527778,75.59527778,0.03524648
18.62527778,75.89277778,0.01362005
18.62555556,74.09583333,0.020399399
18.62555556,74.10194444,0.022147919
18.62555556,74.39944444,0.962268781
18.62555556,75.20583333,0.081597595
18.62555556,75.57444444,0.031197276
18.62583333,74.08444444,0.01812939
18.62583333,74.08916667,0.022147919
18.62583333,74.08944444,0.018344121
18.62583333,74.13527778,0.011687475
18.62583333,74.45194444,0.023528329
18.62583333,75.16972222,0.043130157
18.62583333,75.57,0.040768122
18.62583333,75.60416667,0.0496641
18.62611111,74.08972222,0.02337495
18.62611111,74.09,0.018282769
18.62611111,74.17361111,0.017393172
18.62611111,75.57472222,0.048007608
18.62611111,75.60611111,0.038314059
18.62611111,75.60777778,0.03524648
18.62638889,74.07388889,0.020123317
18.62638889,74.09055556,0.023068192
18.62638889,74.09138889,0.022669407
18.62638889,74.19694444,0.011258014
18.62638889,75.00555556,0.023865763
18.62638889,75.06527778,0.013466671
18.62638889,75.55805556,0.038314059
18.62638889,75.625,0.034326206
18.62666667,73.61027778,0.024847388
18.62666667,73.67194444,0.00407988
18.62666667,73.69,0.021503727
18.62666667,73.73027778,0.029571459
18.62666667,74.09,0.019908586
18.62666667,74.23194444,0.017730605
18.62666667,74.40638889,0.068376331
18.62666667,75.06472222,0.01674898
18.62666667,75.07305556,0.027577533
18.62694444,75.08583333,0.024601982
18.62694444,75.20666667,0.054142765
18.62694444,75.51861111,0.038314059
18.62694444,75.60222222,0.038804871
18.62722222,73.88777778,0.061320899
18.62722222,74.08888889,0.024080493
18.62722222,74.22111111,0.013712077
18.62722222,74.32472222,0.012730452
18.62722222,75.2675,0.028344428
18.62722222,75.57555556,0.041258934
18.62722222,75.59944444,0.056719531
18.62722222,75.62388889,0.035062425
18.62777778,74.90555556,0.035093101
18.62777778,75.05277778,0.020798184
18.62833333,74.16916667,0.027546857
18.62833333,74.70361111,0.019755207
18.62861111,75.09666667,0.02199454
18.62861111,75.5775,0.046903279
18.62861111,75.58583333,0.038314059
18.62888889,75.24194444,0.004263934
18.62888889,75.28333333,0.028559158
18.62888889,75.59055556,0.035706617
18.62916667,73.98111111,0.041013528
18.62916667,74.45666667,0.024847388
18.62916667,75.53916667,0.038314059
18.62944444,74.72111111,0.015061812
18.62972222,74.12972222,0.014877757
18.62972222,74.20222222,0.017025062
18.62972222,75.54138889,0.035859996
18.63,74.23194444,0.017301144
18.63,74.56611111,0.024509954
18.63,75.5675,0.045308138
18.63027778,74.38166667,0.012239639
18.63027778,75.53527778,0.035123777
18.63027778,75.57083333,0.036473511
18.63027778,75.58611111,0.041811098
18.63055556,74.87138889,0.034755667
18.63055556,75.08888889,0.022761434
18.63055556,75.1,0.024694009
18.63055556,75.575,0.034019448
18.63055556,75.59166667,0.046903279
18.63083333,75.07611111,0.01966318
18.63083333,75.50083333,0.034326206
18.63111111,74.10666667,0.023436302
18.63111111,75.11138889,0.011350041
18.63138889,75.57388889,0.034632964
18.63138889,75.59527778,0.035553238
18.63138889,75.62055556,0.037516488
18.63166667,75.57527778,0.041197583
18.63166667,75.60083333,0.044449216
18.63194444,74.54166667,0.014847081
18.63194444,75.14583333,0.031994846
18.63194444,75.28638889,0.011932881
18.63194444,75.61722222,0.034326206
18.63222222,73.94888889,0.052118163
18.63222222,74.15444444,0.013712077
18.63222222,75.45777778,0.038314059
18.6325,75.24277778,0.024847388
18.6325,75.5,0.034326206
18.63277778,74.18277778,0.016779656
18.63277778,75.2625,0.019325746
18.63277778,75.50222222,0.030645112
18.63277778,75.50277778,0.035185128
18.63305556,75.57,0.038804871
18.63305556,75.61027778,0.038927574
18.63333333,75.31666667,0.018650879
18.63333333,75.53888889,0.037639191
18.63333333,75.58722222,0.035553238
18.63361111,74.15388889,0.029571459
18.63361111,74.91361111,0.034632964
18.63361111,75.47111111,0.030645112
18.63361111,75.50083333,0.034326206
18.63388889,75.13916667,0.042946103
18.63388889,75.48861111,0.034632964
18.63416667,74.09027778,0.020583453
18.63416667,74.13888889,0.017393172
18.63416667,74.19472222,0.016718304
18.63416667,74.25361111,0.016595601
18.63416667,74.30305556,0.014939109
18.63416667,74.44,0.026197123
18.63444444,74.205,0.009478818
18.63444444,75.09777778,0.012914507
18.63472222,74.34694444,0.027577533
18.63472222,75.07861111,0.022884138
18.63472222,75.48861111,0.038314059
18.63472222,75.61833333,0.032792417
18.63472222,75.62027778,0.030031596
18.635,75.615,0.034326206
18.635,75.62583333,0.030645112
18.63527778,73.96861111,0.016104788
18.63527778,74.15111111,0.029571459
18.63555556,74.31722222,0.017393172
18.63555556,75.54055556,0.03524648
18.63583333,73.80194444,0.049050584
18.63583333,74.20416667,0.013957483
18.63583333,74.22777778,0.022608055
18.63583333,75.11055556,0.027577533
18.63583333,75.48805556,0.049357342
18.63583333,75.60666667,0.038804871
18.63611111,74.15722222,0.018742906
18.63611111,74.37388889,0.014969784
18.63611111,74.95,0.023559005
18.63611111,75.49194444,0.038068652
18.63611111,75.58194444,0.034632964
18.63638889,74.53138889,0.035430535
18.63638889,74.54916667,0.023221571
18.63638889,74.83138889,0.038988926
18.63638889,75.15666667,0.029049971
18.63638889,75.4975,0.043528943
18.63638889,75.6075,0.043528943
18.63638889,75.655,0.03524648
18.63666667,75.24333333,0.020644805
18.63666667,75.24472222,0.036596215
18.63666667,75.52361111,0.035430535
18.63666667,75.56777778,0.041136231
18.63666667,75.57,0.04107488
18.63666667,75.62388889,0.080861376
18.63694444,74.03305556,0.032270929
18.63694444,74.87111111,0.040031903
18.63694444,75.30583333,0.030982545
18.63722222,74.03361111,0.022853462
18.63722222,74.17444444,0.016319519
18.63722222,75.09055556,0.024448603
18.63722222,75.23,0.013957483
18.63722222,75.59694444,0.055799258
18.63722222,75.61333333,0.03524648
18.63722222,75.61527778,0.035737293
18.6375,74.21138889,0.021902512
18.6375,75.115,0.015061812
18.6375,75.19861111,0.02454063
18.6375,75.60555556,0.038314059
18.63777778,74.03055556,0.02082886
18.63777778,74.03111111,0.022178594
18.63777778,74.03222222,0.018804258
18.63777778,74.03416667,0.030246327
18.63777778,74.10972222,0.021810485
18.63777778,74.16388889,0.011994233
18.63777778,74.28888889,0.022485352
18.63777778,75.16972222,0.029939569
18.63805556,74.03083333,0.037639191
18.63805556,74.03111111,0.021503727
18.63805556,74.03138889,0.027546857
18.63805556,74.03166667,0.02687199
18.63805556,75.5825,0.044755974
18.63805556,75.58722222,0.041320286
18.63833333,74.03083333,0.021503727
18.63833333,74.03222222,0.029571459
18.63833333,74.0325,0.026197123
18.63833333,74.33472222,0.015644652
18.63833333,74.59,0.036780269
18.63833333,74.70305556,0.061320899
18.63833333,75.52388889,0.043528943
18.63833333,75.585,0.043989079
18.63861111,74.03111111,0.022853462
18.63861111,75.19611111,0.029019295
18.63861111,75.20194444,0.030154299
18.63888889,73.95055556,0.035123777
18.63888889,74.24166667,0.022485352
18.63888889,74.25888889,0.022362649
18.63888889,74.99222222,0.031227952
18.63888889,75.11916667,0.007883677
18.63888889,75.26194444,0.03153471
18.63916667,74.03611111,0.027546857
18.63916667,74.38388889,0.016227492
18.63916667,74.41166667,0.030338354
18.63916667,74.78111111,0.028099021
18.63916667,74.89944444,0.035553238
18.63916667,75.13805556,0.028927268
18.63916667,75.19222222,0.020153992
18.63916667,75.49694444,0.044449216
18.63916667,75.56861111,0.032240253
18.63944444,74.03444444,0.020153992
18.63944444,75.24861111,0.022945489
18.63944444,75.60666667,0.044142458
18.63944444,75.62138889,0.038927574
18.63972222,73.38416667,0.021442376
18.63972222,74.03083333,0.023528329
18.63972222,74.03111111,0.021503727
18.63972222,74.03166667,0.032270929
18.63972222,74.0325,0.01812939
18.63972222,75.58861111,0.031197276
18.64,74.27805556,0.016104788
18.64027778,74.03083333,0.024847388
18.64027778,74.03111111,0.016779656
18.64027778,74.03138889,0.025522255
18.64027778,74.17083333,0.017393172
18.64027778,74.3025,0.015245866
18.64027778,74.53777778,0.064388478
18.64055556,74.03083333,0.037639191
18.64055556,74.03166667,0.026197123
18.64055556,74.03222222,0.023528329
18.64055556,74.16861111,0.017515875
18.64055556,74.19027778,0.021810485
18.64055556,74.53861111,0.064388478
18.64055556,75.59805556,0.034939722
18.64083333,74.03083333,0.024172521
18.64083333,74.03166667,0.02082886
18.64083333,75.60638889,0.035553238
18.64083333,75.62888889,0.016656953
18.64111111,74.03083333,0.030246327
18.64111111,74.03222222,0.022853462
18.64111111,74.09666667,0.02104359
18.64111111,74.17916667,0.016350195
18.64111111,75.49277778,0.013712077
18.64138889,74.03,0.024172521
18.64138889,74.03027778,0.026197123
18.64138889,74.03083333,0.026197123
18.64138889,74.03111111,0.020153992
18.64138889,74.16888889,0.027546857
18.64138889,74.31416667,0.015706003
18.64138889,75.6525,0.040921501
18.64166667,74.03027778,0.028221725
18.64166667,75.05555556,0.016994386
18.64194444,75.58388889,0.035553238
18.64222222,74.78694444,0.023528329
18.64222222,75.19472222,0.01325194
18.64222222,75.57305556,0.0467499
18.6425,74.43527778,0.023528329
18.6425,74.43555556,0.029571459
18.6425,74.45194444,0.039663793
18.6425,75.29222222,0.03211755
18.64277778,74.01972222,0.028896592
18.64277778,74.22916667,0.019479125
18.64277778,74.63583333,0.049050584
18.64277778,75.57638889,0.031197276
18.64277778,75.60444444,0.049418694
18.64277778,75.62083333,0.030031596
18.64277778,75.65833333,0.02512347
18.64305556,75.04555556,0.015859382
18.64305556,75.56861111,0.031197276
18.64333333,74.18694444,0.016718304
18.64333333,74.39777778,0.09015614
18.64333333,74.5975,0.011012608
18.64333333,74.77555556,0.022454677
18.64333333,75.58861111,0.043989079
18.64361111,75.07666667,0.015061812
18.64361111,75.09944444,0.061658333
18.64361111,75.59111111,0.031872143
18.64361111,75.6275,0.036166754
18.64388889,74.16555556,0.019479125
18.64388889,74.24055556,0.028497807
18.64388889,74.26333333,0.013896132
18.64388889,75.04361111,0.01987791
18.64416667,74.39888889,0.038314059
18.64416667,74.76444444,0.049295991
18.64416667,75.26277778,0.022485352
18.64416667,75.57833333,0.043528943
18.64416667,75.60638889,0.038314059
18.64444444,74.28888889,0.012945182
18.64444444,75.35472222,0.016227492
18.64444444,76.00527778,0.013221264
18.64472222,74.25555556,0.016779656
18.645,74.19666667,0.016779656
18.645,74.19805556,0.022454677
18.645,74.25583333,0.013712077
18.645,74.68805556,0.0282524
18.64527778,74.2,0.021810485
18.64527778,74.40138889,0.02337495
18.64527778,75.0925,0.036995
18.64555556,74.11694444,0.017976012
18.64555556,74.45055556,0.026197123
18.64555556,75.13416667,0.012791803
18.64583333,74.25138889,0.014755054
18.64583333,74.435,0.030645112
18.64583333,75.26888889,0.019049664
18.64611111,74.22833333,0.017025062
18.64611111,74.87083333,0.022362649
18.64638889,74.15111111,0.027546857
18.64638889,74.17277778,0.011380717
18.64638889,74.46916667,0.023528329
18.64638889,75.52972222,0.00407988
18.64666667,74.23583333,0.021749133
18.64666667,75.57083333,0.041258934
18.64694444,74.24583333,0.034264855
18.64722222,73.79944444,0.061320899
18.64722222,75.11666667,0.026350502
18.6475,75.03638889,0.03000092
18.64777778,73.61472222,0.014110862
18.64777778,74.37583333,0.067456057
18.64805556,74.30833333,0.027546857
18.64805556,74.45,0.018374797
18.64833333,73.96805556,0.027577533
18.64833333,74.45277778,0.051811405
18.64888889,74.39972222,0.071137151
18.64888889,75.70944444,0.013558698
18.64916667,74.19583333,0.01653425
18.64916667,74.20027778,0.017209117
18.64916667,74.29416667,0.016779656
18.64916667,74.93194444,0.02220927
18.64916667,75.03583333,0.024878064
18.64944444,74.00361111,0.030921194
18.64944444,75.58888889,0.031197276
18.64944444,75.73666667,0.007024755
18.65027778,74.92722222,0.018957637
18.65027778,75.57055556,0.031197276
18.65055556,74.39972222,0.045983006
18.65055556,74.45111111,0.122672475
18.65055556,75.22944444,0.032731065
18.65083333,74.63277778,0.026013068
18.65083333,74.97972222,0.021074266
18.65083333,75.28527778,0.032148225
18.65083333,75.9775,0.013221264
18.65111111,74.24194444,0.079726372
18.65111111,75.04138889,0.023804411
18.65138889,75.56972222,0.040154606
18.65166667,74.02333333,0.032945796
18.65166667,75.58388889,0.040154606
18.65194444,73.98388889,0.032270929
18.65194444,74.20083333,0.01674898
18.65194444,74.21444444,0.016779656
18.65194444,74.52861111,0.027577533
18.65194444,75.245,0.029049971
18.65194444,75.29,0.029939569
18.65194444,75.57416667,0.044755974
18.65222222,74.16888889,0.024847388
18.65222222,74.67638889,0.021534403
18.65222222,76.19833333,0.020859536
18.6525,75.27361111,0.02199454
18.6525,75.57083333,0.044817326
18.65277778,74.00277778,0.036289457
18.65277778,74.04361111,0.032945796
18.65277778,74.88833333,0.049357342
18.65277778,74.99444444,0.016350195
18.65277778,75.01388889,0.025276849
18.65277778,75.07222222,0.022761434
18.65305556,73.99944444,0.038988926
18.65305556,74.01638889,0.022853462
18.65305556,74.02138889,0.021503727
18.65305556,74.02361111,0.024172521
18.65305556,74.23638889,0.017393172
18.65305556,75.38444444,0.021473051
18.65333333,74.4975,0.027577533
18.65333333,74.5225,0.026319826
18.65333333,74.8725,0.019693856
18.65333333,74.89027778,0.034326206
18.65333333,75.57305556,0.044909353
18.65333333,75.57444444,0.047056658
18.65361111,74.52972222,0.013528022
18.65361111,74.62472222,0.018957637
18.65388889,74.01555556,0.02687199
18.65416667,74.00833333,0.024847388
18.65416667,74.01583333,0.033589987
18.65416667,74.0325,0.032270929
18.65444444,74.01444444,0.02082886
18.65444444,74.1575,0.011380717
18.65444444,74.18222222,0.022362649
18.65444444,74.3525,0.027546857
18.65444444,74.98555556,0.019571152
18.65444444,75.13944444,0.02978619
18.65472222,74.11694444,0.021779809
18.65472222,74.13055556,0.020736832
18.65472222,74.99722222,0.030982545
18.65472222,75.14333333,0.043252861
18.65472222,75.27333333,0.033344581
18.655,73.98305556,0.038988926
18.655,74.00694444,0.032945796
18.65527778,74.00694444,0.030921194
18.65527778,74.01277778,0.033589987
18.65527778,74.02611111,0.036964324
18.65527778,74.24277778,0.013957483
18.65527778,74.24472222,0.013957483
18.65527778,74.92444444,0.01325194
18.65527778,74.98777778,0.019693856
18.65527778,75.56694444,0.046289763
18.65527778,75.57222222,0.043989079
18.65527778,75.99305556,0.045032056
18.65555556,75.05,0.016994386
18.65555556,75.16916667,0.02199454
18.65555556,75.57694444,0.034019448
18.65638889,74.22027778,0.022485352
18.65638889,75.03722222,0.024080493
18.65666667,74.00666667,0.022853462
18.65666667,74.00944444,0.038988926
18.65666667,74.01222222,0.039663793
18.65666667,74.01444444,0.034264855
18.65666667,74.025,0.024847388
18.65666667,74.14083333,0.015184515
18.65666667,74.15472222,0.013957483
18.65666667,74.19555556,0.026197123
18.65666667,74.21305556,0.027546857
18.65666667,75.57,0.038191356
18.65694444,75.12722222,0.005797724
18.65694444,75.17555556,0.007883677
18.65722222,74.01055556,0.037639191
18.65722222,74.1375,0.075799871
18.65722222,74.27138889,0.013221264
18.65722222,74.31305556,0.022485352
18.65722222,75.14833333,0.026964017
18.6575,74.01166667,0.036964324
18.6575,74.27888889,0.013865456
18.6575,75.52527778,0.035062425
18.65777778,74.02055556,0.022853462
18.65777778,74.17916667,0.021381024
18.65777778,74.22833333,0.024847388
18.65777778,74.23722222,0.02046075
18.65777778,74.29361111,0.016656953
18.65777778,75.20861111,0.02220927
18.65805556,73.47,0.022853462
18.65805556,74.1325,0.024847388
18.65805556,75.04444444,0.035215804
18.65805556,75.61916667,0.034326206
18.65833333,74.0425,0.026197123
18.65833333,74.21944444,0.021810485
18.65833333,75.00555556,0.024694009
18.65833333,75.02777778,0.024694009
18.65833333,75.57083333,0.040921501
18.65861111,74.02138889,0.022178594
18.65861111,74.02166667,0.029571459
18.65861111,74.02333333,0.028221725
18.65861111,74.55444444,0.027638885
18.65861111,74.57555556,0.019693856
18.65861111,75.10972222,0.031902819
18.65861111,75.60527778,0.072793644
18.65888889,74.90722222,0.033712691
18.65916667,74.02666667,0.024847388
18.65944444,74.00916667,0.028221725
18.65944444,74.05611111,0.034264855
18.65944444,74.85361111,0.009632197
18.65972222,74.00916667,0.021503727
18.65972222,74.04222222,0.027546857
18.65972222,74.43722222,0.038314059
18.66,74.25416667,0.039663793
18.66,74.27055556,0.013957483
18.66,75.02722222,0.04128961
18.66027778,74.01944444,0.020153992
18.66027778,74.14638889,0.017515875
18.66027778,75.57444444,0.037853922
18.66055556,75.21388889,0.030982545
18.66083333,75.615,0.038314059
18.66111111,74.00777778,0.027209424
18.66111111,75.21,0.009601522
18.66138889,75.06972222,0.015061812
18.66138889,75.26527778,0.029019295
18.66138889,75.29388889,0.032086874
18.66166667,74.17416667,0.022362649
18.66194444,74.59583333,0.025307525
18.66222222,74.90638889,0.017209117
18.6625,73.9825,0.032270929
18.6625,74.77388889,0.023865763
18.6625,75.10416667,0.029019295
18.6625,75.17166667,0.027914967
18.66305556,74.00361111,0.033589987
18.66333333,74.00722222,0.030921194
18.66388889,75.03805556,0.024172521
18.66388889,75.96138889,0.028099021
18.66416667,74.21861111,0.028896592
18.66444444,74.93388889,0.017055738
18.665,74.22666667,0.027546857
18.665,74.55444444,0.024509954
18.665,75.26472222,0.016074113
18.66527778,74.18194444,0.018742906
18.66527778,74.41694444,0.033958097
18.66527778,74.77361111,0.021012915
18.66527778,75.14166667,0.033835394
18.66555556,75.51055556,0.035062425
18.66583333,74.23583333,0.020031289
18.66611111,74.20527778,0.011380717
18.66611111,75.32277778,0.018957637
18.66638889,74.22694444,0.024847388
18.66638889,74.92611111,0.028528482
18.66638889,75.05444444,0.030307678
18.66638889,75.09388889,0.030246327
18.66638889,75.09833333,0.024878064
18.66638889,75.16361111,0.007945029
18.66666667,73.66666667,0.010061658
18.66666667,73.875,0.018374797
18.66666667,74.10277778,0.01653425
18.66666667,74.19638889,0.016902359
18.66666667,74.29444444,0.022362649
18.66666667,75.15833333,0.022424001
18.66694444,74.45611111,0.029571459
18.66694444,74.67027778,0.028221725
18.6675,74.20166667,0.024847388
18.6675,75.21027778,0.029080647
18.66777778,74.19972222,0.018742906
18.66777778,75.23694444,0.026013068
18.66805556,74.21916667,0.027546857
18.66805556,74.36194444,0.021442376
18.66833333,74.00305556,0.020153992
18.66861111,75.17583333,0.024847388
18.66916667,73.99111111,0.046381791
18.66916667,74.00694444,0.039663793
18.66916667,74.02361111,0.025522255
18.66916667,74.17166667,0.017393172
18.66916667,75.30111111,0.025430228
18.66944444,74.28138889,0.020184668
18.66944444,74.30222222,0.021074266
18.66972222,73.81861111,0.067456057
18.66972222,73.99138889,0.045032056
18.66972222,74.11416667,0.017976012
18.66972222,75.02444444,0.030614436
18.67,74.21833333,0.028896592
18.67,74.35972222,0.021442376
18.67027778,74.28444444,0.049050584
18.67027778,76.32916667,0.036780269
18.67055556,74.17611111,0.021074266
18.67055556,74.32916667,0.035614589
18.67083333,74.70444444,0.073591214
18.67111111,74.02361111,0.026197123
18.67111111,74.10694444,0.016350195
18.67111111,74.1175,0.01383478
18.67111111,74.5325,0.01150342
18.67138889,75.00833333,0.043130157
18.67138889,75.11194444,0.03000092
18.67166667,73.98777778,0.045032056
18.67166667,74.24111111,0.022638731
18.67194444,74.36277778,0.024847388
18.67194444,75.12277778,0.020276696
18.67222222,73.87666667,0.024019142
18.67222222,74.37777778,0.019540477
18.67277778,74.12,0.018742906
18.67277778,74.34111111,0.021442376
18.67361111,74.64194444,0.01674898
18.67361111,75.07138889,0.036718918
18.67416667,74.27805556,0.014939109
18.67416667,75.07305556,0.027516181
18.67444444,74.49083333,0.032056198
18.67444444,75.25805556,0.005552318
18.67472222,74.14361111,0.017393172
18.67472222,75.03611111,0.009601522
18.675,74.32555556,0.036780269
18.675,75.0825,0.015061812
18.67527778,74.04861111,0.045032056
18.67555556,74.13916667,0.013957483
18.67555556,74.22833333,0.016319519
18.67611111,75.13138889,0.03211755
18.67611111,75.18361111,0.030675788
18.67638889,74.27833333,0.014877757
18.67638889,74.70472222,0.018957637
18.67638889,75.23305556,0.015061812
18.67666667,74.3125,0.027546857
18.67666667,74.31527778,0.0438357
18.67666667,74.63861111,0.009478818
18.67694444,74.24944444,0.022485352
18.67722222,74.36555556,0.027546857
18.67722222,74.81694444,0.01812939
18.67722222,74.99972222,0.021166293
18.6775,74.25972222,0.038314059
18.67777778,73.98666667,0.032270929
18.67805556,74.14694444,0.016350195
18.67805556,75.45666667,0.016564925
18.67833333,74.30416667,0.016779656
18.67888889,74.40611111,0.016779656
18.67888889,75.0975,0.027577533
18.67916667,74.17388889,0.034264855
18.67916667,74.2325,0.021810485
18.67916667,75.13833333,0.032148225
18.67944444,74.07361111,0.017393172
18.67944444,74.37694444,0.091383171
18.67944444,75.01972222,0.023865763
18.67972222,73.87277778,0.023129544
18.68027778,74.60361111,0.012638424
18.68027778,74.88638889,0.043528943
18.68055556,74.45861111,0.021166293
18.68055556,74.96638889,0.021503727
18.68055556,75.08861111,0.012791803
18.68083333,75.03222222,0.033007147
18.68111111,73.99027778,0.038314059
18.68111111,74.17194444,0.015675327
18.68111111,74.25888889,0.016442222
18.68111111,74.29111111,0.022362649
18.68166667,73.98777778,0.038314059
18.68166667,74.24472222,0.013712077
18.68166667,75.36944444,0.076658793
18.68194444,74.19888889,0.013712077
18.68194444,74.20444444,0.016319519
18.68222222,74.24555556,0.01303721
18.6825,74.19583333,0.016350195
18.68277778,74.275,0.021104942
18.68277778,74.30611111,0.022546704
18.68277778,75.16,0.032086874
18.68277778,75.16388889,0.013528022
18.68305556,74.15527778,0.016779656
18.68305556,74.19861111,0.009478818
18.68305556,74.32944444,0.015798031
18.68305556,74.76638889,0.026473205
18.68333333,74.28805556,0.021779809
18.68333333,74.45916667,0.02803767
18.68333333,74.48333333,0.048130311
18.68333333,75.06944444,0.023313599
18.68361111,74.14472222,0.021779809
18.68361111,74.69861111,0.045032056
18.68388889,74.25138889,0.017699929
18.68388889,75.13361111,0.019601828
18.68416667,74.32361111,0.158869904
18.68444444,74.26444444,0.022485352
18.68444444,74.45361111,0.012791803
18.68527778,74.89444444,0.024939415
18.68555556,74.32305556,0.045983006
18.68555556,74.95277778,0.024571306
18.68555556,75.03055556,0.019141691
18.68555556,75.11638889,0.030982545
18.68583333,76.07972222,0.025092794
18.68611111,74.28138889,0.021779809
18.68611111,74.32305556,0.030645112
18.68611111,74.93333333,0.025522255
18.68611111,75.06722222,0.024080493
18.68638889,74.50638889,0.01128869
18.68638889,74.50805556,0.014969784
18.68638889,75.23916667,0.072701617
18.68666667,74.21555556,0.034264855
18.68666667,74.35722222,0.024847388
18.68722222,74.23222222,0.016779656
18.6875,74.21555556,0.038314059
18.6875,74.74972222,0.04420381
18.6875,75.23638889,0.046719225
18.6875,75.66388889,0.016043437
18.68777778,74.73861111,0.046289763
18.68833333,74.18833333,0.021810485
18.68861111,74.25055556,0.022454677
18.68861111,74.65305556,0.018068039
18.68888889,74.88611111,0.021779809
18.68888889,75.10388889,0.021104942
18.68916667,74.11333333,0.016319519
18.68916667,74.1825,0.020767508
18.68916667,74.30361111,0.00917206
18.68916667,74.3925,0.00917206
18.68944444,74.36555556,0.017515875
18.68944444,74.5025,0.015307218
18.68944444,75.10444444,0.023651032
18.69,74.35472222,0.030921194
18.69,75.03861111,0.017178441
18.69,75.105,0.023098868
18.69,75.10555556,0.016074113
18.69,75.10777778,0.019847235
18.69027778,73.76805556,0.045032056
18.69027778,73.99472222,0.02687199
18.69027778,74.21555556,0.039663793
18.69055556,74.28361111,0.016350195
18.69055556,75.15583333,0.023651032
18.69111111,74.21944444,0.021810485
18.69111111,74.22833333,0.016994386
18.69111111,74.29833333,0.017454523
18.69111111,74.32777778,0.02082886
18.69138889,74.88611111,0.049357342
18.69138889,75.14,0.01812939
18.69166667,74.86388889,0.020153992
18.69194444,74.75527778,0.025890365
18.69194444,74.90527778,0.0554925
18.69222222,75.26,0.022884138
18.6925,74.24305556,0.021074266
18.69333333,74.56055556,0.155802325
18.69361111,74.89416667,0.021749133
18.69361111,75.09861111,0.582809289
18.69361111,75.12277778,0.297432437
18.69388889,74.21333333,0.015644652
18.69388889,74.7425,0.027362803
18.69416667,73.83916667,0.030645112
18.69416667,75.15416667,0.010399092
18.69444444,74.37222222,0.021779809
18.69444444,74.92111111,0.02279211
18.69472222,74.18,0.015675327
18.695,74.155,0.02082886
18.695,74.88361111,0.043528943
18.69527778,74.16916667,0.011564772
18.69555556,73.52777778,0.018374797
18.69555556,73.87805556,0.045032056
18.69555556,74.27972222,0.016779656
18.69583333,75.43138889,0.026779963
18.69638889,74.30638889,0.014939109
18.69638889,75.07777778,0.028099021
18.69666667,75.02333333,0.017607902
18.69666667,75.05,0.021933188
18.69694444,73.99,0.032270929
18.69694444,74.14111111,0.014939109
18.69722222,74.38611111,0.013804104
18.69722222,75,0.021749133
18.69722222,75.07666667,0.030982545
18.6975,74.22944444,0.013712077
18.69777778,74.64833333,0.073591214
18.69777778,74.83527778,0.019632504
18.69777778,75.01861111,0.030307678
18.69833333,74.23861111,0.013957483
18.69833333,74.24472222,0.01653425
18.69888889,74.65055556,0.019264395
18.69944444,74.21805556,0.022270622
18.69944444,74.23138889,0.022485352
18.69944444,74.3375,0.040338661
18.69972222,75.08666667,0.02337495
18.69972222,75.25611111,0.052455597
18.7,73.66666667,0.025614283
18.7,73.75,0.014632351
18.7,74.12083333,0.013957483
18.7,74.7725,0.011534096
18.7,74.96666667,0.017362496
18.70027778,74.70444444,0.021012915
18.70027778,74.755,0.043375564
18.70055556,74.19027778,0.017025062
18.70055556,74.2025,0.013712077
18.70055556,74.20694444,0.039663793
18.70055556,74.21,0.034264855
18.70055556,74.24777778,0.018006687
18.70055556,74.28666667,0.01420289
18.70055556,74.43222222,0.032270929
18.70055556,74.81888889,0.020430075
18.70083333,74.33944444,0.027577533
18.70083333,74.97833333,0.01987791
18.70111111,74.3625,0.013712077
18.70111111,74.74611111,0.020153992
18.70111111,74.75388889,0.037853922
18.70111111,74.8925,0.038712844
18.70138889,74.74472222,0.043222185
18.70138889,75.04944444,0.024264548
18.70166667,74.22916667,0.013712077
18.70166667,74.68361111,0.020153992
18.70166667,74.86222222,0.031227952
18.70166667,75.19194444,0.021933188
18.70194444,73.73444444,0.098131845
18.70194444,74.70694444,0.024111169
18.70194444,74.74777778,0.044387865
18.70194444,74.90944444,0.022945489
18.70222222,74.12,0.038314059
18.7025,74.74027778,0.049510721
18.70277778,74.23277778,0.039234332
18.70277778,74.35361111,0.033099175
18.70277778,75.05,0.016994386
18.70277778,75.125,0.002944876
18.70277778,75.1775,0.024417927
18.70305556,74.21527778,0.040338661
18.70305556,74.38194444,0.027546857
18.70305556,74.43638889,0.039663793
18.70305556,75.97305556,0.041228259
18.70333333,74.21555556,0.038988926
18.70361111,73.41555556,0.015307218
18.70361111,74.65611111,0.027516181
18.70388889,74.26861111,0.016779656
18.70388889,74.43166667,0.027546857
18.70388889,75.05583333,0.026013068
18.70416667,74.07611111,0.022822786
18.70416667,74.21527778,0.02082886
18.70416667,74.21555556,0.034264855
18.70416667,74.29305556,0.034264855
18.70416667,74.29916667,0.022362649
18.70416667,74.30138889,0.024847388
18.70416667,74.92333333,0.035553238
18.70444444,74.51333333,0.017761281
18.70444444,75.09138889,0.061658333
18.70444444,75.20666667,0.023865763
18.70444444,75.21138889,0.024663333
18.70472222,74.22722222,0.039663793
18.705,74.19083333,0.02082886
18.705,74.39527778,0.024847388
18.70527778,73.78138889,0.055185742
18.70527778,74.17555556,0.018742906
18.70555556,74.19583333,0.021902512
18.70555556,75.06388889,0.019325746
18.70555556,75.13333333,0.019018988
18.70583333,74.08555556,0.016779656
18.70583333,74.20694444,0.039663793
18.70583333,74.2775,0.034264855
18.70583333,75.99694444,0.025246173
18.70611111,74.45194444,0.021012915
18.70611111,74.50722222,0.049050584
18.70611111,75.13527778,0.009846928
18.70638889,74.38388889,0.01500046
18.70638889,74.74722222,0.038068652
18.70638889,75.12638889,0.024448603
18.70638889,76.02805556,0.022055891
18.70666667,75.02333333,0.028988619
18.70694444,74.33777778,0.045032056
18.70722222,74.29777778,0.016411546
18.70722222,74.37111111,0.021810485
18.70722222,75.42777778,0.016043437
18.70777778,74.14333333,0.013957483
18.70777778,74.33305556,0.041688395
18.70777778,74.38527778,0.021166293
18.70805556,74.17527778,0.02082886
18.70805556,74.74944444,0.038191356
18.70805556,74.86444444,0.010429768
18.70833333,73.75555556,0.049050584
18.70833333,74.32277778,0.016994386
18.70888889,74.22222222,0.032270929
18.70888889,74.25,0.029571459
18.71,73.50138889,0.067456057
18.71,74.34111111,0.039663793
18.71,74.685,0.013466671
18.71027778,74.32083333,0.022362649
18.71055556,74.20888889,0.013405319
18.71055556,76.07805556,0.010184361
18.71083333,74.39388889,0.199361944
18.71111111,74.8175,0.00699408
18.71138889,74.33444444,0.028221725
18.71138889,74.56694444,0.269916255
18.71166667,74.49666667,0.042363263
18.71222222,73.93638889,0.021442376
18.7125,74.22194444,0.016779656
18.71277778,74.34277778,0.021503727
18.71305556,74.25388889,0.019417774
18.71305556,74.68555556,0.019847235
18.71333333,74.22222222,0.014877757
18.71361111,74.87638889,0.026779963
18.71388889,75.28111111,0.036872297
18.71416667,74.20138889,0.035614589
18.71416667,74.21527778,0.037639191
18.71416667,75.96972222,0.041136231
18.71444444,74.24611111,0.026197123
18.71444444,74.25611111,0.013773429
18.71444444,74.67555556,0.017209117
18.71472222,75.0675,0.022945489
18.715,74.12666667,0.011534096
18.715,74.26333333,0.013712077
18.715,75.19972222,0.024878064
18.71527778,74.15277778,0.038988926
18.71527778,74.32666667,0.045032056
18.71527778,75.64194444,0.02279211
18.71555556,74.09777778,0.036964324
18.71555556,74.29333333,0.026197123
18.71583333,74.3125,0.016319519
18.71583333,74.32277778,0.016350195
18.71583333,74.74166667,0.019847235
18.71611111,74.82194444,0.022362649
18.71638889,74.06972222,0.015675327
18.71638889,74.3775,0.041013528
18.71638889,74.38388889,0.012791803
18.71666667,74.26083333,0.045983006
18.71666667,74.5175,0.017178441
18.71694444,74.69861111,0.020430075
18.71694444,74.72694444,0.017055738
18.71694444,75.06361111,0.042915427
18.71722222,73.675,0.058253321
18.71722222,74.20694444,0.034264855
18.71722222,74.21555556,0.040338661
18.71722222,74.23222222,0.024847388
18.71722222,74.43222222,0.045032056
18.71722222,74.73111111,0.023681708
18.7175,74.745,0.04420381
18.7175,76.24388889,0.026534556
18.71777778,73.97583333,0.138010368
18.71777778,75.9175,0.04107488
18.71805556,75.26722222,0.017209117
18.71833333,74.39694444,0.027546857
18.71888889,74.98611111,0.018098715
18.71916667,74.75694444,0.033405933
18.71972222,74.42083333,0.02395779
18.72,74.40722222,0.027577533
18.72027778,74.72527778,0.02766956
18.72027778,74.92972222,0.038682168
18.72027778,75.19833333,0.025154146
18.72055556,74.39527778,0.032945796
18.72111111,74.39805556,0.024847388
18.72138889,73.73888889,0.027577533
18.72138889,74.25555556,0.024509954
18.72138889,74.74361111,0.033712691
18.72138889,75.71944444,0.009816252
18.72166667,74.07583333,0.024847388
18.72166667,74.0925,0.239240467
18.72194444,74.33388889,0.011564772
18.72222222,74.20472222,0.041688395
18.72222222,74.24666667,0.017209117
18.72222222,74.31333333,0.027516181
18.72222222,75.01666667,0.021933188
18.72222222,75.11111111,0.01150342
18.7225,74.62916667,0.018528176
18.7225,74.7425,0.04187245
18.7225,74.75583333,0.036105402
18.72277778,74.30416667,0.027546857
18.72305556,74.35694444,0.014939109
18.72305556,75.87194444,0.034326206
18.72416667,74.33083333,0.016319519
18.72416667,74.34833333,0.125740053
18.72416667,74.62916667,0.017638578
18.72444444,74.25388889,0.016319519
18.72472222,74.75666667,0.029663487
18.725,73.73888889,0.024509954
18.725,74.56666667,0.018374797
18.725,74.74916667,0.025154146
18.725,74.85805556,0.026043744
18.725,75.20861111,0.029019295
18.725,75.36944444,0.020338047
18.725,75.39138889,0.067486733
18.72555556,74.17444444,0.024847388
18.72611111,74.7425,0.037761895
18.72611111,74.80055556,0.025736986
18.72611111,74.82333333,0.020153992
18.72638889,74.36416667,0.022485352
18.72638889,74.75194444,0.034326206
18.72666667,73.38555556,0.035614589
18.72666667,74.23888889,0.032270929
18.72666667,74.89944444,0.018896285
18.72694444,74.33444444,0.027546857
18.72694444,74.97277778,0.024939415
18.72694444,75.04805556,0.023313599
18.72694444,75.16888889,0.033927421
18.72722222,75.1625,0.029019295
18.7275,74.76944444,0.011902206
18.7275,75.05166667,0.061658333
18.72805556,74.68,0.026626584
18.72805556,75.10083333,0.038498113
18.72833333,74.15361111,0.015675327
18.72833333,74.155,0.014877757
18.72833333,74.97472222,0.034326206
18.72861111,74.58083333,0.055185742
18.72888889,73.81944444,0.052118163
18.72944444,74.7825,0.024847388
18.72944444,75.88222222,0.025767662
18.72972222,74.18555556,0.034939722
18.72972222,75.4175,0.028099021
18.73,75.40972222,0.025522255
18.73055556,74.73611111,0.015736679
18.73083333,74.18916667,0.038988926
18.73083333,74.82583333,0.0155833
18.73166667,74.16416667,0.032270929
18.73194444,74.16444444,0.036964324
18.73194444,74.62,0.02941808
18.73194444,74.64555556,0.017638578
18.73222222,74.18861111,0.041688395
18.73222222,74.19388889,0.033589987
18.73222222,74.54638889,0.018068039
18.7325,74.90472222,0.025062118
18.7325,75.0425,0.011472745
18.73277778,74.36194444,0.010644498
18.73277778,74.83305556,0.015920734
18.73277778,74.90777778,0.031565385
18.73305556,74.44555556,0.018957637
18.73305556,74.89888889,0.028865916
18.73333333,74.75666667,0.050584374
18.73361111,74.79194444,0.025154146
18.73361111,74.82861111,0.028681861
18.73388889,75.15694444,0.021135618
18.73416667,74.74388889,0.050584374
18.73416667,74.77055556,0.015429921
18.73416667,74.91277778,0.013466671
18.73444444,74.15222222,0.028221725
18.73444444,74.73,0.040614743
18.73472222,74.21527778,0.039663793
18.73472222,74.21555556,0.041013528
18.735,74.40888889,0.016595601
18.735,74.57111111,0.024694009
18.735,74.6925,0.011319366
18.73527778,74.78222222,0.028099021
18.73527778,74.95361111,0.016656953
18.73638889,74.75166667,0.035921347
18.73638889,76.07944444,0.013098561
18.73666667,73.44111111,0.214699837
18.73666667,73.53333333,0.095064266
18.73666667,73.54138889,0.025614283
18.73666667,73.80333333,0.079726372
18.73666667,73.80416667,0.067456057
18.73666667,73.80638889,0.055185742
18.73666667,73.80944444,0.067456057
18.73666667,73.81944444,0.052118163
18.73666667,73.97138889,0.091996687
18.73666667,73.98611111,0.067456057
18.73666667,74.33222222,0.042915427
18.73694444,75.19416667,0.033835394
18.73722222,74.96944444,0.037761895
18.7375,74.59805556,0.021473051
18.7375,74.89805556,0.018528176
18.73777778,74.30694444,0.01362005
18.73805556,74.71638889,0.018681555
18.73833333,74.59388889,0.011442069
18.73833333,74.78111111,0.02162643
18.73833333,76.38611111,0.058590754
18.73861111,73.4725,0.082793951
18.73888889,75.08888889,0.013712077
18.73916667,74.21555556,0.038314059
18.73916667,74.64583333,0.0126691
18.73916667,74.65305556,0.020123317
18.74027778,74.34583333,0.034264855
18.74055556,73.81138889,0.122672475
18.74083333,74.8475,0.019693856
18.74083333,75.10083333,0.019847235
18.74166667,74.955,0.021565079
18.74166667,75.09166667,0.024939415
18.74194444,74.73833333,0.045062732
18.74222222,74.21555556,0.024847388
18.74222222,74.24361111,0.016472898
18.74222222,74.33638889,0.021749133
18.74222222,74.81083333,0.011595448
18.7425,74.68222222,0.021166293
18.74305556,74.89861111,0.03816068
18.74333333,74.23444444,0.042363263
18.74361111,74.79666667,0.021749133
18.74361111,74.94416667,0.017761281
18.74361111,75.325,0.027516181
18.74444444,74.24472222,0.026626584
18.74472222,74.27583333,0.022516028
18.74472222,74.37111111,0.185557839
18.745,76.41055556,0.024509954
18.74583333,74.33027778,0.030921194
18.74583333,74.53777778,0.026166447
18.74583333,74.85777778,0.012116936
18.74583333,74.87305556,0.020430075
18.74611111,74.19861111,0.032270929
18.74611111,74.71083333,0.023221571
18.74611111,74.82777778,0.013988159
18.74638889,74.58611111,0.017945336
18.74638889,74.88722222,0.018957637
18.74666667,74.74333333,0.044449216
18.74722222,74.36138889,0.02104359
18.7475,74.77388889,0.014847081
18.7475,74.83638889,0.017055738
18.74777778,74.25416667,0.015644652
18.74805556,74.23583333,0.018896285
18.74805556,74.82861111,0.024571306
18.74861111,74.57416667,0.023681708
18.74888889,74.57194444,0.024479279
18.75,73.75,0.014632351
18.75,74.30055556,0.013957483
18.75027778,74.88722222,0.017485199
18.75027778,74.9725,0.021749133
18.75055556,74.74138889,0.044449216
18.75055556,74.83194444,0.015890058
18.75055556,74.89333333,0.038866223
18.75083333,75.54111111,0.035123777
18.75111111,74.21555556,0.027546857
18.75111111,74.50694444,0.026166447
18.75166667,74.2475,0.030921194
18.75194444,74.68083333,0.021473051
18.75194444,74.765,0.019847235
18.7525,74.87,0.028528482
18.7525,75.07083333,0.023313599
18.75277778,74.33388889,0.018742906
18.75277778,74.78638889,0.015736679
18.75277778,75.15944444,0.027608209
18.75305556,74.1475,0.012791803
18.75305556,74.2125,0.039663793
18.75305556,74.21527778,0.027546857
18.75305556,74.29305556,0.038314059
18.75305556,74.34583333,0.026197123
18.75305556,74.35722222,0.039663793
18.75305556,74.38194444,0.034264855
18.75333333,74.21527778,0.027546857
18.75333333,74.21555556,0.027546857
18.75333333,74.33444444,0.021810485
18.75333333,74.35444444,0.046381791
18.75333333,74.43222222,0.032270929
18.75333333,74.54888889,0.027546857
18.75333333,74.78472222,0.039571766
18.75333333,74.84,0.02220927
18.75361111,74.5375,0.017945336
18.75361111,75.88694444,0.042577993
18.75388889,74.15138889,0.018742906
18.75388889,74.3375,0.021902512
18.75416667,74.10388889,0.013957483
18.75416667,74.22444444,0.027546857
18.75416667,74.24277778,0.021779809
18.75416667,74.2575,0.02082886
18.75416667,74.34972222,0.022638731
18.75444444,74.23611111,0.014693702
18.75444444,74.34166667,0.022424001
18.75444444,76.01388889,0.016227492
18.75472222,75.12611111,0.016779656
18.75527778,74.84083333,0.019264395
18.75555556,74.13166667,0.017301144
18.75555556,75.45888889,0.011227338
18.75555556,76.14083333,0.018957637
18.75583333,73.43472222,0.045032056
18.75583333,74.20416667,0.027546857
18.75583333,74.20888889,0.026197123
18.75583333,74.21555556,0.031596061
18.75583333,74.23444444,0.032945796
18.75583333,74.23472222,0.039663793
18.75583333,74.60583333,0.036964324
18.75611111,74.2225,0.013957483
18.75611111,74.31944444,0.022638731
18.75638889,73.39222222,0.251510783
18.75638889,73.41277778,0.024847388
18.75638889,74.08722222,0.016350195
18.75638889,74.24916667,0.024847388
18.75638889,74.42611111,0.026197123
18.75638889,74.71027778,0.028099021
18.75638889,74.86527778,0.022853462
18.75666667,74.24611111,0.026197123
18.75666667,74.51361111,0.020123317
18.75666667,74.74194444,0.019264395
18.75666667,74.86527778,0.021503727
18.75666667,75.96916667,0.04653517
18.75666667,75.99222222,0.044234486
18.75694444,74.23472222,0.034264855
18.75694444,74.4975,0.014386944
18.75694444,74.53361111,0.01616614
18.75694444,76.27222222,0.018436148
18.75722222,74.43916667,0.014386944
18.75722222,74.62444444,0.017761281
18.75722222,74.74138889,0.03524648
18.75722222,74.75083333,0.013466671
18.75722222,74.87194444,0.021473051
18.7575,74.10944444,0.116537317
18.75805556,73.48972222,0.187091629
18.75805556,74.84805556,0.024417927
18.75833333,74.74944444,0.013466671
18.75833333,74.98055556,0.020644805
18.75861111,74.53361111,0.015429921
18.75861111,74.58027778,0.010460444
18.75861111,74.85138889,0.022945489
18.75888889,74.68638889,0.024816712
18.75944444,74.19833333,0.036780269
18.75944444,74.74416667,0.035859996
18.75944444,75.19083333,0.027577533
18.76,74.39527778,0.029571459
18.76,74.77333333,0.0496641
18.76027778,74.23694444,0.027546857
18.76055556,74.18666667,0.017393172
18.76083333,74.23583333,0.029571459
18.76083333,74.31722222,0.020767508
18.76083333,74.53361111,0.017638578
18.76083333,74.78361111,0.018834934
18.76083333,74.8475,0.039725145
18.76111111,74.78611111,0.020276696
18.76111111,74.82722222,0.014540323
18.76111111,75.42083333,0.034264855
18.76111111,75.42777778,0.018650879
18.76138889,74.24083333,0.02104359
18.76222222,73.6625,0.027546857
18.76222222,74.29027778,0.013804104
18.7625,74.29166667,0.024264548
18.7625,74.90694444,0.020399399
18.76277778,74.25888889,0.013558698
18.76277778,74.91638889,0.020399399
18.76305556,75.67277778,0.025736986
18.76333333,74.88833333,0.020951563
18.76333333,75.46777778,0.024663333
18.76388889,76.14666667,0.017393172
18.76416667,74.155,0.033589987
18.76444444,76.07888889,0.013067886
18.76472222,75.73638889,0.023497653
18.765,74.90555556,0.014110862
18.76527778,74.16444444,0.011380717
18.76527778,74.16805556,0.013712077
18.76527778,74.20138889,0.027546857
18.76527778,74.72361111,0.018957637
18.76527778,75.10194444,0.025890365
18.76583333,74.85527778,0.025644958
18.76583333,76.14833333,0.023620356
18.76611111,73.52388889,0.049050584
18.76611111,74.715,0.021319672
18.76638889,73.635,0.033712691
18.76638889,74.11638889,0.034264855
18.76638889,74.17916667,0.035614589
18.76638889,74.37083333,0.021503727
18.76638889,74.66472222,0.019847235
18.76666667,73.48361111,0.18402405
18.76666667,74.24611111,0.017393172
18.76694444,73.96861111,0.036289457
18.76722222,74.03694444,0.027546857
18.76722222,74.21,0.038988926
18.76722222,74.38666667,0.026197123
18.76722222,75.49888889,0.038314059
18.7675,73.65166667,0.055185742
18.7675,74.3,0.019448449
18.76777778,74.72555556,0.0155833
18.76777778,74.77138889,0.043528943
18.76805556,73.42805556,0.027546857
18.76805556,73.65,0.049050584
18.76805556,73.95944444,0.045032056
18.76805556,74.02277778,0.038988926
18.76805556,74.20888889,0.038314059
18.76805556,74.22361111,0.027546857
18.76805556,75.11,0.017546551
18.76833333,74.04305556,0.027546857
18.76833333,74.39527778,0.031596061
18.76888889,74.88305556,0.020890211
18.76888889,74.96138889,0.049203963
18.76888889,75.11055556,0.020859536
18.76916667,74.05083333,0.015307218
18.76944444,74.27527778,0.022546704
18.76944444,74.3625,0.011564772
18.76944444,74.36611111,0.011779502
18.76944444,74.36694444,0.021779809
18.76944444,74.76972222,0.035553238
18.76944444,75.09166667,0.020920887
18.76972222,74.58944444,0.026902666
18.76972222,74.63222222,0.028528482
18.77,74.69611111,0.021319672
18.77,74.87,0.01245437
18.77027778,74.74527778,0.04187245
18.77083333,74.09833333,0.018006687
18.77138889,74.9825,0.049357342
18.77138889,75.91916667,0.024816712
18.77166667,74.305,0.018742906
18.77194444,74.59527778,0.018221418
18.7725,74.90388889,0.02199454
18.7725,74.97666667,0.024878064
18.77277778,74.36833333,0.01500046
18.77277778,74.83222222,0.02687199
18.77277778,75.05611111,0.018896285
18.77305556,74.86444444,0.014847081
18.77333333,74.17444444,0.021779809
18.77361111,74.34,0.017485199
18.77361111,74.53361111,0.020583453
18.77361111,74.64583333,0.025736986
18.77361111,74.7525,0.010276389
18.77361111,74.92555556,0.01616614
18.77388889,74.10472222,0.01674898
18.77416667,74.24138889,0.016779656
18.77416667,74.415,0.018681555
18.77416667,74.87305556,0.029111322
18.77444444,74.27361111,0.011380717
18.77444444,74.3,0.020184668
18.77444444,74.63861111,0.02220927
18.77472222,74.0675,0.027577533
18.775,73.48333333,0.23310531
18.77527778,74.84833333,0.021381024
18.77583333,74.58361111,0.014264241
18.77583333,74.72361111,0.01674898
18.77611111,75.19638889,0.013466671
18.77638889,74.09833333,0.019908586
18.77638889,74.89472222,0.020951563
18.77638889,75.12444444,0.015859382
18.77666667,75.12444444,0.018957637
18.77666667,75.77555556,0.024786036
18.77666667,76.1925,0.013466671
18.7775,74.69388889,0.025154146
18.7775,74.7925,0.020153992
18.77777778,74.94166667,0.021933188
18.77777778,75.00055556,0.01325194
18.77777778,75.16944444,0.018190742
18.77805556,74.69305556,0.017485199
18.77861111,74.55277778,0.020430075
18.77861111,74.57138889,0.0282524
18.77888889,74.68444444,0.01500046
18.77916667,74.16833333,0.016779656
18.77916667,74.22833333,0.016319519
18.78,74.7425,0.017945336
18.78027778,75.91888889,0.019417774
18.78055556,73.99027778,0.039663793
18.78055556,74.16972222,0.011564772
18.78055556,74.17416667,0.026197123
18.78055556,74.25527778,0.024571306
18.78055556,74.29972222,0.02104359
18.78083333,74.75611111,0.013742753
18.78083333,75.85416667,0.009846928
18.78111111,74.78,0.012791803
18.78111111,75.75222222,0.020430075
18.78194444,74.17777778,0.02199454
18.78222222,74.19305556,0.02082886
18.78222222,74.68333333,0.026534556
18.7825,74.71333333,0.014386944
18.7825,75.13722222,0.028375104
18.78277778,74.78472222,0.021749133
18.78305556,74.37305556,0.011380717
18.78333333,73.475,0.230037731
18.78333333,74.14444444,0.011380717
18.78388889,74.71027778,0.016227492
18.78388889,74.89222222,0.020736832
18.78416667,74.18527778,0.00917206
18.78416667,74.18555556,0.015307218
18.78416667,74.51472222,0.017025062
18.78416667,74.79083333,0.028099021
18.78472222,74.2375,0.014632351
18.78472222,74.53555556,0.014386944
18.78472222,74.64833333,0.02883524
18.785,74.34166667,0.02162643
18.785,74.36694444,0.011718151
18.785,74.57305556,0.016012761
18.785,75.17805556,0.027577533
18.78555556,74.11916667,0.049050584
18.78555556,74.18694444,0.01674898
18.78555556,74.66861111,0.017638578
18.78583333,74.53527778,0.021503727
18.78583333,74.69305556,0.029571459
18.78611111,74.80833333,0.018804258
18.78611111,75.03611111,0.025552931
18.78611111,75.07777778,0.021779809
18.78611111,75.21388889,0.026411853
18.78638889,74.71083333,0.025307525
18.78638889,74.72277778,0.018068039
18.78666667,74.31805556,0.022822786
18.78666667,74.84194444,0.021810485
18.78694444,74.30722222,0.018742906
18.78722222,74.11944444,0.011626124
18.78722222,74.65611111,0.020153992
18.78722222,76.15722222,0.025000767
18.7875,74.81583333,0.012822479
18.7875,74.92305556,0.022393325
18.78777778,74.185,0.021810485
18.78805556,75.41527778,0.025491579
18.78805556,75.86972222,0.041320286
18.78833333,74.29333333,0.01674898
18.78861111,74.13694444,0.013957483
18.78861111,74.31138889,0.022608055
18.78861111,74.68444444,0.017485199
18.78861111,75.90388889,0.035890671
18.78888889,74.18916667,0.021104942
18.78888889,74.26805556,0.016350195
18.78888889,74.57666667,0.027056045
18.78944444,74.70111111,0.019264395
18.78944444,74.83388889,0.020706157
18.78944444,74.91444444,0.021810485
18.78972222,74.40138889,0.016595601
18.78972222,75.19611111,0.015736679
18.79,74.72333333,0.018742906
18.79027778,74.64777778,0.02883524
18.79027778,74.93916667,0.016411546
18.79055556,74.30361111,0.021779809
18.79055556,74.40583333,0.01616614
18.79055556,74.41694444,0.011779502
18.79083333,74.09666667,0.056474125
18.79083333,74.24138889,0.016779656
18.79111111,74.44305556,0.02803767
18.79111111,74.62583333,0.023098868
18.79111111,75.82944444,0.025859689
18.79138889,74.75805556,0.021012915
18.79138889,74.79888889,0.022055891
18.79166667,73.775,0.02104359
18.79166667,74.13583333,0.013343968
18.79166667,74.22194444,0.013957483
18.79166667,74.68611111,0.025890365
18.79194444,74.83666667,0.019111016
18.79194444,74.85361111,0.021871837
18.79194444,75.15972222,0.019847235
18.79222222,74.40472222,0.021473051
18.7925,75.5825,0.02374306
18.79305556,73.62333333,0.064388478
18.79333333,74.22555556,0.013558698
18.79333333,74.68972222,0.028528482
18.79333333,74.715,0.025154146
18.79333333,74.86611111,0.021779809
18.79361111,74.91444444,0.02199454
18.79388889,74.69333333,0.020399399
18.79388889,75.02222222,0.011595448
18.79388889,75.15472222,0.014663026
18.79416667,74.67666667,0.013374643
18.79444444,74.19555556,0.020767508
18.79444444,74.56638889,0.022485352
18.795,74.35055556,0.016012761
18.795,74.48194444,0.019540477
18.795,74.78333333,0.017638578
18.79527778,74.12472222,0.013957483
18.79527778,74.14666667,0.015061812
18.79527778,74.54888889,0.026350502
18.79527778,74.83833333,0.016012761
18.79555556,75.52972222,0.00917206
18.79583333,74.0375,0.027546857
18.79583333,74.12472222,0.013957483
18.79583333,74.22833333,0.016350195
18.79583333,74.42666667,0.020153992
18.79583333,74.85527778,0.021779809
18.79638889,74.09666667,0.020184668
18.7975,74.36833333,0.022638731
18.7975,74.74722222,0.023221571
18.7975,74.80722222,0.021166293
18.79777778,73.53222222,0.088929108
18.79777778,74.21916667,0.014601675
18.79777778,74.60916667,0.017055738
18.79805556,73.53166667,0.042915427
18.79805556,74.42472222,0.017055738
18.79805556,74.42611111,0.025736986
18.79805556,74.71138889,0.024387251
18.79805556,74.90138889,0.020951563
18.79833333,74.10694444,0.017393172
18.79833333,74.33972222,0.033682015
18.79833333,74.68305556,0.019417774
18.79833333,74.73194444,0.028681861
18.79888889,74.40444444,0.021012915
18.79888889,74.41305556,0.018068039
18.79916667,73.79138889,0.021442376
18.79916667,74.6475,0.014264241
18.79944444,74.6925,0.018896285
18.8,74.05055556,0.049050584
18.8,74.135,0.024509954
18.8,74.75333333,0.021473051
18.80027778,74.81527778,0.023221571
18.80027778,74.82222222,0.02162643
18.80055556,74.40416667,0.015123163
18.80055556,74.41555556,0.010429768
18.80055556,74.77861111,0.026166447
18.80083333,74.41055556,0.017055738
18.80083333,74.61888889,0.016595601
18.80083333,74.72055556,0.021810485
18.80111111,74.17194444,0.021810485
18.80111111,74.29277778,0.022362649
18.80111111,74.40583333,0.02337495
18.80111111,74.89888889,0.020399399
18.80138889,74.40194444,0.025154146
18.80138889,74.40722222,0.028099021
18.80138889,74.40888889,0.015429921
18.80138889,74.42083333,0.024847388
18.80194444,73.82916667,0.012239639
18.80194444,74.40583333,0.012055585
18.80194444,74.41805556,0.023528329
18.80194444,75.40777778,0.023466978
18.80222222,74.14555556,0.019908586
18.80222222,74.15111111,0.018374797
18.80222222,74.28944444,0.022485352
18.80222222,74.39333333,0.022485352
18.80222222,74.60805556,0.021473051
18.80222222,74.73361111,0.024111169
18.80222222,74.91666667,0.046289763
18.80333333,74.38527778,0.019540477
18.80333333,74.39388889,0.026166447
18.80333333,74.40888889,0.02162643
18.80333333,74.41027778,0.018804258
18.80333333,74.41555556,0.017577226
18.80361111,74.2925,0.013773429
18.80361111,74.41805556,0.025736986
18.80361111,74.65583333,0.020736832
18.80361111,74.80666667,0.021166293
18.80388889,74.40472222,0.019111016
18.80416667,74.38388889,0.016902359
18.80444444,74.41055556,0.018068039
18.80444444,74.74444444,0.012607749
18.80444444,75.08583333,0.025491579
18.80472222,74.37555556,0.021319672
18.80472222,74.48833333,0.018068039
18.80472222,74.58861111,0.018374797
18.80472222,74.90611111,0.01500046
18.80472222,75.48861111,0.013466671
18.805,74.14555556,0.018190742
18.805,74.67055556,0.026779963
18.805,75.19138889,0.037393785
18.80527778,74.63805556,0.017055738
18.80527778,74.87083333,0.021779809
18.80555556,73.75833333,0.018374797
18.80555556,74.20388889,0.022485352
18.80555556,74.24305556,0.018681555
18.80555556,74.34333333,0.016779656
18.80555556,74.51583333,0.027792264
18.80555556,75.10277778,0.028068346
18.80555556,75.80555556,0.008926654
18.80583333,74.36916667,0.017638578
18.80583333,74.80055556,0.014386944
18.80611111,74.13611111,0.01383478
18.80611111,74.39888889,0.019111016
18.80611111,74.42638889,0.028375104
18.80611111,74.45611111,0.030921194
18.80611111,74.47277778,0.026197123
18.80638889,74.39305556,0.01616614
18.80638889,74.41333333,0.020430075
18.80638889,74.89611111,0.02199454
18.80666667,74.70388889,0.017945336
18.80694444,74.37416667,0.019264395
18.80694444,74.42472222,0.016595601
18.80694444,74.72361111,0.018068039
18.80694444,74.83527778,0.020767508
18.80722222,74.3925,0.01674898
18.80722222,74.39888889,0.021473051
18.80722222,74.40333333,0.01733182
18.80722222,74.41,0.012485046
18.8075,74.42638889,0.016472898
18.8075,74.83388889,0.019111016
18.80777778,74.42222222,0.010552471
18.80777778,74.89138889,0.026626584
18.80805556,74.45194444,0.015123163
18.80833333,74.36916667,0.028528482
18.80833333,74.385,0.018374797
18.80833333,74.42583333,0.018528176
18.80833333,74.58583333,0.018068039
18.80861111,74.25638889,0.018528176
18.80861111,74.36083333,0.025154146
18.80916667,74.345,0.016012761
18.80916667,74.38083333,0.024694009
18.80916667,74.39388889,0.027516181
18.80916667,74.64222222,0.0282524
18.80944444,73.99583333,0.027546857
18.80944444,74.21861111,0.021810485
18.80944444,74.50138889,0.020736832
18.80944444,74.67027778,0.018957637
18.80972222,74.37666667,0.017485199
18.80972222,74.38527778,0.01500046
18.80972222,74.38833333,0.021319672
18.80972222,74.40333333,0.013988159
18.80972222,74.67111111,0.022485352
18.80972222,74.68777778,0.023068192
18.81,74.36722222,0.025430228
18.81,74.39,0.014540323
18.81027778,74.38638889,0.016012761
18.81027778,74.42277778,0.020276696
18.81027778,74.61694444,0.019111016
18.81055556,74.37472222,0.018221418
18.81055556,74.38666667,0.024417927
18.81083333,74.39305556,0.018068039
18.81083333,74.74055556,0.024847388
18.81083333,74.87027778,0.031902819
18.81083333,75.39194444,0.013558698
18.81083333,75.92361111,0.02279211
18.81138889,74.66527778,0.029356729
18.81138889,74.73527778,0.02337495
18.81138889,74.76083333,0.015736679
18.81194444,74.21555556,0.027546857
18.81194444,74.36583333,0.026319826
18.81222222,74.02333333,0.064388478
18.81222222,74.34694444,0.024694009
18.81222222,74.69138889,0.019847235
18.81222222,74.755,0.02883524
18.81222222,74.91527778,0.021779809
18.8125,74.35722222,0.018528176
18.8125,74.71722222,0.013558698
18.8125,74.76055556,0.015123163
18.81277778,74.81916667,0.020399399
18.81333333,74.74222222,0.018221418
18.81361111,74.69611111,0.02162643
18.81361111,74.75055556,0.020890211
18.81388889,74.55638889,0.017209117
18.81388889,75.82916667,0.011135311
18.81416667,74.26777778,0.021473051
18.81416667,74.37777778,0.024417927
18.81444444,74.24555556,0.029111322
18.81444444,74.55277778,0.024847388
18.81444444,74.56055556,0.029264701
18.81444444,74.895,0.049357342
18.81472222,74.22722222,0.02337495
18.81472222,74.23972222,0.024847388
18.815,74.75583333,0.028528482
18.81527778,74.3525,0.025154146
18.81555556,74.37666667,0.019540477
18.81583333,74.37777778,0.028528482
18.81583333,74.62583333,0.025154146
18.81583333,74.77888889,0.017485199
18.81583333,74.78916667,0.017209117
18.81611111,74.66027778,0.021319672
18.81638889,74.70833333,0.018681555
18.81638889,75.80694444,0.009785576
18.81666667,75.28027778,0.020399399
18.81694444,74.47027778,0.021012915
18.81722222,74.18555556,0.024509954
18.81722222,74.19666667,0.013098561
18.81722222,75.15138889,0.00917206
18.8175,73.85194444,0.049050584
18.8175,74.11888889,0.024509954
18.8175,74.13333333,0.018374797
18.8175,74.13444444,0.036780269
18.8175,74.13472222,0.00917206
18.81777778,73.63388889,0.067456057
18.81777778,73.82305556,0.027577533
18.81777778,73.83444444,0.119604896
18.81777778,73.83472222,0.082793951
18.81777778,74.13444444,0.018374797
18.81777778,74.13472222,0.091996687
18.81777778,74.13527778,0.150280683
18.81777778,74.13583333,0.018374797
18.81777778,75.03472222,0.023773735
18.81805556,73.81777778,0.122672475
18.81805556,73.83472222,0.024509954
18.81805556,73.83527778,0.107334581
18.81805556,74.135,0.045983006
18.81805556,74.13527778,0.015307218
18.81805556,74.15194444,0.052118163
18.81805556,74.20111111,0.119604896
18.81805556,74.33472222,0.017393172
18.81833333,73.81805556,0.006104482
18.81833333,73.83388889,0.122672475
18.81833333,73.83444444,0.242308046
18.81833333,73.83527778,0.122672475
18.81833333,73.83583333,0.107334581
18.81833333,73.85111111,0.119604896
18.81833333,74.13388889,0.058253321
18.81833333,74.13527778,0.073591214
18.81833333,74.4475,0.019540477
18.81833333,74.44916667,0.009969631
18.81833333,74.46416667,0.025736986
18.81833333,75.13027778,0.025552931
18.81861111,74.39416667,0.023098868
18.81888889,74.15027778,0.021442376
18.81888889,74.75194444,0.02220927
18.81916667,73.83444444,0.052118163
18.81916667,73.83527778,0.128807632
18.81916667,73.85055556,0.18402405
18.81916667,73.85194444,0.076658793
18.81916667,74.02444444,0.061627657
18.81916667,74.13527778,0.055185742
18.81916667,74.13583333,0.015307218
18.81916667,74.15194444,0.049050584
18.81916667,74.17944444,0.024847388
18.81916667,74.20055556,0.036780269
18.81916667,74.20138889,0.107334581
18.81916667,74.38527778,0.015736679
18.81916667,74.83527778,0.024509954
18.81944444,74.23972222,0.015859382
18.81944444,74.24305556,0.025307525
18.81944444,74.48194444,0.025154146
18.81944444,74.48833333,0.019540477
18.82027778,74.22194444,0.009601522
18.82055556,74.68194444,0.022485352
18.82083333,74.87722222,0.01616614
18.82111111,74.40222222,0.026626584
18.82111111,74.41444444,0.020430075
18.82111111,74.41916667,0.024264548
18.82111111,74.82972222,0.027362803
18.82166667,74.38277778,0.014386944
18.82166667,74.54222222,0.02337495
18.82166667,74.72166667,0.019417774
18.82166667,75.67222222,0.010276389
18.82166667,75.76361111,0.025430228
18.82194444,74.67,0.03604405
18.82194444,74.74416667,0.020951563
18.82222222,74.68555556,0.022638731
18.8225,74.72,0.013466671
18.8225,74.77888889,0.02162643
18.82277778,74.69361111,0.02337495
18.82277778,74.84111111,0.019847235
18.82305556,74.4125,0.020000614
18.82333333,74.83027778,0.016902359
18.82388889,74.40666667,0.02337495
18.82416667,74.295,0.02883524
18.82416667,74.92666667,0.020399399
18.82444444,74.255,0.020153992
18.825,74.41,0.024111169
18.82527778,74.09888889,0.016319519
18.82555556,74.40111111,0.013067886
18.82583333,74.07472222,0.019509801
18.82583333,74.80722222,0.018681555
18.82611111,74.01916667,0.0496641
18.82611111,74.68194444,0.024847388
18.82638889,74.67138889,0.023221571
18.82666667,74.38638889,0.025736986
18.82666667,74.39333333,0.015429921
18.82666667,74.70305556,0.01616614
18.82694444,74.40888889,0.01733182
18.82694444,74.57,0.014969784
18.82722222,74.81166667,0.022362649
18.8275,74.40111111,0.022638731
18.8275,75.99222222,0.037056351
18.82777778,74.72305556,0.01616614
18.82805556,74.69527778,0.018068039
18.82833333,74.20888889,0.046381791
18.82833333,74.38861111,0.016472898
18.82833333,74.39222222,0.021749133
18.82861111,74.54805556,0.024264548
18.82861111,74.55416667,0.028099021
18.82888889,74.53055556,0.018804258
18.82916667,74.38555556,0.019417774
18.82916667,74.58111111,0.025154146
18.82944444,74.4075,0.027638885
18.82972222,74.38888889,0.025000767
18.82972222,74.71194444,0.022362649
18.82972222,74.85611111,0.020736832
18.83,74.40166667,0.017209117
18.83,74.40333333,0.018528176
18.83,75.10666667,0.018098715
18.83027778,74.05194444,0.132918188
18.83083333,74.76666667,0.012791803
18.83111111,74.38944444,0.026319826
18.83111111,74.39083333,0.025154146
18.83111111,74.39222222,0.02279211
18.83111111,74.54888889,0.022055891
18.83111111,74.90472222,0.049510721
18.83138889,74.40444444,0.021902512
18.83138889,74.60527778,0.016288843
18.83138889,76.0775,0.016779656
18.83166667,74.17611111,0.034264855
18.83166667,74.40333333,0.028988619
18.83166667,74.61805556,0.021166293
18.83166667,74.62083333,0.011595448
18.83166667,74.90083333,0.026166447
18.83194444,74.38833333,0.02337495
18.83194444,74.76916667,0.010429768
18.8325,74.63388889,0.025430228
18.8325,75.04638889,0.018374797
18.83305556,74.74,0.022117243
18.83333333,74.13555556,0.024509954
18.83333333,74.40888889,0.021473051
18.83361111,73.41861111,0.049050584
18.83361111,73.83388889,0.085861529
18.83361111,74.13444444,0.052118163
18.83361111,74.135,0.036780269
18.83361111,74.15166667,0.00917206
18.83361111,74.15194444,0.021442376
18.83361111,74.60694444,0.018068039
18.83388889,74.40527778,0.028099021
18.83388889,74.625,0.026473205
18.83388889,75.13444444,0.045983006
18.83416667,73.76777778,0.021442376
18.83416667,73.83388889,0.055185742
18.83416667,73.83527778,0.005797724
18.83416667,73.85138889,0.024509954
18.83416667,73.92194444,0.045983006
18.83416667,74.13444444,0.045983006
18.83416667,74.13472222,0.00917206
18.83416667,74.20111111,0.058253321
18.83416667,74.39388889,0.018804258
18.83416667,74.60833333,0.025000767
18.83416667,75.33583333,0.015644652
18.83444444,73.81861111,0.116537317
18.83444444,73.83388889,0.024509954
18.83444444,73.83527778,0.061320899
18.83444444,73.83583333,0.018374797
18.83444444,73.85111111,0.00917206
18.83444444,73.85194444,0.012239639
18.83444444,74.60138889,0.016012761
18.83444444,74.85944444,0.020153992
18.83472222,73.83444444,0.079726372
18.83472222,73.83527778,0.122672475
18.83472222,73.83583333,0.039847848
18.83472222,73.85,0.021442376
18.83472222,74.135,0.012239639
18.83472222,74.2025,0.018374797
18.83472222,74.7,0.019264395
18.835,73.83388889,0.030645112
18.835,73.83444444,0.021442376
18.835,73.83472222,0.18402405
18.835,73.83527778,0.018374797
18.835,73.83583333,0.055185742
18.835,74.20111111,0.049050584
18.835,74.72722222,0.018957637
18.835,75.13583333,0.018374797
18.83527778,74.38444444,0.024417927
18.83527778,74.40444444,0.021166293
18.83527778,74.56527778,0.026319826
18.83527778,74.77527778,0.021779809
18.83527778,75.16083333,0.024571306
18.83555556,74.40444444,0.018681555
18.83555556,74.6825,0.01674898
18.83583333,73.81722222,0.116537317
18.83583333,73.83388889,0.18402405
18.83583333,73.83444444,0.00917206
18.83583333,73.83472222,0.061320899
18.83583333,73.85055556,0.085861529
18.83583333,74.13472222,0.027577533
18.83583333,74.15055556,0.036780269
18.83583333,74.20055556,0.052118163
18.83583333,74.20111111,0.091996687
18.83583333,74.385,0.025307525
18.83583333,75.83388889,0.079726372
18.83611111,75.16583333,0.009785576
18.83638889,73.98722222,0.024847388
18.83638889,75.89361111,0.04107488
18.83666667,74.38527778,0.028528482
18.83666667,74.40083333,0.019847235
18.83666667,74.40388889,0.01733182
18.83694444,73.43666667,0.030645112
18.83694444,73.43916667,0.107334581
18.83694444,74.85583333,0.041320286
18.83694444,75.405,0.018742906
18.83722222,74.51027778,0.020276696
18.8375,74.38555556,0.022485352
18.8375,74.8275,0.023835087
18.8375,75.07555556,0.022700083
18.83777778,74.40388889,0.013067886
18.83777778,74.75222222,0.015890058
18.83805556,74.34444444,0.035614589
18.83805556,74.91055556,0.021749133
18.83833333,74.40583333,0.021902512
18.83861111,74.66833333,0.020276696
18.83888889,74.40277778,0.017485199
18.83888889,76.21194444,0.016564925
18.83916667,74.98,0.016718304
18.83944444,74.88861111,0.02337495
18.83944444,76.23638889,0.013466671
18.83972222,74.01,0.11040216
18.84,74.83805556,0.020951563
18.84055556,74.43166667,0.021473051
18.84083333,74.68722222,0.021319672
18.84083333,74.81527778,0.014939109
18.84111111,74.71222222,0.021166293
18.84111111,74.88277778,0.016595601
18.84138889,74.56666667,0.021166293
18.84138889,74.77027778,0.055032363
18.84138889,76.38194444,0.011319366
18.84166667,74.68944444,0.016258167
18.84166667,74.77361111,0.025000767
18.84194444,73.43666667,0.064388478
18.84194444,74.35722222,0.020153992
18.84194444,74.74944444,0.025430228
18.84194444,74.76055556,0.017055738
18.84194444,75.79444444,0.016503574
18.84222222,74.21555556,0.026197123
18.8425,74.86916667,0.034019448
18.84277778,74.52888889,0.022362649
18.84305556,74.77305556,0.035614589
18.84305556,75.56777778,0.037393785
18.84333333,74.92666667,0.020399399
18.84361111,74.74666667,0.013466671
18.84361111,74.7525,0.023927114
18.84361111,75.97166667,0.037884598
18.84388889,74.95361111,0.015982085
18.84444444,74.65888889,0.024417927
18.84444444,74.67694444,0.020736832
18.84444444,74.6775,0.029939569
18.84444444,74.70666667,0.0282524
18.84472222,74.67083333,0.02220927
18.845,74.63333333,0.020430075
18.845,74.70694444,0.02220927
18.845,74.99277778,0.024878064
18.84527778,74.60444444,0.014847081
18.84555556,74.535,0.024847388
18.84555556,74.68611111,0.0282524
18.84555556,74.7075,0.025583607
18.84611111,74.67333333,0.023098868
18.84611111,74.73083333,0.025583607
18.84638889,74.01,0.098131845
18.84638889,76.06388889,0.026197123
18.84666667,74.65888889,0.022853462
18.84694444,74.6175,0.016012761
18.8475,75.68611111,0.052670327
18.84777778,74.33666667,0.015859382
18.84777778,74.43111111,0.025736986
18.84777778,74.44861111,0.017945336
18.84777778,74.54861111,0.017055738
18.84805556,74.82138889,0.02220927
18.84805556,74.835,0.034817019
18.84833333,74.75777778,0.013221264
18.84833333,74.91166667,0.022393325
18.84916667,74.41583333,0.01733182
18.85,74.15,0.045983006
18.85027778,74.55111111,0.016902359
18.85055556,74.22388889,0.024847388
18.85083333,74.20111111,0.122672475
18.85111111,73.81916667,0.027577533
18.85111111,73.83388889,0.055185742
18.85111111,73.83444444,0.024509954
18.85111111,73.83472222,0.058253321
18.85111111,74.13583333,0.036780269
18.85111111,74.93611111,0.015920734
18.85138889,73.81777778,0.055185742
18.85138889,73.81861111,0.079726372
18.85138889,73.83388889,0.088929108
18.85138889,73.83444444,0.012239639
18.85138889,73.83527778,0.67790423
18.85138889,74.13583333,0.021442376
18.85138889,74.28472222,0.018374797
18.85138889,76.34305556,0.025430228
18.85166667,73.81916667,0.024509954
18.85166667,73.83388889,0.012239639
18.85166667,73.83472222,0.042915427
18.85166667,73.85055556,0.11040216
18.85166667,74.20194444,0.119604896
18.85166667,74.61416667,0.024571306
18.85166667,74.80972222,0.011595448
18.85194444,74.13583333,0.015307218
18.85194444,74.51138889,0.017945336
18.8525,74.13583333,0.042915427
18.85277778,74.10555556,0.067456057
18.85277778,74.83055556,0.023559005
18.85333333,76.09194444,0.010644498
18.85361111,74.03583333,0.0496641
18.85361111,74.79916667,0.027638885
18.85361111,74.85444444,0.02199454
18.85388889,74.4825,0.028099021
18.85416667,74.73,0.016012761
18.85444444,74.39583333,0.027546857
18.85444444,74.78361111,0.013466671
18.85444444,74.82166667,0.014540323
18.85444444,74.83027778,0.021381024
18.85472222,74.57055556,0.018068039
18.85472222,74.77527778,0.020736832
18.85472222,74.78277778,0.02199454
18.855,74.33638889,0.019111016
18.855,74.89083333,0.020951563
18.85527778,74.75222222,0.026964017
18.85527778,74.85277778,0.026810638
18.85555556,74.77611111,0.025000767
18.85555556,74.97194444,0.020951563
18.85583333,74.58277778,0.016595601
18.85611111,74.21805556,0.038314059
18.85611111,74.60361111,0.035890671
18.85611111,74.6125,0.021319672
18.85666667,75.93777778,0.019325746
18.85694444,74.47,0.033068499
18.85694444,74.73944444,0.021810485
18.85722222,74.48277778,0.02337495
18.85722222,74.62194444,0.020153992
18.85722222,76.21861111,0.026994693
18.8575,76.24,0.023651032
18.85777778,74.57444444,0.025890365
18.85777778,74.58972222,0.016012761
18.85777778,75.19777778,0.020644805
18.85805556,74.49694444,0.024847388
18.85805556,76.33055556,0.02220927
18.85833333,74.91027778,0.020276696
18.85861111,74.75972222,0.019509801
18.85861111,76.25361111,0.022700083
18.85944444,74.64305556,0.017945336
18.85944444,74.64777778,0.018620203
18.85944444,74.90555556,0.038252707
18.86027778,74.45666667,0.024847388
18.86027778,74.54805556,0.027638885
18.86055556,74.53916667,0.028528482
18.86055556,74.69055556,0.018068039
18.86111111,74.06972222,0.024847388
18.86111111,74.50166667,0.025000767
18.86111111,74.53777778,0.02162643
18.86111111,74.57666667,0.019693856
18.86111111,74.59027778,0.023528329
18.86138889,74.58222222,0.027945643
18.86138889,74.61361111,0.024694009
18.86166667,74.52638889,0.027362803
18.86166667,74.59166667,0.016595601
18.86194444,74.53638889,0.01187153
18.86194444,74.91222222,0.02199454
18.86194444,75.20444444,0.033007147
18.86222222,74.84222222,0.025154146
18.86222222,75.14416667,0.010184361
18.8625,74.8675,0.025736986
18.86305556,74.99638889,0.017945336
18.86333333,74.77583333,0.032792417
18.86361111,74.9125,0.022055891
18.86361111,75.05861111,0.018742906
18.86361111,76.26666667,0.031565385
18.86388889,74.64333333,0.016595601
18.86416667,74.685,0.019540477
18.86416667,74.76027778,0.016595601
18.86416667,74.77666667,0.03524648
18.86444444,75.92055556,0.021473051
18.86472222,74.35361111,0.02220927
18.86472222,74.51833333,0.023681708
18.86472222,74.71083333,0.018957637
18.86472222,74.73666667,0.022485352
18.865,74.74027778,0.036105402
18.865,74.8825,0.0155833
18.86527778,74.74777778,0.01733182
18.86555556,74.78444444,0.020767508
18.86583333,74.53027778,0.016472898
18.86694444,74.68472222,0.017025062
18.86694444,74.75777778,0.009846928
18.86694444,74.81972222,0.020399399
18.86722222,74.45333333,0.017945336
18.86722222,74.75861111,0.016012761
18.8675,74.74333333,0.025890365
18.86777778,75.37972222,0.023528329
18.86805556,74.59944444,0.013528022
18.86805556,74.60555556,0.021012915
18.86805556,74.68916667,0.025307525
18.86805556,74.77277778,0.020890211
18.86805556,76.27333333,0.021473051
18.86861111,74.1825,0.14061781
18.86861111,75.90361111,0.017976012
18.86888889,74.67722222,0.022638731
18.86888889,75.58555556,0.013712077
18.86916667,74.78388889,0.019049664
18.86972222,74.54777778,0.01733182
18.86972222,75.76361111,0.015920734
18.87,74.73083333,0.019540477
18.87027778,74.22055556,0.025000767
18.87027778,74.38722222,0.02395779
18.87027778,74.89138889,0.020736832
18.87055556,74.68555556,0.018528176
18.87055556,74.78222222,0.017209117
18.87083333,75.43333333,0.014693702
18.87138889,74.69583333,0.01500046
18.87138889,76.04333333,0.020644805
18.87194444,74.54916667,0.032056198
18.87194444,76.135,0.02374306
18.87222222,74.67805556,0.024847388
18.8725,74.59388889,0.021749133
18.87277778,74.62638889,0.023528329
18.87277778,74.77055556,0.026779963
18.87277778,74.92416667,0.020951563
18.87277778,76.13555556,0.031442682
18.87333333,74.8725,0.066014295
18.87388889,74.48138889,0.020736832
18.87388889,74.53861111,0.055185742
18.87388889,74.6475,0.025154146
18.87388889,74.69944444,0.018068039
18.87388889,74.70138889,0.013957483
18.87388889,74.835,0.094972238
18.87416667,74.66638889,0.033927421
18.87472222,75.91444444,0.024141845
18.875,74.74388889,0.022485352
18.875,74.75527778,0.018742906
18.87583333,74.75194444,0.066014295
18.87583333,74.79416667,0.028528482
18.87611111,74.62027778,0.012577073
18.87611111,74.75611111,0.017239793
18.87611111,74.95777778,0.050277616
18.87638889,74.83611111,0.009509494
18.87666667,74.54277778,0.019111016
18.87694444,74.86333333,0.022485352
18.87722222,73.92166667,0.030645112
18.87722222,74.49083333,0.027638885
18.8775,74.86444444,0.015429921
18.8775,74.87861111,0.029571459
18.8775,76.00166667,0.013466671
18.87777778,74.85333333,0.080861376
18.87805556,74.48472222,0.011595448
18.87805556,74.65944444,0.029356729
18.87861111,74.42527778,0.01733182
18.87861111,74.81972222,0.019847235
18.87888889,75.29666667,0.016564925
18.87916667,73.91777778,0.021442376
18.87916667,75.01777778,0.02162643
18.87944444,74.6475,0.012331667
18.87972222,74.09972222,0.091996687
18.88,74.71527778,0.025031443
18.88,74.895,0.021810485
18.88027778,74.7175,0.028099021
18.88055556,74.53111111,0.027209424
18.88083333,74.65166667,0.024571306
18.88111111,74.04833333,0.027546857
18.88111111,74.82416667,0.025154146
18.88111111,74.87722222,0.020951563
18.88138889,74.33666667,0.018528176
18.88138889,74.91583333,0.024264548
18.88166667,74.45,0.01674898
18.88166667,74.655,0.022485352
18.88166667,74.75055556,0.021319672
18.88194444,74.70361111,0.013374643
18.88222222,74.46694444,0.023804411
18.88222222,74.91638889,0.02199454
18.8825,74.70972222,0.016656953
18.88277778,74.42722222,0.025430228
18.88277778,74.69138889,0.186232707
18.88277778,74.89194444,0.021810485
18.88277778,76.01583333,0.034632964
18.88305556,75.80222222,0.013650725
18.88333333,74.88638889,0.035553238
18.88333333,75.25861111,0.013466671
18.88388889,74.9075,0.073437836
18.88388889,75.11611111,0.023405626
18.88416667,74.86166667,0.021810485
18.88444444,74.785,0.097917114
18.88472222,74.86861111,0.022393325
18.88472222,74.92388889,0.046903279
18.885,75.22944444,0.025767662
18.885,75.30138889,0.02374306
18.885,75.97,0.003343661
18.88583333,74.62,0.020276696
18.88611111,74.53361111,0.024111169
18.88611111,74.67722222,0.0155833
18.88611111,75.19666667,0.024878064
18.88638889,74.44333333,0.041749747
18.88638889,74.69777778,0.019601828
18.88638889,75.08666667,0.020276696
18.88694444,74.34222222,0.02941808
18.88694444,74.71388889,0.026043744
18.88694444,75.09083333,0.013742753
18.88722222,74.66833333,0.019693856
18.88722222,74.76222222,0.018957637
18.8875,74.48305556,0.025890365
18.8875,74.68111111,0.020399399
18.8875,74.94722222,0.02883524
18.88805556,74.91722222,0.020951563
18.88833333,74.51722222,0.027516181
18.88833333,74.64472222,0.024847388
18.88861111,74.85916667,0.023835087
18.88888889,73.96194444,0.032945796
18.88888889,74.29777778,0.016595601
18.88916667,74.44583333,0.016319519
18.88916667,74.69444444,0.021473051
18.88972222,74.89888889,0.021810485
18.89027778,74.63416667,0.025736986
18.89027778,74.93777778,0.021779809
18.89027778,76.11583333,0.02279211
18.89083333,74.59194444,0.019540477
18.89083333,74.89805556,0.02199454
18.89138889,74.58194444,0.024571306
18.89138889,74.85222222,0.021381024
18.89222222,74.74722222,0.020859536
18.89222222,74.79333333,0.016472898
18.89222222,75.68805556,0.012239639
18.8925,74.73472222,0.028681861
18.8925,74.84777778,0.020000614
18.89277778,74.88388889,0.024111169
18.89305556,74.53166667,0.018681555
18.89305556,74.57972222,0.015123163
18.89305556,74.69888889,0.024694009
18.89305556,74.86361111,0.026779963
18.89305556,74.87916667,0.02199454
18.89305556,74.92333333,0.020951563
18.89333333,73.60194444,0.033589987
18.89333333,74.65638889,0.0282524
18.89333333,74.82638889,0.025798337
18.89388889,74.78555556,0.080861376
18.89388889,74.80888889,0.009233412
18.89416667,74.53555556,0.027362803
18.89472222,74.69444444,0.020583453
18.89472222,74.87916667,0.020951563
18.89472222,74.9125,0.045308138
18.89555556,74.78277778,0.019540477
18.89583333,74.43972222,0.024571306
18.89583333,74.68777778,0.01733182
18.89583333,74.89111111,0.044970705
18.89611111,74.47027778,0.025307525
18.89638889,73.41416667,0.024509954
18.89638889,73.91972222,0.073591214
18.89638889,74.70055556,0.023681708
18.89666667,74.60083333,0.022485352
18.89694444,74.64888889,0.014540323
18.89722222,74.71944444,0.021749133
18.89722222,74.84305556,0.020583453
18.89777778,73.65694444,0.027577533
18.89777778,74.44861111,0.014110862
18.89805556,74.51583333,0.023098868
18.89833333,73.72388889,0.034264855
18.89833333,74.89,0.038007301
18.89861111,74.62972222,0.02883524
18.89861111,74.6325,0.015429921
18.89861111,74.78666667,0.087548698
18.89916667,74.40361111,0.01616614
18.89916667,74.46777778,0.025890365
18.89916667,74.60805556,0.024847388
18.89916667,74.63333333,0.02337495
18.89916667,75.12416667,0.026534556
18.89972222,73.76222222,0.067456057
18.89972222,74.51111111,0.01500046
18.90027778,73.59722222,0.028221725
18.90027778,74.90388889,0.020399399
18.90083333,74.75777778,0.013313292
18.90083333,74.82083333,0.020736832
18.90111111,74.67722222,0.027393478
18.90111111,74.82444444,0.021902512
18.90138889,73.74888889,0.036780269
18.90138889,75.20555556,0.016442222
18.90166667,74.79638889,0.050430995
18.90194444,74.33972222,0.027546857
18.90194444,74.84194444,0.095708457
18.90222222,74.7725,0.038804871
18.90222222,74.85666667,0.02199454
18.90277778,75.19083333,0.023313599
18.90277778,76.04166667,0.0282524
18.90305556,74.4325,0.01128869
18.90305556,74.62305556,0.026166447
18.90333333,74.90166667,0.025430228
18.90361111,74.40055556,0.027209424
18.90361111,74.47277778,0.016472898
18.90388889,74.64027778,0.025491579
18.90388889,74.78722222,0.059326973
18.90416667,74.39861111,0.019847235
18.90416667,74.52611111,0.018221418
18.90416667,75.12333333,0.017086414
18.90472222,74.55527778,0.026043744
18.905,74.35916667,0.011380717
18.905,74.58194444,0.019233719
18.905,74.84388889,0.055615203
18.90527778,74.76638889,0.049357342
18.90527778,74.82694444,0.0097549
18.90527778,75.08,0.013497347
18.90555556,74.65888889,0.020583453
18.90555556,75.17805556,0.025000767
18.90583333,76.21527778,0.023681708
18.90638889,73.94027778,0.088929108
18.90638889,74.80527778,0.01012301
18.90638889,75.93083333,0.027056045
18.90666667,74.30472222,0.024417927
18.90666667,74.77305556,0.03524648
18.90666667,74.7925,0.013528022
18.90722222,74.82861111,0.02337495
18.9075,74.32666667,0.017791957
18.90777778,73.93805556,0.012239639
18.90777778,73.93833333,0.021442376
18.90777778,74.62333333,0.014847081
18.90777778,74.80416667,0.019847235
18.90777778,74.87083333,0.012791803
18.90805556,74.76583333,0.045983006
18.90833333,73.93888889,0.027577533
18.90833333,74.96083333,0.010184361
18.90861111,74.42583333,0.025890365
18.90861111,74.44416667,0.019847235
18.90888889,74.72972222,0.02199454
18.90916667,74.91805556,0.015276542
18.90972222,74.81472222,0.031319979
18.91,73.61222222,0.020153992
18.91,74.39055556,0.031596061
18.91,74.77527778,0.017791957
18.91,74.82027778,0.020890211
18.91,75.90388889,0.020399399
18.91027778,74.34694444,0.022638731
18.91027778,74.73388889,0.020736832
18.91083333,73.90388889,0.165618577
18.91083333,74.84388889,0.060830087
18.91138889,74.72805556,0.012791803
18.91166667,73.61611111,0.026197123
18.91194444,74.51638889,0.026902666
18.91194444,74.63194444,0.024847388
18.91194444,74.75194444,0.069726065
18.91222222,74.53111111,0.017638578
18.91222222,74.64027778,0.013466671
18.91277778,74.73527778,0.014847081
18.91333333,74.62694444,0.023681708
18.91333333,74.70166667,0.026626584
18.91333333,74.76027778,0.040031903
18.91361111,73.97027778,0.015307218
18.91388889,74.53638889,0.025000767
18.91388889,74.98083333,0.027209424
18.91444444,74.51111111,0.019141691
18.91444444,74.65666667,0.014847081
18.91444444,74.80583333,0.020951563
18.91472222,74.75083333,0.019693856
18.91472222,74.955,0.02199454
18.91472222,75.13333333,0.016564925
18.91527778,74.81361111,0.069726065
18.91583333,74.59305556,0.025154146
18.91611111,74.06972222,0.052455597
18.91611111,74.50444444,0.025154146
18.91638889,74.82972222,0.051167214
18.91722222,74.47666667,0.01500046
18.9175,75.08694444,0.027945643
18.9175,75.18472222,0.016564925
18.9175,75.80055556,0.013712077
18.91777778,74.51194444,0.041197583
18.91777778,74.5125,0.01616614
18.91777778,74.83666667,0.018068039
18.91805556,74.49722222,0.0311666
18.91805556,74.88638889,0.020767508
18.91833333,74.82861111,0.020399399
18.91833333,75.30055556,0.028313752
18.91888889,74.60444444,0.020123317
18.91888889,74.77194444,0.022393325
18.91916667,75.85861111,0.020276696
18.91944444,76.225,0.022239946
18.91972222,74.77083333,0.01500046
18.92,75.93138889,0.018988313
18.92055556,74.40027778,0.020153992
18.92055556,74.88638889,0.04107488
18.92083333,74.40333333,0.021166293
18.92138889,74.55472222,0.019111016
18.92138889,74.555,0.026043744
18.92138889,74.74916667,0.020767508
18.92138889,74.83916667,0.018374797
18.92166667,75.17388889,0.025276849
18.92194444,74.53527778,0.024417927
18.92222222,74.64,0.025890365
18.92222222,74.73527778,0.024571306
18.9225,74.5175,0.016595601
18.9225,74.7875,0.026166447
18.92277778,74.84333333,0.020399399
18.92277778,74.89611111,0.034326206
18.92305556,74.05333333,0.027546857
18.92305556,76.05694444,0.025859689
18.92361111,73.83777778,0.032270929
18.92388889,74.25583333,0.080953403
18.92388889,74.72638889,0.027209424
18.92444444,74.57166667,0.016779656
18.92472222,74.75777778,0.01500046
18.92472222,74.80833333,0.01674898
18.92472222,74.91055556,0.022055891
18.92527778,74.52194444,0.01674898
18.92527778,76.09916667,0.019755207
18.92583333,74.81138889,0.016012761
18.92583333,74.875,0.029571459
18.92583333,74.90194444,0.020951563
18.92583333,74.96611111,0.021779809
18.92583333,76.03027778,0.010307065
18.92611111,74.7175,0.0155833
18.92611111,74.8225,0.018804258
18.92611111,75.03305556,0.015859382
18.92638889,74.66666667,0.016319519
18.92638889,74.89194444,0.017791957
18.92694444,74.6525,0.011227338
18.92694444,74.69694444,0.018528176
18.92694444,75.03666667,0.014540323
18.92722222,74.76444444,0.095708457
18.92777778,74.71694444,0.073437836
18.92777778,74.78777778,0.074910273
18.92805556,74.79333333,0.020951563
18.92805556,74.88388889,0.020951563
18.92833333,74.85777778,0.017485199
18.92861111,74.68972222,0.027638885
18.92861111,74.89361111,0.013804104
18.92888889,74.76722222,0.063774962
18.92888889,74.79916667,0.024571306
18.92916667,74.43916667,0.019540477
18.92916667,74.89138889,0.020276696
18.92944444,73.61527778,0.028896592
18.92944444,74.49583333,0.024571306
18.92944444,74.91277778,0.032945796
18.92944444,75.4625,0.016350195
18.92972222,74.77,0.020736832
18.92972222,74.97916667,0.025399552
18.93055556,74.59916667,0.020430075
18.93083333,74.73666667,0.022485352
18.93083333,74.82861111,0.028099021
18.93111111,74.64833333,0.02279211
18.93166667,74.56361111,0.009969631
18.93166667,74.57472222,0.011012608
18.93166667,74.76361111,0.021473051
18.93194444,74.58638889,0.02883524
18.93194444,74.58916667,0.02883524
18.93194444,74.60611111,0.019111016
18.93194444,74.6775,0.019264395
18.93194444,74.79666667,0.068253627
18.93194444,74.89472222,0.036013375
18.93222222,74.21916667,0.043528943
18.93222222,74.56138889,0.026626584
18.93222222,74.86083333,0.019111016
18.9325,74.96111111,0.018957637
18.93305556,75.61111111,0.02454063
18.93333333,74.15083333,0.018374797
18.93333333,74.88611111,0.024356575
18.93416667,74.57361111,0.019540477
18.93416667,74.69361111,0.020736832
18.93416667,74.81,0.027516181
18.93416667,74.83611111,0.018957637
18.93472222,74.68444444,0.073437836
18.93472222,74.75944444,0.023835087
18.93472222,74.77,0.015859382
18.93472222,74.77694444,0.017638578
18.935,73.70416667,0.038988926
18.935,74.72666667,0.011718151
18.935,75.08166667,0.023927114
18.93527778,74.31361111,0.027638885
18.93555556,74.58944444,0.020982239
18.93555556,75.02166667,0.022485352
18.93583333,74.58138889,0.028221725
18.93583333,75.97888889,0.021012915
18.93611111,74.43416667,0.028099021
18.93611111,74.72861111,0.017055738
18.93611111,75.01944444,0.016104788
18.93638889,74.45027778,0.012638424
18.93694444,76.03055556,0.006717997
18.93722222,74.57138889,0.019693856
18.93777778,74.80166667,0.057854535
18.93777778,74.95277778,0.042792724
18.93777778,75.53194444,0.013681401
18.93805556,74.82416667,0.066750514
18.93833333,74.56611111,0.011748827
18.93833333,74.7575,0.065278076
18.93833333,74.76055556,0.020736832
18.93861111,74.48222222,0.022485352
18.93888889,74.69444444,0.024847388
18.93888889,74.75777778,0.074910273
18.93888889,74.79361111,0.080861376
18.93916667,74.68111111,0.012331667
18.93916667,74.69611111,0.013528022
18.93944444,74.81333333,0.020399399
18.93944444,74.83972222,0.045246787
18.93972222,74.87333333,0.077149606
18.94,73.51,0.13494279
18.94,74.48333333,0.018681555
18.94027778,74.78805556,0.014663026
18.94055556,74.53416667,0.024694009
18.94083333,74.51777778,0.0282524
18.94083333,74.92083333,0.020430075
18.94111111,74.77777778,0.038436762
18.94138889,74.45694444,0.067456057
18.94138889,74.71416667,0.109788644
18.94138889,74.80583333,0.020276696
18.94166667,74.625,0.023681708
18.94194444,74.61638889,0.02883524
18.94194444,74.70083333,0.121660174
18.94194444,74.88361111,0.020736832
18.94194444,74.91194444,0.025736986
18.94222222,73.47888889,0.11040216
18.94222222,74.72972222,0.027516181
18.9425,74.71611111,0.109788644
18.94333333,74.64833333,0.010184361
18.94361111,74.4475,0.026043744
18.94388889,73.89138889,0.245375625
18.94388889,74.6525,0.016012761
18.94416667,74.255,0.017055738
18.94444444,74.68972222,0.01325194
18.94444444,74.71083333,0.026197123
18.94472222,74.69777778,0.092732906
18.94472222,74.70111111,0.124635725
18.945,73.61166667,0.067456057
18.945,74.64611111,0.01733182
18.945,74.90888889,0.02199454
18.94527778,73.72694444,0.119604896
18.94527778,74.58166667,0.023681708
18.94527778,74.71666667,0.115739747
18.94555556,74.46361111,0.011012608
18.94611111,74.55333333,0.022485352
18.94611111,74.74611111,0.017945336
18.94638889,74.69111111,0.019479125
18.94666667,74.8675,0.015736679
18.94666667,75.09,0.027945643
18.94694444,74.83111111,0.011165987
18.94722222,74.67805556,0.019540477
18.94722222,74.71,0.027638885
18.94722222,75,0.016810332
18.94722222,75.06666667,0.018773582
18.94777778,74.82694444,0.091996687
18.94777778,75.36805556,0.024141845
18.94833333,73.50777778,0.150280683
18.94833333,74.6975,0.022055891
18.94861111,74.60194444,0.012822479
18.94916667,73.49694444,0.18402405
18.94944444,74.65527778,0.024847388
18.95027778,74.44527778,0.020430075
18.95027778,74.6225,0.088929108
18.95055556,74.83111111,0.020736832
18.95083333,74.88777778,0.034326206
18.95111111,74.60972222,0.009785576
18.95111111,74.89666667,0.016595601
18.95138889,74.47777778,0.021012915
18.95138889,74.53555556,0.026166447
18.95138889,74.86305556,0.020399399
18.95166667,74.64083333,0.019264395
18.95166667,74.72388889,0.021319672
18.95194444,74.65388889,0.0282524
18.95194444,74.77555556,0.118715298
18.95194444,74.90888889,0.024417927
18.95222222,74.67805556,0.016012761
18.95222222,74.71222222,0.017485199
18.95222222,74.90805556,0.012638424
18.95277778,74.70055556,0.112764195
18.95277778,75.075,0.027976318
18.95305556,74.08277778,0.012239639
18.95305556,75.80638889,0.022025215
18.95333333,74.77138889,0.02337495
18.95361111,74.36166667,0.027209424
18.95388889,74.5625,0.014386944
18.95416667,74.71638889,0.103868217
18.95444444,74.83916667,0.066014295
18.95472222,73.93416667,0.018374797
18.955,74.73833333,0.014386944
18.955,74.74694444,0.022945489
18.95527778,73.57805556,0.041013528
18.95527778,74.77111111,0.01674898
18.95527778,75.02805556,0.022086567
18.95555556,74.35305556,0.019540477
18.95555556,74.46472222,0.019264395
18.95555556,74.7575,0.076413387
18.95583333,73.57916667,0.040338661
18.95611111,73.59416667,0.021503727
18.95611111,74.79833333,0.045246787
18.95638889,73.57722222,0.041013528
18.95638889,73.57805556,0.041688395
18.95638889,75.10194444,0.021012915
18.95666667,74.67944444,0.022485352
18.95694444,73.59333333,0.021503727
18.95694444,74.73638889,0.023098868
18.95722222,73.58166667,0.041688395
18.9575,73.59583333,0.021503727
18.9575,74.63888889,0.017485199
18.9575,74.85777778,0.02199454
18.95777778,73.59638889,0.021503727
18.95777778,74.55888889,0.020276696
18.95777778,74.63361111,0.024601982
18.95777778,74.69944444,0.097917114
18.95805556,74.72944444,0.019540477
18.95805556,76.28305556,0.020399399
18.95833333,73.57722222,0.040338661
18.95833333,73.57861111,0.041688395
18.95861111,73.57833333,0.041013528
18.95861111,73.66361111,0.01208626
18.95861111,74.6925,0.029724838
18.95916667,73.59194444,0.02082886
18.95916667,74.57333333,0.01500046
18.95916667,74.7125,0.080125157
18.95916667,75.28222222,0.033958097
18.95944444,74.69111111,0.009785576
18.95972222,74.95805556,0.021810485
18.96,73.59194444,0.02082886
18.96,73.80694444,0.036780269
18.96,74.7125,0.020736832
18.96,75.98111111,0.022147919
18.96027778,74.95777778,0.021810485
18.96055556,73.59611111,0.02082886
18.96055556,73.59888889,0.02082886
18.96055556,73.59944444,0.02082886
18.96055556,74.64888889,0.017638578
18.96083333,73.59861111,0.02082886
18.96083333,74.72916667,0.026043744
18.96083333,74.87388889,0.024111169
18.96083333,75.81166667,0.027638885
18.96111111,73.59277778,0.02082886
18.96111111,73.59888889,0.021503727
18.96111111,74.63222222,0.020430075
18.96138889,73.59277778,0.021503727
18.96138889,73.59888889,0.021503727
18.96138889,73.59916667,0.021503727
18.96138889,73.59944444,0.021503727
18.96138889,74.70472222,0.021779809
18.96138889,74.72277778,0.02199454
18.96138889,76.06555556,0.014693702
18.96166667,73.59416667,0.021503727
18.96166667,73.59888889,0.021503727
18.96194444,74.73694444,0.020951563
18.96222222,73.59277778,0.021503727
18.96222222,73.59305556,0.021503727
18.96222222,74.70527778,0.079388938
18.9625,74.71166667,0.020951563
18.96277778,73.59388889,0.021503727
18.96277778,74.96361111,0.020951563
18.96305556,74.7425,0.020736832
18.96333333,74.78166667,0.021810485
18.96361111,73.59388889,0.02082886
18.96361111,73.59694444,0.021503727
18.96361111,73.59888889,0.021503727
18.96388889,74.71361111,0.057854535
18.96416667,73.51166667,0.193226786
18.96416667,74.65361111,0.019264395
18.96472222,73.59805556,0.021503727
18.965,73.59888889,0.021503727
18.96527778,76.05277778,0.016319519
18.96555556,74.61861111,0.0155833
18.96583333,73.59833333,0.021503727
18.96583333,74.80638889,0.016902359
18.96583333,74.80666667,0.018068039
18.96611111,74.93222222,0.021779809
18.96638889,74.70555556,0.089757355
18.96638889,75.08555556,0.015982085
18.96666667,73.59944444,0.02082886
18.96777778,74.66833333,0.009693549
18.96777778,75.02555556,0.018006687
18.96805556,74.63888889,0.013497347
18.96833333,74.70416667,0.082333814
18.96888889,74.36972222,0.028099021
18.96888889,74.69916667,0.076413387
18.96888889,76.215,0.023190895
18.96916667,74.78805556,0.02220927
18.97,74.67388889,0.025000767
18.97,74.69916667,0.068989846
18.97,74.72138889,0.020951563
18.97,74.89666667,0.034326206
18.97,74.92055556,0.049357342
18.97027778,74.70222222,0.114267309
18.97027778,74.81833333,0.028528482
18.97027778,74.84944444,0.056382098
18.97027778,74.89722222,0.037853922
18.97055556,74.61472222,0.01733182
18.97083333,74.5725,0.022485352
18.97083333,74.71277778,0.060093868
18.97111111,74.42138889,0.022362649
18.97194444,73.66611111,0.012239639
18.97194444,75.02777778,0.013650725
18.97222222,73.73,0.079726372
18.97222222,74.55777778,0.018804258
18.97222222,74.61027778,0.013466671
18.9725,74.00638889,0.368078775
18.9725,74.91111111,0.03211755
18.97277778,74.67916667,0.01674898
18.97277778,74.82472222,0.060830087
18.97277778,75.26666667,0.020153992
18.97305556,74.63777778,0.02374306
18.97305556,74.69416667,0.020736832
18.97361111,74.82861111,0.084573146
18.97361111,75.38166667,0.037301758
18.97388889,74.89805556,0.016810332
18.97388889,74.96194444,0.021319672
18.97444444,74.705,0.098684009
18.97444444,74.95194444,0.02199454
18.97472222,74.4825,0.017638578
18.97472222,75.65805556,0.049357342
18.975,74.02194444,0.042915427
18.975,74.61,0.017945336
18.975,74.69722222,0.091996687
18.97555556,74.68083333,0.024264548
18.97583333,74.41805556,0.023712384
18.97583333,74.74333333,0.022393325
18.97611111,74.73916667,0.022638731
18.97611111,74.89944444,0.034817019
18.97638889,74.32222222,0.021902512
18.97666667,74.48833333,0.01500046
18.97666667,74.57333333,0.017638578
18.97666667,74.82611111,0.017393172
18.97694444,74.71305556,0.080861376
18.9775,74.77388889,0.020767508
18.9775,75.84527778,0.032485659
18.97777778,74.90305556,0.029080647
18.97777778,75.04722222,0.019847235
18.97777778,76.24611111,0.013558698
18.97833333,74.16555556,0.026749287
18.97833333,74.71388889,0.086781803
18.97861111,74.83,0.053406546
18.97888889,74.49583333,0.028068346
18.97916667,74.60388889,0.017638578
18.97916667,74.7125,0.060830087
18.97944444,74.69944444,0.109788644
18.97972222,74.76694444,0.020736832
18.97972222,74.87361111,0.017055738
18.98,74.58111111,0.023098868
18.98,74.70583333,0.113500414
18.98,75.76,0.012239639
18.98027778,74.41527778,0.020153992
18.98027778,75.11833333,0.013374643
18.98111111,74.78944444,0.019325746
18.98111111,74.87388889,0.060830087
18.98138889,74.71666667,0.07420473
18.98166667,76.16388889,0.025921041
18.98222222,74.64694444,0.041320286
18.98222222,74.76166667,0.019847235
18.98222222,75.39555556,0.018988313
18.9825,74.69694444,0.076413387
18.9825,74.92083333,0.043528943
18.98277778,74.58,0.017638578
18.98277778,74.59333333,0.028528482
18.98277778,74.78833333,0.091996687
18.98305556,74.41638889,0.019847235
18.98305556,74.73333333,0.012638424
18.98305556,74.75972222,0.02199454
18.98333333,74.21888889,0.067456057
18.98333333,74.67,0.02220927
18.98333333,75.04722222,0.025921041
18.98361111,74.66777778,0.020890211
18.98361111,74.80027778,0.02687199
18.98361111,75.23833333,0.037700543
18.98416667,74.58277778,0.017485199
18.98416667,74.7825,0.022393325
18.98444444,75.48666667,0.021503727
18.98472222,73.75527778,0.085861529
18.98472222,74.28555556,0.036780269
18.98472222,74.70694444,0.024847388
18.98472222,74.84361111,0.021779809
18.98472222,75.46472222,0.013650725
18.98527778,74.85638889,0.060093868
18.98583333,76.0225,0.025890365
18.98611111,74.21888889,0.052118163
18.98611111,74.28611111,0.028221725
18.98611111,74.32222222,0.021166293
18.98611111,74.46111111,0.018528176
18.98611111,74.63277778,0.020153992
18.98611111,74.65388889,0.018804258
18.98638889,74.30555556,0.01733182
18.98638889,74.70027778,0.027209424
18.98638889,75.17694444,0.014939109
18.98666667,74.01,0.033712691
18.98666667,74.79277778,0.006840701
18.98666667,74.89666667,0.0496641
18.98694444,74.02444444,0.023528329
18.98694444,74.56,0.0155833
18.98694444,74.69722222,0.091996687
18.98694444,74.91277778,0.020951563
18.98694444,74.9275,0.02199454
18.98777778,74.74138889,0.018528176
18.98777778,74.89111111,0.057854535
18.98805556,74.0325,0.026197123
18.98805556,74.16888889,0.020153992
18.98805556,74.67555556,0.018528176
18.98805556,74.68388889,0.027516181
18.98861111,74.3475,0.021473051
18.98888889,75.06666667,0.025460904
18.98916667,74.5725,0.027792264
18.98916667,74.63138889,0.019847235
18.98916667,74.77055556,0.020399399
18.98916667,74.84388889,0.063805638
18.98916667,74.8975,0.022393325
18.98944444,74.76166667,0.01362005
18.98944444,74.80694444,0.057854535
18.98972222,74.885,0.082333814
18.99,74.88222222,0.094972238
18.99,75.65388889,0.013466671
18.99027778,74.31916667,0.034264855
18.99027778,74.77,0.019509801
18.99055556,74.62583333,0.018528176
18.99083333,74.45361111,0.017515875
18.99111111,74.61972222,0.011350041
18.99111111,74.73638889,0.021779809
18.99138889,74.85888889,0.083100709
18.99166667,74.89083333,0.073437836
18.99194444,74.75666667,0.058928188
18.99194444,74.82861111,0.01653425
18.99194444,74.89,0.057118317
18.99194444,74.89611111,0.057118317
18.99222222,74.86222222,0.075677168
18.99222222,74.87694444,0.048958557
18.99222222,74.89638889,0.078622044
18.9925,74.86138889,0.087548698
18.9925,74.86972222,0.076413387
18.9925,74.89138889,0.063805638
18.9925,74.89611111,0.083100709
18.99277778,74.47305556,0.028099021
18.99277778,74.66138889,0.016595601
18.99277778,74.84194444,0.023589681
18.99277778,74.8725,0.106843768
18.99305556,74.86277778,0.084573146
18.99333333,74.80277778,0.069726065
18.99333333,74.87277778,0.117979079
18.99333333,74.89888889,0.046719225
18.99361111,73.91611111,0.073591214
18.99361111,74.65,0.016564925
18.99361111,74.84222222,0.022055891
18.99361111,74.85777778,0.02199454
18.99361111,74.88083333,0.077885825
18.99361111,74.88916667,0.094972238
18.99388889,74.55777778,0.029724838
18.99388889,74.64222222,0.028099021
18.99388889,74.68305556,0.015767355
18.99416667,74.87805556,0.083100709
18.99444444,74.50555556,0.018957637
18.99444444,74.56333333,0.019417774
18.99472222,74.74083333,0.020430075
18.99472222,74.77305556,0.146906347
18.995,74.50861111,0.018374797
18.995,74.5525,0.02279211
18.995,74.69583333,0.018528176
18.995,74.86055556,0.093469125
18.995,74.87611111,0.080861376
18.995,74.88611111,0.041258934
18.99527778,74.70972222,0.017055738
18.99527778,74.7475,0.009785576
18.99527778,74.87444444,0.060830087
18.99527778,74.87666667,0.068253627
18.99555556,74.71861111,0.017423847
18.99555556,74.89972222,0.086045584
18.99583333,74.39166667,0.025307525
18.99611111,73.59833333,0.037639191
18.99611111,74.4825,0.027362803
18.99611111,74.48277778,0.018528176
18.99611111,74.50861111,0.014847081
18.99611111,74.70222222,0.021810485
18.99611111,74.84111111,0.074910273
18.99638889,74.12166667,0.030246327
18.99638889,74.25083333,0.017209117
18.99638889,74.25527778,0.020000614
18.99638889,74.4825,0.02220927
18.99638889,74.48277778,0.013374643
18.99638889,74.49083333,0.017945336
18.99638889,74.8975,0.047455443
18.99694444,74.44277778,0.026626584
18.99694444,74.62611111,0.012178288
18.99722222,74.95611111,0.047976932
18.9975,74.54388889,0.027056045
18.99777778,74.89222222,0.021810485
18.99805556,74.6075,0.02883524
18.99805556,74.69888889,0.049142612
18.99805556,74.92888889,0.020736832
18.99833333,74.79194444,0.077149606
18.99888889,73.62138889,0.024509954
18.99888889,75.22472222,0.010675174
18.99916667,74.715,0.023221571
18.99944444,74.80972222,0.020736832
19,74.16666667,0.012239639
19,74.57694444,0.020430075
19.00027778,74.89611111,0.019540477
19.00055556,74.63833333,0.015736679
19.00055556,74.65972222,0.094972238
19.00055556,74.84,0.022393325
19.00083333,74.83777778,0.02199454
19.00083333,74.8775,0.087548698
19.00111111,75.50777778,0.018957637
19.00138889,74.69111111,0.020736832
19.00166667,74.20666667,0.027546857
19.00166667,74.88861111,0.034326206
19.00194444,74.69,0.094972238
19.00194444,74.70277778,0.091996687
19.00194444,74.71111111,0.098684009
19.0025,74.87805556,0.087548698
19.00277778,74.34972222,0.013466671
19.00277778,74.58805556,0.017485199
19.00277778,74.66194444,0.052118163
19.00277778,74.70055556,0.016564925
19.00277778,75.10555556,0.021534403
19.00305556,74.39194444,0.022178594
19.00305556,74.70277778,0.065278076
19.00305556,74.85027778,0.081597595
19.00333333,75.21,0.066014295
19.00361111,74.72527778,0.061566306
19.00388889,73.88333333,0.214699837
19.00444444,73.96555556,0.065186049
19.00444444,74.68611111,0.051167214
19.00555556,75.08444444,0.030307678
19.00583333,74.81111111,0.106843768
19.00611111,74.23722222,0.027546857
19.00611111,74.24194444,0.027546857
19.00611111,75.3875,0.024141845
19.00638889,73.76555556,0.027577533
19.00638889,73.94888889,0.030645112
19.00638889,74.61333333,0.135771036
19.00638889,74.84194444,0.089757355
19.00638889,74.93305556,0.02199454
19.00694444,74.76083333,0.027056045
19.00694444,74.86277778,0.058590754
19.00722222,74.84777778,0.062302525
19.00722222,74.85416667,0.146170128
19.00722222,74.86166667,0.087548698
19.00722222,74.88861111,0.140955244
19.0075,74.16666667,0.036289457
19.0075,74.86,0.063038744
19.00777778,74.85916667,0.071965398
19.00777778,74.86694444,0.109788644
19.00777778,74.8925,0.090493573
19.00805556,74.93027778,0.022700083
19.00833333,73.99527778,0.125740053
19.00861111,74.85583333,0.077149606
19.00861111,74.8725,0.083836928
19.00861111,74.87805556,0.074910273
19.00861111,74.88805556,0.140219025
19.00861111,75.02194444,0.021012915
19.00861111,75.03027778,0.02279211
19.00888889,74.86555556,0.032270929
19.00888889,74.87388889,0.077885825
19.00888889,74.87666667,0.091260468
19.00888889,74.88916667,0.055615203
19.00888889,74.89055556,0.072701617
19.00916667,74.85583333,0.036320133
19.00916667,74.86,0.088284917
19.00916667,74.88277778,0.094205344
19.00916667,74.88527778,0.048191662
19.00972222,74.83916667,0.053406546
19.00972222,74.87333333,0.060093868
19.00972222,74.87388889,0.103131998
19.01,74.84611111,0.022393325
19.01,74.87388889,0.083836928
19.01055556,75.57777778,0.01012301
19.01083333,74.66,0.020736832
19.01083333,74.75777778,0.020399399
19.01138889,74.70777778,0.092732906
19.01138889,74.70805556,0.123163287
19.01138889,74.8725,0.143930795
19.01138889,74.87583333,0.098684009
19.01138889,74.88722222,0.083100709
19.01138889,75.43166667,0.108991073
19.01138889,75.8025,0.031197276
19.01138889,75.92388889,0.025491579
19.01166667,74.54388889,0.026043744
19.01166667,74.65583333,0.225773797
19.01166667,74.97472222,0.020736832
19.01194444,74.76388889,0.058590754
19.01194444,74.88916667,0.071965398
19.01222222,74.85916667,0.066014295
19.01222222,74.87611111,0.089757355
19.0125,74.13833333,0.027546857
19.0125,74.17638889,0.039663793
19.0125,74.72388889,0.121660174
19.0125,74.88694444,0.094205344
19.0125,74.88861111,0.051903433
19.01277778,74.20166667,0.024847388
19.01277778,75.62527778,0.024847388
19.01305556,74.12166667,0.032945796
19.01305556,74.87388889,0.100156447
19.01305556,74.88472222,0.106076874
19.01305556,75.33333333,0.012239639
19.01333333,74.56666667,0.018804258
19.01416667,74.13388889,0.039663793
19.01416667,75.27083333,0.028681861
19.01444444,74.135,0.039663793
19.01444444,74.705,0.105340655
19.01472222,74.55444444,0.018068039
19.01472222,74.87388889,0.063805638
19.015,74.70583333,0.102365103
19.01527778,74.70083333,0.021810485
19.01666667,74.26916667,0.038314059
19.01666667,75.41638889,0.031197276
19.01694444,75.29694444,0.017607902
19.01722222,74.01722222,0.085248014
19.01722222,74.11833333,0.024509954
19.0175,74.7775,0.095677782
19.0175,75.70305556,0.02512347
19.01777778,74.03027778,0.074910273
19.01805556,74.52111111,0.012331667
19.01805556,74.68888889,0.099420228
19.01833333,73.83444444,0.082793951
19.01833333,73.86944444,0.036289457
19.01833333,74.15055556,0.055185742
19.01833333,74.60777778,0.011319366
19.01833333,74.9625,0.047056658
19.01861111,74.91777778,0.021779809
19.01916667,74.11833333,0.024509954
19.01916667,75.64166667,0.024141845
19.01972222,74.97888889,0.021810485
19.01972222,75.69277778,0.039234332
19.02,73.94777778,0.064388478
19.02,74.13833333,0.024847388
19.02027778,74.76194444,0.022055891
19.02027778,74.85722222,0.020399399
19.02027778,74.89055556,0.074910273
19.02055556,74.96916667,0.027914967
19.02055556,75.44583333,0.023712384
19.02111111,74.71555556,0.080861376
19.02111111,74.88638889,0.046719225
19.02111111,74.88916667,0.058590754
19.02138889,74.46361111,0.029111322
19.02138889,74.8625,0.081597595
19.02194444,74.575,0.026166447
19.02194444,74.8725,0.060093868
19.02194444,74.88194444,0.050430995
19.02222222,74.655,0.019693856
19.0225,74.395,0.015123163
19.0225,75.19416667,0.071198503
19.02277778,74.86277778,0.062302525
19.02277778,74.87583333,0.083100709
19.02305556,73.94666667,0.036780269
19.02305556,74.87888889,0.105340655
19.02361111,74.18527778,0.027546857
19.02361111,74.20694444,0.036780269
19.02361111,74.65666667,0.081382865
19.02361111,74.85888889,0.066014295
19.02361111,74.87583333,0.057118317
19.02361111,75.04305556,0.013466671
19.02388889,74.87583333,0.069726065
19.02388889,74.87666667,0.048958557
19.02416667,74.50916667,0.041044204
19.02416667,74.87527778,0.074910273
19.02416667,75.04166667,0.026473205
19.02444444,74.69388889,0.110555539
19.02444444,74.75055556,0.015429921
19.02444444,74.88222222,0.074174054
19.02472222,74.245,0.024847388
19.02472222,74.87583333,0.062302525
19.02527778,74.86194444,0.095708457
19.02555556,74.12333333,0.033589987
19.02555556,74.8025,0.020951563
19.02555556,74.89944444,0.006104482
19.02583333,74.70833333,0.166937636
19.02583333,74.73972222,0.023098868
19.02611111,74.555,0.024694009
19.02611111,74.685,0.020736832
19.02638889,73.88888889,0.036780269
19.02638889,74.74055556,0.056412773
19.02638889,75.90944444,0.026442529
19.02666667,74.16305556,0.037639191
19.02666667,74.42138889,0.018068039
19.02666667,74.58222222,0.018804258
19.02666667,74.87638889,0.020736832
19.02694444,74.42138889,0.025583607
19.0275,74.24194444,0.027546857
19.0275,74.60722222,0.235958158
19.02777778,74.65111111,0.034050124
19.02833333,74.64555556,0.145433909
19.02833333,74.77805556,0.028099021
19.02833333,75.46027778,0.025031443
19.02861111,74.395,0.017485199
19.02861111,76.14222222,0.023865763
19.02888889,73.91111111,0.04944937
19.02916667,73.90888889,0.048529096
19.02916667,73.9125,0.057701156
19.02916667,74.66111111,0.00466272
19.02944444,74.65055556,0.110555539
19.02944444,75.70555556,0.024786036
19.02972222,76.02944444,0.025338201
19.03,74.67138889,0.044817326
19.03,74.76694444,0.016871683
19.03027778,74.47777778,0.026626584
19.03055556,74.70916667,0.01616614
19.03055556,75.75333333,0.012515721
19.03083333,74.61083333,0.108316206
19.03111111,73.91027778,0.021963864
19.03111111,74.80833333,0.067272002
19.03138889,75.51055556,0.026319826
19.03138889,75.70611111,0.046903279
19.03138889,75.70777778,0.035154453
19.03166667,73.86916667,0.036780269
19.03166667,74.70444444,0.016656953
19.03166667,75.70611111,0.026043744
19.03194444,74.39527778,0.026319826
19.03194444,74.42083333,0.022485352
19.0325,74.66833333,0.113500414
19.0325,74.68,0.132059266
19.03277778,76.29222222,0.005429614
19.03305556,73.71111111,0.080339888
19.03305556,74.55527778,0.01733182
19.03305556,74.64388889,0.123163287
19.03305556,74.68416667,0.18031228
19.03305556,74.73888889,0.025000767
19.03333333,74.13388889,0.042915427
19.03361111,74.17111111,0.027546857
19.03361111,75.71805556,0.038927574
19.03388889,74.5725,0.025154146
19.03388889,74.83555556,0.013374643
19.03388889,75.17083333,0.024786036
19.03416667,74.21,0.051075186
19.03444444,74.32083333,0.022178594
19.03444444,74.62,0.009785576
19.03444444,74.65444444,0.02220927
19.03472222,73.93472222,0.029295377
19.03472222,74.11833333,0.030645112
19.03472222,74.6325,0.02512347
19.03527778,74.39027778,0.012761128
19.03555556,74.68111111,0.027792264
19.03555556,75.60111111,0.051167214
19.03583333,73.965,0.030645112
19.03583333,75.71416667,0.032485659
19.03611111,74.64777778,0.015644652
19.03611111,74.66,0.018957637
19.03638889,74.575,0.024847388
19.03638889,74.74527778,0.029694162
19.03638889,75.1625,0.021933188
19.03666667,74.55138889,0.017761281
19.03694444,73.43916667,0.061320899
19.03694444,74.13444444,0.019479125
19.03694444,75.37944444,0.009908279
19.03722222,73.94333333,0.056780883
19.03722222,74.17111111,0.034264855
19.0375,75.21361111,0.060093868
19.03777778,74.9775,0.021779809
19.03805556,74.2075,0.01812939
19.03805556,74.64805556,0.118715298
19.03833333,74.51944444,0.0184975
19.03861111,74.65555556,0.115064879
19.03888889,74.79666667,0.054142765
19.03888889,75.37,0.010092334
19.03916667,73.94138889,0.030215651
19.03916667,74.16611111,0.034264855
19.03916667,76.20277778,0.031197276
19.03944444,73.95305556,0.014632351
19.03972222,74.69416667,0.01325194
19.03972222,75.71638889,0.028927268
19.04,74.73333333,0.044817326
19.04,75.30972222,0.036289457
19.04027778,74.1575,0.049050584
19.04027778,74.65111111,0.006902052
19.04055556,75.07638889,0.023313599
19.04055556,75.23694444,0.044510568
19.04083333,74.61333333,0.149145679
19.04111111,74.53888889,0.027362803
19.04111111,74.94166667,0.018681555
19.04138889,74.755,0.020736832
19.04138889,76.18888889,0.023589681
19.04166667,75.18444444,0.061566306
19.04194444,73.43666667,0.067456057
19.04194444,74.07,0.144145526
19.04194444,74.6975,0.071750667
19.04222222,74.76833333,0.135771036
19.04222222,75.46444444,0.021503727
19.04222222,75.92555556,0.027638885
19.0425,74.35722222,0.034264855
19.0425,74.53916667,0.02220927
19.0425,74.64916667,0.22335041
19.04277778,74.31611111,0.027546857
19.04277778,74.3475,0.016595601
19.04277778,74.90111111,0.018988313
19.04277778,75.71666667,0.036166754
19.04305556,74.37416667,0.019479125
19.04305556,74.66611111,0.080861376
19.04361111,74.38916667,0.024847388
19.04361111,74.56333333,0.013221264
19.04388889,74.17722222,0.036964324
19.04388889,74.34055556,0.017454523
19.04416667,75.18388889,0.070462284
19.04472222,73.94166667,0.015552624
19.04583333,73.93916667,0.018282769
19.04583333,74.14222222,0.02082886
19.04583333,74.38055556,0.034264855
19.04583333,74.68777778,0.012331667
19.04638889,75.29361111,0.080861376
19.04777778,75.06277778,0.060093868
19.04777778,75.07388889,0.094972238
19.04805556,74.35472222,0.039663793
19.04833333,74.31277778,0.038314059
19.04861111,74.10527778,0.035614589
19.04861111,74.14083333,0.034264855
19.04861111,74.77972222,0.028006994
19.04888889,75.55277778,0.010030983
19.04916667,74.38444444,0.018221418
19.04916667,74.66305556,0.016350195
19.04972222,74.14444444,0.091996687
19.04972222,74.64472222,0.016380871
19.05,75.085,0.013466671
19.05027778,73.81722222,0.122672475
19.05027778,74.74666667,0.117887052
19.05055556,74.11916667,0.042915427
19.05055556,74.20694444,0.034264855
19.05055556,74.68222222,0.018926961
19.05055556,75.5625,0.027056045
19.05055556,75.85388889,0.120923955
19.05083333,74.11666667,0.012239639
19.05083333,74.28333333,0.082793951
19.05111111,74.52361111,0.012945182
19.05166667,75.43694444,0.019509801
19.0525,74.11666667,0.067456057
19.0525,74.68777778,0.069603362
19.0525,74.75833333,0.016595601
19.0525,74.76694444,0.021810485
19.05277778,74.44805556,0.018528176
19.05277778,74.58777778,0.030246327
19.05333333,73.65055556,0.025522255
19.05333333,74.33722222,0.027546857
19.05361111,74.16527778,0.022178594
19.05361111,74.44805556,0.020736832
19.05388889,74.68972222,0.020276696
19.05416667,74.54472222,0.031780116
19.05472222,74.36083333,0.02162643
19.05472222,74.36972222,0.017945336
19.05472222,74.38833333,0.026166447
19.05472222,74.39527778,0.022362649
19.05472222,74.47777778,0.014386944
19.05472222,76.02611111,0.053406546
19.055,74.17305556,0.02687199
19.05527778,74.3275,0.014540323
19.05527778,74.36083333,0.019540477
19.05527778,74.395,0.017485199
19.05555556,74.57361111,0.025522255
19.05583333,74.59277778,0.024172521
19.05611111,75.87888889,0.027976318
19.05638889,75.08638889,0.00116568
19.05666667,73.77111111,0.054020062
19.05666667,74.52944444,0.031933495
19.05666667,74.7525,0.020399399
19.05694444,73.77,0.017362496
19.05694444,74.27527778,0.024847388
19.05694444,74.63305556,0.128347495
19.05722222,74.36583333,0.02687199
19.0575,74.63722222,0.181048498
19.0575,75.57972222,0.037853922
19.05777778,74.47916667,0.028528482
19.05833333,75.06805556,0.031872143
19.05861111,74.87916667,0.082333814
19.05916667,74.64833333,0.025736986
19.05944444,74.21027778,0.027546857
19.05944444,74.72583333,0.022025215
19.05944444,76.4075,0.048191662
19.05972222,74.9875,0.016319519
19.06055556,74.67388889,0.013466671
19.06083333,75.89972222,0.016227492
19.06111111,74.59333333,0.02082886
19.06111111,75.02083333,0.103868217
19.06138889,74.57111111,0.02687199
19.06166667,74.66138889,0.077885825
19.06166667,74.8225,0.103131998
19.0625,74.65805556,0.064541857
19.0625,75.94777778,0.016779656
19.06277778,75.08861111,0.013466671
19.06305556,74.36083333,0.023098868
19.06333333,74.25944444,0.045032056
19.06361111,74.51111111,0.031933495
19.06388889,74.62583333,0.02454063
19.06388889,74.72361111,0.088284917
19.06416667,74.7425,0.185557839
19.06416667,75.26,0.02512347
19.06527778,75.6725,0.025982392
19.06527778,76.40611111,0.083100709
19.06555556,74.62722222,0.021135618
19.06555556,74.66888889,0.013650725
19.06583333,74.19972222,0.038314059
19.06611111,74.17,0.038314059
19.06666667,74.74277778,0.028773889
19.06722222,74.31138889,0.027546857
19.06805556,74.01694444,0.441393908
19.06805556,74.67138889,0.134298598
19.06833333,74.16194444,0.034264855
19.06833333,74.43055556,0.018957637
19.06861111,74.18722222,0.053099788
19.06888889,74.64361111,0.146170128
19.06944444,73.85972222,0.092364796
19.06944444,74.57555556,0.027546857
19.06944444,74.64416667,0.081597595
19.06972222,73.85444444,0.113623117
19.06972222,73.85916667,0.107886745
19.06972222,74.18416667,0.140433756
19.07,73.85694444,0.085002607
19.07,73.85972222,0.093990613
19.07,74.22972222,0.034264855
19.07027778,73.855,0.046565846
19.07027778,73.85583333,0.085002607
19.07027778,73.86166667,0.105432682
19.07027778,74.34416667,0.027546857
19.07027778,74.57833333,0.028896592
19.07027778,74.7425,0.129083714
19.07083333,73.85361111,0.106260928
19.07083333,75.56611111,0.013466671
19.07111111,73.85444444,0.089082487
19.07111111,74.37111111,0.034264855
19.07138889,73.85944444,0.093990613
19.07138889,73.86055556,0.089910733
19.07138889,73.87944444,0.098101169
19.07166667,73.85444444,0.114420688
19.07166667,73.855,0.106260928
19.07166667,73.86472222,0.070278229
19.07194444,73.86444444,0.068652413
19.07194444,75.7275,0.047148686
19.07222222,74.73055556,0.024601982
19.0725,73.85694444,0.098898739
19.0725,73.85833333,0.085002607
19.07277778,73.8575,0.101352802
19.07277778,73.85833333,0.062087794
19.07277778,73.87833333,0.045768275
19.07305556,73.85416667,0.106260928
19.07305556,74.57388889,0.024847388
19.07333333,73.85527778,0.086628424
19.07333333,74.69027778,0.103316053
19.07361111,73.85583333,0.106260928
19.07361111,73.86083333,0.076842848
19.07361111,74.64361111,0.117212184
19.07361111,74.83916667,0.025890365
19.07388889,73.85555556,0.089082487
19.07388889,73.86166667,0.025307525
19.07388889,73.87166667,0.061290224
19.07388889,73.87388889,0.065370103
19.07388889,74.66222222,0.079388938
19.07416667,74.13388889,0.027546857
19.07444444,73.85944444,0.069449983
19.07444444,73.86055556,0.032669714
19.07472222,73.85916667,0.089910733
19.07527778,73.86194444,0.036749594
19.07527778,74.98611111,0.012546397
19.07527778,75.79833333,0.032945796
19.07555556,73.86166667,0.032669714
19.07555556,74.41527778,0.018528176
19.07555556,75.72138889,0.040461364
19.07583333,74.38833333,0.019233719
19.07583333,74.63472222,0.110555539
19.07583333,74.73555556,0.019847235
19.07611111,73.85416667,0.114420688
19.07611111,73.85805556,0.061290224
19.07611111,73.86,0.035123777
19.07611111,73.86388889,0.088254241
19.07611111,74.55416667,0.028528482
19.07611111,74.67083333,0.068253627
19.07638889,73.85305556,0.044940029
19.07638889,73.85444444,0.098101169
19.07638889,74.67361111,0.079388938
19.07666667,73.8375,0.107886745
19.07666667,75.28805556,0.019387098
19.07694444,73.86277778,0.076014602
19.07694444,74.36083333,0.019264395
19.07694444,74.68194444,0.097917114
19.07722222,73.855,0.097272922
19.07722222,73.87611111,0.065370103
19.07722222,73.87666667,0.085800178
19.07722222,74.19277778,0.034264855
19.07722222,74.64055556,0.178809166
19.07722222,74.66444444,0.089021136
19.07722222,75.66138889,0.035553238
19.0775,74.68055556,0.140219025
19.07777778,74.67083333,0.089021136
19.07777778,76.21777778,0.01303721
19.07805556,73.85444444,0.100524556
19.07833333,73.855,0.049019909
19.07833333,73.8725,0.09153655
19.07833333,74.57916667,0.032270929
19.07861111,73.85861111,0.104635112
19.07861111,73.86138889,0.089082487
19.07861111,74.57944444,0.032270929
19.07861111,74.59055556,0.027546857
19.07888889,73.85527778,0.080094481
19.07888889,73.85611111,0.089910733
19.07888889,73.86194444,0.085830854
19.07888889,74.14388889,0.039663793
19.07916667,73.85805556,0.112794871
19.07916667,73.86416667,0.106260928
19.07944444,75.30138889,0.019724531
19.07944444,75.49194444,0.034540937
19.07972222,73.85694444,0.081720298
19.07972222,74.18111111,0.024847388
19.08,73.86111111,0.097272922
19.08,73.86444444,0.109512562
19.08,73.8775,0.118531243
19.08055556,73.86694444,0.065370103
19.08055556,74.53694444,0.017945336
19.08055556,74.67222222,0.083836928
19.08083333,73.84944444,0.089082487
19.08083333,73.85444444,0.080125157
19.08083333,73.86166667,0.036749594
19.08083333,74.37472222,0.038314059
19.08083333,74.53361111,0.020890211
19.08111111,73.86388889,0.078437989
19.08111111,74.675,0.101628884
19.08138889,73.86166667,0.080094481
19.08138889,74.57388889,0.02687199
19.08166667,73.85638889,0.122611123
19.08166667,73.86138889,0.077640418
19.08166667,74.04583333,0.10027915
19.08194444,74.6475,0.117212184
19.08222222,73.85333333,0.085800178
19.08222222,73.85833333,0.057210344
19.08277778,73.85777778,0.061290224
19.08277778,74.34888889,0.027546857
19.08305556,73.86111111,0.074358109
19.08305556,74.12305556,0.01812939
19.08333333,73.85555556,0.058836161
19.08361111,74.2875,0.027546857
19.08361111,74.57138889,0.014939109
19.08388889,73.855,0.063744287
19.08388889,73.85527778,0.049019909
19.08388889,74.02333333,0.032270929
19.08388889,74.73194444,0.013159913
19.08416667,73.85111111,0.106260928
19.08416667,73.86583333,0.065370103
19.08416667,74.32694444,0.020153992
19.08444444,74.67277778,0.099420228
19.08444444,74.71722222,0.080861376
19.08472222,74.68666667,0.113500414
19.08472222,74.87111111,0.013466671
19.085,73.85805556,0.053099788
19.085,73.85972222,0.031841468
19.085,74.23222222,0.027546857
19.085,74.69166667,0.094972238
19.085,74.69583333,0.054142765
19.085,74.7725,0.010153686
19.08527778,74.77333333,0.103131998
19.08555556,73.85472222,0.122611123
19.08555556,74.14694444,0.027546857
19.08555556,74.73138889,0.013466671
19.08583333,73.86138889,0.079266235
19.08611111,73.86194444,0.073560539
19.08638889,74.65722222,0.052455597
19.08638889,75.19416667,0.051167214
19.08666667,73.85361111,0.082548544
19.08666667,73.87833333,0.028559158
19.08694444,73.85333333,0.076812172
19.08694444,73.86166667,0.101352802
19.08694444,73.86305556,0.040031903
19.08722222,73.85888889,0.076812172
19.08722222,74.19805556,0.034264855
19.08722222,74.59055556,0.028221725
19.08722222,75.08527778,0.068989846
19.0875,73.855,0.032669714
19.0875,75.855,0.071904046
19.08777778,73.85361111,0.082548544
19.08777778,73.85861111,0.072732292
19.08777778,74.66888889,0.060093868
19.08805556,73.86333333,0.085800178
19.08805556,73.88777778,0.073560539
19.08805556,74.03277778,0.02687199
19.08805556,74.61777778,0.120187736
19.08833333,73.86166667,0.031626737
19.08833333,73.865,0.102181048
19.08833333,74.1425,0.045032056
19.08916667,73.85222222,0.076842848
19.08916667,73.85944444,0.082548544
19.08916667,75.84083333,0.021074266
19.08944444,76.06694444,0.025154146
19.08972222,73.85777778,0.098898739
19.08972222,73.86166667,0.102181048
19.08972222,74.40388889,0.027546857
19.08972222,74.66,0.080861376
19.08972222,75.25694444,0.080861376
19.09,73.85944444,0.085002607
19.09,74.65972222,0.066014295
19.09027778,74.64444444,0.081597595
19.09027778,74.67,0.099420228
19.09055556,73.86166667,0.080892052
19.09055556,73.88,0.026135771
19.09055556,76.17722222,0.117979079
19.09083333,73.865,0.057210344
19.09083333,75.48305556,0.013098561
19.09111111,75.40361111,0.024786036
19.09138889,74.72722222,0.03095187
19.09166667,73.86583333,0.072732292
19.09166667,73.86611111,0.034295531
19.09166667,74.42944444,0.012914507
19.09166667,74.51722222,0.023528329
19.09166667,74.78916667,0.086751127
19.09194444,73.85972222,0.061290224
19.09194444,74.66944444,0.043007454
19.09194444,75.33777778,0.051167214
19.09222222,74.20222222,0.027546857
19.0925,73.85777778,0.107886745
19.0925,73.86277778,0.050645725
19.0925,74.56388889,0.013804104
19.0925,74.67222222,0.082333814
19.0925,75.33666667,0.009785576
19.0925,76.10916667,0.098684009
19.09277778,74.12527778,0.027546857
19.09277778,74.52138889,0.027209424
19.09277778,74.67194444,0.106076874
19.09305556,73.85361111,0.114451364
19.09305556,74.97083333,0.03757784
19.09333333,73.85166667,0.120985306
19.09333333,73.86083333,0.057179668
19.09333333,74.24222222,0.034264855
19.09388889,73.86,0.061290224
19.09388889,73.86194444,0.098898739
19.09388889,73.86444444,0.047394092
19.09416667,73.86416667,0.051473972
19.09416667,73.86444444,0.090708304
19.09416667,74.07472222,0.021503727
19.09416667,74.64555556,0.146906347
19.09444444,74.03194444,0.027546857
19.09444444,74.72333333,0.149145679
19.09444444,74.94722222,0.020092641
19.09444444,75.11666667,0.015706003
19.09472222,73.86583333,0.071934722
19.09472222,74.14055556,0.038314059
19.095,73.86527778,0.072732292
19.095,73.87166667,0.043314212
19.095,74.48333333,0.018068039
19.095,74.68194444,0.094972238
19.09527778,73.855,0.106260928
19.09527778,73.86166667,0.056382098
19.09527778,75.98916667,0.01733182
19.09555556,73.85555556,0.098070493
19.09555556,73.86416667,0.047394092
19.09555556,74.31083333,0.027546857
19.09583333,75.58777778,0.045983006
19.09611111,73.855,0.099726985
19.09638889,74.66138889,0.091996687
19.09666667,73.85666667,0.125065186
19.09666667,74.51138889,0.025307525
19.09666667,74.6325,0.013466671
19.09666667,75.40444444,0.015920734
19.09722222,74.78888889,0.097917114
19.0975,73.86027778,0.107886745
19.0975,74.73888889,0.013374643
19.09777778,73.85388889,0.031688089
19.09777778,73.85444444,0.028589834
19.09777778,73.855,0.022853462
19.09777778,73.85805556,0.073560539
19.09777778,74.26083333,0.01812939
19.09777778,74.50611111,0.016196816
19.09777778,74.79305556,0.124635725
19.09805556,74.18555556,0.01812939
19.09805556,75.21083333,0.013712077
19.09833333,73.85361111,0.067824166
19.09833333,74.935,0.034326206
19.09944444,74.2075,0.027546857
19.1,74.68666667,0.109788644
19.10027778,74.4725,0.039847848
19.10055556,74.05444444,0.024847388
19.10083333,73.87833333,0.053130464
19.10083333,74.31222222,0.024847388
19.10083333,74.63666667,0.128347495
19.10083333,74.64111111,0.143194577
19.10083333,74.78916667,0.102365103
19.10138889,74.48333333,0.028528482
19.10138889,74.63638889,0.155066106
19.10138889,74.78888889,0.106076874
19.10138889,74.9025,0.016656953
19.10166667,74.31277778,0.02082886
19.10166667,74.425,0.017485199
19.10194444,73.86444444,0.023681708
19.10194444,74.64638889,0.148378785
19.10277778,74.63611111,0.136507255
19.10277778,74.63805556,0.16844075
19.10277778,74.67277778,0.066750514
19.10277778,74.67361111,0.076413387
19.10277778,74.69944444,0.048958557
19.10277778,74.90722222,0.113500414
19.10277778,74.92222222,0.123163287
19.10277778,74.95,0.025000767
19.10305556,74.71916667,0.055615203
19.10333333,73.86,0.11935949
19.10333333,74.13361111,0.034264855
19.10333333,74.16527778,0.248443204
19.10333333,74.37666667,0.027546857
19.10361111,73.86055556,0.089910733
19.10361111,74.3825,0.038314059
19.10388889,74.37,0.020153992
19.10388889,74.49777778,0.019387098
19.10388889,74.64944444,0.140955244
19.10416667,74.67222222,0.098684009
19.10416667,74.68277778,0.078622044
19.10416667,74.79055556,0.115739747
19.10444444,73.86194444,0.080125157
19.10444444,73.88111111,0.06211847
19.10444444,76.11555556,0.010061658
19.10472222,74.66611111,0.112027976
19.105,74.71111111,0.038314059
19.105,75.17083333,0.009785576
19.10527778,73.85888889,0.071904046
19.10555556,74.66027778,0.225773797
19.10583333,74.33416667,0.045032056
19.10583333,74.585,0.023835087
19.10583333,75.80527778,0.021503727
19.10583333,76.28361111,0.025767662
19.10611111,74.5925,0.019356422
19.10611111,74.94972222,0.092732906
19.10694444,75.20694444,0.081597595
19.10722222,73.86361111,0.061290224
19.10722222,75.50333333,0.051167214
19.1075,74.63638889,0.094972238
19.10777778,74.2475,0.01812939
19.10777778,75.27138889,0.006717997
19.10805556,73.85861111,0.076812172
19.10805556,74.93944444,0.018681555
19.10833333,74.74694444,0.016687628
19.10861111,74.21138889,0.02687199
19.10861111,75.0325,0.020399399
19.10916667,74.6375,0.213687536
19.10916667,74.64111111,0.13727415
19.10916667,74.94583333,0.149145679
19.10944444,76.10944444,0.091168441
19.10972222,74.68611111,0.089021136
19.11027778,74.14138889,0.300592043
19.11027778,74.1975,0.027546857
19.11027778,74.75055556,0.037639191
19.11027778,74.83222222,0.035614589
19.11055556,74.16722222,0.024847388
19.11083333,74.30194444,0.020153992
19.11083333,74.63416667,0.178809166
19.11083333,74.75583333,0.025092794
19.11111111,74.66388889,0.016043437
19.11138889,74.40861111,0.015920734
19.11166667,74.17638889,0.125740053
19.11166667,75.5025,0.054878984
19.11166667,75.61,0.015644652
19.11194444,75.02527778,0.121660174
19.11222222,73.86,0.026135771
19.1125,74.79305556,0.123132611
19.1125,75.80444444,0.022362649
19.1125,75.83222222,0.027546857
19.11305556,74.15805556,0.024847388
19.11305556,74.27277778,0.02687199
19.11305556,74.95638889,0.017454523
19.11305556,75.01222222,0.253013896
19.11333333,74.29333333,0.038314059
19.11388889,74.66388889,0.091383171
19.11472222,74.67,0.068253627
19.11527778,74.15222222,0.024847388
19.11527778,75.37444444,0.01500046
19.11527778,75.37722222,0.02395779
19.11555556,74.20027778,0.041013528
19.11583333,74.21583333,0.027546857
19.11583333,74.66638889,0.110555539
19.11638889,74.68583333,0.013466671
19.11694444,73.73416667,0.034939722
19.1175,75.80083333,0.01733182
19.1175,75.97666667,0.024141845
19.11777778,74.55277778,0.01500046
19.11777778,74.70222222,0.117212184
19.11805556,73.94361111,0.165495874
19.11805556,74.80694444,0.149145679
19.11805556,75.02277778,0.071198503
19.11833333,75.72222222,0.014693702
19.11861111,75.99666667,0.03211755
19.11972222,74.69888889,0.045614896
19.12,74.67083333,0.048958557
19.12,74.89222222,0.019509801
19.12027778,74.08055556,0.02941808
19.12027778,74.275,0.025890365
19.12055556,73.85916667,0.031841468
19.12111111,75.25055556,0.025736986
19.12138889,74.43916667,0.199361944
19.12166667,74.67222222,0.079388938
19.12166667,75.33666667,0.012546397
19.12222222,74.67833333,0.099420228
19.12222222,74.77916667,0.079388938
19.12222222,75.30166667,0.033375257
19.1225,74.1325,0.034264855
19.12305556,74.67972222,0.181784717
19.12305556,74.71416667,0.056259394
19.12388889,75.36416667,0.037669867
19.12416667,74.70111111,0.184760269
19.12444444,75.58166667,0.068683088
19.12472222,74.715,0.145433909
19.12472222,74.72666667,0.015920734
19.12472222,75.64027778,0.054142765
19.12527778,73.64444444,0.024509954
19.12527778,74.73805556,0.068683088
19.12527778,75.78361111,0.018681555
19.12583333,74.78916667,0.087548698
19.12666667,74.54638889,0.018957637
19.12666667,74.58722222,0.023528329
19.12666667,74.70888889,0.126138839
19.12666667,74.73583333,0.104267002
19.1275,74.66861111,0.057854535
19.1275,74.93944444,0.01733182
19.12777778,74.41388889,0.205497101
19.12777778,74.70138889,0.134298598
19.12777778,74.84472222,0.020982239
19.12777778,74.8475,0.076413387
19.12805556,74.70333333,0.012822479
19.12805556,74.72694444,0.033712691
19.12861111,74.70388889,0.129083714
19.12888889,74.53666667,0.023098868
19.12888889,74.70111111,0.136507255
19.12888889,74.74,0.135556305
19.12916667,74.45333333,0.018374797
19.12916667,74.65916667,0.027056045
19.12916667,74.67,0.087548698
19.12916667,74.74111111,0.020736832
19.12972222,74.67305556,0.070462284
19.13,74.20583333,0.130586828
19.13,76.19138889,0.15656922
19.13055556,73.7075,0.055185742
19.13055556,74.16111111,0.055155066
19.13055556,74.77416667,0.094205344
19.13083333,74.60694444,0.138746587
19.13083333,74.71111111,0.022025215
19.13111111,73.70638889,0.050277616
19.13138889,73.70305556,0.10027915
19.13138889,73.70805556,0.10027915
19.13138889,74.71444444,0.121660174
19.13138889,75.71555556,0.037700543
19.13138889,75.86416667,0.013712077
19.13166667,74.145,0.036289457
19.13166667,74.54972222,0.067456057
19.13194444,73.69888889,0.155495567
19.13194444,73.70583333,0.115310286
19.13194444,74.76972222,0.033405933
19.13194444,74.78333333,0.098684009
19.13222222,74.61083333,0.016656953
19.13222222,74.71638889,0.125371944
19.13222222,75.11166667,0.006717997
19.13277778,74.4725,0.013528022
19.13277778,74.71333333,0.121660174
19.13277778,74.71361111,0.140955244
19.13305556,73.70888889,0.045062732
19.13305556,73.71027778,0.09015614
19.13305556,73.71444444,0.075125004
19.13305556,74.6975,0.124635725
19.13333333,73.95333333,0.125371944
19.13333333,74.79027778,0.092732906
19.13361111,73.95055556,0.265836375
19.13361111,74.855,0.066750514
19.13388889,73.83416667,0.049050584
19.13388889,74.73722222,0.103131998
19.13416667,73.83527778,0.122672475
19.13416667,74.73722222,0.100156447
19.13416667,74.7375,0.143930795
19.13444444,73.81722222,0.042915427
19.13444444,73.81777778,0.061320899
19.13444444,73.81861111,0.021442376
19.13444444,73.81916667,0.061320899
19.13444444,73.83472222,0.055185742
19.13444444,73.83527778,0.116537317
19.13444444,74.13527778,0.085861529
19.13444444,74.15111111,0.064388478
19.13444444,74.67611111,0.013528022
19.13444444,74.71444444,0.083836928
19.13472222,73.81861111,0.052118163
19.13472222,73.83444444,0.042915427
19.13472222,73.83527778,0.122672475
19.13472222,73.85055556,0.119604896
19.13472222,74.13388889,0.125740053
19.13472222,74.13583333,0.088929108
19.13472222,74.20194444,0.018374797
19.13472222,74.67777778,0.086045584
19.13472222,74.77916667,0.057854535
19.13472222,74.85111111,0.049050584
19.13472222,75.37222222,0.027362803
19.135,73.81722222,0.024509954
19.135,73.83388889,0.018374797
19.135,73.83527778,0.045983006
19.135,73.85111111,0.036780269
19.135,73.85194444,0.052118163
19.135,74.1525,0.055185742
19.135,74.20055556,0.024509954
19.13527778,74.85888889,0.091260468
19.13555556,74.67694444,0.133562379
19.13555556,74.79027778,0.069726065
19.13555556,75.49472222,0.018957637
19.13583333,73.81777778,0.00917206
19.13583333,73.81916667,0.018374797
19.13583333,73.83472222,0.027577533
19.13583333,73.85194444,0.128807632
19.13583333,74.20055556,0.052118163
19.13583333,74.20138889,0.138010368
19.13583333,74.69361111,0.083100709
19.13583333,74.77805556,0.102365103
19.13611111,75.16666667,0.015736679
19.13638889,73.94638889,0.090248167
19.13638889,74.38666667,0.029571459
19.13666667,75.11416667,0.014509648
19.13694444,74.85611111,0.080125157
19.13722222,73.94138889,0.145433909
19.13722222,73.94222222,0.235712752
19.1375,73.93388889,0.040093254
19.1375,73.94083333,0.050124237
19.1375,73.94111111,0.035093101
19.1375,73.94138889,0.145433909
19.1375,73.95583333,0.210650633
19.1375,74.68916667,0.069726065
19.1375,75.37361111,0.021319672
19.13777778,73.96555556,0.095278996
19.13777778,74.73527778,0.094972238
19.13805556,74.54833333,0.009785576
19.13805556,74.73361111,0.117212184
19.13805556,74.73555556,0.106843768
19.13805556,74.85888889,0.058590754
19.13805556,75.3725,0.018528176
19.13833333,73.93388889,0.083652873
19.13833333,74.12972222,0.027546857
19.13861111,74.68555556,0.198104236
19.13888889,73.93861111,0.005000153
19.13888889,75.06111111,0.01966318
19.13916667,74.68611111,0.140219025
19.13916667,74.69027778,0.097917114
19.13916667,74.715,0.106076874
19.13916667,75.975,0.030982545
19.13944444,73.9475,0.336175956
19.13944444,76.03,0.047455443
19.13972222,74.72444444,0.080125157
19.14,73.94277778,0.145433909
19.14,73.94361111,0.130402773
19.14027778,74.77361111,0.104389705
19.14027778,74.78472222,0.099420228
19.14027778,74.78944444,0.063038744
19.14055556,73.95333333,0.225681769
19.14055556,74.72444444,0.046719225
19.14111111,74.81388889,0.049970858
19.14111111,75.60083333,0.086045584
19.14166667,73.94916667,0.112242707
19.14166667,74.55833333,0.019693856
19.14194444,74.68055556,0.072701617
19.14194444,76.06666667,0.030921194
19.1425,74.73611111,0.055615203
19.1425,75.77138889,0.022393325
19.14277778,74.2525,0.027546857
19.14277778,74.74777778,0.025522255
19.14305556,74.24416667,0.027546857
19.14361111,74.03083333,0.10027915
19.14361111,74.14388889,0.032270929
19.14361111,74.26555556,0.02687199
19.14361111,74.66888889,0.109788644
19.14388889,74.87694444,0.019571152
19.14416667,75.29833333,0.025951716
19.14444444,74.67916667,0.142458358
19.14444444,74.88611111,0.023405626
19.14472222,74.44333333,0.018068039
19.14472222,75.3275,0.020491426
19.145,73.94361111,0.010000307
19.14527778,74.27861111,0.027546857
19.14555556,74.65861111,0.02162643
19.14583333,74.24027778,0.027546857
19.14638889,74.28666667,0.039663793
19.14638889,74.74,0.07070769
19.14666667,75.21027778,0.051167214
19.14694444,75.67944444,0.012914507
19.14722222,73.94416667,0.275867358
19.1475,73.8975,0.085769502
19.1475,74.19388889,0.041013528
19.1475,74.235,0.165495874
19.14777778,74.19333333,0.014755054
19.14777778,75.07527778,0.040400012
19.14805556,74.17,0.034264855
19.14805556,74.17527778,0.027546857
19.14888889,74.24666667,0.01812939
19.14916667,74.42805556,0.026319826
19.14916667,74.51611111,0.024264548
19.14944444,76.21833333,0.024878064
19.15,73.94638889,0.105309979
19.15055556,73.61833333,0.040093254
19.15055556,73.72722222,0.120218412
19.15111111,74.13861111,0.027546857
19.15111111,74.72027778,0.057854535
19.15138889,73.85111111,0.122672475
19.15138889,74.6825,0.069726065
19.15138889,74.7225,0.090493573
19.15138889,75.57361111,0.009785576
19.15138889,75.77472222,0.043283536
19.15166667,74.57166667,0.025583607
19.15166667,76.10972222,0.013466671
19.15222222,74.94666667,0.014693702
19.1525,74.60083333,0.021902512
19.15277778,73.95166667,0.040093254
19.15305556,73.71027778,0.361023344
19.15305556,74.43888889,0.027822939
19.15333333,75.03666667,0.013221264
19.15388889,74.91388889,0.083836928
19.15444444,74.1925,0.024847388
19.15444444,74.23222222,0.027546857
19.155,74.71583333,0.016656953
19.155,74.71972222,0.065094021
19.15527778,73.94305556,0.090248167
19.15555556,74.75305556,0.010184361
19.15555556,76.36027778,0.045246787
19.15583333,73.95166667,0.305960306
19.15611111,74.89083333,0.044142458
19.15611111,75.89194444,0.027056045
19.15638889,74.05972222,0.107334581
19.15638889,74.49,0.036166754
19.15638889,74.57166667,0.023681708
19.15694444,73.83055556,0.215650787
19.15694444,74.14666667,0.024847388
19.15694444,74.63111111,0.022025215
19.15694444,75.74472222,0.014632351
19.15722222,74.05388889,0.220681616
19.15722222,74.79277778,0.012730452
19.15722222,75.205,0.053406546
19.1575,75.03666667,0.008067732
19.15777778,75.33194444,0.016043437
19.15805556,73.70861111,0.255805393
19.15833333,73.71277778,0.065308752
19.15833333,74.62333333,0.167673855
19.15833333,74.72027778,0.053406546
19.15833333,74.83611111,0.097180895
19.15833333,75.20055556,0.046719225
19.15888889,74.90388889,0.019632504
19.15888889,75.64972222,0.019448449
19.15916667,75.28638889,0.01616614
19.15944444,74.16666667,0.041688395
19.15944444,74.73861111,0.102150373
19.15972222,74.25388889,0.014755054
19.15972222,74.51972222,0.089757355
19.15972222,74.73611111,0.008251787
19.16,75.2075,0.071198503
19.16027778,76.20305556,0.013558698
19.16055556,74.045,0.070186202
19.16055556,74.05555556,0.180557686
19.16055556,74.55972222,0.022945489
19.16055556,74.89388889,0.019264395
19.16083333,74.55166667,0.032209577
19.16111111,75.31944444,0.037547164
19.16138889,74.44166667,0.235712752
19.16166667,74.685,0.083100709
19.16194444,74.55166667,0.014540323
19.16194444,74.72722222,0.112764195
19.16222222,73.61444444,0.064541857
19.16222222,74.67694444,0.063038744
19.1625,74.73666667,0.095278996
19.1625,74.74805556,0.200435596
19.1625,74.77361111,0.162090862
19.16277778,74.74833333,0.147366484
19.16277778,74.76444444,0.162090862
19.16305556,74.72333333,0.055615203
19.16305556,74.74777778,0.079572993
19.16333333,75.89277778,0.028467131
19.16416667,74.73972222,0.188625418
19.16416667,74.74944444,0.062547931
19.16416667,74.77777778,0.079572993
19.16444444,75.2025,0.068989846
19.165,74.78611111,0.028467131
19.16527778,74.74027778,0.001932575
19.16527778,74.74472222,0.093315746
19.16527778,75.17916667,0.020583453
19.16555556,74.74694444,0.081536243
19.16611111,74.29916667,0.041688395
19.16611111,74.72,0.013712077
19.16611111,74.75305556,0.06874444
19.16638889,74.75277778,0.009785576
19.16638889,74.75805556,0.160127611
19.16666667,75.12777778,0.071965398
19.16694444,73.71583333,0.065308752
19.16694444,74.815,0.025859689
19.16694444,75.345,0.035583914
19.16722222,74.30694444,0.041688395
19.16722222,74.68527778,0.039265008
19.16722222,74.76888889,0.058928188
19.16722222,74.78111111,0.114267309
19.16722222,74.78611111,0.012730452
19.16722222,75.05777778,0.024847388
19.16722222,75.20638889,0.058590754
19.1675,74.30694444,0.035614589
19.1675,74.79527778,0.167980613
19.1675,75.03,0.037823246
19.16777778,73.87138889,0.170526703
19.16777778,73.88805556,0.303659621
19.16777778,74.7125,0.058590754
19.16777778,74.78944444,0.32326145
19.16805556,74.18027778,0.15620111
19.16805556,74.675,0.054878984
19.16805556,74.73805556,0.001932575
19.16805556,74.79361111,0.143439983
19.16805556,75.20805556,0.102365103
19.16833333,73.69861111,0.135402926
19.16833333,73.88833333,0.303659621
19.16833333,75.99611111,0.009785576
19.16861111,73.79861111,0.135402926
19.16861111,73.85972222,0.130341422
19.16861111,75.19083333,0.044510568
19.16861111,75.44694444,0.121660174
19.16888889,73.79583333,0.090248167
19.16888889,74.75861111,0.029448756
19.16916667,73.75055556,0.255805393
19.16916667,73.87388889,0.075217031
19.16916667,73.87416667,0.110310132
19.16916667,73.87444444,0.125371944
19.16916667,73.875,0.140433756
19.16916667,75.21027778,0.020644805
19.16944444,73.71055556,0.120218412
19.16944444,73.71194444,0.080339888
19.16944444,73.87,0.020031289
19.16944444,73.87416667,0.145433909
19.16944444,73.89055556,0.230712599
19.16944444,74.34944444,0.085248014
19.16944444,74.75944444,0.176845916
19.16972222,73.89083333,0.371146354
19.16972222,73.92027778,0.339857051
19.16972222,74.75472222,0.025736986
19.16972222,76.07722222,0.01128869
19.17,73.57333333,0.046688549
19.17,73.79583333,0.245743734
19.17,73.875,0.095064266
19.17,74.70972222,0.103868217
19.17,74.76861111,0.038283383
19.17,74.77194444,0.016687628
19.17027778,73.71583333,0.030031596
19.17027778,73.87527778,0.444768244
19.17027778,73.87583333,0.280867511
19.17027778,73.87666667,0.365011197
19.17027778,74.17694444,0.038314059
19.17027778,74.68166667,0.087425995
19.17027778,74.72027778,0.186232707
19.17027778,74.72638889,0.165495874
19.17027778,74.7725,0.02257738
19.17027778,74.77361111,0.021595754
19.17027778,74.77694444,0.510935918
19.17027778,74.77722222,0.105340655
19.17027778,74.78222222,0.009785576
19.17027778,74.79916667,0.047148686
19.17055556,73.79583333,0.115340961
19.17055556,73.79611111,0.050124237
19.17055556,74.55222222,0.015031136
19.17055556,74.74277778,0.385165189
19.17055556,74.75888889,0.008803951
19.17055556,75.64,0.02512347
19.17083333,73.71333333,0.045062732
19.17083333,73.78777778,0.060155219
19.17083333,73.79583333,0.105309979
19.17083333,73.79611111,0.090248167
19.17083333,73.82666667,0.025062118
19.17083333,73.86222222,0.105187276
19.17083333,73.87388889,0.090248167
19.17083333,73.87472222,0.285867665
19.17083333,74.67611111,0.009785576
19.17083333,74.72027778,0.050584374
19.17083333,74.73805556,0.177827541
19.17083333,74.78416667,0.148348109
19.17083333,75.27805556,0.100892665
19.17111111,73.86666667,0.165495874
19.17111111,73.87138889,0.303659621
19.17111111,73.87416667,0.045124084
19.17111111,73.87444444,0.300929476
19.17111111,73.87638889,0.040093254
19.17111111,73.88166667,0.067456057
19.17111111,73.88194444,0.144145526
19.17111111,74.72027778,0.091996687
19.17111111,74.75694444,0.037301758
19.17138889,73.71861111,0.060093868
19.17138889,73.79583333,0.040093254
19.17138889,73.88194444,0.170526703
19.17138889,73.97166667,0.20856468
19.17138889,74.15222222,0.027546857
19.17138889,74.16722222,0.027546857
19.17138889,74.23583333,0.061320899
19.17138889,74.73861111,0.17390104
19.17166667,73.56638889,0.032945796
19.17166667,73.88194444,0.073591214
19.17166667,74.76111111,0.026657259
19.17166667,75.20944444,0.058590754
19.17194444,73.79611111,0.125371944
19.17194444,73.92666667,0.110310132
19.17194444,73.92694444,0.115340961
19.17194444,73.97111111,0.217767416
19.17194444,74.6075,0.154329887
19.17194444,74.76666667,0.207306973
19.17222222,73.57333333,0.016472898
19.17222222,73.71388889,0.030031596
19.17222222,73.79583333,0.050124237
19.17222222,73.79611111,0.205619804
19.17222222,73.84166667,0.235712752
19.17222222,74.75166667,0.113960551
19.17222222,74.77416667,0.161109236
19.17222222,76.01194444,0.026043744
19.1725,73.74388889,0.060093868
19.1725,74.16722222,0.027546857
19.1725,75.28527778,0.031013221
19.1725,75.42944444,0.074910273
19.17277778,73.58888889,0.052455597
19.17277778,73.71083333,0.055185742
19.17277778,73.79611111,0.135402926
19.17277778,73.87611111,0.040093254
19.17277778,73.92722222,0.115340961
19.17277778,74.63166667,0.009785576
19.17277778,74.76472222,0.017669254
19.17305556,73.8575,0.366238228
19.17305556,73.92694444,0.115340961
19.17305556,75.03472222,0.030890518
19.17333333,73.79611111,0.145433909
19.17333333,73.87638889,0.075217031
19.17333333,74.70777778,0.035093101
19.17333333,74.74194444,0.006840701
19.17333333,74.76472222,0.027485506
19.17333333,74.76944444,0.02454063
19.17361111,73.79611111,0.045124084
19.17361111,73.82472222,0.070186202
19.17361111,73.82916667,0.130402773
19.17361111,73.85638889,0.070216878
19.17361111,73.875,0.160495721
19.17361111,73.87611111,0.105309979
19.17361111,73.87666667,0.120341115
19.17361111,73.90083333,0.027577533
19.17361111,74.69361111,0.012853155
19.17361111,74.73916667,0.083499494
19.17361111,75.2125,0.067486733
19.17361111,75.21333333,0.094205344
19.17388889,73.55666667,0.025614283
19.17388889,73.8175,0.255805393
19.17388889,73.825,0.110310132
19.17388889,73.82555556,0.120341115
19.17388889,73.82916667,0.075217031
19.17388889,73.83638889,0.145433909
19.17388889,73.87638889,0.185557839
19.17388889,74.25583333,0.037639191
19.17388889,74.30694444,0.035614589
19.17388889,74.56444444,0.009969631
19.17388889,74.68722222,0.205619804
19.17388889,74.69777778,0.077149606
19.17388889,74.7175,0.050124237
19.17388889,74.73416667,0.103131998
19.17388889,74.7475,0.033712691
19.17416667,73.56527778,0.03662689
19.17416667,73.79583333,0.250774564
19.17416667,73.82888889,0.290898494
19.17416667,73.82916667,0.150464738
19.17416667,73.82944444,0.040093254
19.17416667,74.48555556,0.009969631
19.17416667,74.76138889,0.105095248
19.17444444,73.72111111,0.115310286
19.17444444,73.79583333,0.050124237
19.17444444,73.825,0.110310132
19.17444444,74.29333333,0.034264855
19.175,73.67444444,0.200588975
19.175,73.71861111,0.030031596
19.175,73.75166667,0.09015614
19.175,73.87583333,0.130402773
19.175,73.87638889,0.080217185
19.175,75.13888889,0.079388938
19.17527778,73.71583333,0.065308752
19.17527778,73.72555556,0.120341115
19.17527778,73.82638889,0.090248167
19.17527778,73.92166667,0.095278996
19.17527778,74.69777778,0.175526857
19.17527778,74.74638889,0.020614129
19.17527778,74.7575,0.299671769
19.17527778,74.76527778,0.166017362
19.17527778,74.76666667,0.08840762
19.17527778,74.82416667,0.001932575
19.17555556,73.82666667,0.120341115
19.17555556,73.87555556,0.090248167
19.17555556,73.87583333,0.115340961
19.17555556,74.56416667,0.02512347
19.17555556,74.66833333,0.01128869
19.17555556,74.66944444,0.097917114
19.17555556,74.71388889,0.058590754
19.17555556,74.72027778,0.080861376
19.17555556,75.21361111,0.059326973
19.17583333,73.57305556,0.026534556
19.17583333,73.7075,0.01500046
19.17583333,73.71416667,0.080339888
19.17583333,74.27944444,0.027546857
19.17583333,74.495,0.021166293
19.17583333,74.70027778,0.075217031
19.17583333,74.70222222,0.005000153
19.17583333,74.70888889,0.060155219
19.17583333,75.21583333,0.051903433
19.17583333,75.82138889,0.019540477
19.17611111,73.55805556,0.026534556
19.17611111,74.42611111,0.012914507
19.17611111,74.50444444,0.023528329
19.17611111,74.55222222,0.180557686
19.17611111,74.7075,0.170526703
19.17611111,74.76833333,0.010767201
19.17638889,73.56166667,0.02745483
19.17638889,73.87527778,0.045124084
19.17638889,74.71722222,0.090248167
19.17638889,74.76166667,0.128684929
19.17638889,75.27916667,0.031872143
19.17666667,73.79611111,0.110310132
19.17666667,73.82944444,0.020031289
19.17666667,73.84555556,0.255805393
19.17666667,74.77638889,0.121813553
19.17694444,73.84472222,0.085248014
19.17694444,74.69916667,0.097180895
19.17694444,74.74277778,0.040093254
19.17694444,74.7975,0.180772416
19.17694444,75.25527778,0.031626737
19.17722222,73.79611111,0.240743581
19.17722222,73.82694444,0.165495874
19.17722222,73.93166667,0.185557839
19.17722222,74.72388889,0.045124084
19.17722222,74.78916667,0.15227461
19.1775,73.55944444,0.021963864
19.1775,73.92166667,0.115340961
19.1775,73.93083333,0.38617749
19.1775,73.93166667,0.110310132
19.1775,73.93277778,0.105309979
19.1775,74.56027778,0.230712599
19.1775,74.67166667,0.094972238
19.1775,74.70055556,0.065186049
19.17777778,73.88,0.058253321
19.17777778,74.70444444,0.085248014
19.17777778,74.75666667,0.136537931
19.17777778,74.75694444,0.012730452
19.17805556,73.92111111,0.035093101
19.17805556,74.23666667,0.039663793
19.17805556,74.24194444,0.039663793
19.17805556,74.74305556,0.315377772
19.17805556,74.75138889,0.102150373
19.17805556,74.75694444,0.02454063
19.17805556,74.79194444,0.06874444
19.17805556,74.90805556,0.107058499
19.17833333,73.79888889,0.055155066
19.17833333,73.82222222,0.115340961
19.17833333,73.92027778,0.165495874
19.17833333,73.9325,0.110310132
19.17833333,73.94888889,0.070186202
19.17833333,74.75305556,0.08840762
19.17861111,73.74833333,0.150587441
19.17861111,74.7475,0.04616706
19.17861111,74.79055556,0.133593055
19.17861111,75.25888889,0.012914507
19.17888889,73.56111111,0.029295377
19.17888889,73.79888889,0.020031289
19.17888889,73.92194444,0.230712599
19.17888889,73.92722222,0.185557839
19.17888889,74.53666667,0.31102181
19.17888889,74.55361111,0.065186049
19.17888889,74.605,0.085248014
19.17888889,74.60638889,0.085248014
19.17888889,74.6075,0.055155066
19.17888889,74.74638889,0.107058499
19.17916667,73.79888889,0.205619804
19.17916667,73.89666667,0.150587441
19.17916667,74.26972222,0.037639191
19.17916667,74.55333333,0.170526703
19.17916667,74.59555556,0.010000307
19.17916667,74.73361111,0.030062272
19.17944444,73.56166667,0.070186202
19.17944444,73.83666667,0.050124237
19.17944444,73.89361111,0.11040216
19.17944444,74.57277778,0.075217031
19.17972222,73.79833333,0.260805546
19.17972222,73.85527778,0.10027915
19.17972222,73.88666667,0.150464738
19.17972222,73.88722222,0.190588668
19.17972222,74.54361111,0.070186202
19.17972222,74.75583333,0.13457468
19.17972222,74.77694444,0.121813553
19.18,73.82638889,0.215650787
19.18,73.84194444,0.180557686
19.18,73.89777778,0.070216878
19.18,74.65805556,0.025276849
19.18,74.72666667,0.055155066
19.18,74.74,0.112978926
19.18,75.21,0.074174054
19.18,75.98861111,0.016994386
19.18,76.23666667,0.091260468
19.18027778,73.54777778,0.145433909
19.18027778,73.79833333,0.270836529
19.18027778,73.92055556,0.195588822
19.18027778,74.54472222,0.326052946
19.18027778,74.55972222,0.190588668
19.18027778,74.57333333,0.075217031
19.18027778,74.64055556,0.110310132
19.18027778,74.67166667,0.095708457
19.18027778,74.76777778,0.106076874
19.18027778,75.17277778,0.022700083
19.18027778,75.21444444,0.084573146
19.18055556,73.79861111,0.125371944
19.18055556,73.87416667,0.168686156
19.18055556,73.87555556,0.095064266
19.18055556,73.87666667,0.055155066
19.18055556,73.87694444,0.120341115
19.18055556,74.69444444,0.040093254
19.18055556,74.7825,0.100156447
19.18055556,75.21527778,0.093469125
19.18083333,73.84027778,0.115340961
19.18083333,73.8925,0.065308752
19.18083333,73.89305556,0.280959539
19.18083333,73.89583333,0.270836529
19.18083333,73.92444444,0.040093254
19.18083333,74.26944444,0.035614589
19.18083333,74.26972222,0.033589987
19.18083333,74.54277778,0.125371944
19.18083333,74.71972222,0.094972238
19.18083333,74.75027778,0.085248014
19.18083333,74.84694444,0.021166293
19.18111111,73.75722222,0.175434829
19.18111111,73.79861111,0.060155219
19.18111111,73.84611111,0.351207092
19.18111111,74.25305556,0.039663793
19.18111111,74.57666667,0.022025215
19.18111111,74.75444444,0.1080708
19.18111111,74.75472222,0.007822326
19.18111111,74.7775,0.051075186
19.18138889,73.79861111,0.055155066
19.18138889,73.8925,0.080339888
19.18138889,74.77916667,0.111015675
19.18166667,73.71666667,0.055185742
19.18166667,74.43083333,0.017577226
19.18166667,74.71888889,0.016227492
19.18166667,74.77777778,0.101168748
19.18194444,73.56555556,0.135402926
19.18194444,73.79722222,0.205619804
19.18194444,73.79888889,0.040093254
19.18194444,73.9275,0.095278996
19.18194444,74.27,0.034264855
19.18194444,74.62888889,0.015031136
19.18222222,73.80416667,0.035093101
19.18222222,73.85361111,0.175434829
19.18222222,73.89555556,0.060155219
19.18222222,73.90222222,0.250897267
19.18222222,74.56527778,0.060155219
19.18222222,74.57333333,0.145433909
19.18222222,74.75472222,0.098223872
19.18222222,76.09333333,0.022055891
19.1825,73.7375,0.120218412
19.1825,73.89194444,0.045062732
19.1825,73.89638889,0.451516918
19.1825,74.27,0.034264855
19.1825,74.27055556,0.033589987
19.1825,74.545,0.020031289
19.1825,74.54638889,0.381208013
19.1825,74.77555556,0.1080708
19.18277778,73.8375,0.300929476
19.18277778,73.84194444,0.295929323
19.18277778,73.89472222,0.326052946
19.18277778,73.90111111,0.095371024
19.18277778,73.90277778,0.426362772
19.18277778,73.93833333,0.125371944
19.18277778,73.94055556,0.215650787
19.18277778,74.27083333,0.039663793
19.18277778,74.53777778,0.021779809
19.18277778,74.75527778,0.090432222
19.18305556,73.74027778,0.170526703
19.18305556,73.83277778,0.135402926
19.18305556,73.92916667,0.28589834
19.18305556,74.39388889,0.050124237
19.18305556,74.57166667,0.060155219
19.18305556,74.57555556,0.270836529
19.18305556,74.75361111,0.133593055
19.18305556,74.84194444,0.150464738
19.18305556,75.40444444,0.041535016
19.18333333,73.89305556,0.125433295
19.18333333,73.90027778,0.426362772
19.18333333,74.18916667,0.019479125
19.18333333,74.73805556,0.21810485
19.18333333,74.76138889,0.149329734
19.18361111,73.73777778,0.225743121
19.18361111,73.90361111,0.250897267
19.18361111,74.72583333,0.030062272
19.18388889,73.73583333,0.330961072
19.18388889,73.86333333,0.020031289
19.18388889,73.88833333,0.10027915
19.18388889,73.90111111,0.300898801
19.18388889,74.29944444,0.034939722
19.18388889,74.29972222,0.034264855
19.18416667,73.89111111,0.200619651
19.18416667,74.67444444,0.083100709
19.18416667,74.71138889,0.035093101
19.18416667,75.93916667,0.025092794
19.18444444,73.77555556,0.10027915
19.18444444,73.83611111,0.145372557
19.18444444,73.85138889,0.180649713
19.18444444,73.89194444,0.260713519
19.18444444,73.89861111,0.381269364
19.18444444,74.42583333,0.023313599
19.18444444,74.71083333,0.145433909
19.18444444,75.55444444,0.022516028
19.18472222,73.70888889,0.01500046
19.18472222,73.84444444,0.065308752
19.18472222,73.86361111,0.165618577
19.18472222,73.87,0.381208013
19.18472222,73.87583333,0.050124237
19.18472222,73.88583333,0.431270898
19.18472222,74.5425,0.10027915
19.18472222,75.20666667,0.072701617
19.185,73.73416667,0.345992208
19.185,73.74027778,0.10027915
19.185,73.8375,0.135556305
19.185,73.84388889,0.240774257
19.185,73.86388889,0.145372557
19.185,73.89194444,0.431270898
19.185,73.895,0.09015614
19.185,74.68777778,0.01733182
19.185,74.70722222,0.131629805
19.185,74.73194444,0.090248167
19.185,74.73833333,0.36746526
19.18527778,73.84305556,0.135556305
19.18527778,73.86361111,0.165618577
19.18527778,74.73083333,0.005000153
19.18555556,73.73972222,0.185557839
19.18555556,73.76138889,0.285867665
19.18555556,73.84972222,0.115310286
19.18555556,73.88472222,0.120218412
19.18555556,74.71194444,0.050430995
19.18583333,73.84027778,0.451516918
19.18583333,73.84444444,0.115310286
19.18583333,73.85944444,0.09015614
19.18583333,74.27083333,0.036289457
19.18583333,74.55944444,0.135402926
19.18583333,74.56194444,0.185557839
19.18583333,74.76333333,0.110310132
19.18611111,73.95361111,0.120341115
19.18611111,74.67583333,0.114267309
19.18611111,74.75583333,0.121813553
19.18611111,74.76638889,0.11003405
19.18638889,73.91416667,0.085248014
19.18638889,73.93805556,0.270836529
19.18638889,74.44444444,0.120341115
19.18638889,74.44472222,0.039847848
19.18638889,74.67666667,0.074174054
19.18638889,76.23277778,0.020736832
19.18666667,73.85027778,0.105187276
19.18666667,73.89277778,0.145372557
19.18666667,73.9525,0.105309979
19.18666667,74.00333333,0.055185742
19.18666667,74.67583333,0.106843768
19.18666667,75.9125,0.016319519
19.18694444,73.84833333,0.135556305
19.18694444,73.9125,0.030062272
19.18722222,73.7375,0.341084082
19.18722222,73.83888889,0.135556305
19.18722222,73.91166667,0.110310132
19.18722222,73.95333333,0.070186202
19.18722222,74.37055556,0.020031289
19.18722222,74.55888889,0.050124237
19.1875,73.8375,0.080339888
19.1875,73.92027778,0.125371944
19.1875,73.93611111,0.175526857
19.1875,73.93833333,0.050124237
19.1875,74.3775,0.205619804
19.1875,75.20611111,0.050430995
19.18777778,73.74194444,0.01500046
19.18777778,73.84416667,0.045062732
19.18777778,73.85,0.115310286
19.18777778,73.85361111,0.11040216
19.18777778,73.90277778,0.160403693
19.18777778,73.925,0.060155219
19.18777778,74.57027778,0.210650633
19.18777778,74.625,0.085248014
19.18805556,73.8425,0.155495567
19.18805556,73.90944444,0.180557686
19.18805556,73.91,0.139605509
19.18805556,74.56444444,0.145433909
19.18805556,74.575,0.060155219
19.18805556,74.57555556,0.040093254
19.18805556,74.7,0.120341115
19.18805556,75.05888889,0.029571459
19.18833333,73.79833333,0.155495567
19.18833333,73.83722222,0.180649713
19.18833333,73.90861111,0.125371944
19.18833333,74.14472222,0.038314059
19.18833333,74.38833333,0.01500046
19.18833333,74.67027778,0.133562379
19.18861111,73.85277778,0.265928403
19.18861111,73.85444444,0.351207092
19.18861111,73.89916667,0.551826743
19.18888889,73.8475,0.245682383
19.18888889,73.8525,0.165618577
19.18888889,73.86,0.180649713
19.18888889,73.92138889,0.130402773
19.18888889,74.48194444,0.285254149
19.18888889,74.5675,0.010000307
19.18888889,74.76222222,0.144421608
19.18916667,73.74666667,0.160403693
19.18916667,73.79611111,0.105309979
19.18916667,74.52638889,0.012178288
19.18916667,74.76944444,0.125371944
19.18916667,74.84472222,0.031872143
19.18916667,75.99222222,0.028957943
19.18944444,73.84,0.140464431
19.18944444,73.85583333,0.11040216
19.18944444,73.9075,0.095278996
19.18944444,73.96138889,0.170526703
19.18944444,74.34138889,0.170526703
19.18944444,74.56027778,0.090248167
19.18944444,74.84472222,0.072701617
19.18972222,73.83861111,0.115310286
19.18972222,73.83888889,0.155495567
19.18972222,73.86083333,0.105187276
19.18972222,73.92027778,0.466548054
19.18972222,73.92138889,0.28589834
19.18972222,73.955,0.240743581
19.18972222,73.96194444,0.150464738
19.18972222,73.96222222,0.170526703
19.19,73.89,0.351207092
19.19,73.92166667,0.391085616
19.19,73.9575,0.175526857
19.19,74.44416667,0.055155066
19.19,74.48611111,0.01616614
19.19,74.515,0.021902512
19.19,74.56555556,0.255805393
19.19,74.59416667,0.075217031
19.19,74.67055556,0.106076874
19.19,74.67222222,0.087548698
19.19,74.70833333,0.080217185
19.19,74.7675,0.060891438
19.19,74.76833333,0.178809166
19.19027778,73.65972222,0.02512347
19.19027778,73.83388889,0.260713519
19.19027778,73.85777778,0.130341422
19.19027778,73.89722222,0.345992208
19.19027778,73.89833333,0.210711985
19.19027778,73.95527778,0.080217185
19.19027778,73.95833333,0.070186202
19.19027778,73.96,0.32114482
19.19027778,73.96166667,0.351207092
19.19027778,73.96194444,0.115340961
19.19027778,73.96416667,0.115340961
19.19027778,74.56305556,0.10027915
19.19055556,73.79194444,0.130341422
19.19055556,73.92138889,0.391085616
19.19055556,73.925,0.255805393
19.19055556,73.96166667,0.145433909
19.19055556,73.96638889,0.145433909
19.19055556,74.00944444,0.018374797
19.19055556,74.3925,0.491395442
19.19055556,74.52555556,0.31102181
19.19055556,74.52722222,0.31102181
19.19055556,74.5625,0.050124237
19.19055556,74.75972222,0.138531857
19.19083333,73.89722222,0.451516918
19.19083333,73.93777778,0.125371944
19.19083333,73.95805556,0.185557839
19.19083333,74.58861111,0.135402926
19.19083333,74.61138889,0.144881745
19.19083333,74.67388889,0.125371944
19.19083333,74.70416667,0.085248014
19.19083333,74.71638889,0.090248167
19.19083333,74.72555556,0.180557686
19.19111111,73.74611111,0.501518451
19.19111111,73.90861111,0.431270898
19.19111111,73.92305556,0.035093101
19.19111111,73.92388889,0.060155219
19.19111111,74.67,0.117212184
19.19111111,74.70722222,0.110310132
19.19111111,75.20805556,0.045246787
19.19138889,73.94055556,0.175526857
19.19138889,74.41611111,0.070186202
19.19138889,74.66972222,0.139482806
19.19138889,74.69861111,0.0866591
19.19138889,74.78138889,0.101628884
19.19138889,76.10027778,0.01653425
19.19166667,73.67555556,0.00487745
19.19166667,73.83888889,0.055185742
19.19166667,73.89444444,0.441393908
19.19166667,74.72694444,0.068253627
19.19166667,74.77666667,0.076597442
19.19166667,74.77805556,0.030430381
19.19166667,75.92361111,0.025552931
19.19194444,73.79277778,0.080339888
19.19194444,73.89416667,0.250897267
19.19194444,74.84222222,0.084573146
19.19194444,74.845,0.080125157
19.19194444,75.19055556,0.085309365
19.19222222,73.74472222,0.240774257
19.19222222,73.74944444,0.416239762
19.19222222,74.20694444,0.177888892
19.19222222,74.52944444,0.245743734
19.19222222,74.53055556,0.135402926
19.19222222,74.55805556,0.080217185
19.19222222,75.1925,0.080861376
19.1925,73.87444444,0.073591214
19.1925,73.89333333,0.456425044
19.1925,74.67361111,0.102365103
19.1925,74.67638889,0.155802325
19.1925,74.76444444,0.012730452
19.1925,74.765,0.057946563
19.19277778,73.83833333,0.080339888
19.19277778,73.84194444,0.050124237
19.19277778,73.87388889,0.00079757
19.19277778,73.87444444,0.160465045
19.19277778,73.87472222,0.085248014
19.19277778,73.87666667,0.155464892
19.19277778,73.88388889,0.070186202
19.19277778,73.8925,0.145372557
19.19277778,73.93305556,0.28589834
19.19277778,73.96166667,0.3963005
19.19277778,73.96305556,0.295929323
19.19277778,74.38583333,0.10027915
19.19277778,74.535,0.070186202
19.19277778,74.71888889,0.110310132
19.19277778,74.76111111,0.038283383
19.19277778,74.76944444,0.098684009
19.19305556,73.68222222,0.361023344
19.19305556,73.69444444,0.050277616
19.19305556,73.74444444,0.245682383
19.19305556,73.79472222,0.080339888
19.19305556,73.87277778,0.065186049
19.19305556,73.87388889,0.177888892
19.19305556,73.87416667,0.110310132
19.19305556,73.96388889,0.155464892
19.19305556,74,0.091996687
19.19305556,74.36138889,0.170526703
19.19305556,74.52916667,0.070186202
19.19305556,74.58666667,0.225681769
19.19305556,74.66888889,0.098684009
19.19305556,75.09305556,0.023835087
19.19305556,75.57611111,0.024939415
19.19333333,73.76722222,0.11040216
19.19333333,73.93305556,0.10027915
19.19333333,74.13583333,0.027546857
19.19333333,74.57777778,0.295929323
19.19333333,74.76027778,0.201079788
19.19361111,74.56583333,0.115340961
19.19361111,74.5725,0.120341115
19.19388889,73.74805556,0.150587441
19.19388889,73.8025,0.190465965
19.19388889,74.13416667,0.034264855
19.19388889,74.575,0.029111322
19.19388889,74.77583333,0.149145679
19.19416667,73.74333333,0.070216878
19.19416667,73.77138889,0.155495567
19.19416667,73.90805556,0.105309979
19.19416667,73.93166667,0.085248014
19.19416667,73.96416667,0.130402773
19.19416667,74.37555556,0.300592043
19.19416667,74.39222222,0.491395442
19.19416667,74.54527778,0.200619651
19.19416667,74.56222222,0.010000307
19.19416667,74.67638889,0.140219025
19.19416667,74.67694444,0.170649406
19.19416667,74.67916667,0.083836928
19.19416667,74.67972222,0.27752385
19.19416667,75.97444444,0.039295684
19.19444444,73.6775,0.050277616
19.19444444,73.91027778,0.32114482
19.19444444,73.91194444,0.015031136
19.19444444,73.91305556,0.320991441
19.19444444,73.96416667,0.175526857
19.19444444,74.35138889,0.326052946
19.19444444,74.35166667,0.270836529
19.19444444,74.56694444,0.245743734
19.19444444,74.67777778,0.136507255
19.19444444,74.67916667,0.009785576
19.19444444,74.71055556,0.080861376
19.19472222,73.74833333,0.11040216
19.19472222,73.80666667,0.270836529
19.19472222,74.36222222,0.025062118
19.19472222,74.55083333,0.105309979
19.19472222,74.64388889,0.125371944
19.195,73.77222222,0.080339888
19.195,73.88555556,0.130341422
19.195,73.88666667,0.085248014
19.195,73.96277778,0.115340961
19.19527778,73.61444444,0.028528482
19.19527778,73.79722222,0.095371024
19.19527778,74.65805556,0.135464278
19.19555556,73.77027778,0.140464431
19.19555556,73.88777778,0.095371024
19.19555556,74.55916667,0.10027915
19.19555556,74.57527778,0.055155066
19.19555556,74.73416667,0.10027915
19.19583333,73.66805556,0.150587441
19.19583333,73.88555556,0.135556305
19.19583333,74.37027778,0.326052946
19.19583333,74.47805556,0.050124237
19.19583333,74.67194444,0.059326973
19.19583333,74.67333333,0.185496488
19.19583333,74.77916667,0.105340655
19.19583333,74.84194444,0.051167214
19.19611111,73.76611111,0.150587441
19.19611111,74.37527778,0.47145618
19.19611111,74.57166667,0.090248167
19.19638889,73.80083333,0.180649713
19.19638889,74.38916667,0.401208626
19.19638889,74.54805556,0.070186202
19.19638889,74.67611111,0.080861376
19.19638889,74.75694444,0.041228259
19.19666667,73.69527778,0.250897267
19.19666667,73.77555556,0.175434829
19.19666667,73.79861111,0.190465965
19.19666667,73.88,0.275867358
19.19666667,73.92722222,0.10027915
19.19694444,73.79638889,0.140464431
19.19694444,74.5525,0.145433909
19.19722222,73.89277778,0.11040216
19.19722222,74.54944444,0.10027915
19.19722222,74.77916667,0.110555539
19.1975,73.75111111,0.215620111
19.1975,73.88916667,0.225743121
19.1975,74.3725,0.170526703
19.1975,74.76555556,0.137519556
19.1975,74.845,0.072701617
19.19777778,73.74666667,0.175434829
19.19777778,73.76527778,0.105187276
19.19777778,73.87472222,0.085248014
19.19777778,73.87638889,0.040093254
19.19777778,73.89,0.215620111
19.19777778,74.485,0.075217031
19.19777778,75.20722222,0.079388938
19.19805556,73.67527778,0.220528237
19.19805556,73.8925,0.305806927
19.19805556,73.91194444,0.125371944
19.19805556,73.91305556,0.290898494
19.19805556,73.92722222,0.295929323
19.19805556,74.66694444,0.076413387
19.19805556,74.68027778,0.104604436
19.19833333,73.8625,0.11040216
19.19833333,73.88722222,0.075125004
19.19833333,74.66972222,0.094205344
19.19833333,74.7825,0.0029142
19.19861111,73.74527778,0.155495567
19.19861111,73.89333333,0.150587441
19.19861111,73.9275,0.225681769
19.19861111,74.64527778,0.014939109
19.19888889,73.76083333,0.030031596
19.19888889,73.9275,0.110310132
19.19888889,75.0725,0.02374306
19.19916667,73.68111111,0.080339888
19.19916667,73.91833333,0.310960459
19.19916667,73.91916667,0.185557839
19.19916667,73.92,0.230712599
19.19916667,73.92722222,0.090248167
19.19916667,74.39361111,0.210650633
19.19916667,74.66722222,0.163225866
19.19916667,74.67,0.106076874
19.19916667,74.77611111,0.003895825
19.19944444,73.6675,0.210711985
19.19944444,73.71388889,0.150587441
19.19944444,73.765,0.060093868
19.19944444,73.88777778,0.065308752
19.19944444,74.74361111,0.180557686
19.19972222,73.71444444,0.105187276
19.19972222,74.38194444,0.070186202
19.19972222,74.40583333,0.155464892
19.19972222,74.67722222,0.089757355
19.2,73.76722222,0.195680849
19.2,74.50166667,0.012699776
19.2,74.56,0.170496027
19.20027778,74.55194444,0.125371944
19.20027778,74.57777778,0.165495874
19.20055556,73.66972222,0.150587441
19.20055556,74.38444444,0.48157919
19.20083333,74.42527778,0.025000767
19.20083333,74.5025,0.070186202
19.20083333,74.68055556,0.077149606
19.20111111,74.38361111,0.160495721
19.20111111,74.5325,0.033528636
19.20138889,73.71333333,0.245682383
19.20138889,73.76,0.00487745
19.20166667,73.67861111,0.37605448
19.20166667,74.38166667,0.230712599
19.20166667,74.57611111,0.075217031
19.20166667,74.65138889,0.125371944
19.20166667,74.70305556,0.305960306
19.20194444,73.71666667,0.09015614
19.20194444,73.8875,0.09015614
19.20194444,73.94666667,0.125371944
19.20194444,74.37305556,0.341053407
19.20194444,74.675,0.072701617
19.20194444,74.71777778,0.046719225
19.20194444,74.73638889,0.111997301
19.20222222,73.74527778,0.00487745
19.20222222,74.42583333,0.080217185
19.20222222,74.50583333,0.050124237
19.20222222,74.67666667,0.088284917
19.2025,73.7125,0.09015614
19.2025,73.73083333,0.070216878
19.2025,74.56416667,0.035093101
19.20277778,73.59361111,0.140433756
19.20277778,73.87666667,0.060155219
19.20277778,74.67833333,0.024847388
19.20277778,74.70138889,0.290898494
19.20277778,74.98611111,0.016564925
19.20305556,73.70972222,0.125433295
19.20305556,73.76305556,0.030031596
19.20305556,73.86833333,0.205619804
19.20305556,73.90944444,0.09015614
19.20305556,74.38027778,0.025031443
19.20305556,74.70666667,0.050124237
19.20305556,74.70916667,0.070186202
19.20305556,74.73555556,0.060155219
19.20333333,73.75361111,0.11040216
19.20333333,73.80555556,0.055185742
19.20333333,74.01805556,0.160495721
19.20333333,74.33777778,0.049050584
19.20333333,75.20972222,0.046719225
19.20333333,75.64166667,0.080125157
19.20361111,73.71388889,0.095371024
19.20361111,73.7725,0.255805393
19.20361111,73.89388889,0.130341422
19.20361111,73.91833333,0.085248014
19.20361111,74.01722222,0.115340961
19.20361111,74.56861111,0.125371944
19.20361111,74.67361111,0.112764195
19.20361111,74.74194444,0.305960306
19.20361111,75.61944444,0.053406546
19.20388889,73.70638889,0.080339888
19.20388889,73.90833333,0.170526703
19.20388889,74.01444444,0.045124084
19.20388889,74.01694444,0.095278996
19.20388889,74.01722222,0.080217185
19.20388889,74.60388889,0.150464738
19.20388889,74.73305556,0.225681769
19.20388889,75.21805556,0.086781803
19.20388889,75.36194444,0.013742753
19.20416667,74.01666667,0.325132673
19.20416667,74.24972222,0.027546857
19.20416667,74.55055556,0.015031136
19.20444444,73.70944444,0.01500046
19.20444444,73.71555556,0.140464431
19.20444444,73.89111111,0.140464431
19.20444444,73.91138889,0.421454646
19.20444444,74.01694444,0.135402926
19.20444444,74.01722222,0.358876039
19.20444444,74.01777778,0.205497101
19.20444444,74.05611111,0.140433756
19.20444444,74.16444444,0.027546857
19.20444444,74.58916667,0.085248014
19.20444444,76.21777778,0.019049664
19.20472222,73.90833333,0.336175956
19.20472222,73.91305556,0.115310286
19.20472222,74.01722222,0.170526703
19.20472222,74.01777778,0.150464738
19.20472222,74.56861111,0.110310132
19.20472222,74.58,0.015031136
19.20472222,74.60194444,0.065186049
19.20472222,74.67222222,0.079388938
19.20472222,74.67583333,0.150618117
19.205,74.68083333,0.150618117
19.205,74.685,0.154329887
19.205,74.72222222,0.521764471
19.20527778,73.65861111,0.045062732
19.20527778,73.71361111,0.040154606
19.20527778,73.72972222,0.265836375
19.20527778,73.9125,0.130341422
19.20527778,74.38694444,0.125371944
19.20527778,74.54638889,0.085248014
19.20527778,74.55944444,0.050124237
19.20527778,74.57472222,0.150464738
19.20527778,74.66583333,0.102365103
19.20527778,74.67,0.121660174
19.20527778,74.67361111,0.226325961
19.20527778,74.73888889,0.371146354
19.20555556,73.72638889,0.541703733
19.20555556,73.89277778,0.11040216
19.20555556,73.90833333,0.431270898
19.20555556,74.35333333,0.592012025
19.20555556,74.37027778,0.230712599
19.20555556,74.38583333,0.105309979
19.20555556,74.67138889,0.143194577
19.20555556,74.67194444,0.18031228
19.20555556,74.6725,0.140955244
19.20555556,74.67611111,0.073437836
19.20555556,74.72666667,0.381269364
19.20555556,75.17027778,0.025644958
19.20583333,73.55694444,0.451516918
19.20583333,73.89166667,0.150587441
19.20583333,73.92722222,0.020031289
19.20583333,74.35388889,0.034264855
19.20583333,74.67138889,0.133562379
19.20583333,74.67277778,0.21519065
19.20583333,74.67416667,0.062302525
19.20583333,74.6825,0.081597595
19.20583333,74.72722222,0.10027915
19.20583333,75.22472222,0.057854535
19.20611111,73.89166667,0.060093868
19.20611111,73.89305556,0.085248014
19.20611111,73.90583333,0.065308752
19.20611111,73.90638889,0.40642351
19.20611111,74.68083333,0.104604436
19.20611111,74.71166667,0.060830087
19.20611111,75.50555556,0.015828706
19.20638889,73.64305556,0.371146354
19.20638889,73.67194444,0.080339888
19.20638889,73.67305556,0.200588975
19.20638889,73.89194444,0.115310286
19.20638889,73.91138889,0.48157919
19.20666667,73.89583333,0.270836529
19.20666667,73.89638889,0.01500046
19.20666667,73.90027778,0.030031596
19.20666667,74.37166667,0.31102181
19.20666667,74.67277778,0.113500414
19.20666667,74.86111111,0.020736832
19.20666667,75.4875,0.027546857
19.20694444,73.89222222,0.125433295
19.20694444,73.89611111,0.130341422
19.20694444,73.89833333,0.045062732
19.20694444,74.34138889,0.027546857
19.20694444,74.55833333,0.140433756
19.20694444,74.68361111,0.065278076
19.20694444,74.81694444,0.016656953
19.20722222,73.70861111,0.105187276
19.20722222,74.57111111,0.120341115
19.20722222,74.68027778,0.135771036
19.20722222,74.6825,0.163225866
19.20722222,74.70333333,0.084481119
19.20722222,75.33694444,0.072701617
19.2075,73.89361111,0.09015614
19.2075,73.9,0.060093868
19.2075,73.90833333,0.441393908
19.2075,74.60333333,0.060155219
19.2075,74.67972222,0.207767109
19.2075,75.48777778,0.019479125
19.20777778,73.89166667,0.120218412
19.20777778,73.89361111,0.130341422
19.20777778,73.91083333,0.070216878
19.20777778,73.91305556,0.120218412
19.20777778,74.66861111,0.149145679
19.20777778,74.695,0.140433756
19.20805556,73.58027778,0.110310132
19.20805556,73.90861111,0.095278996
19.20805556,73.91333333,0.065308752
19.20805556,74.70638889,0.115340961
19.20805556,74.72194444,0.090248167
19.20805556,74.73,0.012822479
19.20833333,73.78,0.230712599
19.20833333,73.88972222,0.105187276
19.20833333,73.89111111,0.060093868
19.20833333,73.89194444,0.140464431
19.20833333,74.5475,0.060155219
19.20833333,74.84388889,0.060093868
19.20861111,73.77777778,0.050124237
19.20861111,73.77861111,0.230712599
19.20861111,73.89277778,0.10027915
19.20861111,74.20916667,0.079726372
19.20861111,75.04055556,0.026687935
19.20861111,75.24694444,0.025430228
19.20888889,73.77194444,0.095278996
19.20888889,73.77555556,0.140433756
19.20888889,73.77638889,0.200619651
19.20888889,73.875,0.20856468
19.20888889,73.89166667,0.195680849
19.20888889,73.89361111,0.09015614
19.20888889,74.5475,0.013957483
19.20888889,74.89777778,0.049203963
19.20888889,74.90333333,0.055523176
19.20888889,75.16805556,0.037087027
19.20888889,75.6,0.051167214
19.20916667,73.70666667,0.085248014
19.20916667,73.77416667,0.526672597
19.20916667,73.77444444,0.210650633
19.20916667,73.87444444,0.040093254
19.20916667,73.875,0.294456885
19.20916667,73.90638889,0.250897267
19.20916667,73.91416667,0.205619804
19.20916667,73.91611111,0.050124237
19.20916667,75.625,0.070462284
19.20944444,73.68361111,0.135556305
19.20944444,73.77333333,0.150464738
19.20944444,73.875,0.254578361
19.20944444,74.55083333,0.050124237
19.20944444,74.56555556,0.215650787
19.20944444,75.21833333,0.051903433
19.20944444,75.56777778,0.086781803
19.20972222,73.875,0.144145526
19.20972222,73.90305556,0.225743121
19.20972222,73.90416667,0.095371024
19.20972222,73.90472222,0.120218412
19.20972222,73.90805556,0.37605448
19.20972222,74.54361111,0.200619651
19.21,73.66805556,0.105187276
19.21,73.875,0.303659621
19.21,73.92361111,0.135402926
19.21,74.38722222,0.18052701
19.21,74.50611111,0.034326206
19.21,74.69694444,0.101628884
19.21027778,73.68222222,0.160403693
19.21027778,74.55111111,0.130402773
19.21027778,74.72555556,0.105309979
19.21027778,75.83083333,0.018773582
19.21055556,73.90444444,0.050277616
19.21055556,73.92361111,0.090248167
19.21055556,73.92722222,0.075217031
19.21055556,73.93277778,0.155464892
19.21055556,74.21055556,0.128807632
19.21083333,73.68166667,0.190465965
19.21083333,73.91,0.115310286
19.21083333,74.67,0.151354336
19.21083333,75.21305556,0.010644498
19.21111111,73.75666667,0.150464738
19.21111111,73.91,0.075125004
19.21138889,73.74416667,0.065186049
19.21138889,73.75833333,0.10027915
19.21138889,73.90333333,0.070216878
19.21138889,74.6775,0.119451517
19.21166667,73.68055556,0.255805393
19.21166667,73.74555556,0.195588822
19.21166667,73.74611111,0.10027915
19.21166667,73.75805556,0.035093101
19.21166667,73.75833333,0.105309979
19.21166667,73.89916667,0.09015614
19.21166667,74.01666667,0.160495721
19.21166667,74.67444444,0.086781803
19.21194444,73.74555556,0.020031289
19.21194444,73.74583333,0.080217185
19.21194444,73.74611111,0.130402773
19.21194444,73.74944444,0.310960459
19.21194444,73.75805556,0.030062272
19.21194444,73.90333333,0.019908586
19.21194444,73.90527778,0.070216878
19.21194444,74.01916667,0.115340961
19.21222222,73.74583333,0.045124084
19.21222222,73.74666667,0.175526857
19.21222222,73.74972222,0.195588822
19.21222222,74.67111111,0.074910273
19.2125,73.67833333,0.115310286
19.2125,73.91,0.205497101
19.2125,74.58694444,0.02512347
19.2125,74.67027778,0.166937636
19.2125,74.67083333,0.15656922
19.21277778,73.74833333,0.190588668
19.21277778,74.27444444,0.01812939
19.21305556,74.715,0.016595601
19.21333333,73.90416667,0.326052946
19.21333333,74.66388889,0.100156447
19.21333333,75.21305556,0.050430995
19.21361111,74.72722222,0.068253627
19.21388889,73.9075,0.37605448
19.21388889,74.22194444,0.079726372
19.21388889,75.215,0.094205344
19.21416667,73.90083333,0.165618577
19.21416667,73.90444444,0.326052946
19.21416667,73.905,0.250897267
19.21416667,73.91,0.195680849
19.21416667,74.36472222,0.027546857
19.21416667,74.67444444,0.150618117
19.21444444,74.55805556,0.010368416
19.21444444,74.69333333,0.109788644
19.21472222,74.23166667,0.024509954
19.21472222,74.67083333,0.194392466
19.21472222,74.67333333,0.102365103
19.21472222,74.93944444,0.016350195
19.215,74.22083333,0.018374797
19.215,74.82361111,0.0097549
19.21527778,73.6775,0.105187276
19.21527778,74.67055556,0.083836928
19.21555556,73.67833333,0.205497101
19.21555556,73.68666667,0.019908586
19.21555556,74.75583333,0.163225866
19.21583333,73.75972222,0.055185742
19.21583333,73.90694444,0.456425044
19.21583333,73.90777778,0.240774257
19.21583333,74.67388889,0.143930795
19.21611111,74.6775,0.089757355
19.21666667,74.88333333,0.029264701
19.21666667,74.88388889,0.025767662
19.21694444,74.22055556,0.055185742
19.21694444,74.90694444,0.01616614
19.21694444,75.16666667,0.135034817
19.21694444,75.64722222,0.084573146
19.21694444,75.8075,0.010460444
19.21722222,74.68916667,0.117212184
19.21722222,74.88333333,0.023865763
19.21722222,75.83361111,0.020982239
19.2175,73.90555556,0.095371024
19.2175,74.66611111,0.15285745
19.2175,74.675,0.102365103
19.21777778,74.68777778,0.080861376
19.21777778,74.76111111,0.02454063
19.21777778,75.68472222,0.051167214
19.21888889,74.20027778,0.027546857
19.21944444,74.58972222,0.020000614
19.21944444,74.80944444,0.015982085
19.21972222,74.68916667,0.097180895
19.22,73.89916667,0.075125004
19.22,74.20805556,0.012239639
19.22,74.67083333,0.110555539
19.22,74.75555556,0.140495107
19.22,75.675,0.077885825
19.22027778,74.67333333,0.106076874
19.22027778,74.67416667,0.249332802
19.22027778,74.69138889,0.120187736
19.22027778,75.17222222,0.036320133
19.22055556,74.67138889,0.126138839
19.22083333,74.48333333,0.030461057
19.22111111,73.91361111,0.150587441
19.22111111,74.72972222,0.050430995
19.22111111,75.26444444,0.116475966
19.22111111,75.58694444,0.071965398
19.22138889,74.8975,0.009478818
19.22166667,73.64416667,0.167673855
19.22166667,74.19277778,0.027546857
19.22166667,74.88916667,0.035553238
19.22166667,74.95333333,0.026749287
19.22194444,74.67305556,0.112027976
19.22194444,74.67416667,0.081597595
19.22194444,74.89833333,0.040400012
19.22222222,74.68055556,0.119451517
19.22222222,74.68611111,0.109788644
19.2225,74.53472222,0.018374797
19.2225,74.91777778,0.048743826
19.2225,75.60666667,0.132059266
19.22277778,74.67277778,0.099420228
19.22277778,74.67833333,0.014939109
19.22277778,75.36222222,0.045614896
19.22305556,74.67305556,0.140955244
19.22333333,74.2875,0.039663793
19.22333333,74.67361111,0.181048498
19.22333333,75.20583333,0.053406546
19.22361111,74.69027778,0.096444676
19.22361111,74.69777778,0.088284917
19.22361111,75.45305556,0.00815976
19.22388889,74.77722222,0.034019448
19.22416667,74.89194444,0.034326206
19.22444444,74.19583333,0.055185742
19.22444444,74.67083333,0.110555539
19.22444444,74.67277778,0.113500414
19.22444444,74.83388889,0.070462284
19.22444444,74.99805556,0.013466671
19.22444444,75.44333333,0.065278076
19.22472222,74.69527778,0.080861376
19.22472222,74.69722222,0.088284917
19.225,73.63888889,0.061320899
19.225,73.7625,0.036780269
19.225,74.66861111,0.155802325
19.225,74.675,0.147642566
19.225,74.68611111,0.082333814
19.225,74.73027778,0.089757355
19.225,75.23777778,0.051167214
19.22527778,74.38055556,0.016350195
19.22527778,74.60861111,0.140464431
19.22527778,74.60916667,0.115310286
19.22527778,74.60972222,0.085248014
19.22527778,74.61027778,0.10027915
19.22527778,74.66555556,0.140955244
19.22527778,74.66666667,0.091996687
19.22527778,74.67,0.080861376
19.22527778,74.75694444,0.074634191
19.22555556,74.5975,0.012791803
19.22555556,74.60861111,0.155495567
19.22555556,74.60888889,0.065308752
19.22555556,74.60916667,0.318997515
19.22555556,74.60944444,0.235866131
19.22555556,74.61,0.220528237
19.22555556,74.67194444,0.21519065
19.22555556,75.0625,0.085340041
19.22583333,74.60888889,0.11040216
19.22583333,74.60944444,0.150587441
19.22583333,74.60972222,0.326052946
19.22583333,74.61,0.10027915
19.22583333,74.66916667,0.094972238
19.22583333,75.08333333,0.036013375
19.22583333,75.78027778,0.050430995
19.22611111,74.60861111,0.140464431
19.22611111,74.60888889,0.195680849
19.22611111,74.60916667,0.145372557
19.22611111,74.60944444,0.135556305
19.22611111,74.60972222,0.230651247
19.22611111,74.61,0.120218412
19.22611111,74.61055556,0.080339888
19.22611111,74.68583333,0.097917114
19.22611111,75.23027778,0.080861376
19.22638889,74.60888889,0.09015614
19.22638889,74.60916667,0.11040216
19.22638889,74.60972222,0.250897267
19.22638889,75.41888889,0.088284917
19.22638889,75.71777778,0.053406546
19.22638889,75.87388889,0.022239946
19.22666667,73.90861111,0.185557839
19.22666667,74.60861111,0.125433295
19.22666667,74.60916667,0.045062732
19.22666667,74.60944444,0.09015614
19.22666667,74.61,0.105187276
19.22666667,76.07277778,0.003374337
19.22694444,74.20722222,0.061320899
19.22694444,74.60861111,0.10027915
19.22694444,74.60888889,0.085248014
19.22694444,74.75361111,0.015920734
19.22694444,75.22194444,0.094205344
19.22694444,75.58861111,0.071965398
19.22722222,74.60916667,0.170526703
19.22722222,74.69694444,0.086781803
19.2275,74.2275,0.021442376
19.2275,74.60861111,0.200588975
19.22777778,74.04305556,0.185557839
19.22777778,74.68916667,0.183257155
19.22777778,75.01083333,0.071198503
19.22777778,75.685,0.074174054
19.22805556,73.91333333,0.115310286
19.22805556,75.00277778,0.025092794
19.22805556,75.59166667,0.054878984
19.22805556,75.65833333,0.072701617
19.22833333,73.64277778,0.3963005
19.22833333,74.67638889,0.097917114
19.22861111,74.67666667,0.083100709
19.22861111,74.6825,0.080861376
19.22888889,74.6975,0.068989846
19.22888889,75.21444444,0.080861376
19.22916667,74.68527778,0.095708457
19.22944444,75.51416667,0.115739747
19.23,74.67833333,0.091996687
19.23027778,74.39138889,0.01674898
19.23027778,74.44,0.012485046
19.23027778,74.50527778,0.017393172
19.23055556,74.68888889,0.106843768
19.23055556,75.2075,0.080861376
19.23083333,74.67055556,0.089021136
19.23138889,74.69861111,0.142458358
19.23166667,75.22277778,0.068253627
19.23166667,75.83694444,0.067486733
19.23222222,74.68611111,0.049694776
19.2325,74.79083333,0.036166754
19.2325,75.41305556,0.01871223
19.23277778,74.42722222,0.02279211
19.23305556,74.6975,0.088284917
19.23333333,74.78222222,0.102365103
19.23333333,75.48972222,0.015920734
19.23361111,74.69722222,0.089757355
19.23361111,75.65,0.077885825
19.23361111,75.73888889,0.014939109
19.23361111,75.95,0.059326973
19.23388889,74.69222222,0.064541857
19.23388889,74.70555556,0.112027976
19.23388889,74.90333333,0.150311359
19.23416667,74.62083333,0.009632197
19.23416667,74.68638889,0.094205344
19.23416667,74.69166667,0.083100709
19.23416667,75.25722222,0.028313752
19.23444444,74.67527778,0.18031228
19.23472222,74.14611111,0.02082886
19.23472222,75.75472222,0.076413387
19.23527778,74.70444444,0.031319979
19.23555556,74.21777778,0.110310132
19.23555556,74.66583333,0.057854535
19.23555556,74.70222222,0.119451517
19.23555556,76.02805556,0.020399399
19.23611111,74.66888889,0.141722139
19.23611111,74.67166667,0.065278076
19.23611111,75.15,0.018436148
19.23611111,76.03083333,0.010521795
19.23611111,76.35666667,0.019387098
19.23638889,74.23222222,0.026197123
19.23638889,74.46305556,0.014847081
19.23638889,75.66583333,0.071198503
19.23638889,75.95944444,0.034387558
19.23666667,74.67972222,0.04187245
19.23666667,74.91,0.166201417
19.23666667,75.66638889,0.071198503
19.23722222,74.20805556,0.018374797
19.23722222,74.67138889,0.053590601
19.23722222,74.69166667,0.18402405
19.2375,74.2075,0.138010368
19.2375,74.21722222,0.021442376
19.2375,74.66222222,0.104604436
19.23777778,74.17666667,0.024509954
19.23777778,74.67222222,0.045246787
19.23777778,75.39916667,0.040338661
19.23805556,74.68472222,0.091996687
19.23805556,74.68555556,0.120187736
19.23805556,74.69944444,0.063038744
19.23805556,75.09083333,0.00815976
19.23805556,76.08333333,0.025338201
19.23833333,74.21833333,0.024509954
19.23833333,74.65138889,0.158041658
19.23861111,74.21944444,0.024509954
19.23861111,74.39527778,0.088929108
19.23861111,74.68611111,0.094972238
19.23888889,74.50138889,0.021319672
19.23888889,74.66555556,0.074910273
19.23888889,74.67694444,0.074910273
19.23888889,74.69333333,0.113500414
19.23888889,75.01777778,0.016595601
19.23916667,74.72138889,0.018344121
19.23944444,74.65166667,0.035859996
19.23944444,74.68055556,0.099420228
19.23944444,75.63611111,0.070462284
19.23972222,73.89583333,0.130402773
19.23972222,74.28416667,0.11040216
19.24,75.55694444,0.040369336
19.24055556,74.20944444,0.015307218
19.24055556,74.67638889,0.094972238
19.24055556,75.65833333,0.070462284
19.24083333,74.66666667,0.081597595
19.24111111,74.22722222,0.018374797
19.24111111,74.40222222,0.033712691
19.24111111,74.66972222,0.059326973
19.24111111,74.705,0.131323047
19.24111111,75.30777778,0.065278076
19.24138889,74.41083333,0.272983834
19.24138889,74.66194444,0.073437836
19.24138889,74.67361111,0.091996687
19.24138889,74.88861111,0.04107488
19.24138889,75.31305556,0.021503727
19.24138889,76.02277778,0.037823246
19.24166667,74.70527778,0.080861376
19.24166667,75.72166667,0.011442069
19.24222222,74.13972222,0.030645112
19.24222222,74.66555556,0.076413387
19.24222222,74.70527778,0.125371944
19.24222222,74.74222222,0.268627872
19.24222222,75.75444444,0.077885825
19.2425,74.66722222,0.101628884
19.2425,74.67777778,0.080861376
19.2425,74.71361111,0.047025982
19.2425,74.78194444,0.080861376
19.2425,74.88472222,0.083836928
19.2425,75.78444444,0.047455443
19.24277778,75.18444444,0.025276849
19.24277778,75.60111111,0.061566306
19.24305556,74.78027778,0.096444676
19.24333333,74.66666667,0.143930795
19.24333333,74.68111111,0.071198503
19.24333333,74.70472222,0.091260468
19.24333333,75.21222222,0.04049204
19.24333333,75.37027778,0.022546704
19.24388889,74.69555556,0.124635725
19.24388889,74.78194444,0.095708457
19.24388889,75.21194444,0.071198503
19.24416667,74.66888889,0.083836928
19.24416667,74.6725,0.083100709
19.24444444,74.65083333,0.099420228
19.24444444,74.68138889,0.086781803
19.24444444,74.68472222,0.104604436
19.24444444,75.7,0.009386791
19.24472222,75.7875,0.071965398
19.245,74.55138889,0.021473051
19.245,74.65916667,0.102365103
19.245,74.72722222,0.053406546
19.245,75.0025,0.025430228
19.245,75.77333333,0.068989846
19.24527778,74.70277778,0.117979079
19.24527778,76.20833333,0.066014295
19.24555556,74.67861111,0.087548698
19.24555556,74.78222222,0.110555539
19.24555556,74.89111111,0.050124237
19.24583333,74.70138889,0.165465198
19.24611111,75.69444444,0.012761128
19.24666667,74.67138889,0.091996687
19.24666667,74.6775,0.083836928
19.24666667,74.78277778,0.045154759
19.24694444,73.84305556,0.060155219
19.24694444,73.84555556,0.110310132
19.24694444,73.89305556,0.105309979
19.24694444,74.67833333,0.091996687
19.24722222,73.84583333,0.095278996
19.24722222,73.91194444,0.270836529
19.24722222,75.10888889,0.02803767
19.2475,73.84305556,0.055155066
19.2475,73.84333333,0.270836529
19.2475,73.84361111,0.070186202
19.2475,74.20555556,0.067456057
19.2475,74.78555556,0.083836928
19.2475,75.21527778,0.037976625
19.24777778,73.84388889,0.060155219
19.24777778,73.84583333,0.115340961
19.24805556,73.84333333,0.030062272
19.24805556,73.84361111,0.095278996
19.24805556,73.84388889,0.095278996
19.24805556,74.66194444,0.077149606
19.24833333,73.84388889,0.200619651
19.24833333,73.84416667,0.401208626
19.24833333,73.84444444,0.426362772
19.24833333,75.70138889,0.014939109
19.24861111,73.84388889,0.230712599
19.24861111,73.84416667,0.015031136
19.24861111,73.84444444,0.10027915
19.24861111,74.36527778,0.027546857
19.24861111,75.71833333,0.010859229
19.24888889,73.84444444,0.025062118
19.24888889,73.845,0.085248014
19.24888889,74.2125,0.035614589
19.24888889,74.66916667,0.081597595
19.24916667,73.84472222,0.005000153
19.24916667,73.84527778,0.230712599
19.24916667,74.11472222,0.195588822
19.24916667,75.45277778,0.087548698
19.24916667,75.66361111,0.039295684
19.24944444,73.845,0.125371944
19.24944444,73.84527778,0.170526703
19.24944444,73.84555556,0.090248167
19.24944444,73.91194444,0.275867358
19.24944444,74.70527778,0.129083714
19.24944444,74.89861111,0.017546551
19.24944444,75.71111111,0.009386791
19.24944444,75.71305556,0.014478972
19.24972222,73.84527778,0.300929476
19.24972222,73.84583333,0.10027915
19.24972222,74.83861111,0.103316053
19.25,73.84583333,0.280867511
19.25,73.84666667,0.110310132
19.25,73.84805556,0.165495874
19.25,74.55694444,0.014386944
19.25,74.67694444,0.106843768
19.25,74.89194444,0.043528943
19.25,75.72555556,0.013221264
19.25027778,73.84583333,0.075217031
19.25027778,73.84611111,0.180557686
19.25027778,73.88972222,0.080217185
19.25027778,74.01666667,0.153348262
19.25027778,74.66972222,0.089757355
19.25027778,75.8,0.065278076
19.25027778,75.88333333,0.095708457
19.25055556,73.84583333,0.431270898
19.25055556,73.84611111,0.190588668
19.25055556,73.84638889,0.140433756
19.25055556,73.84694444,0.351207092
19.25055556,73.84833333,0.075217031
19.25055556,74.13833333,0.039663793
19.25055556,74.77583333,0.099420228
19.25083333,73.84777778,0.160495721
19.25083333,73.84833333,0.065186049
19.25083333,74.72333333,0.066750514
19.25083333,75,0.042639345
19.25083333,75.4425,0.020736832
19.25111111,73.84583333,0.090248167
19.25111111,73.84638889,0.140433756
19.25111111,73.84805556,0.060155219
19.25111111,74.26916667,0.034264855
19.25138889,73.84666667,0.280867511
19.25138889,73.84833333,0.095278996
19.25138889,75.70694444,0.010399092
19.25166667,73.84694444,0.441393908
19.25194444,74.70472222,0.088284917
19.25194444,75.76222222,0.076413387
19.25222222,73.84694444,0.125371944
19.25222222,73.84722222,0.351207092
19.25222222,73.84861111,0.145433909
19.25222222,74.89333333,0.035737293
19.25222222,75.24083333,0.012853155
19.25222222,75.73611111,0.015215191
19.2525,73.8475,0.160495721
19.2525,73.84777778,0.451516918
19.2525,73.84833333,0.32114482
19.2525,75.71222222,0.013497347
19.25277778,74.45333333,0.211632259
19.25277778,74.57888889,0.018926961
19.25277778,75.71027778,0.011135311
19.25305556,73.84805556,0.120341115
19.25305556,73.84861111,0.260805546
19.25305556,73.84916667,0.320991441
19.25305556,74.01694444,0.309794779
19.25305556,74.7725,0.118715298
19.25333333,73.84916667,0.250774564
19.25333333,74.70083333,0.091996687
19.25333333,75.20833333,0.047179361
19.25333333,75.21277778,0.061566306
19.25361111,73.84861111,0.090248167
19.25361111,73.84944444,0.401208626
19.25361111,74.68388889,0.078622044
19.25388889,73.84888889,0.125371944
19.25388889,74.2775,0.091996687
19.25388889,75.21611111,0.057118317
19.25388889,76.22083333,0.011227338
19.25416667,74.67638889,0.102365103
19.25444444,73.84944444,0.106813092
19.25444444,73.84972222,0.32114482
19.25444444,75.21194444,0.060830087
19.25444444,75.70055556,0.012761128
19.255,74.67083333,0.091260468
19.25527778,76.27638889,0.066750514
19.25555556,74.42194444,0.01812939
19.25555556,74.61972222,0.135771036
19.25555556,74.67083333,0.104604436
19.25555556,74.67277778,0.080861376
19.25555556,74.67555556,0.202552226
19.25583333,74.14222222,0.128807632
19.25583333,74.155,0.021442376
19.25583333,74.69416667,0.031289303
19.25583333,75.40333333,0.092364796
19.25611111,74.20583333,0.085861529
19.25611111,75.33694444,0.094972238
19.25638889,74.67722222,0.097917114
19.25666667,75.72777778,0.014233565
19.25694444,74.68944444,0.286419829
19.25722222,74.22111111,0.028896592
19.25722222,74.53777778,0.013466671
19.25722222,74.7725,0.080861376
19.25722222,75.045,0.034724992
19.25722222,76.08166667,0.01871223
19.2575,74.20805556,0.021442376
19.25805556,73.51777778,0.116537317
19.25805556,74.29805556,0.125740053
19.25805556,74.67,0.079388938
19.25833333,74.20611111,0.107334581
19.25833333,74.665,0.171385625
19.25833333,74.67527778,0.056382098
19.25833333,75.72944444,0.014693702
19.25833333,75.785,0.025307525
19.25861111,74.14666667,0.082793951
19.25888889,75.19027778,0.052670327
19.25916667,74.12555556,0.3963005
19.25916667,74.26305556,0.091996687
19.25916667,74.90777778,0.034326206
19.26027778,75.39416667,0.031504034
19.26055556,74.18277778,0.031596061
19.26055556,74.22638889,0.091996687
19.26055556,74.2625,0.021442376
19.26055556,74.27638889,0.122672475
19.26055556,74.33472222,0.125371944
19.26083333,75.76944444,0.486364612
19.26111111,74.33416667,0.10027915
19.26111111,75.72166667,0.01478573
19.26138889,74.73194444,0.019325746
19.26166667,74.145,0.085861529
19.26166667,74.17527778,0.156415841
19.26166667,74.35444444,0.029571459
19.26166667,74.94583333,0.034019448
19.26166667,75.21916667,0.060093868
19.26194444,74.68694444,0.088284917
19.26194444,74.91861111,0.024694009
19.26305556,75.2075,0.089021136
19.26305556,75.21083333,0.053406546
19.26305556,75.51527778,0.068989846
19.26333333,75.70861111,0.047455443
19.26388889,75.20777778,0.075677168
19.26388889,75.80805556,0.071198503
19.26416667,75.31388889,0.036320133
19.26416667,75.35888889,0.116475966
19.26444444,75.675,0.094205344
19.26555556,74.47361111,0.027792264
19.26555556,75.21027778,0.053406546
19.26583333,74.42805556,0.01674898
19.26611111,74.52222222,0.017485199
19.26611111,75.21583333,0.064541857
19.26611111,75.72222222,0.010276389
19.26638889,74.73472222,0.009785576
19.26666667,75.15,0.134298598
19.26666667,75.72916667,0.009969631
19.26666667,75.81666667,0.042271235
19.26722222,74.17,0.091996687
19.26805556,74.52361111,0.012638424
19.26805556,76.30722222,0.015429921
19.26833333,74.50138889,0.022362649
19.26861111,74.28111111,0.02687199
19.26861111,75.54055556,0.043743673
19.26861111,75.98333333,0.053406546
19.26861111,76.27388889,0.082333814
19.26861111,76.2825,0.065278076
19.26888889,75.21083333,0.088284917
19.26916667,75.82388889,0.050430995
19.26944444,75.08333333,0.025399552
19.26944444,75.8,0.089021136
19.26944444,76.13333333,0.092732906
19.26972222,74.70277778,0.019049664
19.27,75.68972222,0.060093868
19.27027778,74.145,0.067456057
19.27027778,75.84305556,0.061566306
19.27083333,74.06805556,0.055185742
19.27083333,74.22722222,0.024509954
19.27083333,76.2825,0.040031903
19.27111111,73.87,0.105309979
19.27166667,73.875,0.195588822
19.27166667,73.88194444,0.561336237
19.27166667,74.60222222,0.013712077
19.27166667,75.61388889,0.086781803
19.27194444,74.70583333,0.013435995
19.27222222,74.0675,0.060093868
19.2725,74.19194444,0.070523636
19.2725,74.19416667,0.088929108
19.2725,74.55194444,0.006595294
19.27277778,73.61444444,0.064541857
19.27277778,76.27638889,0.068989846
19.27305556,74.24916667,0.030645112
19.27305556,74.265,0.026197123
19.27305556,75.605,0.022700083
19.27333333,74.86833333,0.025215497
19.27333333,75.00138889,0.01733182
19.27388889,74.92388889,0.013558698
19.27416667,74.23861111,0.085861529
19.27416667,74.67222222,0.089757355
19.27416667,75.20416667,0.034847695
19.27444444,74.22527778,0.02687199
19.275,74.59972222,0.061320899
19.275,74.75472222,0.028099021
19.275,75.885,0.091996687
19.27722222,73.71527778,0.036780269
19.2775,73.77166667,0.033712691
19.2775,74.64666667,0.016258167
19.2775,75.20388889,0.048191662
19.27777778,74.27694444,0.18402405
19.27777778,75.91472222,0.022025215
19.27833333,74.11805556,0.082793951
19.27833333,74.73416667,0.013466671
19.27888889,74.15888889,0.024847388
19.27944444,74.19333333,0.033712691
19.27944444,74.38388889,0.029571459
19.27944444,74.75527778,0.013558698
19.28,74.285,0.022055891
19.28,74.71222222,0.054142765
19.28055556,74.09361111,0.177888892
19.28055556,74.98055556,0.020491426
19.28111111,74.02777778,0.334335409
19.28111111,74.24277778,0.079726372
19.28166667,74.01722222,0.305960306
19.28166667,74.02805556,0.155464892
19.28194444,74.02805556,0.070186202
19.28222222,74.32277778,0.138010368
19.2825,74.0175,0.435565508
19.2825,74.02833333,0.334335409
19.28277778,73.53194444,0.042915427
19.28277778,74.025,0.225681769
19.28277778,74.02888889,0.435565508
19.28305556,73.62805556,0.374213933
19.28305556,74.01777778,0.47145618
19.28305556,74.01805556,0.280867511
19.28305556,74.02805556,0.240743581
19.28333333,75.01666667,0.083100709
19.28333333,75.16666667,0.155066106
19.28333333,75.81666667,0.053406546
19.28333333,75.81888889,0.035583914
19.28333333,75.86666667,0.109788644
19.28333333,75.9,0.060093868
19.28333333,75.91666667,0.054142765
19.28333333,75.93333333,0.062302525
19.28333333,76.03333333,0.037823246
19.28416667,75.92583333,0.068959171
19.28444444,74.93083333,0.013558698
19.28444444,76.05222222,0.01733182
19.28555556,74.14833333,0.022178594
19.28555556,75.30388889,0.011840854
19.28555556,76.27388889,0.046719225
19.28583333,73.68305556,0.135556305
19.28583333,74.20138889,0.024509954
19.28611111,75.41611111,0.018896285
19.28611111,75.98333333,0.073468511
19.28638889,74.20555556,0.042915427
19.28638889,75.81666667,0.043007454
19.28694444,76.11666667,0.088284917
19.28722222,74.01666667,0.165495874
19.28777778,74.01666667,0.305960306
19.28777778,74.01694444,0.365011197
19.28777778,74.51416667,0.028681861
19.28861111,74.06805556,0.061320899
19.28861111,74.86305556,0.042271235
19.28861111,75.03777778,0.067456057
19.28916667,74.21027778,0.030645112
19.28916667,74.55805556,0.019571152
19.28916667,74.79222222,0.02512347
19.28916667,74.79444444,0.015706003
19.28916667,75.93555556,0.070462284
19.28944444,74.78111111,0.009785576
19.28944444,74.96305556,0.015429921
19.28944444,76.11833333,0.050430995
19.28972222,73.59055556,0.055185742
19.28972222,75.9,0.073437836
19.28972222,75.94444444,0.023835087
19.29,74.14055556,0.038314059
19.29,74.78888889,0.084573146
19.29027778,74.5175,0.018957637
19.29055556,74.55722222,0.018681555
19.29055556,74.90638889,0.027945643
19.29111111,74.52166667,0.032362956
19.29138889,74.13555556,0.079726372
19.29138889,74.41027778,0.085861529
19.29138889,74.41055556,0.064388478
19.29166667,73.66722222,0.045062732
19.29166667,74.77611111,0.030031596
19.29166667,74.89166667,0.019111016
19.29194444,74.35388889,0.039663793
19.29194444,74.4825,0.031473358
19.29194444,75.91666667,0.085309365
19.29194444,75.92222222,0.085309365
19.29222222,74.24277778,0.030645112
19.29222222,74.645,0.031258628
19.29277778,74.13944444,0.027546857
19.29277778,74.31194444,0.079726372
19.29305556,74.77527778,0.106843768
19.29333333,73.84111111,0.070523636
19.29333333,74.50138889,0.022301298
19.29333333,74.61861111,0.118715298
19.29388889,74.61888889,0.068989846
19.29444444,74.77083333,0.201079788
19.29472222,74.47861111,0.012178288
19.29472222,74.74222222,0.025767662
19.295,74.72361111,0.013528022
19.29555556,74.49944444,0.0282524
19.29583333,74.04305556,0.31102181
19.29583333,74.77694444,0.097242247
19.29638889,75.22361111,0.052670327
19.29666667,73.68638889,0.240774257
19.29694444,74.77694444,0.064817939
19.29694444,76.34444444,0.027577533
19.2975,74.66361111,0.034264855
19.29805556,74.71944444,0.066014295
19.29805556,76.07333333,0.013466671
19.29833333,74.48916667,0.01733182
19.29833333,75.555,0.019571152
19.29861111,73.7725,0.140464431
19.29861111,74.41777778,0.017761281
19.29861111,75.92666667,0.045246787
19.29888889,73.68583333,0.175434829
19.29916667,74.6175,0.121660174
19.29944444,73.67527778,0.095371024
19.29944444,73.67638889,0.115310286
19.29944444,73.6775,0.095371024
19.29944444,73.6825,0.642013559
19.3,74.88666667,0.04653517
19.3,75.15,0.134298598
19.3,75.16666667,0.113500414
19.3,75.96666667,0.073437836
19.30027778,75.95,0.059326973
19.30055556,74.69388889,0.089757355
19.30055556,74.77694444,0.047210037
19.30138889,75.42888889,0.007638271
19.30166667,74.05416667,0.175526857
19.30166667,74.05444444,0.155464892
19.30166667,75.34416667,0.092732906
19.30166667,75.43833333,0.097917114
19.30166667,75.92222222,0.085309365
19.30194444,76.29361111,0.054142765
19.30277778,75.46916667,0.063038744
19.30305556,75.95,0.077149606
19.30333333,74.77805556,0.098684009
19.30333333,74.79583333,0.102365103
19.30361111,75.98416667,0.051903433
19.30416667,73.84166667,0.125371944
19.30472222,74.73416667,0.01012301
19.305,75.34416667,0.098684009
19.30527778,74.69694444,0.075677168
19.30555556,75.80972222,0.068989846
19.30555556,76.27638889,0.065278076
19.30611111,74.03944444,0.145433909
19.30611111,74.04055556,0.095278996
19.30638889,74.58916667,0.013528022
19.30666667,74.78361111,0.024172521
19.30666667,75.275,0.056382098
19.30722222,74.40638889,0.021595754
19.30777778,74.36583333,0.064388478
19.30833333,73.885,0.441393908
19.30861111,76.13361111,0.037087027
19.30888889,74.91583333,0.011073959
19.30944444,76.13888889,0.083100709
19.31,74.07444444,0.265897727
19.31,74.52638889,0.019325746
19.31,75.45277778,0.013466671
19.31,75.61305556,0.009785576
19.31083333,74.57,0.016411546
19.31111111,73.75555556,0.269916255
19.31111111,75.88333333,0.095708457
19.31138889,75.17333333,0.021074266
19.31333333,75.05277778,0.020368723
19.31416667,73.84027778,0.401208626
19.31416667,73.99805556,0.214699837
19.31444444,73.84027778,0.135402926
19.31444444,73.99833333,0.180557686
19.31472222,75.31555556,0.034326206
19.315,74.73333333,0.030614436
19.31583333,75.205,0.031442682
19.31666667,74.52305556,0.014939109
19.31666667,75.96666667,0.055615203
19.31666667,76.06666667,0.044510568
19.31666667,76.11666667,0.053406546
19.31666667,76.13333333,0.038559465
19.31694444,75.22416667,0.012822479
19.31694444,75.63333333,0.062302525
19.31722222,74.04777778,0.070186202
19.3175,74.94638889,0.021473051
19.31777778,75.46083333,0.12911439
19.31805556,74.04833333,0.250774564
19.31833333,74.04777778,0.240743581
19.31833333,74.04805556,0.135402926
19.31861111,75.42833333,0.039418387
19.31944444,74.05972222,0.049050584
19.31944444,75.14694444,0.023804411
19.31944444,76.15222222,0.092732906
19.31972222,74.05972222,0.315929937
19.31972222,74.06,0.105309979
19.31972222,74.72833333,0.110310132
19.31972222,74.78333333,0.02650388
19.31972222,75.4375,0.028375104
19.31972222,76.15,0.080861376
19.32,75.43194444,0.089634651
19.32027778,74.77472222,0.155219485
19.32055556,74.69027778,0.019632504
19.32055556,75.43611111,0.020153992
19.32083333,74.41638889,0.010429768
19.32083333,74.43666667,0.017791957
19.32138889,75.92222222,0.01733182
19.32166667,75.43555556,0.028099021
19.32222222,74.33305556,0.038988926
19.32222222,75.41527778,0.02082886
19.32222222,75.43666667,0.039295684
19.32277778,75.43916667,0.022485352
19.32305556,74.42805556,0.022945489
19.32333333,74.77555556,0.2200681
19.32361111,75.43888889,0.018528176
19.32361111,75.43916667,0.0438357
19.32361111,75.43944444,0.034878371
19.32444444,74.52638889,0.014847081
19.32444444,76.28611111,0.013528022
19.325,75.43944444,0.057977239
19.325,75.44166667,0.060339274
19.32527778,74.13944444,0.036780269
19.32527778,75.34416667,0.092732906
19.32555556,74.025,0.034939722
19.32555556,74.03638889,0.150464738
19.32583333,74.00305556,0.120341115
19.32583333,75.00527778,0.017945336
19.32638889,73.45027778,0.039847848
19.32638889,73.58472222,0.016810332
19.32638889,74.56222222,0.022025215
19.32638889,75.34472222,0.013466671
19.32638889,75.44166667,0.075217031
19.32638889,76.10416667,0.035859996
19.32666667,74.03666667,0.080217185
19.32666667,74.20888889,0.036780269
19.32666667,75.485,0.022086567
19.3275,74.41777778,0.025736986
19.32777778,74.84777778,0.081352189
19.32777778,75.43666667,0.061811712
19.32805556,74.4725,0.018528176
19.32805556,76.11972222,0.014110862
19.32833333,75.77583333,0.016227492
19.32861111,74.80555556,0.074910273
19.32888889,74.00333333,0.130402773
19.32888889,74.00361111,0.144145526
19.32916667,75.4375,0.046044357
19.32944444,74.84888889,0.059326973
19.32972222,74.84944444,0.076413387
19.33027778,75.22361111,0.024939415
19.33055556,75.4375,0.028099021
19.33055556,75.99444444,0.024847388
19.33083333,74.92444444,0.009785576
19.33111111,74.01388889,0.155464892
19.33111111,74.02555556,0.138010368
19.33111111,74.02722222,0.220681616
19.33111111,75.44111111,0.041504341
19.33138889,74.02472222,0.080217185
19.33138889,74.02527778,0.223902574
19.33138889,74.02666667,0.10027915
19.33138889,74.0275,0.080217185
19.33166667,74.01416667,0.145433909
19.33166667,74.02638889,0.120341115
19.33166667,74.02666667,0.149636492
19.33166667,75.41888889,0.033589987
19.33194444,75.44111111,0.051934108
19.33222222,74.02583333,0.105309979
19.3325,74.025,0.125371944
19.3325,74.02555556,0.272983834
19.3325,75.44694444,0.025246173
19.33277778,74.025,0.149636492
19.33305556,74.02472222,0.571766005
19.33388889,75.34416667,0.029663487
19.33416667,75.34166667,0.071198503
19.335,74.72555556,0.021902512
19.33583333,74.05972222,0.303659621
19.33666667,75.03833333,0.077149606
19.33722222,75.01916667,0.05570723
19.33722222,75.58861111,0.146354183
19.33722222,75.69333333,0.048191662
19.33777778,75.15944444,0.024786036
19.33805556,75.77305556,0.022976165
19.33861111,74.03972222,0.35580846
19.33888889,74.03666667,0.240743581
19.33888889,74.03972222,0.309794779
19.33888889,74.04,0.325132673
19.33916667,73.50722222,0.079726372
19.33916667,75.09166667,0.014540323
19.33944444,74.03722222,0.095064266
19.33944444,74.03777778,0.315929937
19.33944444,75.09305556,0.018988313
19.33972222,74.03777778,0.150280683
19.33972222,74.03805556,0.290898494
19.33972222,74.5425,0.015798031
19.34027778,74.72444444,0.016442222
19.34083333,74.0325,0.028221725
19.34083333,74.03694444,0.02316022
19.34111111,75.17916667,0.024847388
19.34111111,75.41944444,0.032270929
19.34166667,75.42083333,0.068253627
19.34194444,74.04833333,0.060155219
19.34194444,74.04861111,0.104267002
19.34194444,75.61333333,0.094972238
19.34222222,74.04888889,0.170496027
19.3425,75.37638889,0.043007454
19.34277778,75.61055556,0.091996687
19.34277778,75.61694444,0.118715298
19.34305556,76.13333333,0.038559465
19.34333333,74.7425,0.127611276
19.34361111,75.6175,0.119451517
19.34388889,74.88833333,0.049357342
19.34388889,75.07555556,0.033988773
19.34388889,75.60027778,0.103868217
19.34388889,75.60861111,0.095708457
19.34388889,75.61916667,0.158041658
19.34416667,75.61277778,0.128347495
19.34416667,75.61972222,0.080125157
19.34472222,75.33111111,0.020583453
19.34472222,75.66944444,0.070462284
19.34555556,74.87972222,0.079726372
19.34555556,74.975,0.022485352
19.34694444,75.60638889,0.101628884
19.34805556,73.53194444,0.018374797
19.34805556,75.47194444,0.024786036
19.34805556,75.60861111,0.096444676
19.34861111,74.62888889,0.149145679
19.34861111,75.67305556,0.103868217
19.34916667,75.39027778,0.022546704
19.34944444,74.83972222,0.013374643
19.34972222,74.93611111,0.027056045
19.35,75.25472222,0.013466671
19.35,76.05083333,0.020215344
19.35027778,74.80833333,0.013589374
19.35027778,75.68666667,0.01033774
19.35055556,74.35527778,0.018374797
19.35083333,74.09416667,0.040154606
19.35083333,75.17805556,0.03095187
19.35083333,75.9375,0.013466671
19.35166667,75.38611111,0.041044204
19.35222222,75.24472222,0.025215497
19.3525,74.4425,0.039172981
19.35277778,75.18333333,0.142458358
19.35277778,75.8575,0.018068039
19.35305556,74.03777778,0.481517838
19.35305556,74.60166667,0.018742906
19.35305556,74.775,0.103131998
19.35305556,75.32472222,0.111291757
19.35305556,76.19972222,0.025460904
19.35361111,75.68388889,0.003036903
19.35388889,75.62055556,0.101628884
19.35388889,75.74888889,0.008129084
19.355,75.45444444,0.060093868
19.35527778,74.58027778,0.025522255
19.35583333,75.61694444,0.109788644
19.35583333,75.6175,0.113500414
19.35583333,75.76111111,0.009785576
19.35638889,75.32111111,0.035583914
19.35638889,75.61972222,0.210742661
19.35694444,75.22166667,0.019264395
19.35694444,75.62055556,0.192920028
19.3575,75.44972222,0.017791957
19.35805556,74.42333333,0.021012915
19.35805556,75.89611111,0.026043744
19.35833333,74.96833333,0.025522255
19.35833333,76.33388889,0.020736832
19.35861111,75.02527778,0.068253627
19.35861111,75.62138889,0.096444676
19.35861111,75.63083333,0.126138839
19.35916667,75.52944444,0.100892665
19.35944444,75.19722222,0.010092334
19.35972222,75.62611111,0.140219025
19.36,74.00694444,0.230651247
19.36027778,74.55972222,0.025583607
19.36138889,75.62027778,0.140219025
19.36194444,74.62555556,0.014816405
19.3625,75.24277778,0.010368416
19.36277778,75.01444444,0.00954017
19.36277778,75.64722222,0.138010368
19.36305556,75.62305556,0.106843768
19.36388889,75.62694444,0.094972238
19.36388889,75.68472222,0.072701617
19.36388889,75.69111111,0.132059266
19.36444444,75.62916667,0.112027976
19.36444444,75.63027778,0.106076874
19.36472222,74.69444444,0.087548698
19.36472222,75.22583333,0.071198503
19.36472222,75.62722222,0.106076874
19.365,74.78888889,0.027056045
19.365,75.63,0.098684009
19.36555556,75.64361111,0.132059266
19.36638889,74.79333333,0.015706003
19.36666667,75.6325,0.098684009
19.36722222,73.99138889,0.091996687
19.36861111,74.53416667,0.248443204
19.36916667,74.53222222,0.027056045
19.36944444,75.31666667,0.134298598
19.36944444,75.53444444,0.057118317
19.36972222,74.65111111,0.00466272
19.37,75.12444444,0.042915427
19.37027778,75.64388889,0.136507255
19.37027778,75.7575,0.091996687
19.37083333,76.12472222,0.050430995
19.37111111,75.89027778,0.012239639
19.37138889,76.15777778,0.024203196
19.37166667,75.58694444,0.059326973
19.3725,75.64416667,0.087548698
19.37277778,73.61444444,0.052670327
19.37305556,74.39527778,0.28218657
19.37305556,74.75,0.03757784
19.37333333,75.26444444,0.068989846
19.37361111,75.80416667,0.115003528
19.37388889,74.87166667,0.066750514
19.37388889,75.05888889,0.025184822
19.37416667,75.25916667,0.09015614
19.37444444,75.41361111,0.055185742
19.37444444,75.67694444,0.082333814
19.375,74.74583333,0.220528237
19.375,75.5875,0.060093868
19.37527778,74.77722222,0.020859536
19.37555556,74.20388889,0.030645112
19.37583333,75.78305556,0.036320133
19.37611111,74.79305556,0.017209117
19.37638889,74.50805556,0.027792264
19.37638889,74.72527778,0.09015614
19.3775,74.12611111,0.045983006
19.3775,74.56611111,0.279118991
19.37805556,74.56638889,0.13494279
19.37833333,74.56638889,0.055185742
19.37833333,74.66583333,0.049050584
19.37888889,75.21972222,0.021749133
19.38,74.56333333,0.027209424
19.38,75.63388889,0.064541857
19.38111111,74.42583333,0.029571459
19.38277778,75.6375,0.071198503
19.38388889,73.80277778,0.13494279
19.38388889,73.91416667,0.088929108
19.38388889,74.56194444,0.122672475
19.38416667,74.08777778,0.245375625
19.38416667,74.11027778,0.045983006
19.38416667,74.45916667,0.214699837
19.38416667,75.68555556,0.119451517
19.38472222,75.6525,0.089757355
19.38527778,74.08777778,0.28218657
19.38527778,74.54277778,0.28218657
19.38611111,74.44083333,0.012791803
19.38611111,75.3,0.114267309
19.38611111,75.73666667,0.060093868
19.38611111,75.73888889,0.080861376
19.38638889,74.55583333,0.013957483
19.38666667,75.73638889,0.068253627
19.38694444,75.07444444,0.175434829
19.38722222,75.68777778,0.046719225
19.3875,74.45694444,0.055308445
19.3875,75.16888889,0.061566306
19.3875,75.20277778,0.014816405
19.3875,75.43861111,0.045983006
19.38777778,74.655,0.014540323
19.38777778,75.47111111,0.058590754
19.38777778,75.88,0.016656953
19.38805556,73.70083333,0.079726372
19.38805556,74.46472222,0.067456057
19.38805556,75.31194444,0.034847695
19.38805556,75.44055556,0.026687935
19.38833333,74.63694444,0.162489647
19.38861111,74.59972222,0.082793951
19.38888889,74.6375,0.086045584
19.38888889,75.40444444,0.032608362
19.38888889,75.58972222,0.068253627
19.38916667,74.84194444,0.057854535
19.38972222,74.63861111,0.155802325
19.38972222,75.64555556,0.094972238
19.39,75.47638889,0.01653425
19.39,76.14777778,0.051167214
19.39027778,74.53138889,0.025583607
19.39027778,75.255,0.013313292
19.39055556,74.44916667,0.015736679
19.39055556,74.63888889,0.143194577
19.39083333,75.68777778,0.091996687
19.39083333,75.73888889,0.065278076
19.39138889,75.65777778,0.129175742
19.39166667,74.1725,0.085861529
19.39166667,74.34388889,0.091996687
19.39166667,74.54972222,0.107334581
19.39166667,74.64027778,0.146170128
19.39194444,74.07,0.236172889
19.39194444,74.08694444,0.067456057
19.39194444,74.59083333,0.019325746
19.39222222,74.06722222,0.272983834
19.39222222,74.07277778,0.107334581
19.39222222,74.13861111,0.171753735
19.3925,75.1375,0.025000767
19.3925,75.66361111,0.013712077
19.39305556,74.64138889,0.19960735
19.39305556,75.67166667,0.063805638
19.39361111,75.59194444,0.062302525
19.39388889,74.27416667,0.160495721
19.39388889,74.28361111,0.10027915
19.39388889,74.59388889,0.013742753
19.39388889,74.77194444,0.028006994
19.39388889,74.79611111,0.148378785
19.39388889,75.74194444,0.075677168
19.39388889,75.75555556,0.058590754
19.39416667,74.11805556,0.067456057
19.39444444,74.25555556,0.521764471
19.39444444,74.25611111,0.10027915
19.39444444,74.25805556,0.240743581
19.39444444,74.27416667,0.351084389
19.39444444,75.43416667,0.089757355
19.39472222,74.25583333,0.060155219
19.39472222,74.25611111,0.125371944
19.39472222,74.25638889,0.185557839
19.39472222,74.25666667,0.160495721
19.39472222,74.27305556,0.501518451
19.39472222,74.27361111,0.326022271
19.39472222,74.27388889,0.195588822
19.39472222,74.27416667,0.280867511
19.395,74.12916667,0.006104482
19.395,74.14111111,0.115310286
19.395,74.25583333,0.155464892
19.395,74.25638889,0.165495874
19.395,74.27305556,0.511641461
19.395,74.27361111,0.040093254
19.395,74.27388889,0.551826743
19.395,74.27472222,0.28589834
19.395,74.68305556,0.036780269
19.395,75.16416667,0.04070677
19.395,76.38805556,0.138010368
19.39527778,74.25611111,0.205619804
19.39527778,74.27305556,0.32114482
19.39527778,74.27333333,0.356115218
19.39527778,74.27361111,0.351207092
19.39527778,74.27388889,0.446302034
19.39527778,74.27416667,0.501518451
19.39527778,74.27444444,0.295929323
19.39527778,74.60194444,0.013466671
19.39527778,74.69111111,0.025430228
19.39555556,74.25638889,0.145433909
19.39555556,74.25694444,0.115340961
19.39555556,74.27333333,0.326022271
19.39555556,74.27361111,0.40642351
19.39555556,74.27388889,0.48157919
19.39555556,74.27416667,0.295929323
19.39555556,74.27444444,0.32114482
19.39583333,74.27388889,0.31102181
19.39583333,74.27416667,0.195588822
19.39583333,74.645,0.020583453
19.39611111,74.27416667,0.140433756
19.39611111,74.27444444,0.140740514
19.39611111,74.6375,0.13727415
19.39611111,75.93694444,0.043007454
19.39638889,74.27444444,0.125371944
19.39666667,74.27416667,0.141936869
19.39666667,74.27444444,0.035093101
19.39666667,74.62083333,0.044387865
19.39666667,74.64138889,0.140219025
19.39666667,75.43361111,0.140955244
19.39694444,74.27416667,0.170526703
19.39694444,74.27444444,0.341053407
19.39694444,74.64611111,0.18031228
19.39722222,74.27416667,0.115340961
19.39722222,74.27444444,0.125371944
19.39722222,74.27472222,0.295929323
19.39722222,74.49305556,0.015123163
19.39722222,75.06583333,0.063038744
19.3975,74.27444444,0.120341115
19.3975,74.64666667,0.155066106
19.3975,75.06555556,0.088284917
19.39805556,74.50805556,0.015123163
19.39805556,74.64722222,0.033375257
19.39805556,75.74388889,0.040031903
19.39861111,74.7825,0.013497347
19.39888889,75.50416667,0.013466671
19.39888889,75.80333333,0.046719225
19.39944444,75.68555556,0.052670327
19.4,74.64916667,0.236694377
19.4,74.86416667,0.015890058
19.4,75.06583333,0.051903433
19.4,75.07083333,0.068253627
19.40027778,74.46472222,0.131875211
19.40138889,74.45027778,0.014110862
19.40138889,74.48638889,0.013067886
19.40138889,74.49583333,0.015123163
19.40138889,75.86666667,0.089757355
19.40222222,75.29277778,0.018896285
19.4025,74.65194444,0.116475966
19.4025,74.79277778,0.032485659
19.4025,75.97472222,0.023712384
19.40277778,75.28333333,0.132795485
19.40277778,75.425,0.022485352
19.40305556,75.83777778,0.017209117
19.40333333,74.39388889,0.064388478
19.40333333,75.31388889,0.025031443
19.40361111,75.1725,0.086045584
19.40388889,74.58861111,0.028099021
19.40444444,74.53805556,0.028221725
19.40444444,75.27111111,0.009785576
19.40472222,74.47416667,0.015123163
19.40472222,75.71722222,0.096444676
19.405,74.85138889,0.158041658
19.405,75.43,0.074174054
19.40527778,73.53194444,0.202429522
19.40527778,74.11805556,0.064388478
19.40527778,74.20138889,0.214699837
19.40583333,74.49,0.012485046
19.40583333,74.52555556,0.027209424
19.40583333,74.80694444,0.141722139
19.40611111,75.16722222,0.096444676
19.40611111,75.40638889,0.099420228
19.40638889,74.68111111,0.066014295
19.40638889,74.79861111,0.117979079
19.40638889,74.80083333,0.081597595
19.40638889,75.23694444,0.080861376
19.40638889,75.68833333,0.057854535
19.40638889,75.845,0.022239946
19.40694444,74.57777778,0.013466671
19.4075,74.79361111,0.060891438
19.4075,74.79861111,0.079388938
19.40833333,74.77611111,0.019479125
19.40833333,75.19583333,0.064541857
19.40833333,75.45166667,0.029049971
19.40833333,75.66638889,0.121660174
19.40888889,74.39583333,0.014847081
19.40916667,75.07,0.021012915
19.40916667,75.07055556,0.025951716
19.40916667,75.07111111,0.016810332
19.40916667,75.20944444,0.077149606
19.40916667,75.2125,0.039295684
19.40944444,75.07055556,0.017423847
19.40944444,75.07222222,0.026411853
19.41,74.79194444,0.091996687
19.41,75.71694444,0.075677168
19.41,75.80388889,0.060093868
19.41027778,74.80638889,0.088284917
19.41055556,75.39972222,0.017945336
19.41111111,74.02666667,0.079726372
19.41111111,75.07111111,0.020430075
19.41138889,74.78944444,0.062302525
19.41166667,74.50166667,0.029540783
19.4125,75.37583333,0.018037363
19.41305556,74.51805556,0.028681861
19.41305556,74.72166667,0.062302525
19.41333333,74.02055556,0.042915427
19.41333333,74.02888889,0.075125004
19.41416667,74.55472222,0.029724838
19.41416667,74.73166667,0.019693856
19.41416667,75.58694444,0.069726065
19.41416667,76.05638889,0.337402988
19.41527778,75.32944444,0.018742906
19.41555556,75.30555556,0.060830087
19.41583333,74.48388889,0.023528329
19.41583333,74.80638889,0.097917114
19.41666667,75.81055556,0.029264701
19.41694444,75.2375,0.016380871
19.41694444,75.26666667,0.118715298
19.41722222,75.23305556,0.076413387
19.4175,74.74222222,0.117979079
19.4175,75.47472222,0.031135924
19.41777778,75.27166667,0.061320899
19.41833333,75.12583333,0.175434829
19.41861111,75.395,0.034632964
19.41861111,75.62805556,0.079388938
19.41888889,75.23333333,0.059326973
19.41944444,75.22777778,0.038559465
19.41972222,74.61638889,0.165465198
19.41972222,74.84583333,0.065278076
19.41972222,75.21888889,0.080861376
19.41972222,75.22527778,0.040798798
19.42,73.81944444,0.088929108
19.42,74.03611111,0.061320899
19.42,74.03916667,0.073591214
19.42055556,76.09694444,0.024264548
19.42083333,73.89194444,0.09015614
19.42083333,75.21694444,0.057118317
19.42083333,75.54861111,0.110555539
19.42083333,75.59777778,0.092732906
19.42111111,74.89916667,0.035553238
19.42111111,75.15055556,0.025215497
19.42138889,75.30138889,0.028006994
19.42138889,75.46805556,0.096444676
19.42138889,75.58666667,0.068253627
19.42194444,74.80694444,0.098684009
19.42194444,75.70861111,0.051167214
19.42222222,75.22027778,0.057118317
19.42222222,75.27083333,0.051167214
19.4225,74.66694444,0.083100709
19.4225,75.22805556,0.046719225
19.42277778,75.0525,0.025276849
19.42305556,75.82638889,0.024571306
19.42333333,75.2175,0.050430995
19.42333333,75.22472222,0.058590754
19.42333333,75.23333333,0.040031903
19.42361111,75.22777778,0.044510568
19.42361111,75.23138889,0.051167214
19.42361111,75.23888889,0.068253627
19.42388889,75.22083333,0.052670327
19.42388889,75.22222222,0.057854535
19.42388889,75.24194444,0.045983006
19.42444444,75.21777778,0.057854535
19.42444444,75.23333333,0.062302525
19.42472222,74.79777778,0.140219025
19.42472222,75.22527778,0.060093868
19.42472222,75.27305556,0.025246173
19.425,75.23888889,0.046719225
19.425,75.24194444,0.060830087
19.425,75.42111111,0.051167214
19.42527778,75.22638889,0.060830087
19.42527778,75.22666667,0.041535016
19.42527778,75.82638889,0.020890211
19.42555556,74.975,0.016779656
19.42583333,74.01138889,0.138010368
19.42583333,74.43777778,0.021503727
19.42583333,74.68805556,0.016841007
19.42583333,74.78166667,0.034326206
19.42583333,75.09027778,0.116199883
19.42583333,75.125,0.010399092
19.42583333,75.21972222,0.060093868
19.42611111,75.61527778,0.012791803
19.42611111,75.75888889,0.021503727
19.42638889,74.45444444,0.032945796
19.42638889,75.62555556,0.009785576
19.42638889,75.75805556,0.108316206
19.42638889,75.81138889,0.027577533
19.42666667,74.91805556,0.044142458
19.42666667,75.68611111,0.065278076
19.42694444,75.22361111,0.076413387
19.42722222,74.29194444,0.025154146
19.42777778,75.23805556,0.048958557
19.42777778,76.41722222,0.070462284
19.42888889,74.80833333,0.022055891
19.42888889,75.26944444,0.062302525
19.42888889,75.79388889,0.101628884
19.42944444,75.23583333,0.068253627
19.42972222,75.71138889,0.021166293
19.43,74.08,0.049050584
19.43,75.82194444,0.086781803
19.43027778,75.09305556,0.031657413
19.43027778,75.80694444,0.078622044
19.43027778,75.99194444,0.055615203
19.43055556,75.25833333,0.048191662
19.43055556,75.73583333,0.030614436
19.43055556,75.95472222,0.081597595
19.43083333,74.49,0.014969784
19.43083333,75.33861111,0.037823246
19.43111111,74.8225,0.013712077
19.43111111,75.47361111,0.059326973
19.43138889,76.14916667,0.044510568
19.43194444,76.01805556,0.073437836
19.43222222,75.59416667,0.096444676
19.43222222,75.8275,0.077149606
19.4325,75.19222222,0.014847081
19.4325,75.46527778,0.057118317
19.43277778,75.04027778,0.072701617
19.43277778,75.20222222,0.023712384
19.43305556,74.75166667,0.025430228
19.43333333,74.4175,0.014969784
19.43361111,75.2375,0.042271235
19.43361111,75.25,0.124635725
19.43361111,75.71444444,0.106076874
19.43388889,75.46805556,0.097917114
19.43416667,75.23333333,0.041535016
19.43444444,74.61555556,0.03058376
19.43444444,74.76722222,0.042915427
19.43472222,75.25833333,0.043743673
19.43472222,75.41888889,0.054142765
19.43472222,75.75055556,0.085309365
19.435,75.05833333,0.087548698
19.43527778,74.67944444,0.021012915
19.43555556,75.58777778,0.066750514
19.43583333,75.23888889,0.065278076
19.43611111,74.23888889,0.046719225
19.43611111,74.62055556,0.02279211
19.43611111,75.10916667,0.031013221
19.43611111,75.24055556,0.089021136
19.43611111,75.25694444,0.035583914
19.43611111,75.25833333,0.068989846
19.43611111,75.28277778,0.039295684
19.43611111,75.43361111,0.129083714
19.43638889,74.52361111,0.016012761
19.43666667,75.2175,0.062302525
19.43666667,75.22388889,0.051167214
19.43694444,75.2425,0.045983006
19.4375,75.22416667,0.062302525
19.43777778,75.23888889,0.052670327
19.43805556,74.05666667,0.027577533
19.43805556,76.19611111,0.184882972
19.43833333,75.24305556,0.018344121
19.43833333,75.88472222,0.068253627
19.43861111,74.78222222,0.140219025
19.43861111,75.2175,0.046719225
19.43861111,75.26944444,0.056382098
19.43861111,76.13833333,0.071198503
19.43888889,74.97638889,0.013466671
19.43888889,75.22777778,0.060093868
19.43888889,75.23611111,0.054878984
19.43888889,75.24166667,0.080125157
19.43888889,75.2725,0.045246787
19.43916667,75.21777778,0.057854535
19.43916667,75.53694444,0.096444676
19.43944444,75.24416667,0.062302525
19.43972222,74.68638889,0.073437836
19.44,75.39611111,0.026687935
19.44055556,74.69388889,0.094972238
19.44055556,76.06083333,0.031381331
19.44083333,75.60333333,0.116475966
19.44083333,75.69138889,0.03233228
19.44111111,75.23888889,0.066750514
19.44111111,75.39222222,0.018221418
19.44138889,75.93944444,0.018896285
19.44166667,75.20083333,0.076413387
19.44166667,75.22027778,0.050430995
19.44166667,75.24166667,0.060093868
19.44166667,75.70722222,0.050430995
19.44194444,75.77527778,0.11040216
19.44222222,73.87055556,0.113469738
19.44222222,74.41805556,0.042915427
19.4425,75.24194444,0.052670327
19.4425,75.25833333,0.070462284
19.4425,76.23611111,0.017178441
19.44305556,75.2025,0.021104942
19.44361111,75.03638889,0.016442222
19.44361111,75.86055556,0.089757355
19.44416667,75.05138889,0.073437836
19.44527778,74.77277778,0.026779963
19.44555556,74.50972222,0.03058376
19.44555556,76.34166667,0.124635725
19.44611111,75.27305556,0.048191662
19.44638889,74.85194444,0.020522102
19.44638889,75.77944444,0.023896439
19.44666667,75.2,0.129083714
19.44694444,74.54027778,0.025000767
19.44694444,75.44027778,0.065278076
19.44722222,75.25277778,0.043007454
19.44722222,75.25833333,0.068253627
19.44777778,74.62861111,0.102365103
19.44777778,75.23416667,0.065278076
19.44833333,74.77388889,0.01500046
19.44861111,75.27777778,0.052670327
19.44888889,75.28361111,0.083100709
19.44888889,75.73055556,0.070462284
19.44916667,75.25305556,0.061566306
19.45,74.68722222,0.014172214
19.45,75.2,0.126875058
19.45,75.23333333,0.140219025
19.45,75.25555556,0.039295684
19.45,75.33861111,0.009785576
19.45027778,74.61666667,0.091260468
19.45027778,75.16666667,0.128347495
19.45027778,75.25,0.122427068
19.45027778,75.27138889,0.054878984
19.45083333,75.27,0.041535016
19.45083333,75.27666667,0.066014295
19.45111111,75.29583333,0.048191662
19.45138889,75.78777778,0.013466671
19.45138889,76.11055556,0.068253627
19.45138889,76.37277778,0.062241173
19.45166667,75.265,0.023221571
19.45222222,74.5475,0.021749133
19.4525,74.61638889,0.18031228
19.4525,74.76611111,0.013313292
19.4525,75.26166667,0.058590754
19.45277778,74.06055556,0.055185742
19.45277778,75.25555556,0.043743673
19.45277778,75.71722222,0.077885825
19.45277778,75.71916667,0.109052425
19.45277778,75.8175,0.077149606
19.45305556,75.01111111,0.068253627
19.45305556,75.23527778,0.025215497
19.45305556,75.25555556,0.050430995
19.45305556,75.55555556,0.073437836
19.45305556,75.71694444,0.068253627
19.45305556,75.71916667,0.089757355
19.45333333,74.07444444,0.138010368
19.45333333,75.25416667,0.054142765
19.45361111,75.25555556,0.062302525
19.45361111,75.71666667,0.094205344
19.45416667,74.78277778,0.102365103
19.45416667,75.25083333,0.039295684
19.45444444,74.04222222,0.064388478
19.45444444,74.77472222,0.083100709
19.45444444,74.79388889,0.089757355
19.45472222,75.82416667,0.094205344
19.45527778,74.46888889,0.01674898
19.45555556,75.24722222,0.056382098
19.45555556,75.25833333,0.049694776
19.45555556,75.27222222,0.053406546
19.45555556,75.28888889,0.060093868
19.45555556,75.61083333,0.061566306
19.45583333,75.25472222,0.040031903
19.45611111,75.23555556,0.047455443
19.45694444,74.785,0.155066106
19.45694444,75.2625,0.047455443
19.45722222,74.77666667,0.018068039
19.45722222,75.24444444,0.064541857
19.45722222,75.25138889,0.051903433
19.45722222,75.25277778,0.028160373
19.45722222,75.26861111,0.043007454
19.4575,75.27111111,0.043743673
19.4575,75.50583333,0.054878984
19.45777778,75.26805556,0.053406546
19.45777778,75.27111111,0.052670327
19.45805556,75.99583333,0.026687935
19.45833333,75.2475,0.056382098
19.45833333,75.2525,0.050430995
19.45833333,75.25555556,0.060093868
19.45833333,75.26083333,0.065278076
19.45833333,75.2625,0.054878984
19.45833333,75.26972222,0.051903433
19.45833333,75.27222222,0.039295684
19.45833333,75.28444444,0.036320133
19.45861111,74.58444444,0.013466671
19.45861111,74.70472222,0.106076874
19.45916667,75.20305556,0.135034817
19.45944444,76.34972222,0.089665327
19.46,74.27472222,0.162550998
19.46,75.2775,0.054878984
19.46,76.02555556,0.061566306
19.46027778,75.69833333,0.026043744
19.46055556,74.78361111,0.00917206
19.46083333,74.78527778,0.080125157
19.46083333,76.36027778,0.097917114
19.46138889,74.34388889,0.012239639
19.46138889,74.6225,0.052118163
19.46138889,74.68555556,0.097917114
19.46138889,75.25527778,0.054142765
19.46138889,75.27138889,0.057854535
19.46166667,75.2075,0.031135924
19.46194444,76.02666667,0.076413387
19.46194444,76.12,0.085309365
19.46222222,74.50972222,0.019693856
19.46277778,75.58333333,0.039510414
19.46305556,74.70861111,0.079388938
19.46305556,74.77861111,0.080125157
19.46305556,74.82222222,0.016472898
19.46305556,75.28611111,0.040031903
19.46333333,74.77638889,0.090493573
19.46333333,75.2375,0.053406546
19.46333333,75.25833333,0.051903433
19.46361111,74.51805556,0.019540477
19.46361111,75.2375,0.015552624
19.46388889,74.77388889,0.022976165
19.46416667,75.29027778,0.043743673
19.46416667,75.64444444,0.021963864
19.46444444,74.86277778,0.063038744
19.46444444,75.28444444,0.060093868
19.465,75.28888889,0.016227492
19.46555556,74.84361111,0.015736679
19.46555556,75.26944444,0.063038744
19.46611111,74.62805556,0.107579987
19.46638889,74.6175,0.072701617
19.46638889,75.79138889,0.046719225
19.46666667,75.16666667,0.114267309
19.46666667,75.21666667,0.136507255
19.46694444,74.23388889,0.14040308
19.46694444,75.18333333,0.132795485
19.46694444,75.27166667,0.050430995
19.46694444,75.46916667,0.062302525
19.46694444,75.5675,0.013926808
19.46722222,73.80388889,0.098131845
19.46722222,73.80611111,0.116537317
19.46722222,73.80972222,0.131875211
19.46722222,73.81472222,0.125740053
19.46722222,73.81916667,0.119604896
19.46722222,74.62111111,0.138010368
19.46722222,75.33333333,0.051167214
19.46777778,74.78388889,0.082793951
19.46805556,75.32083333,0.097180895
19.46805556,75.33472222,0.062302525
19.46833333,75.10833333,0.074910273
19.46833333,75.3225,0.100892665
19.46861111,74.80527778,0.070523636
19.46861111,76.10583333,0.065278076
19.46861111,76.27555556,0.021718458
19.46888889,73.54083333,0.085861529
19.46888889,73.86777778,0.082793951
19.46888889,73.87222222,0.091996687
19.46888889,73.885,0.064388478
19.46888889,74.36722222,0.098131845
19.46888889,75.26222222,0.023344274
19.46916667,74.24916667,0.070186202
19.46916667,75.29333333,0.062302525
19.46916667,75.30333333,0.053406546
19.46916667,75.32305556,0.080861376
19.46944444,74.7,0.132335348
19.46944444,75.20472222,0.142458358
19.46944444,75.22416667,0.139482806
19.46972222,74.08722222,0.300592043
19.46972222,75.26694444,0.042271235
19.46972222,75.26972222,0.057854535
19.47,74.58555556,0.305806927
19.47,75.26972222,0.041535016
19.47,75.32111111,0.094205344
19.47,75.41472222,0.095708457
19.47,75.71805556,0.068253627
19.47,75.74305556,0.043743673
19.47027778,75.20444444,0.141722139
19.47027778,75.22472222,0.133562379
19.47027778,75.32111111,0.120187736
19.47027778,75.71666667,0.088284917
19.47055556,74.70833333,0.069726065
19.47055556,75.26944444,0.050430995
19.47055556,75.33,0.115003528
19.47083333,75.31805556,0.105340655
19.47083333,75.32111111,0.089757355
19.47083333,76.10777778,0.054878984
19.47111111,74.62861111,0.092426148
19.47111111,75.32111111,0.101628884
19.47111111,75.52944444,0.067486733
19.47138889,74.445,0.013650725
19.47138889,75.32027778,0.066750514
19.47166667,74.24111111,0.080217185
19.47166667,75.7425,0.046719225
19.47222222,75.26694444,0.065278076
19.47222222,75.28527778,0.060830087
19.47222222,75.34222222,0.050430995
19.47222222,75.72583333,0.103868217
19.4725,75.29194444,0.037087027
19.47277778,75.29138889,0.050430995
19.47305556,73.87416667,0.061320899
19.47305556,74.61888889,0.128347495
19.47333333,74.61694444,0.098684009
19.47333333,74.6175,0.149881898
19.47333333,75.28194444,0.093469125
19.47333333,75.745,0.022239946
19.47388889,75.26666667,0.045246787
19.47388889,76.22805556,0.020000614
19.47416667,75.26888889,0.044510568
19.47416667,75.27138889,0.066014295
19.47416667,75.29027778,0.054142765
19.47444444,74.78111111,0.077579067
19.47444444,74.78555556,0.080861376
19.47444444,75.02361111,0.002208657
19.47444444,75.985,0.031872143
19.47472222,74.61972222,0.107579987
19.47472222,75.29833333,0.058590754
19.475,74.61694444,0.065278076
19.475,75.32638889,0.113500414
19.47527778,74.61916667,0.158041658
19.47527778,74.61972222,0.051167214
19.47527778,74.77805556,0.077149606
19.47527778,75.27472222,0.045983006
19.47527778,75.28194444,0.049694776
19.47555556,74.61861111,0.150618117
19.47555556,74.93861111,0.020153992
19.47583333,74.60638889,0.020583453
19.47583333,74.78333333,0.141722139
19.47583333,74.80638889,0.019847235
19.47583333,75.30361111,0.079388938
19.47611111,75.26805556,0.040031903
19.47638889,75.20333333,0.076413387
19.47638889,75.275,0.052670327
19.47638889,75.30611111,0.066750514
19.47638889,75.33222222,0.081597595
19.47666667,73.87333333,0.030645112
19.47666667,74.53111111,0.01674898
19.47666667,75.28972222,0.071965398
19.47694444,74.79222222,0.112027976
19.47722222,74.6975,0.109788644
19.47722222,75.31777778,0.071198503
19.4775,75.11583333,0.025215497
19.47777778,75.34138889,0.108316206
19.47805556,74.8475,0.068253627
19.47805556,75.25527778,0.060093868
19.47805556,75.27861111,0.045983006
19.47861111,74.24694444,0.155464892
19.47861111,74.25305556,0.130372097
19.47861111,75.23888889,0.054878984
19.47861111,75.49305556,0.094205344
19.47972222,75.20194444,0.016074113
19.48,75.27027778,0.061566306
19.48083333,74.49583333,0.020583453
19.48111111,73.61444444,0.076413387
19.48111111,73.6275,0.074971625
19.48111111,73.88055556,0.079726372
19.48111111,74.04305556,0.180649713
19.48111111,75.34166667,0.094205344
19.48194444,74.25361111,0.045093408
19.48222222,74.25361111,0.080217185
19.48277778,74.23638889,0.110310132
19.48277778,75.01361111,0.02687199
19.48305556,73.69277778,0.023865763
19.48305556,74.23666667,0.095248321
19.48305556,75.3,0.068253627
19.48305556,75.33277778,0.117212184
19.48333333,74.23611111,0.095248321
19.48333333,74.24277778,0.090248167
19.48333333,75.18333333,0.106843768
19.48333333,75.23333333,0.136507255
19.48333333,75.30388889,0.060830087
19.48333333,75.31722222,0.061320899
19.48333333,75.35,0.124635725
19.48361111,74.23611111,0.10027915
19.48361111,74.23722222,0.080217185
19.48361111,74.5725,0.021074266
19.48361111,75.21666667,0.125371944
19.48361111,75.29583333,0.054142765
19.48361111,75.33611111,0.053406546
19.48388889,74.23722222,0.200588975
19.48416667,74.23638889,0.075186355
19.48444444,73.53194444,0.122672475
19.48444444,73.63388889,0.058253321
19.48444444,74.25166667,0.095248321
19.48444444,74.68194444,0.033712691
19.48444444,74.78388889,0.018374797
19.48444444,75.30722222,0.051903433
19.48472222,74.25166667,0.095248321
19.48472222,74.25444444,0.120341115
19.48472222,75.32833333,0.086781803
19.485,74.24722222,0.145433909
19.485,74.24972222,0.160465045
19.485,74.92027778,0.009785576
19.48527778,74.24694444,0.14040308
19.48527778,75.15305556,0.025982392
19.48527778,75.35583333,0.060093868
19.48555556,75.30972222,0.048958557
19.48555556,75.31694444,0.052670327
19.48555556,75.52861111,0.018804258
19.48583333,75.40861111,0.014049511
19.48611111,75.26138889,0.054142765
19.48611111,75.29083333,0.060093868
19.48611111,75.29444444,0.054878984
19.48611111,75.34166667,0.051167214
19.48638889,74.24722222,0.040093254
19.48666667,75.295,0.080125157
19.48666667,75.72638889,0.028160373
19.48666667,75.73694444,0.022239946
19.48666667,75.7575,0.025951716
19.48666667,76.13388889,0.026687935
19.48694444,75.17055556,0.039295684
19.48694444,75.25583333,0.096444676
19.48694444,75.28416667,0.051167214
19.48694444,75.30388889,0.063038744
19.48694444,75.30805556,0.057854535
19.48694444,75.32361111,0.057118317
19.48694444,75.32388889,0.050430995
19.48694444,75.41888889,0.070462284
19.48694444,75.43555556,0.050430995
19.48694444,75.70416667,0.032608362
19.48694444,75.74083333,0.054878984
19.48694444,75.75972222,0.017791957
19.48722222,74.66833333,0.059326973
19.48722222,74.74972222,0.055185742
19.48722222,75.33916667,0.139482806
19.4875,74.25,0.090248167
19.4875,74.25166667,0.120341115
19.4875,75.29138889,0.045983006
19.4875,75.31944444,0.048958557
19.4875,75.32083333,0.057854535
19.4875,75.32138889,0.058590754
19.4875,75.43472222,0.115003528
19.4875,75.67777778,0.037823246
19.48777778,76.25166667,0.077885825
19.48888889,75.3025,0.053406546
19.48888889,75.30833333,0.060093868
19.48888889,75.32861111,0.050430995
19.48916667,74.39555556,0.058130618
19.48916667,75.34722222,0.056382098
19.48916667,75.41638889,0.009785576
19.48944444,73.875,0.079726372
19.48944444,73.87611111,0.088929108
19.48944444,73.89972222,0.082793951
19.48944444,74.04027778,0.098131845
19.48944444,74.72444444,0.123163287
19.48944444,75.27305556,0.058590754
19.48944444,75.30527778,0.060830087
19.48944444,75.32944444,0.068253627
19.48944444,75.90972222,0.025583607
19.48972222,75.32472222,0.051903433
19.48972222,75.32777778,0.076413387
19.48972222,75.72416667,0.047455443
19.49,74.72722222,0.074910273
19.49,74.88722222,0.033405933
19.49,75.29722222,0.036320133
19.49027778,75.33916667,0.053406546
19.49027778,75.34555556,0.051167214
19.49027778,75.66694444,0.032608362
19.49027778,75.71944444,0.017025062
19.49027778,75.82083333,0.043007454
19.49083333,74.63027778,0.107579987
19.49083333,74.69972222,0.082333814
19.49083333,75.22,0.113500414
19.49083333,75.35194444,0.057854535
19.49111111,75.7125,0.025951716
19.49138889,75.16777778,0.025000767
19.49166667,75.29583333,0.060093868
19.49166667,75.31527778,0.044510568
19.49166667,75.31666667,0.077149606
19.49194444,74.74166667,0.112027976
19.49194444,75.31194444,0.076413387
19.49194444,75.40527778,0.007331513
19.49194444,75.88472222,0.062302525
19.49222222,74.76944444,0.043528943
19.49222222,74.78472222,0.086781803
19.49222222,75.28472222,0.017791957
19.49222222,75.29194444,0.051167214
19.49222222,75.71777778,0.077149606
19.49222222,75.72083333,0.105340655
19.4925,74.77333333,0.058897512
19.4925,75.1825,0.019264395
19.4925,75.25,0.034326206
19.4925,75.315,0.070462284
19.49305556,74.70416667,0.055185742
19.49305556,74.72138889,0.056382098
19.49305556,75.28888889,0.082333814
19.49305556,75.32166667,0.103131998
19.49305556,75.56361111,0.126138839
19.49305556,75.71361111,0.046719225
19.49305556,76.26805556,0.083100709
19.49333333,75.32027778,0.064541857
19.49333333,75.62472222,0.013466671
19.49361111,74.98777778,0.011196662
19.49361111,75.32,0.060093868
19.49388889,74.47472222,0.018528176
19.49388889,75.27,0.045246787
19.49388889,75.30694444,0.062302525
19.49388889,75.70888889,0.016288843
19.49416667,74.72138889,0.113500414
19.49416667,75.29583333,0.057854535
19.49416667,75.31194444,0.054878984
19.49416667,75.32027778,0.046719225
19.49416667,75.35222222,0.047455443
19.49416667,75.35583333,0.037823246
19.49444444,75.29194444,0.051903433
19.49444444,75.29222222,0.043743673
19.49444444,75.29416667,0.058590754
19.49444444,75.30944444,0.059326973
19.49444444,75.32472222,0.055615203
19.49472222,75.23694444,0.155495567
19.49472222,75.30888889,0.061811712
19.49472222,75.31472222,0.054142765
19.49472222,75.35916667,0.051167214
19.495,75.30361111,0.081597595
19.495,75.33583333,0.077885825
19.49527778,75.22555556,0.128347495
19.49527778,75.3125,0.060830087
19.49527778,75.31388889,0.051167214
19.49527778,75.33694444,0.051167214
19.49527778,75.33861111,0.048191662
19.49555556,74.62111111,0.158777877
19.49555556,75.115,0.018957637
19.49555556,75.335,0.057854535
19.49555556,75.34833333,0.044510568
19.49583333,75.28416667,0.106076874
19.49583333,75.69027778,0.019264395
19.49583333,75.70416667,0.022239946
19.49583333,75.72444444,0.060093868
19.49611111,74.23361111,0.210619958
19.49611111,74.70555556,0.074910273
19.49611111,75.30888889,0.045983006
19.49611111,75.33027778,0.050430995
19.49611111,75.72833333,0.020736832
19.49638889,74.20138889,0.049050584
19.49638889,75.33805556,0.040031903
19.49638889,75.68472222,0.018528176
19.49638889,75.72583333,0.038559465
19.49666667,74.73805556,0.092732906
19.49666667,75.32194444,0.060830087
19.49666667,75.89666667,0.020000614
19.49694444,74.61722222,0.106076874
19.49722222,75.13888889,0.090493573
19.49722222,75.33472222,0.097180895
19.4975,74.73138889,0.150280683
19.4975,74.80972222,0.091260468
19.4975,75.32361111,0.050430995
19.4975,75.33111111,0.051903433
19.49777778,75.32555556,0.040031903
19.49777778,75.68472222,0.071965398
19.49777778,75.82555556,0.035553238
19.49777778,75.84166667,0.025552931
19.49777778,75.84444444,0.028865916
19.49805556,75.32527778,0.059326973
19.49805556,75.72416667,0.042271235
19.49833333,74.22833333,0.210619958
19.49861111,74.44722222,0.039142305
19.49861111,75.32027778,0.109052425
19.49888889,75.34527778,0.050430995
19.5,74.24333333,0.240743581
19.5,74.30222222,0.10027915
19.5,74.45833333,0.029111322
19.5,75.18333333,0.144667014
19.5,75.2,0.126138839
19.5,75.26666667,0.126875058
19.5,75.3,0.076413387
19.5,75.82777778,0.030614436
19.5,75.83027778,0.028957943
19.5,75.83055556,0.027730912
19.5,75.84222222,0.028957943
19.5,75.84444444,0.043068806
19.50027778,74.285,0.095278996
19.50027778,74.29166667,0.060155219
19.50027778,74.30277778,0.080217185
19.50027778,74.30555556,0.225681769
19.50027778,74.31083333,0.240743581
19.50027778,75.34444444,0.050430995
19.50027778,75.66833333,0.126138839
19.50055556,74.30166667,0.255805393
19.50055556,74.30805556,0.10027915
19.50055556,74.31,0.336175956
19.50055556,75.1575,0.071965398
19.50055556,75.34972222,0.040154606
19.50055556,75.35027778,0.058590754
19.50055556,75.72611111,0.020000614
19.50055556,75.84444444,0.028804565
19.50083333,74.30638889,0.265836375
19.50083333,74.30722222,0.065186049
19.50083333,74.30972222,0.456425044
19.50083333,74.54388889,0.011442069
19.50083333,75.34527778,0.054878984
19.50111111,74.30722222,0.050124237
19.50111111,74.3075,0.140433756
19.50111111,74.30805556,0.260805546
19.50111111,74.30916667,0.416239762
19.50111111,75.1475,0.114267309
19.50111111,75.22777778,0.129850609
19.50111111,75.7075,0.052670327
19.50138889,74.3025,0.070186202
19.50138889,74.30555556,0.466548054
19.50138889,75.27111111,0.080125157
19.50138889,75.30694444,0.050430995
19.50138889,75.73694444,0.040798798
19.50138889,75.75611111,0.020000614
19.50138889,76.32638889,0.097917114
19.50166667,74.2375,0.160465045
19.50166667,74.28444444,0.135402926
19.50166667,74.285,0.070186202
19.50166667,74.3025,0.025062118
19.50166667,75.30388889,0.047455443
19.50166667,75.33777778,0.056382098
19.50166667,75.85,0.055523176
19.50194444,74.30583333,0.401208626
19.50194444,74.30694444,0.020031289
19.50194444,74.30722222,0.130402773
19.50194444,74.30777778,0.10027915
19.50194444,75.3375,0.050430995
19.50222222,74.29583333,0.215650787
19.50222222,74.30361111,0.075217031
19.50222222,74.30583333,0.135402926
19.50222222,74.30638889,0.075217031
19.50222222,74.30722222,0.065186049
19.50222222,74.89277778,0.037393785
19.50222222,74.90277778,0.040921501
19.50222222,75.00972222,0.068989846
19.50222222,75.54583333,0.068253627
19.50222222,75.67972222,0.057854535
19.50222222,75.68527778,0.043743673
19.50222222,75.83027778,0.049388018
19.5025,74.28583333,0.135402926
19.5025,74.28694444,0.195588822
19.5025,74.29444444,0.050124237
19.5025,74.30388889,0.115340961
19.5025,74.30416667,0.010000307
19.5025,74.30583333,0.115340961
19.5025,74.30611111,0.085248014
19.5025,74.3075,0.185557839
19.5025,74.30805556,0.180557686
19.5025,74.30833333,0.195588822
19.5025,75.69583333,0.029663487
19.50277778,74.29638889,0.060155219
19.50277778,74.30611111,0.025062118
19.50277778,74.30638889,0.185557839
19.50277778,74.3075,0.130402773
19.50277778,74.30777778,0.190588668
19.50277778,74.30833333,0.220681616
19.50277778,75.03777778,0.054878984
19.50277778,75.07333333,0.019417774
19.50277778,75.29416667,0.048191662
19.50277778,75.33111111,0.068253627
19.50277778,75.3625,0.059326973
19.50277778,75.69305556,0.060093868
19.50277778,75.83027778,0.055523176
19.50277778,75.845,0.058805485
19.50277778,75.85,0.03582932
19.50305556,74.30416667,0.030062272
19.50305556,74.30638889,0.145433909
19.50305556,74.30833333,0.060155219
19.50305556,75.28777778,0.051167214
19.50305556,75.28944444,0.051167214
19.50305556,75.31666667,0.059326973
19.50305556,75.31777778,0.055615203
19.50305556,75.32166667,0.062302525
19.50305556,75.3375,0.054878984
19.50305556,75.75333333,0.022362649
19.50305556,76.25111111,0.022638731
19.50333333,74.29083333,0.10027915
19.50333333,74.29888889,0.020031289
19.50333333,74.3,0.095278996
19.50333333,74.30611111,0.145433909
19.50333333,74.30666667,0.150464738
19.50333333,74.30694444,0.431270898
19.50333333,74.30861111,0.070186202
19.50333333,74.30888889,0.155464892
19.50333333,74.30916667,0.10027915
19.50333333,75.33888889,0.050430995
19.50333333,75.35416667,0.064541857
19.50333333,75.68333333,0.032608362
19.50333333,75.70666667,0.099420228
19.50361111,74.28861111,0.130402773
19.50361111,74.29027778,0.110310132
19.50361111,74.30138889,0.065186049
19.50361111,74.30694444,0.165495874
19.50361111,74.30916667,0.115340961
19.50361111,75.23861111,0.066750514
19.50388889,74.30555556,0.57682751
19.50388889,74.30666667,0.10027915
19.50388889,74.30722222,0.130402773
19.50388889,74.30777778,0.090248167
19.50388889,74.30861111,0.050124237
19.50388889,75.29277778,0.094972238
19.50388889,75.29416667,0.087548698
19.50388889,75.33861111,0.060093868
19.50388889,75.70666667,0.045983006
19.50416667,74.29694444,0.175526857
19.50416667,74.30194444,0.005000153
19.50416667,74.30388889,0.170526703
19.50416667,74.30583333,0.200619651
19.50416667,74.30638889,0.175526857
19.50416667,74.3075,0.175526857
19.50416667,74.30805556,0.065186049
19.50416667,74.80666667,0.018804258
19.50416667,75.28944444,0.053406546
19.50416667,75.29583333,0.062302525
19.50416667,75.30972222,0.059326973
19.50416667,75.31388889,0.043007454
19.50416667,75.31555556,0.065278076
19.50416667,75.32361111,0.058590754
19.50416667,75.6825,0.056382098
19.50416667,75.75194444,0.027424154
19.50416667,75.7525,0.019264395
19.50416667,76.21027778,0.025522255
19.50444444,74.30277778,0.110310132
19.50444444,74.30555556,0.105309979
19.50444444,74.30805556,0.025062118
19.50444444,74.30888889,0.090248167
19.50444444,74.31,0.060155219
19.50444444,74.76805556,0.037608516
19.50444444,75.32861111,0.058590754
19.50444444,75.58777778,0.097917114
19.50472222,74.30527778,0.411331636
19.50472222,74.30555556,0.120341115
19.50472222,74.30611111,0.090248167
19.50472222,74.30916667,0.020031289
19.50472222,75.32472222,0.081597595
19.505,74.00444444,0.082793951
19.505,74.29777778,0.155464892
19.505,74.30527778,0.155464892
19.505,74.30722222,0.095278996
19.505,74.30833333,0.170526703
19.505,74.31055556,0.090248167
19.505,74.80694444,0.019111016
19.50527778,73.84472222,0.052118163
19.50527778,74.28583333,0.075217031
19.50527778,74.28611111,0.180557686
19.50527778,74.2875,0.085248014
19.50527778,74.29583333,0.045124084
19.50527778,74.29805556,0.110310132
19.50527778,74.30055556,0.170526703
19.50527778,74.30611111,0.175526857
19.50527778,74.30833333,0.140433756
19.50527778,74.30972222,0.075217031
19.50527778,75.3125,0.059326973
19.50555556,74.29138889,0.235712752
19.50555556,74.30055556,0.085248014
19.50555556,74.30611111,0.060155219
19.50555556,74.30777778,0.130402773
19.50555556,74.30833333,0.055155066
19.50555556,74.30888889,0.060155219
19.50555556,75.14305556,0.024141845
19.50555556,75.23416667,0.140219025
19.50555556,75.28611111,0.062302525
19.50555556,75.84444444,0.055523176
19.50555556,75.85,0.0554925
19.50555556,75.85277778,0.027914967
19.50583333,74.29861111,0.055155066
19.50583333,74.30138889,0.030062272
19.50583333,74.30611111,0.060155219
19.50583333,74.30805556,0.095278996
19.50583333,74.30916667,0.180557686
19.50583333,74.30944444,0.080217185
19.50583333,74.31083333,0.140433756
19.50583333,74.85944444,0.178072947
19.50583333,75.33833333,0.047455443
19.50583333,75.35083333,0.037823246
19.50611111,74.29888889,0.28589834
19.50611111,74.30361111,0.030062272
19.50611111,74.30722222,0.210650633
19.50611111,74.30777778,0.020031289
19.50611111,74.30944444,0.105309979
19.50611111,74.30972222,0.110310132
19.50611111,74.85083333,0.080861376
19.50611111,75.35083333,0.040031903
19.50611111,75.83944444,0.029080647
19.50611111,75.89638889,0.023804411
19.50666667,74.24222222,0.255805393
19.50666667,74.29333333,0.160495721
19.50666667,74.305,0.005000153
19.50666667,74.31027778,0.110310132
19.50666667,74.31055556,0.265836375
19.50666667,74.66666667,0.024203196
19.50694444,73.93972222,0.088929108
19.50694444,74.29944444,0.005000153
19.50694444,74.31027778,0.080217185
19.50694444,74.65166667,0.225773797
19.50694444,75.28805556,0.048958557
19.50694444,75.75888889,0.017025062
19.50694444,75.78416667,0.016288843
19.50722222,74.23722222,0.155464892
19.50722222,74.2375,0.190588668
19.50722222,74.30333333,0.040093254
19.50722222,74.30555556,0.075217031
19.50722222,74.31083333,0.28589834
19.50722222,75.31083333,0.057118317
19.50722222,75.74861111,0.046719225
19.50722222,75.77555556,0.043743673
19.5075,74.30527778,0.140433756
19.5075,74.30805556,0.190588668
19.5075,75.22277778,0.150618117
19.5075,75.38666667,0.043007454
19.50777778,74.28388889,0.170526703
19.50777778,75.22444444,0.141722139
19.50777778,75.73388889,0.027424154
19.50777778,75.73555556,0.018528176
19.50805556,74.30027778,0.125371944
19.50805556,74.30166667,0.240743581
19.50805556,74.30722222,0.130402773
19.50805556,74.30777778,0.097180895
19.50805556,74.30861111,0.035093101
19.50805556,74.31,0.010000307
19.50805556,74.80805556,0.01500046
19.50805556,75.04222222,0.11040216
19.50833333,74.29944444,0.130402773
19.50833333,74.3,0.030062272
19.50833333,74.30166667,0.175526857
19.50833333,74.30666667,0.180557686
19.50833333,74.30722222,0.265836375
19.50833333,75.145,0.140955244
19.50833333,75.28416667,0.057118317
19.50833333,75.33472222,0.045983006
19.50833333,75.35861111,0.043007454
19.50833333,75.85277778,0.031902819
19.50833333,76.40083333,0.074174054
19.50861111,74.30055556,0.130402773
19.50861111,74.30083333,0.205619804
19.50861111,75.10027778,0.025552931
19.50861111,75.29583333,0.046719225
19.50861111,75.32861111,0.068989846
19.50861111,75.34472222,0.048191662
19.50861111,75.59555556,0.064541857
19.50888889,74.29972222,0.150464738
19.50888889,74.3,0.195588822
19.50888889,74.30055556,0.205619804
19.50888889,74.30638889,0.175526857
19.50888889,74.30666667,0.225681769
19.50888889,74.30694444,0.270836529
19.50888889,75.32,0.046719225
19.50888889,75.33611111,0.062302525
19.50888889,75.33694444,0.058590754
19.50888889,75.51666667,0.025000767
19.50916667,74.3025,0.125371944
19.50916667,74.305,0.015031136
19.50916667,75.14027778,0.080125157
19.50916667,75.30055556,0.055615203
19.50916667,75.31694444,0.109788644
19.50916667,75.48638889,0.053406546
19.50916667,75.74444444,0.040798798
19.50944444,74.30027778,0.065186049
19.50972222,75.32083333,0.040031903
19.50972222,75.68805556,0.054142765
19.51,74.30611111,0.120341115
19.51,74.31,0.150464738
19.51,75.35083333,0.042271235
19.51027778,74.30777778,0.170526703
19.51027778,75.32638889,0.062302525
19.51027778,75.3425,0.073437836
19.51055556,74.28416667,0.130402773
19.51055556,74.30638889,0.180557686
19.51055556,74.30777778,0.270836529
19.51055556,75.32,0.058590754
19.51083333,74.28472222,0.120371791
19.51083333,74.95583333,0.038314059
19.51111111,75.21666667,0.013466671
19.51111111,75.22833333,0.123899506
19.51111111,75.35333333,0.069726065
19.51138889,75.22861111,0.161753428
19.51138889,75.35083333,0.055615203
19.51166667,75.36972222,0.056382098
19.51166667,75.62416667,0.032178901
19.51166667,75.74944444,0.025951716
19.51222222,75.35833333,0.040798798
19.5125,75.28888889,0.043007454
19.5125,75.39583333,0.062302525
19.51277778,75.14166667,0.149145679
19.51305556,75.78083333,0.014386944
19.51333333,74.25027778,0.180557686
19.51361111,75.04083333,0.041627044
19.51388889,75.37638889,0.060093868
19.51416667,75.1525,0.089021136
19.51444444,74.84027778,0.015828706
19.51444444,75.2375,0.115003528
19.51444444,75.84444444,0.055523176
19.51527778,75.16055556,0.120923955
19.51555556,75.68027778,0.039295684
19.51611111,75.75416667,0.016288843
19.51666667,75.17416667,0.107579987
19.51666667,75.175,0.086781803
19.51666667,75.18333333,0.230037731
19.51666667,75.2,0.120187736
19.51666667,75.23333333,0.123163287
19.51666667,75.25,0.158041658
19.51666667,75.26666667,0.121660174
19.51666667,75.28333333,0.132059266
19.51666667,75.3,0.125371944
19.51666667,75.31666667,0.147642566
19.51666667,76.19194444,0.02220927
19.51694444,75.03611111,0.054142765
19.51694444,75.20027778,0.112027976
19.51694444,75.37222222,0.056382098
19.51694444,75.3775,0.062302525
19.51694444,75.3875,0.043007454
19.51722222,75.68055556,0.017025062
19.51722222,75.71722222,0.106843768
19.51722222,75.73416667,0.037087027
19.5175,74.25305556,0.145433909
19.5175,74.51777778,0.02395779
19.5175,75.37722222,0.054142765
19.5175,75.38611111,0.060093868
19.51777778,75.36694444,0.045983006
19.51805556,74.745,0.009938955
19.51805556,74.93,0.013343968
19.51805556,75.3725,0.051167214
19.51805556,75.74416667,0.016288843
19.51805556,75.74555556,0.044510568
19.51833333,74.32277778,0.24577441
19.51861111,75.69027778,0.024448603
19.51888889,75.35027778,0.054142765
19.51916667,74.78055556,0.026411853
19.51916667,75.16638889,0.083836928
19.51916667,75.3925,0.054878984
19.51916667,75.68777778,0.025276849
19.51944444,75.13833333,0.083100709
19.51944444,75.20138889,0.070462284
19.51944444,75.35055556,0.037823246
19.51944444,75.36694444,0.053406546
19.51944444,75.37472222,0.064541857
19.51972222,74.30805556,0.140433756
19.51972222,75.35527778,0.040798798
19.51972222,75.36916667,0.053406546
19.51972222,75.37083333,0.042271235
19.52,75.37166667,0.058590754
19.52,75.72166667,0.031872143
19.52,75.73694444,0.054142765
19.52,75.745,0.026687935
19.52,76.35583333,0.036320133
19.52027778,75.52138889,0.046719225
19.52027778,75.74027778,0.042271235
19.52055556,75.75138889,0.028160373
19.52055556,75.75555556,0.023712384
19.52083333,75.14527778,0.103868217
19.52111111,75.74777778,0.027424154
19.52111111,75.75638889,0.030399706
19.52111111,75.76833333,0.062302525
19.52138889,74.00444444,0.01500046
19.52138889,74.995,0.088929108
19.52138889,75.36083333,0.043743673
19.52138889,76.14166667,0.045246787
19.52166667,74.65305556,0.135771036
19.52166667,75.12,0.069726065
19.52166667,75.73472222,0.035583914
19.52194444,74.67888889,0.02374306
19.52194444,75.20027778,0.045246787
19.52194444,75.20055556,0.147642566
19.52222222,74.74027778,0.080217185
19.52222222,75.2375,0.143930795
19.52222222,75.32472222,0.068989846
19.52222222,75.35027778,0.055615203
19.5225,75.35555556,0.045246787
19.5225,75.42583333,0.040031903
19.52277778,75.33333333,0.054142765
19.52277778,75.35277778,0.057854535
19.52277778,75.36666667,0.037087027
19.52277778,75.70361111,0.052670327
19.52277778,75.73805556,0.062302525
19.52333333,75.18555556,0.059326973
19.52333333,75.58666667,0.118715298
19.52333333,75.71861111,0.060830087
19.52361111,73.95777778,0.116537317
19.52388889,73.94805556,0.119604896
19.52388889,75.59777778,0.095708457
19.52388889,75.66555556,0.120187736
19.52416667,75.37388889,0.035583914
19.52444444,75.49222222,0.139482806
19.52444444,75.74666667,0.067486733
19.52472222,75.35583333,0.050430995
19.52472222,76.13388889,0.101628884
19.525,74.23472222,0.190588668
19.525,75.17388889,0.090493573
19.525,75.35277778,0.057854535
19.525,75.39,0.053406546
19.525,75.73194444,0.035583914
19.525,76.16888889,0.003036903
19.52527778,74.23472222,0.160495721
19.52527778,74.23888889,0.240743581
19.52527778,75.35277778,0.044510568
19.52527778,75.37083333,0.048958557
19.52555556,75.35833333,0.057854535
19.52555556,75.37666667,0.039295684
19.52555556,75.84166667,0.026381177
19.52583333,74.245,0.160495721
19.52611111,75.15638889,0.058590754
19.52611111,75.26722222,0.059326973
19.52611111,75.82555556,0.022853462
19.52611111,75.84222222,0.025000767
19.52638889,75.66083333,0.058560079
19.52666667,75.3575,0.042271235
19.52666667,75.3875,0.057854535
19.52666667,75.84222222,0.012515721
19.52666667,75.84277778,0.043068806
19.52694444,74.17527778,0.04187245
19.52694444,75.37722222,0.046719225
19.52694444,75.65388889,0.040921501
19.52722222,74.24555556,0.135402926
19.52722222,75.75916667,0.019264395
19.52722222,75.84333333,0.026013068
19.5275,74.80361111,0.013466671
19.5275,75.37222222,0.038559465
19.5275,75.72416667,0.071198503
19.5275,75.75638889,0.028160373
19.52777778,73.93527778,0.248443204
19.52777778,75.82777778,0.133562379
19.52777778,75.84444444,0.058590754
19.52805556,75.36944444,0.036320133
19.52833333,73.56055556,0.025062118
19.52861111,75.85083333,0.022055891
19.52888889,75.75722222,0.024448603
19.52888889,75.82611111,0.024172521
19.52888889,75.84277778,0.055523176
19.52916667,74.78,0.081597595
19.52916667,74.88888889,0.06503267
19.52916667,75.17722222,0.060093868
19.52944444,75.20333333,0.054878984
19.53,75.35055556,0.047455443
19.53027778,75.15861111,0.121660174
19.53027778,75.36694444,0.046719225
19.53027778,75.3725,0.048958557
19.53055556,75.74944444,0.024448603
19.53083333,75.35694444,0.058590754
19.53111111,74.81944444,0.022362649
19.53111111,75.58694444,0.102365103
19.53138889,74.45916667,0.011595448
19.53138889,75.15666667,0.022700083
19.53166667,74.62138889,0.150618117
19.53222222,74.595,0.010307065
19.53222222,76.00055556,0.013466671
19.5325,74.62138889,0.118715298
19.5325,75.73527778,0.030399706
19.53277778,75.13777778,0.23448572
19.53333333,74.78333333,0.155802325
19.53333333,75.18333333,0.111291757
19.53333333,75.23333333,0.139482806
19.53333333,75.26666667,0.158041658
19.53333333,75.28333333,0.136507255
19.53333333,75.3,0.141722139
19.53333333,75.31666667,0.121660174
19.53361111,74.66027778,0.240160741
19.53361111,74.78388889,0.094972238
19.53361111,75.175,0.083836928
19.53361111,75.3625,0.030399706
19.53361111,75.42305556,0.052670327
19.53361111,75.61666667,0.123163287
19.53361111,75.63333333,0.044510568
19.53388889,75.10194444,0.054142765
19.53388889,75.16527778,0.096444676
19.53388889,75.72083333,0.028160373
19.53416667,75.35583333,0.066014295
19.53416667,75.68555556,0.136507255
19.53472222,75.71722222,0.027424154
19.53472222,75.75055556,0.047455443
19.53472222,75.90055556,0.099420228
19.535,75.67222222,0.114267309
19.535,75.94833333,0.068253627
19.535,76.3375,0.040798798
19.53527778,74.45805556,0.012024909
19.53555556,75.71611111,0.015552624
19.53555556,75.93833333,0.031135924
19.53583333,74.65694444,0.010276389
19.53583333,75.37527778,0.025951716
19.53583333,76.35861111,0.107579987
19.53611111,75.13972222,0.076413387
19.53611111,75.34277778,0.051903433
19.53611111,75.6775,0.129083714
19.53611111,76.26722222,0.012577073
19.53638889,76.11666667,0.061566306
19.53666667,75.02305556,0.040031903
19.53666667,75.08361111,0.036320133
19.53666667,75.46666667,0.076413387
19.53666667,75.52027778,0.023712384
19.53666667,75.73888889,0.050430995
19.53666667,76.10555556,0.029663487
19.53694444,75.31166667,0.051903433
19.53722222,75.80444444,0.038559465
19.5375,75.24194444,0.037823246
19.5375,75.45777778,0.023712384
19.5375,75.6725,0.062302525
19.5375,75.71472222,0.043743673
19.5375,75.77722222,0.040798798
19.5375,75.82416667,0.074910273
19.5375,76.2225,0.022976165
19.53777778,73.89888889,0.079726372
19.53777778,74.77,0.127703304
19.53777778,75.32277778,0.074174054
19.53777778,75.39222222,0.118715298
19.53777778,75.68111111,0.132059266
19.53777778,75.70611111,0.020736832
19.53777778,75.84305556,0.028896592
19.53805556,75.14472222,0.065278076
19.53805556,75.25333333,0.036320133
19.53805556,75.28638889,0.067486733
19.53805556,75.29972222,0.069726065
19.53805556,75.4725,0.057854535
19.53805556,75.5925,0.048191662
19.53805556,75.76,0.045246787
19.53805556,76.01222222,0.062302525
19.53833333,75.75777778,0.045983006
19.53833333,75.98638889,0.017791957
19.53861111,75.36638889,0.051903433
19.53888889,74.69027778,0.053406546
19.53888889,74.90083333,0.046289763
19.53888889,75.21138889,0.034786343
19.53888889,75.73888889,0.039295684
19.53916667,75.04666667,0.054142765
19.53916667,75.37222222,0.059326973
19.53916667,75.67833333,0.054142765
19.53944444,75.75888889,0.044510568
19.53972222,75.72138889,0.028160373
19.54,75.06111111,0.071198503
19.54055556,75.72222222,0.027424154
19.54083333,75.72388889,0.057854535
19.54111111,75.43777778,0.060093868
19.54111111,75.69138889,0.010092334
19.54138889,76.04388889,0.031135924
19.54166667,74.6025,0.013374643
19.54166667,74.90277778,0.057118317
19.54166667,75.25583333,0.025951716
19.54166667,75.3925,0.039295684
19.54194444,75.35555556,0.036320133
19.54194444,75.43472222,0.029663487
19.54194444,76.375,0.031135924
19.54222222,75.28722222,0.051167214
19.54222222,75.37722222,0.044510568
19.54222222,75.59777778,0.105647412
19.5425,74.45416667,0.027056045
19.5425,75.35833333,0.039295684
19.5425,75.36527778,0.047455443
19.54305556,75.77138889,0.028896592
19.54333333,75.375,0.065278076
19.54333333,75.56111111,0.066014295
19.54333333,75.72083333,0.025215497
19.54333333,75.73416667,0.054142765
19.54361111,75.77555556,0.048958557
19.54388889,75.35583333,0.050430995
19.54388889,75.67305556,0.143194577
19.54388889,75.75083333,0.029663487
19.54388889,76.1575,0.024939415
19.54416667,75.71833333,0.010276389
19.54444444,75.27138889,0.048958557
19.54444444,75.70277778,0.041535016
19.545,74.56361111,0.034418234
19.54527778,75.62666667,0.024448603
19.54555556,74.66888889,0.106076874
19.54611111,76.07805556,0.028865916
19.54694444,73.97222222,0.236172889
19.54694444,74.78,0.086781803
19.54722222,74.85722222,0.023712384
19.5475,74.78888889,0.110555539
19.5475,75.32305556,0.060093868
19.54777778,75.20444444,0.157305439
19.54777778,75.24916667,0.035583914
19.54777778,75.74527778,0.031872143
19.54777778,76.12694444,0.036320133
19.54805556,74.58888889,0.020736832
19.54833333,75.45861111,0.058590754
19.54833333,75.65027778,0.074910273
19.54833333,76.08638889,0.060093868
19.54861111,75.27916667,0.044510568
19.54888889,74.85805556,0.021503727
19.54888889,75.71666667,0.045246787
19.54944444,75.28333333,0.039295684
19.55,73.99694444,0.018374797
19.55,75.1175,0.023712384
19.55027778,73.89888889,0.107334581
19.55027778,75.1725,0.043743673
19.55027778,75.3,0.140219025
19.55027778,75.31666667,0.147642566
19.55027778,75.52138889,0.054878984
19.55027778,75.66916667,0.027424154
19.55027778,76.08388889,0.029663487
19.55027778,76.08666667,0.038559465
19.55055556,75.10527778,0.051167214
19.55055556,75.69305556,0.040031903
19.55055556,75.72694444,0.046719225
19.55055556,76.0675,0.077149606
19.55083333,74.75944444,0.023712384
19.55083333,75.68416667,0.015675327
19.55138889,74.65277778,0.013466671
19.55138889,75.84305556,0.075677168
19.55222222,75.78944444,0.013712077
19.55222222,76.08416667,0.063038744
19.55277778,75.68611111,0.077885825
19.55277778,75.71805556,0.082333814
19.55277778,75.72,0.047455443
19.55277778,75.74444444,0.048191662
19.55277778,75.80416667,0.069726065
19.55277778,75.81305556,0.048958557
19.55305556,75.92694444,0.048191662
19.55333333,75.57083333,0.062302525
19.55333333,75.75805556,0.028160373
19.55388889,75.75416667,0.059326973
19.55416667,74.85027778,0.056382098
19.55416667,75.02888889,0.050430995
19.55416667,75.27,0.028006994
19.55416667,75.8,0.056382098
19.55416667,75.9475,0.052670327
19.55444444,75.12333333,0.017791957
19.55444444,75.28805556,0.077885825
19.55472222,74.54388889,0.013650725
19.55472222,75.70472222,0.041535016
19.55527778,75.83277778,0.026534556
19.55527778,76.32444444,0.038559465
19.55555556,74.69166667,0.040031903
19.55555556,74.94333333,0.011595448
19.55583333,75.66222222,0.046719225
19.55638889,75.20777778,0.047455443
19.55638889,75.6725,0.112764195
19.55694444,75.38972222,0.058590754
19.55722222,75.37305556,0.060093868
19.55722222,75.74166667,0.031135924
19.55722222,75.77472222,0.032608362
19.5575,75.45416667,0.054878984
19.5575,75.61777778,0.022178594
19.5575,75.61888889,0.027424154
19.5575,75.73972222,0.027424154
19.5575,75.74444444,0.023712384
19.5575,75.75611111,0.042271235
19.5575,75.77722222,0.017025062
19.55777778,74.42833333,0.01616614
19.55777778,75.21916667,0.043743673
19.55777778,75.72388889,0.024448603
19.55805556,75.70333333,0.036320133
19.55833333,75.62527778,0.031872143
19.55833333,75.84083333,0.010859229
19.55861111,75.57222222,0.028896592
19.55888889,75.37583333,0.068253627
19.55888889,75.53916667,0.102365103
19.55888889,75.78416667,0.039295684
19.55916667,74.32972222,0.036780269
19.55916667,75.74027778,0.025215497
19.55916667,75.74722222,0.040031903
19.55972222,75.70916667,0.022976165
19.55972222,76.09138889,0.010368416
19.56,75.25361111,0.043743673
19.56,75.73194444,0.024448603
19.56,76.20194444,0.039295684
19.56027778,75.02888889,0.077885825
19.56027778,75.03972222,0.031872143
19.56027778,75.12416667,0.018681555
19.56027778,75.19638889,0.115310286
19.56027778,75.75222222,0.027424154
19.56027778,75.78527778,0.044510568
19.56055556,74.66027778,0.039203657
19.56055556,75.7875,0.021503727
19.56055556,76.01388889,0.019632504
19.56083333,75.73888889,0.060093868
19.56083333,75.74277778,0.026687935
19.56194444,75.43388889,0.018804258
19.5625,74.62444444,0.169913188
19.5625,75.175,0.083836928
19.56333333,74.83888889,0.021534403
19.56361111,73.9975,0.064388478
19.56472222,75.64166667,0.042271235
19.565,74.62472222,0.18031228
19.56611111,75.36416667,0.016687628
19.56666667,75.26666667,0.135034817
19.56666667,75.26916667,0.074174054
19.56666667,75.28333333,0.134298598
19.56666667,75.33333333,0.116475966
19.56694444,74.86166667,0.054878984
19.56694444,75.25,0.134298598
19.56694444,75.57583333,0.032608362
19.56694444,75.58777778,0.022239946
19.56694444,76.1225,0.029264701
19.5675,75.45083333,0.018681555
19.56777778,75.17194444,0.040890825
19.56833333,75.55722222,0.048191662
19.56833333,76.19055556,0.073437836
19.56861111,74.77361111,0.143930795
19.56861111,76.12638889,0.031872143
19.56888889,75.02305556,0.062302525
19.56888889,75.57666667,0.024847388
19.56888889,75.73361111,0.050430995
19.56916667,75.23027778,0.017515875
19.56916667,75.58388889,0.081597595
19.56944444,75.59777778,0.017025062
19.56944444,75.63083333,0.039295684
19.56944444,75.71888889,0.015890058
19.56972222,74.78611111,0.111291757
19.56972222,75.73222222,0.01929507
19.57,74.84277778,0.033344581
19.57027778,74.3425,0.016012761
19.57027778,74.43083333,0.012239639
19.57027778,76.16888889,0.018742906
19.57083333,74.69611111,0.087548698
19.57111111,75.35944444,0.068253627
19.57138889,74.69805556,0.085309365
19.57194444,74.79777778,0.027424154
19.57194444,75.2925,0.052670327
19.57194444,75.86194444,0.062302525
19.57222222,73.73083333,0.113469738
19.57222222,74.4525,0.010276389
19.57222222,75.875,0.048958557
19.57222222,76.12611111,0.021503727
19.57305556,75.4525,0.013742753
19.57333333,74.93194444,0.009785576
19.57333333,75.31777778,0.066750514
19.57333333,75.4675,0.017638578
19.57361111,75.63583333,0.027056045
19.57361111,75.68777778,0.028160373
19.57416667,75.19416667,0.064541857
19.57416667,75.76694444,0.047455443
19.57472222,75.30722222,0.059326973
19.57472222,75.60666667,0.028160373
19.575,74.41111111,0.011135311
19.575,75.31055556,0.020000614
19.57527778,75.73388889,0.048191662
19.57555556,74.19444444,0.058253321
19.57583333,75.35416667,0.054142765
19.57611111,74.04611111,0.075125004
19.57638889,74.975,0.070462284
19.57638889,75.56888889,0.017055738
19.57666667,74.85805556,0.083100709
19.57694444,73.83416667,0.070523636
19.57694444,74.65166667,0.005429614
19.57722222,75.76583333,0.027424154
19.5775,75.60138889,0.034111476
19.57805556,73.53194444,0.012239639
19.57805556,73.63388889,0.049050584
19.57805556,74.19861111,0.018374797
19.57805556,74.68194444,0.064388478
19.57805556,74.79166667,0.092732906
19.57833333,75.71138889,0.017791957
19.57888889,74.45444444,0.020399399
19.57972222,75.61888889,0.077149606
19.58,73.89888889,0.079726372
19.58,76.14222222,0.02374306
19.58027778,74.66027778,0.040031903
19.58027778,74.87277778,0.083836928
19.58027778,76.06722222,0.01929507
19.58055556,74.715,0.077149606
19.58055556,75.08277778,0.040031903
19.58083333,75.06666667,0.023712384
19.58138889,75.63833333,0.045983006
19.58138889,75.64027778,0.023712384
19.58166667,74.89861111,0.031197276
19.58166667,75.74388889,0.039295684
19.5825,75.82277778,0.015552624
19.58305556,74.13944444,0.421454646
19.58305556,75.82277778,0.029663487
19.58333333,74.67916667,0.086781803
19.58333333,75.58333333,0.028896592
19.58333333,75.63055556,0.028896592
19.58333333,75.68611111,0.045983006
19.58361111,74.89555556,0.010368416
19.58361111,75.60333333,0.051167214
19.58361111,75.63666667,0.020000614
19.58388889,75.11805556,0.013466671
19.58388889,75.60444444,0.02199454
19.58388889,75.685,0.054142765
19.58416667,75.77388889,0.022976165
19.58416667,75.8975,0.03662689
19.58472222,74.53555556,0.019417774
19.58472222,76.12722222,0.060830087
19.58472222,76.1875,0.057854535
19.585,74.62666667,0.067486733
19.585,75.56333333,0.019417774
19.58527778,74.64666667,0.106076874
19.58527778,74.74305556,0.020522102
19.58527778,74.85166667,0.022914813
19.58527778,75.79833333,0.022976165
19.58611111,75.27805556,0.061566306
19.58611111,75.39722222,0.080861376
19.58611111,75.62722222,0.043743673
19.58638889,75.63861111,0.065278076
19.58638889,76.05388889,0.016656953
19.58666667,75.91944444,0.054878984
19.58694444,75.20805556,0.079388938
19.58694444,75.25638889,0.022976165
19.58694444,75.59694444,0.083100709
19.58694444,75.59777778,0.093469125
19.58694444,75.66694444,0.061566306
19.58694444,75.68472222,0.067486733
19.58694444,75.91833333,0.025246173
19.58694444,76.09361111,0.048191662
19.58694444,76.36027778,0.050430995
19.58722222,75.63111111,0.037823246
19.58722222,75.63666667,0.069726065
19.5875,74.62694444,0.089021136
19.5875,75.80194444,0.058590754
19.58777778,75.62416667,0.021503727
19.58777778,75.71972222,0.018313445
19.58805556,75.21833333,0.037087027
19.58805556,75.32638889,0.035583914
19.58805556,75.94194444,0.060830087
19.58805556,76.30805556,0.094205344
19.58833333,74.62694444,0.106076874
19.58833333,75.91138889,0.021503727
19.58916667,73.61444444,0.062302525
19.58944444,75.74444444,0.021503727
19.58944444,76.00583333,0.037823246
19.58972222,76.36916667,0.083836928
19.59,75.06638889,0.028344428
19.59,75.64138889,0.031872143
19.59,75.72916667,0.025951716
19.59027778,75.02722222,0.060093868
19.59027778,75.37416667,0.088284917
19.59027778,75.46416667,0.065278076
19.59027778,75.75194444,0.025951716
19.59055556,75.78527778,0.033375257
19.59055556,76.00527778,0.050430995
19.59083333,75.60472222,0.061566306
19.59083333,75.66388889,0.028160373
19.59111111,75.63666667,0.031135924
19.59138889,75.21222222,0.046719225
19.59138889,75.58944444,0.080861376
19.59138889,75.78666667,0.025215497
19.59166667,75.03472222,0.049694776
19.59166667,75.62222222,0.030491733
19.59166667,75.76222222,0.036320133
19.59166667,76.18972222,0.013466671
19.59194444,75.64055556,0.035583914
19.59305556,75.59166667,0.067486733
19.59305556,75.7075,0.053406546
19.59361111,75.59444444,0.043743673
19.59444444,74.98055556,0.025000767
19.59444444,74.99444444,0.025644958
19.59444444,75.58305556,0.037945949
19.59444444,75.62222222,0.037823246
19.59444444,75.63388889,0.034111476
19.59444444,75.8475,0.106076874
19.59444444,76.22833333,0.020153992
19.59472222,74.89944444,0.030982545
19.59472222,74.98055556,0.025399552
19.59472222,74.98277778,0.024939415
19.595,74.45194444,0.031780116
19.595,74.61638889,0.242308046
19.595,74.73666667,0.214423755
19.595,74.98277778,0.022700083
19.59527778,74.97027778,0.018068039
19.59527778,75.16527778,0.097917114
19.59527778,76.25638889,0.065278076
19.59555556,74.98277778,0.016411546
19.59555556,75.61527778,0.033344581
19.59555556,75.68472222,0.080861376
19.59611111,73.9525,0.033712691
19.59611111,74.86833333,0.071198503
19.59611111,74.96222222,0.02883524
19.59611111,75.55305556,0.037823246
19.59611111,76.04916667,0.067762815
19.59638889,74.86833333,0.055615203
19.59666667,74.62777778,0.071965398
19.59666667,75.85277778,0.028804565
19.59694444,74.8425,0.057854535
19.59722222,74.465,0.027362803
19.59722222,75.21777778,0.089021136
19.59722222,75.27111111,0.052670327
19.59722222,75.6,0.021503727
19.59722222,76.13444444,0.029663487
19.59777778,74.91388889,0.024939415
19.59861111,74.87055556,0.052670327
19.59861111,75.43916667,0.011748827
19.59861111,75.76888889,0.020736832
19.59916667,74.37833333,0.061320899
19.59916667,75.40694444,0.029571459
19.59944444,76.40027778,0.026687935
19.59972222,74.70222222,0.01187153
19.59972222,74.87166667,0.089021136
19.59972222,74.885,0.044909353
19.59972222,74.98,0.012024909
19.59972222,75.61666667,0.036320133
19.6,75.64305556,0.077885825
19.60027778,74.8725,0.066750514
19.60027778,75.64388889,0.043743673
19.60055556,74.87277778,0.076413387
19.60055556,75.505,0.034847695
19.60083333,75.61888889,0.042271235
19.60111111,74.89111111,0.037393785
19.60111111,75.59444444,0.076413387
19.60138889,74.77777778,0.026902666
19.60138889,75.21055556,0.062302525
19.60138889,75.6125,0.069726065
19.60222222,75.75361111,0.028160373
19.6025,75.58416667,0.085309365
19.6025,75.62694444,0.031872143
19.60277778,74.89388889,0.037761895
19.60277778,75.21472222,0.080125157
19.60277778,75.60694444,0.028160373
19.60277778,75.63388889,0.057854535
19.60305556,75.58638889,0.042271235
19.60305556,75.58666667,0.071198503
19.60305556,75.58777778,0.080861376
19.60305556,75.59861111,0.077885825
19.60333333,75.58611111,0.039295684
19.60333333,75.58638889,0.027424154
19.60333333,75.58666667,0.060093868
19.60333333,75.59833333,0.034111476
19.60333333,75.60583333,0.048958557
19.60333333,75.60694444,0.025951716
19.60333333,75.60805556,0.029663487
19.60333333,75.65611111,0.039295684
19.60361111,74.60888889,0.170649406
19.60361111,74.92583333,0.095371024
19.60361111,75.19,0.098684009
19.60361111,75.26,0.020736832
19.60361111,75.64472222,0.043007454
19.60361111,75.66694444,0.048191662
19.60361111,75.73694444,0.077885825
19.60388889,76.305,0.091996687
19.60416667,75.10388889,0.024448603
19.60416667,75.59444444,0.062302525
19.60416667,75.60305556,0.047455443
19.60416667,75.78583333,0.017025062
19.60472222,75.26138889,0.030399706
19.60472222,75.37694444,0.125433295
19.60472222,75.6,0.047455443
19.60472222,75.74222222,0.032608362
19.605,74.60722222,0.016656953
19.605,75.36222222,0.180956471
19.605,75.49444444,0.045246787
19.605,75.60861111,0.060093868
19.605,75.62416667,0.031872143
19.605,75.63444444,0.042271235
19.605,75.64083333,0.048958557
19.60527778,75.26333333,0.018528176
19.60555556,74.60583333,0.107579987
19.60555556,75.6,0.069726065
19.60555556,75.62416667,0.027424154
19.60555556,75.64722222,0.039295684
19.60555556,75.73416667,0.036320133
19.60583333,75.58861111,0.016288843
19.60583333,75.60555556,0.036320133
19.60611111,73.95222222,0.027546857
19.60638889,74.85722222,0.056382098
19.60638889,75.26416667,0.031872143
19.60638889,75.64861111,0.077885825
19.60722222,74.84555556,0.106076874
19.6075,75.6175,0.050430995
19.6075,75.82722222,0.022239946
19.60777778,75.60055556,0.062302525
19.60805556,75.60833333,0.059326973
19.60805556,75.63833333,0.047455443
19.60833333,75.60472222,0.020736832
19.60833333,75.62416667,0.025951716
19.60861111,75.07472222,0.185557839
19.60888889,75.42111111,0.062302525
19.60916667,75.63,0.021503727
19.60916667,75.68472222,0.057854535
19.60944444,75.61722222,0.080861376
19.60944444,75.94638889,0.027546857
19.60972222,75.20611111,0.071198503
19.60972222,75.6575,0.027424154
19.61,74.62916667,0.172888739
19.61,75.21861111,0.053406546
19.61,75.60472222,0.068989846
19.61027778,75.74111111,0.060830087
19.61055556,75.62472222,0.020736832
19.61111111,75.67444444,0.025951716
19.61138889,74.72805556,0.119451517
19.61138889,75.20416667,0.094972238
19.61138889,75.62166667,0.052670327
19.61194444,74.73861111,0.010276389
19.61194444,75.79111111,0.033375257
19.6125,75.2675,0.015552624
19.6125,75.58638889,0.025951716
19.6125,75.59583333,0.034111476
19.6125,75.59861111,0.032608362
19.6125,75.77194444,0.021503727
19.6125,75.80472222,0.043007454
19.6125,75.80527778,0.025951716
19.61277778,75.29305556,0.046719225
19.61277778,76.29555556,0.013466671
19.61305556,75.2725,0.015552624
19.61361111,75.26166667,0.023712384
19.61361111,75.27527778,0.046719225
19.61361111,75.59361111,0.027424154
19.61388889,75.60638889,0.037823246
19.61388889,75.82,0.054878984
19.61388889,75.93583333,0.025890365
19.61444444,75.26305556,0.043743673
19.61444444,75.26972222,0.023712384
19.61444444,75.60416667,0.031135924
19.61444444,76.3525,0.035583914
19.61472222,75.17722222,0.037945949
19.61472222,75.63472222,0.020736832
19.61472222,75.66638889,0.055615203
19.61472222,75.82638889,0.020000614
19.615,74.62972222,0.23448572
19.615,75.79,0.022976165
19.615,75.79555556,0.061566306
19.61527778,73.91583333,0.09015614
19.61527778,75.26361111,0.024448603
19.61527778,75.58638889,0.061566306
19.61527778,75.5875,0.028896592
19.61527778,75.60388889,0.033375257
19.61527778,75.60416667,0.034111476
19.61527778,75.60777778,0.036320133
19.61527778,76.35444444,0.046719225
19.61583333,75.60055556,0.093469125
19.61583333,75.61777778,0.080125157
19.61666667,74.71972222,0.103131998
19.61666667,75.58388889,0.088284917
19.61694444,75.35138889,0.053406546
19.61694444,75.61111111,0.042271235
19.61722222,74.8725,0.073437836
19.61722222,75.61055556,0.067486733
19.61722222,75.64888889,0.014816405
19.61722222,75.66138889,0.040798798
19.6175,74.62666667,0.058590754
19.6175,75.58666667,0.091260468
19.6175,75.60472222,0.042271235
19.6175,75.60888889,0.057854535
19.61777778,74.01027778,0.105309979
19.61777778,74.62055556,0.117212184
19.61777778,74.85166667,0.060093868
19.61777778,75.26444444,0.018528176
19.61833333,75.60444444,0.043007454
19.61833333,75.62138889,0.060093868
19.61861111,75.25888889,0.026994693
19.61861111,75.59666667,0.060830087
19.61861111,75.73833333,0.032608362
19.61888889,75.58666667,0.068989846
19.61888889,75.63666667,0.047455443
19.61888889,75.64694444,0.025215497
19.61916667,74.61916667,0.101628884
19.61916667,75.65388889,0.060830087
19.61944444,74.79333333,0.087548698
19.61944444,75.59388889,0.055615203
19.61944444,75.63361111,0.024448603
19.61944444,75.68027778,0.022239946
19.61944444,75.68777778,0.024448603
19.61972222,74.78916667,0.124635725
19.61972222,74.95722222,0.023896439
19.62,75.61388889,0.054142765
19.62,75.675,0.093469125
19.62,76.02666667,0.025430228
19.62027778,75.6,0.034847695
19.62027778,75.65444444,0.056382098
19.62027778,75.66361111,0.045246787
19.62055556,75.32361111,0.058590754
19.62083333,74.61944444,0.167673855
19.62083333,74.78611111,0.110555539
19.62083333,75.57444444,0.042271235
19.62083333,75.60416667,0.075677168
19.62083333,75.61222222,0.064541857
19.62083333,75.6125,0.031872143
19.62083333,75.62305556,0.081505568
19.62083333,75.71083333,0.01595141
19.62111111,74.86861111,0.074910273
19.62111111,75.29222222,0.065278076
19.62111111,75.58833333,0.062302525
19.62111111,75.60472222,0.017791957
19.62111111,75.61,0.080861376
19.62111111,75.68083333,0.050430995
19.62138889,75.30805556,0.080861376
19.62138889,75.60194444,0.042271235
19.62138889,75.62583333,0.060093868
19.62166667,74.34305556,0.027270775
19.62166667,74.49027778,0.017209117
19.62166667,75.58861111,0.043743673
19.62166667,75.60472222,0.028160373
19.62166667,75.60583333,0.025951716
19.62166667,75.60805556,0.022239946
19.62166667,75.97194444,0.024816712
19.62194444,75.26055556,0.021503727
19.62194444,75.58833333,0.088284917
19.62194444,75.61,0.085309365
19.62194444,75.62111111,0.080861376
19.62222222,74.46388889,0.012761128
19.62222222,75.60222222,0.022239946
19.62222222,75.62277778,0.042271235
19.6225,75.22444444,0.061566306
19.6225,75.29333333,0.063038744
19.6225,75.58611111,0.096444676
19.6225,75.59111111,0.087548698
19.6225,75.6025,0.056382098
19.6225,75.60388889,0.057118317
19.6225,75.62083333,0.068989846
19.6225,75.75055556,0.028160373
19.6225,75.77277778,0.026687935
19.62277778,75.49055556,0.054878984
19.62277778,75.60138889,0.040798798
19.62277778,75.61305556,0.031872143
19.62305556,75.66,0.018528176
19.62333333,74.61166667,0.071198503
19.62333333,75.59888889,0.062302525
19.62333333,75.61277778,0.043007454
19.62333333,75.61666667,0.080125157
19.62333333,75.8075,0.015552624
19.62333333,75.80805556,0.038559465
19.62361111,75.57916667,0.051167214
19.62361111,75.59333333,0.051167214
19.62361111,75.64083333,0.030399706
19.62361111,75.7575,0.017791957
19.62388889,75.0325,0.01674898
19.62388889,75.60444444,0.059326973
19.62388889,75.61333333,0.066014295
19.62416667,74.625,0.102365103
19.62444444,74.56305556,0.022516028
19.62444444,75.34138889,0.046719225
19.62444444,75.61277778,0.068253627
19.62444444,75.61583333,0.054142765
19.62444444,75.62111111,0.066750514
19.62444444,75.62555556,0.027424154
19.62444444,75.66027778,0.020736832
19.62472222,75.33666667,0.018957637
19.62472222,75.59583333,0.043007454
19.62472222,75.60722222,0.068989846
19.625,74.71972222,0.080125157
19.625,75.1475,0.027424154
19.625,75.58055556,0.068989846
19.625,75.61,0.051167214
19.625,76.37527778,0.040798798
19.62527778,75.61611111,0.060093868
19.62555556,75.34111111,0.073437836
19.62555556,75.41972222,0.023712384
19.62555556,75.59305556,0.044510568
19.62555556,75.59611111,0.022976165
19.62555556,75.61777778,0.038559465
19.62555556,75.69027778,0.013466671
19.62555556,75.76333333,0.015552624
19.62555556,76.37555556,0.071198503
19.62583333,74.22388889,0.037639191
19.62583333,75.59138889,0.087548698
19.62583333,75.59861111,0.074174054
19.62583333,75.78583333,0.025522255
19.62611111,75.61055556,0.031872143
19.62638889,74.61111111,0.127611276
19.62638889,75.58222222,0.029663487
19.62638889,75.58805556,0.054878984
19.62638889,75.6075,0.058590754
19.62638889,75.60833333,0.032608362
19.62638889,75.62555556,0.028896592
19.62666667,74.88888889,0.034264855
19.62666667,75.57194444,0.030399706
19.62666667,75.59611111,0.076413387
19.62666667,75.59944444,0.086781803
19.62666667,75.60694444,0.020736832
19.62666667,75.61861111,0.027424154
19.62666667,75.62,0.062302525
19.62666667,76.005,0.068989846
19.62694444,74.77888889,0.063836314
19.62694444,75.59138889,0.080861376
19.62694444,75.62,0.042271235
19.62722222,74.79222222,0.057854535
19.62722222,75.62638889,0.045983006
19.62722222,75.75611111,0.043007454
19.62722222,75.76583333,0.043007454
19.62722222,75.79138889,0.060093868
19.6275,75.195,0.065278076
19.6275,75.3675,0.027424154
19.6275,76.17416667,0.047455443
19.62777778,75.20194444,0.037087027
19.62777778,75.21777778,0.060830087
19.62777778,75.59166667,0.076413387
19.62777778,75.63027778,0.050430995
19.62805556,75.72277778,0.097180895
19.62805556,76.26166667,0.028375104
19.62833333,75.59027778,0.037823246
19.62833333,75.59444444,0.025215497
19.62861111,75.60444444,0.051167214
19.62888889,74.66527778,0.013466671
19.62916667,75.325,0.066014295
19.62916667,75.58666667,0.117979079
19.62916667,75.59305556,0.045246787
19.62916667,75.59861111,0.028896592
19.62916667,75.65055556,0.017025062
19.62944444,75.19777778,0.009785576
19.63,75.58388889,0.055615203
19.63,75.64611111,0.056382098
19.63,75.65,0.025767662
19.63,75.79388889,0.024448603
19.63027778,75.36916667,0.060093868
19.63055556,74.63222222,0.071965398
19.63055556,75.06166667,0.077149606
19.63055556,75.12666667,0.024448603
19.63055556,75.62222222,0.016288843
19.63055556,75.62722222,0.046719225
19.63055556,75.63472222,0.072701617
19.63055556,75.64722222,0.018466824
19.63055556,75.64805556,0.040798798
19.63055556,75.65,0.106076874
19.63083333,75.25694444,0.021104942
19.63083333,75.32333333,0.039295684
19.63083333,75.46472222,0.00954017
19.63138889,75.61444444,0.057854535
19.63166667,73.81944444,0.085861529
19.63194444,75.58472222,0.089021136
19.63194444,75.60833333,0.074174054
19.63194444,75.61166667,0.062302525
19.63194444,75.6125,0.100156447
19.63194444,75.61555556,0.071198503
19.63222222,75.61583333,0.087548698
19.6325,75.57861111,0.063805638
19.6325,75.60472222,0.055615203
19.63277778,75.61222222,0.028160373
19.63305556,75.29138889,0.068989846
19.63305556,75.61138889,0.083836928
19.63333333,74.45805556,0.015429921
19.63333333,74.79027778,0.120923955
19.63333333,74.80083333,0.031473358
19.63333333,75.6375,0.045983006
19.63333333,75.64944444,0.050430995
19.63333333,75.65444444,0.059326973
19.63361111,75.32305556,0.092732906
19.63361111,75.62527778,0.032608362
19.63388889,75.27361111,0.060093868
19.63388889,75.52083333,0.053406546
19.63388889,75.65666667,0.033375257
19.63416667,75.50472222,0.032178901
19.63416667,75.58611111,0.031872143
19.63444444,75.51888889,0.066014295
19.63444444,75.58388889,0.025951716
19.63472222,74.64722222,0.155066106
19.63472222,75.61861111,0.068253627
19.63472222,75.63694444,0.077885825
19.635,75.59166667,0.024448603
19.63527778,74.86055556,0.063038744
19.63527778,75.58361111,0.034111476
19.63527778,75.58444444,0.091996687
19.63555556,75.60555556,0.069726065
19.63555556,75.61583333,0.054878984
19.63555556,75.68444444,0.087548698
19.63583333,75.59388889,0.021503727
19.63583333,75.71583333,0.046719225
19.63583333,75.79222222,0.016135464
19.63611111,75.61388889,0.058590754
19.63611111,75.68805556,0.053406546
19.63638889,75.59138889,0.036320133
19.63638889,75.60138889,0.049694776
19.63638889,75.65861111,0.036320133
19.63666667,74.63111111,0.026074419
19.63666667,74.79166667,0.094972238
19.63666667,75.27583333,0.038559465
19.63666667,75.60055556,0.032608362
19.63666667,75.60527778,0.025951716
19.63666667,75.62555556,0.065278076
19.63666667,75.6375,0.052670327
19.63666667,75.68361111,0.033375257
19.63666667,75.70388889,0.050430995
19.63666667,75.78361111,0.060830087
19.63666667,76.37472222,0.068989846
19.63694444,75.05333333,0.044510568
19.63694444,75.58638889,0.048191662
19.63694444,75.65333333,0.044510568
19.63722222,75.21055556,0.028988619
19.63722222,75.60555556,0.020736832
19.63722222,75.61055556,0.062302525
19.63722222,75.61861111,0.033375257
19.63722222,75.62388889,0.040798798
19.63722222,75.69638889,0.099420228
19.6375,75.22083333,0.048191662
19.6375,75.30916667,0.053406546
19.6375,75.31388889,0.066014295
19.6375,75.57638889,0.035583914
19.6375,75.58833333,0.037087027
19.6375,75.60472222,0.031135924
19.6375,75.61805556,0.045246787
19.6375,75.65805556,0.042271235
19.63777778,75.06138889,0.026687935
19.63777778,75.60416667,0.068989846
19.63777778,75.61166667,0.060093868
19.63777778,75.67277778,0.100156447
19.63805556,74.03138889,0.024847388
19.63805556,75.03722222,0.021012915
19.63805556,75.58388889,0.040798798
19.63805556,75.61166667,0.060830087
19.63805556,75.69388889,0.031872143
19.63805556,75.70888889,0.045246787
19.63805556,75.82138889,0.107579987
19.63833333,75.70694444,0.039295684
19.63861111,74.60583333,0.110555539
19.63861111,75.31194444,0.054878984
19.63861111,75.59527778,0.036320133
19.63861111,75.60166667,0.060830087
19.63861111,75.62388889,0.025951716
19.63861111,75.64277778,0.017025062
19.63861111,75.65222222,0.051167214
19.63861111,75.655,0.028896592
19.63888889,74.84722222,0.106843768
19.63888889,74.86111111,0.094205344
19.63888889,75.585,0.063038744
19.63888889,75.58666667,0.088284917
19.63888889,75.59111111,0.063038744
19.63888889,75.65333333,0.029663487
19.63888889,75.68111111,0.054878984
19.63916667,75.60333333,0.081597595
19.63916667,75.65166667,0.046719225
19.63916667,75.655,0.029663487
19.63916667,75.68916667,0.043743673
19.63916667,75.83472222,0.125371944
19.63944444,74.80833333,0.114267309
19.63944444,75.60972222,0.044510568
19.63944444,75.65611111,0.031135924
19.63944444,75.66888889,0.045246787
19.63944444,75.75333333,0.021718458
19.63972222,75.275,0.046719225
19.63972222,75.46722222,0.063805638
19.63972222,75.60166667,0.034111476
19.63972222,75.61722222,0.034111476
19.64,74.78388889,0.110555539
19.64,75.65027778,0.054142765
19.64027778,75.62444444,0.060830087
19.64027778,75.63777778,0.057854535
19.64027778,75.65055556,0.073131078
19.64027778,75.67833333,0.048958557
19.64027778,75.68638889,0.048958557
19.64027778,75.69777778,0.040031903
19.64027778,76.15833333,0.090493573
19.64055556,75.26166667,0.018190742
19.64055556,75.58055556,0.077885825
19.64083333,74.90472222,0.034326206
19.64083333,75.58833333,0.043743673
19.64083333,75.62055556,0.097917114
19.64083333,75.66361111,0.042271235
19.64083333,75.94166667,0.009785576
19.64111111,74.68611111,0.031319979
19.64111111,75.60611111,0.063038744
19.64111111,75.6075,0.086781803
19.64111111,75.62555556,0.025215497
19.64111111,75.64305556,0.055615203
19.64111111,75.69305556,0.050430995
19.64138889,75.61388889,0.025215497
19.64138889,75.61972222,0.081597595
19.64166667,75.61,0.069726065
19.64166667,75.63805556,0.085309365
19.64166667,75.6975,0.092732906
19.64166667,75.72861111,0.028896592
19.64194444,75.5925,0.071198503
19.64194444,75.62222222,0.063038744
19.64222222,74.35611111,0.036964324
19.64222222,75.59027778,0.089021136
19.64222222,75.59166667,0.039295684
19.64222222,75.61111111,0.043007454
19.64222222,75.61194444,0.034111476
19.64222222,75.62638889,0.034111476
19.6425,74.61138889,0.034571613
19.6425,75.03583333,0.013558698
19.6425,75.59138889,0.063038744
19.6425,75.60611111,0.068989846
19.6425,75.61416667,0.051903433
19.6425,75.62527778,0.037823246
19.6425,75.66833333,0.024448603
19.6425,76.39166667,0.010184361
19.64277778,75.57277778,0.077885825
19.64277778,75.66194444,0.040031903
19.64305556,74.07083333,0.055185742
19.64305556,75.21083333,0.027424154
19.64305556,75.33166667,0.091260468
19.64305556,75.60944444,0.041535016
19.64305556,75.65805556,0.060093868
19.64333333,75.58833333,0.079388938
19.64333333,75.58972222,0.080125157
19.64333333,75.62388889,0.096444676
19.64333333,76.02305556,0.046719225
19.64361111,74.92472222,0.018006687
19.64361111,75.26944444,0.047455443
19.64361111,75.27777778,0.056382098
19.64361111,75.29222222,0.045983006
19.64361111,75.60722222,0.061566306
19.64388889,75.59222222,0.068253627
19.64388889,75.62,0.050430995
19.64388889,75.70888889,0.031872143
19.64416667,75.53777778,0.094972238
19.64416667,75.605,0.057854535
19.64416667,75.62722222,0.085309365
19.64416667,75.65722222,0.075677168
19.64444444,75.60055556,0.063038744
19.64444444,75.66416667,0.041535016
19.64444444,75.73694444,0.040031903
19.64472222,75.03694444,0.01208626
19.64472222,75.63833333,0.050430995
19.64472222,75.64361111,0.042271235
19.645,75.25611111,0.009386791
19.645,75.59333333,0.054878984
19.645,75.60472222,0.062302525
19.645,75.6125,0.033375257
19.645,75.61638889,0.052670327
19.645,75.64416667,0.046719225
19.645,75.65333333,0.018190742
19.645,75.69666667,0.053406546
19.64527778,74.62194444,0.145372557
19.64527778,74.65305556,0.032393632
19.64527778,75.52555556,0.014540323
19.64555556,75.61055556,0.069726065
19.64555556,75.6125,0.060093868
19.64555556,75.65388889,0.029448756
19.64555556,75.71805556,0.046719225
19.64583333,74.64444444,0.131323047
19.64583333,74.66027778,0.072364183
19.64583333,75.57555556,0.063038744
19.64583333,75.61027778,0.057854535
19.64583333,75.61277778,0.076413387
19.64583333,75.64055556,0.039295684
19.64583333,75.71027778,0.050430995
19.64583333,75.73472222,0.039295684
19.64638889,75.60888889,0.054878984
19.64638889,75.61583333,0.058590754
19.64638889,75.66972222,0.061566306
19.64638889,75.70694444,0.045246787
19.64666667,75.40694444,0.054878984
19.64666667,75.58666667,0.047455443
19.64666667,75.70333333,0.072701617
19.64694444,75.69361111,0.040031903
19.6475,75.23777778,0.121660174
19.6475,75.32555556,0.033375257
19.6475,75.62722222,0.042271235
19.64777778,75.72972222,0.043007454
19.64805556,75.28888889,0.098684009
19.64805556,75.57,0.041535016
19.64805556,75.59277778,0.016288843
19.64833333,75.59166667,0.044510568
19.64833333,75.59305556,0.035583914
19.64833333,75.60361111,0.039295684
19.64861111,75.33416667,0.107579987
19.64861111,75.58111111,0.038559465
19.64861111,75.58888889,0.072701617
19.64861111,75.60972222,0.038559465
19.64861111,75.61111111,0.043743673
19.64888889,75.57777778,0.053406546
19.64888889,75.5875,0.051903433
19.64888889,75.59027778,0.088284917
19.64888889,75.59388889,0.076413387
19.64888889,75.595,0.048191662
19.64888889,75.60805556,0.054878984
19.64888889,75.60972222,0.020000614
19.64888889,75.65416667,0.120923955
19.64888889,75.70027778,0.051167214
19.64916667,75.59111111,0.089757355
19.64916667,75.60444444,0.027424154
19.64916667,75.61055556,0.025951716
19.64916667,75.64222222,0.043743673
19.64944444,75.71083333,0.046719225
19.64972222,74.84777778,0.051167214
19.64972222,74.85916667,0.058590754
19.64972222,75.66055556,0.071198503
19.64972222,75.69222222,0.066750514
19.65,74.98305556,0.018896285
19.65,75.23333333,0.114267309
19.65,75.5875,0.080861376
19.65,75.60805556,0.080125157
19.65,75.60944444,0.042271235
19.65,75.64916667,0.030399706
19.65,75.66694444,0.068253627
19.65027778,75.57416667,0.057854535
19.65027778,75.58694444,0.049694776
19.65027778,75.60416667,0.040031903
19.65027778,75.65444444,0.022546704
19.65027778,75.65527778,0.021933188
19.65055556,74.98222222,0.022546704
19.65055556,75.25388889,0.106076874
19.65055556,75.50888889,0.031227952
19.65055556,75.59666667,0.057118317
19.65055556,75.65055556,0.021841161
19.65055556,75.65111111,0.019141691
19.65055556,75.6525,0.092732906
19.65055556,75.65305556,0.018865609
19.65055556,75.65444444,0.025460904
19.65055556,75.655,0.018650879
19.65055556,75.77388889,0.047455443
19.65083333,75.25083333,0.045983006
19.65083333,75.29333333,0.040031903
19.65083333,75.58583333,0.066750514
19.65083333,75.58722222,0.024448603
19.65083333,75.61333333,0.045983006
19.65083333,75.615,0.081597595
19.65083333,75.66805556,0.057118317
19.65083333,75.68138889,0.086045584
19.65111111,75.57722222,0.031872143
19.65111111,75.58555556,0.071965398
19.65111111,75.63277778,0.020092641
19.65111111,75.64361111,0.045246787
19.65111111,75.65444444,0.021871837
19.65111111,75.655,0.025000767
19.65111111,75.65861111,0.068253627
19.65111111,75.65888889,0.073437836
19.65111111,75.69027778,0.029663487
19.65111111,75.69944444,0.060093868
19.65138889,75.5725,0.040798798
19.65138889,75.57472222,0.034847695
19.65138889,75.585,0.029663487
19.65138889,75.59333333,0.051903433
19.65138889,75.59972222,0.033375257
19.65138889,75.62222222,0.066014295
19.65138889,75.6425,0.098684009
19.65138889,75.6725,0.029663487
19.65138889,75.67333333,0.040031903
19.65138889,75.69305556,0.034111476
19.65138889,76.12,0.045983006
19.65166667,75.64111111,0.025000767
19.65166667,75.6525,0.096444676
19.65166667,75.65527778,0.027638885
19.65194444,75.59361111,0.035583914
19.65194444,75.60472222,0.075677168
19.65194444,75.67222222,0.035583914
19.65194444,75.67694444,0.039295684
19.65194444,76.26666667,0.077149606
19.65222222,74.65166667,0.088929108
19.65222222,75.59611111,0.025951716
19.65222222,75.61833333,0.052670327
19.65222222,75.70833333,0.042271235
19.6525,74.77,0.118715298
19.6525,75.56777778,0.072701617
19.6525,75.58666667,0.037823246
19.6525,75.5875,0.041535016
19.6525,75.59583333,0.036320133
19.6525,75.59777778,0.087548698
19.6525,75.59888889,0.047455443
19.65277778,74.76944444,0.100156447
19.65277778,75.60666667,0.080861376
19.65277778,75.61694444,0.056382098
19.65277778,75.65833333,0.072701617
19.65277778,75.65972222,0.061566306
19.65277778,75.67722222,0.048191662
19.65277778,76.06944444,0.053406546
19.65305556,74.98861111,0.055185742
19.65305556,75.20083333,0.060830087
19.65305556,75.64972222,0.051167214
19.65305556,75.82583333,0.118715298
19.65333333,74.67055556,0.013589374
19.65333333,75.03416667,0.098684009
19.65333333,75.58777778,0.081597595
19.65333333,75.59611111,0.024448603
19.65333333,75.645,0.071965398
19.65333333,75.65138889,0.047455443
19.65333333,75.66972222,0.068253627
19.65333333,75.7075,0.051903433
19.65361111,75.57444444,0.027424154
19.65361111,75.585,0.029663487
19.65361111,75.59944444,0.038559465
19.65361111,75.69305556,0.051903433
19.65361111,75.82333333,0.016196816
19.65388889,75.18972222,0.098684009
19.65388889,75.51833333,0.052670327
19.65388889,75.59833333,0.016227492
19.65388889,75.65861111,0.026687935
19.65388889,75.69305556,0.043007454
19.65416667,75.43111111,0.080861376
19.65416667,75.61666667,0.052670327
19.65416667,75.62472222,0.063038744
19.65416667,75.64916667,0.085309365
19.65416667,75.655,0.109788644
19.65444444,75.22388889,0.052670327
19.65444444,75.29138889,0.038559465
19.65444444,75.57722222,0.039295684
19.65444444,75.61,0.076413387
19.65444444,75.64027778,0.046719225
19.65444444,75.64555556,0.056382098
19.65444444,75.65138889,0.058590754
19.65444444,75.65388889,0.026626584
19.65444444,75.655,0.012822479
19.65444444,76.03277778,0.013466671
19.65472222,75.27722222,0.060093868
19.65472222,75.58777778,0.025951716
19.655,73.94777778,0.030645112
19.655,75.11611111,0.0184975
19.655,75.26916667,0.049694776
19.655,75.57833333,0.065278076
19.655,75.60055556,0.054142765
19.655,75.60194444,0.040031903
19.655,75.62277778,0.048958557
19.655,75.655,0.028681861
19.65527778,75.59305556,0.023712384
19.65555556,74.45,0.01187153
19.65555556,75.23361111,0.086045584
19.65555556,75.28972222,0.038559465
19.65555556,75.55777778,0.065278076
19.65555556,75.61527778,0.039295684
19.65555556,75.62555556,0.046719225
19.65555556,75.64611111,0.054878984
19.65555556,75.65805556,0.096444676
19.65555556,75.67861111,0.016288843
19.65555556,75.70888889,0.047455443
19.65583333,74.75611111,0.107579987
19.65583333,75.27583333,0.072701617
19.65583333,75.4525,0.063038744
19.65611111,74.65138889,0.015890058
19.65611111,75.58888889,0.032608362
19.65611111,75.62222222,0.041535016
19.65611111,75.66555556,0.042271235
19.65611111,75.66611111,0.037823246
19.65638889,75.6025,0.015552624
19.65638889,75.60277778,0.028160373
19.65666667,75.695,0.031872143
19.65694444,75.56916667,0.073437836
19.65694444,75.58861111,0.053406546
19.65722222,75.58222222,0.065278076
19.65722222,75.58583333,0.050430995
19.65722222,75.61444444,0.051903433
19.65722222,75.61555556,0.062302525
19.65722222,75.63444444,0.043743673
19.6575,75.27277778,0.043743673
19.6575,75.57722222,0.025215497
19.6575,75.58833333,0.081474892
19.6575,75.625,0.067486733
19.65777778,75.27527778,0.037823246
19.65777778,75.60361111,0.054878984
19.65777778,75.63444444,0.096444676
19.65805556,75.60833333,0.028160373
19.65805556,75.65055556,0.081505568
19.65833333,75.61944444,0.057854535
19.65833333,75.62666667,0.043743673
19.65833333,75.66083333,0.054878984
19.65833333,75.67361111,0.040031903
19.65833333,75.69444444,0.053406546
19.65833333,75.69583333,0.028896592
19.65833333,75.7425,0.045246787
19.65833333,75.82916667,0.035583914
19.65888889,75.62527778,0.060830087
19.65888889,75.68111111,0.057854535
19.65916667,75.67805556,0.047455443
19.65916667,75.70027778,0.060830087
19.65944444,75.60277778,0.039295684
19.65944444,75.62333333,0.054142765
19.65944444,75.70916667,0.031872143
19.65972222,75.26722222,0.059326973
19.65972222,75.29138889,0.116475966
19.65972222,75.56972222,0.039295684
19.65972222,75.60138889,0.065278076
19.65972222,75.60888889,0.072701617
19.65972222,75.61,0.072701617
19.65972222,75.61527778,0.054878984
19.65972222,75.61722222,0.055615203
19.65972222,75.68888889,0.055615203
19.65972222,75.68972222,0.032608362
19.65972222,75.70972222,0.045983006
19.66,74.64055556,0.01500046
19.66,75.22111111,0.066014295
19.66,75.26194444,0.058590754
19.66,75.275,0.057118317
19.66,75.3525,0.060093868
19.66,75.40027778,0.060093868
19.66,75.58277778,0.043007454
19.66,75.62694444,0.060093868
19.66,75.63527778,0.061566306
19.66,75.66722222,0.053406546
19.66027778,75.59194444,0.046719225
19.66027778,75.59888889,0.031135924
19.66027778,75.60027778,0.063038744
19.66027778,75.60444444,0.022976165
19.66027778,75.62166667,0.020736832
19.66027778,75.65777778,0.045983006
19.66055556,75.70833333,0.045246787
19.66083333,75.60416667,0.033375257
19.66083333,75.61388889,0.055615203
19.66083333,75.68388889,0.059326973
19.66111111,75.65722222,0.136507255
19.66138889,74.7975,0.025031443
19.66138889,75.16527778,0.100892665
19.66138889,75.27222222,0.024448603
19.66138889,75.27416667,0.063805638
19.66138889,75.45194444,0.062302525
19.66166667,75.10888889,0.020000614
19.66166667,75.26694444,0.053406546
19.66194444,74.63722222,0.103868217
19.66194444,75.58527778,0.057854535
19.6625,75.42583333,0.018681555
19.66277778,74.38833333,0.027577533
19.66277778,75.63416667,0.017025062
19.66277778,75.70027778,0.043007454
19.66277778,75.88444444,0.126875058
19.66305556,75.25361111,0.057118317
19.66305556,75.52,0.028160373
19.66305556,75.61972222,0.040798798
19.66333333,75.64361111,0.142458358
19.66361111,76.09305556,0.054142765
19.66388889,75.285,0.089757355
19.66388889,75.54416667,0.041535016
19.66388889,75.64944444,0.033375257
19.66416667,75.25083333,0.047455443
19.66416667,75.61666667,0.055615203
19.66416667,75.74666667,0.027424154
19.66444444,75.64777778,0.050430995
19.66472222,74.63388889,0.080125157
19.66472222,75.23916667,0.098684009
19.66472222,75.23944444,0.084573146
19.66472222,75.27472222,0.075677168
19.66472222,75.27583333,0.040798798
19.665,74.26805556,0.058253321
19.665,74.86111111,0.017055738
19.665,75.68694444,0.066750514
19.665,75.69305556,0.051903433
19.66527778,75.45222222,0.034111476
19.66527778,75.61694444,0.067486733
19.66555556,75.26388889,0.038559465
19.66555556,75.57944444,0.068989846
19.66555556,75.64777778,0.081597595
19.66583333,74.26805556,0.098131845
19.66583333,74.76861111,0.113469738
19.66583333,75.26444444,0.057118317
19.66583333,75.52638889,0.062302525
19.66611111,74.65555556,0.025154146
19.66611111,75.25888889,0.020798184
19.66611111,75.26805556,0.102365103
19.66611111,75.28111111,0.066014295
19.66638889,76.13111111,0.0155833
19.66666667,74.95805556,0.044909353
19.66666667,75.65638889,0.023712384
19.66666667,75.70555556,0.037823246
19.66694444,74.25055556,0.135402926
19.66694444,74.25166667,0.105309979
19.66694444,75.25527778,0.069726065
19.66722222,74.04277778,0.09015614
19.66722222,75.25805556,0.057118317
19.66722222,75.27166667,0.031872143
19.66722222,75.57,0.056382098
19.66722222,75.58388889,0.046719225
19.6675,75.34138889,0.095708457
19.6675,75.63111111,0.020000614
19.6675,75.65,0.055615203
19.6675,75.71,0.036320133
19.6675,76.03666667,0.063038744
19.66777778,75.29,0.040798798
19.66777778,75.6125,0.056382098
19.66805556,74.84222222,0.062302525
19.66805556,75.56805556,0.127611276
19.66805556,75.56944444,0.045246787
19.66805556,75.64138889,0.043743673
19.66805556,75.70861111,0.054142765
19.66833333,74.66222222,0.014693702
19.66833333,74.68888889,0.085309365
19.66833333,75.64472222,0.098684009
19.66833333,75.74972222,0.054142765
19.66861111,75.23972222,0.066014295
19.66861111,75.25638889,0.045983006
19.66861111,75.625,0.057118317
19.66861111,75.63527778,0.060093868
19.66861111,75.64361111,0.060830087
19.66888889,75.57,0.013435995
19.66888889,75.63805556,0.041535016
19.66888889,75.64361111,0.051167214
19.66888889,75.66361111,0.048958557
19.66888889,75.6925,0.047455443
19.66916667,74.55083333,0.011012608
19.66916667,75.18805556,0.051903433
19.66916667,75.59055556,0.074174054
19.66944444,75.63166667,0.069726065
19.66972222,75.23694444,0.053406546
19.67,75.325,0.080861376
19.67,75.42111111,0.095708457
19.67027778,75.20972222,0.035583914
19.67027778,75.70222222,0.035583914
19.67055556,75.18861111,0.115003528
19.67055556,75.27944444,0.060830087
19.67055556,75.6925,0.051903433
19.67083333,75.27194444,0.044510568
19.67083333,75.63972222,0.065278076
19.67111111,75.57111111,0.027424154
19.67111111,75.70944444,0.042271235
19.67138889,74.26805556,0.055185742
19.67138889,75.22611111,0.063038744
19.67166667,75.25638889,0.046719225
19.67194444,75.25694444,0.062302525
19.67194444,75.61444444,0.052670327
19.67194444,75.67666667,0.073437836
19.67222222,75.25666667,0.063805638
19.67222222,75.59333333,0.040798798
19.6725,75.23583333,0.040031903
19.6725,75.25,0.050430995
19.67277778,74.88583333,0.037700543
19.67277778,75.02305556,0.012791803
19.67277778,75.27027778,0.031872143
19.67277778,75.62166667,0.066750514
19.67305556,75.65861111,0.058590754
19.67333333,75.22055556,0.057854535
19.67361111,75.13694444,0.092732906
19.67361111,75.23916667,0.028160373
19.67361111,75.28611111,0.028160373
19.67361111,75.97027778,0.021473051
19.67388889,76.16166667,0.028681861
19.67416667,75.19388889,0.083836928
19.67416667,75.25638889,0.059326973
19.67416667,75.28666667,0.060093868
19.67416667,75.57722222,0.030399706
19.67416667,75.58,0.033375257
19.67416667,76.14583333,0.031197276
19.67444444,75.17861111,0.031872143
19.67444444,75.26555556,0.071198503
19.67444444,75.70194444,0.068253627
19.67472222,75.63444444,0.062302525
19.675,75.16888889,0.073437836
19.675,75.17666667,0.060093868
19.675,75.28944444,0.060093868
19.675,75.58777778,0.086045584
19.675,75.63222222,0.065278076
19.675,75.65527778,0.065278076
19.675,75.80527778,0.036320133
19.675,75.93472222,0.029049971
19.67527778,75.70972222,0.054142765
19.67555556,75.63388889,0.062302525
19.67555556,75.64527778,0.081597595
19.67583333,75.61611111,0.060830087
19.67611111,75.62333333,0.071965398
19.67611111,75.625,0.028160373
19.67638889,74.52722222,0.020430075
19.67638889,75.12972222,0.01733182
19.67638889,75.35694444,0.068253627
19.67638889,75.47916667,0.060830087
19.67666667,75.63583333,0.091260468
19.67666667,76.005,0.058590754
19.67694444,75.56833333,0.024448603
19.67694444,75.65277778,0.051903433
19.67722222,75.72694444,0.076413387
19.6775,74.73305556,0.020399399
19.6775,75.21444444,0.059326973
19.6775,75.22416667,0.061566306
19.6775,75.22666667,0.086781803
19.6775,75.27388889,0.045246787
19.6775,75.65333333,0.083836928
19.6775,75.69333333,0.040798798
19.67777778,75.60861111,0.035583914
19.67777778,75.71138889,0.031902819
19.67777778,75.76444444,0.022239946
19.67805556,75.63944444,0.059326973
19.67805556,75.765,0.022884138
19.67805556,75.96916667,0.024479279
19.67833333,75.17666667,0.077885825
19.67888889,74.40166667,0.024479279
19.67888889,75.64,0.058590754
19.67916667,75.69777778,0.046719225
19.67944444,75.21361111,0.087548698
19.67972222,75.22027778,0.070462284
19.67972222,76.16361111,0.014969784
19.68027778,75.67777778,0.087548698
19.68055556,75.26972222,0.020736832
19.68055556,75.70916667,0.094972238
19.68111111,75.28361111,0.077149606
19.68138889,74.65694444,0.031442682
19.68138889,75.25527778,0.043007454
19.68138889,75.36666667,0.051167214
19.68138889,75.62527778,0.080125157
19.68138889,75.70361111,0.037087027
19.68138889,75.70972222,0.043743673
19.68166667,75.13666667,0.034019448
19.68194444,74.61527778,0.021012915
19.68194444,75.70527778,0.028896592
19.68222222,75.22666667,0.061566306
19.68222222,75.70222222,0.066014295
19.68222222,75.70583333,0.091996687
19.68305556,75.27416667,0.057854535
19.68333333,74.18388889,0.115340961
19.68333333,75.28555556,0.014233565
19.68333333,75.31027778,0.071198503
19.68361111,74.1675,0.107334581
19.68361111,74.16777778,0.110310132
19.68361111,74.16833333,0.067456057
19.68361111,74.16861111,0.165495874
19.68361111,74.25166667,0.060155219
19.68361111,74.25194444,0.060155219
19.68361111,74.25222222,0.085248014
19.68361111,74.30166667,0.349673303
19.68361111,74.30222222,0.170526703
19.68361111,74.3025,0.260989601
19.68361111,74.30277778,0.119604896
19.68361111,75.26472222,0.054878984
19.68361111,75.61722222,0.059326973
19.68388889,75.25611111,0.042271235
19.68388889,75.26583333,0.046719225
19.68416667,74.26861111,0.105309979
19.68416667,75.225,0.013466671
19.68416667,75.25583333,0.068253627
19.68444444,73.84111111,0.080339888
19.68444444,74.21777778,0.130402773
19.68444444,74.21805556,0.185557839
19.68444444,74.21861111,0.10027915
19.68444444,74.83027778,0.023651032
19.68444444,75.27,0.057118317
19.68444444,75.64277778,0.073437836
19.68472222,73.84138889,0.200588975
19.68472222,74.16666667,0.140433756
19.68472222,74.16722222,0.162550998
19.68472222,74.1675,0.180557686
19.68472222,74.16777778,0.260713519
19.68472222,74.16805556,0.080217185
19.68472222,74.16861111,0.150280683
19.68472222,74.16888889,0.105309979
19.68472222,74.16916667,0.170526703
19.68472222,74.16944444,0.075217031
19.68472222,74.1775,0.170496027
19.68472222,74.18388889,0.107334581
19.68472222,74.185,0.085248014
19.68472222,74.18527778,0.288321728
19.68472222,74.18555556,0.165311819
19.68472222,74.25083333,0.075217031
19.68472222,75.53527778,0.081597595
19.68472222,75.64305556,0.083836928
19.68472222,75.69527778,0.045246787
19.68472222,76.03638889,0.071198503
19.68472222,76.05444444,0.051903433
19.68472222,76.335,0.097917114
19.685,73.84555556,0.09015614
19.685,74.16722222,0.279118991
19.685,74.1675,0.075217031
19.685,74.16777778,0.130402773
19.685,74.16833333,0.135402926
19.685,74.16861111,0.145433909
19.685,74.16888889,0.349673303
19.685,74.16916667,0.075217031
19.685,74.16944444,0.165495874
19.685,74.18361111,0.055155066
19.685,74.18388889,0.162550998
19.685,74.18416667,0.23310531
19.685,74.18444444,0.050124237
19.685,74.18555556,0.285254149
19.685,75.59166667,0.060093868
19.685,76.175,0.057854535
19.68527778,73.83555556,0.095371024
19.68527778,73.84444444,0.165618577
19.68527778,73.84472222,0.270836529
19.68527778,73.92861111,0.175434829
19.68555556,73.84333333,0.02512347
19.68555556,73.84416667,0.045062732
19.68555556,74.16805556,0.095064266
19.68555556,74.16833333,0.107334581
19.68555556,74.16861111,0.290898494
19.68555556,74.16888889,0.055155066
19.68555556,74.16916667,0.075217031
19.68555556,74.16944444,0.135402926
19.68555556,74.2525,0.105309979
19.68555556,74.25277778,0.105309979
19.68555556,74.90277778,0.06116752
19.68555556,75.20694444,0.089757355
19.68555556,75.69472222,0.089021136
19.68583333,73.83555556,0.010092334
19.68583333,73.84361111,0.11040216
19.68583333,73.84555556,0.140464431
19.68583333,74.42472222,0.013067886
19.68583333,74.51944444,0.020123317
19.68583333,75.255,0.069726065
19.68611111,73.84527778,0.115310286
19.68611111,73.84666667,0.085248014
19.68611111,74.60138889,0.107579987
19.68611111,75.27166667,0.052670327
19.68611111,75.32194444,0.025951716
19.68611111,75.36388889,0.053406546
19.68611111,75.64083333,0.057118317
19.68611111,75.78805556,0.031135924
19.68638889,73.84305556,0.165618577
19.68638889,73.84472222,0.345992208
19.68638889,73.84527778,0.080339888
19.68638889,75.25416667,0.032608362
19.68638889,76.18472222,0.025460904
19.68666667,73.84416667,0.01500046
19.68666667,74.69583333,0.124635725
19.68666667,74.72138889,0.080861376
19.68666667,74.85027778,0.060830087
19.68666667,75.23972222,0.055615203
19.68666667,75.51111111,0.090800331
19.68694444,73.84027778,0.175434829
19.68694444,73.84361111,0.105187276
19.68694444,73.84444444,0.210711985
19.68694444,74.61888889,0.569894782
19.68694444,74.64222222,0.138746587
19.68694444,75.2125,0.065278076
19.68722222,73.84527778,0.075125004
19.68722222,75.27194444,0.042271235
19.68722222,75.30083333,0.068253627
19.6875,73.83722222,0.11040216
19.6875,73.84083333,0.10027915
19.6875,75.63333333,0.057854535
19.6875,75.73666667,0.058590754
19.6875,76.36055556,0.025215497
19.68777778,73.84138889,0.065308752
19.68777778,73.84194444,0.185557839
19.68777778,74.61694444,0.068989846
19.68777778,74.65111111,0.019816559
19.68777778,75.23972222,0.066750514
19.68777778,75.25638889,0.053406546
19.68805556,73.83638889,0.31102181
19.68805556,74.60666667,0.118715298
19.68805556,75.26888889,0.040031903
19.68805556,75.27166667,0.047455443
19.68805556,75.29194444,0.022853462
19.68833333,73.84361111,0.260713519
19.68833333,74.16888889,0.145433909
19.68833333,74.85583333,0.089757355
19.68861111,73.84,0.11040216
19.68861111,73.84666667,0.140464431
19.68861111,73.85194444,0.190465965
19.68888889,73.84361111,0.060093868
19.68888889,73.84666667,0.01500046
19.68888889,73.85083333,0.165618577
19.68888889,75.28166667,0.014233565
19.68888889,75.65111111,0.051167214
19.68888889,75.71361111,0.022239946
19.68944444,75.26472222,0.058590754
19.68944444,75.37861111,0.014386944
19.68944444,75.65333333,0.092732906
19.68972222,74.64,0.115003528
19.68972222,75.21555556,0.057118317
19.68972222,75.22,0.097180895
19.68972222,75.32777778,0.065278076
19.68972222,76.03972222,0.245375625
19.69,74.64,0.106843768
19.69,75.19416667,0.076413387
19.69,75.28861111,0.054142765
19.69027778,75.26694444,0.045246787
19.69027778,75.71305556,0.047455443
19.69055556,74.63861111,0.128347495
19.69083333,73.84388889,0.140464431
19.69083333,75.02388889,0.020000614
19.69083333,75.70833333,0.061566306
19.69138889,74.61027778,0.113500414
19.69166667,75.67805556,0.03153471
19.69194444,74.63861111,0.118715298
19.69194444,75.27111111,0.053406546
19.69194444,75.71777778,0.091260468
19.69194444,76.10083333,0.094972238
19.69222222,74.61916667,0.18031228
19.69222222,74.90555556,0.041535016
19.69222222,75.22361111,0.053406546
19.6925,75.22055556,0.048191662
19.69277778,75.22611111,0.048191662
19.69277778,75.25444444,0.029663487
19.69277778,75.64166667,0.074910273
19.69277778,75.70833333,0.072701617
19.69333333,73.84722222,0.10027915
19.69333333,74.61083333,0.245621031
19.69333333,74.61861111,0.159514096
19.69361111,75.30416667,0.049694776
19.69388889,75.2175,0.056382098
19.69416667,73.84472222,0.125433295
19.69416667,75.215,0.060830087
19.69416667,75.21555556,0.040798798
19.69472222,75.26694444,0.023712384
19.69472222,75.74833333,0.058590754
19.695,75.22694444,0.050430995
19.69527778,75.28444444,0.019479125
19.69555556,74.64472222,0.009785576
19.69583333,74.4675,0.031043897
19.69583333,75.21166667,0.050430995
19.69583333,75.21277778,0.066750514
19.69583333,75.21527778,0.074910273
19.69583333,75.27361111,0.044510568
19.69583333,75.77916667,0.020736832
19.69666667,74.64583333,0.035338507
19.69666667,75.25777778,0.043007454
19.69666667,75.95555556,0.062302525
19.69694444,74.75666667,0.044725298
19.69694444,75.25055556,0.053406546
19.69722222,74.61916667,0.110555539
19.69722222,75.275,0.013313292
19.69722222,75.28527778,0.019693856
19.69722222,75.37472222,0.066750514
19.69722222,75.58861111,0.045983006
19.69722222,75.71805556,0.045983006
19.6975,74.18333333,0.080217185
19.6975,75.61805556,0.042271235
19.6975,75.65416667,0.037087027
19.69777778,75.22361111,0.052670327
19.69833333,75.22611111,0.055615203
19.69833333,75.37305556,0.037547164
19.69861111,75.7,0.140219025
19.69916667,74.69194444,0.068989846
19.69944444,74.90555556,0.067149299
19.69944444,75.3075,0.054878984
19.69944444,76.22527778,0.011258014
19.69972222,75.82027778,0.024141845
19.7,75.57111111,0.058590754
19.7,75.59305556,0.087548698
19.7,75.65111111,0.060093868
19.7,75.72333333,0.045983006
19.70027778,74.61694444,0.036320133
19.70027778,75.64222222,0.023712384
19.70027778,75.66055556,0.018528176
19.70055556,75.32111111,0.047455443
19.70055556,75.33916667,0.070462284
19.70083333,74.62694444,0.136507255
19.70111111,74.65333333,0.015644652
19.70111111,75.52111111,0.082333814
19.70138889,76.40888889,0.052670327
19.70166667,75.60555556,0.045246787
19.70194444,75.2125,0.083100709
19.7025,73.61444444,0.045246787
19.7025,75.65027778,0.013466671
19.70277778,75.27194444,0.059326973
19.70277778,75.62361111,0.035583914
19.70277778,75.7575,0.040798798
19.70277778,76.01027778,0.034847695
19.70305556,74.6175,0.154329887
19.70305556,74.64833333,0.161017209
19.70305556,75.30416667,0.059326973
19.70333333,74.61972222,0.076413387
19.70333333,75.22666667,0.063038744
19.70361111,74.61861111,0.16844075
19.70361111,75.27194444,0.040031903
19.70361111,75.68583333,0.098009141
19.70388889,74.63805556,0.155802325
19.70388889,74.825,0.015920734
19.70416667,75.27222222,0.050430995
19.70444444,74.61972222,0.106076874
19.70444444,74.64583333,0.153593669
19.70444444,74.77666667,0.107579987
19.70472222,74.62972222,0.093469125
19.70472222,74.63027778,0.080125157
19.705,74.79527778,0.122427068
19.70555556,74.62527778,0.107579987
19.70555556,74.64583333,0.214423755
19.70555556,75.56277778,0.063038744
19.70555556,75.72027778,0.039295684
19.70583333,75.99027778,0.053406546
19.70611111,74.62277778,0.128347495
19.70611111,75.10361111,0.042179208
19.70611111,75.20666667,0.074910273
19.70611111,75.58333333,0.050676401
19.70638889,75.21361111,0.068253627
19.70638889,75.60833333,0.020000614
19.70666667,75.28611111,0.067486733
19.7075,75.22361111,0.040031903
19.70805556,74.85361111,0.049694776
19.70833333,75.26222222,0.079388938
19.70833333,76.36694444,0.051903433
19.70861111,74.63027778,0.102365103
19.70861111,75.27027778,0.053406546
19.70861111,76.09916667,0.050430995
19.70888889,74.24638889,0.015092487
19.70916667,74.62111111,0.107579987
19.70944444,74.62111111,0.120187736
19.70944444,74.84138889,0.051167214
19.70944444,75.21,0.057118317
19.70944444,75.22083333,0.053406546
19.70944444,75.25833333,0.030399706
19.70944444,75.30833333,0.084573146
19.70972222,75.21083333,0.055615203
19.70972222,75.62194444,0.028896592
19.70972222,76.18055556,0.035583914
19.71,74.61861111,0.149145679
19.71,74.62111111,0.117212184
19.71,75.23444444,0.121660174
19.71,76.31972222,0.054142765
19.71027778,75.21305556,0.079388938
19.71027778,75.21972222,0.080861376
19.71027778,75.35777778,0.043007454
19.71055556,74.64194444,0.108316206
19.71111111,74.67166667,0.077149606
19.71111111,75.2725,0.063038744
19.71138889,75.31861111,0.083836928
19.71138889,75.3625,0.050430995
19.71138889,75.68527778,0.033007147
19.71166667,75.21166667,0.078530016
19.71166667,75.22611111,0.065278076
19.71166667,75.28388889,0.016104788
19.71194444,75.22027778,0.043743673
19.7125,75.33916667,0.068989846
19.71277778,75.215,0.060093868
19.71305556,74.64694444,0.167673855
19.71333333,75.2075,0.081597595
19.71333333,75.67111111,0.090493573
19.71361111,75.22611111,0.047455443
19.71361111,75.52111111,0.070462284
19.71361111,75.71722222,0.024448603
19.71388889,75.16777778,0.049694776
19.71388889,75.18722222,0.081597595
19.71388889,75.25722222,0.036320133
19.71388889,75.32027778,0.054878984
19.71388889,75.32194444,0.118715298
19.71388889,75.35027778,0.065278076
19.71388889,75.45555556,0.042271235
19.71388889,75.46833333,0.055615203
19.71388889,75.48388889,0.076413387
19.71388889,76.38333333,0.062302525
19.71416667,74.71972222,0.241142366
19.71416667,75.21166667,0.081597595
19.71444444,75.22638889,0.055615203
19.715,75.05472222,0.025246173
19.71527778,75.15166667,0.083100709
19.71527778,75.70305556,0.043743673
19.71555556,74.61555556,0.079388938
19.71555556,74.65972222,0.032761741
19.71611111,74.4325,0.0155833
19.71638889,74.77638889,0.016902359
19.71666667,74.01833333,0.185557839
19.71666667,74.16666667,0.125371944
19.71666667,74.16888889,0.155464892
19.71666667,74.16916667,0.150464738
19.71694444,75.40111111,0.077885825
19.71694444,75.43361111,0.074910273
19.71694444,75.43444444,0.105340655
19.71694444,75.43888889,0.081597595
19.71777778,75.2125,0.089757355
19.71777778,76.23527778,0.070462284
19.71777778,76.35333333,0.037823246
19.71805556,74.33083333,0.015859382
19.71805556,75.77638889,0.065278076
19.71833333,75.48138889,0.033988773
19.71861111,75.26694444,0.076413387
19.71861111,75.43444444,0.054786957
19.71861111,75.43638889,0.132059266
19.71861111,75.43722222,0.089021136
19.71861111,75.44,0.080125157
19.71861111,75.4475,0.063805638
19.71916667,75.80194444,0.045246787
19.71944444,74.7225,0.079634345
19.71944444,75.43361111,0.074174054
19.71944444,75.43527778,0.094205344
19.71944444,75.73888889,0.027424154
19.71944444,76.38611111,0.074174054
19.72055556,75.60805556,0.022976165
19.72083333,75.22583333,0.068253627
19.72111111,74.7225,0.050430995
19.72138889,75.21,0.031872143
19.72166667,75.21083333,0.061566306
19.72194444,74.64138889,0.123899506
19.72194444,75.21583333,0.093469125
19.72194444,75.275,0.071198503
19.72222222,74.64305556,0.140219025
19.72222222,76.23472222,0.086045584
19.72277778,75.28722222,0.057854535
19.72305556,75.27277778,0.077149606
19.72333333,73.97805556,0.075125004
19.72361111,74.98666667,0.017669254
19.72361111,75.21,0.062302525
19.72416667,74.64472222,0.128347495
19.72416667,75.75611111,0.021503727
19.72472222,74.85583333,0.074910273
19.725,75.2125,0.053406546
19.725,76.36666667,0.025215497
19.72583333,74.52333333,0.023068192
19.72611111,75.01194444,0.018896285
19.72638889,75.34194444,0.045983006
19.72638889,75.70916667,0.062302525
19.72777778,74.73944444,0.031258628
19.72777778,74.85611111,0.069726065
19.72777778,75.43361111,0.061566306
19.72777778,75.43444444,0.089757355
19.72805556,74.62527778,0.123899506
19.72833333,75.59333333,0.035583914
19.72888889,74.60722222,0.146170128
19.72888889,75.67833333,0.066750514
19.72916667,74.62166667,0.243381699
19.72916667,74.62277778,0.121660174
19.72944444,74.59666667,0.018988313
19.72972222,74.61222222,0.135034817
19.72972222,74.62166667,0.15285745
19.72972222,75.22583333,0.060093868
19.73055556,74.60083333,0.106076874
19.73055556,74.61138889,0.155802325
19.73055556,74.63277778,0.107579987
19.73055556,75.71861111,0.043743673
19.73055556,76.11694444,0.049694776
19.73083333,74.63972222,0.129083714
19.73083333,75.21194444,0.066750514
19.73083333,75.59444444,0.060093868
19.73083333,75.63972222,0.074910273
19.73138889,75.58694444,0.062302525
19.73166667,75.22583333,0.069726065
19.73166667,75.51472222,0.011319366
19.73194444,74.57944444,0.03895825
19.73194444,75.65472222,0.035583914
19.73194444,75.86861111,0.011319366
19.73222222,75.02555556,0.066014295
19.7325,75.06805556,0.107579987
19.73333333,74.64916667,0.16844075
19.73333333,75.43333333,0.040798798
19.73333333,75.43444444,0.073437836
19.73333333,75.59166667,0.061566306
19.73361111,75.40111111,0.011840854
19.73361111,75.43361111,0.046903279
19.73361111,75.46777778,0.013313292
19.73361111,75.63333333,0.022239946
19.73361111,75.68,0.050430995
19.73388889,74.00083333,0.160495721
19.73388889,74.03416667,0.177888892
19.73416667,74,0.24577441
19.73416667,74.00277778,0.140433756
19.73416667,75.69277778,0.030399706
19.73444444,74.00027778,0.486487316
19.73444444,74.00055556,0.446302034
19.73444444,74.00083333,0.300929476
19.73444444,74.00111111,0.300929476
19.73444444,74.00138889,0.130402773
19.73444444,74.00166667,0.060155219
19.73444444,74.00194444,0.070186202
19.73444444,74.00222222,0.155464892
19.73444444,74.0025,0.300929476
19.73444444,74.00527778,0.095278996
19.73444444,74.01666667,0.021902512
19.73444444,74.01694444,0.145433909
19.73444444,74.01722222,0.170526703
19.73444444,74.0175,0.10027915
19.73444444,74.01777778,0.185557839
19.73444444,74.01805556,0.090248167
19.73444444,74.01833333,0.180557686
19.73444444,74.01861111,0.095278996
19.73444444,74.01888889,0.145433909
19.73444444,74.01916667,0.230712599
19.73472222,74.03416667,0.220681616
19.73527778,74.75722222,0.419920856
19.73555556,75.96805556,0.035583914
19.73583333,74.6325,0.106076874
19.73583333,75.51722222,0.037301758
19.73583333,75.58416667,0.024019142
19.73583333,75.88972222,0.02766956
19.73611111,74.00222222,0.045124084
19.73611111,74.01888889,0.200619651
19.73611111,75.10027778,0.050430995
19.73611111,75.34416667,0.077149606
19.73611111,75.35027778,0.042271235
19.73611111,75.355,0.042271235
19.73611111,75.40027778,0.022976165
19.73611111,76.34972222,0.066750514
19.73638889,75.40111111,0.008129084
19.73638889,75.52416667,0.139360103
19.73638889,75.59333333,0.027424154
19.73638889,75.74722222,0.031135924
19.73666667,75.40027778,0.016288843
19.73666667,75.62138889,0.089021136
19.73694444,75.22611111,0.088284917
19.73722222,75.63555556,0.057854535
19.73861111,75.29777778,0.105340655
19.73888889,76.01777778,0.058590754
19.73916667,73.61444444,0.069726065
19.73916667,75.22055556,0.037087027
19.73916667,75.38,0.051167214
19.73916667,75.44638889,0.01012301
19.73916667,75.83055556,0.071198503
19.73944444,74.87583333,0.023313599
19.73972222,74.63027778,0.107579987
19.73972222,76.03777778,0.080861376
19.74027778,74.67611111,0.058253321
19.74027778,76.35944444,0.058590754
19.74055556,74.9725,0.013497347
19.74111111,74.88111111,0.018742906
19.74138889,76.08444444,0.014110862
19.74166667,75.32055556,0.045983006
19.74166667,75.95944444,0.027424154
19.74194444,75.22138889,0.027822939
19.74194444,76.22222222,0.106076874
19.74222222,75.10194444,0.034540937
19.74222222,75.67305556,0.139482806
19.7425,75.04305556,0.020614129
19.74277778,74.64,0.106843768
19.74305556,75.14888889,0.019111016
19.74305556,75.31444444,0.060093868
19.74305556,75.50861111,0.024755361
19.74361111,75.73444444,0.013466671
19.74472222,75.40111111,0.014816405
19.74555556,74.62055556,0.109052425
19.74555556,75.28138889,0.012024909
19.74583333,75.26666667,0.079388938
19.74583333,75.60555556,0.022239946
19.74611111,74.5225,0.021012915
19.74638889,74.63916667,0.127611276
19.74722222,74.85166667,0.051167214
19.74722222,75.25583333,0.036320133
19.74722222,75.72083333,0.035583914
19.74722222,76.12194444,0.040031903
19.7475,75.20444444,0.096444676
19.74777778,74.6325,0.125371944
19.74777778,76.20111111,0.039295684
19.74833333,75.585,0.083836928
19.74916667,74.61333333,0.110555539
19.74944444,74.63472222,0.139482806
19.74972222,74.61194444,0.136507255
19.74972222,75.75083333,0.024448603
19.75027778,74.16861111,0.140433756
19.75027778,74.18527778,0.349673303
19.75027778,74.18555556,0.315929937
19.75027778,74.18583333,0.120341115
19.75055556,74.01666667,0.381269364
19.75055556,74.18527778,0.079726372
19.75055556,74.18555556,0.065186049
19.75055556,74.18583333,0.105279303
19.75055556,75.01555556,0.070462284
19.75055556,75.79944444,0.019264395
19.75055556,76.2125,0.013528022
19.75083333,73.81666667,0.235712752
19.75083333,74,0.165495874
19.75083333,74.00111111,0.105309979
19.75083333,74.01666667,0.155464892
19.75083333,74.01694444,0.341084082
19.75083333,74.01722222,0.155464892
19.75083333,74.0175,0.105309979
19.75083333,74.01944444,0.10027915
19.75083333,74.02083333,0.305960306
19.75083333,74.06944444,0.376177183
19.75083333,74.16666667,0.095278996
19.75083333,74.16694444,0.130402773
19.75083333,74.18472222,0.090248167
19.75083333,74.185,0.135402926
19.75083333,74.18527778,0.045124084
19.75083333,74.18555556,0.135402926
19.75083333,74.18583333,0.175526857
19.75083333,74.30166667,0.295929323
19.75111111,74.18555556,0.138010368
19.75138889,74.06805556,0.070186202
19.75138889,74.18583333,0.055155066
19.75138889,74.30083333,0.130372097
19.75138889,75.70444444,0.098684009
19.75138889,75.89805556,0.076413387
19.75138889,75.97638889,0.066535783
19.75166667,74.16861111,0.067456057
19.75166667,74.185,0.110310132
19.75166667,74.18555556,0.095064266
19.75166667,74.18583333,0.065186049
19.75166667,74.30111111,0.18052701
19.75166667,74.64083333,0.158041658
19.75166667,75.28555556,0.130402773
19.75194444,74.18555556,0.150464738
19.75194444,74.18583333,0.175526857
19.75222222,74.18555556,0.115340961
19.75222222,74.18583333,0.160495721
19.75222222,74.25083333,0.263781098
19.7525,73.7525,0.371146354
19.7525,73.81666667,0.040093254
19.7525,73.82472222,0.371146354
19.7525,73.98583333,0.080094481
19.7525,73.99138889,0.050124237
19.7525,74.18416667,0.075217031
19.7525,74.18555556,0.080217185
19.7525,74.2525,0.055155066
19.7525,74.61222222,0.126138839
19.7525,75.17388889,0.026687935
19.75277778,74.18388889,0.170526703
19.75277778,74.18555556,0.125740053
19.75277778,74.63277778,0.100892665
19.75277778,75.43361111,0.105340655
19.75277778,75.43444444,0.071198503
19.75277778,75.64166667,0.022976165
19.75277778,75.95416667,0.027424154
19.75305556,74.62527778,0.101628884
19.75305556,75.32027778,0.065278076
19.75333333,75.50416667,0.013374643
19.75361111,75.20111111,0.091260468
19.75361111,75.77027778,0.039295684
19.75416667,74.63805556,0.22335041
19.75416667,75.59777778,0.094972238
19.75444444,75.4375,0.080861376
19.75444444,75.59972222,0.060830087
19.75527778,74.6125,0.23448572
19.75527778,74.615,0.140219025
19.75555556,75.61194444,0.044510568
19.75555556,75.63916667,0.037823246
19.75555556,75.73888889,0.029663487
19.75555556,75.79833333,0.037823246
19.75555556,75.80833333,0.060093868
19.75583333,74.6225,0.113500414
19.75611111,74.64222222,0.110555539
19.75611111,75.42388889,0.091260468
19.75611111,76.37666667,0.036320133
19.75638889,75.38,0.040031903
19.75638889,75.71027778,0.016779656
19.75638889,75.80277778,0.086045584
19.75638889,75.80638889,0.054142765
19.75638889,75.86805556,0.121660174
19.75694444,75.255,0.089021136
19.75694444,75.26277778,0.043743673
19.75694444,75.4875,0.035583914
19.75694444,75.58111111,0.081597595
19.75722222,74.64222222,0.178809166
19.75722222,75.42388889,0.058590754
19.75722222,75.80527778,0.072701617
19.75722222,75.82083333,0.094972238
19.7575,74.61388889,0.135771036
19.7575,75.10555556,0.025982392
19.75833333,75.32972222,0.102365103
19.75833333,76.29361111,0.030399706
19.75861111,74.01666667,0.140433756
19.75888889,75.73388889,0.051903433
19.75888889,75.90388889,0.026197123
19.75916667,74.64083333,0.138746587
19.75944444,74.64083333,0.124635725
19.75972222,75.31194444,0.049694776
19.75972222,75.76305556,0.027362803
19.76,75.48444444,0.09015614
19.76027778,74.63,0.071965398
19.76027778,75.44111111,0.052670327
19.76166667,74.64,0.167673855
19.76166667,75.70472222,0.052670327
19.76194444,74.84416667,0.091996687
19.76194444,75.77972222,0.042179208
19.76277778,75.51111111,0.089021136
19.76333333,76.14222222,0.094972238
19.76361111,74.62555556,0.109788644
19.76388889,75.05833333,0.088284917
19.76388889,75.15333333,0.029080647
19.76388889,75.43833333,0.039295684
19.76416667,74.63111111,0.022945489
19.76416667,75.46833333,0.071198503
19.76416667,75.48333333,0.047455443
19.76472222,74.59472222,0.019540477
19.76472222,74.635,0.100892665
19.76472222,74.63805556,0.18031228
19.76472222,75.75194444,0.107579987
19.765,74.63083333,0.115003528
19.765,74.63916667,0.109788644
19.76527778,74.77333333,0.095708457
19.76555556,74.64,0.110555539
19.76555556,75.81527778,0.053406546
19.76583333,74.39388889,0.055185742
19.76583333,74.59972222,0.064388478
19.76583333,75.44111111,0.074174054
19.76611111,75.73972222,0.081597595
19.76611111,76.1525,0.014816405
19.76638889,74.615,0.133562379
19.76638889,75.84666667,0.058590754
19.76666667,75.46916667,0.073437836
19.76694444,75.40111111,0.063038744
19.76694444,75.42083333,0.109788644
19.76694444,75.43361111,0.106076874
19.76694444,75.43444444,0.146170128
19.76694444,75.62944444,0.025951716
19.76694444,76.24694444,0.083836928
19.76722222,74.18361111,0.075217031
19.76722222,74.18527778,0.098131845
19.76722222,75.25583333,0.017025062
19.76722222,75.27194444,0.045983006
19.7675,74.16805556,0.125371944
19.7675,74.18333333,0.090248167
19.7675,74.18527778,0.075186355
19.7675,74.26777778,0.214699837
19.7675,75.76055556,0.024448603
19.76777778,74.18361111,0.120341115
19.76777778,74.18527778,0.150464738
19.76777778,75.40027778,0.011104635
19.76777778,75.46777778,0.014816405
19.76777778,75.65027778,0.100892665
19.76805556,74.18527778,0.085248014
19.76805556,75.19694444,0.055185742
19.76805556,75.23888889,0.030399706
19.76805556,75.28166667,0.023712384
19.76805556,75.71777778,0.140219025
19.76833333,74.18388889,0.095064266
19.76833333,75.47666667,0.054878984
19.76861111,74.18416667,0.115340961
19.76861111,74.18527778,0.110310132
19.76861111,75.09666667,0.016564925
19.76861111,75.25916667,0.019264395
19.76861111,75.43333333,0.066014295
19.76861111,75.43444444,0.083836928
19.76861111,75.43527778,0.126138839
19.76861111,75.48361111,0.044510568
19.76888889,75.24833333,0.039295684
19.76888889,75.90972222,0.047455443
19.76916667,74.18444444,0.150464738
19.76916667,75.24527778,0.015552624
19.76916667,75.2725,0.046719225
19.76944444,75.40027778,0.010368416
19.76972222,75.21416667,0.022976165
19.76972222,75.25444444,0.031872143
19.77,75.25666667,0.022976165
19.77027778,75.23638889,0.031872143
19.77083333,74.87611111,0.014939109
19.77083333,75.25583333,0.022976165
19.77083333,75.25861111,0.032608362
19.77111111,75.25388889,0.032608362
19.77111111,75.80527778,0.028160373
19.77138889,75.25527778,0.046719225
19.77138889,75.26138889,0.037823246
19.77166667,75.23638889,0.037823246
19.77166667,75.23833333,0.039295684
19.77166667,75.23916667,0.050430995
19.77166667,75.24722222,0.024448603
19.77194444,75.22166667,0.050430995
19.77194444,75.24416667,0.018528176
19.77194444,75.24472222,0.013313292
19.77194444,75.24916667,0.033375257
19.77222222,75.20361111,0.086781803
19.77222222,75.24388889,0.023712384
19.77222222,75.24555556,0.022976165
19.77222222,75.25805556,0.059326973
19.77222222,75.96055556,0.018528176
19.7725,75.26305556,0.028896592
19.7725,75.60888889,0.021012915
19.77277778,75.21611111,0.035583914
19.77277778,75.23638889,0.028160373
19.77277778,75.23888889,0.018528176
19.77277778,75.24666667,0.020736832
19.77277778,75.27611111,0.027424154
19.77277778,75.70916667,0.044510568
19.77305556,75.26166667,0.018528176
19.77305556,75.62722222,0.021503727
19.77333333,75.24027778,0.034847695
19.77333333,75.24194444,0.032608362
19.77333333,75.92944444,0.067486733
19.77361111,75.24194444,0.032608362
19.77361111,75.26305556,0.021503727
19.77388889,75.24055556,0.035583914
19.77388889,75.24611111,0.030399706
19.77388889,75.24694444,0.017025062
19.77388889,75.24777778,0.034847695
19.77388889,75.27805556,0.020736832
19.77388889,75.78222222,0.008129084
19.77416667,75.23972222,0.031135924
19.77416667,75.27472222,0.017791957
19.77444444,75.24111111,0.028160373
19.77444444,75.25722222,0.046719225
19.77444444,75.26277778,0.118715298
19.77444444,75.39222222,0.024479279
19.77444444,75.50972222,0.063038744
19.77472222,74.64222222,0.122427068
19.77472222,74.66888889,0.009938955
19.77472222,75.24138889,0.020000614
19.77472222,75.25805556,0.015552624
19.775,74.61055556,0.167673855
19.775,75.51638889,0.064541857
19.775,75.73888889,0.030399706
19.77527778,75.23972222,0.043007454
19.77527778,75.24194444,0.031872143
19.77527778,75.24277778,0.039295684
19.77527778,75.24333333,0.017025062
19.77527778,75.71777778,0.062302525
19.77527778,75.90166667,0.043743673
19.77527778,76.33861111,0.026687935
19.77555556,75.24583333,0.046719225
19.77555556,75.25833333,0.020736832
19.77583333,73.67305556,0.038007301
19.77583333,74.40305556,0.014601675
19.77583333,75.26416667,0.020000614
19.77611111,75.24833333,0.025215497
19.77638889,75.24333333,0.047455443
19.77666667,75.23638889,0.020000614
19.77666667,75.76722222,0.073437836
19.77694444,75.24194444,0.018528176
19.77722222,74.63916667,0.161753428
19.77722222,75.24666667,0.054142765
19.7775,75.23694444,0.016288843
19.7775,75.25027778,0.017791957
19.77777778,75.40111111,0.011104635
19.77777778,75.49166667,0.066750514
19.77805556,75.24333333,0.789564097
19.77805556,75.245,0.043007454
19.77805556,75.25972222,0.050430995
19.77833333,75.24277778,0.024448603
19.77833333,75.25305556,0.021503727
19.77833333,75.26861111,0.023712384
19.77833333,75.63583333,0.028896592
19.77861111,75.24555556,0.017791957
19.77861111,75.26416667,0.045246787
19.77888889,75.26,0.032608362
19.77916667,75.34111111,0.050430995
19.77944444,75.82194444,0.089757355
19.77972222,74.64666667,0.021565079
19.77972222,74.80638889,0.022086567
19.78,75.23694444,0.045983006
19.78,75.23777778,0.031872143
19.78055556,75.48333333,0.056382098
19.78083333,74.60722222,0.115739747
19.78083333,75.2475,0.031872143
19.78083333,75.32194444,0.042271235
19.78111111,75.23944444,0.035583914
19.78111111,75.25055556,0.028160373
19.78111111,75.26555556,0.021503727
19.78111111,75.71444444,0.071965398
19.78138889,74.64694444,0.124635725
19.78138889,74.85888889,0.080861376
19.78138889,75.24194444,0.019264395
19.78138889,75.245,0.052670327
19.78166667,74.85888889,0.043007454
19.78166667,75.44166667,0.045983006
19.78194444,75.23916667,0.044510568
19.78194444,75.24027778,0.028160373
19.78222222,75.20527778,0.031872143
19.7825,75.24638889,0.025215497
19.7825,75.24833333,0.029663487
19.78277778,75.24055556,0.025951716
19.78277778,75.25972222,0.021503727
19.78305556,75.24583333,0.021503727
19.78305556,75.24833333,0.020736832
19.78333333,74.18361111,0.460106138
19.78333333,74.78888889,0.121660174
19.78361111,75.24138889,0.046719225
19.78388889,74.18333333,0.110310132
19.78388889,74.18361111,0.20856468
19.78388889,75.23722222,0.031135924
19.78416667,74.18361111,0.576674131
19.78416667,75.24194444,0.023712384
19.78444444,74.18361111,0.438633087
19.78444444,74.61666667,0.132795485
19.78444444,75.25222222,0.023712384
19.78444444,75.61666667,0.061566306
19.78444444,75.71777778,0.051167214
19.78472222,74.18361111,0.469308875
19.78472222,75.24277778,0.021503727
19.78472222,75.77416667,0.027730912
19.78527778,74.18361111,0.453970981
19.78527778,75.24194444,0.015552624
19.78527778,75.24333333,0.046719225
19.78527778,75.27194444,0.036320133
19.78527778,75.62416667,0.041535016
19.78555556,74.18361111,0.456425044
19.78555556,75.78638889,0.077885825
19.78555556,75.96055556,0.080861376
19.78583333,75.24388889,0.017025062
19.78583333,75.93666667,0.111291757
19.78611111,74.18361111,0.295929323
19.78611111,74.84972222,0.050430995
19.78611111,75.43388889,0.091996687
19.78638889,74.62555556,0.045246787
19.78638889,75.215,0.065278076
19.78666667,75.24388889,0.030399706
19.78666667,75.61722222,0.053406546
19.78722222,74.77833333,0.089021136
19.78722222,74.84166667,0.040031903
19.78722222,75.21305556,0.060093868
19.78722222,75.25027778,0.040031903
19.78722222,75.255,0.018528176
19.7875,75.245,0.023712384
19.78777778,74.62111111,0.109788644
19.78861111,74.63472222,0.125371944
19.78888889,75.46666667,0.057854535
19.78888889,75.46916667,0.055615203
19.78916667,74.62611111,0.050430995
19.78944444,75.24833333,0.043007454
19.78944444,75.25027778,0.045246787
19.78944444,75.64305556,0.020736832
19.78972222,75.24027778,0.024448603
19.78972222,75.65277778,0.045246787
19.79,74.87388889,0.077885825
19.79,75.24916667,0.043007454
19.79,75.33,0.018528176
19.79027778,75.24944444,0.045246787
19.79027778,75.26972222,0.017025062
19.79083333,75.85638889,0.091260468
19.79083333,76.36055556,0.068989846
19.79111111,74.87277778,0.057854535
19.79111111,75.24833333,0.028160373
19.79111111,75.24888889,0.018528176
19.79138889,74.77277778,0.069726065
19.79138889,75.24694444,0.046719225
19.79166667,75.16611111,0.024448603
19.79194444,75.24888889,0.028160373
19.79222222,74.79055556,0.101628884
19.79222222,75.24472222,0.023712384
19.79222222,75.24888889,0.018528176
19.7925,75.23833333,0.014816405
19.7925,75.27527778,0.030399706
19.79277778,75.63777778,0.065278076
19.79361111,75.24833333,0.014816405
19.79388889,74.77916667,0.089082487
19.79472222,75.63833333,0.015552624
19.79527778,74.79361111,0.115739747
19.79694444,74.85916667,0.056382098
19.79777778,74.84944444,0.056382098
19.79861111,74.56388889,0.01733182
19.79944444,75.70194444,0.019509801
19.80027778,74.18333333,0.120341115
19.80027778,75.40444444,0.020399399
19.80027778,75.46916667,0.066750514
19.80055556,74.18333333,0.414092457
19.80055556,75.28944444,0.043743673
19.80055556,75.30861111,0.054142765
19.80083333,74.18333333,0.475444032
19.80083333,75.28777778,0.054142765
19.80083333,75.28972222,0.035583914
19.80111111,74.18333333,0.336175956
19.80111111,75.28638889,0.049694776
19.80111111,75.29472222,0.036320133
19.80138889,74.18333333,0.280867511
19.80138889,75.29305556,0.060830087
19.80138889,75.29333333,0.037087027
19.80166667,74.18333333,0.309794779
19.80166667,76.01055556,0.075677168
19.80194444,74.18333333,0.414092457
19.80194444,74.7525,0.053038437
19.80194444,75.28861111,0.057854535
19.80222222,74.18333333,0.279118991
19.80222222,74.18611111,0.300929476
19.80222222,75.28916667,0.048958557
19.80222222,76.3725,0.051167214
19.8025,74.18555556,0.205497101
19.8025,75.29,0.059326973
19.8025,75.29055556,0.071198503
19.80305556,75.29277778,0.032608362
19.80333333,74.87222222,0.081597595
19.80333333,75.28972222,0.054142765
19.80333333,75.52277778,0.018221418
19.80388889,75.29055556,0.057118317
19.80416667,75.29,0.057118317
19.80444444,75.28861111,0.034847695
19.80444444,75.29277778,0.047455443
19.80472222,75.28833333,0.033375257
19.80472222,75.29472222,0.087548698
19.80472222,75.295,0.053406546
19.80472222,75.3025,0.051167214
19.80472222,75.30527778,0.054142765
19.805,75.29305556,0.065278076
19.805,75.29333333,0.045983006
19.805,75.29388889,0.044510568
19.805,75.45805556,0.065278076
19.80527778,75.2875,0.043743673
19.80527778,75.29277778,0.042271235
19.80527778,75.29472222,0.070462284
19.80555556,74.61388889,0.026166447
19.80555556,75.49611111,0.033375257
19.80611111,75.30805556,0.060093868
19.80638889,74.86972222,0.037823246
19.80638889,75.29,0.049694776
19.80638889,75.29055556,0.053406546
19.80638889,75.29416667,0.037823246
19.80666667,75.28833333,0.039295684
19.80666667,75.29361111,0.026687935
19.80666667,75.61861111,0.031872143
19.80666667,75.62861111,0.034111476
19.80694444,75.29472222,0.025951716
19.80694444,75.46055556,0.074910273
19.80722222,75.28722222,0.031872143
19.80722222,75.29277778,0.063038744
19.8075,75.28777778,0.073437836
19.8075,75.29611111,0.048191662
19.80777778,75.28916667,0.028160373
19.80777778,75.29472222,0.045983006
19.80777778,75.30805556,0.028896592
19.80805556,75.28944444,0.065278076
19.80805556,75.29277778,0.054878984
19.80805556,75.29666667,0.056382098
19.80805556,75.29888889,0.039295684
19.80805556,75.75333333,0.017025062
19.80805556,75.87944444,0.085309365
19.80833333,75.25027778,0.043743673
19.80861111,74.75361111,0.085248014
19.80888889,75.28833333,0.040798798
19.80888889,75.29,0.048191662
19.80916667,75.29,0.045246787
19.80916667,75.29555556,0.036320133
19.80944444,75.28638889,0.029663487
19.80944444,75.29,0.048191662
19.80972222,75.21555556,0.066750514
19.81,74.62722222,0.100892665
19.81,75.28833333,0.040031903
19.81,75.28861111,0.056382098
19.81,75.28916667,0.043743673
19.81,75.28972222,0.064541857
19.81,75.29861111,0.032608362
19.81,75.62,0.037087027
19.81027778,75.29277778,0.066014295
19.81027778,75.29527778,0.043007454
19.81055556,75.28694444,0.054142765
19.81055556,75.28777778,0.037087027
19.81055556,75.2925,0.043007454
19.81055556,75.29361111,0.109788644
19.81055556,75.29638889,0.025951716
19.81083333,74.61583333,0.17215252
19.81083333,75.28833333,0.050430995
19.81083333,75.28972222,0.054142765
19.81083333,75.64194444,0.077149606
19.81138889,75.28861111,0.047455443
19.81138889,75.29111111,0.051903433
19.81138889,75.61666667,0.037087027
19.81166667,75.28805556,0.044510568
19.81166667,75.28833333,0.040798798
19.81166667,75.29055556,0.030399706
19.81166667,75.29222222,0.068253627
19.81166667,75.29277778,0.072701617
19.81166667,75.29472222,0.046719225
19.81166667,75.30194444,0.043743673
19.81166667,75.30361111,0.065278076
19.81166667,75.61861111,0.039295684
19.81166667,75.79444444,0.020153992
19.81166667,76.07305556,0.022945489
19.81194444,75.28638889,0.044510568
19.81194444,75.29194444,0.067486733
19.81194444,75.29472222,0.053406546
19.81194444,75.29916667,0.020736832
19.81222222,75.28638889,0.045246787
19.81222222,75.29055556,0.050430995
19.81222222,75.29138889,0.051903433
19.81222222,75.29277778,0.054878984
19.81222222,75.2975,0.062302525
19.8125,75.28861111,0.046719225
19.8125,75.29472222,0.051167214
19.81277778,75.28972222,0.049694776
19.81277778,75.29,0.113500414
19.81277778,75.29166667,0.056382098
19.81305556,75.28638889,0.044510568
19.81305556,75.28861111,0.047455443
19.81305556,75.29166667,0.057854535
19.81305556,75.295,0.028896592
19.81305556,75.29555556,0.062302525
19.81305556,75.29638889,0.060830087
19.81333333,75.28944444,0.048958557
19.81333333,75.29194444,0.062302525
19.81333333,75.29888889,0.021503727
19.81333333,75.30083333,0.035583914
19.81333333,76.25694444,0.018528176
19.81361111,75.29555556,0.068989846
19.81361111,75.29722222,0.044510568
19.81361111,75.30027778,0.028896592
19.81416667,75.28833333,0.030399706
19.81416667,75.29055556,0.032608362
19.81416667,75.29388889,0.066750514
19.81416667,75.295,0.064541857
19.81416667,75.29666667,0.058590754
19.81416667,75.29694444,0.059326973
19.81444444,75.21805556,0.041535016
19.81444444,75.29333333,0.043743673
19.81444444,75.29666667,0.050430995
19.81444444,75.30222222,0.057854535
19.81472222,75.28833333,0.060093868
19.81472222,75.28944444,0.051167214
19.81472222,75.29527778,0.046719225
19.81472222,75.30138889,0.044510568
19.815,75.29194444,0.031872143
19.815,75.29638889,0.071198503
19.815,75.2975,0.068989846
19.815,75.3,0.045246787
19.81527778,75.29277778,0.062302525
19.81555556,75.29305556,0.042271235
19.81555556,75.29388889,0.051903433
19.81555556,75.29805556,0.068989846
19.81555556,75.29888889,0.070462284
19.81583333,75.28861111,0.047455443
19.81583333,75.29,0.025215497
19.81583333,75.29666667,0.041535016
19.81583333,75.29722222,0.038559465
19.81583333,75.30305556,0.039295684
19.81611111,74.97,0.029540783
19.81611111,75.29111111,0.017791957
19.81611111,75.29166667,0.028160373
19.81611111,75.29194444,0.040031903
19.81611111,75.29472222,0.073437836
19.81638889,75.28833333,0.046719225
19.81638889,75.29805556,0.068253627
19.81638889,75.29833333,0.040031903
19.81638889,75.29916667,0.066750514
19.81666667,75.29194444,0.037823246
19.81666667,75.29666667,0.070462284
19.81666667,75.30055556,0.045983006
19.81694444,75.28805556,0.043007454
19.81694444,75.295,0.042271235
19.81694444,75.30027778,0.039295684
19.81694444,75.72083333,0.012577073
19.81722222,75.29666667,0.045246787
19.81722222,75.29861111,0.058590754
19.81722222,75.31333333,0.069726065
19.8175,75.28416667,0.050430995
19.8175,75.29361111,0.053406546
19.81777778,75.28833333,0.057854535
19.81777778,75.29138889,0.035583914
19.81777778,75.2975,0.042271235
19.81777778,75.30861111,0.071965398
19.81777778,75.31166667,0.105340655
19.81805556,75.28777778,0.054142765
19.81805556,75.28972222,0.028896592
19.81833333,75.29527778,0.031135924
19.81833333,75.29916667,0.042271235
19.81833333,75.31138889,0.080861376
19.81833333,75.42027778,0.091996687
19.81861111,75.29083333,0.032608362
19.81861111,75.29888889,0.016288843
19.81861111,76.05861111,0.029663487
19.81888889,75.29333333,0.073437836
19.81888889,75.29916667,0.032608362
19.81916667,75.28722222,0.040798798
19.81916667,75.295,0.071198503
19.81916667,75.30111111,0.047455443
19.81916667,75.91083333,0.102365103
19.81972222,75.29277778,0.021503727
19.81972222,75.29638889,0.037823246
19.82,75.29388889,0.043007454
19.82,75.3,0.033375257
19.82055556,75.28861111,0.035583914
19.82055556,75.29166667,0.025215497
19.82055556,75.29333333,0.028896592
19.82055556,75.42555556,0.010153686
19.82055556,75.70861111,0.019724531
19.82083333,74.87666667,0.012699776
19.82083333,75.29694444,0.048191662
19.82083333,75.29916667,0.032608362
19.82083333,75.31305556,0.065278076
19.82138889,75.32694444,0.020000614
19.82138889,75.42444444,0.048191662
19.82166667,75.27611111,0.041535016
19.82166667,75.28805556,0.040798798
19.82166667,75.28861111,0.031135924
19.82166667,75.29666667,0.038559465
19.82166667,75.31055556,0.096444676
19.82194444,75.29277778,0.065278076
19.82194444,75.29805556,0.033375257
19.82194444,75.48861111,0.047455443
19.82222222,75.14138889,0.039295684
19.8225,74.61888889,0.110555539
19.8225,74.87111111,0.083100709
19.8225,75.28777778,0.045983006
19.8225,75.28805556,0.050430995
19.8225,75.29472222,0.054142765
19.8225,75.295,0.036320133
19.8225,75.29611111,0.042271235
19.8225,75.30194444,0.034847695
19.8225,75.30722222,0.051903433
19.8225,75.60694444,0.071965398
19.82277778,75.28861111,0.029663487
19.82277778,75.3275,0.084573146
19.82305556,75.30555556,0.025951716
19.82305556,75.31361111,0.068989846
19.82333333,75.28916667,0.068989846
19.82333333,75.28944444,0.058590754
19.82333333,75.30472222,0.087548698
19.82361111,75.28777778,0.038559465
19.82361111,75.28916667,0.045983006
19.82361111,75.29277778,0.045983006
19.82361111,75.2975,0.066750514
19.82388889,75.05916667,0.018528176
19.82388889,75.3175,0.086045584
19.82416667,75.24916667,0.071965398
19.82416667,75.31583333,0.071965398
19.82416667,75.31666667,0.084573146
19.82416667,75.7425,0.020736832
19.82416667,76.27444444,0.060093868
19.82444444,75.32277778,0.081597595
19.82472222,75.3225,0.120187736
19.825,75.28916667,0.045246787
19.825,75.31361111,0.077885825
19.82527778,75.29055556,0.062302525
19.82527778,75.29388889,0.066750514
19.82527778,75.29611111,0.028160373
19.82527778,76.33416667,0.062302525
19.82555556,75.22888889,0.140464431
19.82555556,75.29,0.064541857
19.82555556,75.29194444,0.013313292
19.82555556,75.31055556,0.094972238
19.82555556,75.31166667,0.090493573
19.82583333,74.6525,0.003895825
19.82583333,75.2475,0.035583914
19.82638889,75.305,0.098684009
19.82638889,75.30861111,0.066750514
19.82666667,74.73805556,0.017669254
19.82666667,75.29138889,0.098684009
19.82694444,75.14111111,0.012822479
19.82694444,75.30333333,0.043743673
19.82694444,75.30888889,0.071965398
19.82722222,75.29138889,0.033375257
19.8275,75.28888889,0.016288843
19.8275,75.53361111,0.071198503
19.8275,75.63611111,0.028896592
19.82777778,75.62583333,0.050430995
19.82805556,75.30472222,0.094205344
19.82805556,75.31138889,0.085309365
19.82833333,75.30888889,0.102365103
19.82833333,75.31277778,0.115003528
19.82861111,75.30472222,0.107579987
19.82861111,75.305,0.080125157
19.82861111,75.32166667,0.080125157
19.82888889,75.14277778,0.01500046
19.82916667,75.31166667,0.099420228
19.82916667,75.32194444,0.086045584
19.82972222,74.71833333,0.080861376
19.83027778,75.30527778,0.118715298
19.83111111,75.42111111,0.050430995
19.83138889,75.30611111,0.071198503
19.83277778,75.315,0.103131998
19.83305556,75.31416667,0.095708457
19.83305556,75.62555556,0.053406546
19.83333333,75.96888889,0.117212184
19.83361111,74.675,0.065278076
19.83388889,74.03611111,0.139513482
19.83388889,74.08333333,0.140433756
19.83388889,74.16861111,0.139513482
19.83416667,74.08333333,0.140433756
19.83416667,74.16861111,0.115340961
19.83416667,75.31194444,0.077149606
19.83444444,74.08333333,0.13494279
19.83444444,74.16888889,0.140433756
19.83472222,74.16916667,0.265836375
19.83527778,75.30083333,0.071965398
19.83611111,75.73388889,0.066014295
19.83805556,74.41333333,0.02337495
19.83805556,75.78222222,0.037823246
19.83888889,75.065,0.019203043
19.83888889,75.06638889,0.015736679
19.83944444,75.05888889,0.021166293
19.83944444,75.06555556,0.021534403
19.83944444,75.06611111,0.018221418
19.84,74.98277778,0.026473205
19.84,75.05944444,0.026473205
19.84,75.06222222,0.020644805
19.84027778,74.85166667,0.066014295
19.84027778,75.06611111,0.028068346
19.84055556,75.06,0.027853615
19.84166667,75.5925,0.048191662
19.84166667,76.08888889,0.080125157
19.84166667,76.09861111,0.048958557
19.84194444,74.61555556,0.132059266
19.84194444,75.83611111,0.067486733
19.84222222,75.59138889,0.031135924
19.84444444,75.05222222,0.027945643
19.84444444,75.06388889,0.028006994
19.84444444,76.16944444,0.080125157
19.84472222,74.98222222,0.014509648
19.84472222,75.06555556,0.019755207
19.845,74.96583333,0.024786036
19.845,74.97222222,0.025246173
19.845,74.97833333,0.016074113
19.845,74.97888889,0.025552931
19.845,75.06444444,0.024601982
19.845,75.06611111,0.024786036
19.84527778,74.975,0.018650879
19.84555556,74.55416667,0.223902574
19.84555556,74.96583333,0.032516335
19.84555556,74.97888889,0.018650879
19.84555556,74.98222222,0.022914813
19.84555556,75.05944444,0.025552931
19.84555556,75.06444444,0.016258167
19.84555556,75.06555556,0.025829013
19.84555556,75.06638889,0.028559158
19.84555556,75.58611111,0.034847695
19.84611111,75.06611111,0.028344428
19.84888889,75.62083333,0.025951716
19.84944444,75.94416667,0.170649406
19.84972222,75.87805556,0.080861376
19.85055556,74.01722222,0.115340961
19.85055556,74.84777778,0.088284917
19.85111111,75.25361111,0.074910273
19.85111111,75.28444444,0.021012915
19.85138889,75.25638889,0.096444676
19.85333333,74.3025,0.019417774
19.85472222,75.65388889,0.022976165
19.855,75.255,0.102365103
19.85611111,75.83416667,0.065278076
19.85666667,75.05888889,0.012116936
19.8575,75.25194444,0.094205344
19.85777778,75.06055556,0.016380871
19.85777778,75.86777778,0.044510568
19.85805556,74.67916667,0.091996687
19.85833333,75.27611111,0.080861376
19.85861111,75.25027778,0.083836928
19.85888889,75.25416667,0.023221571
19.85888889,75.255,0.071965398
19.85916667,75.25083333,0.075677168
19.86,75.25027778,0.047455443
19.86,75.89888889,0.017209117
19.86,76.17194444,0.083836928
19.86027778,75.25083333,0.082333814
19.86027778,75.25166667,0.023221571
19.86027778,75.25388889,0.023221571
19.86027778,75.25472222,0.086781803
19.86055556,75.25111111,0.083836928
19.86055556,75.25333333,0.080861376
19.86055556,75.25694444,0.018804258
19.86111111,75.25361111,0.094972238
19.86166667,75.25277778,0.089757355
19.86166667,75.25333333,0.089021136
19.86166667,75.25472222,0.078622044
19.86166667,75.25638889,0.094972238
19.86166667,75.25666667,0.085309365
19.86166667,75.25694444,0.086045584
19.86194444,75.25138889,0.083836928
19.86194444,75.25333333,0.078622044
19.86194444,75.25416667,0.089757355
19.86194444,75.255,0.069726065
19.86194444,75.25611111,0.094205344
19.86194444,75.25638889,0.068989846
19.86194444,75.2575,0.090493573
19.86194444,75.27694444,0.091996687
19.86222222,74.975,0.01929507
19.86222222,75.25305556,0.079388938
19.86222222,75.25333333,0.081597595
19.86222222,75.25361111,0.089757355
19.86222222,75.25388889,0.090493573
19.86222222,75.25444444,0.089021136
19.86222222,75.25472222,0.091260468
19.86222222,75.255,0.089021136
19.86222222,75.25555556,0.083100709
19.86222222,75.25611111,0.084573146
19.86222222,75.25638889,0.071198503
19.86222222,75.25666667,0.103868217
19.86222222,75.25722222,0.077885825
19.86222222,75.2575,0.080861376
19.86222222,75.25916667,0.083100709
19.86222222,75.25944444,0.066750514
19.8625,75.25333333,0.099420228
19.8625,75.25416667,0.146170128
19.8625,75.25444444,0.095708457
19.8625,75.25527778,0.068253627
19.8625,75.25555556,0.095708457
19.8625,75.25638889,0.070462284
19.8625,75.25694444,0.071198503
19.8625,75.25777778,0.086781803
19.8625,75.25805556,0.083100709
19.8625,75.25833333,0.072701617
19.86277778,75.25416667,0.074910273
19.86277778,75.25472222,0.089757355
19.86277778,75.25555556,0.095708457
19.86277778,75.25583333,0.092732906
19.86277778,75.25611111,0.099420228
19.86277778,75.25666667,0.067486733
19.86277778,75.25694444,0.085309365
19.86277778,75.25722222,0.086781803
19.86277778,75.2575,0.072701617
19.86305556,75.25472222,0.091260468
19.86305556,75.255,0.072701617
19.86305556,75.25555556,0.083836928
19.86305556,75.25694444,0.077885825
19.86305556,75.25722222,0.089757355
19.86305556,75.2575,0.074910273
19.86305556,75.25805556,0.080861376
19.86333333,75.25416667,0.065278076
19.86333333,75.255,0.099420228
19.86333333,75.25583333,0.086045584
19.86333333,75.25638889,0.097917114
19.86333333,75.25666667,0.088284917
19.86333333,75.25722222,0.042271235
19.86333333,75.25777778,0.094972238
19.86333333,75.25833333,0.081597595
19.86361111,75.25388889,0.085309365
19.86361111,75.255,0.079388938
19.86361111,75.25694444,0.094205344
19.86361111,75.2575,0.066750514
19.86361111,75.25805556,0.088284917
19.86416667,75.25722222,0.034847695
19.86472222,75.25527778,0.095708457
19.86527778,75.26944444,0.081597595
19.86694444,73.99027778,0.145433909
19.86694444,75.71888889,0.100892665
19.8675,73.98583333,0.170526703
19.8675,75.29916667,0.020000614
19.8675,75.8425,0.077885825
19.86777778,73.99138889,0.105309979
19.86777778,73.99583333,0.085248014
19.86805556,73.83583333,0.095278996
19.86805556,73.98555556,0.185557839
19.86805556,73.98583333,0.180557686
19.86805556,74.08583333,0.250774564
19.86833333,73.98444444,0.150464738
19.86833333,73.99444444,0.150464738
19.86833333,73.99611111,0.305960306
19.86833333,73.99638889,0.205619804
19.86861111,73.99611111,0.235712752
19.86944444,74.84972222,0.069726065
19.86944444,75.44138889,0.112764195
19.87027778,74.87388889,0.046719225
19.87055556,73.92166667,0.075125004
19.87083333,75.58694444,0.094205344
19.87138889,75.72138889,0.051903433
19.87138889,75.83972222,0.082333814
19.87166667,75.2725,0.023221571
19.87194444,75.26194444,0.071965398
19.87222222,74.83111111,0.013435995
19.87222222,76.1025,0.094972238
19.8725,75.25083333,0.088591675
19.8725,75.28361111,0.071965398
19.87277778,73.61444444,0.048651799
19.87361111,75.88888889,0.110555539
19.87388889,73.87694444,0.135402926
19.87416667,75.27222222,0.069726065
19.87472222,75.27555556,0.017669254
19.87527778,74.62805556,0.071965398
19.87527778,74.8925,0.022485352
19.87527778,75.66,0.046719225
19.87555556,75.31861111,0.089021136
19.87611111,74.87444444,0.032608362
19.87611111,75.695,0.083836928
19.87666667,76.33638889,0.028896592
19.87722222,74.21805556,0.032270929
19.87722222,75.62416667,0.037087027
19.87777778,74.03194444,0.02687199
19.87861111,74.60944444,0.103868217
19.87861111,75.78277778,0.060830087
19.87944444,75.81527778,0.045246787
19.87972222,75.20694444,0.087548698
19.88222222,75.82472222,0.008129084
19.8825,75.37,0.065278076
19.8825,75.40583333,0.01383478
19.88388889,75.71888889,0.051167214
19.88388889,75.775,0.050430995
19.88416667,73.99611111,0.351207092
19.88416667,75.90083333,0.026687935
19.88583333,75.71777778,0.093469125
19.88722222,74.94638889,0.01128869
19.88916667,75.06055556,0.066014295
19.88972222,73.98583333,0.125371944
19.88972222,75.74777778,0.242308046
19.89083333,75.80333333,0.046719225
19.89194444,75.60444444,0.083836928
19.89333333,75.485,0.036320133
19.89361111,74.76638889,0.088284917
19.89444444,75.59527778,0.089021136
19.895,76.04222222,0.091996687
19.89527778,76.07611111,0.269916255
19.89555556,74.7375,0.022331973
19.89694444,76.03638889,0.089021136
19.8975,74.61611111,0.068989846
19.89833333,75.66638889,0.155802325
19.89861111,74.75666667,0.029448756
19.89888889,74.75666667,0.017669254
19.89888889,75.42027778,0.087548698
19.9,75.93388889,0.071198503
19.9,76.36805556,0.070462284
19.90083333,76.09805556,0.060830087
19.90138889,74.16833333,0.170526703
19.90166667,74.75972222,0.168379398
19.90166667,75.43555556,0.103131998
19.9025,73.99138889,0.260805546
19.90361111,74.48083333,0.030890518
19.90361111,74.7725,0.111291757
19.90388889,74.77277778,0.140955244
19.90527778,74.69027778,0.009785576
19.90555556,74.77472222,0.154329887
19.90555556,75.71777778,0.097917114
19.90583333,73.61444444,0.047670174
19.90583333,74.7525,0.142458358
19.9075,74.2175,0.066566459
19.9075,74.76555556,0.089757355
19.90777778,75.88527778,0.068253627
19.90805556,75.87555556,0.276051413
19.90833333,75.35833333,0.054142765
19.90833333,75.77638889,0.087548698
19.90833333,75.78194444,0.116537317
19.90916667,74.03777778,0.050492346
19.90916667,75.58138889,0.060093868
19.90944444,74.75861111,0.091260468
19.90972222,74.7675,0.099420228
19.90972222,75.79222222,0.297524464
19.90972222,76.00166667,0.033988773
19.91,74.61833333,0.106843768
19.91111111,76.30805556,0.058590754
19.91138889,75.33361111,0.101628884
19.91222222,74.53694444,0.016442222
19.91222222,74.63027778,0.028681861
19.9125,75.6725,0.022976165
19.91333333,75.36694444,0.104604436
19.91416667,73.99833333,0.120341115
19.91527778,74.60555556,0.146170128
19.91611111,73.99944444,0.090248167
19.91638889,74.77444444,0.197460045
19.91666667,74.77472222,0.403662689
19.91722222,75.95305556,0.036320133
19.9175,74.08472222,0.105309979
19.91833333,74.91888889,0.160495721
19.91861111,74.18555556,0.199361944
19.91888889,76.24083333,0.017025062
19.91972222,74.2275,0.02687199
19.92,75.82805556,0.098131845
19.92055556,74.05638889,0.10027915
19.92055556,75.22166667,0.031135924
19.92194444,75.40527778,0.018528176
19.92222222,74.93472222,0.027638885
19.92222222,75.71805556,0.061566306
19.9225,75.27416667,0.040031903
19.92277778,73.61444444,0.051565999
19.92333333,75.8675,0.087548698
19.92416667,75.31333333,0.075125004
19.925,74.93611111,0.03058376
19.925,75.71805556,0.095708457
19.925,76.20305556,0.016503574
19.92611111,74.57361111,0.018804258
19.92611111,75.42111111,0.083100709
19.92638889,75.55333333,0.013067886
19.92694444,75.36972222,0.066014295
19.92694444,75.47138889,0.054449523
19.9275,73.99916667,0.095278996
19.92777778,76.325,0.062302525
19.92888889,76.12361111,0.020000614
19.93055556,75.55111111,0.087548698
19.93111111,75.75583333,0.018804258
19.93138889,74.88333333,0.030277002
19.93138889,75.21027778,0.069726065
19.93361111,74.01722222,0.47145618
19.93361111,75.58222222,0.034111476
19.93361111,75.71555556,0.039295684
19.93388889,74.00333333,0.120341115
19.93416667,74.01722222,0.125371944
19.93416667,74.91888889,0.105309979
19.93444444,74.01722222,0.586797141
19.93472222,74.01722222,0.175526857
19.935,74.39194444,0.049725452
19.93527778,74.01722222,0.305960306
19.93555556,74.01722222,0.120341115
19.93555556,74.0175,0.060155219
19.93583333,74.01722222,0.341084082
19.93611111,75.88888889,0.098653333
19.9375,74.94166667,0.017945336
19.93805556,76.01055556,0.037823246
19.93972222,75.92916667,0.054142765
19.94027778,74.95277778,0.031043897
19.94166667,74.75472222,0.010889905
19.94194444,74.73388889,0.066014295
19.9425,74.22,0.033620663
19.94333333,75.64388889,0.054878984
19.945,74.13361111,0.012699776
19.945,75.80805556,0.035583914
19.945,76.37805556,0.039295684
19.94583333,75.68666667,0.050430995
19.94583333,75.82194444,0.030399706
19.94583333,76.30805556,0.01616614
19.94638889,75.26944444,0.054142765
19.94722222,74.95833333,0.020153992
19.94833333,75.26611111,0.104604436
19.95,74.75555556,0.043528943
19.95027778,74.01722222,0.546734562
19.95027778,74.01861111,0.356115218
19.95083333,74.01694444,0.170526703
19.95083333,74.0175,0.416239762
19.95083333,74.01833333,0.315929937
19.95083333,76.35861111,0.105340655
19.95111111,74.01694444,0.637105433
19.95111111,74.01833333,0.516549587
19.95111111,74.01888889,0.275867358
19.95138889,74.01722222,0.10027915
19.95138889,76.27972222,0.107334581
19.95166667,75.265,0.016012761
19.95194444,74.01777778,0.536795607
19.95194444,74.84972222,0.028896592
19.95194444,75.87166667,0.031135924
19.95222222,74.01722222,0.160495721
19.95222222,74.01777778,0.421331943
19.95222222,75.82138889,0.031135924
19.9525,75.26916667,0.047455443
19.9525,75.44138889,0.048191662
19.9525,75.70611111,0.029663487
19.95472222,75.27055556,0.040031903
19.955,75.20416667,0.062302525
19.955,75.29361111,0.108316206
19.955,75.74138889,0.106843768
19.955,76.32194444,0.118715298
19.95527778,75.39666667,0.014080187
19.95583333,75.95861111,0.085309365
19.95611111,75.85638889,0.017791957
19.95694444,74.62222222,0.116475966
19.95694444,75.28,0.040031903
19.9575,74.55666667,0.255805393
19.9575,74.61694444,0.100156447
19.9575,75.22416667,0.030399706
19.9575,75.23833333,0.027424154
19.9575,75.32666667,0.028160373
19.9575,75.62722222,0.091260468
19.9575,75.71694444,0.017025062
19.95805556,75.23944444,0.040031903
19.95805556,75.39888889,0.031872143
19.95805556,75.74305556,0.063038744
19.95805556,75.8375,0.083100709
19.95805556,75.86888889,0.050430995
19.95833333,74.62694444,0.18031228
19.95861111,75.47527778,0.023712384
19.96,75.90611111,0.043007454
19.96027778,75.36722222,0.060093868
19.96027778,75.44194444,0.039295684
19.96055556,75.20972222,0.043007454
19.96055556,75.24027778,0.025215497
19.96055556,75.27666667,0.059326973
19.96055556,75.44138889,0.040031903
19.96305556,74.84111111,0.079388938
19.96444444,75.29027778,0.034571613
19.96472222,75.57555556,0.051167214
19.96527778,74.63222222,0.096444676
19.96638889,74.68222222,0.069726065
19.96666667,74.11611111,0.356115218
19.96666667,75.53416667,0.084573146
19.96861111,76.16194444,0.021503727
19.96944444,74.9,0.043375564
19.97,75.9925,0.050430995
19.97111111,75.9625,0.051903433
19.97111111,76.38972222,0.013067886
19.97194444,74.72861111,0.048191662
19.97222222,73.83055556,0.085248014
19.97222222,76.30333333,0.071965398
19.9725,75.4025,0.023712384
19.9725,76.19388889,0.077149606
19.97416667,75.05555556,0.015429921
19.97472222,76.15805556,0.091260468
19.975,75.70888889,0.072701617
19.97555556,75.15555556,0.027516181
19.97583333,75.25388889,0.083100709
19.97583333,75.96722222,0.013313292
19.97944444,74.89,0.01987791
19.98055556,75.23805556,0.091996687
19.98472222,75.8675,0.083836928
19.98805556,75.98472222,0.018957637
19.98861111,74.78916667,0.091996687
19.98916667,74.89333333,0.110555539
19.98916667,75.42111111,0.114972852
19.98916667,76.26944444,0.102365103
19.98944444,75.20444444,0.091996687
19.98972222,75.22222222,0.117212184
19.99083333,74.89361111,0.087548698
19.99083333,75.71777778,0.089757355
19.99194444,74.78944444,0.083836928
19.99194444,74.8975,0.074174054
19.99194444,75.34111111,0.042271235
19.99222222,74.87444444,0.029663487
19.99222222,75.26083333,0.024448603
19.99222222,75.65388889,0.039295684
19.9925,74.72666667,0.074910273
19.9925,75.39222222,0.025736986
19.9925,75.53916667,0.076413387
19.99333333,74.88638889,0.083836928
19.99361111,74.87083333,0.054878984
19.99361111,75.23583333,0.009601522
19.99361111,75.40527778,0.015552624
19.99388889,75.20972222,0.050430995
19.99527778,73.61083333,0.066014295
19.99555556,74.87527778,0.077149606
19.99611111,74.8975,0.051903433
19.99722222,75.70333333,0.050430995
19.99805556,74.86194444,0.080125157
20.00194444,74.87805556,0.086045584
20.00333333,75.40138889,0.061566306
20.00472222,75.09305556,0.015859382
20.005,75.67,0.026687935
20.00583333,74.87583333,0.094972238
20.00611111,74.85916667,0.102365103
20.00638889,75.3175,0.109788644
20.0075,74.88777778,0.113500414
20.00777778,75.06805556,0.031135924
20.00972222,75.825,0.114267309
20.01,76.12916667,0.023712384
20.01055556,75.4775,0.062302525
20.01527778,75.39388889,0.104604436
20.01666667,74.645,0.18402405
20.01666667,74.7025,0.055615203
20.01722222,75.82888889,0.106076874
20.01722222,75.96138889,0.083070033
20.01777778,75.82361111,0.127611276
20.01805556,74.16888889,0.13494279
20.01833333,74.78916667,0.083836928
20.01861111,74.01722222,0.265836375
20.01888889,75.325,0.081597595
20.01916667,75.84361111,0.132795485
20.02,75.65416667,0.018528176
20.02166667,74.99444444,0.090677628
20.02194444,74.63777778,0.161017209
20.0225,74.63861111,0.123899506
20.02638889,75.09194444,0.020736832
20.02638889,75.39027778,0.024264548
20.02638889,75.83777778,0.143930795
20.02666667,74.63861111,0.140219025
20.02722222,74.63722222,0.178809166
20.02722222,75.60972222,0.140955244
20.0275,74.61138889,0.116475966
20.02805556,74.42805556,0.051381944
20.02916667,74.61861111,0.072701617
20.03027778,74.63777778,0.167673855
20.03055556,74.63722222,0.158041658
20.03055556,74.64861111,0.110555539
20.03083333,75.38555556,0.071965398
20.0325,74.79055556,0.086045584
20.03361111,75.5875,0.045983006
20.03361111,75.67805556,0.068253627
20.035,75.52388889,0.05119789
20.03583333,75.84222222,0.129083714
20.03666667,75.83666667,0.118715298
20.03833333,75.92,0.112027976
20.03888889,75.99416667,0.015890058
20.04055556,76.31,0.133562379
20.04194444,75.14777778,0.02279211
20.04333333,75.6075,0.105064573
20.04388889,75.85333333,0.136507255
20.04833333,75.47722222,0.140464431
20.04916667,76.0925,0.279118991
20.05,75.60333333,0.139482806
20.05333333,75.39027778,0.042516642
20.05416667,74.63472222,0.101628884
20.05444444,74.64166667,0.140219025
20.05888889,74.51805556,0.041688395
20.05944444,74.60055556,0.135771036
20.06,75.22111111,0.094972238
20.06083333,74.61388889,0.125371944
20.06111111,74.63611111,0.110555539
20.06138889,75.6225,0.025522255
20.06333333,74.50805556,0.015307218
20.06638889,74.75722222,0.030338354
20.06777778,74.50611111,0.015307218
20.06777778,75.25,0.150618117
20.06944444,74.65833333,0.009724225
20.06972222,74.76166667,0.063038744
20.07166667,74.01916667,0.045124084
20.07166667,75.23861111,0.025583607
20.07194444,75.16472222,0.071198503
20.07388889,75.26472222,0.015123163
20.07638889,74.80611111,0.119451517
20.07722222,75.01111111,0.063805638
20.07861111,74.64638889,0.230037731
20.07972222,74.64638889,0.109052425
20.07972222,75.14944444,0.030982545
20.08,74.11805556,0.215650787
20.08,74.12083333,0.10027915
20.08,75.59888889,0.0282524
20.08055556,74.61388889,0.146170128
20.08055556,75.23861111,0.084573146
20.08222222,74.67972222,0.016564925
20.08222222,75.70611111,0.024448603
20.08361111,73.89388889,0.541703733
20.08416667,75.51805556,0.068989846
20.08472222,74.80694444,0.143838768
20.08583333,76.17166667,0.023712384
20.08638889,75.21555556,0.112764195
20.08694444,75.19361111,0.033375257
20.08694444,75.79472222,0.028160373
20.08694444,75.97583333,0.054142765
20.0875,75.76694444,0.014110862
20.08805556,74.80722222,0.088284917
20.08805556,75.42111111,0.117212184
20.08888889,74.45166667,0.031319979
20.08972222,74.64472222,0.022638731
20.09055556,75.47222222,0.065278076
20.09055556,75.58694444,0.092732906
20.09083333,75.70444444,0.060093868
20.09166667,75.32305556,0.086781803
20.09194444,73.89388889,0.275867358
20.0925,73.89388889,0.436363079
20.0925,73.99333333,0.065186049
20.0925,74.01,0.035093101
20.09333333,74.07694444,0.080861376
20.09444444,75.69305556,0.091996687
20.095,75.59833333,0.053406546
20.09555556,74.79055556,0.090493573
20.09611111,75.69194444,0.069726065
20.09777778,75.16333333,0.023681708
20.09916667,74.56638889,0.025092794
20.09944444,74.78944444,0.089021136
20.10055556,74.79111111,0.083100709
20.10111111,75.84805556,0.065768889
20.10277778,73.91277778,0.150464738
20.10277778,75.43361111,0.068989846
20.10277778,75.43444444,0.052670327
20.10472222,75.23777778,0.023712384
20.10527778,74.99138889,0.025491579
20.10555556,75.01444444,0.099420228
20.1075,75.2225,0.062302525
20.1075,75.39944444,0.013313292
20.1075,75.54055556,0.044510568
20.10777778,74.79027778,0.163225866
20.10833333,76.15861111,0.060830087
20.10888889,74.75277778,0.045860302
20.10916667,75.24805556,0.045246787
20.10972222,75.60805556,0.066750514
20.11055556,75.46055556,0.028160373
20.11055556,75.50888889,0.145372557
20.11138889,75.43361111,0.3992147
20.11138889,75.43444444,0.077149606
20.11166667,75.27805556,0.042271235
20.11444444,74.57944444,0.023835087
20.11472222,74.81,0.109788644
20.11666667,75.94805556,0.031994846
20.11916667,75.48861111,0.017791957
20.12361111,75.645,0.086781803
20.12472222,75.27305556,0.060093868
20.12722222,75.9575,0.071198503
20.12861111,74.87138889,0.085861529
20.12888889,75.4625,0.024448603
20.13027778,74.85472222,0.202429522
20.13305556,75.8075,0.024847388
20.13805556,74.58638889,0.038314059
20.14,75.0925,0.195680849
20.14166667,75.48861111,0.084573146
20.14861111,74.63888889,0.022055891
20.15194444,75.25333333,0.117212184
20.15361111,74.74194444,0.051167214
20.15555556,74.80611111,0.02883524
20.1575,75.42222222,0.063038744
20.16527778,76.13555556,0.013712077
20.16638889,74.90138889,0.030675788
20.16638889,76.00722222,0.060830087
20.16666667,75.68555556,0.105340655
20.16805556,75.22333333,0.030645112
20.17194444,74.45027778,0.022362649
20.17416667,75.21555556,0.078622044
20.17416667,75.3675,0.031135924
20.17416667,75.37277778,0.024448603
20.17444444,75.60805556,0.050430995
20.17722222,75.56861111,0.048958557
20.17944444,73.83472222,0.085248014
20.18666667,74.05666667,0.356115218
20.18694444,74.23805556,0.068253627
20.1875,74.42666667,0.079726372
20.18888889,75.53416667,0.050430995
20.18944444,75.25833333,0.058590754
20.19333333,74.03138889,0.340470567
20.195,74.07638889,0.165495874
20.19861111,75.25833333,0.035583914
20.20027778,73.88666667,0.115340961
20.20083333,74.03083333,0.040093254
20.20166667,74.08444444,0.215650787
20.20166667,75.95638889,0.036780269
20.20444444,73.89722222,0.125371944
20.20472222,73.8975,0.210650633
20.20805556,74.21361111,0.027577533
20.20833333,73.99333333,0.10027915
20.20833333,74.02111111,0.060155219
20.20833333,74.03888889,0.10027915
20.20833333,74.03972222,0.200619651
20.20861111,74.03944444,0.130402773
20.20916667,74.02361111,0.055155066
20.20972222,74.05583333,0.356115218
20.21,76.19083333,0.239669929
20.21111111,74.02055556,0.055155066
20.2125,74.10194444,0.010000307
20.21555556,73.88694444,0.140433756
20.21583333,75.40055556,0.062302525
20.21666667,73.8525,0.070186202
20.21694444,73.88972222,0.065186049
20.21694444,74.0675,0.220681616
20.21722222,73.85222222,0.075217031
20.21722222,75.15972222,0.083836928
20.21722222,75.96888889,0.077149606
20.2175,74.02361111,0.115340961
20.21777778,75.22222222,0.058590754
20.21833333,74.0475,0.185557839
20.21833333,74.04777778,0.280867511
20.21833333,74.04944444,0.090248167
20.21833333,74.04972222,0.215650787
20.21833333,74.05055556,0.180557686
20.21833333,74.07194444,0.075217031
20.21861111,74.03388889,0.200619651
20.21861111,74.05222222,0.245743734
20.21861111,74.095,0.085248014
20.21861111,74.09694444,0.165495874
20.22027778,73.85361111,0.055155066
20.22027778,73.86861111,0.260805546
20.22027778,73.96555556,0.210650633
20.22027778,74.03888889,0.055155066
20.22027778,74.09555556,0.10027915
20.22027778,74.10222222,0.391085616
20.22027778,74.10555556,0.115340961
20.22138889,74.09222222,0.255774717
20.22222222,74.05861111,0.193226786
20.2225,74.00027778,0.025031443
20.2225,74.00611111,0.120341115
20.2225,74.06166667,0.075217031
20.22277778,74.09388889,0.305960306
20.22277778,74.1075,0.125371944
20.22277778,74.11055556,0.190588668
20.22305556,74.01222222,0.130402773
20.22305556,74.06583333,0.145433909
20.22305556,75.35027778,0.034847695
20.22333333,74.01166667,0.105309979
20.22333333,74.05416667,0.050124237
20.22388889,74.04972222,0.040093254
20.22416667,73.86888889,0.155464892
20.22472222,74.06166667,0.110310132
20.22527778,74.08638889,0.075217031
20.22527778,74.08944444,0.025031443
20.22527778,74.09138889,0.055155066
20.22555556,74.00444444,0.160495721
20.22555556,74.08944444,0.050124237
20.22583333,74.05472222,0.010000307
20.22611111,73.98611111,0.070186202
20.22611111,74.01166667,0.193226786
20.22611111,74.0125,0.040093254
20.22611111,74.02611111,0.215650787
20.22611111,74.09444444,0.080217185
20.22611111,74.10555556,0.315929937
20.22611111,74.10638889,0.150464738
20.22638889,74.10555556,0.055155066
20.22805556,73.89777778,0.050124237
20.22805556,73.89861111,0.020031289
20.22861111,74.15305556,0.10027915
20.22888889,74.00027778,0.095064266
20.22888889,74.04694444,0.085248014
20.23027778,74.08666667,0.220681616
20.23055556,75.07666667,0.043743673
20.23277778,74.17527778,0.065186049
20.23305556,73.89,0.050124237
20.23361111,74.05611111,0.090248167
20.23361111,74.11472222,0.020031289
20.23388889,73.85555556,0.075217031
20.23388889,73.85777778,0.215650787
20.23388889,73.85805556,0.050124237
20.23388889,73.97,0.080217185
20.23388889,74.00305556,0.115340961
20.23388889,74.07083333,0.105279303
20.23388889,74.0925,0.030062272
20.23388889,74.09805556,0.075217031
20.23416667,73.85555556,0.235712752
20.23416667,73.85777778,0.190588668
20.23416667,73.85805556,0.045124084
20.23444444,74.06194444,0.135402926
20.23444444,74.07833333,0.085248014
20.23472222,74.055,0.075217031
20.23472222,74.07861111,0.145433909
20.23472222,74.08138889,0.085248014
20.23472222,74.08361111,0.155464892
20.23555556,73.85805556,0.065186049
20.23555556,73.88888889,0.045124084
20.23555556,73.93027778,0.065186049
20.23555556,73.94833333,0.175526857
20.23555556,74.06166667,0.090248167
20.23555556,74.07722222,0.065186049
20.23555556,74.09138889,0.065155373
20.23555556,74.09388889,0.345992208
20.23583333,73.85805556,0.105309979
20.23583333,73.85833333,0.110310132
20.23583333,74.08638889,0.110310132
20.23638889,74.07,0.185557839
20.23666667,74.06833333,0.160495721
20.23666667,74.09222222,0.389551827
20.23694444,74.07527778,0.090248167
20.23694444,74.08416667,0.260805546
20.23722222,74.04694444,0.050124237
20.2375,74.02138889,0.199361944
20.2375,74.08361111,0.309794779
20.2375,74.08388889,0.303659621
20.2375,74.08472222,0.150464738
20.2375,74.08972222,0.217767416
20.23777778,74.00472222,0.130372097
20.23805556,74.08361111,0.060155219
20.23805556,74.08388889,0.030062272
20.23861111,74.09666667,0.240743581
20.23861111,75.23583333,0.013313292
20.23916667,73.59305556,0.075217031
20.23916667,73.89583333,0.260805546
20.23916667,74.055,0.050124237
20.23916667,74.8575,0.050430995
20.23916667,75.37555556,0.060093868
20.23972222,74.03388889,0.065186049
20.23972222,74.065,0.120341115
20.23972222,74.07611111,0.105309979
20.24,73.8975,0.017976012
20.24,74.04,0.14644621
20.24,74.04694444,0.140433756
20.24,74.07083333,0.115340961
20.24,75.82388889,0.130341422
20.24055556,73.97027778,0.150280683
20.24055556,74.02138889,0.055155066
20.24111111,74.07611111,0.120341115
20.24111111,74.08972222,0.130402773
20.24138889,74.07861111,0.050124237
20.24138889,74.08833333,0.225681769
20.24194444,74.09138889,0.050584374
20.24222222,74.07888889,0.493849505
20.2425,74.06638889,0.055155066
20.2425,74.11333333,0.080217185
20.24277778,74.065,0.144145526
20.24277778,74.07694444,0.095278996
20.24333333,73.90805556,0.10027915
20.24333333,74.00972222,0.195588822
20.24333333,74.09527778,0.065155373
20.24361111,74.06527778,0.336175956
20.24361111,74.07111111,0.315929937
20.24361111,74.07361111,0.070186202
20.24388889,74.06194444,0.190557993
20.24416667,74.09277778,0.285867665
20.24555556,73.89888889,0.305960306
20.24583333,74.0775,0.085248014
20.24611111,74.07277778,0.150464738
20.24666667,74.08527778,0.515322556
20.24694444,73.85805556,0.225681769
20.24722222,73.96944444,0.31102181
20.24722222,73.96972222,0.085248014
20.24722222,73.99805556,0.030062272
20.2475,73.96972222,0.309794779
20.2475,74.08027778,0.125371944
20.2475,74.09944444,0.496610325
20.24805556,73.97,0.138010368
20.24805556,74.05555556,0.165495874
20.24805556,74.07666667,0.025031443
20.24805556,74.20805556,0.021442376
20.24833333,74.08972222,0.383416669
20.24888889,74.08555556,0.190588668
20.24888889,74.87388889,0.045983006
20.24944444,74.08472222,0.090248167
20.24944444,74.09555556,0.18052701
20.24972222,74.08722222,0.055155066
20.24972222,74.09555556,0.162550998
20.25,73.97,0.125371944
20.25027778,73.8725,0.025062118
20.25027778,74.05777778,0.110310132
20.25027778,74.06194444,0.075217031
20.25027778,74.06611111,0.165495874
20.25027778,74.06888889,0.135402926
20.25027778,74.07027778,0.115340961
20.25027778,74.07166667,0.075217031
20.25027778,74.07277778,0.280867511
20.25027778,75.98638889,0.122427068
20.25055556,73.97,0.381269364
20.25055556,73.9725,0.10027915
20.25055556,74.10333333,0.095278996
20.25138889,74.06972222,0.060155219
20.2525,74.09555556,0.506733335
20.25277778,74.10333333,0.030062272
20.25277778,74.71444444,0.079388938
20.25277778,75.43666667,0.028896592
20.25305556,73.8975,0.110310132
20.25305556,74.06777778,0.245743734
20.25333333,74.07472222,0.135402926
20.25361111,73.96944444,0.105279303
20.25361111,73.97,0.140433756
20.25361111,73.97027778,0.138010368
20.25361111,73.995,0.616552655
20.25361111,74.00083333,0.130402773
20.25361111,74.02027778,0.31102181
20.25361111,76.35027778,0.089757355
20.25388889,74.04472222,0.160495721
20.25388889,74.06527778,0.025031443
20.25416667,73.95333333,0.080217185
20.25416667,74.06444444,0.085248014
20.25444444,74.00305556,0.391085616
20.25444444,74.065,0.060155219
20.25444444,74.0925,0.195588822
20.25472222,74.05444444,0.130402773
20.25472222,74.055,0.125371944
20.25472222,74.07166667,0.140433756
20.25472222,74.07444444,0.030062272
20.255,73.89916667,0.10027915
20.255,74.07611111,0.275867358
20.25527778,74.05555556,0.090248167
20.25611111,74.0675,0.160465045
20.25611111,74.45083333,0.156415841
20.25611111,74.45138889,0.058253321
20.25638889,73.97,0.180557686
20.25638889,74.05166667,0.01500046
20.25638889,74.06138889,0.381269364
20.25666667,74.03472222,0.05512439
20.25666667,74.04444444,0.125371944
20.25666667,74.06111111,0.085248014
20.25694444,74.05972222,0.045124084
20.25694444,74.06361111,0.030062272
20.25694444,74.07166667,0.035062425
20.25722222,74.06916667,0.080217185
20.25722222,74.07083333,0.045124084
20.2575,74.0525,0.225681769
20.2575,74.05305556,0.536795607
20.2575,74.06861111,0.170526703
20.2575,74.07111111,0.160403693
20.2575,74.07416667,0.389551827
20.2575,74.07722222,0.040093254
20.2575,74.0775,0.050124237
20.25805556,76.26305556,0.01500046
20.25833333,73.89611111,0.366238228
20.25833333,75.48333333,0.083100709
20.25861111,74.05638889,0.371146354
20.25888889,73.88722222,0.105309979
20.25888889,73.99916667,0.170496027
20.25888889,74.05083333,0.070186202
20.25888889,74.07555556,0.040093254
20.25888889,74.09972222,0.315929937
20.25972222,74.07,0.090248167
20.26027778,73.90583333,0.090248167
20.26055556,74.04444444,0.085248014
20.26138889,73.88972222,0.135402926
20.26166667,74.06277778,0.135402926
20.26166667,74.06944444,0.065186049
20.26166667,74.07111111,0.484646768
20.26166667,74.08361111,0.10027915
20.26166667,75.92555556,0.016472898
20.26194444,74.07138889,0.38034909
20.2625,74.06722222,0.115340961
20.26472222,74.05916667,0.185557839
20.265,74.06194444,0.270836529
20.265,74.0675,0.340470567
20.265,74.07583333,0.160495721
20.26527778,75.675,0.094205344
20.26722222,74.05638889,0.200619651
20.2675,74.06527778,0.69290469
20.26777778,75.37333333,0.017577226
20.26805556,75.57805556,0.018804258
20.27027778,74.57583333,0.361943618
20.27055556,73.88722222,0.190588668
20.27055556,74.04444444,0.110310132
20.27138889,73.88722222,0.140433756
20.27222222,76.27638889,0.048958557
20.27333333,74.03027778,0.115340961
20.27333333,74.05527778,0.245743734
20.27333333,74.05805556,0.065186049
20.27333333,74.06888889,0.340470567
20.27333333,74.06916667,0.105279303
20.27333333,75.50583333,0.024448603
20.27472222,74.06611111,0.356115218
20.27472222,75.64138889,0.014080187
20.27555556,75.43361111,0.030399706
20.27583333,74.07361111,0.260805546
20.27583333,74.64027778,0.167673855
20.27638889,74.08666667,0.245743734
20.28083333,75.82583333,0.125740053
20.28222222,75.77083333,0.039295684
20.28361111,76.33083333,0.153348262
20.29388889,75.43888889,0.046719225
20.29416667,76.33277778,0.079726372
20.29555556,75.11916667,0.042946103
20.3,75.65666667,0.020736832
20.30055556,76.09638889,0.113500414
20.30111111,74.02666667,0.050124237
20.30138889,74.57611111,0.085248014
20.3025,74.04333333,0.235712752
20.30333333,74.56833333,0.010000307
20.30361111,75.405,0.047455443
20.30361111,75.50305556,0.089021136
20.30527778,74.57055556,0.050124237
20.30694444,75.42166667,0.046719225
20.30805556,75.28777778,0.045246787
20.30805556,76.02722222,0.031872143
20.30833333,75.72722222,0.104604436
20.30861111,75.53861111,0.031872143
20.30888889,76.30083333,0.062302525
20.30916667,75.23722222,0.111291757
20.30972222,75.15027778,0.02512347
20.31055556,74.05611111,0.607043161
20.31222222,74.71916667,0.062302525
20.31305556,75.83861111,0.066014295
20.31444444,75.49027778,0.021503727
20.31472222,75.44138889,0.074910273
20.31694444,75.21583333,0.064541857
20.31722222,75.99194444,0.027424154
20.3175,74.07166667,0.135402926
20.31805556,75.4025,0.009601522
20.31861111,75.26,0.020736832
20.31944444,74.76027778,0.32114482
20.31972222,75.54944444,0.043007454
20.32194444,75.38333333,0.066014295
20.32277778,75.61027778,0.066014295
20.32305556,74.00972222,0.165495874
20.32333333,73.97805556,0.135402926
20.32388889,75.48555556,0.058590754
20.32416667,75.17166667,0.065278076
20.32444444,75.07305556,0.105187276
20.32444444,75.32361111,0.030399706
20.32527778,75.22194444,0.032608362
20.32527778,75.22472222,0.017025062
20.32527778,75.255,0.049694776
20.32527778,75.36555556,0.100156447
20.32527778,75.39944444,0.045983006
20.32527778,75.44138889,0.060830087
20.32527778,75.47472222,0.057118317
20.32527778,75.97472222,0.090493573
20.32527778,76.14138889,0.076413387
20.32555556,74.895,0.013528022
20.32555556,75.35083333,0.017025062
20.32555556,75.63916667,0.025215497
20.32583333,75.91333333,0.045246787
20.32583333,75.96222222,0.025154146
20.32611111,75.42166667,0.020736832
20.32611111,75.50305556,0.042271235
20.32638889,76.32638889,0.066014295
20.32666667,75.26027778,0.028896592
20.32666667,75.27388889,0.027424154
20.32777778,75.95638889,0.039847848
20.33027778,75.85638889,0.018528176
20.335,73.96944444,0.085186662
20.335,73.97,0.115340961
20.3375,75.92861111,0.028896592
20.33944444,75.34888889,0.063805638
20.33972222,76.22083333,0.066750514
20.34027778,75.49055556,0.077885825
20.34305556,75.59111111,0.048958557
20.34555556,74.25722222,0.195588822
20.34555556,74.25777778,0.120341115
20.35,73.99777778,0.090248167
20.35,74.03,0.225681769
20.35,75.99777778,0.300929476
20.35055556,73.98972222,0.326052946
20.35055556,73.9925,0.309794779
20.35055556,74.05777778,0.416301114
20.35055556,74.095,0.32114482
20.35083333,73.97333333,0.120341115
20.35083333,73.99,0.130372097
20.35083333,74.05694444,0.080217185
20.35083333,74.05972222,0.225681769
20.35083333,74.09138889,0.260805546
20.35083333,74.10944444,0.104267002
20.35138889,74.02777778,0.185557839
20.35138889,74.04666667,0.035093101
20.35138889,74.08111111,0.521764471
20.35333333,74.08472222,0.395686984
20.35361111,74.05388889,0.280867511
20.35361111,75.96666667,0.070462284
20.35388889,73.83194444,0.030062272
20.35416667,74.10222222,0.085248014
20.35444444,74.66305556,0.242308046
20.35444444,76.40888889,0.021871837
20.35472222,74.02583333,0.05512439
20.35527778,73.83222222,0.075217031
20.35611111,73.83194444,0.195588822
20.35611111,74.03111111,0.085248014
20.35611111,74.05416667,0.416239762
20.35638889,73.83222222,0.085248014
20.35638889,74.06138889,0.351207092
20.35666667,73.83222222,0.135402926
20.35666667,75.435,0.060093868
20.35694444,73.83222222,0.075217031
20.35722222,74.09416667,0.230651247
20.35722222,74.09638889,0.090248167
20.35722222,74.09972222,0.120341115
20.35722222,74.11638889,0.055155066
20.3575,74.2625,0.305960306
20.35861111,73.83222222,0.250774564
20.36055556,73.50472222,0.067486733
20.36083333,74.0475,0.01500046
20.36111111,74.07,0.065186049
20.36111111,74.07166667,0.050124237
20.36111111,74.07472222,0.295898647
20.36111111,74.08666667,0.085248014
20.36138889,74.07,0.030062272
20.36166667,73.83194444,0.020031289
20.36166667,73.83222222,0.060155219
20.36166667,76.17333333,0.053406546
20.36194444,73.83166667,0.120341115
20.36194444,73.9825,0.095278996
20.36416667,73.99944444,0.135402926
20.36416667,74.06527778,0.205497101
20.36416667,75.02194444,0.140433756
20.36416667,75.99944444,0.080217185
20.36444444,74.08527778,0.135402926
20.36555556,75.41444444,0.088284917
20.36611111,74.02055556,0.506733335
20.36666667,74.05583333,0.125371944
20.36694444,73.84583333,0.125371944
20.36722222,74.07777778,0.020031289
20.3675,74.05055556,0.135402926
20.3675,74.05333333,0.090248167
20.36777778,74.08416667,0.275867358
20.36805556,73.99,0.040093254
20.36805556,74.25027778,0.195588822
20.36805556,74.25055556,0.115340961
20.36833333,74.03833333,0.315929937
20.36833333,74.25055556,0.130402773
20.36861111,74.03833333,0.35580846
20.36861111,74.25111111,0.270836529
20.36916667,74.25083333,0.095278996
20.36972222,74.04944444,0.125371944
20.37,73.81,0.070186202
20.37,74.04,0.57682751
20.37,74.12722222,0.085248014
20.37027778,73.81,0.085248014
20.37055556,74.02583333,0.240743581
20.37055556,76.28361111,0.057854535
20.37083333,74.12722222,0.050124237
20.37111111,74.02194444,0.215650787
20.37111111,74.03611111,0.035093101
20.37111111,74.03777778,0.095278996
20.37111111,74.05611111,0.265836375
20.37111111,74.38944444,0.070186202
20.37138889,74.26333333,0.46133317
20.37166667,74.04888889,0.035093101
20.37166667,75.89361111,0.057854535
20.37194444,75.40472222,0.065278076
20.3725,74.04,0.075217031
20.37305556,75.26972222,0.031872143
20.37333333,75.92638889,0.047455443
20.37388889,73.83222222,0.060155219
20.37388889,73.83361111,0.080217185
20.37416667,74.06972222,0.085248014
20.37472222,74.00194444,0.095278996
20.37472222,74.01944444,0.125371944
20.37472222,74.05638889,0.040093254
20.37472222,74.12722222,0.135402926
20.37527778,73.99638889,0.185557839
20.37527778,74.05833333,0.215650787
20.37527778,75.99638889,0.31102181
20.37555556,74.04472222,0.090248167
20.37611111,73.80722222,0.210650633
20.37611111,73.80777778,0.160495721
20.37611111,73.83277778,0.020031289
20.37611111,73.98222222,0.065186049
20.37611111,73.99638889,0.135402926
20.37666667,74.05055556,0.105309979
20.37722222,74.0675,0.030062272
20.37805556,74.25666667,0.135402926
20.37805556,74.25694444,0.170526703
20.37805556,74.25722222,0.10027915
20.37833333,74.02194444,0.170526703
20.37833333,74.04194444,0.040093254
20.37833333,74.05611111,0.115340961
20.37833333,74.09194444,0.28589834
20.37833333,74.25638889,0.195588822
20.37833333,74.25694444,0.045124084
20.37833333,74.25722222,0.300929476
20.37861111,74.25638889,0.095278996
20.37861111,74.25666667,0.10027915
20.37861111,74.25694444,0.130402773
20.37861111,74.2575,0.085248014
20.37888889,74.25638889,0.040093254
20.37888889,74.25666667,0.055155066
20.37888889,74.25694444,0.371146354
20.37888889,74.25722222,0.200619651
20.37916667,73.83222222,0.035093101
20.37916667,74.0775,0.351207092
20.37916667,74.19027778,0.080217185
20.37916667,74.22361111,0.105309979
20.37916667,74.24583333,0.10027915
20.37916667,74.25638889,0.050124237
20.37916667,74.25666667,0.110310132
20.37916667,74.25694444,0.040093254
20.37916667,74.25722222,0.165495874
20.37916667,74.2575,0.230712599
20.37916667,74.25777778,0.210650633
20.37944444,74.25666667,0.130402773
20.37944444,74.25694444,0.125371944
20.37944444,74.2575,0.105309979
20.37944444,74.25777778,0.065186049
20.37972222,74.2575,0.145433909
20.38083333,74.26083333,0.175526857
20.38166667,74.25472222,0.115340961
20.38166667,74.59777778,0.018681555
20.38166667,75.40138889,0.063038744
20.38194444,74.25027778,0.195588822
20.38277778,74.07861111,0.195588822
20.38305556,75.93277778,0.040798798
20.38361111,74.01472222,0.125371944
20.38416667,74.09277778,0.295929323
20.38416667,74.25083333,0.336175956
20.38444444,73.985,0.340470567
20.38444444,73.98805556,0.090248167
20.38444444,73.98833333,0.336175956
20.38444444,73.99027778,0.150495414
20.38444444,74.02583333,0.170496027
20.38444444,74.06694444,0.085248014
20.38472222,73.84666667,0.085248014
20.38472222,73.98805556,0.055155066
20.38472222,73.99,0.309794779
20.38472222,74.07111111,0.030062272
20.38472222,74.255,0.326052946
20.385,73.99611111,0.085248014
20.385,73.99916667,0.110310132
20.385,74.0975,0.240743581
20.38527778,74.02583333,0.160495721
20.38527778,74.02861111,0.174821314
20.38527778,74.03111111,0.025031443
20.38527778,74.04666667,0.185557839
20.38527778,74.25055556,0.305960306
20.38527778,74.25083333,0.326052946
20.38527778,74.25805556,0.40642351
20.38527778,74.2625,0.145433909
20.38555556,73.99,0.055155066
20.38555556,74.02555556,0.155464892
20.38555556,74.25055556,0.075217031
20.38555556,74.25083333,0.110310132
20.38555556,74.26166667,0.090248167
20.38555556,75.83222222,0.035093101
20.38583333,74.05638889,0.195588822
20.38583333,74.25083333,0.170526703
20.38583333,74.25972222,0.140433756
20.38611111,73.72194444,0.120341115
20.38638889,73.84555556,0.015031136
20.38638889,74.22361111,0.135402926
20.38638889,74.22472222,0.185557839
20.38638889,74.26305556,0.195588822
20.38666667,73.83222222,0.120371791
20.38666667,74.04944444,0.185557839
20.38666667,74.05,0.01500046
20.38666667,74.22416667,0.090248167
20.38666667,74.22916667,0.115340961
20.38694444,73.72027778,0.135402926
20.38694444,73.8325,0.165495874
20.38694444,74.2625,0.025062118
20.38722222,73.83194444,0.10027915
20.38722222,74.22944444,0.280867511
20.38722222,74.26138889,0.095278996
20.38722222,74.26277778,0.070186202
20.38722222,74.26305556,0.145433909
20.38722222,74.26333333,0.140433756
20.3875,73.71805556,0.145433909
20.3875,73.72083333,0.135402926
20.3875,73.72111111,0.085248014
20.3875,73.72138889,0.401208626
20.3875,73.72166667,0.105309979
20.3875,73.83222222,0.120341115
20.3875,74.26305556,0.065186049
20.3875,74.26333333,0.040093254
20.38777778,73.72138889,0.040093254
20.38777778,74.07555556,0.285254149
20.38777778,74.26333333,0.030062272
20.38777778,74.265,0.210650633
20.38777778,75.63833333,0.066014295
20.38805556,73.72194444,0.120341115
20.38805556,73.7275,0.095278996
20.38805556,74.26333333,0.295929323
20.38833333,74.045,0.070186202
20.38833333,74.07555556,0.195588822
20.38833333,74.26333333,0.145433909
20.38861111,73.7225,0.125371944
20.38861111,74.07,0.05003221
20.38861111,75.64333333,0.068253627
20.38888889,73.72416667,0.230712599
20.38916667,73.72277778,0.125371944
20.38916667,73.72305556,0.090248167
20.38916667,73.72361111,0.205619804
20.38916667,73.8325,0.10027915
20.38916667,74.06166667,0.090248167
20.38944444,73.72361111,0.225681769
20.38944444,73.84666667,0.160495721
20.38972222,73.72361111,0.150464738
20.38972222,73.8325,0.225681769
20.39,73.71861111,0.155464892
20.39,73.72416667,0.170526703
20.39,73.8325,0.351207092
20.39027778,73.72472222,0.476364306
20.39055556,73.71916667,0.080217185
20.39055556,73.72527778,0.260805546
20.39055556,74.04416667,0.050124237
20.39055556,74.05527778,0.030062272
20.39083333,73.72416667,0.150464738
20.39083333,74.0525,0.160495721
20.39111111,74.06805556,0.095278996
20.39138889,73.71972222,0.015031136
20.39166667,73.70861111,0.065186049
20.39166667,73.72527778,0.180557686
20.39194444,73.84222222,0.10027915
20.39194444,73.84555556,0.075217031
20.39194444,73.84722222,0.366238228
20.39222222,74.0675,0.185557839
20.39277778,74.03861111,0.215650787
20.39277778,74.25583333,0.135402926
20.39305556,73.72611111,0.200619651
20.39305556,73.84694444,0.105309979
20.39333333,73.84944444,0.055155066
20.39361111,73.7275,0.105309979
20.39388889,73.38444444,0.025062118
20.39527778,74.2575,0.140433756
20.39555556,74.25777778,0.160495721
20.39583333,74.2575,0.065186049
20.39583333,74.25777778,0.110310132
20.39611111,74.2575,0.145433909
20.39611111,74.25777778,0.215650787
20.39638889,73.84916667,0.020031289
20.39666667,74.10083333,0.220681616
20.39694444,73.84888889,0.040093254
20.39777778,73.84888889,0.075217031
20.39805556,76.00888889,0.021166293
20.39888889,73.84916667,0.10027915
20.39888889,75.53805556,0.054142765
20.39916667,73.84916667,0.010000307
20.39972222,73.84916667,0.095278996
20.39972222,74.27527778,0.110310132
20.39972222,74.32194444,0.060155219
20.4,74.32,0.10027915
20.4,74.3275,0.075217031
20.40027778,73.84888889,0.120341115
20.40027778,74.26333333,0.210650633
20.40027778,74.275,0.240743581
20.40055556,74.10305556,0.336175956
20.40055556,74.275,0.446302034
20.40083333,73.98777778,0.326052946
20.40083333,73.99,0.205619804
20.40083333,74.02416667,0.10027915
20.40083333,74.27527778,0.085248014
20.40083333,74.33,0.155464892
20.40111111,74.02416667,0.115340961
20.40138889,73.84888889,0.170526703
20.40138889,73.84944444,0.120341115
20.40194444,74.03555556,0.506733335
20.40222222,74.03833333,0.285254149
20.4025,74.02416667,0.165495874
20.4025,74.03861111,0.334335409
20.40333333,73.84972222,0.125371944
20.40416667,73.83277778,0.225681769
20.40416667,74.20694444,0.140433756
20.40527778,74.31805556,0.055155066
20.40555556,73.84916667,0.225681769
20.40583333,73.84916667,0.130402773
20.40777778,74.31472222,0.060155219
20.40805556,73.84833333,0.135402926
20.40833333,73.91638889,0.070186202
20.40833333,75.43361111,0.073437836
20.40861111,73.8525,0.020031289
20.40888889,74.25972222,0.070186202
20.40916667,74.3525,0.170526703
20.41055556,74.71166667,0.098684009
20.41055556,75.43361111,0.098684009
20.41083333,74.3025,0.245743734
20.41194444,74.37083333,0.060155219
20.41194444,76.37611111,0.026319826
20.41222222,74.33555556,0.115340961
20.41305556,74.37611111,0.040093254
20.41333333,74.02666667,0.085248014
20.41333333,74.04333333,0.060155219
20.41333333,74.235,0.095278996
20.41333333,74.3525,0.095278996
20.41333333,74.37666667,0.260805546
20.41361111,75.48666667,0.068253627
20.41666667,74.07555556,0.135402926
20.41666667,74.11194444,0.075217031
20.41666667,74.11638889,0.040093254
20.41694444,73.96944444,0.150464738
20.41694444,73.98944444,0.230712599
20.41694444,74.04027778,0.095278996
20.41694444,74.05055556,0.075278383
20.4175,74.03722222,0.340470567
20.4175,74.095,0.090248167
20.41777778,74.03027778,0.358876039
20.41805556,73.99472222,0.295929323
20.41805556,74.09527778,0.160495721
20.41805556,74.85583333,0.050430995
20.41861111,73.92861111,0.356115218
20.41861111,74.04027778,0.28589834
20.41861111,74.08611111,0.115340961
20.41888889,74.11638889,0.32114482
20.41916667,74.11638889,0.160495721
20.42055556,74.23472222,0.090248167
20.42055556,76.32361111,0.009969631
20.42083333,74.07527778,0.18402405
20.42083333,74.21833333,0.305960306
20.42083333,74.235,0.336175956
20.42083333,74.26833333,0.080217185
20.42083333,74.26861111,0.426362772
20.42111111,74.23472222,0.130402773
20.42138889,74.04027778,0.225681769
20.42138889,75.22638889,0.054142765
20.42138889,75.22666667,0.085309365
20.42194444,74.23277778,0.130402773
20.42222222,74.23055556,0.315929937
20.42333333,74.23361111,0.195588822
20.42444444,76.21194444,0.094205344
20.42833333,74.41388889,0.28589834
20.42833333,74.41416667,0.330961072
20.42861111,74.41444444,0.32114482
20.42916667,74.25694444,0.050124237
20.43055556,76.29361111,0.121660174
20.43277778,76.35,0.015429921
20.43333333,74.06694444,0.150464738
20.43361111,74.01,0.185557839
20.43444444,73.85111111,0.10027915
20.435,73.96944444,0.32114482
20.435,73.97027778,0.315929937
20.435,73.995,0.315929937
20.435,74,0.035093101
20.435,75.16722222,0.073437836
20.43527778,73.97,0.340470567
20.43527778,73.995,0.150280683
20.43555556,73.85388889,0.020031289
20.43611111,74.24166667,0.265836375
20.43722222,74.23472222,0.105309979
20.43805556,76.38833333,0.124635725
20.44083333,74.45305556,0.018528176
20.44083333,76.31,0.134298598
20.44083333,76.31972222,0.129083714
20.4425,75.42027778,0.089021136
20.4425,76.3175,0.13727415
20.44277778,76.28972222,0.126875058
20.44388889,75.63166667,0.031872143
20.44388889,76.33944444,0.135034817
20.44444444,73.85388889,0.025062118
20.44916667,76.31027778,0.126138839
20.45,74.10888889,0.060155219
20.45027778,73.99888889,0.606920458
20.45027778,74.01,0.506733335
20.45027778,74.01027778,0.241970613
20.45027778,74.01055556,0.254578361
20.45027778,74.0325,0.065186049
20.45027778,74.04111111,0.295929323
20.45027778,74.05861111,0.138010368
20.45027778,74.05888889,0.115340961
20.45055556,73.90222222,0.005000153
20.45055556,74.02055556,0.160495721
20.45055556,74.0225,0.060155219
20.45055556,74.03083333,0.149636492
20.45055556,74.03361111,0.085248014
20.45055556,74.04222222,0.185557839
20.45055556,74.08666667,0.160495721
20.45055556,74.09027778,0.351084389
20.45055556,74.09222222,0.030031596
20.45083333,74.05861111,0.105309979
20.45083333,76.21805556,0.118715298
20.45111111,74.0075,0.10027915
20.45111111,74.01055556,0.180557686
20.45138889,75.66805556,0.024448603
20.45194444,74.57916667,0.115340961
20.45222222,73.85222222,0.020031289
20.45222222,74.755,0.140433756
20.45222222,75.58972222,0.063805638
20.45222222,76.02305556,0.065278076
20.45277778,74.26166667,0.32114482
20.45361111,73.72027778,0.050124237
20.45361111,74.87,0.055155066
20.45361111,76.35444444,0.123899506
20.45472222,74.55916667,0.010000307
20.45611111,73.89722222,0.130402773
20.45611111,76.33611111,0.125371944
20.45666667,74.56305556,0.085248014
20.45805556,73.71972222,0.145433909
20.46055556,76.26305556,0.031872143
20.46138889,74.01861111,0.116537317
20.46138889,74.75527778,0.055155066
20.4625,76.32277778,0.060093868
20.46305556,75.44388889,0.049694776
20.46305556,75.49388889,0.080125157
20.46583333,74.59277778,0.055155066
20.46722222,74.01333333,0.225681769
20.4675,74.06138889,0.484646768
20.46805556,75.39611111,0.050430995
20.46833333,73.83555556,0.050124237
20.46833333,73.85083333,0.130402773
20.46833333,75.97416667,0.096444676
20.46861111,73.98972222,0.300592043
20.46861111,74.07694444,0.493849505
20.46888889,74.76527778,0.170526703
20.46916667,73.83222222,0.060155219
20.46972222,73.58583333,0.040093254
20.46972222,74.56361111,0.315929937
20.47027778,75.35055556,0.050430995
20.47055556,73.83222222,0.175526857
20.47055556,74.78666667,0.210650633
20.47055556,75.96055556,0.071198503
20.47111111,75.18638889,0.012791803
20.47138889,74.74444444,0.140433756
20.47166667,74.75972222,0.105309979
20.47222222,74.75944444,0.085248014
20.47361111,74.57777778,0.040093254
20.47361111,75.48555556,0.068253627
20.47444444,74.56416667,0.310960459
20.47444444,74.57972222,0.125371944
20.47472222,75.63944444,0.050430995
20.47527778,75.64333333,0.039295684
20.47555556,75.62694444,0.031135924
20.47611111,75.27472222,0.060830087
20.47694444,74.56888889,0.295929323
20.47694444,74.58166667,0.200619651
20.47694444,74.61361111,0.235712752
20.47694444,74.76805556,0.275867358
20.47694444,75.63777778,0.032608362
20.47722222,73.56138889,0.175526857
20.47722222,74.7175,0.135402926
20.47722222,74.75944444,0.270836529
20.4775,74.62888889,0.240743581
20.47777778,74.74833333,0.025062118
20.47861111,74.35194444,0.240743581
20.47888889,74.35194444,0.040093254
20.48055556,73.83194444,0.366238228
20.48083333,73.85277778,0.085248014
20.48222222,74.76527778,0.025062118
20.4825,75.48777778,0.074174054
20.48305556,75.12138889,0.10027915
20.48333333,73.83333333,0.050124237
20.48333333,73.85,0.240743581
20.48333333,76.08305556,0.025307525
20.48361111,73.85055556,0.070186202
20.48361111,73.99222222,0.521457713
20.48361111,74.00055556,0.125371944
20.48361111,74.02833333,0.105309979
20.48361111,74.08111111,0.055155066
20.48361111,74.61083333,0.31102181
20.48388889,73.98972222,0.155464892
20.48388889,74.00083333,0.32114482
20.48388889,74.01194444,0.070186202
20.48388889,74.04944444,0.315929937
20.48388889,75.89,0.015307218
20.48416667,74.77444444,0.090248167
20.48444444,74.02472222,0.030062272
20.48444444,74.75472222,0.110310132
20.48472222,73.83222222,0.035093101
20.48472222,73.85583333,0.10027915
20.48472222,74.07277778,0.270836529
20.48472222,74.09222222,0.265836375
20.48527778,73.83222222,0.125371944
20.48555556,74.56555556,0.020031289
20.48555556,74.5725,0.381269364
20.48555556,74.76027778,0.085248014
20.48555556,74.77722222,0.083499494
20.48611111,74.77111111,0.045124084
20.48694444,74.74583333,0.055155066
20.48722222,74.75861111,0.035093101
20.4875,74.75777778,0.040093254
20.48833333,74.62527778,0.155464892
20.48888889,74.75888889,0.080217185
20.48916667,74.57,0.075247707
20.48944444,74.61111111,0.160495721
20.49055556,76.31111111,0.026687935
20.49111111,74.78333333,0.145433909
20.49166667,73.85277778,0.065186049
20.49166667,74.74555556,0.030062272
20.49166667,74.75305556,0.030062272
20.49166667,75.30527778,0.055155066
20.49277778,74.59722222,0.190588668
20.49277778,74.76805556,0.210650633
20.49305556,74.73888889,0.025062118
20.49361111,75.45944444,0.01987791
20.49444444,74.74638889,0.065186049
20.49472222,74.56972222,0.025062118
20.495,74.78055556,0.150464738
20.49638889,74.93055556,0.105309979
20.49777778,76.30305556,0.042271235
20.49805556,75.62611111,0.045246787
20.5,74.49388889,0.013528022
20.50027778,75.16083333,0.053406546
20.50055556,74.77,0.105309979
20.50138889,74.74611111,0.080217185
20.50138889,75.68972222,0.024448603
20.50166667,74.74861111,0.105309979
20.50222222,74.74666667,0.10027915
20.50277778,74.76388889,0.190588668
20.50277778,75.63111111,0.063805638
20.50305556,74.75833333,0.315929937
20.50305556,74.75888889,0.195588822
20.50305556,75.43111111,0.067486733
20.50305556,76.17722222,0.109052425
20.50333333,74.76694444,0.045124084
20.50361111,74.74833333,0.065186049
20.50416667,73.72166667,0.160495721
20.50416667,74.765,0.050124237
20.50416667,75.44138889,0.042271235
20.50472222,73.83861111,0.145433909
20.50527778,73.7225,0.140433756
20.50555556,74.75138889,0.085248014
20.50555556,74.76666667,0.10027915
20.50638889,75.63611111,0.055615203
20.50777778,75.53694444,0.053406546
20.50805556,74.26388889,0.165495874
20.50833333,73.72527778,0.165495874
20.50833333,74.76166667,0.135402926
20.50861111,74.75777778,0.015031136
20.50861111,75.68361111,0.098684009
20.51138889,74.76055556,0.130402773
20.51166667,74.43305556,0.090248167
20.51666667,73.86305556,0.195588822
20.51666667,75.58611111,0.036320133
20.51666667,75.71694444,0.020736832
20.51694444,73.86305556,0.255805393
20.51694444,75.65361111,0.017791957
20.51722222,73.86305556,0.040093254
20.51722222,73.86333333,0.195588822
20.51722222,73.86861111,0.145433909
20.51722222,73.88,0.050124237
20.51722222,73.9025,0.145433909
20.5175,73.86305556,0.180557686
20.5175,73.86888889,0.020031289
20.5175,73.88,0.215650787
20.51777778,73.87888889,0.160495721
20.51777778,73.87972222,0.160495721
20.51777778,73.88,0.005000153
20.51777778,73.90194444,0.250774564
20.51944444,74.43888889,0.341084082
20.51944444,74.43916667,0.10027915
20.51972222,74.43888889,0.341084082
20.51972222,74.43944444,0.230712599
20.52277778,75.50666667,0.055185742
20.52388889,76.23305556,0.019264395
20.52555556,73.88166667,0.060155219
20.52555556,74.01722222,0.115340961
20.5275,74.34527778,0.115340961
20.52861111,74.00944444,0.155464892
20.52861111,74.68388889,0.082793951
20.52972222,74.02722222,0.145433909
20.53138889,73.9725,0.210650633
20.53138889,74.03027778,0.010000307
20.53166667,73.8875,0.145433909
20.53194444,75.38361111,0.031810792
20.53222222,73.99666667,0.225681769
20.5325,73.88305556,0.110310132
20.5325,74.03111111,0.050124237
20.53305556,74.74416667,0.060155219
20.53333333,73.86194444,0.045124084
20.53361111,73.87805556,0.045124084
20.53388889,73.86166667,0.230712599
20.53388889,73.87805556,0.180557686
20.53611111,74.46666667,0.030062272
20.53611111,75.27222222,0.050430995
20.53666667,75.80277778,0.055615203
20.53722222,74.02611111,0.045124084
20.53777778,74.02555556,0.085248014
20.53944444,73.93166667,0.366238228
20.53944444,74.44416667,0.195588822
20.53972222,74.44388889,0.210650633
20.54,74.43305556,0.045124084
20.54,74.44388889,0.678701801
20.54027778,74.52888889,0.095278996
20.54055556,74.44416667,0.175526857
20.54055556,74.50388889,0.045124084
20.54055556,74.52916667,0.170526703
20.54055556,74.52944444,0.050124237
20.54083333,74.52916667,0.060155219
20.54194444,76.24555556,0.026933342
20.54333333,75.56361111,0.054142765
20.54388889,73.99916667,0.095278996
20.54388889,74.36166667,0.105309979
20.54472222,74.43111111,0.200619651
20.54472222,74.43972222,0.095278996
20.54472222,74.44,0.165495874
20.545,74.49944444,0.260805546
20.545,74.49972222,0.356115218
20.54527778,74.44166667,0.105309979
20.54555556,74.43305556,0.055155066
20.54694444,74.43305556,0.210650633
20.54805556,73.96555556,0.090248167
20.54833333,73.96861111,0.165495874
20.55,75.33638889,0.045983006
20.55055556,74.52944444,0.260805546
20.55083333,73.96805556,0.060155219
20.55083333,74.52916667,0.175526857
20.55083333,75.33416667,0.130586828
20.55111111,73.77833333,0.010000307
20.55111111,73.78944444,0.10027915
20.55111111,73.80583333,0.125371944
20.55111111,73.96361111,0.055155066
20.55166667,73.70694444,0.060155219
20.55166667,73.78388889,0.035093101
20.55166667,73.78416667,0.055155066
20.55166667,74.52833333,0.356115218
20.55194444,73.80638889,0.070186202
20.55194444,74.52861111,0.336175956
20.55222222,73.78916667,0.150464738
20.55222222,73.80416667,0.080217185
20.5525,73.80694444,0.090248167
20.55305556,73.80777778,0.120341115
20.55361111,73.79472222,0.180557686
20.55361111,73.80305556,0.10027915
20.55416667,75.14388889,0.032025522
20.55472222,75.9425,0.245375625
20.55472222,76.02805556,0.089757355
20.555,73.80305556,0.10027915
20.555,73.80861111,0.160495721
20.55583333,73.80305556,0.085248014
20.55611111,73.795,0.110310132
20.55611111,74.02611111,0.135402926
20.55694444,73.79472222,0.080217185
20.55694444,76.02333333,0.025399552
20.55722222,74.73972222,0.057333047
20.5575,73.90888889,0.060155219
20.5575,73.90916667,0.050124237
20.55777778,73.70416667,0.240743581
20.55777778,73.79055556,0.050124237
20.55777778,73.80583333,0.150464738
20.55805556,73.90888889,0.050124237
20.55972222,74.78527778,0.140433756
20.56055556,74.40638889,0.356115218
20.56055556,74.40666667,0.536795607
20.56055556,74.53888889,0.185557839
20.56055556,74.53916667,0.501518451
20.56083333,73.82972222,0.065186049
20.56083333,74.40611111,0.31102181
20.56083333,74.53888889,0.431270898
20.56083333,74.53916667,0.431270898
20.56583333,74.4525,0.018804258
20.56777778,75.72027778,0.062302525
20.56833333,73.9975,0.185557839
20.57,74.44,0.130402773
20.57027778,74.44,0.10027915
20.57027778,74.44027778,0.190588668
20.57027778,75.60666667,0.155464892
20.57055556,74.44027778,0.240743581
20.57083333,73.82916667,0.125371944
20.5725,74.40555556,0.055155066
20.57277778,74.40583333,0.175526857
20.57277778,74.40638889,0.090248167
20.57277778,74.54472222,0.40642351
20.57277778,74.545,0.330961072
20.57277778,74.54527778,0.275867358
20.57277778,74.54555556,0.10027915
20.57305556,74.40611111,0.230712599
20.57305556,74.54555556,0.055155066
20.57361111,73.82944444,0.336175956
20.57388889,74.01972222,0.045124084
20.57416667,74.00722222,0.050124237
20.57416667,74.67222222,0.020031289
20.57444444,73.82944444,0.111813246
20.57555556,74.01694444,0.01500046
20.57583333,74.02472222,0.035093101
20.57722222,73.99944444,0.008466517
20.5775,74.1125,0.085861529
20.57805556,75.19333333,0.067486733
20.57861111,75.37361111,0.059326973
20.57916667,74.67388889,0.110310132
20.5825,74.48555556,0.027516181
20.58277778,73.92166667,0.180557686
20.58333333,73.97611111,0.070186202
20.58416667,74.12972222,0.130341422
20.58472222,74.52861111,0.180557686
20.58472222,75.76444444,0.092732906
20.585,74.52833333,0.260805546
20.585,74.52888889,0.396239148
20.58527778,74.57861111,0.38617749
20.58666667,73.78805556,0.135402926
20.58666667,74.63611111,0.185557839
20.58694444,75.18194444,0.041535016
20.59,73.99694444,0.110310132
20.59027778,73.99638889,0.356115218
20.59027778,73.99722222,0.270836529
20.59055556,73.82916667,0.120371791
20.59055556,73.93055556,0.275867358
20.59055556,73.99583333,0.210650633
20.59055556,73.99666667,0.030062272
20.59083333,73.92972222,0.115340961
20.59083333,73.99638889,0.235712752
20.59083333,73.99666667,0.025062118
20.59111111,73.99583333,0.336175956
20.59111111,73.99638889,0.080217185
20.59111111,73.99694444,0.045124084
20.59111111,73.99722222,0.105309979
20.59138889,73.83472222,0.10027915
20.59138889,73.99444444,0.119604896
20.59138889,73.99722222,0.020031289
20.59138889,73.99777778,0.105279303
20.59138889,75.50527778,0.057179668
20.59166667,73.93111111,0.110310132
20.59166667,73.93166667,0.165495874
20.59166667,73.99777778,0.150464738
20.59166667,73.99805556,0.145433909
20.59166667,73.99916667,0.195588822
20.59166667,75.59444444,0.090493573
20.59194444,73.93166667,0.055155066
20.59194444,73.99833333,0.035093101
20.59194444,74.00388889,0.255805393
20.59222222,73.99861111,0.431270898
20.59222222,73.99944444,0.260805546
20.5925,73.93222222,0.065186049
20.5925,73.99861111,0.085248014
20.5925,73.99888889,0.235712752
20.5925,73.99916667,0.160495721
20.5925,73.99944444,0.175526857
20.59277778,73.99777778,0.105309979
20.59277778,73.99805556,0.230712599
20.59277778,73.99861111,0.230712599
20.59277778,73.99916667,0.070186202
20.59305556,73.99888889,0.546611859
20.59333333,73.99861111,0.235712752
20.59333333,73.99888889,0.195588822
20.59333333,73.99944444,0.170526703
20.59333333,75.90944444,0.024939415
20.59361111,73.9325,0.180036197
20.59361111,73.99638889,0.341084082
20.59361111,73.99833333,0.090248167
20.59361111,73.99916667,0.180557686
20.59361111,73.99944444,0.175526857
20.59361111,73.99972222,0.175526857
20.59388889,73.99777778,0.105309979
20.59388889,73.99861111,0.125371944
20.59388889,73.99944444,0.200619651
20.59416667,73.9325,0.070186202
20.59416667,73.99916667,0.040093254
20.59416667,75.58722222,0.125371944
20.59444444,74.74638889,0.008803951
20.59638889,75.14777778,0.018804258
20.59666667,74.475,0.080217185
20.59666667,75.91416667,0.091260468
20.59805556,75.42305556,0.085309365
20.59805556,75.59527778,0.091229792
