17.895,73.401,0.063311
17.895,73.401,0.061832
17.895,73.402,0.060354
17.895,73.403,0.064789
17.895,73.403,0.058875
17.895,73.404,0.060354
17.895,73.404,0.061832
17.895,73.404,0.058875
17.895,73.405,0.064789
17.895,73.406,0.064789
17.895,73.407,0.060354
17.895,73.409,0.061832
17.895,73.434,0.060354
17.895,73.481,0.061832
17.895,73.482,0.061832
17.913,74.903,0.084885
17.913,74.64,0.028631
17.929,75.364,0.078567
17.942,74.883,0.086498
17.947,74.874,0.070435
17.947,74.875,0.063512
17.949,74.846,0.088648
17.949,74.847,0.082196
17.95,74.847,0.083809
17.95,74.846,0.089589
17.95,74.847,0.083003
17.95,74.852,0.089925
17.951,74.846,0.12252
17.951,74.848,0.1236
17.951,74.848,0.088648
17.951,74.856,0.12319
17.951,74.876,0.089589
17.951,74.854,0.068889
17.951,74.854,0.069561
17.951,74.856,0.068755
17.952,74.848,0.089925
17.952,74.851,0.084616
17.952,74.858,0.090396
17.952,74.865,0.0826
17.952,74.853,0.095369
17.952,74.857,0.10343
17.952,74.852,0.088648
17.953,74.87,0.12252
17.953,74.856,0.089321
17.953,74.85,0.12252
17.953,74.857,0.089321
17.953,74.857,0.093286
17.953,74.849,0.12333
17.953,74.856,0.082196
17.953,74.866,0.089993
17.953,74.876,0.068889
17.954,74.849,0.082196
17.954,74.896,0.09873
17.955,74.862,0.089993
17.955,74.884,0.096713
17.955,74.87,0.093286
17.955,74.835,0.081928
17.955,74.861,0.089321
17.955,74.861,0.082868
17.955,74.861,0.090261
17.955,74.862,0.089724
17.956,74.849,0.081928
17.956,74.856,0.12373
17.956,74.862,0.082196
17.956,74.866,0.086094
17.956,74.867,0.084616
17.956,74.873,0.082868
17.956,74.876,0.0826
17.956,74.873,0.090127
17.956,74.874,0.085221
17.956,74.877,0.083877
17.956,74.872,0.1029
17.956,74.875,0.068889
17.956,74.849,0.097386
17.956,74.872,0.088917
17.956,74.876,0.089993
17.957,74.851,0.077895
17.957,74.876,0.089052
17.957,74.853,0.11553
17.957,74.855,0.0826
17.957,74.859,0.083809
17.957,74.85,0.075207
17.957,74.86,0.093286
17.957,74.869,0.083003
17.957,74.875,0.076954
17.958,74.891,0.077223
17.958,74.85,0.11083
17.958,74.866,0.082868
17.958,74.872,0.0826
17.958,74.878,0.083272
17.958,74.856,0.064453
17.958,74.86,0.091606
17.959,74.888,0.070233
17.959,74.857,0.084616
17.959,74.877,0.086632
17.959,74.854,0.077223
17.959,74.856,0.10881
17.959,74.865,0.089993
17.959,74.895,0.075207
17.959,74.851,0.081928
17.959,74.876,0.083809
17.959,74.878,0.083809
17.96,74.873,0.083272
17.96,74.895,0.10814
17.96,75.521,0.083944
17.96,74.859,0.093286
17.96,74.86,0.083541
17.96,74.874,0.082196
17.96,74.868,0.075476
17.96,74.914,0.077895
17.961,74.855,0.095369
17.961,74.859,0.083272
17.961,74.861,0.083809
17.961,74.862,0.089052
17.961,74.867,0.079844
17.961,74.875,0.090799
17.961,74.857,0.1162
17.961,74.861,0.083809
17.961,74.894,0.07682
17.961,74.904,0.10881
17.961,74.914,0.10881
17.961,74.853,0.10276
17.961,74.865,0.088917
17.961,74.911,0.084885
17.961,75.091,0.05706
17.961,74.859,0.090261
17.961,74.861,0.083809
17.961,74.874,0.09053
17.961,74.874,0.12192
17.961,74.916,0.11486
17.962,74.858,0.10881
17.962,74.859,0.090194
17.962,74.862,0.093286
17.962,74.863,0.090194
17.962,74.88,0.075207
17.962,74.903,0.077223
17.962,74.864,0.12333
17.962,74.903,0.10142
17.962,74.903,0.090665
17.962,74.853,0.077895
17.962,74.864,0.093286
17.962,74.865,0.068755
17.962,74.879,0.090597
17.962,74.885,0.088245
17.962,74.893,0.067142
17.962,74.858,0.097386
17.962,74.866,0.083809
17.962,74.872,0.070233
17.962,74.877,0.11486
17.962,74.885,0.12091
17.963,74.865,0.11486
17.963,74.87,0.8971
17.963,74.873,0.10478
17.963,74.886,0.068419
17.963,74.904,0.084616
17.963,74.905,0.075207
17.963,74.867,0.088648
17.963,74.886,0.074535
17.963,74.904,0.084616
17.963,74.915,0.077223
17.963,74.916,0.11419
17.963,74.857,0.0826
17.963,74.886,0.084616
17.963,74.897,0.075207
17.964,74.873,0.083608
17.964,74.903,0.078298
17.964,74.857,0.077895
17.964,74.877,0.084952
17.964,74.88,0.076954
17.964,74.868,0.083272
17.964,74.87,0.11486
17.964,74.874,0.09053
17.964,74.922,0.082196
17.964,74.867,0.069494
17.964,74.87,0.090329
17.964,74.88,0.10485
17.964,74.904,0.081928
17.965,74.882,0.090396
17.965,74.886,0.068351
17.965,74.914,0.089321
17.965,74.88,0.09053
17.965,74.915,0.081928
17.965,74.858,0.06647
17.965,74.881,0.098394
17.965,74.892,0.10881
17.965,74.903,0.084616
17.965,74.922,0.076215
17.966,74.863,0.070435
17.966,74.872,0.069494
17.966,74.914,0.077895
17.966,74.917,0.095369
17.966,74.896,0.10948
17.966,74.874,0.070233
17.966,74.881,0.11083
17.966,74.903,0.097386
17.966,74.918,0.10411
17.966,74.883,0.11956
17.966,74.883,0.084952
17.966,74.891,0.081255
17.966,74.892,0.095369
17.966,74.918,0.10881
17.966,74.921,0.089321
17.966,74.932,0.10485
17.967,74.867,0.084952
17.967,74.904,0.097386
17.967,74.91,0.0826
17.967,74.865,0.10511
17.967,74.876,0.1031
17.967,74.867,0.070233
17.967,74.875,0.10478
17.967,74.905,0.10948
17.968,74.873,0.098394
17.968,74.879,0.06983
17.968,74.881,0.078903
17.968,74.868,0.069494
17.968,74.869,0.12326
17.968,74.881,0.07897
17.968,74.892,0.068486
17.968,74.87,0.11486
17.968,74.877,0.062773
17.968,74.881,0.10384
17.968,74.902,0.078433
17.968,74.894,0.071846
17.968,74.916,0.075207
17.969,74.881,0.082936
17.969,74.905,0.085422
17.969,74.914,0.10881
17.969,74.868,0.092009
17.969,74.88,0.069494
17.969,74.883,0.083339
17.969,74.909,0.077626
17.969,74.878,0.1031
17.969,74.882,0.10384
17.969,74.919,0.11486
17.969,74.865,0.11654
17.969,74.874,0.095235
17.969,74.881,0.11029
17.969,74.892,0.053633
17.969,74.893,0.071577
17.969,74.913,0.095369
17.969,74.92,0.075207
17.97,74.862,0.093891
17.97,74.905,0.07319
17.97,74.861,0.10384
17.97,74.879,0.10478
17.97,74.88,0.10007
17.97,74.883,0.090866
17.97,74.891,0.083944
17.97,74.891,0.095369
17.97,74.893,0.075207
17.97,74.975,0.077895
17.97,74.873,0.10142
17.97,74.885,0.10377
17.97,74.891,0.076148
17.97,74.893,0.07272
17.97,74.897,0.085288
17.97,74.904,0.081255
17.97,74.92,0.077895
17.971,74.874,0.099402
17.971,74.887,0.06983
17.971,74.877,0.099738
17.971,74.892,0.067545
17.971,74.913,0.0826
17.971,74.887,0.069494
17.971,74.896,0.60676
17.971,74.901,0.095369
17.971,74.916,0.077223
17.971,74.869,0.076887
17.971,74.879,0.092815
17.971,74.881,0.084683
17.971,74.896,0.072249
17.971,74.907,0.066335
17.972,74.87,0.070166
17.972,74.887,0.074602
17.972,74.892,0.054775
17.972,74.896,0.07272
17.972,74.866,0.078365
17.972,74.874,0.10377
17.972,74.873,0.07319
17.972,74.887,0.069494
17.973,74.895,0.083944
17.973,74.862,0.079105
17.973,74.863,0.074535
17.973,74.865,0.069494
17.973,74.873,0.068351
17.973,74.879,0.073594
17.973,74.906,0.081255
17.973,74.864,0.086632
17.973,74.881,0.07319
17.973,74.875,0.070233
17.973,74.901,0.077223
17.974,74.861,0.098058
17.974,74.874,0.062773
17.974,74.876,0.068351
17.974,74.879,0.076215
17.974,74.912,0.068351
17.974,74.906,0.091337
17.974,74.899,0.095369
17.974,74.564,0.043282
17.974,74.862,0.1031
17.974,74.894,0.067142
17.974,74.894,0.084818
17.974,74.897,0.10814
17.974,74.897,0.08139
17.975,74.87,0.10142
17.975,74.871,0.06983
17.975,74.881,0.083675
17.975,74.863,0.124
17.976,74.871,0.091337
17.976,74.881,0.093017
17.976,74.904,0.078567
17.976,74.863,0.10397
17.976,74.871,0.083608
17.976,74.864,0.096377
17.976,74.872,0.077962
17.976,74.887,0.084952
17.976,74.872,0.094563
17.976,74.873,0.084952
17.977,74.869,0.071174
17.977,74.887,0.096377
17.977,74.862,0.12158
17.977,74.866,0.1152
17.977,74.873,0.10478
17.977,74.907,0.085288
17.977,74.881,0.083944
17.977,74.891,0.10814
17.977,74.901,0.011762
17.977,74.863,0.088044
17.977,74.869,0.0826
17.977,74.88,0.089657
17.977,74.885,0.075207
17.977,74.904,0.081928
17.978,74.873,0.11486
17.978,74.89,0.081928
17.978,74.906,0.097386
17.978,74.886,0.06647
17.978,74.9,0.090261
17.978,74.908,0.10841
17.978,74.909,0.083675
17.979,74.865,0.1236
17.979,74.879,0.090396
17.979,74.896,0.085288
17.979,74.905,0.079239
17.979,74.906,0.084347
17.979,74.877,0.074535
17.979,74.89,0.074535
17.979,74.866,0.10384
17.979,74.871,0.093756
17.979,74.886,0.068351
17.979,74.89,0.077895
17.979,74.897,0.084616
17.979,74.899,0.076148
17.979,74.863,0.10814
17.979,74.866,0.095235
17.979,74.879,0.078231
17.979,74.89,0.097386
17.979,74.904,0.085624
17.98,74.863,0.10142
17.98,74.868,0.083608
17.98,74.869,0.077895
17.98,74.87,0.1072
17.98,74.893,0.081928
17.98,74.908,0.083003
17.98,74.904,0.097386
17.98,74.904,0.12763
17.98,74.865,0.095235
17.98,74.868,0.12326
17.98,74.871,0.076887
17.98,74.889,0.09873
17.98,74.908,0.11284
17.98,74.923,0.073862
17.981,74.879,0.067007
17.981,74.886,0.069494
17.981,74.903,0.095369
17.981,74.904,0.085691
17.981,74.864,0.10478
17.981,74.88,0.10384
17.981,74.888,0.094697
17.981,74.889,0.081255
17.981,74.898,0.077223
17.981,74.981,0.075207
17.981,74.888,0.081255
17.981,74.912,0.06862
17.982,74.836,0.11486
17.982,74.872,0.1236
17.982,74.889,0.10881
17.982,74.905,0.10881
17.982,74.907,0.070099
17.982,74.874,0.11654
17.982,74.878,0.071174
17.982,74.88,0.076215
17.982,74.889,0.11083
17.982,74.898,0.07897
17.982,74.906,0.065932
17.982,74.907,0.10478
17.982,74.852,0.10377
17.982,74.891,0.097386
17.982,74.909,0.074803
17.983,74.885,0.12393
17.983,74.898,0.085288
17.983,74.905,0.087976
17.983,74.869,0.10814
17.983,74.879,0.080315
17.983,74.863,0.096377
17.983,74.892,0.10814
17.983,74.909,0.090799
17.983,74.907,0.090127
17.984,74.879,0.098394
17.984,74.902,0.056321
17.984,74.906,0.063781
17.984,74.882,0.10478
17.984,74.887,0.093353
17.984,74.873,0.1236
17.984,74.881,0.10485
17.984,74.888,0.09705
17.984,74.889,0.083944
17.984,74.904,0.083944
17.985,74.881,0.11654
17.985,74.892,0.083944
17.985,74.907,0.10343
17.985,74.874,0.097789
17.985,74.897,0.09174
17.986,74.869,0.09174
17.986,74.891,0.065797
17.986,74.901,0.055178
17.986,74.905,0.068486
17.986,74.908,0.12158
17.986,74.866,0.083944
17.986,74.868,0.083944
17.986,74.87,0.10478
17.986,74.881,0.096041
17.986,74.884,0.068351
17.986,74.887,0.11486
17.986,74.894,0.095369
17.986,74.865,0.084616
17.986,74.895,0.081928
17.987,74.869,0.078298
17.987,74.871,0.072249
17.987,74.882,0.076215
17.987,74.895,0.077895
17.987,74.872,0.10142
17.987,74.904,0.12158
17.987,74.905,0.063781
17.987,74.875,0.09053
17.987,74.89,0.078567
17.987,74.906,0.051011
17.987,74.908,0.050205
17.988,74.886,0.10619
17.988,74.89,0.10854
17.988,74.887,0.081255
17.988,74.898,0.081928
17.988,74.901,0.12225
17.988,74.887,0.096377
17.988,74.89,0.075207
17.988,74.897,0.11217
17.988,74.957,0.055716
17.988,74.873,0.069494
17.988,74.878,0.069023
17.988,74.89,0.083944
17.988,74.895,0.11486
17.988,74.909,0.077895
17.989,74.875,0.077089
17.989,74.877,0.075543
17.989,74.916,0.10713
17.989,74.87,0.072384
17.989,74.874,0.077895
17.989,74.876,0.11352
17.989,74.877,0.10444
17.989,74.878,0.099402
17.989,74.906,0.10612
17.989,74.866,0.085691
17.989,74.892,0.063445
17.989,74.905,0.074803
17.989,74.906,0.069158
17.989,74.903,0.055246
17.989,74.904,0.078903
17.99,74.876,0.073728
17.99,74.892,0.088648
17.99,74.897,0.13099
17.99,74.898,0.063109
17.99,74.905,0.083944
17.99,74.865,0.096041
17.99,74.867,0.067142
17.99,74.869,0.11654
17.99,74.878,0.083944
17.99,74.892,0.079239
17.99,74.897,0.05538
17.99,74.908,0.083944
17.99,74.908,0.068351
17.991,74.865,0.10478
17.991,74.874,0.069494
17.991,74.908,0.10249
17.991,74.552,0.070368
17.991,74.864,0.083944
17.991,74.869,0.066335
17.991,74.878,0.10343
17.991,74.865,0.078567
17.991,74.869,0.11486
17.991,74.876,0.11056
17.991,74.884,0.069158
17.991,74.891,0.056724
17.991,74.897,0.065797
17.991,74.586,0.067007
17.991,74.873,0.082936
17.991,74.876,0.10478
17.991,74.877,0.099402
17.992,74.878,0.1031
17.992,74.886,0.1236
17.992,74.896,0.095369
17.992,74.865,0.077357
17.992,74.87,0.077962
17.992,74.872,0.095705
17.992,74.888,0.11486
17.992,76.336,0.074736
17.992,74.875,0.077895
17.992,74.889,0.11755
17.992,74.759,0.13502
17.992,74.897,0.054372
17.993,74.876,0.076215
17.993,74.88,0.090396
17.993,74.888,0.10814
17.993,74.888,0.084952
17.993,74.903,0.06815
17.993,74.904,0.095369
17.993,74.866,0.080247
17.993,74.878,0.076887
17.993,74.896,0.08596
17.993,74.904,0.072249
17.994,74.872,0.080449
17.994,74.876,0.070368
17.994,74.884,0.067746
17.994,74.903,0.065797
17.994,74.875,0.095235
17.994,74.886,0.083608
17.994,74.902,0.058068
17.994,74.939,0.082331
17.994,74.871,0.084616
17.994,74.884,0.077895
17.994,74.885,0.076215
17.994,74.893,0.064453
17.995,74.884,0.10377
17.995,74.892,0.055178
17.995,74.898,0.10579
17.995,74.872,0.077895
17.995,74.878,0.12494
17.995,74.882,0.077895
17.995,74.89,0.097386
17.995,74.896,0.1283
17.995,74.902,0.05538
17.995,74.934,0.11553
17.995,74.877,0.10485
17.995,74.882,0.076954
17.996,74.878,0.096041
17.996,74.88,0.1115
17.996,74.884,0.06983
17.996,74.903,0.065797
17.996,74.867,0.076887
17.996,74.874,0.068351
17.996,74.887,0.10948
17.996,74.889,0.1031
17.996,74.895,0.069158
17.996,74.869,0.078097
17.996,74.873,0.084952
17.996,74.875,0.079911
17.996,74.887,0.073862
17.997,74.25,0.095369
17.997,74.881,0.12158
17.997,74.892,0.12561
17.997,74.906,0.10478
17.997,74.875,0.091337
17.997,74.878,0.095235
17.997,74.894,0.091337
17.997,74.898,0.088783
17.997,74.902,0.078567
17.997,74.87,0.10511
17.997,74.88,0.11486
17.997,74.885,0.071174
17.997,74.896,0.10478
17.997,74.87,0.083675
17.997,74.877,0.062773
17.997,74.879,0.076551
17.997,74.88,0.10142
17.997,74.887,0.075476
17.997,74.889,0.083944
17.997,74.892,0.10276
17.997,74.893,0.094697
17.997,74.899,0.06358
17.997,74.902,0.069494
17.998,74.863,0.09053
17.998,74.873,0.068351
17.998,74.875,0.065529
17.998,74.897,0.073526
17.998,74.871,0.083608
17.998,74.874,0.12259
17.998,74.888,0.088917
17.998,74.893,0.10579
17.998,74.897,0.075879
17.998,74.899,0.055178
17.998,74.902,0.061227
17.998,74.904,0.077895
17.999,74.864,0.069494
17.999,74.869,0.11123
17.999,74.875,0.069494
17.999,74.881,0.075207
17.999,74.888,0.081928
17.999,74.92,0.095369
17.999,74.864,0.097386
17.999,74.865,0.10505
17.999,74.868,0.099469
17.999,74.869,0.064453
17.999,74.879,0.1162
17.999,74.889,0.077223
17.999,74.862,0.081928
17.999,74.873,0.10948
17.999,74.881,0.077223
18,74.865,0.099267
18,74.88,0.10982
18,74.888,0.0826
18,74.891,0.083944
18,74.894,0.076551
18,74.896,0.054439
18,74.896,0.087976
18,73.5,0.215
18,74.868,0.082936
18,74.889,0.096041
18,74.883,0.081928
18,74.954,0.09342
18.001,74.877,0.084616
18.001,74.889,0.096041
18.001,74.866,0.091337
18.001,74.873,0.10209
18.001,74.884,0.076551
18.001,74.89,0.083944
18.001,74.891,0.075207
18.001,74.862,0.0826
18.001,74.863,0.089321
18.001,74.865,0.10411
18.001,74.878,0.088245
18.001,74.865,0.10881
18.001,74.874,0.077223
18.001,74.882,0.10276
18.001,74.884,0.077223
18.002,74.878,0.11486
18.002,74.872,0.094697
18.002,74.873,0.11486
18.002,74.875,0.095369
18.002,74.886,0.083944
18.002,74.868,0.081928
18.002,74.88,0.095369
18.003,74.862,0.075207
18.003,74.878,0.096041
18.003,74.887,0.10881
18.003,74.89,0.1152
18.003,74.867,0.075207
18.003,74.876,0.096041
18.003,74.882,0.10881
18.003,74.929,0.083944
18.003,74.862,0.077895
18.003,74.882,0.10881
18.003,74.876,0.10276
18.003,74.879,0.075879
18.003,75.019,0.057127
18.004,74.868,0.075879
18.004,74.867,0.10411
18.004,74.869,0.079911
18.004,74.907,0.1236
18.004,74.882,0.096041
18.005,74.869,0.081928
18.005,74.874,0.11499
18.005,74.876,0.10881
18.005,74.877,0.10411
18.005,74.862,0.10343
18.005,74.868,0.1162
18.005,74.873,0.10155
18.005,74.866,0.10881
18.005,74.87,0.071174
18.005,74.877,0.081928
18.006,74.863,0.075879
18.006,74.861,0.10881
18.006,74.865,0.083944
18.006,74.869,0.077223
18.006,74.874,0.084616
18.006,74.884,0.096041
18.007,74.866,0.11499
18.007,74.874,0.11499
18.007,74.879,0.10881
18.007,74.882,0.081928
18.007,74.969,0.076887
18.007,74.87,0.11486
18.007,74.875,0.077223
18.008,74.865,0.089321
18.008,74.871,0.095369
18.008,74.881,0.074535
18.008,74.874,0.081928
18.008,74.887,0.1035
18.008,74.866,0.083944
18.008,74.875,0.089321
18.008,74.88,0.077223
18.009,74.861,0.075207
18.009,74.862,0.1152
18.009,74.864,0.10881
18.009,74.864,0.097386
18.009,74.895,0.056724
18.009,74.866,0.076551
18.009,74.87,0.081928
18.009,74.871,0.081928
18.009,74.883,0.077895
18.009,74.884,0.0826
18.009,74.862,0.088648
18.009,74.871,0.077223
18.009,74.879,0.095369
18.009,75.571,0.078433
18.01,74.866,0.071174
18.01,74.86,0.10814
18.01,74.872,0.089993
18.01,74.881,0.11486
18.01,74.863,0.074535
18.01,74.87,0.065125
18.01,74.88,0.10881
18.011,74.865,0.075207
18.011,74.967,0.087304
18.011,74.87,0.065797
18.011,74.871,0.0826
18.011,74.875,0.12124
18.011,74.877,0.10276
18.011,74.873,0.077223
18.012,74.859,0.11016
18.012,74.861,0.068486
18.012,74.866,0.16251
18.012,74.869,0.094697
18.012,74.873,0.11486
18.012,74.866,0.058404
18.012,74.87,0.096713
18.012,74.864,0.088648
18.013,74.866,0.078567
18.013,74.866,0.067142
18.014,74.87,0.10881
18.014,74.86,0.10814
18.014,74.866,0.081928
18.014,74.869,0.11419
18.014,74.857,0.10814
18.014,74.862,0.075207
18.014,74.864,0.091337
18.014,74.864,0.081928
18.014,74.868,0.094697
18.014,74.858,0.15277
18.015,74.86,0.061765
18.015,74.874,0.081928
18.015,74.867,0.12225
18.015,74.859,0.058741
18.016,74.861,0.065797
18.016,74.868,0.094697
18.016,74.161,0.054439
18.016,74.868,0.10814
18.016,74.882,0.079911
18.016,74.859,0.095369
18.016,74.866,0.081928
18.016,75.012,0.095235
18.017,74.859,0.092009
18.017,74.861,0.068486
18.017,74.868,0.078567
18.017,74.869,0.13328
18.017,74.963,0.083944
18.017,74.974,0.078298
18.017,74.865,0.054372
18.017,74.861,0.061765
18.017,74.963,0.097251
18.018,74.86,0.058741
18.018,74.866,0.052356
18.018,74.972,0.083944
18.018,74.974,0.085422
18.018,74.855,0.10814
18.018,74.963,0.098864
18.018,74.964,0.089993
18.018,74.969,0.081928
18.018,74.89,0.13811
18.018,74.965,0.080315
18.019,74.978,0.091337
18.019,74.886,0.073728
18.019,74.959,0.1031
18.019,74.971,0.09873
18.019,74.964,0.09705
18.019,74.968,0.068351
18.019,74.973,0.084616
18.019,75.173,0.070435
18.019,74.863,0.065663
18.02,74.862,0.070502
18.02,74.859,0.061093
18.02,74.955,0.079105
18.02,74.965,0.089657
18.02,74.971,0.076887
18.02,74.968,0.09873
18.02,75.012,0.1039
18.02,75.56,0.091337
18.021,74.859,0.068486
18.021,74.974,0.091337
18.021,74.859,0.16742
18.021,74.85,0.077895
18.021,74.863,0.070099
18.021,74.968,0.096848
18.022,74.864,0.075207
18.022,74.897,0.065125
18.022,74.971,0.089993
18.022,74.974,0.081928
18.022,74.865,0.067142
18.023,74.863,0.075207
18.023,75.003,0.048458
18.023,74.865,0.058404
18.023,74.863,0.083944
18.023,74.968,0.084952
18.023,74.972,0.092009
18.024,74.864,0.063781
18.024,74.972,0.094025
18.024,74.862,0.072249
18.024,74.866,0.066335
18.024,74.971,0.079777
18.024,74.958,0.085288
18.025,74.857,0.12091
18.025,74.858,0.066335
18.025,74.863,0.075207
18.025,74.865,0.067142
18.025,74.868,0.083944
18.025,74.865,0.077223
18.026,74.856,0.083944
18.026,74.861,0.083272
18.026,74.854,0.084683
18.026,74.868,0.098461
18.026,73.722,0.020095
18.026,74.864,0.072922
18.026,74.974,0.083944
18.027,74.85,0.077895
18.027,74.867,0.077223
18.027,74.861,0.073862
18.027,74.863,0.085288
18.027,74.858,0.095369
18.027,74.854,0.066335
18.027,74.857,0.099402
18.027,74.859,0.065797
18.027,74.867,0.084616
18.028,74.863,0.095369
18.028,74.865,0.09174
18.028,74.847,0.085288
18.028,74.853,0.072115
18.028,74.854,0.070636
18.028,74.859,0.068217
18.028,74.972,0.10814
18.028,74.849,0.089993
18.029,74.849,0.077223
18.029,74.897,0.067142
18.029,74.978,0.078903
18.029,74.851,0.075207
18.029,74.856,0.10276
18.029,74.86,0.075207
18.029,74.971,0.073594
18.029,74.995,0.068822
18.029,74.853,0.10962
18.029,74.868,0.065797
18.029,74.869,0.071846
18.03,74.976,0.082936
18.03,74.855,0.096713
18.03,74.971,0.095504
18.03,74.996,0.06815
18.03,74.85,0.094697
18.03,74.861,0.0826
18.031,74.849,0.11083
18.031,74.869,0.078298
18.031,74.974,0.088648
18.031,74.865,0.089993
18.031,74.868,0.081928
18.031,74.971,0.084616
18.031,74.851,0.089321
18.031,74.854,0.081928
18.031,74.855,0.10948
18.031,74.868,0.077223
18.032,74.851,0.077895
18.032,74.857,0.10209
18.032,74.975,0.08596
18.032,75.009,0.096982
18.032,74.86,0.076013
18.032,74.868,0.088648
18.032,74.981,0.079911
18.032,74.854,0.081928
18.032,74.852,0.077223
18.032,74.971,0.077626
18.032,74.975,0.07682
18.033,74.858,0.0826
18.033,74.867,0.078567
18.033,74.971,0.084616
18.033,74.973,0.078567
18.033,74.86,0.11083
18.033,74.864,0.075207
18.033,74.975,0.10814
18.033,74.46,0.05538
18.033,74.859,0.075207
18.033,74.973,0.09873
18.034,74.869,0.073862
18.034,74.958,0.089993
18.034,74.962,0.079911
18.034,75.298,0.084616
18.034,74.857,0.071846
18.034,74.861,0.078567
18.034,74.969,0.089321
18.034,74.797,0.073728
18.034,74.853,0.077223
18.034,74.854,0.081928
18.034,74.863,0.083944
18.034,74.966,0.090396
18.034,74.968,0.075207
18.034,74.968,0.075207
18.034,75.011,0.090127
18.034,74.461,0.041132
18.034,74.968,0.095369
18.034,74.969,0.09174
18.035,74.975,0.090329
18.035,74.856,0.094697
18.035,74.863,0.073862
18.035,75.558,0.083809
18.035,74.864,0.066335
18.035,74.866,0.083944
18.035,74.867,0.072518
18.035,74.967,0.077223
18.035,74.967,0.081255
18.035,74.971,0.10411
18.035,74.978,0.090329
18.036,75.554,0.083003
18.036,74.853,0.081928
18.036,74.861,0.065797
18.036,75.557,0.091942
18.036,74.851,0.071846
18.036,74.852,0.077223
18.036,74.857,0.081255
18.036,74.859,0.10142
18.036,74.861,0.059749
18.036,74.863,0.077895
18.036,75.549,0.090597
18.036,74.855,0.076551
18.036,74.858,0.095369
18.036,74.868,0.075207
18.036,74.969,0.085422
18.036,74.969,0.097386
18.036,74.991,0.068351
18.037,74.857,0.077089
18.037,74.965,0.094697
18.037,74.966,0.07897
18.037,75.555,0.089993
18.037,74.864,0.065797
18.037,74.869,0.071577
18.037,74.869,0.066335
18.037,74.86,0.068083
18.037,74.965,0.083944
18.037,74.966,0.094697
18.037,74.968,0.078567
18.038,74.861,0.071846
18.038,75.068,0.077895
18.038,74.853,0.10881
18.038,74.969,0.095773
18.038,75.552,0.091942
18.038,75.555,0.083541
18.038,74.851,0.065797
18.038,75.069,0.075207
18.038,76.204,0.093219
18.038,74.853,0.07682
18.038,74.859,0.12091
18.038,74.961,0.099402
18.038,74.961,0.07682
18.039,75.556,0.089052
18.039,74.852,0.070502
18.039,74.856,0.1156
18.039,74.962,0.075207
18.039,74.859,0.081928
18.039,74.858,0.1236
18.039,74.87,0.084347
18.039,74.958,0.10814
18.039,74.964,0.09174
18.04,74.071,0.095369
18.04,74.851,0.070099
18.04,74.853,0.075207
18.04,74.866,0.067142
18.04,74.878,0.081255
18.04,75.071,0.077895
18.04,75.213,0.15599
18.04,74.871,0.077223
18.04,75.664,0.075207
18.04,74.859,0.097386
18.04,74.863,0.084616
18.04,74.865,0.066335
18.04,74.871,0.078567
18.041,74.858,0.092345
18.041,74.861,0.10814
18.041,74.862,0.097386
18.041,74.956,0.098058
18.041,74.965,0.077223
18.041,74.856,0.071846
18.041,74.856,0.081255
18.041,74.962,0.085288
18.041,74.964,0.067142
18.041,75.558,0.091337
18.041,74.869,0.077223
18.041,74.872,0.097386
18.041,75.552,0.090261
18.041,75.555,0.083877
18.042,74.854,0.075207
18.042,74.869,0.09174
18.042,74.861,0.081928
18.042,74.852,0.077223
18.042,74.857,0.071174
18.042,74.953,0.079911
18.043,74.851,0.076013
18.043,74.074,0.077223
18.043,74.852,0.068217
18.043,75.543,0.082868
18.043,74.853,0.078702
18.043,74.963,0.073056
18.044,74.955,0.081928
18.044,75.568,0.088648
18.044,74.851,0.0826
18.044,74.958,0.092009
18.044,74.853,0.081928
18.044,74.894,0.12158
18.044,74.995,0.083003
18.044,75.561,0.089925
18.044,74.963,0.07682
18.045,74.963,0.06647
18.045,74.963,0.083944
18.046,74.893,0.095369
18.047,75.552,0.071779
18.047,75.561,0.076013
18.047,74.851,0.10814
18.047,74.964,0.075207
18.048,74.802,0.078365
18.048,74.897,0.071846
18.048,74.463,0.042543
18.048,74.869,0.083944
18.048,74.461,0.049735
18.048,75.551,0.084616
18.049,74.864,0.10814
18.049,74.621,0.032193
18.049,75.544,0.091942
18.05,74.852,0.076551
18.05,75.559,0.063109
18.05,75.566,0.083809
18.05,74.451,0.041065
18.05,74.464,0.034545
18.051,74.457,0.051213
18.051,74.801,0.072653
18.051,74.808,0.089321
18.051,74.962,0.081793
18.051,75.574,0.095369
18.051,74.456,0.038645
18.051,75.542,0.085288
18.051,74.889,0.089657
18.052,74.888,0.081255
18.052,74.792,0.076484
18.052,74.803,0.065797
18.052,75.555,0.096041
18.052,74.463,0.037166
18.052,74.891,0.060152
18.052,74.906,0.10975
18.052,74.464,0.040527
18.052,74.89,0.077895
18.052,75.071,0.077223
18.053,74.458,0.041065
18.053,74.908,0.076013
18.053,74.888,0.077895
18.053,74.891,0.076887
18.053,74.9,0.083272
18.053,74.887,0.081255
18.053,74.89,0.076551
18.053,74.905,0.09705
18.053,75.074,0.077223
18.054,74.453,0.049062
18.054,74.465,0.057867
18.054,74.891,0.097386
18.054,74.183,0.072182
18.054,74.458,0.038578
18.054,74.461,0.045097
18.054,75.183,0.073594
18.054,75.408,0.054439
18.054,75.419,0.060354
18.054,75.42,0.079508
18.054,75.632,0.078298
18.054,74.466,0.023389
18.054,74.852,0.077223
18.054,75.571,0.095369
18.054,74.891,0.089589
18.054,74.897,0.1152
18.055,75.586,0.078433
18.055,74.456,0.034276
18.055,74.46,0.041199
18.055,74.888,0.081928
18.055,75.071,0.095369
18.055,74.463,0.036562
18.056,74.463,0.020297
18.056,74.889,0.10975
18.056,74.463,0.08838
18.056,74.895,0.08596
18.056,75.57,0.078702
18.056,74.461,0.0496
18.056,74.889,0.0826
18.056,74.902,0.066806
18.056,74.907,0.082734
18.057,74.905,0.074535
18.057,74.449,0.040392
18.057,74.458,0.041065
18.057,74.464,0.047584
18.057,74.886,0.069494
18.057,74.89,0.098058
18.057,74.901,0.089993
18.057,74.908,0.076551
18.058,74.034,0.036763
18.058,74.458,0.038511
18.058,74.788,0.071779
18.058,74.886,0.089455
18.058,74.905,0.1152
18.058,74.034,0.062101
18.058,74.451,0.050407
18.058,74.456,0.042342
18.058,74.457,0.031454
18.058,74.461,0.048995
18.058,74.461,0.045232
18.058,74.886,0.082936
18.058,74.445,0.048928
18.058,74.463,0.044761
18.058,74.886,0.096377
18.058,73.417,0.10747
18.058,74.461,0.0496
18.058,74.901,0.077895
18.059,74.448,0.041669
18.059,74.179,0.060354
18.059,74.445,0.054641
18.059,74.891,0.067478
18.059,75.566,0.063311
18.059,74.446,0.067881
18.059,74.445,0.046105
18.059,74.46,0.034478
18.059,74.461,0.050138
18.06,74.463,0.0496
18.06,74.464,0.044358
18.06,74.451,0.04792
18.06,74.453,0.055313
18.06,74.459,0.036494
18.06,74.461,0.044358
18.06,74.89,0.077895
18.06,74.896,0.073594
18.06,74.897,0.050339
18.06,74.899,0.077895
18.06,74.453,0.055783
18.06,74.461,0.042207
18.06,75.566,0.10881
18.061,74.903,0.096041
18.061,74.446,0.045568
18.061,74.448,0.040863
18.061,74.449,0.042543
18.061,74.454,0.042543
18.061,74.888,0.10975
18.061,74.895,0.1152
18.061,75.576,0.044425
18.061,74.444,0.049398
18.061,74.446,0.040124
18.061,74.455,0.038578
18.061,74.896,0.058068
18.062,74.459,0.042678
18.062,74.452,0.10061
18.062,74.459,0.054506
18.062,74.446,0.04913
18.062,74.452,0.020633
18.062,74.891,0.098394
18.062,75.549,0.10848
18.062,74.444,0.041669
18.062,74.885,0.088178
18.062,74.888,0.095369
18.062,74.888,0.10384
18.062,74.889,0.090396
18.062,74.89,0.068351
18.062,74.899,0.082734
18.062,74.899,0.10276
18.062,74.901,0.098058
18.063,74.449,0.038175
18.063,74.45,0.038175
18.063,74.463,0.054977
18.063,74.893,0.076215
18.063,74.902,0.10962
18.063,74.997,0.081928
18.063,75.008,0.12346
18.063,74.449,0.039855
18.063,74.462,0.04792
18.063,74.899,0.090396
18.063,74.454,0.051952
18.063,74.458,0.050608
18.063,74.885,0.090329
18.063,74.891,0.084952
18.063,74.891,0.076215
18.063,74.897,0.078567
18.063,74.903,0.075072
18.064,74.444,0.050003
18.064,74.448,0.032529
18.064,74.885,0.070233
18.064,74.892,0.082734
18.064,74.899,0.095235
18.064,74.446,0.036494
18.064,74.447,0.026077
18.064,73.641,0.27549
18.064,74.461,0.10572
18.064,74.463,0.076551
18.064,74.9,0.074871
18.065,74.447,0.045299
18.065,74.451,0.049331
18.065,74.456,0.036562
18.065,74.461,0.14443
18.065,74.458,0.048256
18.065,74.888,0.091337
18.065,74.897,0.094697
18.065,74.901,0.069561
18.065,74.444,0.060152
18.065,74.446,0.052423
18.065,74.452,0.07272
18.065,74.896,0.083608
18.065,74.903,0.089993
18.066,74.46,0.11083
18.066,74.462,0.083944
18.066,74.451,0.077357
18.066,74.452,0.067612
18.066,74.458,0.054641
18.066,74.444,0.060152
18.066,74.459,0.091337
18.066,74.464,0.021372
18.066,74.452,0.0703
18.067,74.446,0.027018
18.067,74.458,0.062504
18.067,74.45,0.073123
18.067,74.453,0.084549
18.067,74.454,0.070502
18.067,74.46,0.050003
18.067,74.082,0.05538
18.067,74.446,0.042543
18.067,74.448,0.042543
18.067,74.988,0.075207
18.067,74.457,0.01277
18.068,74.463,0.066066
18.068,74.893,0.085086
18.068,74.446,0.041132
18.068,74.461,0.094697
18.068,74.885,0.077223
18.068,74.887,0.082936
18.069,74.446,0.038847
18.069,74.459,0.054305
18.069,74.999,0.082936
18.069,74.455,0.055918
18.069,74.905,0.089993
18.069,74.456,0.061227
18.069,74.463,0.068486
18.069,74.889,0.079239
18.069,74.453,0.039586
18.069,74.454,0.056791
18.069,74.455,0.034344
18.069,74.891,0.10881
18.069,75.592,0.081928
18.07,74.456,0.054641
18.07,74.454,0.025472
18.07,74.463,0.075207
18.07,74.826,0.070032
18.07,74.892,0.097386
18.07,74.452,0.06163
18.07,74.455,0.020902
18.071,74.461,0.03058
18.071,74.463,0.061429
18.071,74.888,0.091337
18.071,74.889,0.076685
18.071,75.538,0.051684
18.071,74.453,0.039317
18.071,74.455,0.064789
18.071,74.458,0.054775
18.071,74.807,0.084683
18.071,74.925,0.075879
18.072,74.091,0.066335
18.072,74.891,0.095369
18.072,75.593,0.081928
18.072,74.453,0.10491
18.072,74.991,0.073056
18.072,74.454,0.029975
18.072,74.46,0.040392
18.073,74.458,0.050608
18.073,74.462,0.046979
18.073,74.828,0.070099
18.073,74.894,0.10868
18.073,74.458,0.043551
18.073,74.461,0.055649
18.073,74.807,0.068889
18.073,74.455,0.025943
18.073,74.46,0.089052
18.073,74.461,0.031521
18.073,74.898,0.089993
18.073,74.989,0.099133
18.074,74.448,0.98118
18.074,74.45,0.041468
18.074,74.449,0.038578
18.074,74.459,0.087103
18.074,74.036,0.066268
18.074,74.183,0.070704
18.074,74.183,0.051549
18.074,74.459,0.10283
18.074,74.894,0.10962
18.074,74.898,0.10182
18.074,74.905,0.089455
18.074,75.186,0.067746
18.075,74.906,0.091337
18.075,75.183,0.070704
18.075,75.419,0.055918
18.075,75.584,0.095369
18.075,74.037,0.061832
18.075,74.186,0.058875
18.075,74.454,0.05538
18.075,74.888,0.089993
18.075,74.903,0.077895
18.075,75.419,0.061832
18.075,75.42,0.047113
18.075,74.456,0.036763
18.076,74.452,0.052961
18.076,74.453,0.054641
18.076,74.454,0.0207
18.076,74.449,0.028497
18.076,74.454,0.050071
18.076,74.46,0.038847
18.076,74.45,0.056052
18.076,74.897,0.095369
18.076,75.575,0.076685
18.077,74.455,0.038578
18.077,74.457,0.041199
18.077,74.46,0.039048
18.077,73.691,0.26877
18.077,74.45,0.061362
18.077,74.453,0.040796
18.077,74.455,0.032126
18.077,74.46,0.065394
18.078,74.45,0.033873
18.078,74.994,0.097386
18.078,74.461,0.059749
18.078,74.452,0.93414
18.078,74.454,0.035217
18.078,74.455,0.051079
18.078,74.461,0.052893
18.079,74.086,0.10747
18.079,74.803,0.060891
18.079,74.449,0.056859
18.079,74.461,0.065058
18.079,74.452,0.021171
18.08,74.452,0.040863
18.08,74.454,0.040796
18.08,74.46,0.072317
18.08,74.458,0.050608
18.081,74.458,0.093689
18.081,74.459,0.023254
18.082,74.46,0.071443
18.082,74.455,0.058136
18.082,74.457,0.085355
18.083,74.46,0.060085
18.083,74.455,0.069897
18.084,74.629,0.090597
18.084,74.454,0.045904
18.085,74.454,0.034075
18.085,74.459,0.042879
18.085,75.14,0.057396
18.085,75.571,0.078433
18.085,76.213,0.048256
18.085,74.449,0.027757
18.085,75.572,0.10249
18.086,74.459,0.050138
18.086,74.89,0.070435
18.086,74.105,0.065529
18.086,74.453,0.034276
18.086,74.45,0.034276
18.086,74.45,0.037839
18.087,74.454,0.041401
18.087,74.455,0.088581
18.087,74.636,0.033604
18.087,74.918,0.10377
18.087,74.771,0.09295
18.088,74.455,0.0207
18.088,74.45,0.042543
18.088,73.69,0.12091
18.088,74.77,0.084616
18.089,74.887,0.070099
18.089,74.455,0.041065
18.089,74.774,0.069494
18.089,73.69,0.26877
18.089,74.455,0.10975
18.09,74.453,0.042879
18.09,74.454,0.094832
18.09,74.453,0.048189
18.091,74.453,0.041602
18.091,74.888,0.10048
18.091,74.893,0.10814
18.092,75.899,0.042476
18.092,74.092,0.09752
18.093,75.085,0.085288
18.094,74.904,0.075207
18.094,74.904,0.10498
18.099,74.697,0.052288
18.099,75.509,0.028295
18.102,75.332,0.042543
18.103,74.908,0.070368
18.103,74.872,0.06983
18.103,74.896,0.10511
18.104,74.641,0.084213
18.105,75.07,0.065797
18.105,74.878,0.083541
18.106,75.119,0.044425
18.106,74.916,0.036494
18.107,74.789,0.057396
18.108,74.424,0.10747
18.109,74.644,0.15599
18.11,75.067,0.06815
18.111,74.171,0.054439
18.111,75.065,0.093689
18.111,75.065,0.095369
18.112,75.068,0.09873
18.112,75.071,0.09873
18.112,75.075,0.054506
18.112,75.87,0.076215
18.112,73.751,0.10747
18.113,74.024,0.11419
18.113,75.065,0.095369
18.113,75.072,0.10142
18.113,74.469,0.032462
18.113,75.069,0.099066
18.113,75.072,0.061227
18.113,75.073,0.048323
18.113,75.066,0.076685
18.113,75.741,0.098058
18.114,75.072,0.055178
18.115,75.069,0.097386
18.115,75.069,0.097386
18.115,75.069,0.096713
18.116,74.664,0.06163
18.117,75.064,0.084616
18.117,75.071,0.072518
18.117,75.071,0.048323
18.117,75.074,0.097386
18.118,73.741,0.094025
18.118,75.059,0.083406
18.118,74.359,0.19484
18.118,75.05,0.05202
18.12,75.172,0.10814
18.123,75.062,0.079911
18.123,75.567,0.082264
18.123,73.785,0.10075
18.124,75.049,0.077895
18.124,75.051,0.083406
18.124,75.981,0.036293
18.124,73.707,0.13435
18.124,75.611,0.041938
18.125,75.061,0.087976
18.126,73.734,0.16123
18.126,74.376,0.215
18.127,75.224,0.055918
18.128,74.909,0.027623
18.128,74.996,0.077895
18.128,75.871,0.055716
18.129,74.905,0.096377
18.129,74.857,0.15115
18.13,74.889,0.083003
18.131,73.785,0.26877
18.134,74.64,0.12931
18.134,74.985,0.081928
18.134,74.984,0.091337
18.135,74.966,0.068217
18.136,75.043,0.083675
18.136,74.475,0.056724
18.136,74.831,0.035553
18.137,74.876,0.082936
18.138,75.03,0.091337
18.138,74.869,0.077089
18.139,74.651,0.071241
18.139,74.422,0.09994
18.139,76.163,0.057934
18.14,75.03,0.080315
18.14,74.042,0.215
18.141,74.025,0.14779
18.141,74.679,0.064789
18.141,74.878,0.090329
18.141,74.871,0.078298
18.142,73.417,0.12763
18.142,73.667,0.040258
18.142,73.675,0.0537
18.142,73.742,0.0537
18.142,74.424,0.10545
18.142,74.43,0.087304
18.142,76.167,0.053834
18.142,74.909,0.078702
18.142,75.022,0.096176
18.143,74.427,0.098327
18.144,74.884,0.079105
18.144,73.554,0.15451
18.144,74.43,0.14154
18.144,74.721,0.069628
18.144,75.008,0.083541
18.144,75.02,0.12319
18.145,74.043,0.12091
18.145,74.854,0.032731
18.145,75.999,0.068486
18.146,74.425,0.14766
18.146,74.039,0.14779
18.146,74.801,0.068486
18.147,73.814,0.19484
18.147,74.825,0.055918
18.148,74.997,0.098864
18.148,75.037,0.083406
18.148,74.88,0.07897
18.148,73.841,0.18812
18.149,74.995,0.07897
18.15,73.675,0.026816
18.15,73.742,0.046979
18.15,73.742,0.040258
18.15,73.745,0.026816
18.15,73.774,0.033537
18.15,73.875,0.026816
18.15,73.875,0.0537
18.15,73.876,0.073862
18.15,74.017,0.087304
18.15,74.423,0.075408
18.15,75.007,0.15552
18.15,74.042,0.067142
18.15,74.422,0.070569
18.151,74.014,0.040258
18.151,74.703,0.15868
18.151,75.037,0.092681
18.151,74.436,0.052221
18.152,74.422,0.032529
18.152,74.437,0.06573
18.152,74.889,0.10209
18.152,74.018,0.10075
18.152,74.428,0.037032
18.153,74.424,0.045433
18.153,75.044,0.078029
18.153,75.046,0.077895
18.154,74.423,0.06284
18.154,74.43,0.090597
18.154,74.376,0.17468
18.154,74.431,0.056724
18.154,74.436,0.056724
18.155,74.421,0.043148
18.155,74.426,0.055716
18.155,75.05,0.048458
18.155,76.007,0.056321
18.156,74.832,0.079508
18.156,75.018,0.073728
18.156,75.049,0.0826
18.157,74.418,0.067343
18.157,74.431,0.06573
18.157,74.455,0.15767
18.157,74.637,0.079306
18.157,74.848,0.12931
18.157,73.867,0.1814
18.158,74.442,0.046038
18.158,74.422,0.049264
18.158,73.683,0.13435
18.158,73.75,0.046979
18.158,73.758,0.0537
18.158,73.759,0.067142
18.158,73.767,0.040258
18.158,73.775,0.026816
18.158,73.858,0.16123
18.158,73.867,0.215
18.158,73.983,0.10747
18.158,73.984,0.033537
18.158,73.992,0.067142
18.158,73.992,0.1814
18.158,73.992,0.067142
18.158,73.994,0.18812
18.158,73.995,0.046979
18.158,73.996,0.033537
18.158,73.997,0.25533
18.158,73.997,0.0537
18.158,74,0.060421
18.158,74.001,0.060421
18.158,74.007,0.060421
18.158,74.008,0.060421
18.158,74.009,0.0537
18.158,74.009,0.040258
18.158,74.009,0.080583
18.158,74.01,0.046979
18.158,74.01,0.033537
18.158,74.01,0.094025
18.158,74.011,0.0537
18.158,74.011,0.13435
18.158,74.011,0.046979
18.158,74.011,0.040258
18.158,74.012,0.17468
18.158,74.012,0.0537
18.158,74.013,0.033537
18.158,74.013,0.073862
18.158,74.014,0.026816
18.158,74.014,0.0537
18.158,74.014,0.060421
18.158,74.015,0.16795
18.158,74.015,0.17468
18.158,74.015,0.14779
18.158,74.016,0.073862
18.158,74.016,0.20156
18.158,74.016,0.026816
18.158,74.017,0.067142
18.158,74.017,0.033537
18.158,74.085,0.0537
18.158,74.568,0.063512
18.159,74.011,0.16795
18.159,74.013,0.13435
18.159,74.419,0.0496
18.159,74.011,0.087304
18.159,74.013,0.10747
18.159,74.194,0.14779
18.159,74.42,0.062504
18.159,74.012,0.14107
18.159,74.426,0.060286
18.159,74.436,0.07897
18.159,74.012,0.073862
18.159,74.422,0.075072
18.16,74.012,0.20156
18.16,74.431,0.068956
18.16,74.666,0.10317
18.16,74.81,0.079911
18.16,74.889,0.10048
18.16,74.423,0.041199
18.16,74.434,0.080919
18.16,74.459,0.056052
18.161,74.021,0.12091
18.161,74.453,0.032462
18.161,75.747,0.036293
18.161,74.703,0.045097
18.162,74.421,0.068351
18.162,74.422,0.04671
18.162,75.191,0.0826
18.162,75.194,0.069091
18.162,74.452,0.16204
18.162,75.19,0.12252
18.163,75.182,0.090261
18.163,75.185,0.061227
18.163,74.421,0.067007
18.163,74.467,0.035688
18.163,74.98,0.059278
18.163,75.047,0.063916
18.164,75.864,0.034276
18.164,74.44,0.044761
18.164,74.454,0.077357
18.164,74.422,0.06862
18.164,75.045,0.066335
18.165,75.047,0.071577
18.165,75.18,0.070435
18.165,75.182,0.082868
18.165,74.416,0.041871
18.165,74.418,0.068351
18.165,75.186,0.083809
18.165,74.449,0.063176
18.166,75.036,0.095369
18.166,75.16,0.069158
18.167,73.675,0.0537
18.167,73.75,0.033537
18.167,73.758,0.067142
18.167,73.759,0.060421
18.167,73.767,0.060421
18.167,73.769,0.040258
18.167,73.983,0.060421
18.167,73.984,0.0537
18.167,73.984,0.040258
18.167,73.984,0.026816
18.167,73.984,0.033537
18.167,73.985,0.067142
18.167,73.985,0.080583
18.167,73.985,0.060421
18.167,73.986,0.040258
18.167,73.986,0.046979
18.167,73.986,0.060421
18.167,73.992,0.067142
18.167,73.992,0.0537
18.167,73.992,0.060421
18.167,73.994,0.13435
18.167,73.994,0.0537
18.167,73.995,0.0537
18.167,73.996,0.13435
18.167,73.997,0.026816
18.167,74,0.060421
18.167,74.008,0.040258
18.167,74.009,0.060421
18.167,74.01,0.0537
18.167,74.017,0.10747
18.167,74.019,0.033537
18.167,74.424,0.054775
18.167,74.503,0.063647
18.167,74.956,0.067948
18.167,75.186,0.070435
18.167,75.188,0.0826
18.167,75.997,0.026816
18.167,74.401,0.06862
18.167,74.425,0.039922
18.167,74.755,0.056388
18.167,75.038,0.10814
18.167,74.406,0.047651
18.167,74.411,0.063176
18.167,74.939,0.10088
18.168,74.385,0.033806
18.168,74.418,0.049264
18.168,74.787,0.036091
18.168,75.044,0.081255
18.168,74.384,0.039317
18.168,74.406,0.044761
18.168,74.409,0.051213
18.168,74.413,0.063512
18.168,74.417,0.051885
18.168,74.605,0.06573
18.168,74.668,0.076685
18.168,74.763,0.10028
18.168,74.794,0.066402
18.168,75.16,0.070435
18.168,75.161,0.10962
18.168,75.165,0.10142
18.168,76.22,0.045433
18.168,74.417,0.047046
18.168,74.418,0.050608
18.168,75.044,0.10881
18.168,76.253,0.043215
18.169,74.423,0.046374
18.169,75.175,0.068889
18.169,75.187,0.068015
18.169,75.188,0.083809
18.169,74.418,0.047046
18.169,74.948,0.068351
18.169,75.157,0.083809
18.169,75.189,0.069292
18.169,75.386,0.055447
18.169,74.384,0.064789
18.169,74.384,0.045433
18.169,74.399,0.059614
18.169,74.414,0.066335
18.17,74.203,0.050877
18.17,74.385,0.066335
18.17,74.422,0.076685
18.17,74.79,0.027959
18.17,74.367,0.1035
18.17,74.413,0.040258
18.17,74.422,0.043148
18.17,74.424,0.03636
18.17,74.671,0.053834
18.17,74.396,0.060286
18.17,74.401,0.066335
18.17,74.409,0.038645
18.17,74.426,0.036696
18.171,74.394,0.03636
18.171,74.406,0.057665
18.171,75.184,0.075341
18.171,75.187,0.070099
18.171,75.188,0.068419
18.171,75.769,0.029505
18.171,74.384,0.047987
18.171,75.174,0.1152
18.171,75.186,0.063714
18.171,75.187,0.062706
18.171,74.392,0.072854
18.171,75.006,0.063781
18.171,75.163,0.064453
18.171,74.412,0.069292
18.171,74.843,0.028631
18.172,74.409,0.065394
18.172,74.42,0.031252
18.172,75.16,0.071174
18.172,74.418,0.063512
18.172,74.924,0.042812
18.172,74.422,0.070569
18.172,75.17,0.10814
18.172,73.473,0.15451
18.172,74.414,0.086699
18.172,74.427,0.043484
18.173,73.833,0.17468
18.173,74.414,0.046038
18.173,74.417,0.04093
18.173,75.183,0.070099
18.173,75.186,0.083877
18.173,73.903,0.087304
18.173,73.904,0.080583
18.173,74.414,0.053834
18.174,74.004,0.033537
18.174,74.019,0.046979
18.174,74.429,0.056724
18.174,74.458,0.090934
18.174,74.735,0.041199
18.174,73.985,0.10747
18.174,74.452,0.068956
18.174,74.403,0.036696
18.174,74.421,0.063176
18.174,74.688,0.045433
18.174,75.191,0.076148
18.174,73.825,0.0537
18.174,74.006,0.13435
18.174,74.398,0.064789
18.174,74.405,0.056388
18.174,74.42,0.052221
18.174,74.442,0.065394
18.174,74.459,0.035083
18.174,74.62,0.096176
18.174,74.644,0.04093
18.174,74.72,0.020902
18.174,75.166,0.082196
18.175,74.405,0.03636
18.175,74.426,0.067343
18.175,75.189,0.070435
18.175,73.75,0.026816
18.175,73.758,0.12091
18.175,73.825,0.073862
18.175,73.828,0.040258
18.175,73.95,0.040258
18.175,73.95,0.033537
18.175,73.951,0.17468
18.175,73.951,0.046979
18.175,73.958,0.0537
18.175,73.959,0.040258
18.175,73.959,0.14779
18.175,73.959,0.17468
18.175,73.983,0.28221
18.175,73.984,0.046979
18.175,73.984,0.0537
18.175,73.984,0.026816
18.175,73.985,0.16795
18.175,73.985,0.067142
18.175,73.985,0.060421
18.175,73.986,0.046979
18.175,73.986,0.087304
18.175,73.992,0.0537
18.175,73.992,0.080583
18.175,73.994,0.046979
18.175,73.995,0.17468
18.175,73.996,0.026816
18.175,73.997,0.033537
18.175,73.997,0.040258
18.175,74,0.067142
18.175,74.003,0.040258
18.175,74.017,0.080583
18.175,74.017,0.040258
18.175,74.017,0.040258
18.175,74.025,0.067142
18.175,74.025,0.060421
18.175,74.033,0.040258
18.175,74.042,0.026816
18.175,74.368,0.043484
18.175,75.154,0.070435
18.175,75.193,0.084616
18.175,74.026,0.067142
18.175,74.026,0.22844
18.175,74.426,0.061563
18.175,74.427,0.058673
18.175,74.467,0.031185
18.175,74.475,0.041199
18.176,73.826,0.046979
18.176,74.028,0.067142
18.176,74.371,0.033134
18.176,74.382,0.048659
18.176,74.476,0.032327
18.176,74.78,0.061832
18.176,74.405,0.033806
18.176,74.423,0.072518
18.176,74.785,0.053834
18.176,74.899,0.10007
18.176,75.172,0.090261
18.176,75.187,0.06983
18.176,74.029,0.16795
18.176,74.384,0.042812
18.176,74.542,0.056724
18.176,73.686,0.033537
18.176,74.029,0.026816
18.176,74.372,0.059614
18.176,74.377,0.07319
18.176,74.388,0.047382
18.176,75.188,0.10411
18.177,74.029,0.0537
18.177,74.385,0.063512
18.177,74.39,0.066066
18.177,74.425,0.08186
18.177,74.03,0.033537
18.177,74.374,0.036091
18.177,74.386,0.031521
18.177,74.408,0.030244
18.177,74.42,0.070233
18.177,74.427,0.034142
18.177,75.179,0.083809
18.177,74.03,0.026816
18.177,74.387,0.040594
18.177,75.15,0.12319
18.177,75.172,0.083944
18.177,75.183,0.11553
18.177,75.192,0.10948
18.177,74.03,0.040258
18.177,74.405,0.055111
18.177,74.417,0.067007
18.177,74.424,0.04671
18.177,74.441,0.080583
18.177,75.157,0.072653
18.177,75.169,0.096041
18.178,74.017,0.087304
18.178,74.386,0.052221
18.178,74.388,0.04093
18.178,74.412,0.068015
18.178,74.77,0.107
18.178,74.932,0.064117
18.178,74.986,0.066066
18.178,74.031,0.060421
18.178,74.381,0.047382
18.178,74.468,0.066402
18.178,74.031,0.026816
18.178,75.172,0.070435
18.178,75.187,0.075207
18.179,74.419,0.063512
18.179,74.587,0.035419
18.179,74.031,0.067142
18.179,74.281,0.038981
18.179,74.377,0.064789
18.179,74.419,0.087371
18.179,74.487,0.031185
18.179,74.944,0.056724
18.179,75.157,0.076685
18.179,75.187,0.075207
18.179,74.417,0.062504
18.179,74.614,0.045433
18.179,74.683,0.029505
18.179,75.193,0.077089
18.179,75.911,0.068755
18.179,74.032,0.067142
18.179,75.172,0.06983
18.18,74.032,0.080583
18.18,74.418,0.041871
18.18,74.027,0.073862
18.18,75.12,0.10814
18.18,75.123,0.049802
18.18,75.123,0.087976
18.18,75.172,0.0826
18.18,74.028,0.040258
18.18,75.157,0.10404
18.18,75.158,0.12225
18.18,75.172,0.090261
18.18,75.177,0.062437
18.181,73.675,0.215
18.181,74.028,0.026816
18.181,74.032,0.080583
18.181,74.033,0.040258
18.181,75.123,0.10881
18.181,75.193,0.0826
18.181,76.033,0.044156
18.181,74.028,0.0537
18.181,74.028,0.033537
18.181,74.384,0.068015
18.181,74.475,0.056993
18.181,74.483,0.052221
18.181,74.498,0.067881
18.181,74.5,0.050205
18.181,74.868,0.090597
18.181,75.022,0.076416
18.181,73.838,0.48384
18.181,74.029,0.13435
18.181,74.032,0.087304
18.181,74.032,0.026816
18.181,74.382,0.037368
18.181,74.409,0.077693
18.181,74.421,0.054775
18.181,74.422,0.057329
18.181,74.426,0.037973
18.181,74.427,0.053498
18.181,74.435,0.061563
18.181,74.44,0.069292
18.181,74.449,0.053834
18.181,74.501,0.056926
18.181,75.175,0.069292
18.181,75.191,0.075476
18.182,74.029,0.0537
18.182,74.032,0.087304
18.182,74.426,0.0537
18.182,74.517,0.03347
18.182,74.031,0.17468
18.182,74.032,0.0537
18.182,74.39,0.046374
18.182,74.781,0.091874
18.182,74.939,0.10834
18.182,74.029,0.040258
18.182,74.031,0.040258
18.182,74.032,0.073862
18.182,74.032,0.026816
18.182,74.033,0.060421
18.182,74.277,0.039317
18.182,74.419,0.064789
18.182,74.506,0.052893
18.183,74.03,0.026816
18.183,74.032,0.087304
18.183,74.419,0.042543
18.183,74.449,0.078634
18.183,74.451,0.10706
18.183,74.505,0.032327
18.183,74.933,0.095705
18.183,74.962,0.076013
18.183,74.03,0.14779
18.183,74.47,0.057732
18.183,74.483,0.079777
18.183,74.03,0.060421
18.183,74.031,0.0537
18.183,74.031,0.073862
18.183,74.031,0.033537
18.183,74.468,0.052961
18.183,74.903,0.082734
18.183,75.157,0.069964
18.183,75.16,0.090597
18.183,73.667,0.11419
18.183,73.7,0.067142
18.183,73.742,0.060421
18.183,73.758,0.10747
18.183,73.767,0.046979
18.183,73.958,0.215
18.183,73.959,0.046979
18.183,73.959,0.1814
18.183,73.959,0.16123
18.183,74.002,0.060421
18.183,74.017,0.10747
18.183,74.019,0.0537
18.183,74.021,0.026816
18.183,74.025,0.26877
18.183,74.033,0.0537
18.183,74.042,0.046979
18.183,74.372,0.053162
18.183,74.906,0.077895
18.183,75.16,0.077156
18.183,75.7,0.022851
18.184,74.025,0.215
18.184,74.376,0.062168
18.184,74.393,0.055447
18.184,74.398,0.051885
18.184,74.408,0.094764
18.184,74.417,0.048995
18.184,74.476,0.057464
18.184,74.852,0.070905
18.184,74.903,0.077559
18.184,74.903,0.089993
18.184,74.925,0.069561
18.184,75.154,0.06983
18.184,75.176,0.083809
18.184,74.026,0.026816
18.184,74.385,0.049936
18.184,74.475,0.065596
18.184,74.477,0.053767
18.184,74.482,0.053834
18.184,74.497,0.055649
18.184,74.952,0.094697
18.184,74.953,0.095369
18.184,74.026,0.067142
18.184,74.385,0.041199
18.184,74.386,0.065932
18.184,74.398,0.050272
18.184,74.483,0.052154
18.184,74.491,0.077156
18.184,74.496,0.066335
18.184,74.768,0.055716
18.184,75.154,0.064453
18.184,75.164,0.069292
18.184,75.172,0.070435
18.184,75.226,0.10814
18.184,73.976,0.080583
18.184,74.026,0.040258
18.184,74.201,0.037032
18.184,74.437,0.046374
18.184,74.498,0.05538
18.184,74.953,0.043148
18.184,75.188,0.090597
18.185,73.992,0.0537
18.185,74.026,0.033537
18.185,74.381,0.048659
18.185,74.385,0.058942
18.185,74.393,0.028631
18.185,74.428,0.044761
18.185,74.439,0.061563
18.185,74.464,0.066066
18.185,74.476,0.052893
18.185,74.481,0.032327
18.185,74.491,0.032798
18.185,74.903,0.082936
18.185,74.928,0.083608
18.185,74.398,0.039586
18.185,74.462,0.056523
18.185,74.481,0.052154
18.185,74.486,0.084078
18.185,74.487,0.094092
18.185,74.488,0.067881
18.185,74.501,0.028765
18.185,74.502,0.032327
18.185,74.711,0.042207
18.185,74.888,0.10814
18.185,74.928,0.069494
18.185,75.169,0.063311
18.185,73.986,0.040258
18.185,74.027,0.026816
18.185,74.179,0.044761
18.185,74.472,0.060488
18.185,74.474,0.051684
18.185,74.475,0.070435
18.185,74.482,0.079038
18.185,74.489,0.067074
18.185,74.78,0.069561
18.185,74.864,0.067679
18.185,74.905,0.10881
18.185,74.928,0.073594
18.185,74.973,0.10814
18.185,75.162,0.076685
18.185,75.167,0.069427
18.185,75.169,0.05995
18.185,75.191,0.083944
18.186,74.027,0.060421
18.186,74.381,0.041535
18.186,74.424,0.041871
18.186,74.471,0.060891
18.186,74.483,0.056993
18.186,74.492,0.054439
18.186,74.941,0.081928
18.186,74.992,0.071846
18.186,73.994,0.080583
18.186,74.028,0.0537
18.186,74.389,0.055111
18.186,74.414,0.043484
18.186,74.43,0.10075
18.186,74.485,0.069897
18.186,74.491,0.056724
18.186,74.498,0.056926
18.186,74.768,0.036024
18.186,74.906,0.10814
18.186,74.932,0.088245
18.186,75.12,0.10881
18.186,75.17,0.068351
18.186,75.189,0.096713
18.186,73.619,0.32254
18.186,74.371,0.042812
18.186,74.384,0.064789
18.186,74.42,0.053834
18.186,74.433,0.041535
18.186,74.451,0.072518
18.186,74.464,0.055178
18.186,74.498,0.072451
18.186,74.499,0.053969
18.186,74.708,0.03347
18.186,74.787,0.069897
18.186,74.928,0.11486
18.186,74.401,0.06862
18.186,74.402,0.053162
18.186,74.463,0.066402
18.186,74.474,0.060488
18.186,74.481,0.12138
18.186,74.497,0.075812
18.186,74.922,0.077895
18.186,74.98,0.078567
18.186,75.16,0.062975
18.186,75.173,0.0826
18.186,75.174,0.081928
18.186,75.175,0.063714
18.187,74.387,0.042207
18.187,74.39,0.070905
18.187,74.393,0.070233
18.187,74.394,0.062504
18.187,74.412,0.036091
18.187,74.412,0.059614
18.187,74.415,0.072854
18.187,74.478,0.056523
18.187,74.488,0.070368
18.187,74.819,0.020902
18.187,75.158,0.069964
18.187,73.632,0.215
18.187,74.375,0.044425
18.187,74.392,0.055447
18.187,74.41,0.056052
18.187,74.418,0.055447
18.187,74.427,0.069292
18.187,74.444,0.054439
18.187,74.85,0.022112
18.187,74.936,0.095369
18.187,74.969,0.078836
18.187,74.973,0.10747
18.187,75.155,0.065932
18.187,75.171,0.069158
18.187,74.002,0.10747
18.187,74.371,0.062504
18.187,74.388,0.060891
18.187,74.406,0.056724
18.187,74.414,0.047046
18.187,74.436,0.073459
18.187,74.644,0.053162
18.187,75.17,0.063445
18.188,74.003,0.10075
18.188,74.369,0.06862
18.188,74.418,0.053498
18.188,74.422,0.084145
18.188,74.439,0.04093
18.188,74.857,0.056993
18.188,75.165,0.064453
18.188,74.019,0.033537
18.188,74.386,0.060286
18.188,74.422,0.016063
18.188,74.425,0.10028
18.188,74.434,0.050608
18.188,74.489,0.072317
18.188,74.489,0.056993
18.188,74.684,0.050272
18.188,74.955,0.083608
18.188,74.98,0.081928
18.188,75.123,0.099066
18.188,75.123,0.069494
18.188,73.622,0.215
18.188,73.628,0.17468
18.188,73.639,0.0537
18.188,74.418,0.06862
18.188,74.461,0.043215
18.188,74.467,0.058068
18.188,74.468,0.052087
18.188,74.49,0.067074
18.188,74.49,0.069897
18.188,74.528,0.048659
18.188,74.951,0.069494
18.188,74.964,0.078298
18.188,74.974,0.11083
18.188,74.377,0.057329
18.188,74.388,0.070569
18.188,74.407,0.11419
18.188,74.414,0.061899
18.188,74.414,0.038309
18.188,74.453,0.049264
18.188,74.462,0.064117
18.188,74.465,0.10061
18.188,74.471,0.043215
18.188,74.501,0.061227
18.188,74.878,0.037973
18.188,74.968,0.077223
18.188,74.968,0.071846
18.188,74.974,0.078567
18.189,74.377,0.044761
18.189,74.378,0.036091
18.189,74.384,0.052826
18.189,74.387,0.038981
18.189,74.396,0.068015
18.189,74.442,0.097386
18.189,74.476,0.043484
18.189,74.661,0.085758
18.189,74.971,0.083541
18.189,74.991,0.077895
18.189,75.163,0.089455
18.189,73.626,0.26877
18.189,73.676,0.067142
18.189,74.372,0.04671
18.189,74.386,0.06862
18.189,74.42,0.041199
18.189,74.441,0.065125
18.189,74.463,0.067881
18.189,74.483,0.058673
18.189,74.485,0.069897
18.189,74.49,0.055649
18.189,74.906,0.10209
18.189,74.929,0.11016
18.189,74.956,0.10814
18.189,74.986,0.081928
18.189,74.403,0.069628
18.189,74.435,0.044761
18.189,74.448,0.063176
18.189,74.46,0.072317
18.189,74.469,0.069897
18.189,74.481,0.067074
18.189,74.485,0.077156
18.189,74.491,0.047718
18.189,74.491,0.054439
18.189,74.494,0.052154
18.189,74.494,0.056859
18.189,74.937,0.078298
18.189,74.957,0.09174
18.189,75.171,0.083944
18.189,74.377,0.053498
18.189,74.398,0.054775
18.189,74.445,0.04093
18.189,74.461,0.083809
18.189,74.472,0.051751
18.189,74.475,0.036091
18.189,74.49,0.065596
18.189,74.496,0.033403
18.189,74.936,0.10814
18.189,74.968,0.077223
18.189,75.17,0.069964
18.19,74.372,0.042812
18.19,74.397,0.034142
18.19,74.439,0.0496
18.19,74.449,0.062168
18.19,74.493,0.094092
18.19,74.818,0.058337
18.19,74.955,0.094697
18.19,74.391,0.051213
18.19,74.436,0.062168
18.19,74.441,0.092815
18.19,74.46,0.067074
18.19,74.469,0.069158
18.19,74.486,0.071913
18.19,74.487,0.032126
18.19,74.497,0.094496
18.19,74.499,0.051684
18.19,74.66,0.047651
18.19,75.161,0.063243
18.19,74.383,0.068015
18.19,74.384,0.052221
18.19,74.386,0.064117
18.19,74.393,0.036696
18.19,74.402,0.043484
18.19,74.435,0.047651
18.19,74.467,0.053767
18.19,74.958,0.022448
18.191,74.122,0.17468
18.191,74.394,0.042207
18.191,74.419,0.063512
18.191,74.436,0.05995
18.191,74.472,0.094764
18.191,74.48,0.080516
18.191,74.486,0.074803
18.191,74.488,0.072384
18.191,74.491,0.06573
18.191,74.768,0.045366
18.191,76.25,0.061362
18.191,74.413,0.057665
18.191,74.455,0.050608
18.191,74.463,0.087304
18.191,74.485,0.060421
18.191,74.489,0.080247
18.191,74.799,0.046374
18.191,74.934,0.083608
18.191,74.951,0.095369
18.191,74.969,0.066335
18.191,74.972,0.085691
18.191,75.159,0.062706
18.191,75.159,0.10209
18.191,73.782,0.040258
18.191,74.405,0.084481
18.191,74.425,0.05706
18.191,74.432,0.054103
18.191,74.436,0.064789
18.191,74.477,0.052154
18.191,74.479,0.070435
18.191,74.932,0.077895
18.191,74.953,0.097386
18.191,74.967,0.095369
18.191,74.972,0.10814
18.191,74.974,0.095369
18.191,74.979,0.075207
18.191,74.456,0.09994
18.191,74.457,0.087371
18.191,74.46,0.074602
18.191,74.486,0.065663
18.191,74.858,0.07319
18.191,74.924,0.095369
18.191,74.956,0.083608
18.191,74.958,0.078298
18.191,74.972,0.067142
18.191,74.973,0.077223
18.191,75.164,0.1162
18.191,75.169,0.068486
18.191,75.171,0.11016
18.192,73.633,0.067142
18.192,73.639,0.046979
18.192,73.658,0.040258
18.192,73.683,0.033537
18.192,73.692,0.10075
18.192,73.7,0.033537
18.192,73.708,0.060421
18.192,73.958,0.0537
18.192,73.959,0.060421
18.192,73.959,0.0537
18.192,73.959,0.026816
18.192,73.959,0.16795
18.192,74.008,0.046979
18.192,74.394,0.068015
18.192,74.403,0.055716
18.192,74.426,0.036091
18.192,74.445,0.078634
18.192,74.457,0.04671
18.192,74.474,0.043014
18.192,74.485,0.069897
18.192,74.49,0.065596
18.192,74.504,0.067881
18.192,74.885,0.13287
18.192,74.903,0.10478
18.192,74.92,0.089589
18.192,74.438,0.055111
18.192,74.459,0.066402
18.192,74.464,0.073459
18.192,74.95,0.10881
18.192,74.952,0.10518
18.192,75.177,0.089321
18.192,74.004,0.026816
18.192,74.165,0.05659
18.192,74.367,0.070233
18.192,74.369,0.054439
18.192,74.447,0.052826
18.192,74.448,0.061227
18.192,74.448,0.09705
18.192,74.493,0.069091
18.192,74.495,0.06237
18.192,74.918,0.075207
18.192,74.922,0.089993
18.192,74.926,0.083608
18.192,74.938,0.081928
18.192,74.97,0.081928
18.192,75.159,0.095369
18.192,75.174,0.084616
18.192,75.184,0.067814
18.192,75.186,0.10948
18.192,74.209,0.074467
18.192,74.367,0.042207
18.192,74.372,0.048659
18.192,74.383,0.035419
18.192,74.392,0.040594
18.192,74.393,0.045769
18.192,74.403,0.075744
18.192,74.405,0.037368
18.192,74.422,0.03636
18.192,74.439,0.05995
18.192,74.455,0.11896
18.192,74.459,0.053834
18.192,74.488,0.050608
18.192,74.961,0.076887
18.192,74.971,0.078567
18.192,74.972,0.09174
18.192,74.987,0.099133
18.192,74.989,0.07561
18.192,75.176,0.077223
18.193,74.207,0.047651
18.193,74.212,0.053834
18.193,74.37,0.058673
18.193,74.431,0.047382
18.193,74.471,0.071174
18.193,74.871,0.071577
18.193,74.969,0.066335
18.193,74.972,0.085691
18.193,74.972,0.081255
18.193,74.983,0.095369
18.193,75.183,0.090665
18.193,75.198,0.084616
18.193,75.636,0.095907
18.193,74.019,0.026816
18.193,74.403,0.066335
18.193,74.407,0.043484
18.193,74.414,0.059614
18.193,74.448,0.050608
18.193,74.979,0.075879
18.193,73.888,0.067142
18.193,74.004,0.046979
18.193,74.382,0.046038
18.193,74.391,0.06862
18.193,74.408,0.047987
18.193,74.424,0.034747
18.193,74.441,0.06862
18.193,74.448,0.054103
18.193,74.974,0.085691
18.193,75.686,0.012837
18.194,74.421,0.044425
18.194,74.422,0.054775
18.194,74.449,0.072182
18.194,73.993,0.0537
18.194,74.388,0.074467
18.194,74.408,0.047382
18.194,74.42,0.068015
18.194,74.424,0.04093
18.194,74.427,0.063781
18.194,74.429,0.040594
18.194,74.461,0.050205
18.194,74.48,0.059614
18.194,74.945,0.0826
18.194,74.983,0.078567
18.194,75.181,0.11755
18.194,75.185,0.10209
18.194,76.114,0.067881
18.194,74.392,0.044425
18.194,74.43,0.04671
18.194,74.431,0.19484
18.194,74.493,0.072317
18.194,74.494,0.070368
18.194,74.908,0.10962
18.194,75.156,0.064453
18.194,75.161,0.06983
18.194,73.493,0.026816
18.194,73.734,0.14779
18.194,74.418,0.062504
18.194,74.451,0.069494
18.194,74.478,0.06284
18.194,74.493,0.069897
18.194,74.908,0.096377
18.194,74.925,0.11486
18.194,74.93,0.10209
18.194,74.933,0.083944
18.194,74.933,0.083944
18.194,74.964,0.071846
18.194,74.979,0.067142
18.195,74.48,0.033
18.195,74.493,0.053565
18.195,74.494,0.052288
18.195,74.503,0.067074
18.195,74.897,0.077089
18.195,74.96,0.077559
18.195,74.97,0.10814
18.195,75.171,0.095369
18.195,75.653,0.1115
18.195,73.974,0.0537
18.195,74.397,0.073459
18.195,74.408,0.066335
18.195,74.421,0.045433
18.195,74.481,0.099603
18.195,74.493,0.06237
18.195,74.495,0.094563
18.195,74.496,0.067074
18.195,74.757,0.09221
18.195,74.916,0.077895
18.195,74.959,0.097386
18.195,74.961,0.081255
18.195,75.184,0.096713
18.195,74.483,0.072317
18.195,74.484,0.069897
18.195,74.485,0.067074
18.195,74.487,0.067074
18.195,74.488,0.056926
18.195,74.49,0.077156
18.195,74.922,0.095033
18.195,75.184,0.1152
18.195,75.302,0.084616
18.196,74.379,0.069964
18.196,74.385,0.054439
18.196,74.438,0.060555
18.196,74.493,0.070368
18.196,74.788,0.072787
18.196,74.922,0.089993
18.196,74.929,0.077895
18.196,74.96,0.10075
18.196,75.171,0.081928
18.196,75.867,0.055851
18.196,74.437,0.055447
18.196,74.481,0.063714
18.196,74.532,0.039586
18.196,74.832,0.1328
18.196,74.942,0.066402
18.196,75.155,0.10881
18.196,75.186,0.1152
18.196,74.407,0.041535
18.196,74.921,0.077895
18.196,74.932,0.095369
18.196,74.978,0.097386
18.196,75.207,0.11486
18.196,74.495,0.067074
18.196,74.917,0.11486
18.196,74.929,0.081928
18.196,74.932,0.077895
18.196,74.969,0.075879
18.196,74.988,0.077223
18.196,75.169,0.084616
18.197,74.384,0.070233
18.197,74.409,0.030244
18.197,74.45,0.10075
18.197,74.472,0.12165
18.197,74.565,0.057665
18.197,74.92,0.10881
18.197,74.921,0.10881
18.197,74.927,0.089993
18.197,74.932,0.11553
18.197,75.157,0.090261
18.197,75.157,0.1162
18.197,75.19,0.10881
18.197,74.401,0.068015
18.197,74.5,0.055783
18.197,74.931,0.083944
18.197,74.977,0.066604
18.197,74.988,0.071846
18.197,75.16,0.089321
18.197,75.347,0.1031
18.198,74.382,0.039922
18.198,74.388,0.045433
18.198,74.395,0.053162
18.198,74.401,0.055447
18.198,74.419,0.037368
18.198,74.885,0.058001
18.198,74.924,0.077223
18.198,74.928,0.075207
18.198,75.031,0.01613
18.198,75.189,0.10343
18.198,74.373,0.061227
18.198,74.395,0.053834
18.198,74.401,0.063781
18.198,74.899,0.054439
18.198,74.931,0.095369
18.198,75.164,0.0826
18.198,75.184,0.10881
18.198,74.381,0.05995
18.198,74.934,0.089993
18.198,75.188,0.10343
18.198,75.203,0.11083
18.198,75.221,0.11217
18.198,75.245,0.095369
18.198,74.384,0.032865
18.198,74.408,0.070569
18.198,74.41,0.028295
18.198,74.481,0.069897
18.198,74.917,0.075207
18.198,75.186,0.096713
18.199,74.275,0.047382
18.199,74.396,0.030916
18.199,75.159,0.096713
18.199,74.386,0.06284
18.199,74.917,0.077895
18.199,74.929,0.077223
18.199,75.164,0.075207
18.199,75.165,0.089321
18.199,74.467,0.052961
18.199,74.476,0.066335
18.199,74.483,0.070166
18.199,74.951,0.081928
18.199,75.183,0.10276
18.199,74.484,0.032327
18.199,74.93,0.083944
18.199,75.158,0.096041
18.199,75.158,0.076551
18.199,75.176,0.083944
18.2,74.366,0.053162
18.2,74.372,0.04093
18.2,74.472,0.063781
18.2,74.481,0.067074
18.2,74.579,0.12091
18.2,74.738,0.0496
18.2,74.92,0.095369
18.2,74.931,0.077895
18.2,74.971,0.097386
18.2,75.186,0.084616
18.2,73.625,0.033537
18.2,73.633,0.060421
18.2,73.675,0.026816
18.2,73.692,0.0537
18.2,73.833,0.0537
18.2,73.925,0.14779
18.2,73.925,0.15451
18.2,73.926,0.026816
18.2,73.926,0.15451
18.2,73.926,0.13435
18.2,73.926,0.16795
18.2,73.936,0.040258
18.2,73.937,0.067142
18.2,73.958,0.026816
18.2,73.959,0.026816
18.2,73.959,0.080583
18.2,73.959,0.073862
18.2,73.959,0.20156
18.2,73.992,0.10747
18.2,74.382,0.058942
18.2,74.648,0.021507
18.2,74.688,0.093487
18.2,74.877,0.10995
18.2,74.9,0.11486
18.2,74.917,0.083608
18.2,74.97,0.09174
18.2,74.98,0.075207
18.2,74,0.10747
18.2,74.388,0.049264
18.2,74.416,0.032865
18.2,74.442,0.063176
18.2,74.919,0.10848
18.2,74.926,0.10814
18.2,74.932,0.081928
18.2,74.958,0.10948
18.2,74.963,0.075207
18.2,75.198,0.10948
18.201,74.002,0.0537
18.201,74.395,0.048323
18.201,74.398,0.037368
18.201,74.421,0.044156
18.201,74.435,0.041199
18.201,74.437,0.047046
18.201,74.487,0.050877
18.201,74.917,0.11486
18.201,75.188,0.11755
18.201,74.392,0.060891
18.201,74.406,0.038981
18.201,74.411,0.055111
18.201,74.424,0.080583
18.201,74.441,0.067007
18.201,74.888,0.083675
18.201,74.926,0.083944
18.201,74.928,0.093353
18.201,74.931,0.077895
18.201,74.968,0.038309
18.201,75.15,0.096713
18.201,76.085,0.039452
18.201,73.928,0.24188
18.201,73.938,0.060421
18.201,74.267,0.060891
18.201,74.481,0.07393
18.201,74.925,0.088648
18.201,73.927,0.18812
18.201,73.927,0.20156
18.201,73.976,0.073862
18.201,74.235,0.058942
18.201,74.407,0.03636
18.201,74.439,0.06862
18.201,74.907,0.026413
18.201,74.921,0.10881
18.201,74.922,0.075207
18.201,75.16,0.063781
18.202,73.928,0.17468
18.202,73.928,0.060421
18.202,74.379,0.063176
18.202,74.384,0.047987
18.202,74.921,0.077895
18.202,74.922,0.095369
18.202,74.929,0.077223
18.202,74.931,0.083944
18.202,74.941,0.10814
18.202,73.927,0.1814
18.202,73.938,0.033537
18.202,74.406,0.033134
18.202,74.479,0.070368
18.202,74.486,0.069897
18.202,74.491,0.06116
18.202,74.712,0.033134
18.202,74.896,0.06284
18.202,74.925,0.077895
18.202,74.926,0.095369
18.202,74.93,0.068351
18.202,75.158,0.10276
18.202,75.176,0.087506
18.202,76.224,0.06163
18.202,73.929,0.0537
18.202,73.936,0.12091
18.202,73.94,0.080583
18.202,74.478,0.048189
18.202,74.496,0.080583
18.202,74.811,0.042207
18.202,74.92,0.083944
18.203,73.927,0.16123
18.203,73.935,0.0537
18.203,73.936,0.0537
18.203,73.94,0.026816
18.203,74.414,0.046038
18.203,74.416,0.058337
18.203,74.476,0.060488
18.203,74.499,0.044358
18.203,74.923,0.095369
18.203,74.929,0.083944
18.203,74.93,0.090261
18.203,74.967,0.068351
18.203,75.197,0.075207
18.203,74.381,0.049264
18.203,74.393,0.039317
18.203,74.397,0.034142
18.203,74.484,0.06573
18.203,74.494,0.0703
18.203,74.701,0.058942
18.203,74.706,0.047046
18.203,74.895,0.035083
18.203,74.922,0.083944
18.203,74.922,0.095369
18.203,74.932,0.10384
18.203,74.95,0.096848
18.203,74.969,0.055111
18.203,74.971,0.10814
18.203,75.177,0.076954
18.203,75.195,0.069158
18.203,73.935,0.026816
18.203,74.009,0.067142
18.203,74.272,0.029437
18.203,74.393,0.027354
18.203,74.427,0.043148
18.203,74.434,0.036696
18.203,74.922,0.077223
18.203,74.927,0.077895
18.203,74.928,0.083944
18.203,74.931,0.081255
18.203,74.933,0.11486
18.203,74.986,0.10881
18.203,73.94,0.033537
18.203,74.401,0.037032
18.203,74.491,0.06237
18.203,74.973,0.086363
18.203,75.177,0.041065
18.203,75.195,0.11553
18.204,73.608,0.060421
18.204,73.923,0.20156
18.204,73.991,0.10075
18.204,74.02,0.026816
18.204,74.22,0.064453
18.204,74.37,0.038645
18.204,74.379,0.071241
18.204,74.383,0.051213
18.204,74.404,0.059614
18.204,74.417,0.04671
18.204,74.476,0.060958
18.204,74.487,0.067007
18.204,74.488,0.067074
18.204,74.689,0.053498
18.204,74.711,0.089321
18.204,74.923,0.075207
18.204,74.929,0.083944
18.204,74.93,0.090396
18.204,74.931,0.068351
18.204,74.932,0.095369
18.204,74.934,0.12212
18.204,74.972,0.078433
18.204,73.939,0.080583
18.204,74.036,0.045635
18.204,74.391,0.042207
18.204,74.404,0.046374
18.204,74.734,0.074803
18.204,74.916,0.088514
18.204,74.929,0.06647
18.204,74.93,0.086632
18.204,74.968,0.049264
18.204,75.193,0.090665
18.204,74.449,0.063176
18.204,74.484,0.05249
18.204,74.519,0.18577
18.204,74.991,0.085691
18.204,74.396,0.038309
18.204,74.411,0.041199
18.204,74.437,0.077693
18.204,74.439,0.058001
18.204,74.669,0.040594
18.204,74.889,0.063512
18.204,74.922,0.088648
18.204,74.97,0.07151
18.205,74.401,0.055716
18.205,74.419,0.04382
18.205,74.44,0.05995
18.205,74.486,0.05202
18.205,74.896,0.089321
18.205,74.947,0.076887
18.205,74.949,0.073862
18.205,74.972,0.077223
18.205,74.978,0.081928
18.205,75.189,0.1152
18.205,75.198,0.069158
18.205,74.392,0.079306
18.205,74.395,0.034142
18.205,74.474,0.09416
18.205,74.497,0.067074
18.205,74.699,0.02601
18.205,74.76,0.044761
18.205,74.921,0.075207
18.205,74.938,0.078433
18.205,74.943,0.096982
18.205,73.938,0.087304
18.205,74.376,0.04671
18.205,74.386,0.054775
18.205,74.388,0.047046
18.205,74.944,0.085422
18.205,75.163,0.090665
18.205,75.203,0.075207
18.206,73.692,0.046979
18.206,73.923,0.18812
18.206,73.984,0.12091
18.206,74.189,0.060354
18.206,74.389,0.047651
18.206,74.389,0.042812
18.206,74.403,0.060286
18.206,74.443,0.056388
18.206,74.477,0.070368
18.206,74.479,0.06237
18.206,74.706,0.025405
18.206,74.926,0.10881
18.206,74.927,0.075207
18.206,75.19,0.10948
18.206,73.937,0.026816
18.206,73.939,0.026816
18.206,74.387,0.057665
18.206,74.443,0.054103
18.206,74.444,0.03347
18.206,74.978,0.077223
18.206,75.194,0.083944
18.206,75.197,0.064453
18.206,73.923,0.1814
18.206,73.925,0.033537
18.206,73.934,0.040258
18.206,73.936,0.067142
18.206,73.938,0.0537
18.206,73.939,0.17468
18.206,73.939,0.046979
18.206,74.386,0.051885
18.206,74.387,0.035419
18.206,74.392,0.039922
18.206,74.4,0.037368
18.206,74.416,0.040594
18.206,74.437,0.087976
18.206,74.485,0.043551
18.206,74.573,0.49728
18.206,74.839,0.068015
18.206,73.919,0.215
18.206,73.923,0.12763
18.206,73.923,0.026816
18.206,73.929,0.046979
18.206,73.933,0.067142
18.206,73.934,0.040258
18.206,73.935,0.026816
18.206,73.937,0.040258
18.206,73.95,0.040258
18.206,74.377,0.056388
18.206,74.388,0.040258
18.206,74.407,0.056052
18.206,74.686,0.064789
18.206,74.889,0.09174
18.206,74.917,0.036293
18.206,75.011,0.12138
18.206,75.183,0.089925
18.207,73.694,0.040258
18.207,73.923,0.18812
18.207,74.393,0.071846
18.207,74.419,0.044156
18.207,74.489,0.030042
18.207,74.916,0.074803
18.207,74.92,0.098461
18.207,74.931,0.092345
18.207,75.055,0.063512
18.207,75.183,0.06526
18.207,75.19,0.10411
18.207,73.929,0.060421
18.207,73.937,0.033537
18.207,74.44,0.037032
18.207,74.899,0.025271
18.207,74.919,0.082734
18.207,75.161,0.10881
18.207,75.186,0.060286
18.207,75.192,0.077223
18.207,76.206,0.0079978
18.207,74.389,0.054439
18.207,74.429,0.066268
18.207,74.479,0.063714
18.207,74.551,0.040594
18.207,74.579,0.1238
18.207,74.921,0.068351
18.207,74.931,0.076215
18.207,75.175,0.09873
18.207,75.421,0.057396
18.207,74.008,0.040258
18.207,74.434,0.10128
18.207,74.549,0.059278
18.207,74.888,0.058001
18.207,74.918,0.077895
18.207,74.921,0.075207
18.208,74.93,0.095369
18.208,73.748,0.12091
18.208,74.367,0.049264
18.208,74.371,0.031857
18.208,74.918,0.10848
18.208,74.918,0.10881
18.208,74.921,0.10814
18.208,74.928,0.10048
18.208,74.929,0.070099
18.208,74.975,0.095369
18.208,73.633,0.0537
18.208,73.639,0.026816
18.208,73.667,0.0537
18.208,73.725,0.046979
18.208,73.726,0.067142
18.208,73.726,0.033537
18.208,73.758,0.0537
18.208,73.767,0.067142
18.208,73.858,0.060421
18.208,73.867,0.067142
18.208,73.883,0.040258
18.208,73.892,0.033537
18.208,73.923,0.19484
18.208,73.924,0.0537
18.208,73.975,0.060421
18.208,73.983,0.0537
18.208,74.389,0.042812
18.208,74.392,0.039317
18.208,74.663,0.03058
18.208,74.845,0.07608
18.208,74.922,0.075207
18.208,74.928,0.10491
18.208,74.929,0.078097
18.208,75.182,0.083541
18.208,75.187,0.063042
18.208,75.201,0.06815
18.208,75.664,0.077895
18.209,74.384,0.03636
18.209,74.404,0.051213
18.209,74.417,0.055111
18.209,74.438,0.04093
18.209,74.455,0.097386
18.209,74.737,0.1283
18.209,74.918,0.090261
18.209,74.929,0.070233
18.209,74.4,0.058673
18.209,74.437,0.048323
18.209,74.456,0.058673
18.209,74.489,0.037368
18.209,74.919,0.090261
18.209,74.927,0.09174
18.209,74.927,0.09053
18.209,75.419,0.085422
18.209,74.384,0.063176
18.209,74.388,0.068956
18.209,74.419,0.048995
18.209,74.478,0.044761
18.209,74.485,0.029572
18.209,74.799,0.0826
18.209,74.917,0.075207
18.209,74.918,0.095705
18.209,74.918,0.1152
18.209,74.925,0.068486
18.209,74.947,0.097386
18.209,74.38,0.045433
18.209,74.419,0.049264
18.209,74.497,0.05202
18.209,74.776,0.031521
18.209,74.777,0.043484
18.209,74.921,0.082331
18.209,74.924,0.081255
18.209,74.929,0.078097
18.209,75.191,0.096713
18.209,75.192,0.11486
18.209,75.201,0.10881
18.21,74.415,0.072182
18.21,74.419,0.057329
18.21,74.427,0.034747
18.21,74.428,0.055111
18.21,74.429,0.037704
18.21,74.441,0.048995
18.21,74.742,0.035083
18.21,74.977,0.078298
18.21,75.186,0.056724
18.21,74.372,0.061227
18.21,74.378,0.053834
18.21,74.388,0.068956
18.21,74.409,0.047382
18.21,74.412,0.05995
18.21,74.421,0.058875
18.21,74.427,0.057665
18.21,74.428,0.032865
18.21,74.613,0.03347
18.21,74.68,0.038309
18.21,74.919,0.10948
18.21,74.928,0.078231
18.21,75.201,0.064453
18.21,74.024,0.17468
18.21,74.384,0.04093
18.21,74.384,0.054103
18.21,74.427,0.046038
18.21,74.442,0.04671
18.21,74.443,0.068015
18.21,74.916,0.11486
18.21,74.921,0.081928
18.21,74.927,0.083944
18.21,74.964,0.053834
18.21,74.974,0.089657
18.21,74.974,0.066873
18.21,75.221,0.095369
18.211,74.004,0.16123
18.211,74.011,0.067142
18.211,74.309,0.045433
18.211,74.382,0.057665
18.211,74.408,0.04093
18.211,74.457,0.066402
18.211,74.649,0.03925
18.211,74.922,0.075207
18.211,74.929,0.069494
18.211,74.931,0.081793
18.211,75.045,0.084145
18.211,73.686,0.0537
18.211,74.027,0.0537
18.211,74.208,0.075072
18.211,74.405,0.068015
18.211,74.411,0.054775
18.211,74.416,0.036696
18.211,74.929,0.094697
18.211,74.942,0.10881
18.211,74.974,0.067142
18.211,75.199,0.10276
18.211,74.385,0.064453
18.211,74.457,0.050877
18.211,74.601,0.03636
18.211,74.922,0.090261
18.211,74.922,0.11083
18.211,74.713,0.028631
18.211,74.853,0.12924
18.211,74.921,0.096377
18.211,74.922,0.11486
18.212,74.409,0.061899
18.212,74.483,0.052221
18.212,74.923,0.098192
18.212,74.926,0.1152
18.212,74.93,0.086632
18.212,74.932,0.075207
18.212,75.185,0.084616
18.212,75.194,0.077223
18.212,74.345,0.055111
18.212,74.495,0.084145
18.212,74.733,0.049936
18.212,74.92,0.088648
18.212,74.924,0.089321
18.212,74.931,0.083608
18.212,74.932,0.10491
18.212,74.967,0.069292
18.212,74.428,0.043148
18.212,74.431,0.037368
18.212,74.438,0.048995
18.212,74.459,0.025405
18.212,74.853,0.13287
18.212,74.919,0.077895
18.212,74.931,0.073795
18.212,74.931,0.088044
18.212,75.009,0.055111
18.212,74.37,0.03347
18.212,74.422,0.053834
18.212,74.932,0.096041
18.213,74.37,0.037973
18.213,74.761,0.077693
18.213,74.792,0.09705
18.213,74.872,0.045568
18.213,74.917,0.077895
18.213,74.924,0.083608
18.213,74.933,0.084952
18.213,75.197,0.10881
18.213,75.008,0.068351
18.213,74.388,0.026547
18.213,74.401,0.051885
18.213,74.614,0.051818
18.213,74.632,0.14221
18.213,74.92,0.082936
18.213,74.925,0.089657
18.213,74.932,0.074535
18.214,74.914,0.095369
18.214,74.915,0.10848
18.214,74.931,0.10142
18.214,74.402,0.041535
18.214,74.425,0.06284
18.214,74.442,0.055447
18.214,74.738,0.040527
18.214,75.907,0.055044
18.214,74.65,0.062504
18.214,74.9,0.10995
18.214,75.659,0.047113
18.214,74.5,0.061496
18.214,74.506,0.029572
18.214,74.637,0.048323
18.214,74.721,0.045097
18.214,74.744,0.036696
18.214,74.916,0.082936
18.214,74.922,0.11486
18.214,74.975,0.085086
18.215,74.275,0.046038
18.215,74.324,0.039317
18.215,74.326,0.036696
18.215,74.402,0.076685
18.215,74.418,0.03636
18.215,74.418,0.033806
18.215,74.424,0.044425
18.215,74.908,0.082936
18.215,74.921,0.076685
18.215,74.922,0.083944
18.215,74.93,0.096377
18.215,75.222,0.075207
18.215,74.186,0.057396
18.215,74.471,0.10606
18.215,74.897,0.067881
18.215,74.372,0.039922
18.215,74.855,0.058337
18.215,75.206,0.10814
18.216,74.673,0.038981
18.216,74.925,0.095705
18.216,75.423,0.03226
18.216,74.323,0.054775
18.216,74.718,0.11862
18.216,74.733,0.047651
18.216,74.912,0.088111
18.216,74.918,0.085422
18.216,74.932,0.1072
18.216,75.078,0.18355
18.216,74.404,0.047651
18.216,74.416,0.040258
18.216,74.418,0.048659
18.216,74.461,0.12763
18.216,74.787,0.020566
18.216,74.88,0.09994
18.216,74.915,0.07561
18.216,74.923,0.067814
18.216,74.931,0.095705
18.216,75.194,0.089052
18.216,74.416,0.05706
18.216,74.423,0.054439
18.216,74.912,0.088111
18.216,74.926,0.10679
18.217,73.642,0.040258
18.217,73.658,0.046979
18.217,73.717,0.046979
18.217,73.72,0.13435
18.217,73.725,0.046979
18.217,73.758,0.040258
18.217,73.758,0.046979
18.217,73.767,0.060421
18.217,73.789,0.060421
18.217,73.858,0.080583
18.217,73.867,0.087304
18.217,73.875,0.0537
18.217,73.883,0.033537
18.217,73.892,0.026816
18.217,73.908,0.060421
18.217,73.933,0.19484
18.217,73.949,0.13435
18.217,73.975,0.046979
18.217,74.661,0.070233
18.217,75.207,0.095033
18.217,73.91,0.0537
18.217,74.703,0.047046
18.217,74.912,0.074938
18.217,74.926,0.10196
18.217,74.931,0.017474
18.217,74.933,0.088044
18.217,74.948,0.07561
18.217,74.026,0.067142
18.217,74.377,0.038981
18.217,74.594,0.068015
18.217,74.615,0.051885
18.217,74.909,0.074669
18.217,74.911,0.077895
18.217,74.933,0.077895
18.218,74.011,0.046979
18.218,74.377,0.04671
18.218,74.623,0.053162
18.218,74.787,0.10511
18.218,74.909,0.10478
18.218,74.919,0.090329
18.218,74.93,0.091471
18.218,74.933,0.083608
18.218,75.175,0.0785
18.218,74,0.10747
18.218,74.254,0.05706
18.218,74.329,0.042812
18.218,74.7,0.068956
18.218,74.908,0.088648
18.218,74.93,0.096377
18.218,74.931,0.071174
18.218,74.933,0.11392
18.218,74.621,0.041535
18.218,74.907,0.096377
18.218,74.907,0.088312
18.218,75.021,0.0089388
18.218,75.209,0.10404
18.218,75.211,0.10276
18.218,74.438,0.054439
18.218,74.812,0.02816
18.218,74.907,0.10881
18.218,74.911,0.11083
18.218,74.924,0.074669
18.218,74.931,0.10411
18.218,74.95,0.077895
18.219,73.992,0.026816
18.219,74.025,0.0537
18.219,74.419,0.039922
18.219,74.763,0.054439
18.219,74.908,0.077895
18.219,76.177,0.056187
18.219,74.375,0.061563
18.219,74.375,0.03636
18.219,74.681,0.044761
18.219,74.864,0.047987
18.219,74.911,0.085422
18.219,74.931,0.074938
18.219,74.525,0.046374
18.219,74.641,0.038309
18.219,74.799,0.036696
18.219,74.908,0.10411
18.219,74.911,0.096713
18.219,74.956,0.10122
18.219,75.193,0.11553
18.219,73.985,0.060421
18.219,74.627,0.036091
18.219,74.861,0.058673
18.219,74.921,0.094697
18.219,75.186,0.074535
18.219,75.201,0.10155
18.22,74.762,0.086699
18.22,74.959,0.081255
18.22,75.651,0.042274
18.22,73.992,0.046979
18.22,74.417,0.037704
18.22,75.184,0.10814
18.22,75.185,0.082196
18.22,75.209,0.0826
18.22,74.317,0.041065
18.22,74.318,0.041199
18.22,74.42,0.051885
18.22,74.91,0.088245
18.22,74.923,0.078029
18.22,75.214,0.083541
18.221,74.41,0.056724
18.221,74.41,0.070166
18.221,74.411,0.028765
18.221,74.646,0.10995
18.221,74.407,0.032126
18.221,75.02,0.047987
18.221,75.027,0.084078
18.221,75.189,0.10881
18.221,74.027,0.12763
18.221,74.586,0.027959
18.221,74.821,0.010753
18.221,74.6,0.062168
18.221,74.826,0.029303
18.221,74.936,0.044761
18.221,74.958,0.082936
18.222,73.877,0.060421
18.222,74.656,0.09705
18.222,74.73,0.09416
18.222,74.752,0.093151
18.222,75.014,0.014988
18.222,75.209,0.089724
18.222,74.939,0.069628
18.222,75.206,0.1152
18.222,73.934,0.20156
18.222,74.318,0.04839
18.222,74.466,0.040863
18.222,74.59,0.030849
18.222,74.633,0.0248
18.223,73.936,0.026816
18.223,74.424,0.064789
18.223,74.74,0.04382
18.223,74.817,0.052826
18.223,75.213,0.089052
18.223,75.214,0.1031
18.223,73.92,0.26877
18.223,73.934,0.17468
18.223,74.41,0.045366
18.223,74.796,0.083137
18.223,74.959,0.078702
18.223,73.934,0.13435
18.223,74.389,0.055447
18.223,74.639,0.028631
18.223,74.889,0.054439
18.223,75.212,0.10881
18.223,73.57,0.026816
18.223,74.401,0.034613
18.223,74.439,0.06237
18.223,74.982,0.029572
18.224,74.017,0.0537
18.224,74.301,0.054439
18.224,74.335,0.02023
18.224,74.423,0.05417
18.224,74.424,0.034747
18.224,75.184,0.11486
18.224,75.187,0.10209
18.224,75.231,0.023389
18.224,74.409,0.02312
18.224,75.191,0.083944
18.224,74.1,0.060354
18.224,74.227,0.036629
18.224,74.332,0.041602
18.224,74.404,0.056657
18.224,74.413,0.041535
18.224,74.416,0.069158
18.224,74.417,0.056657
18.224,74.419,0.054506
18.224,74.442,0.049264
18.224,74.444,0.049802
18.224,74.496,0.044761
18.224,74.958,0.10478
18.224,75.192,0.1162
18.224,75.531,0.029505
18.224,74.018,0.033537
18.224,74.186,0.064789
18.224,74.318,0.034411
18.224,74.338,0.047651
18.224,74.408,0.049936
18.224,74.415,0.042274
18.224,74.711,0.038914
18.224,74.815,0.039317
18.224,74.885,0.075072
18.224,75.183,0.075072
18.224,75.188,0.069225
18.224,75.419,0.070704
18.225,74.167,0.082465
18.225,74.187,0.066268
18.225,74.407,0.053633
18.225,74.414,0.049735
18.225,74.414,0.065596
18.225,74.442,0.047584
18.225,75.188,0.096041
18.225,75.2,0.10881
18.225,73.65,0.060421
18.225,73.658,0.033537
18.225,73.724,0.0537
18.225,73.725,0.0537
18.225,73.727,0.040258
18.225,73.792,0.067142
18.225,73.917,0.10075
18.225,73.925,0.046979
18.225,73.933,0.12763
18.225,73.968,0.040258
18.225,74.649,0.051549
18.225,75.049,0.073123
18.225,75.208,0.076685
18.225,75.308,0.10209
18.225,75.416,0.075072
18.225,75.421,0.066268
18.225,73.509,0.11419
18.225,73.933,0.10747
18.225,74.389,0.035083
18.225,74.415,0.05202
18.225,74.905,0.099267
18.226,74.372,0.059278
18.226,74.375,0.047046
18.226,74.376,0.042812
18.226,74.389,0.068351
18.226,74.417,0.058136
18.226,74.793,0.073123
18.226,74.876,0.052154
18.226,75.21,0.10357
18.226,73.588,0.10075
18.226,74.393,0.025741
18.226,74.415,0.069158
18.226,74.415,0.058942
18.226,74.683,0.053498
18.226,74.756,0.060555
18.226,74.889,0.073459
18.226,74.994,0.049936
18.226,75.204,0.077223
18.226,73.84,0.046979
18.226,74.026,0.026816
18.226,74.728,0.047651
18.226,75.206,0.083272
18.226,75.211,0.10209
18.226,74.319,0.048995
18.226,74.382,0.047382
18.226,74.759,0.042812
18.226,74.78,0.059278
18.226,74.891,0.0951
18.227,74.372,0.040594
18.227,74.388,0.031857
18.227,74.409,0.051079
18.227,74.455,0.035419
18.227,74.75,0.053431
18.227,74.768,0.056724
18.227,74.856,0.030244
18.227,74.913,0.089186
18.227,74.934,0.061899
18.227,73.926,0.046979
18.227,74.218,0.04261
18.227,74.253,0.027623
18.227,74.321,0.034949
18.227,74.375,0.033806
18.227,74.381,0.031252
18.227,74.409,0.067142
18.227,74.414,0.068351
18.227,74.968,0.078298
18.227,74.513,0.031185
18.227,74.96,0.05249
18.227,75.162,0.043551
18.227,75.201,0.11486
18.227,73.682,0.0537
18.227,74.32,0.035419
18.227,74.793,0.044761
18.227,76.11,0.056052
18.228,74.329,0.04214
18.228,74.517,0.024531
18.228,74.944,0.055044
18.228,74.324,0.035486
18.228,74.369,0.048323
18.228,74.372,0.044425
18.228,74.381,0.037032
18.228,74.41,0.061093
18.228,74.411,0.041468
18.228,74.411,0.036763
18.228,74.416,0.067881
18.228,74.813,0.051549
18.228,74.891,0.058673
18.229,74.413,0.033403
18.229,74.416,0.033403
18.229,74.588,0.065125
18.229,74.663,0.077357
18.229,74.722,0.032462
18.229,73.687,0.080583
18.229,74.321,0.032865
18.229,74.409,0.070166
18.229,74.409,0.047584
18.229,74.41,0.065596
18.229,74.41,0.074333
18.229,74.41,0.069091
18.229,74.412,0.065596
18.229,74.413,0.06237
18.229,74.413,0.067881
18.229,74.413,0.047718
18.229,74.415,0.067881
18.229,74.422,0.067881
18.229,74.763,0.064453
18.229,74.946,0.056052
18.229,74.555,0.042207
18.229,74.618,0.075072
18.229,74.763,0.046979
18.229,74.33,0.052961
18.229,74.55,0.071241
18.229,74.748,0.12057
18.229,74.868,0.072854
18.23,75.05,0.063781
18.23,74.334,0.039922
18.23,74.387,0.038645
18.23,74.465,0.051213
18.23,76.077,0.055111
18.23,74.336,0.04503
18.23,74.657,0.028295
18.23,74.686,0.0095437
18.23,74.787,0.063781
18.23,74.935,0.074467
18.23,76.001,0.041602
18.231,74.336,0.03636
18.231,74.411,0.20828
18.231,74.751,0.071241
18.231,74.321,0.068755
18.231,74.571,0.045433
18.231,74.656,0.034075
18.231,74.734,0.08186
18.231,74.8,0.11251
18.231,74.324,0.043551
18.231,74.336,0.05538
18.231,74.346,0.037368
18.231,74.406,0.030042
18.231,74.697,0.04093
18.231,74.82,0.052221
18.231,74.891,0.053162
18.231,74.923,0.088917
18.231,74.438,0.056052
18.231,74.556,0.04093
18.231,74.62,0.096982
18.232,74.315,0.044156
18.232,74.333,0.035621
18.232,74.387,0.039317
18.232,74.777,0.053162
18.232,74.306,0.034478
18.232,74.406,0.039855
18.232,74.914,0.030177
18.232,74.427,0.068015
18.232,74.674,0.050608
18.232,75.135,0.022179
18.233,74.407,0.043081
18.233,74.691,0.036696
18.233,74.778,0.045097
18.233,74.322,0.054305
18.233,74.319,0.054641
18.233,74.695,0.031521
18.233,73.65,0.026816
18.233,73.717,0.080583
18.233,73.722,0.17468
18.233,73.725,0.026816
18.233,73.73,0.073862
18.233,73.787,0.0537
18.233,73.867,0.046979
18.233,73.87,0.033537
18.233,73.917,0.0537
18.233,73.925,0.046979
18.233,73.933,0.033537
18.233,74.502,0.038309
18.233,74.821,0.088648
18.233,74.91,0.10028
18.234,74.268,0.039922
18.234,74.302,0.053834
18.234,74.497,0.056388
18.234,73.787,0.046979
18.234,74.573,0.058673
18.234,74.798,0.05995
18.234,74.803,0.056052
18.234,73.681,0.22844
18.234,74.323,0.054036
18.234,75.132,0.054641
18.234,74.322,0.047584
18.234,74.339,0.065394
18.234,74.342,0.050003
18.234,74.397,0.059278
18.234,74.457,0.061362
18.234,74.599,0.038645
18.234,74.671,0.037637
18.234,74.831,0.055716
18.234,74.889,0.057329
18.235,73.867,0.033537
18.235,74.282,0.040796
18.235,74.397,0.056993
18.235,74.931,0.080315
18.235,75.013,0.053498
18.235,75.097,0.088111
18.235,73.877,0.0537
18.235,74.331,0.049264
18.235,74.538,0.052221
18.235,74.613,0.071577
18.236,74.345,0.038847
18.236,74.748,0.047651
18.236,74.833,0.039317
18.236,74.93,0.061899
18.236,73.869,0.033537
18.236,73.892,0.11419
18.236,74.267,0.042342
18.236,74.28,0.048256
18.236,74.336,0.052893
18.236,74.469,0.051549
18.236,74.494,0.061899
18.236,74.536,0.067679
18.236,74.65,0.1283
18.236,74.675,0.048995
18.236,74.711,0.025069
18.236,74.739,0.047315
18.236,74.868,0.070233
18.236,74.905,0.068015
18.236,74.949,0.064789
18.236,74.267,0.045164
18.236,74.27,0.028967
18.236,74.342,0.046576
18.236,74.736,0.099603
18.237,73.868,0.094025
18.237,73.933,0.073862
18.237,74.322,0.043955
18.237,74.332,0.04261
18.237,74.343,0.055447
18.237,74.779,0.044761
18.237,74.8,0.064117
18.237,73.876,0.215
18.237,74.497,0.045366
18.237,74.505,0.045433
18.237,74.591,0.056388
18.237,74.906,0.06573
18.237,74.337,0.046576
18.237,74.41,0.048054
18.237,74.837,0.092815
18.238,73.764,0.20156
18.238,73.872,0.12763
18.238,73.874,0.067142
18.238,73.876,0.0537
18.238,73.92,0.17468
18.238,73.936,0.046979
18.238,74.271,0.038443
18.238,74.609,0.068351
18.238,74.676,0.06573
18.238,74.89,0.061899
18.238,75.984,0.051684
18.238,73.83,0.25533
18.238,73.831,0.13435
18.238,73.934,0.087304
18.238,74.495,0.03347
18.238,74.663,0.052826
18.238,74.666,0.098663
18.238,74.826,0.044761
18.238,74.983,0.070569
18.238,74.332,0.060622
18.238,74.67,0.031521
18.238,74.843,0.043148
18.238,74.328,0.050003
18.238,74.346,0.041938
18.238,74.735,0.10028
18.238,74.846,0.12736
18.238,74.859,0.15384
18.238,75.341,0.075207
18.239,74.267,0.034814
18.239,74.335,0.045097
18.239,74.344,0.041468
18.239,74.383,0.050205
18.239,74.391,0.044156
18.239,74.503,0.042476
18.239,74.921,0.061899
18.239,73.872,0.033537
18.239,73.919,0.033537
18.239,74.308,0.048659
18.239,74.36,0.04093
18.239,74.937,0.057329
18.239,74.281,0.057464
18.239,74.322,0.061832
18.239,74.338,0.053297
18.239,74.646,0.03058
18.239,74.816,0.059883
18.239,74.873,0.093151
18.239,74.391,0.051549
18.239,74.573,0.054439
18.239,74.742,0.051213
18.239,75.228,0.077021
18.24,73.597,0.17468
18.24,73.827,0.22844
18.24,74.218,0.057396
18.24,74.311,0.040729
18.24,74.774,0.079306
18.24,74.356,0.040863
18.24,74.747,0.022784
18.24,74.895,0.089993
18.24,74.982,0.032529
18.24,73.579,0.067142
18.24,73.83,0.10747
18.24,73.875,0.12091
18.24,74.457,0.098327
18.241,73.579,0.0537
18.241,73.869,0.026816
18.241,74.326,0.049331
18.241,74.686,0.034747
18.241,73.581,0.060421
18.241,74.304,0.059009
18.241,74.341,0.038309
18.241,74.718,0.04671
18.241,74.903,0.045702
18.241,73.838,0.17468
18.241,73.867,0.094025
18.241,74.258,0.042342
18.241,74.305,0.052423
18.241,74.311,0.049802
18.241,74.323,0.068822
18.241,74.832,0.075744
18.241,74.877,0.10283
18.241,74.939,0.0496
18.241,74.28,0.044761
18.241,74.3,0.049398
18.241,74.302,0.039519
18.241,74.327,0.054641
18.241,74.334,0.088984
18.241,74.335,0.042879
18.241,74.347,0.053162
18.241,74.593,0.040258
18.241,74.718,0.085086
18.241,75.571,0.02144
18.242,73.658,0.040258
18.242,73.685,0.067142
18.242,73.692,0.020095
18.242,73.917,0.073862
18.242,73.925,0.046979
18.242,74.258,0.0537
18.242,74.396,0.042207
18.242,75.891,0.068486
18.242,74.258,0.050071
18.242,74.328,0.055111
18.242,74.332,0.087573
18.242,74.339,0.04839
18.242,74.348,0.046643
18.242,74.703,0.076349
18.242,74.776,0.032798
18.242,74.817,0.12286
18.242,74.03,0.057531
18.242,74.326,0.0703
18.242,74.343,0.042812
18.242,74.686,0.044425
18.242,74.937,0.046038
18.242,74.957,0.055447
18.242,75.039,0.039586
18.242,75.081,0.041602
18.242,74.271,0.043417
18.242,74.272,0.035486
18.242,74.28,0.035755
18.242,74.281,0.052288
18.242,74.313,0.046777
18.242,75,0.07319
18.243,74.28,0.041401
18.243,74.325,0.0578
18.243,74.354,0.043955
18.243,74.396,0.052826
18.243,74.401,0.022179
18.243,74.509,0.061899
18.243,74.696,0.056052
18.243,73.764,0.14107
18.243,73.867,0.040258
18.243,73.972,0.0537
18.243,74.257,0.034747
18.243,74.276,0.067948
18.243,74.282,0.05128
18.243,74.301,0.037637
18.243,74.32,0.075543
18.243,74.653,0.034747
18.243,74.732,0.031387
18.243,74.786,0.10155
18.243,74.268,0.053364
18.243,74.279,0.056119
18.243,74.281,0.056119
18.243,74.601,0.042476
18.243,74.682,0.024397
18.243,75.014,0.022179
18.244,74.021,0.03972
18.244,74.258,0.037637
18.244,74.311,0.047315
18.244,74.344,0.054641
18.244,74.354,0.035688
18.244,74.379,0.03347
18.244,74.558,0.043148
18.244,74.716,0.07319
18.244,74.723,0.030849
18.244,74.794,0.064789
18.244,74.797,0.063176
18.244,74.912,0.058606
18.244,73.58,0.18812
18.244,74.251,0.039048
18.244,74.275,0.047718
18.244,74.278,0.036158
18.244,74.304,0.042543
18.244,74.372,0.026682
18.244,75.32,0.069964
18.244,74.268,0.044156
18.244,74.276,0.0496
18.244,74.519,0.062168
18.244,74.701,0.072518
18.244,74.807,0.075072
18.244,73.538,0.060421
18.244,73.747,0.026816
18.244,74.275,0.053901
18.244,74.301,0.043081
18.244,74.336,0.058673
18.244,74.348,0.032932
18.244,74.683,0.031857
18.244,74.732,0.024128
18.244,74.776,0.04214
18.244,75.055,0.04093
18.245,74.28,0.041938
18.245,74.455,0.037973
18.245,74.624,0.032462
18.245,74.805,0.099267
18.245,74.955,0.043148
18.245,73.834,0.14779
18.245,74.272,0.042879
18.245,74.348,0.032932
18.245,74.355,0.048256
18.245,74.743,0.052221
18.245,74.933,0.069628
18.245,74.265,0.048659
18.245,74.279,0.041065
18.245,74.282,0.047785
18.245,74.556,0.037704
18.245,74.725,0.10377
18.245,74.816,0.048995
18.245,74.829,0.12575
18.245,74.856,0.067343
18.246,74.27,0.029303
18.246,74.522,0.058942
18.246,74.594,0.044425
18.246,74.619,0.034478
18.246,74.716,0.073459
18.246,74.935,0.057329
18.246,75.199,0.041535
18.246,73.58,0.040258
18.246,74.273,0.041938
18.246,74.283,0.044895
18.246,74.328,0.062303
18.246,74.491,0.035419
18.246,74.719,0.061496
18.246,74.986,0.06573
18.246,74.267,0.047785
18.246,74.271,0.054305
18.246,74.276,0.034949
18.246,74.288,0.041468
18.246,74.289,0.023187
18.246,74.289,0.043282
18.246,74.334,0.035083
18.246,74.469,0.028295
18.246,74.628,0.028295
18.246,74.838,0.056388
18.246,74.282,0.050608
18.246,74.283,0.0496
18.246,74.314,0.045836
18.246,74.328,0.056859
18.246,74.357,0.060958
18.246,74.894,0.12319
18.247,74.242,0.05995
18.247,74.277,0.063512
18.247,74.28,0.054506
18.247,74.299,0.053901
18.247,74.316,0.045769
18.247,74.351,0.032932
18.247,74.437,0.054103
18.247,74.784,0.10572
18.247,74.924,0.059614
18.247,74.352,0.054641
18.247,74.359,0.075812
18.247,74.372,0.058337
18.247,74.694,0.07319
18.247,75.999,0.056455
18.247,74.284,0.054439
18.247,74.291,0.047718
18.247,74.271,0.048054
18.247,74.327,0.056724
18.247,74.348,0.06573
18.247,74.817,0.041199
18.247,74.822,0.047382
18.248,74.341,0.047584
18.248,74.731,0.031857
18.248,74.283,0.034478
18.248,74.304,0.049197
18.248,74.314,0.045433
18.248,75.225,0.054641
18.248,73.835,0.16123
18.248,74.267,0.044963
18.248,74.324,0.021036
18.248,74.328,0.036293
18.248,74.348,0.040258
18.248,74.359,0.039855
18.248,74.498,0.043484
18.248,74.673,0.086363
18.249,74.316,0.034344
18.249,74.571,0.039586
18.249,74.676,0.046979
18.249,74.875,0.063781
18.249,74.256,0.045232
18.249,74.263,0.034613
18.249,74.281,0.022918
18.249,74.301,0.03683
18.249,74.317,0.043551
18.249,74.326,0.043551
18.249,74.335,0.039317
18.249,74.639,0.056724
18.249,74.681,0.085691
18.249,74.272,0.032327
18.249,74.285,0.060017
18.249,74.294,0.053364
18.249,74.495,0.04093
18.249,74.621,0.028631
18.249,74.643,0.063512
18.249,74.687,0.058942
18.249,74.735,0.025405
18.249,74.274,0.037704
18.249,74.375,0.04382
18.249,74.493,0.07897
18.249,74.543,0.044425
18.25,74.276,0.027959
18.25,74.28,0.049264
18.25,74.284,0.035486
18.25,74.318,0.035419
18.25,74.593,0.024128
18.25,74.706,0.10451
18.25,73.764,0.10747
18.25,73.85,0.16795
18.25,73.917,0.13435
18.25,73.925,0.040258
18.25,74.276,0.047718
18.25,74.441,0.027556
18.25,74.449,0.036226
18.25,74.471,0.037637
18.25,74.485,0.033806
18.25,73.838,0.046979
18.25,74.438,0.06237
18.25,74.509,0.04671
18.25,74.608,0.043148
18.25,74.668,0.053834
18.25,74.678,0.058673
18.25,74.707,0.11378
18.251,73.838,0.080583
18.251,74.261,0.047718
18.251,74.261,0.041938
18.251,74.284,0.075207
18.251,74.338,0.052692
18.251,74.496,0.045702
18.251,74.856,0.061093
18.251,75.601,0.035621
18.251,74.296,0.06358
18.251,74.312,0.045299
18.251,74.313,0.038645
18.251,74.314,0.054372
18.251,74.344,0.058068
18.251,74.488,0.074602
18.251,74.662,0.065394
18.251,74.681,0.055044
18.251,74.741,0.035755
18.251,74.873,0.047718
18.251,74.312,0.040124
18.251,74.316,0.050071
18.251,74.331,0.070368
18.251,74.409,0.041468
18.251,74.446,0.05417
18.251,74.491,0.044358
18.251,74.306,0.05202
18.251,74.312,0.041938
18.251,74.324,0.05417
18.251,74.328,0.041065
18.251,74.361,0.066873
18.251,74.576,0.056388
18.251,74.709,0.096982
18.251,74.919,0.11184
18.252,73.881,0.040258
18.252,74.282,0.034478
18.252,74.304,0.060958
18.252,74.304,0.07272
18.252,74.306,0.05202
18.252,74.312,0.034814
18.252,74.315,0.041401
18.252,74.332,0.048458
18.252,74.341,0.064789
18.252,74.359,0.041938
18.252,74.409,0.02312
18.252,74.522,0.04671
18.252,74.279,0.026682
18.252,74.292,0.039653
18.252,74.303,0.038376
18.252,74.308,0.054506
18.252,74.309,0.03925
18.252,74.309,0.037503
18.252,74.317,0.056791
18.252,74.343,0.036965
18.252,74.478,0.074333
18.252,74.494,0.055178
18.252,74.569,0.058942
18.252,74.727,0.053162
18.252,74.912,0.056052
18.252,74.311,0.044492
18.252,74.311,0.048861
18.252,74.315,0.049264
18.252,74.322,0.037771
18.252,74.34,0.060622
18.252,74.408,0.047449
18.252,74.824,0.051885
18.252,74.997,0.06573
18.253,74.263,0.041938
18.253,74.304,0.057934
18.253,74.305,0.041871
18.253,74.313,0.028631
18.253,74.414,0.063647
18.253,74.468,0.046374
18.253,74.489,0.031857
18.253,74.66,0.045433
18.253,74.708,0.11446
18.253,75.032,0.10028
18.253,73.764,0.28221
18.253,74.316,0.028631
18.253,74.338,0.02937
18.253,74.508,0.0496
18.253,74.536,0.024128
18.253,74.561,0.025741
18.253,74.837,0.055111
18.253,74.838,0.07897
18.253,75.655,0.10814
18.253,74.306,0.030916
18.253,74.316,0.053767
18.253,74.341,0.046643
18.253,74.471,0.063109
18.253,74.48,0.044425
18.253,74.486,0.054775
18.253,74.631,0.047987
18.253,74.679,0.061899
18.253,74.693,0.026346
18.253,74.903,0.052154
18.253,73.752,0.40319
18.253,74.296,0.037637
18.253,74.308,0.021036
18.253,74.331,0.05417
18.253,74.352,0.053297
18.253,74.704,0.067343
18.253,74.711,0.045299
18.253,74.807,0.068284
18.254,74.308,0.05538
18.254,74.319,0.056791
18.254,74.533,0.054439
18.254,74.662,0.047651
18.254,74.946,0.11641
18.254,73.55,0.033537
18.254,74.316,0.068015
18.254,74.322,0.04093
18.254,74.358,0.041602
18.254,74.446,0.038712
18.254,74.467,0.015727
18.254,74.662,0.051549
18.254,74.677,0.070233
18.254,74.72,0.063176
18.254,74.301,0.072922
18.254,74.304,0.027556
18.254,74.445,0.074131
18.254,74.446,0.033403
18.254,74.696,0.041871
18.254,74.816,0.030042
18.254,74.274,0.054842
18.254,74.3,0.041938
18.254,74.307,0.037166
18.254,74.312,0.040796
18.254,74.317,0.037637
18.254,74.32,0.048928
18.254,74.326,0.040796
18.254,74.336,0.063781
18.254,74.437,0.054305
18.254,74.439,0.06163
18.254,74.467,0.022515
18.254,74.467,0.028295
18.254,74.468,0.029303
18.254,74.62,0.035419
18.254,74.703,0.025405
18.254,74.906,0.042207
18.255,73.754,0.067142
18.255,74.245,0.038645
18.255,74.282,0.045299
18.255,74.322,0.060219
18.255,74.335,0.039653
18.255,74.414,0.047718
18.255,74.673,0.051549
18.255,75.322,0.095369
18.255,75.678,0.047718
18.255,74.301,0.047987
18.255,74.307,0.047181
18.255,74.312,0.045769
18.255,74.364,0.06815
18.255,74.644,0.035688
18.255,74.905,0.053162
18.255,74.256,0.047718
18.255,74.258,0.056119
18.255,74.299,0.031655
18.255,74.313,0.050272
18.255,74.467,0.023187
18.255,74.619,0.064789
18.255,74.643,0.022851
18.255,74.665,0.061832
18.255,74.824,0.039586
18.256,74.254,0.054641
18.256,74.255,0.047584
18.256,74.389,0.0496
18.256,74.435,0.067881
18.256,74.442,0.048659
18.256,74.481,0.043484
18.256,74.486,0.047315
18.256,74.732,0.064453
18.256,74.933,0.10881
18.256,73.753,0.026816
18.256,74.276,0.025741
18.256,74.301,0.041871
18.256,74.303,0.043417
18.256,74.308,0.057396
18.256,74.356,0.042879
18.256,74.446,0.043551
18.256,74.503,0.026077
18.256,74.574,0.055111
18.256,74.685,0.066066
18.256,74.258,0.054708
18.256,74.259,0.06116
18.256,74.295,0.060017
18.256,74.3,0.021104
18.256,74.304,0.049331
18.256,74.306,0.049735
18.256,74.439,0.048189
18.256,74.444,0.03636
18.256,74.601,0.060286
18.256,74.609,0.066671
18.256,74.876,0.064789
18.256,74.945,0.062168
18.256,74.261,0.037637
18.256,74.284,0.048054
18.256,74.303,0.045097
18.256,74.443,0.048189
18.256,74.626,0.056052
18.256,74.823,0.071241
18.256,74.904,0.06573
18.256,74.912,0.085086
18.256,75.319,0.091337
18.257,74.275,0.050608
18.257,74.3,0.06452
18.257,74.301,0.047785
18.257,74.308,0.025069
18.257,74.328,0.062773
18.257,74.441,0.05491
18.257,74.507,0.056388
18.257,74.534,0.048323
18.257,74.54,0.022784
18.257,74.808,0.044089
18.257,74.818,0.15868
18.257,74.85,0.11486
18.257,74.958,0.11083
18.257,73.642,0.046979
18.257,74.266,0.051146
18.257,74.274,0.036293
18.257,74.274,0.027959
18.257,74.294,0.023053
18.257,74.3,0.053901
18.257,74.427,0.028026
18.257,74.778,0.1361
18.257,74.824,0.025405
18.257,74.853,0.074131
18.257,74.946,0.045299
18.257,75.338,0.087976
18.257,76.213,0.062034
18.257,73.593,0.1814
18.257,73.657,0.060421
18.257,74.322,0.030782
18.257,74.324,0.061227
18.257,74.338,0.031319
18.257,74.445,0.0537
18.257,74.579,0.032865
18.257,74.615,0.075744
18.257,74.938,0.047987
18.257,75.19,0.047718
18.257,75.191,0.054439
18.258,74.471,0.036696
18.258,74.523,0.050608
18.258,74.823,0.054439
18.258,75.322,0.10814
18.258,74.316,0.054506
18.258,74.332,0.037704
18.258,74.332,0.040863
18.258,74.431,0.03683
18.258,74.438,0.040325
18.258,74.454,0.031252
18.258,74.485,0.046038
18.258,74.615,0.044425
18.258,74.66,0.055716
18.258,74.824,0.054439
18.258,74.934,0.058673
18.258,74.957,0.10088
18.258,74.994,0.086027
18.258,74.276,0.053901
18.258,74.315,0.042207
18.258,74.323,0.062034
18.258,74.33,0.031319
18.258,74.335,0.047248
18.258,74.365,0.031588
18.258,74.436,0.041602
18.258,74.735,0.042812
18.258,73.755,0.080583
18.258,73.757,0.087304
18.258,73.825,0.040258
18.258,73.858,0.067142
18.258,73.917,0.0537
18.258,73.925,0.094025
18.258,74.754,0.013442
18.258,74.975,0.107
18.258,75.383,0.056187
18.259,73.885,0.0537
18.259,74.292,0.059681
18.259,74.295,0.054775
18.259,74.309,0.033806
18.259,74.311,0.035419
18.259,74.322,0.045232
18.259,74.454,0.03058
18.259,74.749,0.070233
18.259,74.782,0.077357
18.259,74.95,0.059614
18.259,74.265,0.041938
18.259,74.275,0.054506
18.259,74.289,0.041199
18.259,74.354,0.058001
18.259,74.407,0.054439
18.259,74.416,0.043484
18.259,74.769,0.090463
18.259,74.271,0.037704
18.259,74.276,0.041938
18.259,74.296,0.048928
18.259,74.417,0.042946
18.259,74.421,0.028026
18.259,74.437,0.041065
18.259,74.854,0.083272
18.259,74.281,0.055111
18.259,74.3,0.035621
18.259,74.338,0.050003
18.259,74.349,0.070166
18.259,74.436,0.048189
18.259,74.624,0.041199
18.259,74.642,0.073795
18.259,74.915,0.070233
18.259,74.965,0.06284
18.259,74.991,0.037032
18.259,74.999,0.038981
18.26,73.757,0.033537
18.26,73.764,0.094025
18.26,74.28,0.04046
18.26,74.355,0.039519
18.26,74.413,0.052221
18.26,74.416,0.048189
18.26,74.444,0.057665
18.26,74.566,0.046038
18.26,74.66,0.0951
18.26,74.696,0.051549
18.26,74.801,0.034478
18.26,74.291,0.040796
18.26,74.411,0.054439
18.26,74.418,0.048189
18.26,74.622,0.039586
18.26,74.66,0.067679
18.26,74.704,0.04214
18.26,74.719,0.11963
18.26,74.269,0.041535
18.26,74.293,0.074535
18.26,74.302,0.068351
18.26,74.317,0.043955
18.26,74.331,0.032798
18.26,74.366,0.050675
18.26,74.379,0.031991
18.26,74.722,0.063512
18.26,74.945,0.056052
18.26,75.317,0.077223
18.26,75.404,0.094697
18.26,76.101,0.03105
18.261,74.348,0.068284
18.261,74.357,0.04046
18.261,74.415,0.043014
18.261,74.558,0.06573
18.261,74.639,0.039586
18.261,74.87,0.025405
18.261,74.955,0.054775
18.261,74.297,0.040997
18.261,74.352,0.041871
18.261,74.402,0.060286
18.261,74.57,0.051885
18.261,74.672,0.056388
18.261,74.769,0.095369
18.261,74.833,0.054439
18.261,74.337,0.051751
18.261,74.414,0.0011425
18.261,74.445,0.041065
18.261,74.517,0.18509
18.261,74.57,0.026346
18.261,74.709,0.085691
18.261,74.263,0.042678
18.261,74.272,0.035621
18.261,74.274,0.050743
18.261,74.336,0.05417
18.261,74.34,0.070166
18.261,74.342,0.055313
18.261,74.349,0.050071
18.261,74.351,0.054574
18.261,74.412,0.040258
18.261,74.412,0.048189
18.261,74.498,0.056724
18.261,74.549,0.062504
18.261,74.813,0.020902
18.262,74.297,0.055649
18.262,74.349,0.054977
18.262,74.408,0.043551
18.262,74.414,0.042946
18.262,74.446,0.041065
18.262,74.6,0.027354
18.262,74.652,0.041535
18.262,74.773,0.10814
18.262,74.786,0.049264
18.262,74.889,0.12931
18.262,74.938,0.040325
18.262,73.547,0.087304
18.262,74.321,0.029572
18.262,74.383,0.037704
18.262,74.386,0.032865
18.262,74.407,0.043551
18.262,74.411,0.05491
18.262,74.684,0.050608
18.262,75.045,0.070233
18.262,73.72,0.10075
18.262,74.264,0.051751
18.262,74.311,0.049398
18.262,74.316,0.061967
18.262,74.408,0.040258
18.262,74.408,0.047113
18.262,73.431,0.0537
18.262,73.527,0.033537
18.262,74.269,0.034478
18.262,74.277,0.036898
18.262,74.282,0.053834
18.262,74.299,0.041468
18.262,74.327,0.034142
18.262,74.328,0.054439
18.262,74.343,0.060622
18.262,74.354,0.043282
18.262,74.506,0.042812
18.262,74.602,0.061563
18.262,74.662,0.037637
18.262,74.671,0.055111
18.262,74.689,0.064789
18.262,74.707,0.073795
18.262,74.776,0.024733
18.262,74.823,0.029236
18.262,74.994,0.036696
18.262,75.319,0.10747
18.263,73.719,0.080583
18.263,74.328,0.032596
18.263,74.406,0.03683
18.263,74.41,0.028967
18.263,74.412,0.034276
18.263,74.772,0.068956
18.263,74.82,0.035083
18.263,75.287,0.04335
18.263,74.283,0.040796
18.263,74.283,0.060622
18.263,74.414,0.028026
18.263,74.514,0.0496
18.263,74.753,0.041199
18.263,75.993,0.042476
18.263,73.697,0.0537
18.263,74.266,0.036562
18.263,74.275,0.037771
18.263,74.335,0.060622
18.263,74.415,0.052154
18.263,74.444,0.051885
18.263,74.668,0.038645
18.263,74.688,0.078298
18.263,74.932,0.052154
18.264,73.729,0.046979
18.264,74.347,0.05659
18.264,74.415,0.042946
18.264,74.496,0.042207
18.264,74.558,0.036091
18.264,74.773,0.078433
18.264,74.789,0.030916
18.264,73.698,0.046979
18.264,73.719,0.060421
18.264,74.281,0.036158
18.264,74.336,0.02648
18.264,74.347,0.0289
18.264,74.353,0.061832
18.264,74.414,0.034747
18.264,74.528,0.037032
18.264,74.709,0.11956
18.264,74.718,0.076685
18.264,74.781,0.049936
18.264,74.99,0.044761
18.264,74.991,0.089321
18.264,73.746,0.060421
18.264,74.271,0.042678
18.264,74.298,0.094697
18.264,74.314,0.049331
18.264,74.41,0.048189
18.264,74.417,0.052221
18.264,74.65,0.12736
18.264,74.691,0.027354
18.264,74.26,0.038981
18.264,74.276,0.049264
18.264,74.33,0.058337
18.264,74.339,0.028026
18.264,74.346,0.023053
18.264,74.356,0.020902
18.264,74.403,0.055851
18.264,74.412,0.027556
18.264,74.415,0.048189
18.264,74.415,0.036763
18.264,74.444,0.059614
18.264,74.598,0.054439
18.264,74.734,0.028631
18.264,75.3,0.034881
18.265,74.276,0.041938
18.265,74.287,0.042745
18.265,74.307,0.075274
18.265,74.335,0.032193
18.265,74.337,0.075207
18.265,74.347,0.028228
18.265,74.402,0.054775
18.265,74.407,0.042207
18.265,74.276,0.027824
18.265,74.297,0.082196
18.265,74.333,0.035621
18.265,74.413,0.043551
18.265,74.782,0.029908
18.265,74.866,0.064789
18.265,73.838,0.080583
18.265,74.214,0.11419
18.265,74.287,0.05249
18.265,74.312,0.021036
18.265,74.328,0.041871
18.265,74.335,0.064184
18.265,74.338,0.062034
18.265,74.346,0.021238
18.265,74.356,0.027421
18.265,74.405,0.03683
18.265,74.416,0.028026
18.265,74.44,0.032327
18.265,74.491,0.032529
18.265,74.647,0.10283
18.265,74.653,0.085086
18.265,74.726,0.056993
18.265,74.778,0.04671
18.265,74.81,0.043753
18.266,73.422,0.060421
18.266,73.69,0.040258
18.266,73.734,0.033537
18.266,73.734,0.0537
18.266,74.268,0.0496
18.266,74.287,0.081524
18.266,74.323,0.030042
18.266,74.334,0.026211
18.266,74.357,0.035621
18.266,74.364,0.034411
18.266,74.514,0.050205
18.266,74.577,0.057329
18.266,74.627,0.027959
18.266,73.697,0.026816
18.266,74.284,0.016063
18.266,74.289,0.063916
18.266,74.295,0.063714
18.266,74.322,0.04624
18.266,74.329,0.051952
18.266,74.348,0.036696
18.266,74.357,0.06237
18.266,74.411,0.043484
18.266,74.414,0.048189
18.266,74.646,0.057665
18.266,74.681,0.082532
18.266,74.772,0.052826
18.266,74.272,0.066738
18.266,74.298,0.05659
18.266,74.404,0.028765
18.266,74.416,0.027354
18.266,74.625,0.038914
18.266,74.76,0.078433
18.266,74.909,0.039116
18.266,74.275,0.029572
18.266,74.323,0.037839
18.266,74.33,0.041938
18.266,74.337,0.077021
18.266,74.446,0.054977
18.266,74.682,0.039922
18.266,74.942,0.035419
18.266,75.343,0.065797
18.267,74.288,0.043215
18.267,74.29,0.034814
18.267,74.298,0.1119
18.267,74.324,0.028765
18.267,74.439,0.020902
18.267,74.652,0.092479
18.267,74.707,0.05538
18.267,74.731,0.028631
18.267,75.923,0.047718
18.267,74.275,0.04913
18.267,74.294,0.056523
18.267,74.35,0.059816
18.267,74.405,0.05491
18.267,74.408,0.053834
18.267,74.41,0.048189
18.267,74.578,0.043484
18.267,74.584,0.073795
18.267,74.653,0.093151
18.267,74.665,0.056052
18.267,74.246,0.061563
18.267,74.291,0.039586
18.267,74.312,0.036629
18.267,74.401,0.033672
18.267,74.414,0.027556
18.267,74.426,0.048189
18.267,74.684,0.031185
18.267,74.809,0.067007
18.267,74.986,0.053162
18.267,75.662,0.077895
18.267,73.697,0.033537
18.267,74.265,0.054775
18.267,74.267,0.041938
18.267,74.318,0.055313
18.267,74.34,0.058337
18.267,74.37,0.044761
18.267,74.404,0.028026
18.267,74.43,0.042409
18.267,74.491,0.21346
18.267,74.553,0.060555
18.267,74.772,0.078029
18.267,74.955,0.053162
18.268,74.299,0.094025
18.268,74.309,0.040796
18.268,74.311,0.030244
18.268,74.321,0.043955
18.268,74.343,0.021171
18.268,74.366,0.033336
18.268,74.38,0.03347
18.268,74.404,0.036763
18.268,74.49,0.063109
18.268,74.625,0.16345
18.268,74.684,0.054439
18.268,75.005,0.036696
18.268,73.468,0.033537
18.268,73.829,0.12091
18.268,74.264,0.042745
18.268,74.293,0.0578
18.268,74.33,0.032059
18.268,74.409,0.034344
18.268,74.421,0.047449
18.268,74.488,0.031857
18.268,74.624,0.044425
18.268,74.654,0.11378
18.268,74.658,0.041535
18.268,74.763,0.093487
18.268,74.856,0.03347
18.268,74.936,0.09705
18.268,75.499,0.042745
18.268,73.84,0.020095
18.268,74.306,0.036091
18.268,74.312,0.040392
18.268,74.321,0.021305
18.268,74.328,0.043887
18.268,74.409,0.052154
18.268,74.409,0.05417
18.268,74.459,0.088984
18.268,74.585,0.067343
18.268,74.644,0.05995
18.268,74.741,0.056388
18.268,74.767,0.095369
18.268,74.802,0.074467
18.268,74.909,0.075207
18.268,74.964,0.069628
18.268,75.078,0.042543
18.269,74.296,0.044156
18.269,74.297,0.037637
18.269,74.299,0.030714
18.269,74.898,0.10606
18.269,74.268,0.034276
18.269,74.293,0.054238
18.269,74.294,0.037637
18.269,74.295,0.064789
18.269,74.406,0.0537
18.269,74.509,0.038645
18.269,74.531,0.040863
18.269,74.604,0.04093
18.269,74.771,0.095369
18.269,74.773,0.094697
18.269,74.774,0.082936
18.269,74.809,0.073123
18.269,74.886,0.075408
18.269,74.922,0.037704
18.269,74.272,0.048256
18.269,74.303,0.042543
18.269,74.404,0.052154
18.269,74.447,0.043484
18.269,74.449,0.048189
18.269,74.557,0.05827
18.269,74.782,0.057665
18.269,74.846,0.060891
18.269,74.965,0.05827
18.269,75.037,0.084145
18.269,73.697,0.026816
18.269,73.722,0.0537
18.269,73.884,0.060421
18.269,74.293,0.043014
18.269,74.309,0.060017
18.269,74.329,0.03972
18.269,74.405,0.05417
18.269,74.519,0.11217
18.269,74.588,0.029572
18.269,74.661,0.031185
18.269,74.662,0.06862
18.269,74.745,0.058673
18.269,74.769,0.09174
18.269,74.775,0.13025
18.269,75.119,0.042207
18.27,73.58,0.16795
18.27,73.584,0.14779
18.27,74.272,0.054641
18.27,74.311,0.058472
18.27,74.598,0.052826
18.27,74.655,0.10478
18.27,74.851,0.09994
18.27,73.597,0.17468
18.27,74.301,0.040997
18.27,74.545,0.045366
18.27,74.554,0.022179
18.27,74.618,0.038309
18.27,74.649,0.041199
18.27,74.758,0.10606
18.27,74.918,0.042274
18.27,74.291,0.039519
18.27,74.324,0.054977
18.27,74.332,0.026279
18.27,74.403,0.05706
18.27,74.403,0.063781
18.27,74.406,0.057598
18.27,74.41,0.053767
18.27,74.415,0.054439
18.27,74.544,0.023187
18.27,74.666,0.075072
18.27,74.699,0.047651
18.27,74.813,0.057732
18.271,73.719,0.067142
18.271,74.3,0.038443
18.271,74.331,0.039855
18.271,74.377,0.04093
18.271,74.419,0.034344
18.271,74.421,0.05417
18.271,74.549,0.079239
18.271,74.556,0.086027
18.271,75.168,0.047718
18.271,75.36,0.10881
18.271,73.738,0.080583
18.271,74.332,0.036024
18.271,74.404,0.05417
18.271,74.409,0.047449
18.271,74.412,0.042409
18.271,74.656,0.06284
18.271,74.714,0.054775
18.271,74.719,0.073594
18.271,74.774,0.041871
18.271,74.796,0.061563
18.271,73.719,0.13435
18.271,73.719,0.087304
18.271,73.719,0.040258
18.271,74.316,0.036562
18.271,74.323,0.042207
18.271,74.404,0.041468
18.271,74.416,0.028026
18.271,74.668,0.034142
18.271,74.681,0.067007
18.271,74.828,0.098595
18.271,74.996,0.035083
18.271,74.289,0.045299
18.271,74.299,0.041065
18.271,74.501,0.055716
18.271,74.999,0.063714
18.271,75.022,0.027556
18.271,75.024,0.05417
18.272,74.272,0.061563
18.272,74.326,0.051952
18.272,74.358,0.029841
18.272,74.424,0.048189
18.272,74.429,0.054506
18.272,74.646,0.065125
18.272,74.657,0.11217
18.272,74.662,0.054103
18.272,74.678,0.072182
18.272,74.833,0.044761
18.272,74.898,0.050205
18.272,75.001,0.056388
18.272,75.026,0.069292
18.272,75.341,0.080583
18.272,74.325,0.039586
18.272,74.494,0.044761
18.272,74.64,0.058001
18.272,74.708,0.010216
18.272,74.725,0.025069
18.272,74.772,0.060219
18.272,74.827,0.036696
18.272,75.335,0.075207
18.272,75.35,0.088648
18.272,73.703,0.033537
18.272,74.407,0.032327
18.272,74.411,0.047449
18.272,74.421,0.034747
18.272,74.426,0.058942
18.272,74.616,0.060555
18.272,74.657,0.097654
18.272,74.669,0.084078
18.272,74.82,0.04093
18.273,74.297,0.061227
18.273,74.297,0.055985
18.273,74.304,0.030983
18.273,74.414,0.067074
18.273,74.537,0.053162
18.273,74.639,0.032193
18.273,74.666,0.11795
18.273,74.671,0.06284
18.273,75.417,0.032731
18.273,74.313,0.059077
18.273,74.401,0.053834
18.273,74.406,0.041468
18.273,74.427,0.0537
18.273,74.655,0.080247
18.273,74.697,0.04671
18.273,74.724,0.052826
18.273,75.111,0.083003
18.273,73.72,0.026816
18.273,73.772,0.17468
18.273,74.312,0.031185
18.273,74.317,0.031588
18.273,74.319,0.041065
18.273,74.322,0.049735
18.273,74.329,0.052893
18.273,74.334,0.045769
18.273,74.401,0.052221
18.273,74.648,0.049936
18.273,74.67,0.087035
18.273,74.778,0.068284
18.273,73.72,0.033537
18.273,74.279,0.029505
18.273,74.319,0.046038
18.273,74.324,0.030714
18.273,74.324,0.047785
18.273,74.325,0.045568
18.273,74.436,0.05491
18.273,74.482,0.050608
18.273,74.597,0.11607
18.273,74.732,0.065125
18.273,74.736,0.069897
18.273,75.339,0.084616
18.274,73.582,0.026816
18.274,74.323,0.041065
18.274,74.323,0.035486
18.274,74.324,0.04792
18.274,74.327,0.030177
18.274,74.332,0.051213
18.274,74.348,0.024061
18.274,74.405,0.054439
18.274,74.424,0.028026
18.274,74.578,0.066066
18.274,74.657,0.12219
18.274,74.662,0.084078
18.274,74.736,0.060555
18.274,74.903,0.051818
18.274,75.001,0.048323
18.274,73.721,0.060421
18.274,74.32,0.048659
18.274,74.323,0.037637
18.274,74.747,0.045433
18.274,74.855,0.091874
18.274,73.581,0.060421
18.274,74.403,0.053969
18.274,74.414,0.06237
18.274,74.526,0.038645
18.274,74.541,0.027354
18.274,74.667,0.13186
18.274,74.671,0.090866
18.274,73.581,0.10075
18.274,73.584,0.0537
18.274,73.664,0.087304
18.274,74.325,0.036494
18.274,74.547,0.044291
18.274,74.586,0.057329
18.274,74.621,0.027018
18.274,74.635,0.037704
18.274,75.664,0.096713
18.275,74.291,0.034949
18.275,74.412,0.028026
18.275,74.414,0.028967
18.275,74.418,0.028967
18.275,74.427,0.028967
18.275,74.501,0.03347
18.275,74.593,0.065125
18.275,74.664,0.12924
18.275,75.326,0.11016
18.275,75.728,0.029505
18.275,74.294,0.060017
18.275,74.322,0.024262
18.275,74.342,0.036024
18.275,74.461,0.025405
18.275,74.592,0.022784
18.275,74.658,0.10928
18.275,73.584,0.046979
18.275,74.294,0.038175
18.275,74.295,0.055514
18.275,74.308,0.042745
18.275,74.309,0.043014
18.275,74.309,0.047651
18.275,74.312,0.040392
18.275,74.47,0.031252
18.275,74.506,0.057329
18.275,74.585,0.054103
18.275,74.648,0.055716
18.275,74.86,0.060555
18.275,74.865,0.066671
18.276,73.728,0.040258
18.276,74.288,0.040796
18.276,74.325,0.049062
18.276,74.411,0.055649
18.276,74.524,0.096041
18.276,74.705,0.12185
18.276,74.841,0.044156
18.276,74.847,0.055447
18.276,75.325,0.090665
18.276,73.728,0.0537
18.276,74.315,0.038309
18.276,74.33,0.036494
18.276,74.36,0.061899
18.276,74.422,0.040863
18.276,74.616,0.037704
18.276,74.67,0.099267
18.276,74.713,0.0744
18.276,74.889,0.061832
18.276,74.891,0.019558
18.276,73.721,0.040258
18.276,73.722,0.060421
18.276,73.724,0.0537
18.276,74.473,0.040594
18.276,74.575,0.06284
18.276,74.636,0.034142
18.276,73.723,0.067142
18.276,73.724,0.060421
18.276,74.203,0.040594
18.276,74.291,0.036293
18.276,74.305,0.048122
18.276,74.307,0.033739
18.276,74.329,0.029505
18.276,74.661,0.075072
18.276,75.665,0.089657
18.277,73.743,0.073862
18.277,74.489,0.037032
18.277,74.983,0.014988
18.277,74.31,0.043282
18.277,74.326,0.060085
18.277,74.335,0.054977
18.277,74.433,0.055649
18.277,74.488,0.048928
18.277,74.536,0.02312
18.277,74.547,0.13926
18.277,74.556,0.044761
18.277,74.655,0.030849
18.277,74.714,0.037973
18.277,75.158,0.053767
18.277,73.722,0.026816
18.277,74.288,0.038107
18.277,74.313,0.039653
18.277,74.313,0.039519
18.277,74.321,0.037637
18.277,74.329,0.029034
18.277,74.405,0.036763
18.277,74.412,0.028026
18.277,74.568,0.082868
18.277,74.72,0.03925
18.277,74.902,0.029505
18.277,74.41,0.05417
18.277,74.531,0.040258
18.277,74.57,0.044761
18.277,74.7,0.092815
18.277,74.711,0.10249
18.277,75.126,0.069158
18.278,73.428,0.080583
18.278,73.722,0.046979
18.278,73.747,0.046979
18.278,74.294,0.034814
18.278,74.297,0.041065
18.278,74.303,0.041535
18.278,74.321,0.036494
18.278,74.322,0.024195
18.278,74.33,0.029505
18.278,74.336,0.042409
18.278,74.405,0.042879
18.278,74.412,0.056926
18.278,74.413,0.048189
18.278,74.421,0.047718
18.278,74.442,0.054439
18.278,74.982,0.046038
18.278,73.737,0.046979
18.278,74.297,0.039653
18.278,74.32,0.042543
18.278,74.322,0.049264
18.278,74.33,0.046643
18.278,74.409,0.044761
18.278,74.438,0.042207
18.278,74.495,0.033134
18.278,74.608,0.035083
18.278,74.646,0.03636
18.278,74.664,0.085691
18.278,74.743,0.16446
18.278,74.788,0.050541
18.278,74.953,0.06237
18.278,74.415,0.069964
18.278,74.436,0.041468
18.278,74.58,0.044761
18.278,74.628,0.042207
18.278,74.665,0.054439
18.278,74.69,0.06862
18.278,74.795,0.10028
18.278,75.501,0.047718
18.279,74.43,0.026884
18.279,74.506,0.031857
18.279,74.509,0.05995
18.279,74.598,0.049936
18.279,74.711,0.035419
18.279,74.731,0.042207
18.279,74.987,0.028765
18.279,73.745,0.026816
18.279,74.299,0.059883
18.279,74.299,0.037637
18.279,74.404,0.053834
18.279,74.657,0.058606
18.279,74.726,0.073862
18.279,74.827,0.10995
18.279,74.874,0.033806
18.279,74.944,0.054775
18.279,74.949,0.052221
18.279,73.747,0.060421
18.279,74.298,0.051549
18.279,74.336,0.022313
18.279,74.337,0.036024
18.279,74.337,0.054977
18.279,74.401,0.052221
18.279,74.494,0.022784
18.279,74.496,0.041199
18.279,74.609,0.048592
18.279,74.664,0.13764
18.279,74.72,0.034411
18.279,74.724,0.038309
18.279,74.89,0.067881
18.279,74.405,0.06358
18.279,74.421,0.0289
18.279,74.715,0.046374
18.28,73.712,0.080583
18.28,74.293,0.045299
18.28,74.297,0.056993
18.28,74.434,0.035486
18.28,74.525,0.046374
18.28,74.683,0.037973
18.28,74.801,0.058606
18.28,74.918,0.071241
18.28,74.954,0.054439
18.28,75.662,0.095369
18.28,74.292,0.043282
18.28,74.35,0.059278
18.28,74.407,0.05417
18.28,74.673,0.082801
18.28,74.944,0.085086
18.28,74.286,0.049264
18.28,74.322,0.038981
18.28,74.338,0.029303
18.28,74.462,0.045433
18.28,74.522,0.067679
18.28,74.629,0.04214
18.28,74.666,0.098931
18.28,74.667,0.04671
18.28,74.706,0.052221
18.28,74.767,0.10028
18.28,74.841,0.047651
18.28,75.666,0.089657
18.281,74.288,0.061227
18.281,74.322,0.056724
18.281,74.42,0.056388
18.281,74.43,0.032327
18.281,74.478,0.039922
18.281,74.646,0.045097
18.281,74.853,0.036696
18.281,74.892,0.063176
18.281,74.976,0.027556
18.281,75.16,0.030042
18.281,75.665,0.081928
18.281,74.336,0.029505
18.281,74.353,0.063512
18.281,74.618,0.033134
18.281,74.622,0.044761
18.281,74.696,0.10034
18.281,75.668,0.10478
18.281,74.403,0.036763
18.281,74.411,0.054439
18.281,74.547,0.091874
18.281,74.556,0.074803
18.281,74.824,0.061227
18.281,74.877,0.046374
18.281,74.284,0.050944
18.281,74.348,0.077693
18.281,74.382,0.03636
18.281,74.432,0.052154
18.281,74.44,0.040997
18.281,74.565,0.024128
18.281,74.609,0.067679
18.281,74.666,0.11217
18.281,74.797,0.040527
18.281,74.969,0.047785
18.282,74.343,0.055918
18.282,74.402,0.067881
18.282,74.405,0.028967
18.282,74.43,0.053767
18.282,74.664,0.09705
18.282,75.059,0.077626
18.282,73.859,0.033537
18.282,74.311,0.041871
18.282,74.338,0.029505
18.282,74.345,0.029505
18.282,74.409,0.048189
18.282,74.433,0.026951
18.282,74.519,0.14215
18.282,74.574,0.13764
18.282,74.719,0.038914
18.282,74.44,0.037704
18.282,74.644,0.037368
18.282,74.752,0.060891
18.282,74.832,0.045769
18.282,74.295,0.075207
18.282,74.328,0.035621
18.282,74.34,0.034814
18.282,74.423,0.027556
18.282,74.429,0.19558
18.282,74.569,0.0496
18.282,74.645,0.068956
18.282,74.801,0.10155
18.282,75.004,0.053498
18.282,75.265,0.11486
18.283,74.404,0.027556
18.283,74.408,0.028026
18.283,74.409,0.054439
18.283,74.423,0.042409
18.283,74.696,0.11157
18.283,74.855,0.1035
18.283,75.36,0.11755
18.283,74.423,0.048189
18.283,74.596,0.049264
18.283,74.601,0.079642
18.283,73.689,0.033537
18.283,74.337,0.046643
18.283,74.427,0.05491
18.283,74.438,0.052154
18.283,74.558,0.032462
18.283,74.699,0.039653
18.283,74.985,0.039317
18.284,74.374,0.030042
18.284,74.416,0.026884
18.284,74.521,0.16735
18.284,74.55,0.03636
18.284,74.656,0.049264
18.284,74.683,0.036024
18.284,74.722,0.041535
18.284,75.361,0.06647
18.284,75.362,0.071846
18.284,74.481,0.037973
18.284,74.886,0.083473
18.284,74.414,0.094764
18.284,74.573,0.052221
18.284,74.586,0.041535
18.284,74.603,0.034142
18.284,75.37,0.11083
18.284,74.519,0.10606
18.284,74.715,0.044156
18.284,74.734,0.058606
18.284,74.855,0.044425
18.284,75.268,0.11553
18.285,74.301,0.041468
18.285,74.44,0.047718
18.285,74.441,0.054439
18.285,74.58,0.043148
18.285,74.714,0.044761
18.285,74.769,0.036024
18.285,75.308,0.090329
18.285,74.409,0.053834
18.285,74.429,0.056993
18.285,74.433,0.032798
18.285,74.535,0.10028
18.285,74.547,0.025069
18.285,74.619,0.040527
18.285,74.666,0.053162
18.285,74.794,0.058673
18.285,74.863,0.047987
18.285,74.429,0.052154
18.285,74.52,0.053498
18.285,74.562,0.087708
18.285,74.603,0.1238
18.285,75.011,0.053834
18.286,73.747,0.040258
18.286,74.427,0.042207
18.286,74.439,0.055649
18.286,74.449,0.042207
18.286,74.686,0.10538
18.286,74.692,0.10122
18.286,74.714,0.061227
18.286,74.722,0.049264
18.286,74.826,0.022313
18.286,74.945,0.053498
18.286,75.27,0.11083
18.286,75.664,0.089993
18.286,74.408,0.05417
18.286,74.44,0.054305
18.286,74.667,0.056724
18.286,74.836,0.069292
18.286,74.444,0.055649
18.286,74.557,0.063176
18.286,75.373,0.11083
18.286,75.669,0.096713
18.286,74.302,0.057867
18.286,74.417,0.036763
18.286,74.541,0.14188
18.286,74.687,0.12091
18.286,74.699,0.075408
18.286,74.731,0.060891
18.287,74.303,0.030042
18.287,74.331,0.032663
18.287,74.34,0.029774
18.287,74.418,0.035486
18.287,74.422,0.047718
18.287,74.423,0.054439
18.287,74.434,0.079844
18.287,74.716,0.045433
18.287,74.958,0.041199
18.287,74.968,0.057329
18.287,74.341,0.044895
18.287,74.425,0.047785
18.287,74.429,0.06116
18.287,74.439,0.05417
18.287,74.598,0.048659
18.287,74.717,0.042476
18.287,74.901,0.069628
18.287,75.197,0.085288
18.287,75.287,0.11083
18.287,73.416,0.13435
18.287,74.314,0.045433
18.287,74.412,0.054439
18.287,74.692,0.04214
18.287,74.797,0.11123
18.287,76.129,0.021776
18.288,73.738,0.046979
18.288,74.323,0.054977
18.288,74.404,0.040594
18.288,74.426,0.040863
18.288,74.428,0.053767
18.288,74.688,0.060219
18.288,74.752,0.040527
18.288,74.302,0.036696
18.288,74.47,0.02144
18.288,74.849,0.058337
18.288,74.889,0.07897
18.288,74.921,0.047046
18.288,75.261,0.091337
18.288,75.373,0.095369
18.288,74.355,0.026346
18.288,74.401,0.055851
18.288,74.429,0.055649
18.288,74.316,0.041938
18.288,74.434,0.041468
18.288,74.439,0.081323
18.288,74.819,0.064789
18.288,74.838,0.10384
18.288,74.859,0.034478
18.288,74.978,0.1236
18.288,75.375,0.081255
18.289,74.329,0.016332
18.289,74.401,0.0537
18.289,74.429,0.040997
18.289,74.444,0.027556
18.289,74.681,0.077693
18.289,74.697,0.064453
18.289,74.928,0.054439
18.289,74.978,0.095235
18.289,75.67,0.081928
18.289,73.87,0.13435
18.289,74.361,0.021574
18.289,74.369,0.036494
18.289,74.412,0.027488
18.289,74.415,0.053969
18.289,74.418,0.028765
18.289,74.421,0.026884
18.289,74.433,0.047718
18.289,74.439,0.042409
18.289,74.547,0.051818
18.289,74.75,0.033806
18.289,73.691,0.080583
18.289,74.329,0.042879
18.289,74.362,0.032731
18.289,74.428,0.05417
18.289,74.602,0.061496
18.289,74.622,0.034747
18.289,74.688,0.062504
18.289,74.719,0.046374
18.289,74.795,0.029572
18.289,75.65,0.081928
18.289,75.665,0.081928
18.289,75.722,0.02023
18.289,74.419,0.028967
18.289,74.767,0.10827
18.29,73.694,0.067142
18.29,73.874,0.10747
18.29,74.328,0.029639
18.29,74.329,0.043484
18.29,74.468,0.028295
18.29,74.51,0.061832
18.29,74.727,0.03925
18.29,75.349,0.11486
18.29,74.329,0.070368
18.29,74.362,0.056455
18.29,74.372,0.02144
18.29,74.401,0.047718
18.29,74.441,0.054439
18.29,74.568,0.022179
18.29,74.598,0.032193
18.29,74.636,0.05417
18.29,74.691,0.12279
18.29,74.71,0.066066
18.29,74.786,0.05706
18.29,74.787,0.04671
18.29,74.995,0.050407
18.29,75.161,0.068889
18.29,75.268,0.12844
18.29,73.725,0.0537
18.29,74.329,0.034814
18.29,74.367,0.034814
18.29,74.405,0.0537
18.29,74.443,0.053767
18.29,74.545,0.023792
18.29,74.558,0.033806
18.29,74.571,0.053834
18.29,74.605,0.067746
18.29,74.866,0.038645
18.291,73.494,0.067142
18.291,73.573,0.033537
18.291,73.692,0.026816
18.291,73.695,0.0537
18.291,73.875,0.1814
18.291,74.346,0.055178
18.291,74.404,0.029908
18.291,74.44,0.05417
18.291,74.503,0.036696
18.291,74.633,0.024397
18.291,74.828,0.044761
18.291,74.919,0.035419
18.291,74.933,0.063512
18.291,75.276,0.12844
18.291,75.339,0.099402
18.291,75.339,0.11083
18.291,74.404,0.044761
18.291,74.408,0.054439
18.291,74.412,0.06358
18.291,74.72,0.11634
18.291,73.857,0.0537
18.291,74.367,0.048323
18.291,74.513,0.039452
18.291,74.531,0.032529
18.291,74.55,0.10666
18.291,74.746,0.04093
18.291,74.803,0.068956
18.291,74.946,0.055447
18.291,74.969,0.076416
18.291,75.07,0.052154
18.291,75.663,0.089657
18.291,73.857,0.046979
18.291,74.369,0.032731
18.291,74.442,0.052154
18.291,74.596,0.071241
18.292,73.689,0.040258
18.292,73.856,0.17468
18.292,73.869,0.067142
18.292,73.871,0.033537
18.292,74.409,0.041199
18.292,74.426,0.040997
18.292,74.428,0.056993
18.292,74.471,0.025741
18.292,74.489,0.028295
18.292,74.558,0.039922
18.292,74.622,0.027556
18.292,74.641,0.043148
18.292,74.95,0.050205
18.292,75.338,0.077895
18.292,75.671,0.077895
18.292,74.337,0.024531
18.292,74.398,0.044694
18.292,74.401,0.055313
18.292,74.406,0.036024
18.292,74.408,0.053834
18.292,74.618,0.036696
18.292,74.66,0.12897
18.292,74.711,0.054439
18.292,74.721,0.045702
18.292,74.722,0.05538
18.292,74.806,0.043014
18.292,74.822,0.070233
18.292,74.828,0.04671
18.292,74.367,0.02816
18.292,74.47,0.042207
18.292,74.569,0.050877
18.292,74.591,0.031521
18.292,74.648,0.043148
18.292,74.834,0.055111
18.292,74.858,0.093824
18.292,74.859,0.081726
18.292,74.92,0.10982
18.292,74.964,0.045433
18.292,75.264,0.090665
18.292,75.368,0.075207
18.292,75.368,0.089993
18.293,73.557,0.040258
18.293,74.369,0.056657
18.293,74.424,0.054305
18.293,74.429,0.051751
18.293,74.755,0.038645
18.293,74.829,0.037704
18.293,74.839,0.10189
18.293,74.369,0.030042
18.293,74.409,0.02144
18.293,74.439,0.060891
18.293,74.441,0.047718
18.293,74.583,0.039586
18.293,74.595,0.051885
18.293,74.637,0.053834
18.293,75.664,0.096713
18.293,73.872,0.040258
18.293,74.334,0.04261
18.293,74.335,0.041535
18.293,74.411,0.028967
18.293,74.412,0.036024
18.293,74.422,0.040258
18.293,74.502,0.046038
18.293,74.648,0.046038
18.293,74.648,0.055111
18.293,74.659,0.038981
18.293,74.667,0.041871
18.293,74.775,0.04671
18.293,75.671,0.081928
18.293,73.71,0.040258
18.293,73.725,0.020095
18.293,74.377,0.029303
18.293,74.409,0.041535
18.293,74.412,0.021372
18.293,74.53,0.092815
18.293,74.573,0.059883
18.293,74.648,0.031185
18.293,74.724,0.035083
18.293,74.823,0.074467
18.293,74.847,0.039586
18.293,75.005,0.064117
18.294,74.343,0.029505
18.294,74.362,0.042543
18.294,74.366,0.039317
18.294,74.406,0.030042
18.294,74.425,0.04214
18.294,74.434,0.047046
18.294,74.442,0.056388
18.294,74.99,0.047046
18.294,75.055,0.043148
18.294,73.605,0.026816
18.294,73.673,0.0537
18.294,74.337,0.051146
18.294,74.362,0.044694
18.294,74.412,0.029505
18.294,74.425,0.05417
18.294,74.441,0.054439
18.294,74.442,0.055649
18.294,74.552,0.060286
18.294,74.722,0.055044
18.294,74.768,0.1199
18.294,74.798,0.054775
18.294,73.804,0.046979
18.294,74.344,0.041737
18.294,74.367,0.022313
18.294,74.413,0.039452
18.294,74.413,0.029505
18.294,74.416,0.025271
18.294,74.431,0.047718
18.294,74.487,0.032462
18.294,74.618,0.047651
18.294,74.654,0.06694
18.294,74.688,0.055447
18.294,75.67,0.089657
18.294,74.344,0.029505
18.294,74.369,0.034881
18.294,74.443,0.05417
18.294,74.486,0.032462
18.294,74.617,0.11251
18.294,74.624,0.062168
18.294,74.689,0.079306
18.294,74.704,0.061227
18.294,74.735,0.039586
18.295,73.497,0.060421
18.295,74.338,0.029505
18.295,74.426,0.042409
18.295,74.438,0.05417
18.295,74.505,0.050877
18.295,74.541,0.067343
18.295,74.62,0.13086
18.295,74.764,0.037301
18.295,74.936,0.039586
18.295,75.582,0.056052
18.295,75.642,0.082936
18.295,73.711,0.060421
18.295,74.413,0.052893
18.295,74.416,0.033201
18.295,74.427,0.055649
18.295,74.438,0.042207
18.295,74.511,0.035621
18.295,74.655,0.055044
18.295,74.664,0.062168
18.295,74.667,0.048995
18.295,74.783,0.096713
18.295,74.921,0.043215
18.295,73.712,0.046979
18.295,74.3,0.06358
18.295,74.301,0.034142
18.295,74.369,0.041871
18.295,74.372,0.054439
18.295,74.406,0.029505
18.295,74.417,0.02144
18.295,74.417,0.036293
18.295,74.427,0.052221
18.295,74.444,0.047718
18.295,74.672,0.033806
18.295,74.677,0.10706
18.295,74.809,0.099267
18.295,75.043,0.067948
18.296,73.582,0.10075
18.296,74.37,0.049466
18.296,74.417,0.041602
18.296,74.419,0.036696
18.296,74.459,0.041199
18.296,74.464,0.043148
18.296,74.681,0.031857
18.296,74.992,0.035419
18.296,76.367,0.042207
18.296,73.674,0.033537
18.296,74.337,0.03347
18.296,74.345,0.038175
18.296,74.384,0.055783
18.296,74.406,0.041535
18.296,74.409,0.030244
18.296,74.414,0.030042
18.296,74.418,0.029505
18.296,74.439,0.047718
18.296,74.623,0.10606
18.296,74.722,0.043753
18.296,74.735,0.046038
18.296,73.596,0.040258
18.296,74.312,0.034344
18.296,74.314,0.041199
18.296,74.363,0.029505
18.296,74.372,0.034814
18.296,74.419,0.045164
18.296,74.482,0.031185
18.296,74.529,0.03925
18.296,74.602,0.030916
18.296,75.353,0.098058
18.296,75.36,0.075207
18.296,73.713,0.046979
18.296,74.345,0.029034
18.296,74.379,0.053431
18.296,74.402,0.029505
18.296,74.42,0.02144
18.296,74.426,0.034276
18.296,74.483,0.02601
18.296,74.722,0.040258
18.296,74.725,0.050205
18.296,75.291,0.12024
18.297,73.654,0.087304
18.297,74.337,0.02144
18.297,74.372,0.029505
18.297,74.404,0.055649
18.297,74.574,0.05491
18.297,74.639,0.043484
18.297,74.991,0.054439
18.297,75.154,0.083003
18.297,75.162,0.042745
18.297,73.771,0.18812
18.297,74.372,0.02144
18.297,74.388,0.032731
18.297,74.401,0.051885
18.297,74.681,0.051549
18.297,74.714,0.03058
18.297,74.724,0.051213
18.297,75.353,0.071846
18.297,73.727,0.067142
18.297,73.772,0.1814
18.297,74.388,0.029505
18.297,74.405,0.035621
18.297,74.443,0.048189
18.297,74.517,0.022179
18.297,74.571,0.034747
18.297,74.584,0.091874
18.297,74.585,0.080247
18.297,74.661,0.015055
18.297,74.712,0.042812
18.297,74.752,0.060555
18.297,74.76,0.098663
18.297,75.671,0.094697
18.297,75.672,0.074871
18.297,73.655,0.033537
18.297,73.772,0.040258
18.297,74.296,0.044492
18.297,74.405,0.028295
18.297,74.435,0.054506
18.297,74.642,0.029505
18.297,74.698,0.068015
18.297,74.733,0.041871
18.297,75.106,0.041065
18.298,73.636,0.080583
18.298,74.337,0.028833
18.298,74.376,0.02144
18.298,74.411,0.041602
18.298,74.428,0.032327
18.298,74.439,0.056993
18.298,74.445,0.054439
18.298,74.446,0.053901
18.298,74.668,0.043148
18.298,74.741,0.042812
18.298,74.899,0.052154
18.298,75.27,0.12561
18.298,75.333,0.09873
18.298,73.655,0.026816
18.298,73.772,0.026816
18.298,74.349,0.029505
18.298,74.361,0.028833
18.298,74.376,0.029639
18.298,74.409,0.041602
18.298,74.409,0.030042
18.298,74.706,0.041199
18.298,75.02,0.071241
18.298,75.464,0.029975
18.298,73.727,0.046979
18.298,74.338,0.056657
18.298,74.338,0.049197
18.298,74.359,0.042342
18.298,74.391,0.02144
18.298,74.393,0.034209
18.298,74.522,0.055716
18.298,74.667,0.070233
18.298,74.761,0.058673
18.298,74.846,0.12965
18.298,74.92,0.073459
18.298,74.948,0.059278
18.299,74.376,0.021507
18.299,74.412,0.042274
18.299,74.43,0.027556
18.299,74.662,0.071241
18.299,74.728,0.03925
18.299,74.728,0.14443
18.299,75.429,0.029774
18.299,73.772,0.215
18.299,74.36,0.033604
18.299,74.382,0.039317
18.299,74.442,0.0537
18.299,74.476,0.020902
18.299,74.576,0.045366
18.299,74.585,0.085758
18.299,74.597,0.06862
18.299,74.684,0.075072
18.299,75.184,0.085557
18.299,74.347,0.035621
18.299,74.35,0.030983
18.299,74.352,0.03105
18.299,74.354,0.029236
18.299,74.376,0.48585
18.299,74.382,0.029505
18.299,74.407,0.046172
18.299,74.504,0.056724
18.299,74.686,0.040863
18.299,75.141,0.052154
18.299,75.161,0.09053
18.299,74.405,0.048256
18.299,74.412,0.048323
18.299,74.446,0.031521
18.299,74.629,0.10216
18.299,74.689,0.030042
18.299,74.876,0.043148
18.3,74.39,0.042543
18.3,74.403,0.056993
18.3,74.411,0.056657
18.3,74.412,0.032193
18.3,74.418,0.028765
18.3,74.428,0.067881
18.3,74.508,0.050205
18.3,74.657,0.038645
18.3,74.685,0.68331
18.3,74.729,0.03058
18.3,74.954,0.040594
18.3,74.979,0.053834
18.3,75.183,0.045097
18.3,73.638,0.060421
18.3,73.867,0.060421
18.3,73.867,0.18812
18.3,73.872,0.080583
18.3,73.875,0.040258
18.3,74.368,0.029505
18.3,74.392,0.031991
18.3,74.394,0.034881
18.3,74.395,0.059144
18.3,74.403,0.0248
18.3,75.131,0.053767
18.3,75.267,0.070435
18.3,75.342,0.080583
18.3,73.771,0.060421
18.3,73.868,0.12091
18.3,74.368,0.042745
18.3,74.389,0.02144
18.3,74.403,0.02144
18.3,74.604,0.041535
18.3,74.631,0.099267
18.3,74.73,0.037973
18.3,74.806,0.072854
18.3,74.905,0.065125
18.3,75.288,0.12595
18.301,73.876,0.060421
18.301,74.302,0.04093
18.301,74.409,0.039452
18.301,74.521,0.058673
18.301,74.773,0.056388
18.301,74.965,0.031252
18.301,75.319,0.11688
18.301,75.649,0.077895
18.301,75.661,0.091337
18.301,75.672,0.088312
18.301,73.638,0.0537
18.301,74.367,0.044963
18.301,74.409,0.030513
18.301,74.413,0.022313
18.301,74.415,0.048256
18.301,74.438,0.021776
18.301,74.466,0.052221
18.301,74.596,0.13119
18.301,74.637,0.037704
18.301,74.668,0.048592
18.301,74.774,0.034075
18.301,75.305,0.069494
18.301,75.319,0.09873
18.301,75.32,0.11587
18.301,75.64,0.095369
18.301,76.125,0.054641
18.301,73.638,0.040258
18.301,74.339,0.035419
18.301,74.379,0.029841
18.301,74.406,0.043686
18.301,74.409,0.029505
18.301,74.413,0.034276
18.301,74.415,0.042476
18.301,74.558,0.043148
18.301,74.599,0.063512
18.301,74.999,0.052221
18.301,75.122,0.061026
18.301,75.484,0.10209
18.301,75.672,0.095369
18.301,73.874,0.13435
18.301,74.334,0.0248
18.301,74.403,0.055178
18.301,74.41,0.030513
18.301,74.416,0.029706
18.301,74.419,0.027488
18.301,74.701,0.045433
18.301,74.705,0.034478
18.301,74.754,0.09416
18.301,74.802,0.043484
18.301,75.018,0.063512
18.301,75.046,0.043081
18.301,75.67,0.10982
18.301,75.677,0.082936
18.302,74.376,0.041535
18.302,74.377,0.036494
18.302,74.391,0.029505
18.302,74.396,0.023523
18.302,74.406,0.029505
18.302,74.444,0.064789
18.302,74.612,0.084145
18.302,74.614,0.090261
18.302,74.627,0.02144
18.302,74.716,0.064789
18.302,75.057,0.052154
18.302,75.319,0.10478
18.302,73.638,0.040258
18.302,73.892,0.040258
18.302,74.377,0.042678
18.302,74.378,0.029505
18.302,74.38,0.022515
18.302,74.391,0.041065
18.302,74.41,0.022313
18.302,74.418,0.034209
18.302,74.419,0.032731
18.302,74.419,0.014719
18.302,74.61,0.045769
18.302,74.661,0.13569
18.302,74.71,0.05538
18.302,75.041,0.020364
18.302,75.204,0.047718
18.302,75.275,0.10915
18.302,73.636,0.080583
18.302,74.378,0.03105
18.302,74.418,0.043215
18.302,74.419,0.020768
18.302,74.42,0.029639
18.302,74.43,0.048189
18.302,74.58,0.10028
18.302,74.634,0.1238
18.302,75.335,0.095369
18.302,76.076,0.069359
18.302,73.637,0.046979
18.302,73.742,0.1814
18.302,73.873,0.060421
18.302,74.379,0.029505
18.302,74.392,0.051684
18.302,74.401,0.048256
18.302,74.408,0.042476
18.302,74.415,0.024128
18.302,74.42,0.035755
18.302,74.454,0.033134
18.302,74.651,0.059278
18.302,74.705,0.044761
18.302,74.73,0.042476
18.302,74.741,0.094092
18.302,75.074,0.032798
18.302,75.326,0.075207
18.302,75.426,0.068755
18.303,73.686,0.0537
18.303,73.741,0.087304
18.303,74.358,0.032731
18.303,74.391,0.034881
18.303,74.395,0.044425
18.303,74.404,0.044963
18.303,74.489,0.032462
18.303,74.522,0.060891
18.303,74.68,0.059614
18.303,74.838,0.039922
18.303,74.895,0.075207
18.303,73.64,0.067142
18.303,74.349,0.02144
18.303,74.369,0.029303
18.303,74.41,0.034881
18.303,74.458,0.040594
18.303,74.595,0.048592
18.303,74.8,0.056388
18.303,75.032,0.077895
18.303,73.639,0.060421
18.303,73.706,0.094025
18.303,73.73,0.060421
18.303,73.736,0.060421
18.303,73.742,0.026816
18.303,73.742,0.040258
18.303,74.643,0.087976
18.303,74.682,0.041199
18.303,75.304,0.10142
18.303,75.367,0.095369
18.304,73.871,0.046979
18.304,74.37,0.032731
18.304,74.376,0.0496
18.304,74.412,0.029572
18.304,74.468,0.04093
18.304,74.772,0.035688
18.304,74.942,0.056724
18.304,75.287,0.11741
18.304,75.29,0.1197
18.304,73.703,0.040258
18.304,73.774,0.17468
18.304,74.405,0.042274
18.304,74.486,0.025069
18.304,74.629,0.041199
18.304,74.722,0.039317
18.304,75.641,0.089657
18.304,75.653,0.089657
18.304,73.737,0.0537
18.304,73.737,0.046979
18.304,73.774,0.17468
18.304,73.892,0.026816
18.304,74.044,0.042745
18.304,74.377,0.048995
18.304,74.454,0.038309
18.304,74.812,0.096713
18.304,75.356,0.10747
18.304,74.279,0.05249
18.304,74.366,0.03636
18.304,74.379,0.034814
18.304,74.478,0.028631
18.304,74.492,0.031185
18.304,74.631,0.047987
18.304,75.089,0.055649
18.304,75.118,0.04913
18.304,75.277,0.12225
18.304,75.931,0.042476
18.305,73.739,0.087304
18.305,73.872,0.067142
18.305,74.364,0.032865
18.305,74.418,0.028497
18.305,74.541,0.050272
18.305,74.627,0.037301
18.305,74.702,0.046374
18.305,74.954,0.044156
18.305,75.29,0.078567
18.305,75.638,0.07682
18.305,73.739,0.22844
18.305,73.772,0.20156
18.305,73.874,0.10747
18.305,74.379,0.048323
18.305,74.379,0.0248
18.305,74.397,0.032596
18.305,74.406,0.054439
18.305,74.422,0.038981
18.305,74.493,0.038914
18.305,74.692,0.075677
18.305,75.009,0.032529
18.305,75.315,0.082936
18.305,75.657,0.081928
18.305,75.661,0.081928
18.305,73.772,0.067142
18.305,73.867,0.13435
18.305,74.401,0.042476
18.305,74.417,0.04624
18.305,74.421,0.041535
18.305,74.593,0.028093
18.305,74.611,0.05249
18.305,74.661,0.050205
18.305,74.751,0.15834
18.305,74.753,0.027959
18.305,74.834,0.028631
18.305,74.88,0.11412
18.305,74.946,0.064117
18.305,74.995,0.054439
18.305,75.049,0.081793
18.305,75.296,0.067948
18.305,75.334,0.094025
18.305,75.351,0.095369
18.305,75.656,0.10848
18.306,74.34,0.029169
18.306,74.359,0.039452
18.306,74.366,0.029505
18.306,74.368,0.025674
18.306,74.375,0.027623
18.306,74.377,0.022717
18.306,74.377,0.02144
18.306,74.381,0.035688
18.306,74.397,0.035553
18.306,74.697,0.077021
18.306,74.813,0.098327
18.306,74.852,0.04382
18.306,74.892,0.061899
18.306,75.302,0.12225
18.306,75.316,0.068351
18.306,73.742,0.060421
18.306,73.889,0.046979
18.306,74.362,0.028967
18.306,74.364,0.041871
18.306,74.366,0.029505
18.306,74.4,0.02144
18.306,74.407,0.055178
18.306,74.418,0.056119
18.306,74.613,0.069292
18.306,74.645,0.10343
18.306,74.713,0.087976
18.306,74.754,0.044425
18.306,75.287,0.056724
18.306,75.302,0.10041
18.306,75.311,0.053565
18.306,74.359,0.041602
18.306,74.361,0.056657
18.306,74.366,0.037973
18.306,74.401,0.022851
18.306,74.422,0.032126
18.306,74.476,0.054977
18.306,74.705,0.047987
18.306,74.887,0.10848
18.306,75.31,0.11956
18.306,75.647,0.077895
18.306,75.65,0.077895
18.306,73.871,0.0537
18.306,74.329,0.022515
18.306,74.36,0.036763
18.306,74.361,0.029505
18.306,74.366,0.0248
18.306,74.366,0.029639
18.306,74.366,0.021574
18.306,74.498,0.044761
18.306,74.567,0.040258
18.306,74.871,0.061227
18.306,74.917,0.098058
18.306,74.966,0.0089388
18.306,75.34,0.11083
18.306,75.652,0.081928
18.307,74.362,0.053633
18.307,74.366,0.029505
18.307,74.38,0.05659
18.307,74.39,0.029505
18.307,74.421,0.065058
18.307,74.608,0.058337
18.307,74.747,0.056187
18.307,75.669,0.095033
18.307,73.545,0.0537
18.307,73.74,0.13435
18.307,73.885,0.026816
18.307,73.901,0.067142
18.307,74.304,0.040796
18.307,74.308,0.059614
18.307,74.353,0.032731
18.307,74.366,0.02144
18.307,74.375,0.029169
18.307,74.377,0.04261
18.307,74.39,0.036494
18.307,74.549,0.047046
18.307,74.578,0.026346
18.307,74.648,0.12635
18.307,74.799,0.12931
18.307,74.814,0.061227
18.307,74.886,0.077895
18.307,75.271,0.12528
18.307,75.339,0.078567
18.307,75.641,0.090261
18.307,75.675,0.077895
18.307,74.424,0.041065
18.307,74.484,0.028631
18.307,74.543,0.10155
18.307,74.564,0.037368
18.307,74.827,0.047987
18.307,75.294,0.096041
18.307,75.298,0.12561
18.307,75.372,0.054641
18.307,75.657,0.096713
18.308,73.547,0.087304
18.308,73.886,0.0537
18.308,74.362,0.042409
18.308,74.367,0.036494
18.308,74.375,0.028026
18.308,74.397,0.041602
18.308,74.511,0.043484
18.308,74.65,0.028631
18.308,74.756,0.04792
18.308,74.894,0.068351
18.308,75.445,0.034613
18.308,73.868,0.026816
18.308,74.363,0.034881
18.308,74.399,0.045433
18.308,74.414,0.045702
18.308,74.417,0.068083
18.308,74.418,0.070569
18.308,74.578,0.039586
18.308,74.664,0.10606
18.308,74.734,0.050608
18.308,74.897,0.075207
18.308,75.326,0.090665
18.308,75.341,0.083272
18.308,75.654,0.074871
18.308,73.884,0.0537
18.308,74.36,0.029505
18.308,74.361,0.025069
18.308,74.382,0.15182
18.308,74.407,0.068486
18.308,74.413,0.052154
18.308,74.414,0.036226
18.308,74.67,0.063781
18.308,74.704,0.054103
18.308,74.776,0.06573
18.308,74.816,0.073123
18.308,75.351,0.10747
18.308,75.357,0.10343
18.308,75.654,0.095369
18.308,75.66,0.089657
18.308,73.547,0.046979
18.308,73.743,0.040258
18.308,73.858,0.13435
18.308,73.871,0.0537
18.308,73.876,0.046979
18.308,73.883,0.16795
18.308,74.354,0.042745
18.308,74.359,0.02144
18.308,74.362,0.054641
18.308,74.375,0.042745
18.308,74.376,0.041065
18.308,74.395,0.034881
18.308,74.422,0.02816
18.308,74.604,0.054103
18.308,74.659,0.068956
18.308,74.897,0.028631
18.308,75.041,0.027556
18.308,75.351,0.11083
18.309,74.346,0.037973
18.309,74.38,0.029505
18.309,74.397,0.029505
18.309,74.397,0.055918
18.309,74.744,0.031185
18.309,74.817,0.091874
18.309,75.308,0.11016
18.309,75.314,0.097386
18.309,73.488,0.046979
18.309,73.869,0.215
18.309,74.358,0.055044
18.309,74.397,0.02144
18.309,74.624,0.074467
18.309,74.66,0.080852
18.309,74.759,0.069292
18.309,74.768,0.051549
18.309,75.339,0.084616
18.309,73.712,0.033537
18.309,74.527,0.028631
18.309,74.598,0.035688
18.309,74.622,0.064722
18.309,74.626,0.11956
18.309,75.282,0.12158
18.309,75.653,0.1152
18.309,73.743,0.026816
18.309,74.298,0.055447
18.309,74.528,0.025405
18.309,74.674,0.029908
18.309,74.784,0.031521
18.309,74.876,0.055111
18.309,76.097,0.044761
18.31,73.884,0.026816
18.31,74.397,0.036226
18.31,74.41,0.028026
18.31,74.6,0.043484
18.31,74.653,0.044761
18.31,74.69,0.12924
18.31,74.724,0.094764
18.31,74.798,0.045702
18.31,74.827,0.048323
18.31,74.831,0.028295
18.31,74.979,0.063176
18.31,75.271,0.067948
18.31,75.283,0.048995
18.31,75.308,0.081255
18.31,75.642,0.095369
18.31,74.012,0.215
18.31,74.417,0.037973
18.31,74.534,0.037032
18.31,74.544,0.047046
18.31,74.626,0.057665
18.31,74.337,0.041737
18.31,74.343,0.041871
18.31,74.354,0.048323
18.31,74.361,0.043551
18.31,74.38,0.02144
18.31,74.386,0.058136
18.31,74.404,0.062504
18.31,74.408,0.052288
18.31,74.508,0.050003
18.31,74.552,0.029505
18.31,74.676,0.043484
18.31,74.69,0.066066
18.31,74.716,0.023792
18.31,74.798,0.033806
18.31,75.235,0.058001
18.31,75.301,0.13099
18.31,75.651,0.081928
18.31,75.668,0.09174
18.311,73.745,0.067142
18.311,74.337,0.049667
18.311,74.357,0.048256
18.311,74.359,0.048256
18.311,74.36,0.036226
18.311,74.36,0.029505
18.311,74.361,0.035553
18.311,74.376,0.055918
18.311,74.406,0.022784
18.311,74.429,0.055649
18.311,74.608,0.038645
18.311,74.829,0.053498
18.311,75.265,0.065797
18.311,75.3,0.10814
18.311,75.324,0.076551
18.311,75.651,0.10881
18.311,75.655,0.029505
18.311,74.356,0.029706
18.311,74.643,0.055111
18.311,74.749,0.037637
18.311,74.818,0.10639
18.311,74.925,0.078634
18.311,75.13,0.042879
18.311,75.324,0.065461
18.311,75.657,0.077895
18.311,75.658,0.089657
18.311,75.659,0.10411
18.311,75.671,0.10881
18.311,73.547,0.0537
18.311,73.753,0.060421
18.311,73.754,0.0537
18.311,73.756,0.087304
18.311,74.352,0.042946
18.311,74.357,0.040191
18.311,74.359,0.036494
18.311,74.375,0.032126
18.311,74.379,0.029437
18.311,74.379,0.029505
18.311,74.379,0.024867
18.311,74.381,0.050743
18.311,74.389,0.029505
18.311,74.404,0.02144
18.311,74.583,0.023456
18.311,74.664,0.041199
18.311,74.857,0.067814
18.311,74.336,0.032731
18.311,74.356,0.022179
18.311,74.361,0.030042
18.311,74.361,0.034209
18.311,74.382,0.029639
18.311,74.418,0.049936
18.311,74.558,0.047382
18.311,74.696,0.091202
18.311,74.76,0.091874
18.312,73.752,0.060421
18.312,74.362,0.021372
18.312,74.382,0.037973
18.312,74.396,0.052893
18.312,74.398,0.029505
18.312,74.675,0.064117
18.312,74.714,0.10511
18.312,73.772,0.033537
18.312,74.357,0.029505
18.312,74.362,0.054439
18.312,74.449,0.025405
18.312,74.541,0.04382
18.312,74.749,0.053834
18.312,74.819,0.12797
18.312,75.153,0.056455
18.312,73.546,0.046979
18.312,74.367,0.023792
18.312,74.382,0.030311
18.312,74.406,0.02144
18.312,74.734,0.11251
18.312,74.897,0.064722
18.312,74.975,0.064722
18.312,75.297,0.075744
18.312,75.317,0.095369
18.312,74.281,0.05249
18.312,74.358,0.045635
18.312,74.359,0.029505
18.312,74.361,0.041065
18.312,74.362,0.047718
18.312,74.379,0.02144
18.312,74.392,0.048995
18.312,74.411,0.02144
18.312,74.417,0.068083
18.312,74.418,0.042879
18.312,74.422,0.056388
18.312,74.424,0.04214
18.312,74.432,0.067746
18.312,74.723,0.04671
18.312,74.777,0.053431
18.312,75.304,0.10881
18.312,75.315,0.10075
18.313,73.772,0.046979
18.313,74.944,0.056052
18.313,74.955,0.049264
18.313,73.772,0.046979
18.313,74.356,0.048995
18.313,74.373,0.037771
18.313,74.418,0.082398
18.313,74.43,0.029303
18.313,74.559,0.052154
18.313,74.56,0.047651
18.313,75.641,0.077895
18.313,74.355,0.029572
18.313,74.356,0.075207
18.313,74.377,0.041535
18.313,74.383,0.035419
18.313,74.438,0.049331
18.313,74.854,0.045433
18.314,73.771,0.0537
18.314,73.894,0.033537
18.314,74.336,0.042476
18.314,74.359,0.053028
18.314,74.376,0.030042
18.314,74.384,0.029034
18.314,74.388,0.041199
18.314,74.403,0.043551
18.314,74.634,0.05706
18.314,74.757,0.086363
18.314,74.76,0.039586
18.314,74.923,0.086699
18.314,73.748,0.067142
18.314,73.895,0.033537
18.314,74.351,0.029505
18.314,74.363,0.029505
18.314,74.365,0.029505
18.314,74.373,0.03683
18.314,74.373,0.029505
18.314,74.375,0.052423
18.314,74.375,0.049197
18.314,74.379,0.042946
18.314,74.384,0.041804
18.314,74.424,0.023389
18.314,74.601,0.049936
18.314,74.633,0.043753
18.314,74.909,0.071241
18.314,74.918,0.03636
18.314,73.749,0.040258
18.314,74.365,0.029505
18.314,74.381,0.034881
18.314,74.418,0.031252
18.314,74.427,0.043417
18.314,74.432,0.057665
18.314,74.569,0.08475
18.314,74.58,0.033
18.314,74.949,0.070233
18.314,74.361,0.032395
18.314,74.382,0.029505
18.314,74.433,0.032193
18.314,74.57,0.03925
18.314,74.775,0.055044
18.315,74.365,0.037704
18.315,74.379,0.029505
18.315,74.381,0.018348
18.315,74.383,0.039452
18.315,74.401,0.039922
18.315,74.418,0.06405
18.315,74.579,0.052961
18.315,74.587,0.043484
18.315,74.88,0.078029
18.315,75.274,0.11856
18.315,75.293,0.090665
18.315,75.294,0.066133
18.315,75.656,0.084616
18.315,73.714,0.046979
18.315,73.714,0.026816
18.315,73.737,0.10075
18.315,74.355,0.035621
18.315,74.378,0.034276
18.315,74.383,0.02144
18.315,74.388,0.029505
18.315,74.391,0.029706
18.315,74.422,0.030378
18.315,74.626,0.066335
18.315,74.303,0.036091
18.315,74.366,0.045433
18.315,74.621,0.046038
18.315,74.643,0.048592
18.315,74.661,0.084145
18.315,74.901,0.12185
18.316,73.773,0.060421
18.316,73.773,0.046979
18.316,74.366,0.031252
18.316,74.379,0.036494
18.316,74.41,0.029505
18.316,74.419,0.042812
18.316,74.42,0.047113
18.316,74.561,0.032865
18.316,74.561,0.042543
18.316,74.571,0.087035
18.316,74.581,0.094496
18.316,74.683,0.031521
18.316,75.642,0.095369
18.316,73.771,0.033537
18.316,73.771,0.026816
18.316,74.366,0.049466
18.316,74.388,0.048256
18.316,74.389,0.015391
18.316,74.407,0.046172
18.316,74.434,0.031857
18.316,74.446,0.079642
18.316,74.543,0.051818
18.316,74.577,0.044425
18.316,74.581,0.067881
18.316,74.627,0.049936
18.316,74.718,0.07897
18.316,73.771,0.10747
18.316,74.365,0.042342
18.316,74.366,0.029505
18.316,74.38,0.055918
18.316,74.581,0.06237
18.316,74.655,0.065058
18.316,74.917,0.051885
18.316,75.007,0.051885
18.316,75.303,0.060622
18.316,74.36,0.043215
18.316,74.38,0.034814
18.316,74.383,0.034881
18.316,74.388,0.042678
18.316,74.43,0.037637
18.316,74.512,0.11056
18.316,74.568,0.067074
18.316,74.578,0.048928
18.316,74.659,0.08475
18.316,74.898,0.059614
18.317,73.883,0.080583
18.317,73.887,0.17468
18.317,74.345,0.029505
18.317,74.35,0.029437
18.317,74.354,0.029774
18.317,74.375,0.037771
18.317,74.419,0.042207
18.317,74.481,0.022179
18.317,74.536,0.022515
18.317,74.573,0.038309
18.317,74.583,0.029236
18.317,74.664,0.046038
18.317,74.666,0.040863
18.317,74.86,0.12124
18.317,75.658,0.095369
18.317,73.886,0.033537
18.317,74.382,0.036494
18.317,74.42,0.034478
18.317,74.514,0.047651
18.317,74.582,0.053565
18.317,74.661,0.044761
18.317,74.798,0.068956
18.317,74.853,0.10122
18.317,75.27,0.10848
18.317,75.624,0.084616
18.317,74.388,0.02144
18.317,74.481,0.041468
18.317,74.519,0.044761
18.317,74.545,0.047651
18.317,74.686,0.046038
18.317,74.822,0.075072
18.317,74.855,0.037906
18.317,74.897,0.043081
18.317,74.925,0.064319
18.317,75.203,0.049533
18.317,75.285,0.11083
18.317,74.341,0.033806
18.317,74.379,0.052154
18.317,74.403,0.043484
18.317,74.419,0.055313
18.317,74.421,0.048659
18.317,74.568,0.063176
18.317,74.598,0.055716
18.317,74.806,0.047046
18.317,75.644,0.090597
18.318,74.313,0.065394
18.318,74.527,0.045433
18.318,74.553,0.034747
18.318,74.653,0.075408
18.318,74.722,0.087035
18.318,75.66,0.089925
18.318,73.886,0.046979
18.318,73.9,0.080583
18.318,74.418,0.046643
18.318,74.424,0.045232
18.318,74.69,0.043484
18.318,75.302,0.091337
18.318,75.304,0.080583
18.318,73.892,0.17468
18.318,74.369,0.046172
18.318,74.391,0.03515
18.318,74.479,0.034814
18.318,74.535,0.073459
18.318,74.692,0.086094
18.318,74.84,0.13381
18.318,75.194,0.052961
18.318,75.301,0.060958
18.318,75.333,0.03589
18.318,75.638,0.084616
18.318,75.643,0.089052
18.319,74.357,0.0537
18.319,74.384,0.029505
18.319,74.448,0.068015
18.319,74.708,0.075408
18.319,75.152,0.045433
18.319,75.641,0.090261
18.319,74.384,0.027488
18.319,74.503,0.031185
18.319,74.571,0.034747
18.319,74.679,0.04671
18.319,74.853,0.051684
18.319,75.659,0.081592
18.319,73.897,0.046979
18.319,74.408,0.025271
18.319,74.418,0.052221
18.319,74.718,0.044089
18.319,74.73,0.027018
18.319,74.735,0.10028
18.319,74.76,0.055716
18.319,74.789,0.032462
18.319,74.91,0.041535
18.319,75.642,0.083272
18.319,74.344,0.039317
18.319,74.354,0.036158
18.319,74.36,0.036494
18.319,74.361,0.042207
18.319,74.362,0.029505
18.319,74.367,0.034814
18.319,74.373,0.036494
18.319,74.376,0.045702
18.319,74.428,0.086565
18.319,74.747,0.062168
18.319,74.891,0.090261
18.319,75.141,0.056993
18.319,75.168,0.04261
18.32,73.887,0.087304
18.32,74.36,0.027824
18.32,74.362,0.036293
18.32,74.404,0.022313
18.32,74.428,0.028497
18.32,74.569,0.052154
18.32,74.758,0.060891
18.32,75.3,0.081928
18.32,73.894,0.14779
18.32,74.36,0.048256
18.32,74.385,0.044963
18.32,74.386,0.029505
18.32,74.517,0.051818
18.32,74.573,0.070368
18.32,74.634,0.041535
18.32,74.741,0.04214
18.32,74.786,0.063176
18.32,74.815,0.053162
18.32,74.828,0.040258
18.32,75.737,0.050272
18.32,74.381,0.030042
18.32,74.408,0.024598
18.32,74.421,0.047113
18.32,74.566,0.037973
18.32,74.574,0.073862
18.32,74.891,0.054103
18.32,75.323,0.097386
18.321,74.354,0.035755
18.321,74.408,0.035553
18.321,74.432,0.04261
18.321,74.573,0.063647
18.321,74.576,0.028026
18.321,74.623,0.04214
18.321,74.673,0.10249
18.321,74.865,0.09705
18.321,75.142,0.052154
18.321,75.644,0.089657
18.321,75.65,0.069763
18.321,75.671,0.084616
18.321,75.674,0.077895
18.321,76.027,0.10276
18.321,74.248,0.06284
18.321,74.36,0.022313
18.321,74.432,0.068083
18.321,74.568,0.041199
18.321,74.57,0.0018818
18.321,74.65,0.026346
18.321,73.886,0.0537
18.321,74.386,0.022179
18.321,74.387,0.030042
18.321,74.422,0.058337
18.321,74.431,0.040527
18.321,74.443,0.041535
18.321,74.567,0.11466
18.321,74.788,0.094092
18.321,75.257,0.081793
18.321,75.643,0.077895
18.321,74.381,0.031991
18.321,74.432,0.032731
18.321,74.575,0.066402
18.321,74.577,0.052154
18.321,74.627,0.028295
18.321,74.634,0.070233
18.321,74.66,0.063176
18.321,74.69,0.096041
18.321,75.143,0.05417
18.321,75.669,0.078702
18.322,74.379,0.030042
18.322,74.391,0.055044
18.322,74.403,0.037503
18.322,74.404,0.036158
18.322,74.421,0.055985
18.322,74.567,0.046441
18.322,74.578,0.088917
18.322,74.632,0.090934
18.322,74.68,0.037301
18.322,74.812,0.064789
18.322,75.302,0.090665
18.322,74.413,0.041602
18.322,74.567,0.03636
18.322,74.849,0.040594
18.322,74.858,0.061563
18.322,75.14,0.083003
18.322,73.775,0.060421
18.322,74.343,0.045433
18.322,74.347,0.028833
18.322,74.355,0.042409
18.322,74.355,0.036226
18.322,74.387,0.044694
18.322,74.404,0.023053
18.322,74.429,0.031454
18.322,74.432,0.037637
18.322,74.526,0.0069897
18.322,74.567,0.067881
18.322,74.568,0.12091
18.322,74.746,0.0086699
18.322,74.765,0.048323
18.322,74.788,0.053498
18.322,74.805,0.011896
18.322,74.817,0.056052
18.322,74.95,0.04382
18.322,75.299,0.11083
18.323,73.873,0.16123
18.323,74.362,0.03589
18.323,74.37,0.034881
18.323,74.385,0.036226
18.323,74.568,0.10747
18.323,74.746,0.039922
18.323,74.788,0.0067209
18.323,74.805,0.0070569
18.323,74.847,0.1035
18.323,74.855,0.056052
18.323,75.251,0.090261
18.323,75.659,0.077895
18.323,74.361,0.032731
18.323,74.4,0.029505
18.323,74.403,0.029639
18.323,74.664,0.033806
18.323,74.746,0.015727
18.323,74.789,0.01156
18.323,74.806,0.01734
18.323,74.877,0.0089388
18.323,74.403,0.02144
18.323,74.429,0.032126
18.323,74.433,0.031857
18.323,74.747,0.0099469
18.323,74.789,0.041199
18.323,74.797,0.052826
18.323,74.806,0.0040997
18.323,74.82,0.068956
18.323,75.112,0.033
18.323,75.217,0.056052
18.323,75.661,0.088514
18.323,74.652,0.057329
18.323,74.714,0.061227
18.323,74.747,0.018348
18.323,74.806,0.0060488
18.323,74.829,0.12991
18.323,75.643,0.089925
18.323,76.191,0.040863
18.324,73.891,0.080583
18.324,74.277,0.037704
18.324,74.462,0.054775
18.324,74.569,0.10794
18.324,74.651,0.067007
18.324,74.731,0.086699
18.324,74.747,0.012501
18.324,74.789,0.03347
18.324,74.806,0.011224
18.324,74.945,0.058337
18.324,75.266,0.084616
18.324,75.671,0.09053
18.324,74.748,0.010283
18.324,74.79,0.029303
18.324,74.807,0.0051079
18.324,75.288,0.11486
18.324,75.297,0.11083
18.324,75.643,0.084616
18.324,75.666,0.089657
18.324,74.406,0.029774
18.324,74.421,0.034276
18.324,74.422,0.067746
18.324,74.506,0.024128
18.324,74.748,0.010888
18.324,74.79,0.010888
18.324,74.807,0.0092748
18.324,75.672,0.092479
18.324,73.873,0.033537
18.324,74.538,0.060891
18.324,74.577,0.049264
18.324,74.748,0.031857
18.324,74.758,0.026077
18.324,74.79,0.021843
18.324,74.807,0.011896
18.324,74.88,0.029908
18.324,75.267,0.06983
18.325,74.379,0.045769
18.325,74.489,0.044156
18.325,74.567,0.065932
18.325,74.748,0.018012
18.325,74.791,0.018012
18.325,74.808,0.018953
18.325,75.635,0.083877
18.325,76.639,0.08186
18.325,73.878,0.033537
18.325,73.883,0.16795
18.325,73.891,0.073862
18.325,73.892,0.040258
18.325,73.9,0.0537
18.325,74.349,0.034881
18.325,74.362,0.034881
18.325,74.371,0.048256
18.325,74.375,0.037973
18.325,74.376,0.029505
18.325,74.383,0.039452
18.325,74.506,0.024464
18.325,74.568,0.066066
18.325,74.571,0.0496
18.325,74.689,0.025741
18.325,74.729,0.039586
18.325,74.749,0.070905
18.325,74.791,0.075072
18.325,74.793,0.037234
18.325,74.808,0.029639
18.325,74.811,0.064722
18.325,74.828,0.037234
18.325,74.84,0.036696
18.325,74.982,0.058337
18.325,75.639,0.089925
18.325,74.424,0.042946
18.325,74.534,0.051549
18.325,74.544,0.045702
18.325,74.734,0.048659
18.325,74.749,0.0099469
18.325,74.791,0.024464
18.325,74.808,0.022515
18.326,74.559,0.033
18.326,74.617,0.030513
18.326,74.749,0.022851
18.326,74.789,0.033134
18.326,74.791,0.015122
18.326,74.808,0.0057127
18.326,75.02,0.070233
18.326,75.661,0.095369
18.326,75.674,0.068351
18.326,73.888,0.26877
18.326,74.388,0.039586
18.326,74.418,0.044559
18.326,74.698,0.033134
18.326,74.749,0.13381
18.326,74.792,0.012501
18.326,74.809,0.0070569
18.326,75.174,0.02023
18.326,75.214,0.034276
18.326,73.9,0.040258
18.326,74.371,0.036091
18.326,74.379,0.041871
18.326,74.424,0.027488
18.326,74.593,0.064789
18.326,74.629,0.055716
18.326,74.75,0.021238
18.326,74.792,0.018953
18.326,74.809,0.015727
18.326,74.934,0.067343
18.326,75.635,0.09053
18.326,74.386,0.04214
18.326,74.75,0.016399
18.326,74.776,0.13153
18.326,74.792,0.0083339
18.326,74.809,0.0031588
18.326,74.842,0.073795
18.326,74.91,0.012501
18.326,74.929,0.056052
18.326,75.087,0.047449
18.326,75.201,0.04792
18.326,75.643,0.081928
18.327,73.876,0.20156
18.327,74.379,0.055918
18.327,74.421,0.030782
18.327,74.558,0.047785
18.327,74.686,0.065125
18.327,74.713,0.047046
18.327,74.75,0.015391
18.327,74.793,0.023187
18.327,74.809,0.0079978
18.327,74.919,0.11089
18.327,75.142,0.043282
18.327,75.302,0.083272
18.327,75.645,0.096713
18.327,75.659,0.11083
18.327,73.892,0.10075
18.327,74.292,0.08186
18.327,74.307,0.036696
18.327,74.427,0.039855
18.327,74.568,0.06358
18.327,74.571,0.052154
18.327,74.671,0.082196
18.327,74.711,0.045097
18.327,74.751,0.01445
18.327,74.793,0.023792
18.327,74.81,0.012837
18.327,75.668,0.076215
18.327,74.378,0.054372
18.327,74.438,0.048659
18.327,74.55,0.044291
18.327,74.572,0.06358
18.327,74.572,0.094496
18.327,74.638,0.036696
18.327,74.672,0.03058
18.327,74.734,0.0060488
18.327,74.793,0.032865
18.327,74.81,0.010283
18.327,75.3,0.068822
18.327,75.628,0.077156
18.328,73.929,0.080583
18.328,74.425,0.038511
18.328,74.431,0.053969
18.328,74.47,0.049264
18.328,74.558,0.027152
18.328,74.569,0.069897
18.328,74.571,0.075744
18.328,74.571,0.033403
18.328,74.572,0.12091
18.328,74.6,0.036024
18.328,74.701,0.1283
18.328,74.747,0.046374
18.328,74.751,0.014114
18.328,74.793,0.017004
18.328,74.81,0.0057127
18.328,74.815,0.10283
18.328,74.823,0.054775
18.328,75.657,0.11486
18.328,73.869,0.073862
18.328,73.89,0.060421
18.328,74.359,0.046307
18.328,74.568,0.033403
18.328,74.72,0.036696
18.328,74.751,0.0076618
18.328,74.796,0.026077
18.328,74.94,0.089589
18.328,75.028,0.068284
18.328,74.319,0.035419
18.328,74.383,0.070233
18.328,74.404,0.055783
18.328,74.426,0.035755
18.328,74.523,0.061899
18.328,74.741,0.071174
18.328,74.743,0.044425
18.328,74.752,0.0083339
18.328,74.797,0.016063
18.328,74.811,0.0063848
18.328,74.862,0.053834
18.328,75.661,0.10982
18.328,74.36,0.035486
18.328,74.418,0.047113
18.328,74.479,0.048659
18.328,74.547,0.056052
18.328,74.598,0.10968
18.328,74.752,0.034478
18.328,74.797,0.028026
18.328,74.811,0.013509
18.328,75.006,0.068956
18.329,74.365,0.055918
18.329,74.379,0.036494
18.329,74.421,0.041065
18.329,74.435,0.034142
18.329,74.648,0.092815
18.329,74.752,0.0086699
18.329,74.797,0.037704
18.329,74.811,0.0070569
18.329,75.177,0.03636
18.329,74.366,0.056052
18.329,74.391,0.048928
18.329,74.399,0.029169
18.329,74.424,0.040997
18.329,74.556,0.057329
18.329,74.568,0.047046
18.329,74.715,0.12286
18.329,74.752,0.0248
18.329,74.797,0.010888
18.329,74.812,0.0063848
18.329,75.655,0.12427
18.329,73.614,0.099133
18.329,74.28,0.051549
18.329,74.309,0.033134
18.329,74.432,0.028765
18.329,74.442,0.067948
18.329,74.567,0.03636
18.329,74.726,0.067545
18.329,74.753,0.01734
18.329,74.798,0.021843
18.329,74.812,0.0063848
18.329,75.288,0.072922
18.329,74.421,0.039855
18.329,74.428,0.033739
18.329,74.637,0.048659
18.329,74.717,0.044761
18.329,74.753,0.017004
18.329,74.798,0.013173
18.329,74.812,0.0096109
18.329,74.833,0.042812
18.329,74.947,0.078298
18.33,74.301,0.052221
18.33,74.403,0.04261
18.33,74.427,0.048659
18.33,74.429,0.028026
18.33,74.609,0.039317
18.33,74.753,0.014786
18.33,74.798,0.01734
18.33,74.812,0.0063848
18.33,75.013,0.093756
18.33,74.449,0.053901
18.33,74.519,0.066402
18.33,74.753,0.016735
18.33,74.799,0.020902
18.33,74.813,0.0070569
18.33,75.008,0.070233
18.33,74.472,0.067948
18.33,74.609,0.070905
18.33,74.664,0.040258
18.33,74.714,0.0496
18.33,74.754,0.054103
18.33,74.799,0.031521
18.33,74.813,0.0099469
18.33,74.826,0.035419
18.331,74.044,0.029639
18.331,74.424,0.040392
18.331,74.435,0.041535
18.331,74.441,0.057665
18.331,74.506,0.02601
18.331,74.511,0.025069
18.331,74.526,0.067007
18.331,74.537,0.042543
18.331,74.636,0.056388
18.331,74.739,0.034411
18.331,74.754,0.018012
18.331,74.799,0.022179
18.331,74.813,0.011224
18.331,75.169,0.037637
18.331,74.128,0.032865
18.331,74.433,0.040863
18.331,74.613,0.056791
18.331,74.645,0.033134
18.331,74.754,0.019625
18.331,74.755,0.05249
18.331,74.761,0.010888
18.331,74.799,0.028967
18.331,74.809,0.10122
18.331,74.916,0.065058
18.331,75.001,0.066738
18.331,74.37,0.068486
18.331,74.392,0.068956
18.331,74.619,0.060891
18.331,74.623,0.035419
18.331,74.755,0.0079978
18.331,74.755,0.014786
18.331,74.761,0.0073258
18.331,74.769,0.029908
18.331,74.8,0.018617
18.331,74.433,0.036158
18.331,74.761,0.010552
18.331,74.787,0.070905
18.331,74.8,0.0063848
18.332,74.425,0.034478
18.332,74.44,0.023389
18.332,74.443,0.047517
18.332,74.486,0.04382
18.332,74.508,0.032462
18.332,74.607,0.035419
18.332,74.638,0.047046
18.332,74.661,0.058337
18.332,74.755,0.013509
18.332,74.757,0.051549
18.332,74.761,0.0067209
18.332,74.796,0.046374
18.332,74.801,0.022179
18.332,74.396,0.072518
18.332,74.426,0.031655
18.332,74.612,0.061496
18.332,74.679,0.025741
18.332,74.703,0.040863
18.332,74.704,0.035419
18.332,74.756,0.034142
18.332,74.759,0.068015
18.332,74.762,0.0070569
18.332,74.798,0.065394
18.332,74.801,0.0073258
18.332,74.802,0.1367
18.332,75.139,0.053565
18.332,74.42,0.032798
18.332,74.436,0.041065
18.332,74.466,0.049264
18.332,74.509,0.032462
18.332,74.756,0.12346
18.332,74.762,0.012165
18.332,74.801,0.018012
18.332,74.414,0.037973
18.332,74.541,0.042207
18.332,74.577,0.03347
18.332,74.718,0.034142
18.332,74.742,0.012098
18.332,74.756,0.022179
18.332,74.762,0.012837
18.332,74.801,0.0096109
18.332,74.824,0.060555
18.332,74.984,0.056523
18.333,74.756,0.017676
18.333,74.763,0.013778
18.333,74.802,0.012837
18.333,74.879,0.036696
18.333,75.184,0.029505
18.333,75.645,0.10848
18.333,74.499,0.046038
18.333,74.757,0.023792
18.333,74.763,0.0079978
18.333,76.033,0.022112
18.333,73.972,0.034276
18.333,74.36,0.029505
18.333,74.362,0.042409
18.333,74.374,0.039452
18.333,74.439,0.044425
18.333,74.498,0.065125
18.333,74.554,0.055649
18.333,74.573,0.048323
18.333,74.583,0.12091
18.333,74.599,0.025405
18.333,74.617,0.04046
18.333,74.658,0.029236
18.333,74.758,0.076685
18.333,74.792,0.091068
18.334,74.393,0.031454
18.334,74.394,0.044694
18.334,74.459,0.038981
18.334,74.553,0.032798
18.334,74.56,0.067881
18.334,74.566,0.045702
18.334,74.583,0.052961
18.334,74.657,0.053565
18.334,74.757,0.015122
18.334,74.763,0.022851
18.334,74.503,0.042207
18.334,74.562,0.14107
18.334,74.583,0.056926
18.334,74.757,0.032193
18.334,74.763,0.0083339
18.334,74.773,0.024397
18.334,74.802,0.040258
18.334,74.972,0.042476
18.334,75.638,0.090597
18.334,74.435,0.035352
18.334,74.556,0.049735
18.334,74.583,0.047718
18.334,74.591,0.067881
18.334,74.618,0.034949
18.334,74.715,0.036024
18.334,74.734,0.072518
18.334,74.757,0.025405
18.334,74.764,0.013778
18.334,74.803,0.018348
18.334,74.967,0.05249
18.334,75.007,0.052625
18.334,74.259,0.038309
18.334,74.395,0.059144
18.334,74.4,0.041938
18.334,74.439,0.052625
18.334,74.559,0.053834
18.334,74.584,0.033403
18.334,74.758,0.028026
18.334,74.764,0.0024867
18.334,74.803,0.042543
18.334,74.807,0.037368
18.334,74.828,0.035419
18.334,74.831,0.05706
18.334,74.833,0.041535
18.334,74.892,0.059278
18.334,74.942,0.036091
18.335,73.883,0.046979
18.335,74.388,0.020095
18.335,74.555,0.047651
18.335,74.555,0.094025
18.335,74.556,0.052154
18.335,74.583,0.052759
18.335,74.584,0.046979
18.335,74.617,0.035688
18.335,74.683,0.025405
18.335,74.716,0.039586
18.335,74.758,0.012501
18.335,74.781,0.060891
18.335,74.803,0.024128
18.335,74.846,0.046374
18.335,73.888,0.040258
18.335,74.385,0.054977
18.335,74.391,0.056187
18.335,74.434,0.043484
18.335,74.434,0.059009
18.335,74.511,0.06573
18.335,74.56,0.095235
18.335,74.586,0.046038
18.335,74.758,0.013509
18.335,74.764,0.013509
18.335,74.804,0.0057127
18.335,73.842,0.046979
18.335,74.402,0.045971
18.335,74.571,0.007393
18.335,74.584,0.067881
18.335,74.594,0.051549
18.335,74.759,0.010888
18.335,74.765,0.0047718
18.335,74.804,0.0096109
18.336,74.549,0.044425
18.336,74.556,0.033403
18.336,74.585,0.0248
18.336,74.651,0.04093
18.336,74.751,0.061832
18.336,74.759,0.010552
18.336,74.765,0.0083339
18.336,74.804,0.018617
18.336,74.835,0.047046
18.336,74.893,0.027959
18.336,74.584,0.053028
18.336,74.594,0.054305
18.336,74.599,0.068284
18.336,74.618,0.022448
18.336,74.626,0.032798
18.336,74.661,0.041199
18.336,74.759,0.0044358
18.336,74.804,0.0054439
18.336,74.812,0.027152
18.336,74.924,0.059278
18.336,73.887,0.046979
18.336,74.356,0.038914
18.336,74.367,0.02144
18.336,74.392,0.044828
18.336,74.449,0.052356
18.336,74.517,0.025405
18.336,74.6,0.035217
18.336,74.696,0.035419
18.336,74.757,0.053162
18.336,74.759,0.0096109
18.336,74.766,0.0070569
18.336,74.805,0.0057127
18.336,73.891,0.026816
18.336,74.438,0.041535
18.336,74.522,0.038645
18.336,74.559,0.069359
18.336,74.726,0.11862
18.336,74.755,0.087708
18.336,74.76,0.0076618
18.336,74.766,0.012837
18.336,74.805,0.02769
18.336,74.904,0.10814
18.336,75.301,0.11083
18.337,73.922,0.20156
18.337,74.363,0.083944
18.337,74.386,0.028093
18.337,74.396,0.029774
18.337,74.403,0.055783
18.337,74.581,0.075543
18.337,74.62,0.041065
18.337,74.642,0.020902
18.337,74.76,0.0076618
18.337,74.766,0.01445
18.337,74.805,0.021843
18.337,74.41,0.035621
18.337,74.412,0.037771
18.337,74.483,0.054842
18.337,74.75,0.0054439
18.337,74.76,0.017676
18.337,74.806,0.0034949
18.337,74.854,0.041535
18.337,75.14,0.03683
18.337,75.287,0.061227
18.337,74.386,0.03515
18.337,74.46,0.047651
18.337,74.521,0.051213
18.337,74.574,0.094092
18.337,74.601,0.094092
18.337,74.634,0.040863
18.337,74.634,0.030916
18.337,74.761,0.026077
18.337,74.767,0.0070569
18.337,74.806,0.0054439
18.337,74.081,0.094227
18.337,74.441,0.045097
18.337,74.446,0.043282
18.337,74.466,0.047046
18.337,74.585,0.050877
18.337,74.756,0.093487
18.337,74.761,0.025405
18.337,74.767,0.0038309
18.337,74.806,0.011224
18.337,74.909,0.06647
18.337,75.146,0.077895
18.338,74.448,0.048458
18.338,74.461,0.06284
18.338,74.544,0.068956
18.338,74.738,0.075408
18.338,74.747,0.072518
18.338,74.753,0.015727
18.338,74.806,0.0073258
18.338,75.005,0.061563
18.338,73.887,0.026816
18.338,74.336,0.029505
18.338,74.465,0.06163
18.338,74.554,0.056388
18.338,74.768,0.0083339
18.338,74.934,0.11318
18.338,74.362,0.051213
18.338,74.431,0.049667
18.338,74.657,0.038914
18.338,74.762,0.0099469
18.338,74.768,0.0099469
18.338,74.807,0.0079978
18.338,74.915,0.056388
18.338,74.966,0.044761
18.339,74.347,0.043753
18.339,74.392,0.041535
18.339,74.469,0.03589
18.339,74.489,0.047315
18.339,74.491,0.055044
18.339,74.575,0.028497
18.339,74.576,0.054775
18.339,74.643,0.028497
18.339,74.694,0.054775
18.339,74.762,0.030916
18.339,74.768,0.0079978
18.339,74.807,0.0054439
18.339,74.897,0.036696
18.339,74.362,0.055044
18.339,74.408,0.025271
18.339,74.486,0.031185
18.339,74.56,0.049735
18.339,74.57,0.067881
18.339,74.583,0.056052
18.339,74.642,0.048995
18.339,74.762,0.0070569
18.339,74.769,0.0073258
18.339,74.808,0.0083339
18.339,74.812,0.060555
18.339,74.841,0.058673
18.339,74.378,0.055716
18.339,74.381,0.037704
18.339,74.441,0.054506
18.339,74.642,0.021305
18.339,74.763,0.018617
18.339,74.767,0.0073258
18.339,74.769,0.0063848
18.339,74.774,0.0096109
18.339,74.78,0.05827
18.339,74.808,0.0047718
18.339,75.029,0.10283
18.339,74.393,0.029505
18.339,74.436,0.052625
18.339,74.483,0.042678
18.339,74.763,0.0083339
18.339,74.768,0.01445
18.339,74.769,0.0092748
18.339,74.774,0.010552
18.339,74.781,0.0054439
18.339,74.808,0.024464
18.339,75.053,0.063781
18.34,74.561,0.03683
18.34,74.612,0.070569
18.34,74.686,0.040527
18.34,74.763,0.0073258
18.34,74.768,0.0086699
18.34,74.769,0.0089388
18.34,74.775,0.012837
18.34,74.781,0.022851
18.34,74.79,0.048592
18.34,74.808,0.0089388
18.34,75.307,0.038779
18.34,74.378,0.029706
18.34,74.384,0.055178
18.34,74.395,0.035553
18.34,74.559,0.037973
18.34,74.561,0.027556
18.34,74.612,0.035083
18.34,74.63,0.034747
18.34,74.638,0.061899
18.34,74.66,0.04093
18.34,74.738,0.035419
18.34,74.763,0.021574
18.34,74.768,0.0060488
18.34,74.77,0.011224
18.34,74.775,0.018617
18.34,74.781,0.0054439
18.34,74.799,0.075072
18.34,74.809,0.0047718
18.34,74.862,0.048659
18.34,74.339,0.044963
18.34,74.47,0.015391
18.34,74.624,0.040863
18.34,74.713,0.10189
18.34,74.764,0.0038309
18.34,74.769,0.030244
18.34,74.77,0.01156
18.34,74.775,0.012165
18.34,74.781,0.011896
18.34,74.809,0.0073258
18.34,74.815,0.036091
18.34,74.937,0.039586
18.341,74.384,0.037234
18.341,74.448,0.082264
18.341,74.524,0.032462
18.341,74.764,0.0096109
18.341,74.769,0.0070569
18.341,74.77,0.0070569
18.341,74.776,0.0070569
18.341,74.782,0.0047718
18.341,74.809,0.0089388
18.341,74.393,0.051011
18.341,74.441,0.04046
18.341,74.442,0.047584
18.341,74.517,0.11634
18.341,74.588,0.062504
18.341,74.631,0.020364
18.341,74.639,0.029034
18.341,74.639,0.031185
18.341,74.643,0.034949
18.341,74.648,0.073795
18.341,74.764,0.010888
18.341,74.769,0.032193
18.341,74.771,0.010888
18.341,74.776,0.010552
18.341,74.782,0.012165
18.341,74.809,0.029908
18.341,74.866,0.047046
18.341,74.392,0.054372
18.341,74.432,0.037368
18.341,74.459,0.05249
18.341,74.571,0.027959
18.341,74.746,0.015727
18.341,74.764,0.0054439
18.341,74.769,0.01156
18.341,74.771,0.0092748
18.341,74.776,0.013778
18.341,74.81,0.0051079
18.341,74.928,0.11284
18.341,74.936,0.041602
18.341,75.015,0.040997
18.341,75.27,0.055111
18.341,75.308,0.04261
18.341,73.903,0.0537
18.341,74.336,0.040594
18.341,74.385,0.050205
18.341,74.438,0.047651
18.341,74.438,0.047181
18.341,74.446,0.03804
18.341,74.454,0.068015
18.341,74.643,0.046307
18.341,74.746,0.0040997
18.341,74.765,0.020902
18.341,74.77,0.028295
18.341,74.771,0.0096109
18.341,74.776,0.0067209
18.341,74.792,0.0083339
18.341,75.309,0.10747
18.342,74.394,0.045702
18.342,74.408,0.05202
18.342,74.567,0.025069
18.342,74.569,0.052288
18.342,74.573,0.074467
18.342,74.64,0.03589
18.342,74.735,0.014786
18.342,74.765,0.010283
18.342,74.77,0.0070569
18.342,74.771,0.010283
18.342,74.777,0.039922
18.342,74.792,0.030244
18.342,75.082,0.05417
18.342,75.093,0.053767
18.342,75.161,0.029505
18.342,73.976,0.020902
18.342,74.311,0.085624
18.342,74.437,0.046643
18.342,74.51,0.063445
18.342,74.559,0.032193
18.342,74.56,0.13509
18.342,74.636,0.03347
18.342,74.656,0.067948
18.342,74.689,0.048592
18.342,74.747,0.0063848
18.342,74.765,0.0070569
18.342,74.77,0.0096109
18.342,74.772,0.01156
18.342,74.777,0.0079978
18.342,74.792,0.0070569
18.342,74.245,0.060421
18.342,74.388,0.052154
18.342,74.56,0.033403
18.342,74.747,0.0076618
18.342,74.766,0.0089388
18.342,74.771,0.0047718
18.342,74.772,0.010552
18.342,74.777,0.0076618
18.342,74.793,0.01734
18.342,75.034,0.053162
18.343,74.545,0.05249
18.343,74.554,0.033403
18.343,74.65,0.0079978
18.343,74.69,0.084481
18.343,74.728,0.079777
18.343,74.747,0.0079978
18.343,74.766,0.0089388
18.343,74.771,0.0040997
18.343,74.772,0.0070569
18.343,74.778,0.010552
18.343,74.793,0.0086699
18.343,74.804,0.086363
18.343,74.905,0.065125
18.343,74.914,0.05706
18.343,74.386,0.056388
18.343,74.409,0.044425
18.343,74.437,0.034411
18.343,74.437,0.046576
18.343,74.466,0.03515
18.343,74.543,0.050877
18.343,74.551,0.038645
18.343,74.559,0.039586
18.343,74.619,0.023389
18.343,74.748,0.013778
18.343,74.766,0.01445
18.343,74.771,0.015391
18.343,74.772,0.0073258
18.343,74.778,0.017004
18.343,74.793,0.0083339
18.343,74.95,0.062504
18.343,75,0.055716
18.343,74.442,0.047248
18.343,74.449,0.060622
18.343,74.477,0.039922
18.343,74.522,0.073123
18.343,74.537,0.049264
18.343,74.541,0.055716
18.343,74.558,0.052961
18.343,74.593,0.068015
18.343,74.644,0.055111
18.343,74.66,0.040594
18.343,74.728,0.087708
18.343,74.748,0.012165
18.343,74.766,0.0083339
18.343,74.771,0.0067209
18.343,74.778,0.0063848
18.343,74.793,0.043484
18.343,74.942,0.063781
18.343,75.114,0.07682
18.343,74.379,0.054574
18.343,74.391,0.034276
18.343,74.446,0.047987
18.343,74.517,0.056657
18.343,74.56,0.071577
18.343,74.561,0.077895
18.343,74.609,0.033806
18.343,74.645,0.10122
18.343,74.712,0.053162
18.343,74.748,0.12252
18.343,74.767,0.0092748
18.343,74.772,0.0054439
18.343,74.778,0.0073258
18.343,74.796,0.0051079
18.343,74.844,0.028631
18.344,74.434,0.041065
18.344,74.551,0.063714
18.344,74.558,0.043484
18.344,74.576,0.067679
18.344,74.599,0.082465
18.344,74.636,0.047987
18.344,74.661,0.13186
18.344,74.748,0.010552
18.344,74.767,0.012837
18.344,74.772,0.0054439
18.344,74.773,0.039922
18.344,74.779,0.0073258
18.344,74.789,0.091202
18.344,74.797,0.0067209
18.344,74.826,0.12091
18.344,74.394,0.029505
18.344,74.464,0.033806
18.344,74.468,0.037973
18.344,74.515,0.038981
18.344,74.552,0.070368
18.344,74.559,0.033403
18.344,74.561,0.054977
18.344,74.573,0.048323
18.344,74.654,0.075408
18.344,74.749,0.0070569
18.344,74.767,0.0086699
18.344,74.772,0.0054439
18.344,74.774,0.011224
18.344,74.779,0.014786
18.344,74.797,0.031521
18.344,75.013,0.048189
18.344,75.126,0.088312
18.344,74.385,0.07608
18.344,74.44,0.034276
18.344,74.446,0.048659
18.344,74.484,0.047651
18.344,74.559,0.052961
18.344,74.559,0.055918
18.344,74.562,0.069897
18.344,74.616,0.060891
18.344,74.632,0.069964
18.344,74.749,0.012165
18.344,74.768,0.010552
18.344,74.772,0.0070569
18.344,74.774,0.039922
18.344,74.779,0.010888
18.344,74.797,0.026077
18.344,74.798,0.10928
18.344,74.923,0.04671
18.344,74.388,0.044492
18.344,74.489,0.077626
18.344,74.551,0.056388
18.344,74.562,0.036763
18.344,74.627,0.052154
18.344,74.649,0.037503
18.344,74.661,0.02601
18.344,74.749,0.018953
18.344,74.768,0.0070569
18.344,74.773,0.0031588
18.344,74.774,0.010552
18.344,74.779,0.012837
18.344,74.797,0.0054439
18.344,74.871,0.061899
18.344,74.951,0.051549
18.345,74.176,0.032865
18.345,74.377,0.044291
18.345,74.518,0.069561
18.345,74.586,0.10189
18.345,74.611,0.031521
18.345,74.678,0.044089
18.345,74.716,0.042812
18.345,74.749,0.0079978
18.345,74.768,0.011224
18.345,74.773,0.0063848
18.345,74.78,0.0040997
18.345,74.798,0.015122
18.345,74.384,0.032327
18.345,74.574,0.054439
18.345,74.575,0.027556
18.345,74.75,0.0076618
18.345,74.769,0.011896
18.345,74.772,0.028631
18.345,74.775,0.01156
18.345,74.78,0.0099469
18.345,74.798,0.0051079
18.345,74.845,0.084481
18.345,74.87,0.098931
18.345,74.289,0.036158
18.345,74.384,0.067881
18.345,74.449,0.040392
18.345,74.551,0.067948
18.345,74.558,0.052288
18.345,74.735,0.035083
18.345,74.75,0.0099469
18.345,74.769,0.0083339
18.345,74.774,0.010283
18.345,74.775,0.0092748
18.345,74.78,0.01156
18.345,74.897,0.0496
18.345,75.312,0.065461
18.346,74.425,0.053834
18.346,74.438,0.047584
18.346,74.446,0.04624
18.346,74.449,0.071981
18.346,74.554,0.056657
18.346,74.555,0.033201
18.346,74.576,0.070166
18.346,74.612,0.040594
18.346,74.639,0.033739
18.346,74.662,0.068015
18.346,74.75,0.011896
18.346,74.769,0.01734
18.346,74.774,0.0047718
18.346,74.775,0.0063848
18.346,74.781,0.015727
18.346,74.787,0.052826
18.346,74.799,0.02023
18.346,75.086,0.056321
18.346,74.562,0.016063
18.346,74.585,0.034478
18.346,74.606,0.053498
18.346,74.606,0.029639
18.346,74.609,0.044291
18.346,74.627,0.056388
18.346,74.751,0.010552
18.346,74.763,0.012837
18.346,74.774,0.0040997
18.346,74.827,0.085758
18.346,74.839,0.065125
18.346,74.377,0.039452
18.346,74.388,0.036494
18.346,74.553,0.069897
18.346,74.563,0.0060488
18.346,74.586,0.027018
18.346,74.607,0.049936
18.346,74.663,0.052221
18.346,74.751,0.0092748
18.346,74.763,0.0070569
18.346,74.77,0.0047718
18.346,74.774,0.0054439
18.346,74.776,0.0076618
18.346,74.781,0.010283
18.346,74.385,0.056455
18.346,74.442,0.047181
18.346,74.546,0.075543
18.346,74.561,0.05659
18.346,74.563,0.01445
18.346,74.571,0.06526
18.346,74.607,0.055111
18.346,74.629,0.066335
18.346,74.63,0.029975
18.346,74.751,0.0089388
18.346,74.763,0.0040997
18.346,74.77,0.016063
18.346,74.775,0.033806
18.346,74.776,0.016063
18.346,74.781,0.012165
18.346,75.153,0.062101
18.346,75.586,0.029639
18.347,74.386,0.05202
18.347,74.563,0.015391
18.347,74.586,0.014114
18.347,74.599,0.087976
18.347,74.608,0.035755
18.347,74.631,0.035553
18.347,74.751,0.010283
18.347,74.763,0.021843
18.347,74.77,0.0079978
18.347,74.775,0.02769
18.347,74.776,0.01156
18.347,74.78,0.051885
18.347,74.782,0.0063848
18.347,74.956,0.06573
18.347,74.408,0.054977
18.347,74.564,0.016399
18.347,74.586,0.015727
18.347,74.599,0.053162
18.347,74.608,0.018348
18.347,74.752,0.010888
18.347,74.764,0.031252
18.347,74.775,0.20317
18.347,74.777,0.01734
18.347,74.782,0.0096109
18.347,74.788,0.043148
18.347,74.797,0.029303
18.347,74.807,0.10122
18.347,74.38,0.029706
18.347,74.444,0.021507
18.347,74.451,0.031252
18.347,74.552,0.048323
18.347,74.564,0.021238
18.347,74.587,0.021574
18.347,74.608,0.043484
18.347,74.752,0.021574
18.347,74.764,0.019289
18.347,74.771,0.016063
18.347,74.776,0.023792
18.347,74.777,0.0092748
18.347,74.782,0.0047718
18.347,74.859,0.082465
18.347,75.015,0.05706
18.348,74.54,0.061765
18.348,74.543,0.031185
18.348,74.564,0.13381
18.348,74.576,0.066402
18.348,74.578,0.025069
18.348,74.587,0.039922
18.348,74.608,0.035419
18.348,74.638,0.041468
18.348,74.669,0.077021
18.348,74.752,0.0079978
18.348,74.764,0.012165
18.348,74.771,0.03347
18.348,74.776,0.0099469
18.348,74.777,0.011224
18.348,74.782,0.0079978
18.348,74.817,0.050608
18.348,74.843,0.032865
18.348,75.322,0.032663
18.348,74.445,0.036293
18.348,74.446,0.080785
18.348,74.576,0.067881
18.348,74.587,0.032529
18.348,74.608,0.052288
18.348,74.609,0.0083339
18.348,74.634,0.021238
18.348,74.727,0.047651
18.348,74.752,0.024464
18.348,74.764,0.022515
18.348,74.771,0.0024867
18.348,74.776,0.0076618
18.348,74.778,0.01734
18.348,74.783,0.0096109
18.348,74.377,0.048256
18.348,74.385,0.068486
18.348,74.549,0.031521
18.348,74.551,0.048592
18.348,74.565,0.0099469
18.348,74.588,0.046374
18.348,74.609,0.053162
18.348,74.618,0.011896
18.348,74.626,0.048592
18.348,74.659,0.051549
18.348,74.753,0.050877
18.348,74.765,0.0047718
18.348,74.772,0.0092748
18.348,74.776,0.0057127
18.348,74.778,0.0044358
18.348,74.783,0.0092748
18.348,74.894,0.065125
18.348,74.386,0.049667
18.348,74.441,0.034478
18.348,74.486,0.049264
18.348,74.543,0.046038
18.348,74.565,0.070905
18.348,74.609,0.0083339
18.348,74.619,0.055044
18.348,74.753,0.0096109
18.348,74.765,0.017004
18.348,74.772,0.012165
18.348,74.777,0.0047718
18.348,74.778,0.0086699
18.348,74.784,0.011896
18.348,74.839,0.068015
18.349,74.48,0.044761
18.349,74.565,0.018012
18.349,74.578,0.057195
18.349,74.588,0.039586
18.349,74.588,0.012837
18.349,74.609,0.06284
18.349,74.718,0.032462
18.349,74.726,0.071712
18.349,74.753,0.054775
18.349,74.763,0.0096109
18.349,74.765,0.011896
18.349,74.772,0.013778
18.349,74.778,0.022179
18.349,74.784,0.0063848
18.349,74.84,0.039586
18.349,74.384,0.044761
18.349,74.499,0.056052
18.349,74.552,0.069359
18.349,74.588,0.014114
18.349,74.61,0.070569
18.349,74.754,0.10088
18.349,74.763,0.0038309
18.349,74.766,0.0051079
18.349,74.772,0.0076618
18.349,74.779,0.0083339
18.349,74.784,0.010888
18.349,75.26,0.032126
18.349,74.293,0.041199
18.349,74.473,0.068015
18.349,74.476,0.060891
18.349,74.544,0.081928
18.349,74.566,0.010888
18.349,74.589,0.013173
18.349,74.61,0.058673
18.349,74.62,0.06284
18.349,74.631,0.057329
18.349,74.677,0.054775
18.349,74.754,0.012837
18.349,74.763,0.010888
18.349,74.766,0.0063848
18.349,74.773,0.018953
18.349,74.779,0.0089388
18.349,74.784,0.0054439
18.349,74.918,0.041468
18.349,75.143,0.1236
18.349,74.364,0.028026
18.349,74.38,0.055044
18.349,74.389,0.044492
18.349,74.539,0.068284
18.349,74.566,0.010283
18.349,74.589,0.013173
18.349,74.61,0.044761
18.349,74.621,0.051885
18.349,74.681,0.026682
18.349,74.696,0.036024
18.349,74.754,0.0047718
18.349,74.757,0.12642
18.349,74.763,0.0060488
18.349,74.766,0.0063848
18.349,74.773,0.0083339
18.349,74.779,0.020902
18.349,74.785,0.0063848
18.349,74.827,0.068956
18.349,75.066,0.042678
18.35,74.449,0.070569
18.35,74.566,0.012501
18.35,74.589,0.029908
18.35,74.61,0.074131
18.35,74.754,0.0040997
18.35,74.764,0.0096109
18.35,74.766,0.020902
18.35,74.773,0.013509
18.35,74.779,0.0096109
18.35,74.785,0.01156
18.35,74.801,0.036696
18.35,74.81,0.027152
18.35,74.418,0.048659
18.35,74.5,0.041535
18.35,74.558,0.066335
18.35,74.664,0.047718
18.35,75.658,0.09221
18.35,75.675,0.079777
18.35,74.377,0.036696
18.35,74.492,0.036696
18.35,74.567,0.018348
18.35,74.589,0.0248
18.35,74.611,0.010888
18.35,74.627,0.048323
18.35,74.755,0.0051079
18.35,74.758,0.054103
18.35,74.764,0.0038309
18.35,74.767,0.0060488
18.35,74.774,0.0070569
18.35,74.78,0.0073258
18.35,74.785,0.022851
18.35,75.299,0.11016
18.351,74.385,0.034478
18.351,74.559,0.060891
18.351,74.567,0.0099469
18.351,74.583,0.057195
18.351,74.59,0.034478
18.351,74.611,0.013509
18.351,74.627,0.061563
18.351,74.645,0.029437
18.351,74.755,0.010888
18.351,74.764,0.010552
18.351,74.767,0.0063848
18.351,74.774,0.0079978
18.351,74.78,0.013778
18.351,74.786,0.0070569
18.351,75.633,0.10511
18.351,75.647,0.086632
18.351,75.659,0.083272
18.351,73.694,0.094025
18.351,74.38,0.036158
18.351,74.387,0.055851
18.351,74.559,0.070166
18.351,74.567,0.015727
18.351,74.583,0.0537
18.351,74.59,0.030916
18.351,74.611,0.064117
18.351,74.628,0.032193
18.351,74.755,0.0060488
18.351,74.764,0.0038309
18.351,74.786,0.0092748
18.351,74.94,0.053162
18.351,74.343,0.045433
18.351,74.465,0.032529
18.351,74.483,0.038309
18.351,74.567,0.039922
18.351,74.583,0.053767
18.351,74.59,0.023792
18.351,74.593,0.12158
18.351,74.612,0.066402
18.351,74.627,0.034478
18.351,74.628,0.040258
18.351,74.645,0.02312
18.351,74.756,0.0070569
18.351,74.765,0.015122
18.351,74.786,0.0054439
18.351,74.865,0.0703
18.351,74.882,0.044156
18.351,75.166,0.10693
18.351,75.651,0.081928
18.351,74.38,0.055918
18.351,74.523,0.053767
18.351,74.559,0.074333
18.351,74.568,0.0086699
18.351,74.591,0.015391
18.351,74.594,0.063781
18.351,74.612,0.056388
18.351,74.628,0.014786
18.351,74.756,0.0063848
18.351,74.765,0.0040997
18.351,74.786,0.037704
18.352,74.377,0.069359
18.352,74.388,0.042207
18.352,74.556,0.054036
18.352,74.568,0.034478
18.352,74.591,0.037368
18.352,74.608,0.028093
18.352,74.612,0.033806
18.352,74.618,0.041468
18.352,74.627,0.054977
18.352,74.629,0.01156
18.352,74.668,0.02601
18.352,74.689,0.00053767
18.352,74.751,0.0013442
18.352,74.756,0.0070569
18.352,74.765,0.0044358
18.352,74.787,0.013509
18.352,74.828,0.024733
18.352,74.851,0.037704
18.352,74.558,0.066133
18.352,74.559,0.063714
18.352,74.568,0.0086699
18.352,74.591,0.037032
18.352,74.612,0.054103
18.352,74.613,0.057329
18.352,74.625,0.047517
18.352,74.629,0.037032
18.352,74.689,0.00020163
18.352,74.751,0.0012098
18.352,74.756,0.0063848
18.352,74.766,0.0079978
18.352,74.771,0.026346
18.352,74.787,0.0063848
18.352,74.806,0.018281
18.352,75.007,0.044425
18.352,75.034,0.05417
18.352,75.098,0.023187
18.352,75.126,0.051751
18.352,75.664,0.0826
18.352,74.534,0.067881
18.352,74.558,0.049264
18.352,74.568,0.033806
18.352,74.569,0.0248
18.352,74.591,0.02769
18.352,74.629,0.0054439
18.352,74.654,0.047651
18.352,74.66,0.048928
18.352,74.689,0.00020163
18.352,74.751,0.001277
18.352,74.757,0.0070569
18.352,74.766,0.0079978
18.352,74.787,0.011224
18.352,75.02,0.052221
18.352,75.841,0.0496
18.352,74.375,0.045433
18.352,74.42,0.10075
18.352,74.534,0.06163
18.352,74.557,0.05202
18.352,74.558,0.056993
18.352,74.56,0.070099
18.352,74.564,0.067142
18.352,74.569,0.034747
18.352,74.569,0.01734
18.352,74.592,0.035419
18.352,74.613,0.023456
18.352,74.631,0.057665
18.352,74.69,0.00013442
18.352,74.752,0.0014786
18.352,74.757,0.0051079
18.352,74.766,0.12575
18.352,74.787,0.0057127
18.352,74.794,0.054103
18.352,74.877,0.10478
18.352,74.987,0.053834
18.352,75.203,0.036763
18.352,75.303,0.045702
18.353,74.386,0.051751
18.353,74.558,0.067074
18.353,74.569,0.017004
18.353,74.585,0.052288
18.353,74.592,0.029639
18.353,74.613,0.02023
18.353,74.614,0.12702
18.353,74.63,0.050877
18.353,74.632,0.033672
18.353,74.659,0.036293
18.353,74.683,0.035688
18.353,74.69,0.063781
18.353,74.752,0.0013442
18.353,74.757,0.0086699
18.353,74.766,0.037973
18.353,74.788,0.0063848
18.353,74.887,0.095369
18.353,74.379,0.054439
18.353,74.558,0.026816
18.353,74.561,0.063714
18.353,74.564,0.079911
18.353,74.569,0.014786
18.353,74.592,0.014786
18.353,74.614,0.019961
18.353,74.63,0.021843
18.353,74.671,0.016399
18.353,74.69,0.00013442
18.353,74.752,0.0016802
18.353,74.757,0.0060488
18.353,74.767,0.01156
18.353,74.788,0.01156
18.353,74.821,0.087708
18.353,74.97,0.066066
18.353,75.523,0.077223
18.353,74.322,0.03636
18.353,74.419,0.048659
18.353,74.454,0.039586
18.353,74.563,0.054305
18.353,74.57,0.013778
18.353,74.586,0.0537
18.353,74.593,0.015727
18.353,74.614,0.0051079
18.353,74.624,0.050272
18.353,74.63,0.027354
18.353,74.634,0.037771
18.353,74.672,0.037704
18.353,74.691,0.02769
18.353,74.707,0.079911
18.353,74.752,0.00080651
18.353,74.758,0.0079978
18.353,74.767,0.024464
18.353,74.788,0.013778
18.353,74.86,0.10189
18.353,75.305,0.1033
18.354,74.57,0.016735
18.354,74.586,0.098394
18.354,74.593,0.033806
18.354,74.614,0.030244
18.354,74.62,0.050944
18.354,74.631,0.036696
18.354,74.691,0.031857
18.354,74.753,0.0013442
18.354,74.758,0.020566
18.354,74.767,0.0079978
18.354,74.789,0.0092748
18.354,74.791,0.064789
18.354,74.912,0.075072
18.354,74.961,0.052826
18.354,75.66,0.083944
18.354,73.386,0.029505
18.354,74.563,0.047718
18.354,74.57,0.018012
18.354,74.571,0.025405
18.354,74.593,0.028295
18.354,74.614,0.045769
18.354,74.63,0.0289
18.354,74.631,0.034747
18.354,74.691,0.00013442
18.354,74.753,0.001277
18.354,74.768,0.011224
18.354,74.789,0.0073258
18.354,74.862,0.0089388
18.354,75.222,0.041938
18.354,75.661,0.083877
18.354,74.191,0.00033604
18.354,74.384,0.049197
18.354,74.435,0.047987
18.354,74.465,0.04093
18.354,74.517,0.037704
18.354,74.572,0.026346
18.354,74.593,0.04382
18.354,74.611,0.039855
18.354,74.615,0.051549
18.354,74.616,0.054641
18.354,74.619,0.034075
18.354,74.619,0.035419
18.354,74.631,0.084481
18.354,74.66,0.040863
18.354,74.664,0.020566
18.354,74.691,6.7209e-05
18.354,74.753,0.0013442
18.354,74.759,0.0063848
18.354,74.768,0.017676
18.354,74.789,0.012837
18.354,74.969,0.068015
18.354,75.637,0.10142
18.354,74.299,0.054775
18.354,74.386,0.048256
18.354,74.571,0.032193
18.354,74.594,0.061227
18.354,74.615,0.03636
18.354,74.631,0.03058
18.354,74.635,0.047584
18.354,74.69,0.070569
18.354,74.692,0.00047046
18.354,74.707,0.044761
18.354,74.748,0.062168
18.354,74.759,0.010283
18.354,74.768,0.013509
18.354,74.789,0.0079978
18.354,74.884,0.030177
18.354,75.433,0.067948
18.355,74.016,0.10814
18.355,74.376,0.054977
18.355,74.42,0.023456
18.355,74.551,0.070368
18.355,74.567,0.029505
18.355,74.594,0.045433
18.355,74.615,0.035083
18.355,74.632,0.041199
18.355,74.692,0.00047046
18.355,74.734,0.044156
18.355,74.754,0.0017474
18.355,74.759,0.0054439
18.355,74.769,0.0060488
18.355,74.79,0.0099469
18.355,74.83,0.024128
18.355,75.638,0.10814
18.355,75.64,0.10814
18.355,75.642,0.081255
18.355,73.74,0.0537
18.355,74.594,0.038309
18.355,74.599,0.053834
18.355,74.607,0.038578
18.355,74.616,0.048659
18.355,74.621,0.032462
18.355,74.632,0.03636
18.355,74.649,0.044425
18.355,74.692,0.00026884
18.355,74.754,0.0010753
18.355,74.759,0.0051079
18.355,74.769,0.014786
18.355,74.79,0.0079978
18.355,74.891,0.068351
18.355,75.001,0.04671
18.355,75.64,0.081928
18.355,75.664,0.075207
18.355,75.674,0.068822
18.355,75.675,0.10814
18.355,74.425,0.030916
18.355,74.572,0.015122
18.355,74.594,0.039586
18.355,74.608,0.021171
18.355,74.616,0.037973
18.355,74.632,0.04214
18.355,74.632,0.03636
18.355,74.692,0.00013442
18.355,74.754,0.0012098
18.355,74.76,0.014114
18.355,74.79,0.0096109
18.355,74.936,0.0089388
18.355,75.014,0.063109
18.355,75.673,0.1031
18.356,74.434,0.048659
18.356,74.572,0.017676
18.356,74.595,0.016735
18.356,74.608,0.034613
18.356,74.616,0.017004
18.356,74.628,0.036763
18.356,74.632,0.042207
18.356,74.641,0.0289
18.356,74.688,0.040594
18.356,74.693,0.00060488
18.356,74.755,0.00080651
18.356,74.76,0.0073258
18.356,74.769,0.0076618
18.356,74.791,0.0054439
18.356,75.64,0.10142
18.356,74.392,0.042207
18.356,74.508,0.054103
18.356,74.572,0.022179
18.356,74.595,0.027018
18.356,74.616,0.028026
18.356,74.627,0.108
18.356,74.633,0.038981
18.356,74.693,6.7209e-05
18.356,74.755,0.0011425
18.356,74.76,0.0060488
18.356,74.77,0.0083339
18.356,74.791,0.0060488
18.356,74.824,0.079642
18.356,74.848,0.03347
18.356,74.878,0.068351
18.356,75.079,0.052154
18.356,75.64,0.083944
18.356,75.656,0.074535
18.356,74.389,0.034881
18.356,74.573,0.012299
18.356,74.579,0.035217
18.356,74.595,0.028026
18.356,74.617,0.029639
18.356,74.625,0.028698
18.356,74.691,0
18.356,74.693,0.00026884
18.356,74.755,0.0010753
18.356,74.761,0.0057127
18.356,74.77,0.011224
18.356,74.791,0.0070569
18.356,74.817,0.1035
18.356,74.846,0.075072
18.356,74.909,0.044761
18.356,75.639,0.074535
18.356,75.641,0.088648
18.356,75.642,0.10196
18.356,75.646,0.068351
18.356,74.207,0.075072
18.356,74.486,0.051213
18.356,74.596,0.035419
18.356,74.603,0.026547
18.356,74.617,0.028967
18.356,74.627,0.041938
18.356,74.694,0.00060488
18.356,74.718,0.028295
18.356,74.756,0.0014114
18.356,74.761,0.0057127
18.356,74.77,0.010283
18.356,74.791,0.0038309
18.356,74.817,0.069628
18.356,74.86,0.05995
18.356,74.905,0.068351
18.356,75.639,0.071241
18.357,74.573,0.026077
18.357,74.596,0.049264
18.357,74.609,0.027959
18.357,74.617,0.021574
18.357,74.618,0.071174
18.357,74.627,0.04792
18.357,74.694,0.00060488
18.357,74.756,0.0012098
18.357,74.761,0.013778
18.357,74.771,0.0047718
18.357,74.792,0.034478
18.357,74.818,0.089589
18.357,74.821,0.045433
18.357,74.884,0.056052
18.357,74.904,0.10243
18.357,75.647,0.085086
18.357,75.649,0.1031
18.357,75.656,0.10814
18.357,75.656,0.081255
18.357,75.659,0.1236
18.357,74.596,0.03058
18.357,74.598,0.041535
18.357,74.609,0.035822
18.357,74.618,0.040258
18.357,74.694,0.00026884
18.357,74.756,0.0010081
18.357,74.761,0.0073258
18.357,74.771,0.013778
18.357,74.788,0.12185
18.357,74.792,0.0057127
18.357,74.808,0.09994
18.357,74.85,0.06358
18.357,74.873,0.05706
18.357,74.876,0.060891
18.357,74.946,0.10827
18.357,75.253,0.10478
18.357,75.317,0.069696
18.357,75.331,0.055246
18.357,74.574,0.054103
18.357,74.576,0.0079978
18.357,74.596,0.02769
18.357,74.609,0.040997
18.357,74.618,0.018617
18.357,74.694,0.00047046
18.357,74.703,0.045904
18.357,74.756,0.0014786
18.357,74.762,0.010552
18.357,74.764,0.10384
18.357,74.771,0.013509
18.357,74.792,0.12252
18.357,74.915,0.054775
18.357,75.659,0.095369
18.357,75.661,0.075207
18.358,74.387,0.02144
18.358,74.574,0.016063
18.358,74.574,0.019625
18.358,74.597,0.037032
18.358,74.618,0.035083
18.358,74.637,0.037637
18.358,74.695,0.00040325
18.358,74.701,0.066066
18.358,74.757,0.0011425
18.358,74.762,0.0086699
18.358,74.771,0.0089388
18.358,74.793,0.0047718
18.358,74.824,0.060219
18.358,75.644,0.087976
18.358,75.659,0.068486
18.358,75.66,0.074535
18.358,74.387,0.029841
18.358,74.497,0.04671
18.358,74.574,0.021843
18.358,74.574,0.028026
18.358,74.597,0.039586
18.358,74.61,0.029437
18.358,74.618,0.053834
18.358,74.633,0.040392
18.358,74.691,0.10995
18.358,74.695,0.00033604
18.358,74.757,0.0010081
18.358,74.762,0.0083339
18.358,74.772,0.015391
18.358,74.793,0.01156
18.358,75.022,0.027959
18.358,75.297,0.11016
18.358,74.574,0.025069
18.358,74.574,0.012501
18.358,74.597,0.037368
18.358,74.61,0.033739
18.358,74.619,0.027018
18.358,74.637,0.038376
18.358,74.683,0.1441
18.358,74.695,0.00053767
18.358,74.757,0.0013442
18.358,74.763,0.010552
18.358,74.772,0.0086699
18.358,74.793,0.0031588
18.358,74.794,0.031521
18.358,74.867,0.060555
18.358,74.454,0.035553
18.358,74.492,0.042207
18.358,74.507,0.020566
18.358,74.574,0.058673
18.358,74.575,0.013509
18.358,74.575,0.026346
18.358,74.597,0.021843
18.358,74.61,0.055649
18.358,74.619,0.041199
18.358,74.637,0.028833
18.358,74.637,0.044963
18.358,74.643,0.0248
18.358,74.696,0.00040325
18.358,74.757,0.0011425
18.358,74.763,0.0079978
18.358,74.772,0.0054439
18.358,74.776,0.057665
18.358,74.793,0.0089388
18.359,74.389,0.029505
18.359,74.492,0.10061
18.359,74.546,0.048592
18.359,74.575,0.031252
18.359,74.575,0.010888
18.359,74.598,0.036091
18.359,74.611,0.049398
18.359,74.623,0.12091
18.359,74.638,0.049331
18.359,74.696,0.00026884
18.359,74.758,0.00080651
18.359,74.763,0.013173
18.359,74.772,0.014114
18.359,74.794,0.0054439
18.359,74.819,0.044761
18.359,74.824,0.039452
18.359,74.859,0.077223
18.359,74.949,0.024733
18.359,74.391,0.03757
18.359,74.401,0.060354
18.359,74.49,0.042476
18.359,74.492,0.03058
18.359,74.575,0.025405
18.359,74.575,0.010552
18.359,74.598,0.047987
18.359,74.598,0.028631
18.359,74.619,0.0063848
18.359,74.619,0.061899
18.359,74.631,0.054641
18.359,74.64,0.034142
18.359,74.696,0
18.359,74.758,0.0013442
18.359,74.763,0.093487
18.359,74.773,0.0060488
18.359,74.794,0.0044358
18.359,75.642,0.076685
18.359,74.375,0.041199
18.359,74.39,0.14107
18.359,74.392,0.055447
18.359,74.392,0.014114
18.359,74.419,0.080583
18.359,74.493,0.018012
18.359,74.575,0.037368
18.359,74.576,0.0044358
18.359,74.588,0.055716
18.359,74.62,0.06284
18.359,74.637,0.050272
18.359,74.689,0.0007393
18.359,74.696,0.00026884
18.359,74.764,0.0047718
18.359,74.773,0.0076618
18.359,74.794,0.0063848
18.359,75.188,0.052154
18.359,75.64,0.076551
18.359,75.642,0.10196
18.359,75.643,0.074602
18.359,75.646,0.10518
18.359,75.646,0.097117
18.359,75.658,0.084616
18.359,74.493,0.10384
18.359,74.534,0.035419
18.359,74.568,0.036696
18.359,74.576,0.042207
18.359,74.576,0.0096109
18.359,74.599,0.021574
18.359,74.62,0.038309
18.359,74.64,0.061227
18.359,74.677,0.039317
18.359,74.689,0.0007393
18.359,74.697,0.0014114
18.359,74.747,0.00060488
18.359,74.764,0.0086699
18.359,74.773,0.0096109
18.359,74.794,0.010283
18.359,74.922,0.073594
18.359,75.071,0.018012
18.359,75.639,0.10175
18.359,75.643,0.11486
18.359,75.643,0.1236
18.359,75.647,0.099738
18.359,75.659,0.087976
18.359,75.661,0.078231
18.36,74.215,0.057396
18.36,74.224,0.060354
18.36,74.493,0.063176
18.36,74.576,0.0079978
18.36,74.599,0.035419
18.36,74.604,0.037368
18.36,74.62,0.039922
18.36,74.627,0.068956
18.36,74.677,0.03636
18.36,74.689,0.0010753
18.36,74.692,0.072518
18.36,74.697,0.00020163
18.36,74.764,0.0092748
18.36,74.774,0.0044358
18.36,74.795,0.013509
18.36,74.911,0.10048
18.36,74.44,0.067746
18.36,74.448,0.050071
18.36,74.493,0.092815
18.36,74.576,0.041535
18.36,74.599,0.026682
18.36,74.62,0.014114
18.36,74.631,0.056119
18.36,74.69,0.00067209
18.36,74.697,0.00060488
18.36,74.764,0.0079978
18.36,74.774,0.01445
18.36,74.795,0.025405
18.36,74.863,0.040594
18.36,74.874,0.09705
18.36,75.659,0.10142
18.36,75.661,0.10841
18.36,75.661,0.077895
18.36,75.664,0.085288
18.36,75.675,0.075207
18.36,74.028,0.095369
18.36,74.494,0.063781
18.36,74.539,0.042476
18.36,74.576,0.046374
18.36,74.576,0.035419
18.36,74.577,0.017676
18.36,74.599,0.021574
18.36,74.604,0.050205
18.36,74.621,0.039317
18.36,74.633,0.044156
18.36,74.69,0.0010081
18.36,74.698,0.00040325
18.36,74.703,0.051213
18.36,74.765,0.0073258
18.36,74.774,0.0063848
18.36,74.922,0.076954
18.36,75.221,0.10814
18.36,75.245,0.0076618
18.36,75.65,0.091337
18.36,75.659,0.053028
18.36,75.66,0.089993
18.36,75.669,0.075207
18.36,75.672,0.077223
18.36,75.672,0.083944
18.36,75.675,0.083944
18.36,75.676,0.077223
18.361,74.388,0.045433
18.361,74.494,0.082196
18.361,74.51,0.021171
18.361,74.577,0.031252
18.361,74.577,0.026077
18.361,74.6,0.025741
18.361,74.621,0.01734
18.361,74.632,0.036562
18.361,74.639,0.034478
18.361,74.65,0.0951
18.361,74.66,0.068015
18.361,74.682,0.04214
18.361,74.69,0.001277
18.361,74.698,0.00047046
18.361,74.765,0.01156
18.361,74.774,0.0096109
18.361,74.796,0.0047718
18.361,75.634,0.05706
18.361,75.672,0.065125
18.361,74.359,0.064789
18.361,74.441,0.05706
18.361,74.494,0.026682
18.361,74.577,0.0083339
18.361,74.577,0.025405
18.361,74.6,0.034142
18.361,74.614,0.029236
18.361,74.621,0.035755
18.361,74.626,0.055111
18.361,74.632,0.1193
18.361,74.648,0.055716
18.361,74.65,0.049735
18.361,74.691,0.0010753
18.361,74.693,0.14221
18.361,74.698,0.00013442
18.361,74.765,0.0079978
18.361,74.775,0.0096109
18.361,74.796,0.0096109
18.361,74.972,0.055111
18.361,75.64,0.078567
18.361,75.641,0.071846
18.361,74.471,0.029572
18.361,74.494,0.066738
18.361,74.56,0.072854
18.361,74.577,0.036091
18.361,74.578,0.015727
18.361,74.6,0.013778
18.361,74.609,0.082868
18.361,74.614,0.060219
18.361,74.622,0.041199
18.361,74.691,0.0007393
18.361,74.698,0.00053767
18.361,74.766,0.011896
18.361,74.775,0.0092748
18.361,74.796,0.021574
18.361,74.897,0.010753
18.361,74.92,0.10814
18.361,74.972,0.056052
18.361,75.057,0.052154
18.361,74.495,0.022851
18.361,74.578,0.035419
18.361,74.578,0.064789
18.361,74.584,0.036696
18.361,74.601,0.028631
18.361,74.622,0.038981
18.361,74.633,0.11634
18.361,74.651,0.054641
18.361,74.691,0.0014114
18.361,74.699,6.7209e-05
18.361,74.766,0.0083339
18.361,74.775,0.014786
18.361,74.796,0.0060488
18.361,74.866,0.0951
18.361,75.647,0.11083
18.362,74.495,0.012837
18.362,74.578,0.012165
18.362,74.578,0.0099469
18.362,74.601,0.034747
18.362,74.622,0.010283
18.362,74.64,0.049331
18.362,74.691,0.0010081
18.362,74.699,0.00040325
18.362,74.766,0.0086699
18.362,74.776,0.0076618
18.362,74.783,0.032462
18.362,74.797,0.010888
18.362,74.828,0.061563
18.362,74.843,0.055716
18.362,75.058,0.03636
18.362,75.141,0.048659
18.362,75.151,0.032731
18.362,75.331,0.03683
18.362,74.435,0.04792
18.362,74.489,0.05706
18.362,74.495,0.094764
18.362,74.578,0.030916
18.362,74.601,0.025405
18.362,74.623,0.026413
18.362,74.692,0.00080651
18.362,74.699,0.00013442
18.362,74.716,0.034411
18.362,74.766,0.0070569
18.362,74.776,0.015391
18.362,74.797,0.0031588
18.362,75.649,0.079911
18.362,74.496,0.021843
18.362,74.579,0.0070569
18.362,74.601,0.028295
18.362,74.623,0.012501
18.362,74.692,0.0019491
18.362,74.699,0.00047046
18.362,74.767,0.0038309
18.362,74.776,0.015727
18.362,74.797,0.0089388
18.362,75.646,0.090261
18.362,75.647,0.090396
18.362,75.653,0.074535
18.362,75.664,0.058404
18.363,74.429,0.048323
18.363,74.44,0.060354
18.363,74.48,0.060354
18.363,74.496,0.010283
18.363,74.579,0.066335
18.363,74.602,0.04093
18.363,74.623,0.012165
18.363,74.692,0.001613
18.363,74.7,0.00013442
18.363,74.717,0.056388
18.363,74.767,0.0079978
18.363,74.776,0.016399
18.363,74.793,0.05249
18.363,74.797,0.0070569
18.363,74.913,0.076551
18.363,74.496,0.029639
18.363,74.579,0.035419
18.363,74.58,0.060488
18.363,74.602,0.031521
18.363,74.615,0.040527
18.363,74.623,0.023187
18.363,74.678,0.12897
18.363,74.692,0.00067209
18.363,74.7,0.00060488
18.363,74.767,0.0044358
18.363,74.77,0.028295
18.363,74.777,0.018012
18.363,74.798,0.011224
18.363,74.825,0.044425
18.363,74.862,0.086699
18.363,74.902,0.078231
18.363,75.004,0.051684
18.363,75.067,0.040191
18.363,75.128,0.069158
18.363,74.496,0.015928
18.363,74.579,0.016063
18.363,74.602,0.034142
18.363,74.612,0.03468
18.363,74.624,0.019625
18.363,74.664,0.12541
18.363,74.693,0.0010081
18.363,74.701,0.00020163
18.363,74.763,0.0070569
18.363,74.768,0.010552
18.363,74.798,0.0047718
18.363,75.069,0.066268
18.363,75.659,0.077626
18.363,74.406,0.042207
18.363,74.429,0.048525
18.363,74.432,0.048323
18.363,74.484,0.05995
18.363,74.497,0.0054439
18.363,74.58,0.053498
18.363,74.603,0.026413
18.363,74.603,0.037032
18.363,74.612,0.041871
18.363,74.624,0.038645
18.363,74.693,0.0010081
18.363,74.701,0.00040325
18.363,74.763,0.014786
18.363,74.768,0.0092748
18.363,74.798,0.0079978
18.363,74.846,0.11284
18.364,74.431,0.063176
18.364,74.497,0.091538
18.364,74.58,0.043484
18.364,74.581,0.067881
18.364,74.624,0.016735
18.364,74.693,0.00060488
18.364,74.701,0.00013442
18.364,74.763,0.0047718
18.364,74.768,0.0079978
18.364,74.799,0.0044358
18.364,74.825,0.039586
18.364,75.15,0.040392
18.364,75.153,0.06237
18.364,74.497,0.079642
18.364,74.58,0.029303
18.364,74.599,0.074131
18.364,74.603,0.03347
18.364,74.624,0.033134
18.364,74.673,0.014114
18.364,74.694,0.00080651
18.364,74.697,0.031521
18.364,74.701,0.00047046
18.364,74.763,0.021238
18.364,74.769,0.0073258
18.364,74.799,0.0096109
18.364,74.828,0.046374
18.364,74.498,0.081255
18.364,74.603,0.029639
18.364,74.625,0.045769
18.364,74.694,0.00060488
18.364,74.702,0.09416
18.364,74.764,0.022851
18.364,74.769,0.010888
18.364,74.799,0.0047718
18.364,75.646,0.098125
18.364,74.498,0.066738
18.364,74.57,0.087304
18.364,74.581,0.025069
18.364,74.582,0.027421
18.364,74.604,0.033134
18.364,74.625,0.054103
18.364,74.694,0.0010081
18.364,74.702,0.00013442
18.364,74.764,0.0031588
18.364,74.769,0.01156
18.364,74.799,0.015391
18.364,74.935,0.032865
18.365,74.024,0.058404
18.365,74.138,0.087976
18.365,74.154,0.092681
18.365,74.155,0.083473
18.365,74.432,0.048659
18.365,74.498,0.049264
18.365,74.581,0.040258
18.365,74.604,0.032529
18.365,74.625,0.033134
18.365,74.643,0.045366
18.365,74.69,0.13798
18.365,74.694,0.0007393
18.365,74.702,0.00026884
18.365,74.764,0.0099469
18.365,74.769,0.010283
18.365,74.8,0.0092748
18.365,74.931,0.069292
18.365,75.148,0.021036
18.365,75.371,0.051684
18.365,75.465,0.077895
18.365,75.669,0.068486
18.365,74.215,0.060354
18.365,74.432,0.048525
18.365,74.433,0.04792
18.365,74.498,0.018348
18.365,74.546,0.041938
18.365,74.581,0.021843
18.365,74.594,0.042207
18.365,74.604,0.016735
18.365,74.626,0.037368
18.365,74.695,0.00067209
18.365,74.703,0.00013442
18.365,74.737,0.054103
18.365,74.764,0.0060488
18.365,74.77,0.0096109
18.365,74.8,0.0057127
18.365,74.823,0.037368
18.365,74.917,0.03636
18.365,75.621,0.042745
18.365,75.64,0.081928
18.365,75.653,0.12326
18.365,75.671,0.10814
18.365,74.239,0.047046
18.365,74.24,0.045433
18.365,74.499,0.011896
18.365,74.582,0.019289
18.365,74.582,0.027354
18.365,74.586,0.073123
18.365,74.626,0.038645
18.365,74.629,0.055514
18.365,74.637,0.053969
18.365,74.64,0.11378
18.365,74.662,0.0496
18.365,74.703,0.00033604
18.365,74.707,0.084145
18.365,74.765,0.034478
18.365,74.77,0.0079978
18.365,74.801,0.0057127
18.365,74.917,0.054103
18.366,74.401,0.060354
18.366,74.499,0.059614
18.366,74.582,0.022515
18.366,74.605,0.033134
18.366,74.626,0.042543
18.366,74.703,6.7209e-05
18.366,74.72,0.034411
18.366,74.765,0.0063848
18.366,74.77,0.010888
18.366,74.773,0.031521
18.366,74.801,0.014786
18.366,75.134,0.047382
18.366,74.499,0.02023
18.366,74.582,0.056388
18.366,74.595,0.052221
18.366,74.605,0.021843
18.366,74.626,0.061899
18.366,74.703,0.00013442
18.366,74.717,0.059614
18.366,74.765,0.019961
18.366,74.771,0.014786
18.366,74.801,0.0031588
18.366,74.499,0.037368
18.366,74.551,0.030244
18.366,74.582,0.0248
18.366,74.583,0.052154
18.366,74.605,0.024128
18.366,74.627,0.039317
18.366,74.704,0
18.366,74.766,0.018012
18.366,74.771,0.012165
18.366,74.801,0.018012
18.366,74.455,0.050205
18.366,74.5,0.012837
18.366,74.583,0.019289
18.366,74.585,0.063647
18.366,74.606,0.034478
18.366,74.615,0.06862
18.366,74.675,0.03347
18.366,74.682,0.035083
18.366,74.704,6.7209e-05
18.366,74.742,0.05249
18.366,74.766,0.015391
18.366,74.771,0.0079978
18.366,74.802,0.0092748
18.367,74.5,0.049264
18.367,74.596,0.068015
18.367,74.597,0.045097
18.367,74.604,0.048794
18.367,74.61,0.025741
18.367,74.704,0
18.367,74.842,0.042812
18.367,75.136,0.055044
18.367,75.263,0.068351
18.367,74.501,0.044156
18.367,74.583,0.019827
18.367,74.606,0.027354
18.367,74.638,0.034478
18.367,74.645,0.044022
18.367,74.704,0.00080651
18.367,74.766,0.0057127
18.367,74.771,0.0092748
18.367,74.802,0.0057127
18.367,74.848,0.12629
18.367,74.501,0.06284
18.367,74.583,0.025741
18.367,74.604,0.041871
18.367,74.606,0.036091
18.367,74.705,0.0012098
18.367,74.766,0.031857
18.367,74.772,0.010552
18.367,74.802,0.011224
18.367,74.917,0.028698
18.367,73.69,0.070704
18.367,74.418,0.047987
18.367,74.42,0.048659
18.367,74.501,0.034747
18.367,74.584,0.053834
18.367,74.606,0.036696
18.367,74.648,0.035419
18.367,74.705,0.00013442
18.367,74.75,0.092815
18.367,74.767,0.0054439
18.367,74.767,0.045433
18.367,74.772,0.0086699
18.367,74.785,0.04093
18.367,74.802,0.0076618
18.367,74.808,0.03636
18.367,74.974,0.10511
18.367,75.071,0.053901
18.367,75.091,0.049331
18.367,75.118,0.028026
18.368,74.501,0.18382
18.368,74.584,0.076416
18.368,74.585,0.067007
18.368,74.607,0.026682
18.368,74.634,0.044425
18.368,74.654,0.11997
18.368,74.705,6.7209e-05
18.368,74.767,0.0076618
18.368,74.772,0.012165
18.368,74.803,0.0063848
18.368,74.828,0.059614
18.368,74.84,0.054775
18.368,74.92,0.10377
18.368,75.169,0.059883
18.368,74.426,0.048525
18.368,74.502,0.069964
18.368,74.584,0.020902
18.368,74.607,0.099267
18.368,74.702,0.042543
18.368,74.706,6.7209e-05
18.368,74.757,0.077693
18.368,74.764,0.020566
18.368,74.767,0.012837
18.368,74.772,0.0073258
18.368,74.782,0.067679
18.368,74.803,0.0054439
18.368,74.917,0.10411
18.368,74.487,0.054103
18.368,74.502,0.059614
18.368,74.584,0.026077
18.368,74.607,0.0076618
18.368,74.706,6.7209e-05
18.368,74.768,0.010888
18.368,74.773,0.0092748
18.368,74.783,0.07319
18.368,74.803,0.0067209
18.368,74.871,0.048995
18.368,74.995,0.066402
18.369,74.422,0.04792
18.369,74.502,0.064453
18.369,74.585,0.014786
18.369,74.608,0.085422
18.369,74.665,0.038309
18.369,74.706,0.00020163
18.369,74.768,0.018348
18.369,74.773,0.010283
18.369,74.804,0.0051079
18.369,75.206,0.056052
18.369,75.655,0.091673
18.369,74.391,0.18812
18.369,74.442,0.048323
18.369,74.495,0.11768
18.369,74.502,0.047046
18.369,74.608,0.0040997
18.369,74.704,0.055044
18.369,74.706,6.7209e-05
18.369,74.768,0.012837
18.369,74.773,0.0092748
18.369,74.798,0.066402
18.369,74.804,0.0086699
18.369,74.805,0.079306
18.369,74.841,0.054103
18.369,75.048,0.036024
18.369,75.114,0.046643
18.369,75.159,0.034814
18.369,74.258,0.035755
18.369,74.503,0.037032
18.369,74.608,0.0040997
18.369,74.66,0.053162
18.369,74.707,0.00020163
18.369,74.765,0.05249
18.369,74.769,0.039922
18.369,74.774,0.014786
18.369,74.804,0.0063848
18.369,74.821,0.10061
18.369,75.299,0.041199
18.369,74.569,0.038645
18.369,74.608,0.0057127
18.369,74.654,0.038511
18.369,74.654,0.021036
18.369,74.707,0.00026884
18.369,74.769,0.01445
18.369,74.774,0.0099469
18.369,74.804,0.0073258
18.369,74.832,0.04671
18.369,74.953,0.10639
18.369,75.521,0.051684
18.369,75.654,0.10814
18.37,74.503,0.043484
18.37,74.569,0.038645
18.37,74.608,0.03058
18.37,74.609,0.014114
18.37,74.707,6.7209e-05
18.37,74.769,0.0083339
18.37,74.774,0.015391
18.37,74.805,0.0057127
18.37,74.96,0.054439
18.37,74.963,0.03468
18.37,75.668,0.083541
18.37,75.676,0.053028
18.37,74.426,0.048525
18.37,74.442,0.048659
18.37,74.457,0.048323
18.37,74.503,0.024128
18.37,74.509,0.048323
18.37,74.586,0.022515
18.37,74.609,0.03058
18.37,74.662,0.068956
18.37,74.707,6.7209e-05
18.37,74.753,0.05827
18.37,74.769,0.0099469
18.37,74.774,0.0086699
18.37,74.805,0.0083339
18.37,74.882,0.071846
18.37,74.371,0.056052
18.37,74.504,0.03058
18.37,74.504,0.034142
18.37,74.587,0.0496
18.37,74.609,0.019625
18.37,74.625,0.093487
18.37,74.708,0
18.37,74.77,0.0031588
18.37,74.775,0.01156
18.37,74.805,0.024464
18.37,74.916,0.10343
18.37,75.004,0.071846
18.37,75.661,0.074871
18.37,75.671,0.084616
18.371,74.439,0.048323
18.371,74.504,0.014786
18.371,74.587,0.015122
18.371,74.609,0.043484
18.371,74.708,0.00013442
18.371,74.758,0.0073258
18.371,74.759,0.046038
18.371,74.77,0.018953
18.371,74.775,0.0092748
18.371,74.806,0.0070569
18.371,74.842,0.058606
18.371,74.984,0.074467
18.371,75.249,0.036158
18.371,75.647,0.078567
18.371,75.647,0.074535
18.371,75.654,0.082936
18.371,75.661,0.096041
18.371,74.421,0.048525
18.371,74.504,0.058001
18.371,74.587,0.046038
18.371,74.61,0.012165
18.371,74.616,0.057665
18.371,74.656,0.034747
18.371,74.661,0.041938
18.371,74.682,0.038914
18.371,74.708,0.11768
18.371,74.775,0.0054439
18.371,74.806,0.0099469
18.371,74.812,0.032462
18.371,74.819,0.042543
18.371,75.063,0.041468
18.371,75.653,0.058404
18.371,74.354,0.042543
18.371,74.462,0.029505
18.371,74.504,0.017676
18.371,74.587,0.058337
18.371,74.606,0.053834
18.371,74.61,0.041199
18.371,74.709,0.00020163
18.371,74.771,0.0047718
18.371,74.776,0.016063
18.371,74.806,0.012501
18.371,74.89,0.061227
18.371,75.201,0.036158
18.371,75.653,0.081928
18.371,74.429,0.051213
18.371,74.505,0.053162
18.371,74.588,0.016063
18.371,74.61,0.032193
18.371,74.639,0.027556
18.371,74.653,0.020566
18.371,74.679,0.032462
18.371,74.709,0.00013442
18.371,74.771,0.018348
18.371,74.776,0.01445
18.371,74.806,0.013509
18.371,74.962,0.078634
18.371,75.646,0.072854
18.371,75.65,0.061765
18.371,75.656,0.076887
18.371,75.658,0.078567
18.371,75.665,0.095369
18.371,75.676,0.059077
18.372,74.46,0.037368
18.372,74.468,0.035755
18.372,74.505,0.037704
18.372,74.588,0.033134
18.372,74.611,0.03636
18.372,74.709,6.7209e-05
18.372,74.726,0.05249
18.372,74.77,0.044761
18.372,74.771,0.0092748
18.372,74.776,0.018012
18.372,74.807,0.015727
18.372,74.862,0.033604
18.372,74.93,0.04671
18.372,74.979,0.10088
18.372,75.911,0.04624
18.372,74.433,0.035083
18.372,74.437,0.048525
18.372,74.505,0.016735
18.372,74.535,0.051885
18.372,74.569,0.055716
18.372,74.574,0.045366
18.372,74.575,0.10747
18.372,74.588,0.22575
18.372,74.611,0.03058
18.372,74.633,0.044425
18.372,74.709,0.00013442
18.372,74.716,0.0248
18.372,74.771,0.034478
18.372,74.776,0.031521
18.372,74.807,0.0099469
18.372,74.86,0.11224
18.372,75.034,0.076685
18.372,74.292,0.053498
18.372,74.369,0.029505
18.372,74.422,0.052625
18.372,74.488,0.25378
18.372,74.506,0.018012
18.372,74.569,0.1615
18.372,74.588,0.054439
18.372,74.593,0.051549
18.372,74.611,0.041199
18.372,74.71,6.7209e-05
18.372,74.772,0.0086699
18.372,74.777,0.019289
18.372,74.807,0.019961
18.372,75.661,0.072249
18.372,75.675,0.089993
18.372,74.347,0.042207
18.372,74.438,0.048323
18.372,74.439,0.099603
18.372,74.506,0.044156
18.372,74.589,0.029639
18.372,74.611,0.048323
18.372,74.626,0.05538
18.372,74.64,0.056119
18.372,74.67,0.061899
18.372,74.71,6.7209e-05
18.372,74.728,0.044089
18.372,74.753,0.058337
18.372,74.772,0.0248
18.372,74.777,0.025741
18.372,74.808,0.0054439
18.373,74.506,0.06284
18.373,74.567,0.051213
18.373,74.589,0.036696
18.373,74.612,0.015391
18.373,74.654,0.033336
18.373,74.71,6.7209e-05
18.373,74.719,0.087708
18.373,74.772,0.010552
18.373,74.777,0.011224
18.373,74.808,0.0096109
18.373,75.31,0.066268
18.373,74.427,0.048323
18.373,74.506,0.03058
18.373,74.568,0.034478
18.373,74.573,0.020902
18.373,74.589,0.017004
18.373,74.612,0.0038309
18.373,74.623,0.046576
18.373,74.644,0.042207
18.373,74.677,0.044156
18.373,74.71,0.028967
18.373,74.711,0
18.373,74.772,0.01734
18.373,74.778,0.015727
18.373,74.808,0.0038309
18.373,74.85,0.067007
18.373,74.871,0.04093
18.373,74.884,0.058337
18.373,75.049,0.056724
18.373,74.507,0.036696
18.373,74.568,0.030916
18.373,74.612,0.10834
18.373,74.711,0.046374
18.373,74.721,0.067679
18.373,74.773,0.017004
18.373,74.778,0.012165
18.373,74.808,0.0076618
18.373,75.651,0.091807
18.373,75.659,0.096176
18.373,75.665,0.10384
18.373,75.673,0.068351
18.374,74.438,0.048525
18.374,74.507,0.014786
18.374,74.568,0.035755
18.374,74.59,0.018617
18.374,74.612,0.051213
18.374,74.711,6.7209e-05
18.374,74.773,0.0054439
18.374,74.778,0.01445
18.374,74.802,0.061899
18.374,74.809,0.0040997
18.374,74.864,0.072182
18.374,75.144,0.029774
18.374,74.429,0.048659
18.374,74.453,0.047987
18.374,74.46,0.048323
18.374,74.498,0.039922
18.374,74.507,0.024128
18.374,74.569,0.01445
18.374,74.613,0.034478
18.374,74.711,6.7209e-05
18.374,74.773,0.0083339
18.374,74.778,0.01734
18.374,74.809,0.0099469
18.374,74.842,0.068015
18.374,74.438,0.04792
18.374,74.507,0.037032
18.374,74.569,0.032529
18.374,74.569,0.044291
18.374,74.604,0.056724
18.374,74.613,0.010888
18.374,74.66,0.035419
18.374,74.665,0.028228
18.374,74.687,0.047046
18.374,74.701,0.062504
18.374,74.712,0
18.374,74.745,0.13475
18.374,74.774,0.0083339
18.374,74.779,0.013173
18.374,74.806,0.028967
18.374,74.809,0.0054439
18.374,74.946,0.040594
18.374,74.382,0.050877
18.374,74.437,0.04792
18.374,74.485,0.051213
18.374,74.508,0.037973
18.374,74.55,0.064722
18.374,74.564,0.034209
18.374,74.569,0.026077
18.374,74.613,0.030916
18.374,74.63,0.029639
18.374,74.64,0.061362
18.374,74.712,6.7209e-05
18.374,74.809,0.0067209
18.374,75.092,0.0094092
18.374,75.65,0.10948
18.374,75.673,0.10491
18.374,75.674,0.083608
18.374,75.71,0.054305
18.375,74.508,0.053162
18.375,74.614,0.0034949
18.375,74.712,6.7209e-05
18.375,74.749,0.038914
18.375,74.774,0.0047718
18.375,74.779,0.041199
18.375,74.81,0.0051079
18.375,75.19,0.040191
18.375,74.43,0.04792
18.375,74.508,0.037704
18.375,74.57,0.032529
18.375,74.614,0.01445
18.375,74.625,0.032193
18.375,74.649,0.021104
18.375,74.713,0
18.375,74.774,0.014786
18.375,74.779,0.012165
18.375,74.801,0.045433
18.375,74.81,0.013173
18.375,74.832,0.041535
18.375,75.663,0.081255
18.375,74.439,0.048323
18.375,74.509,0.029639
18.375,74.57,0.015391
18.375,74.614,0.032529
18.375,74.644,0.062101
18.375,74.648,0.038309
18.375,74.709,0.035419
18.375,74.713,0.00013442
18.375,74.775,0.013778
18.375,74.78,0.012501
18.375,74.81,0.0060488
18.375,74.832,0.045097
18.375,74.919,0.098125
18.375,75.135,0.048256
18.376,73.536,0.011358
18.376,74.489,0.06573
18.376,74.509,0.063176
18.376,74.57,0.014114
18.376,74.614,0.03058
18.376,74.624,0.029639
18.376,74.63,0.063781
18.376,74.644,0.056657
18.376,74.651,0.047315
18.376,74.713,6.7209e-05
18.376,74.775,0.0031588
18.376,74.78,0.0092748
18.376,74.809,0.029572
18.376,74.811,0.011224
18.376,75.139,0.034747
18.376,74.436,0.04792
18.376,74.486,0.03347
18.376,74.509,0.045433
18.376,74.51,0.064789
18.376,74.524,0.053498
18.376,74.571,0.031521
18.376,74.615,0.01445
18.376,74.638,0.041535
18.376,74.644,0.060555
18.376,74.713,0.00020163
18.376,74.775,0.016735
18.376,74.78,0.015727
18.376,74.811,0.017004
18.376,74.94,0.10088
18.376,74.429,0.04792
18.376,74.439,0.047987
18.376,74.457,0.038914
18.376,74.509,0.082196
18.376,74.541,0.059278
18.376,74.571,0.034478
18.376,74.615,0.026077
18.376,74.635,0.048995
18.376,74.714,6.7209e-05
18.376,74.766,0.084145
18.376,74.776,0.054103
18.376,74.781,0.018012
18.376,74.811,0.0057127
18.376,74.991,0.063714
18.376,74.995,0.11997
18.376,75.659,0.10814
18.376,74.431,0.053162
18.376,74.434,0.047987
18.376,74.446,0.048659
18.376,74.493,0.036091
18.376,74.51,0.25479
18.376,74.551,0.056724
18.376,74.56,0.031521
18.376,74.588,0.042543
18.376,74.615,0.015727
18.376,74.638,0.034344
18.376,74.692,0.10511
18.376,74.714,0.00026884
18.376,74.776,0.0099469
18.376,74.781,0.01734
18.376,74.811,0.0063848
18.376,74.945,0.054439
18.376,75.349,0.087304
18.377,74.433,0.052826
18.377,74.433,0.047853
18.377,74.51,0.055111
18.377,74.571,0.05706
18.377,74.589,0.02023
18.377,74.608,0.041535
18.377,74.609,0.047718
18.377,74.616,0.022179
18.377,74.655,0.049264
18.377,74.657,0.04214
18.377,74.686,0.046374
18.377,74.714,0.042812
18.377,74.776,0.0089388
18.377,74.781,0.016399
18.377,74.812,0.0031588
18.377,74.992,0.060622
18.377,74.435,0.048659
18.377,74.447,0.048323
18.377,74.496,0.044761
18.377,74.51,0.053498
18.377,74.555,0.043148
18.377,74.572,0.040594
18.377,74.608,0.055985
18.377,74.616,0.019625
18.377,74.636,0.04624
18.377,74.661,0.04046
18.377,74.714,0
18.377,74.725,0.044761
18.377,74.728,0.022179
18.377,74.776,0.018012
18.377,74.781,0.082196
18.377,74.812,0.0089388
18.377,74.838,0.037032
18.377,74.442,0.048525
18.377,74.446,0.048323
18.377,74.511,0.059614
18.377,74.511,0.080583
18.377,74.57,0.048928
18.377,74.572,0.04093
18.377,74.616,0.029303
18.377,74.631,0.042207
18.377,74.637,0.048928
18.377,74.665,0.038981
18.377,74.715,6.7209e-05
18.377,74.777,0.011224
18.377,74.782,0.013173
18.377,74.812,0.0038309
18.377,74.837,0.056724
18.377,74.897,0.05706
18.377,74.971,0.060891
18.378,74.429,0.047853
18.378,74.44,0.048659
18.378,74.488,0.067679
18.378,74.511,0.03058
18.378,74.616,0.023456
18.378,74.637,0.044963
18.378,74.664,0.059883
18.378,74.685,0.041065
18.378,74.715,0.00020163
18.378,74.774,0.0089388
18.378,74.782,0.01156
18.378,74.812,0.0083339
18.378,74.993,0.054036
18.378,75.15,0.061832
18.378,75.666,0.10814
18.378,75.671,0.068486
18.378,75.672,0.10948
18.378,75.673,0.089993
18.378,75.674,0.10209
18.378,75.677,0.074535
18.378,74.429,0.04792
18.378,74.511,0.050877
18.378,74.617,0.015727
18.378,74.715,6.7209e-05
18.378,74.775,0.0051079
18.378,74.782,0.013173
18.378,74.813,0.0047718
18.378,74.829,0.059883
18.378,75.004,0.095369
18.378,75.162,0.055783
18.378,75.659,0.12158
18.378,74.511,0.062168
18.378,74.573,0.022851
18.378,74.573,0.017676
18.378,74.603,0.036696
18.378,74.615,0.056052
18.378,74.617,0.0038309
18.378,74.716,0.00013442
18.378,74.749,0.036024
18.378,74.775,0.033134
18.378,74.782,0.025069
18.378,74.813,0.014114
18.378,75.005,0.087976
18.378,75.006,0.09873
18.378,74.512,0.068956
18.378,74.573,0.022179
18.378,74.617,0.015391
18.378,74.716,0.00020163
18.378,74.775,0.0063848
18.378,74.782,0.010283
18.378,74.813,0.0079978
18.378,74.897,0.041468
18.378,74.917,0.029505
18.379,74.512,0.080583
18.379,74.573,0.041199
18.379,74.595,0.018617
18.379,74.618,0.032529
18.379,74.716,0.00033604
18.379,74.776,0.013173
18.379,74.783,0.010888
18.379,74.8,0.0047718
18.379,74.394,0.051885
18.379,74.436,0.048525
18.379,74.512,0.064117
18.379,74.574,0.04093
18.379,74.595,0.013509
18.379,74.608,0.054506
18.379,74.615,0.0578
18.379,74.618,0.035419
18.379,74.648,0.044022
18.379,74.658,0.036024
18.379,74.662,0.035486
18.379,74.716,0.00053767
18.379,74.776,0.0070569
18.379,74.784,0.018617
18.379,74.801,0.0096109
18.379,74.868,0.10606
18.379,74.935,0.089589
18.379,74.291,0.057329
18.379,74.513,0.031857
18.379,74.534,0.052961
18.379,74.552,0.093756
18.379,74.574,0.022851
18.379,74.595,0.024464
18.379,74.609,0.034344
18.379,74.616,0.047046
18.379,74.653,0.041938
18.379,74.717,0.00040325
18.379,74.776,0.0054439
18.379,74.784,0.025741
18.379,74.801,0.0054439
18.379,74.828,0.051818
18.379,74.437,0.04792
18.379,74.467,0.036024
18.379,74.513,0.047046
18.379,74.552,0.03925
18.379,74.574,0.032193
18.379,74.596,0.020566
18.379,74.61,0.043484
18.379,74.618,0.014114
18.379,74.652,0.03757
18.379,74.653,0.030042
18.379,74.717,6.7209e-05
18.379,74.776,0.0089388
18.379,74.784,0.0070569
18.379,74.801,0.012165
18.379,74.814,0.037704
18.379,74.916,0.11184
18.379,75.023,0.068015
18.379,75.964,0.05706
18.38,74.461,0.029303
18.38,74.513,0.02769
18.38,74.574,0.021574
18.38,74.596,0.017676
18.38,74.609,0.042543
18.38,74.609,0.050071
18.38,74.619,0.022851
18.38,74.656,0.069292
18.38,74.661,0.16701
18.38,74.718,0.00040325
18.38,74.777,0.022179
18.38,74.784,0.015727
18.38,74.801,0.0070569
18.38,74.919,0.038981
18.38,74.939,0.098663
18.38,74.513,0.071577
18.38,74.591,0.028631
18.38,74.596,0.018012
18.38,74.619,0.034478
18.38,74.654,0.032932
18.38,74.655,0.12413
18.38,74.66,0.10054
18.38,74.718,0.00020163
18.38,74.718,0.053162
18.38,74.771,0.034411
18.38,74.776,0.013509
18.38,74.785,0.020902
18.38,74.802,0.0051079
18.38,74.835,0.065125
18.38,74.298,0.0744
18.38,74.436,0.048525
18.38,74.514,0.063781
18.38,74.575,0.018953
18.38,74.596,0.014786
18.38,74.61,0.053834
18.38,74.619,0.0248
18.38,74.666,0.098327
18.38,74.676,0.04093
18.38,74.718,6.7209e-05
18.38,74.726,0.034747
18.38,74.76,0.019625
18.38,74.768,0.045097
18.38,74.785,0.0060488
18.38,74.802,0.0038309
18.38,75.032,0.03683
18.38,75.653,0.075207
18.381,74.514,0.037973
18.381,74.575,0.039922
18.381,74.597,0.021238
18.381,74.61,0.034613
18.381,74.619,0.0083339
18.381,74.707,0.025741
18.381,74.718,0.00020163
18.381,74.737,0.059614
18.381,74.754,0.068015
18.381,74.767,0.024464
18.381,74.777,0.0054439
18.381,74.785,0.022179
18.381,74.802,0.0047718
18.381,74.991,0.07319
18.381,75.041,0.073795
18.381,74.514,0.076685
18.381,74.576,0.037032
18.381,74.597,0.02769
18.381,74.62,0.0028228
18.381,74.661,0.10216
18.381,74.668,0.053767
18.381,74.719,0.00026884
18.381,74.786,0.015727
18.381,74.786,0.056388
18.381,74.802,0.0054439
18.381,75.004,0.047382
18.381,74.433,0.048525
18.381,74.459,0.052221
18.381,74.514,0.027354
18.381,74.576,0.048323
18.381,74.597,0.035083
18.381,74.611,0.047785
18.381,74.62,0.0051079
18.381,74.719,0
18.381,74.786,0.0063848
18.381,74.803,0.0073258
18.381,74.994,0.053767
18.381,75.027,0.11755
18.381,75.227,0.060354
18.381,76.215,0.051885
18.381,74.515,0.033134
18.381,74.576,0.022851
18.381,74.597,0.016735
18.381,74.62,0.022179
18.381,74.633,0.057329
18.381,74.719,0.00026884
18.381,74.731,0.0248
18.381,74.786,0.018617
18.381,74.803,0.0034949
18.381,74.971,0.044761
18.381,75.999,0.042812
18.382,74.515,0.063781
18.382,74.564,0.05538
18.382,74.576,0.041871
18.382,74.621,0.10545
18.382,74.719,6.7209e-05
18.382,74.786,0.015727
18.382,75.275,0.022448
18.382,75.351,0.0051079
18.382,74.434,0.034142
18.382,74.515,0.016735
18.382,74.529,0.032865
18.382,74.551,0.063176
18.382,74.577,0.040258
18.382,74.598,0.018953
18.382,74.621,0.041199
18.382,74.688,0.054439
18.382,74.711,0.12091
18.382,74.72,6.7209e-05
18.382,74.787,0.012165
18.382,74.804,0.0083339
18.382,74.824,0.027959
18.382,74.825,0.046374
18.382,74.829,0.027354
18.382,75.03,0.073123
18.382,75.326,0.034747
18.382,74.331,0.037032
18.382,74.516,0.0079978
18.382,74.577,0.019289
18.382,74.629,0.042207
18.382,74.631,0.065394
18.382,74.72,0.00013442
18.382,74.787,0.032193
18.382,74.804,0.0044358
18.382,74.927,0.080247
18.382,75.072,0.040594
18.382,75.525,0.02144
18.383,74.516,0.041199
18.383,74.561,0.044761
18.383,74.577,0.021843
18.383,74.599,0.030244
18.383,74.621,0.077357
18.383,74.72,0.00020163
18.383,74.787,0.038645
18.383,74.804,0.0040997
18.383,74.958,0.038309
18.383,74.978,0.10478
18.383,74.516,0.019625
18.383,74.578,0.020566
18.383,74.582,0.013509
18.383,74.588,0.071443
18.383,74.622,0.04093
18.383,74.721,0.00020163
18.383,74.787,0.058337
18.383,74.804,0.0054439
18.383,74.823,0.038309
18.383,75.039,0.10189
18.383,74.516,0.029908
18.383,74.578,0.0248
18.383,74.622,0.0022179
18.383,74.653,0.048592
18.383,74.721,0.00013442
18.383,74.788,0.041199
18.383,74.805,0.0047718
18.383,74.871,0.057329
18.383,74.517,0.0067209
18.383,74.549,0.048928
18.383,74.578,0.021238
18.383,74.599,0.014786
18.383,74.623,0.059883
18.383,74.636,0.061227
18.383,74.652,0.023456
18.383,74.662,0.074131
18.383,74.721,6.7209e-05
18.384,74.578,0.022851
18.384,74.623,0.021574
18.384,74.624,0.039586
18.384,74.64,0.1244
18.384,74.651,0.052154
18.384,74.721,0.00020163
18.384,74.738,0.0014786
18.384,75.296,0.041938
18.384,75.659,0.10814
18.384,74.544,0.060421
18.384,74.567,0.0067209
18.384,74.579,0.010552
18.384,74.583,0.015391
18.384,74.623,0.028631
18.384,74.665,0.034142
18.384,74.722,0.00033604
18.384,74.909,0.094697
18.384,75.316,0.043014
18.384,74.413,0.051684
18.384,74.514,0.058942
18.384,74.579,0.35513
18.384,74.584,0.022515
18.384,74.623,0.029639
18.384,74.654,0.033739
18.384,74.672,0.055044
18.384,74.722,0.00013442
18.384,74.899,0.095369
18.384,74.957,0.07319
18.384,75.506,0.055044
18.384,74.486,0.040527
18.384,74.562,0.05249
18.384,74.579,0.032193
18.384,74.584,0.058942
18.384,74.623,0.0054439
18.384,74.722,6.7209e-05
18.384,74.767,0.12091
18.384,75.103,0.053969
18.385,74.43,0.066402
18.385,74.579,0.014786
18.385,74.624,0.029303
18.385,74.656,0.096041
18.385,74.66,0.041468
18.385,74.722,0.00013442
18.385,74.807,0.055447
18.385,74.865,0.10189
18.385,74.918,0.070569
18.385,74.58,0.015727
18.385,74.584,0.023792
18.385,74.624,0.022179
18.385,74.626,0.067007
18.385,74.688,0.028295
18.385,74.723,0.00020163
18.385,74.793,0.078298
18.385,74.809,0.062504
18.385,74.847,0.094697
18.385,74.58,0.011224
18.385,74.585,0.01156
18.385,74.624,0.036696
18.385,74.723,0.056052
18.385,74.754,0.028631
18.386,74.511,0.067679
18.386,74.579,0.055716
18.386,74.58,0.015727
18.386,74.605,0.036696
18.386,74.624,0.048323
18.386,74.721,0.03058
18.386,74.723,0.00013442
18.386,74.792,0.083473
18.386,75.164,0.047718
18.386,74.495,0.069964
18.386,74.581,0.011224
18.386,74.625,0.0022179
18.386,74.724,0.00013442
18.386,75.117,0.069628
18.386,75.344,0.070502
18.386,74.581,0.022851
18.386,74.586,0.01156
18.386,74.595,0.091202
18.386,74.621,0.0496
18.386,74.625,0.066671
18.386,74.63,0.054439
18.386,74.636,0.063512
18.386,74.665,0.065058
18.386,74.672,0.042476
18.386,74.679,0.026077
18.386,74.724,0.00013442
18.386,74.791,0.039922
18.386,74.814,0.01445
18.386,74.833,0.033806
18.386,75.285,0.036629
18.386,74.581,0.020566
18.386,74.586,0.06284
18.386,74.625,0.015391
18.386,74.724,0.00020163
18.386,74.776,0.037637
18.386,75.004,0.10747
18.386,75.014,0.080583
18.387,74.581,0.035083
18.387,74.586,0.0248
18.387,74.626,0.023792
18.387,74.663,0.040258
18.387,74.668,0.028967
18.387,74.724,0.00040325
18.387,74.857,0.089321
18.387,74.935,0.078634
18.387,75.004,0.081928
18.387,75.011,0.089321
18.387,75.05,0.076215
18.387,75.121,0.077223
18.387,74.481,0.032529
18.387,74.492,0.042543
18.387,74.504,0.056119
18.387,74.505,0.06284
18.387,74.582,0.034142
18.387,74.586,0.015122
18.387,74.618,0.037637
18.387,74.626,0.041871
18.387,74.725,0.00013442
18.387,75.149,0.027488
18.387,74.544,0.047315
18.387,74.582,0.018012
18.387,74.587,0.011896
18.387,74.626,0.040258
18.387,74.654,0.050003
18.387,74.662,0.03058
18.387,74.664,0.031991
18.387,74.675,0.040392
18.387,74.725,0.00013442
18.387,74.807,0.053498
18.387,74.521,0.017004
18.387,74.582,0.018012
18.387,74.587,0.0089388
18.387,74.609,0.048659
18.387,74.626,0.019289
18.387,74.667,0.12413
18.387,74.725,0.00013442
18.387,74.838,0.093151
18.387,74.839,0.037032
18.387,74.976,0.0744
18.388,74.504,0.060286
18.388,74.514,0.075543
18.388,74.521,0.059614
18.388,74.582,0.010283
18.388,74.587,0.016735
18.388,74.627,0.0057127
18.388,74.644,0.10962
18.388,74.655,0.036763
18.388,74.674,0.030916
18.388,74.726,0.00013442
18.388,74.762,0.078634
18.388,74.522,0.021574
18.388,74.566,0.0496
18.388,74.583,0.02023
18.388,74.587,0.026077
18.388,74.606,0.038914
18.388,74.627,0.020566
18.388,74.634,0.053834
18.388,74.646,0.047718
18.388,74.675,0.035419
18.388,74.726,0.00013442
18.388,74.789,0.058001
18.388,74.905,0.075207
18.388,74.076,0.018012
18.388,74.522,0.019961
18.388,74.583,0.051885
18.388,74.588,0.042207
18.388,74.627,0.022851
18.388,74.674,0.039317
18.388,74.726,0.00026884
18.388,74.822,0.10061
18.388,75.003,0.077895
18.388,75.202,0.047785
18.389,74.522,0.025741
18.389,74.561,0.037973
18.389,74.565,0.046374
18.389,74.583,0.051885
18.389,74.588,0.051213
18.389,74.627,0.027354
18.389,74.631,0.058942
18.389,74.644,0.040796
18.389,74.646,0.023926
18.389,74.672,0.034276
18.389,74.726,0.00013442
18.389,74.828,0.054775
18.389,74.151,0.057396
18.389,74.432,0.10061
18.389,74.456,0.093151
18.389,74.522,0.043484
18.389,74.584,0.053834
18.389,74.588,0.045097
18.389,74.628,0.010552
18.389,74.668,0.157
18.389,74.674,0.027354
18.389,74.727,0.00013442
18.389,74.844,0.041199
18.389,74.922,0.047046
18.389,74.434,0.054439
18.389,74.493,0.040258
18.389,74.523,0.030244
18.389,74.584,0.021843
18.389,74.589,0.056388
18.389,74.627,0.032193
18.389,74.633,0.055716
18.389,74.708,0.068351
18.389,74.727,0.00013442
18.389,74.824,0.088648
18.389,74.847,0.046979
18.389,75.213,0.039855
18.389,74.523,0.010283
18.389,74.584,0.033134
18.389,74.589,0.028026
18.389,74.627,0.051213
18.389,74.676,0.051549
18.389,74.727,0.00013442
18.389,74.748,0.060891
18.389,74.863,0.074131
18.389,74.927,0.10511
18.389,75.014,0.10814
18.389,75.016,0.10881
18.389,75.022,0.10881
18.39,74.493,0.040258
18.39,74.523,0.022851
18.39,74.584,0.065125
18.39,74.589,0.013509
18.39,74.627,0.03636
18.39,74.728,0.00020163
18.39,74.756,0.068956
18.39,74.776,0.061899
18.39,74.808,0.076416
18.39,74.867,0.075879
18.39,74.524,0.01156
18.39,74.538,0.053498
18.39,74.585,0.054439
18.39,74.589,0.0073258
18.39,74.613,0.038309
18.39,74.627,0.03058
18.39,74.655,0.09873
18.39,74.708,0.058001
18.39,74.728,0.013509
18.39,74.826,0.037637
18.39,75.26,0.028228
18.39,75.281,0.040527
18.39,74.444,0.048525
18.39,74.524,0.034478
18.39,74.585,0.058942
18.39,74.59,0.36058
18.39,74.628,0.03058
18.39,74.632,0.10189
18.39,74.669,0.13186
18.39,74.728,0.00013442
18.39,74.824,0.092815
18.39,74.845,0.03636
18.39,74.89,0.10411
18.39,75.123,0.11688
18.39,75.228,0.012501
18.391,74.402,0.048323
18.391,74.524,0.011896
18.391,74.585,0.060286
18.391,74.59,0.076685
18.391,74.594,0.065125
18.391,74.652,0.063781
18.391,74.654,0.036158
18.391,74.725,0.033806
18.391,74.728,0.00013442
18.391,74.756,0.098663
18.391,75.025,0.11755
18.391,75.127,0.039855
18.391,75.863,0.043215
18.391,74.524,0.02023
18.391,74.586,0.039922
18.391,74.59,0.021238
18.391,74.669,0.027959
18.391,74.729,0.00013442
18.391,74.767,0.051549
18.391,75.21,0.039855
18.391,74.525,0.0248
18.391,74.586,0.05995
18.391,74.591,0.051213
18.391,74.729,0.00026884
18.391,74.837,0.058942
18.391,74.963,0.086699
18.391,74.525,0.020566
18.391,74.569,0.023456
18.391,74.586,0.011224
18.391,74.591,0.17481
18.391,74.729,0.00013442
18.391,75.183,0.047987
18.391,75.659,0.09174
18.391,76.207,0.034613
18.392,74.525,0.015727
18.392,74.586,0.016399
18.392,74.591,0.091874
18.392,74.674,0.059614
18.392,74.729,0.00026884
18.392,75.304,0.047181
18.392,74.526,0.018617
18.392,74.587,0.034747
18.392,74.591,0.017004
18.392,74.624,0.039653
18.392,74.73,0.00013442
18.392,74.795,0.035083
18.392,74.851,0.051751
18.392,74.526,0.023792
18.392,74.573,0.108
18.392,74.587,0.034478
18.392,74.592,0.042207
18.392,74.644,0.033134
18.392,74.73,0.00026884
18.392,75.124,0.11755
18.392,74.526,0.028631
18.392,74.587,0.016399
18.392,74.648,0.068956
18.392,74.73,0.00013442
18.392,74.747,0.10028
18.392,74.799,0.068015
18.392,74.818,0.086699
18.392,75.107,0.073526
18.392,75.115,0.076215
18.392,75.136,0.075207
18.393,74.443,0.04792
18.393,74.526,0.03058
18.393,74.588,0.058942
18.393,74.588,0.052221
18.393,74.589,0.05249
18.393,74.592,0.016735
18.393,74.731,0.036091
18.393,74.827,0.035419
18.393,75.015,0.097386
18.393,75.023,0.09174
18.393,75.668,0.076954
18.393,75.668,0.085288
18.393,75.677,0.07682
18.393,74.349,0.038645
18.393,74.526,0.037368
18.393,74.527,0.021843
18.393,74.588,0.038981
18.393,74.593,0.048995
18.393,74.611,0.067343
18.393,74.655,0.036763
18.393,74.696,0.10283
18.393,74.731,0.00020163
18.393,74.869,0.071241
18.393,74.527,0.017676
18.393,74.527,0.022851
18.393,74.547,0.045702
18.393,74.588,0.025069
18.393,74.593,0.018617
18.393,74.731,6.7209e-05
18.393,75.032,0.027556
18.393,75.125,0.075207
18.394,74.324,0.037704
18.394,74.444,0.048323
18.394,74.564,0.075946
18.394,74.588,0.034478
18.394,74.593,0.02769
18.394,74.648,0.025405
18.394,74.715,0.03347
18.394,74.731,0.024464
18.394,74.731,0.00026884
18.394,74.817,0.032462
18.394,74.528,0.024464
18.394,74.546,0.0537
18.394,74.589,0.016399
18.394,74.593,0.023187
18.394,74.621,0.0207
18.394,74.643,0.037973
18.394,74.732,0.00026884
18.394,74.857,0.050877
18.394,74.927,0.072854
18.394,75.123,0.12158
18.394,75.201,0.023994
18.394,74.444,0.048323
18.394,74.528,0.02023
18.394,74.572,0.037368
18.394,74.589,0.026682
18.394,74.594,0.048323
18.394,74.732,0.00026884
18.394,74.769,0.048928
18.394,75.115,0.074535
18.394,75.642,0.081255
18.394,74.528,0.14188
18.394,74.589,0.025069
18.394,74.594,0.054439
18.394,74.646,0.053834
18.394,74.673,0.035419
18.394,74.676,0.10054
18.394,74.732,0.00033604
18.394,74.889,0.10478
18.394,74.958,0.05417
18.394,75.125,0.063109
18.395,74.528,0.15478
18.395,74.544,0.05249
18.395,74.589,0.034478
18.395,74.594,0.011224
18.395,74.596,0.03925
18.395,74.603,0.04214
18.395,74.659,0.10283
18.395,74.733,0.00060488
18.395,74.922,0.053498
18.395,74.946,0.040594
18.395,74.529,0.054103
18.395,74.59,0.01445
18.395,74.594,0.027354
18.395,74.602,0.039384
18.395,74.716,0.09799
18.395,74.733,0.00033604
18.395,74.781,0.099603
18.395,74.876,0.063781
18.395,74.881,0.046038
18.395,74.947,0.03347
18.395,75.123,0.063445
18.395,74.529,0.21608
18.395,74.59,0.016399
18.395,74.595,0.01445
18.395,74.648,0.068956
18.395,74.675,0.037368
18.395,74.733,0.02023
18.395,74.733,0.00047046
18.395,74.83,0.05706
18.396,74.46,0.028631
18.396,74.529,0.050272
18.396,74.59,0.0079978
18.396,74.595,0.018012
18.396,74.643,0.034613
18.396,74.734,0.00020163
18.396,74.9,0.066738
18.396,74.995,0.043551
18.396,75.004,0.10814
18.396,74.529,0.042543
18.396,74.591,0.041871
18.396,74.595,0.056724
18.396,74.678,0.093151
18.396,74.7,0.096982
18.396,74.734,0.00026884
18.396,75.668,0.078298
18.396,74.53,0.027354
18.396,74.53,0.016735
18.396,74.591,0.041871
18.396,74.596,0.011896
18.396,74.734,0.00020163
18.396,74.769,0.043148
18.396,74.444,0.048323
18.396,74.53,0.014786
18.396,74.553,0.060421
18.396,74.591,0.027354
18.396,74.596,0.015727
18.396,74.734,0.00026884
18.396,74.937,0.036091
18.397,74.542,0.038914
18.397,74.591,0.020902
18.397,74.735,0.00026884
18.397,74.881,0.069964
18.397,74.953,0.054775
18.397,75.105,0.01445
18.397,74.531,0.016735
18.397,74.547,0.05827
18.397,74.592,0.042543
18.397,74.596,0.028967
18.397,74.7,0.12736
18.397,74.735,0.00020163
18.397,75.009,0.077223
18.397,75.023,0.081928
18.397,74.474,0.040527
18.397,74.531,0.01156
18.397,74.549,0.03636
18.397,74.592,0.027354
18.397,74.597,0.0248
18.397,74.652,0.041535
18.397,74.659,0.034949
18.397,74.679,0.059614
18.397,74.735,0.00020163
18.397,75.075,0.043887
18.398,74.48,0.055447
18.398,74.592,0.034747
18.398,74.597,0.025405
18.398,74.644,0.037637
18.398,74.66,0.043417
18.398,74.731,0.10054
18.398,74.736,0.00020163
18.398,74.907,0.075207
18.398,74.446,0.048525
18.398,74.531,0.15801
18.398,74.531,0.019961
18.398,74.572,0.073459
18.398,74.593,0.025069
18.398,74.597,0.039922
18.398,74.652,0.035822
18.398,74.736,0.00013442
18.398,74.786,0.048659
18.398,75.104,0.050138
18.398,74.532,0.018617
18.398,74.593,0.013778
18.398,74.597,0.012165
18.398,74.628,0.056388
18.398,74.66,0.036427
18.398,74.736,0.00026884
18.398,74.917,0.027556
18.398,74.445,0.048659
18.398,74.532,0.023456
18.398,74.593,0.027018
18.398,74.598,0.020902
18.398,74.646,0.043484
18.398,74.736,0.00033604
18.398,74.953,0.078634
18.398,75.013,0.040258
18.398,75.258,0.040997
18.398,75.326,0.084683
18.399,74.532,0.023187
18.399,74.593,0.022179
18.399,74.598,0.041199
18.399,74.631,0.10122
18.399,74.737,0.00026884
18.399,74.532,0.0070569
18.399,74.594,0.018953
18.399,74.598,0.028026
18.399,74.648,0.03058
18.399,74.649,0.027556
18.399,74.737,0.0020835
18.399,75.12,0.089993
18.399,75.121,0.075207
18.399,75.296,0.054439
18.399,74.531,0.043753
18.399,74.533,0.013778
18.399,74.57,0.039922
18.399,74.571,0.048592
18.399,74.594,0.020566
18.399,74.599,0.035755
18.399,74.648,0.026615
18.399,74.66,0.029169
18.399,74.737,0.0012098
18.399,74.838,0.075072
18.399,75.123,0.11755
18.399,74.533,0.014114
18.399,74.586,0.038645
18.399,74.594,0.019625
18.399,74.599,0.01156
18.399,74.636,0.062504
18.399,74.656,0.039922
18.399,74.737,0.0011425
18.399,74.849,0.055044
18.399,74.919,0.036696
18.399,75.616,0.058539
18.4,74.368,0.040594
18.4,74.492,0.026682
18.4,74.594,0.034142
18.4,74.599,0.036696
18.4,74.623,0.04382
18.4,74.627,0.028967
18.4,74.649,0.061093
18.4,74.738,0.0011425
18.4,74.957,0.05417
18.4,75.272,0.048659
18.4,74.492,0.0067209
18.4,74.595,0.016735
18.4,74.599,0.041871
18.4,74.624,0.039653
18.4,74.682,0.070569
18.4,74.738,0.0016802
18.4,74.739,0.037973
18.4,75.016,0.091874
18.4,75.121,0.075207
18.4,75.285,0.036024
18.4,74.492,0.030916
18.4,74.595,0.026682
18.4,74.6,0.012501
18.4,74.603,0.034747
18.4,74.649,0.039519
18.4,74.738,0.081255
18.4,74.848,0.073795
18.4,75.022,0.095369
18.4,75.165,0.047113
18.4,75.191,0.021372
18.401,74.493,0.018617
18.401,74.595,0.024128
18.401,74.6,0.019625
18.401,74.616,0.044559
18.401,74.626,0.14026
18.401,74.636,0.043282
18.401,74.66,0.041199
18.401,74.718,0.092815
18.401,74.739,0.00013442
18.401,74.977,0.028093
18.401,75.006,0.081928
18.401,75.009,0.075207
18.401,74.493,0.013509
18.401,74.6,0.0089388
18.401,74.603,0.036024
18.401,74.617,0.029841
18.401,74.617,0.041065
18.401,74.662,0.034478
18.401,74.739,0.0017474
18.401,74.812,0.027623
18.401,74.83,0.13798
18.401,74.889,0.045433
18.401,74.898,0.035083
18.401,74.493,0.023456
18.401,74.596,0.026413
18.401,74.596,0.032529
18.401,74.601,0.017004
18.401,74.617,0.035486
18.401,74.648,0.051885
18.401,74.739,0.077693
18.401,74.81,0.075072
18.401,74.945,0.084414
18.401,75.006,0.081928
18.401,75.053,0.073526
18.401,75.101,0.0537
18.401,74.493,0.033134
18.401,74.596,0.028026
18.401,74.601,0.028026
18.401,74.617,0.050743
18.401,74.649,0.040392
18.401,74.663,0.041938
18.401,74.683,0.07151
18.401,74.739,0.0011425
18.401,74.805,0.0496
18.402,74.165,0.089858
18.402,74.442,0.04792
18.402,74.494,0.0248
18.402,74.596,0.014786
18.402,74.601,0.025405
18.402,74.612,0.049466
18.402,74.74,0.0007393
18.402,74.834,0.055447
18.402,75.264,0.066402
18.402,75.301,0.033873
18.402,74.494,0.019961
18.402,74.597,0.037032
18.402,74.601,0.034142
18.402,74.614,0.021776
18.402,74.649,0.039519
18.402,74.74,0.00060488
18.402,74.814,0.031252
18.402,74.467,0.031252
18.402,74.494,0.037032
18.402,74.502,0.04093
18.402,74.553,0.071846
18.402,74.597,0.042543
18.402,74.602,0.053162
18.402,74.74,0.0013442
18.402,75.036,0.055178
18.402,75.082,0.075207
18.402,74.494,0.017676
18.402,74.597,0.027354
18.402,74.602,0.03347
18.402,74.609,0.061563
18.402,74.614,0.051952
18.402,74.659,0.061227
18.402,74.741,0.0013442
18.403,74.495,0.019625
18.403,74.597,0.040258
18.403,74.602,0.029303
18.403,74.633,0.051079
18.403,74.685,0.057329
18.403,74.741,0.0049062
18.403,74.814,0.032798
18.403,75.003,0.11755
18.403,75.311,0.096445
18.403,74.399,0.072182
18.403,74.495,0.015122
18.403,74.598,0.017004
18.403,74.603,0.020902
18.403,74.681,0.11378
18.403,74.741,0.0040997
18.403,75.532,0.034881
18.403,74.495,0.050272
18.403,74.511,0.061832
18.403,74.598,0.037032
18.403,74.603,0.025405
18.403,74.622,0.053834
18.403,74.651,0.041199
18.403,74.651,0.045366
18.403,74.652,0.030244
18.403,74.653,0.053767
18.403,74.741,0.0022851
18.403,74.836,0.093824
18.403,74.957,0.053162
18.404,74.496,0.01734
18.404,74.598,0.026682
18.404,74.603,0.028026
18.404,74.623,0.061026
18.404,74.65,0.042342
18.404,74.651,0.04503
18.404,74.66,0.045769
18.404,74.742,0.0016802
18.404,74.805,0.036024
18.404,75.184,0.042409
18.404,74.496,0.015727
18.404,74.599,0.015391
18.404,74.603,0.032193
18.404,74.652,0.048122
18.404,74.742,0.0028228
18.404,74.496,0.02023
18.404,74.599,0.021238
18.404,74.604,0.017004
18.404,74.646,0.053834
18.404,74.682,0.1193
18.404,74.687,0.12864
18.404,74.742,0.001613
18.404,75.302,0.037637
18.404,74.397,0.056724
18.404,74.448,0.048323
18.404,74.496,0.012501
18.404,74.588,0.030916
18.404,74.599,0.016399
18.404,74.604,0.024464
18.404,74.621,0.040124
18.404,74.653,0.037503
18.404,74.669,0.029236
18.404,74.718,0.10518
18.404,74.743,0.0024195
18.404,75.101,0.055044
18.404,75.155,0.051952
18.405,74.484,0.050608
18.405,74.497,0.023792
18.405,74.599,0.038309
18.405,74.604,0.0089388
18.405,74.621,0.038175
18.405,74.691,0.044425
18.405,74.743,0.001613
18.405,74.793,0.051885
18.405,74.887,0.075207
18.405,74.497,0.035419
18.405,74.6,0.031521
18.405,74.604,0.019625
18.405,74.621,0.054305
18.405,74.622,0.029975
18.405,74.66,0.047046
18.405,74.683,0.084078
18.405,74.743,0.0023523
18.405,74.755,0.045433
18.405,74.988,0.085691
18.405,75.039,0.095705
18.405,73.597,0.27549
18.405,74.497,0.026413
18.405,74.583,0.026077
18.405,74.605,0.012501
18.405,74.629,0.049936
18.405,74.743,0.0015458
18.405,74.748,0.03347
18.406,73.682,0.079508
18.406,74.498,0.015122
18.406,74.584,0.048323
18.406,74.605,0.018953
18.406,74.619,0.035621
18.406,74.637,0.032462
18.406,74.639,0.02816
18.406,74.744,0.0015458
18.406,74.799,0.063781
18.406,74.94,0.076349
18.406,75.119,0.10538
18.406,75.153,0.078567
18.406,74.337,0.061899
18.406,74.468,0.47712
18.406,74.498,0.010888
18.406,74.584,0.025741
18.406,74.605,0.034142
18.406,74.619,0.041535
18.406,74.684,0.11123
18.406,74.744,0.0018146
18.406,74.498,0.025069
18.406,74.572,0.046374
18.406,74.584,0.035419
18.406,74.744,0.0021507
18.406,74.897,0.051885
18.406,75.019,0.055716
18.406,75.183,0.025069
18.406,75.203,0.03058
18.406,73.757,0.063311
18.406,74.498,0.022179
18.406,74.606,0.048323
18.406,74.744,0.0019491
18.406,75.864,0.054305
18.407,74.584,0.014114
18.407,74.585,0.04093
18.407,74.606,0.024464
18.407,74.639,0.026346
18.407,74.711,0.041871
18.407,74.745,0.0020835
18.407,74.75,0.061227
18.407,74.761,0.060354
18.407,75.083,0.060421
18.407,74.585,0.026682
18.407,74.618,0.041065
18.407,74.62,0.039586
18.407,74.626,0.061899
18.407,74.745,0.0011425
18.407,75.089,0.089657
18.407,74.619,0.035621
18.407,74.62,0.037704
18.407,74.626,0.036696
18.407,74.657,0.040258
18.407,74.745,0.0019491
18.407,74.876,0.086094
18.407,74.954,0.070233
18.407,75.068,0.028765
18.407,74.533,0.036696
18.407,74.655,0.04093
18.407,74.686,0.086699
18.407,74.746,0.0019491
18.407,74.927,0.099267
18.408,74.663,0.090934
18.408,74.728,0.051684
18.408,74.746,0.0010753
18.408,74.764,0.051549
18.408,74.432,0.077021
18.408,74.567,0.020902
18.408,74.676,0.056388
18.408,74.746,0.0015458
18.408,74.833,0.056052
18.408,74.867,0.13153
18.408,74.501,0.018348
18.408,74.648,0.042678
18.408,74.746,0.0018818
18.408,74.933,0.03636
18.408,75.008,0.11755
18.408,75.129,0.046374
18.409,74.501,0.019961
18.409,74.635,0.03972
18.409,74.697,0.10827
18.409,74.747,0.0011425
18.409,75.019,0.086094
18.409,75.069,0.053834
18.409,74.501,0.029639
18.409,74.653,0.030042
18.409,74.747,0.0013442
18.409,74.852,0.056523
18.409,75.002,0.089657
18.409,74.422,0.053162
18.409,74.501,0.027354
18.409,74.57,0.042207
18.409,74.631,0.03636
18.409,74.651,0.0289
18.409,74.747,0.0011425
18.409,73.674,0.03058
18.409,74.502,0.015391
18.409,74.647,0.033672
18.409,74.65,0.038645
18.409,74.652,0.025875
18.409,74.656,0.037906
18.409,74.748,0.0013442
18.41,74.423,0.04792
18.41,74.502,0.011224
18.41,74.516,0.051549
18.41,74.553,0.054439
18.41,74.598,0.064789
18.41,74.648,0.027959
18.41,74.713,0.050272
18.41,74.725,0.055044
18.41,74.748,0.0010081
18.41,74.83,0.10283
18.41,74.84,0.034075
18.41,74.426,0.048525
18.41,74.502,0.029303
18.41,74.525,0.047987
18.41,74.571,0.076685
18.41,74.656,0.042342
18.41,74.748,0.0010753
18.41,74.959,0.040594
18.41,75.156,0.036763
18.41,74.502,0.0248
18.41,74.626,0.046374
18.41,74.655,0.053028
18.41,74.659,0.047651
18.41,74.748,0.0011425
18.41,74.765,0.019961
18.41,74.801,0.060891
18.41,75.042,0.064789
18.411,74.503,0.01734
18.411,74.569,0.047651
18.411,74.603,0.078634
18.411,74.61,0.046172
18.411,74.657,0.025674
18.411,74.749,0.0011425
18.411,74.855,0.042543
18.411,74.868,0.033806
18.411,74.303,0.069897
18.411,74.422,0.047987
18.411,74.503,0.02023
18.411,74.503,0.047046
18.411,74.571,0.051213
18.411,74.627,0.061832
18.411,74.749,0.0013442
18.411,74.503,0.019289
18.411,74.659,0.027623
18.411,74.689,0.05706
18.411,74.695,0.1199
18.411,74.749,0.0010753
18.411,74.753,0.034747
18.411,73.487,0.21608
18.411,74.504,0.026413
18.411,74.749,0.0018818
18.411,74.755,0.052154
18.412,74.504,0.018617
18.412,74.573,0.035083
18.412,74.61,0.030916
18.412,74.659,0.030042
18.412,74.661,0.056052
18.412,74.75,0.00087371
18.412,74.955,0.049264
18.412,75.081,0.040527
18.412,74.504,0.013778
18.412,74.75,0.0013442
18.412,74.991,0.072854
18.412,74.504,0.017676
18.412,74.739,0.055716
18.412,74.75,0.0022851
18.412,74.804,0.037032
18.412,74.903,0.029505
18.412,75.299,0.040863
18.413,74.505,0.01156
18.413,74.614,0.040258
18.413,74.622,0.041468
18.413,74.644,0.11123
18.413,74.689,0.0951
18.413,74.751,0.00087371
18.413,74.876,0.10962
18.413,75.008,0.096713
18.413,75.085,0.022851
18.413,74.505,0.020902
18.413,74.65,0.032529
18.413,74.866,0.047651
18.413,74.505,0.023187
18.413,74.42,0.047853
18.413,74.506,0.018617
18.413,74.622,0.037166
18.413,74.66,0.027959
18.413,74.669,0.040863
18.413,74.689,0.090261
18.413,74.756,0.040863
18.414,74.506,0.013509
18.414,74.802,0.047987
18.414,74.604,0.060891
18.414,74.608,0.071241
18.414,74.807,0.079911
18.414,75.122,0.11721
18.414,74.506,0.025069
18.414,74.758,0.036696
18.414,74.507,0.063781
18.414,74.581,0.038309
18.414,74.595,0.047046
18.414,74.696,0.077693
18.414,74.819,0.066066
18.414,75.084,0.12158
18.414,75.26,0.035217
18.415,74.616,0.061563
18.415,74.698,0.023792
18.415,74.806,0.041199
18.415,74.507,0.069964
18.415,74.921,0.03636
18.415,73.462,0.027623
18.415,74.209,0.078029
18.415,74.447,0.04792
18.415,74.466,0.12763
18.415,74.507,0.017676
18.415,74.559,0.061899
18.415,74.595,0.057329
18.415,74.761,0.03636
18.415,74.772,0.03636
18.415,74.824,0.11795
18.415,74.951,0.033806
18.416,74.236,0.25533
18.416,74.503,0.041199
18.416,74.508,0.013509
18.416,74.657,0.030849
18.416,74.882,0.062168
18.416,74.916,0.095235
18.416,75.29,0.067343
18.416,74.508,0.044156
18.416,74.626,0.036696
18.416,74.665,0.047382
18.416,74.295,0.051885
18.416,74.508,0.013173
18.416,74.6,0.080247
18.416,74.611,0.078029
18.416,74.676,0.06284
18.416,75.086,0.042476
18.416,75.111,0.054708
18.416,75.278,0.048189
18.416,76.105,0.022112
18.416,74.509,0.014114
18.416,74.761,0.043484
18.416,75.221,0.029572
18.417,73.728,0.072182
18.417,74.489,0.024733
18.417,74.825,0.092815
18.417,75.003,0.032798
18.417,74.509,0.01156
18.417,74.695,0.069964
18.417,74.7,0.084078
18.417,74.998,0.05417
18.417,74.509,0.013509
18.417,74.539,0.19672
18.417,74.559,0.03925
18.417,74.602,0.047987
18.417,74.834,0.061227
18.417,74.874,0.038981
18.417,74.917,0.097386
18.417,75.257,0.054977
18.417,75.66,0.073862
18.417,75.664,0.077895
18.417,75.676,0.083944
18.418,73.886,0.080583
18.418,74.422,0.048189
18.418,74.509,0.022179
18.418,74.542,0.030849
18.418,74.693,0.054775
18.418,74.751,0.0060488
18.418,74.861,0.042073
18.418,74.997,0.077895
18.418,74.417,0.061563
18.418,74.439,0.081726
18.418,74.51,0.019289
18.418,74.749,0.11634
18.418,74.767,0.045433
18.418,75.121,0.049735
18.418,74.09,0.089858
18.418,74.201,0.049936
18.418,74.216,0.083944
18.418,74.494,0.031387
18.418,74.495,0.022179
18.418,74.51,0.01445
18.418,74.534,0.043484
18.418,74.692,0.053162
18.418,74.739,0.086901
18.418,74.819,0.11862
18.418,74.825,0.10478
18.418,73.724,0.075072
18.418,74.51,0.019625
18.418,75.322,0.044761
18.419,74.331,0.060421
18.419,74.495,0.068419
18.419,74.566,0.059883
18.419,74.568,0.066738
18.419,74.707,0.051213
18.419,74.99,0.038981
18.419,74.639,0.045836
18.419,74.942,0.047718
18.419,74.992,0.077223
18.419,74.637,0.048995
18.419,74.639,0.037637
18.419,74.641,0.048323
18.419,74.868,0.082532
18.419,74.913,0.029908
18.419,75.069,0.049331
18.419,75.198,0.044559
18.419,74.46,0.060958
18.419,74.623,0.030782
18.419,74.69,0.085422
18.419,74.707,0.10122
18.419,74.886,0.09174
18.419,75.062,0.095369
18.419,75.142,0.024128
18.419,75.25,0.05249
18.42,74.512,0.021574
18.42,74.75,0.094697
18.42,75.074,0.074535
18.42,75.076,0.055044
18.42,75.098,0.077223
18.42,74.346,0.040258
18.42,74.469,0.070233
18.42,74.512,0.022851
18.42,74.761,0.040258
18.42,74.361,0.16795
18.42,74.512,0.024464
18.42,74.683,0.044156
18.42,75.074,0.089993
18.421,74.507,0.068015
18.421,74.513,0.026077
18.421,74.635,0.1035
18.421,74.989,0.076685
18.421,75.155,0.034545
18.421,76.031,0.021708
18.421,74.108,0.03804
18.421,74.513,0.018953
18.421,74.617,0.031857
18.421,74.625,0.041938
18.421,74.629,0.054439
18.421,74.694,0.090866
18.421,74.698,0.052154
18.421,74.736,0.058875
18.421,74.752,0.11378
18.421,74.513,0.017004
18.421,74.638,0.03011
18.421,75.028,0.050205
18.421,75.1,0.046374
18.421,74.241,0.060421
18.421,74.405,0.067948
18.421,74.513,0.032193
18.421,74.626,0.034613
18.422,74.688,0.096982
18.422,74.862,0.028026
18.422,73.722,0.063311
18.422,74.408,0.042207
18.422,74.433,0.035755
18.422,74.516,0.039586
18.422,74.579,0.065125
18.422,74.601,0.056388
18.422,74.641,0.08186
18.422,74.972,0.068351
18.422,75.099,0.081928
18.422,74.623,0.027959
18.422,74.627,0.048928
18.422,74.753,0.10962
18.422,74.809,0.058942
18.422,74.422,0.040594
18.422,74.531,0.034747
18.422,74.843,0.08186
18.422,75.301,0.041065
18.422,76.203,0.054574
18.423,74.627,0.055313
18.423,74.639,0.057329
18.423,74.656,0.038309
18.423,74.775,0.068015
18.423,74.872,0.14188
18.423,74.246,0.0537
18.423,74.336,0.066402
18.423,74.421,0.073862
18.423,74.623,0.039519
18.423,74.625,0.071846
18.423,74.638,0.040392
18.423,74.999,0.071241
18.423,74.421,0.083944
18.423,74.607,0.049936
18.423,74.637,0.027018
18.423,75.225,0.043081
18.424,74.559,0.037973
18.424,74.66,0.040392
18.424,74.754,0.10572
18.424,74.918,0.10612
18.424,74.987,0.11486
18.424,75.126,0.049062
18.424,74.418,0.10747
18.424,74.447,0.045769
18.424,74.669,0.049331
18.424,74.25,0.073862
18.424,74.638,0.026211
18.424,74.939,0.083473
18.424,75.135,0.096713
18.424,74.861,0.10995
18.425,74.242,0.026816
18.425,74.252,0.067142
18.425,74.438,0.045433
18.425,74.638,0.039116
18.425,74.649,0.044156
18.425,75.487,0.0537
18.425,73.742,0.058875
18.425,74.233,0.060421
18.425,74.553,0.033806
18.425,74.633,0.041602
18.425,74.647,0.031185
18.425,74.356,0.033537
18.425,74.549,0.044425
18.425,74.606,0.069628
18.425,74.633,0.03179
18.425,74.638,0.04214
18.425,74.74,0.083944
18.426,74.127,0.075072
18.426,74.232,0.061832
18.426,74.237,0.0537
18.426,74.481,0.056388
18.426,74.831,0.043148
18.426,75.031,0.054372
18.426,73.735,0.085422
18.426,74.482,0.036091
18.426,74.489,0.058001
18.426,74.518,0.034478
18.426,74.633,0.029236
18.426,74.758,0.040594
18.426,74.352,0.18812
18.426,74.518,0.028967
18.426,74.634,0.054103
18.426,74.894,0.095369
18.426,74.936,0.059211
18.426,75.058,0.089321
18.426,74.35,0.05249
18.426,74.363,0.073862
18.426,74.504,0.05706
18.426,74.519,0.021843
18.426,74.641,0.032462
18.426,74.899,0.10511
18.426,74.927,0.04093
18.427,74.252,0.073862
18.427,74.519,0.027018
18.427,74.821,0.037973
18.427,75.136,0.031185
18.427,74.36,0.018953
18.427,74.519,0.03347
18.427,74.632,0.083944
18.427,74.671,0.058337
18.427,74.682,0.070905
18.427,74.397,0.056052
18.427,74.519,0.029908
18.427,74.692,0.036696
18.427,74.848,0.046374
18.427,74.933,0.068956
18.427,74.948,0.031521
18.427,74.52,0.041871
18.427,74.776,0.067007
18.427,74.835,0.070569
18.427,74.952,0.055447
18.428,73.718,0.054439
18.428,74.506,0.021507
18.428,74.52,0.045433
18.428,74.52,0.029639
18.428,74.684,0.085422
18.428,74.83,0.066402
18.428,75.614,0.029505
18.428,74.511,0.034478
18.428,74.52,0.026077
18.428,74.749,0.057665
18.428,74.356,0.060421
18.428,74.521,0.025405
18.428,74.614,0.04671
18.428,74.812,0.054775
18.428,75.136,0.057732
18.429,73.88,0.13435
18.429,74.411,0.041199
18.429,74.459,0.042812
18.429,74.521,0.01734
18.429,74.532,0.061899
18.429,74.543,0.037704
18.429,74.785,0.045097
18.429,75.09,0.074535
18.429,73.677,0.060354
18.429,74.232,0.060354
18.429,74.521,0.02023
18.429,74.571,0.031185
18.429,74.733,0.075072
18.429,73.734,0.073594
18.429,74.446,0.057396
18.429,74.464,0.030244
18.429,74.521,0.012837
18.429,74.585,0.012837
18.429,74.67,0.082801
18.429,74.962,0.090934
18.429,75.085,0.073526
18.429,73.735,0.070704
18.429,74.386,0.06163
18.429,74.522,0.024128
18.429,74.573,0.031857
18.429,74.911,0.10848
18.43,73.737,0.075072
18.43,74.522,0.01156
18.43,74.58,0.027354
18.43,74.736,0.086901
18.43,73.731,0.095705
18.43,74.443,0.044089
18.43,74.52,0.05995
18.43,74.58,0.034075
18.43,74.633,0.058606
18.43,74.68,0.046374
18.43,74.682,0.063109
18.43,74.861,0.082465
18.43,74.623,0.041065
18.43,74.704,0.036696
18.43,74.847,0.040594
18.43,74.911,0.060891
18.43,74.927,0.047987
18.43,74.937,0.05706
18.43,75.062,0.059211
18.431,74.302,0.026816
18.431,75.165,0.020768
18.431,74.326,0.0537
18.431,74.559,0.065058
18.431,74.711,0.045366
18.431,74.986,0.042543
18.431,75.044,0.012702
18.431,75.059,0.03636
18.431,74.377,0.054305
18.431,74.475,0.041535
18.431,74.527,0.059278
18.431,74.537,0.040594
18.431,74.611,0.040527
18.431,74.644,0.042745
18.431,74.676,0.061227
18.431,74.739,0.041871
18.431,74.781,0.07319
18.431,74.958,0.058673
18.431,75.826,0.04792
18.431,74.883,0.037973
18.431,75.243,0.082331
18.432,73.989,0.070704
18.432,74.548,0.047046
18.432,75.032,0.048189
18.432,73.712,0.061832
18.432,74.323,0.0537
18.432,74.545,0.030244
18.432,74.66,0.12003
18.432,74.749,0.06284
18.432,74.785,0.11896
18.432,74.817,0.068956
18.432,74.919,0.052154
18.432,75.071,0.069561
18.432,74.082,0.060354
18.432,74.523,0.048928
18.432,74.626,0.035688
18.432,74.633,0.032462
18.432,74.79,0.042812
18.432,74.985,0.054439
18.433,74.484,0.040594
18.433,74.599,0.13153
18.433,74.63,0.044089
18.433,74.662,0.040258
18.433,74.673,0.08186
18.433,75.096,0.021305
18.433,73.529,0.067142
18.433,75.22,0.047785
18.433,74.312,0.037368
18.433,74.613,0.06573
18.433,74.814,0.060219
18.433,74.953,0.063176
18.433,75.261,0.041938
18.433,75.449,0.043215
18.433,74.338,0.033537
18.433,74.572,0.043148
18.433,74.655,0.061093
18.433,74.661,0.13764
18.433,75.076,0.11755
18.434,73.528,0.087304
18.434,74.571,0.062168
18.434,74.886,0.041199
18.434,75.031,0.028765
18.434,74.329,0.080583
18.434,75.067,0.039519
18.434,75.124,0.10814
18.434,74.455,0.04671
18.434,74.563,0.032865
18.434,74.842,0.066738
18.434,75.105,0.012165
18.434,74.402,0.14779
18.434,74.668,0.032798
18.434,74.672,0.040527
18.434,74.72,0.055447
18.434,74.967,0.065596
18.435,73.547,0.10075
18.435,73.563,0.10747
18.435,74.121,0.054439
18.435,74.383,0.067276
18.435,74.662,0.13509
18.435,74.776,0.047046
18.435,73.557,0.12091
18.435,74.646,0.13287
18.435,74.871,0.12931
18.435,75.011,0.048659
18.435,74.334,0.026816
18.435,74.78,0.068956
18.436,73.563,0.61825
18.436,74.623,0.028631
18.436,74.63,0.027354
18.436,74.636,0.028631
18.436,74.829,0.089253
18.436,74.97,0.049264
18.436,75.088,0.052961
18.436,74.785,0.039317
18.436,74.829,0.10384
18.436,74.325,0.033537
18.436,74.464,0.04382
18.436,74.664,0.10021
18.436,74.7,0.11607
18.436,75.072,0.073526
18.436,75.155,0.021574
18.436,73.564,0.1814
18.436,74.344,0.067142
18.437,73.803,0.12091
18.437,74.21,0.052826
18.437,74.227,0.038981
18.437,74.362,0.037906
18.437,74.509,0.055716
18.437,74.655,0.049062
18.437,74.889,0.06862
18.437,75.113,0.021171
18.437,75.123,0.030714
18.437,74.537,0.06573
18.437,74.652,0.054103
18.437,74.558,0.047382
18.438,74.665,0.10572
18.438,74.678,0.025069
18.438,74.703,0.098931
18.438,74.849,0.03636
18.438,74.317,0.20156
18.438,74.327,0.215
18.438,74.533,0.077021
18.438,74.727,0.053834
18.438,74.81,0.056388
18.438,75.127,0.040392
18.438,75.172,0.037906
18.438,75.825,0.058136
18.438,74.698,0.047382
18.438,75.249,0.066268
18.438,73.563,0.073862
18.438,74.224,0.041871
18.438,74.6,0.068015
18.438,74.905,0.095369
18.438,74.913,0.088245
18.438,74.917,0.12763
18.438,74.939,0.065797
18.438,74.944,0.10814
18.438,74.946,0.064117
18.438,74.95,0.098528
18.438,75.056,0.11486
18.438,75.068,0.055044
18.438,75.175,0.029505
18.439,74.303,0.026816
18.439,74.312,0.0537
18.439,74.392,0.051213
18.439,74.411,0.047046
18.439,74.56,0.070569
18.439,74.696,0.063512
18.439,74.811,0.054103
18.439,75.1,0.041199
18.439,73.618,0.011358
18.439,74.639,0.024733
18.439,74.667,0.12057
18.439,74.668,0.10666
18.439,74.683,0.02601
18.439,74.694,0.021171
18.439,74.721,0.027354
18.439,75.198,0.048189
18.439,73.564,0.10747
18.439,74.317,0.046979
18.439,74.543,0.067746
18.439,74.699,0.11251
18.439,74.944,0.065125
18.439,74.639,0.038511
18.439,74.704,0.084414
18.439,74.738,0.12642
18.439,74.81,0.037973
18.439,74.956,0.03515
18.44,74.795,0.13435
18.44,75.147,0.042342
18.44,74.188,0.050272
18.44,74.204,0.063781
18.44,74.567,0.046038
18.44,74.575,0.069292
18.44,74.671,0.038981
18.44,74.702,0.096041
18.44,74.873,0.04214
18.44,74.415,0.03636
18.44,74.668,0.10283
18.441,74.216,0.042207
18.441,74.727,0.077626
18.441,74.796,0.068956
18.441,74.82,0.078634
18.441,75.098,0.042678
18.441,75.234,0.017273
18.441,75.288,0.014114
18.441,74.596,0.078634
18.441,75.074,0.11721
18.441,73.579,0.10075
18.441,74.464,0.040392
18.441,74.636,0.024733
18.441,74.74,0.068015
18.441,74.825,0.039586
18.441,74.889,0.072384
18.442,73.866,0.048323
18.442,74.329,0.040258
18.442,74.772,0.048323
18.442,74.908,0.12225
18.442,74.913,0.097386
18.442,74.953,0.10814
18.442,75.085,0.040191
18.442,75.293,0.03589
18.442,73.583,0.040258
18.442,74.319,0.1814
18.442,74.435,0.070704
18.442,74.669,0.11184
18.442,74.69,0.040527
18.442,74.707,0.10538
18.442,74.946,0.076484
18.442,74.947,0.088648
18.442,74.952,0.089052
18.442,75.014,0.047987
18.442,75.064,0.027488
18.442,75.176,0.032798
18.442,73.567,0.1814
18.442,74.213,0.042543
18.442,74.321,0.060421
18.442,74.668,0.10021
18.442,74.797,0.067007
18.442,74.855,0.028631
18.442,74.918,0.097251
18.442,74.475,0.031857
18.442,74.554,0.054439
18.442,74.719,0.0496
18.442,74.825,0.034478
18.442,75.028,0.034747
18.443,74.26,0.080583
18.443,74.699,0.055111
18.443,74.742,0.0038309
18.443,75.141,0.060152
18.443,73.587,0.060421
18.443,74.229,0.17468
18.443,74.721,0.061832
18.443,74.8,0.10989
18.443,74.912,0.034747
18.443,74.934,0.070569
18.443,74.938,0.11083
18.443,75.079,0.089657
18.443,76.087,0.051952
18.443,74.61,0.065125
18.443,74.637,0.055313
18.443,74.655,0.044291
18.443,74.658,0.041065
18.443,74.67,0.12669
18.443,75.059,0.12158
18.443,75.226,0.020768
18.443,75.679,0.055783
18.444,74.468,0.06284
18.444,74.627,0.054439
18.444,74.628,0.069628
18.444,74.637,0.047584
18.444,74.643,0.04624
18.444,74.649,0.035486
18.444,74.899,0.048323
18.444,74.946,0.069158
18.444,75.048,0.0063848
18.444,74.209,0.05995
18.444,74.213,0.056388
18.444,74.314,0.0537
18.444,74.349,0.10075
18.444,74.629,0.035822
18.444,74.643,0.050272
18.444,74.643,0.037637
18.444,74.649,0.027623
18.444,74.669,0.024397
18.444,74.885,0.044089
18.444,75.243,0.067948
18.444,74.456,0.12091
18.444,74.522,0.024733
18.444,74.587,0.037973
18.444,74.623,0.061227
18.444,74.642,0.020969
18.444,74.649,0.054641
18.444,74.655,0.033134
18.444,74.665,0.038914
18.444,74.722,0.040594
18.444,74.722,0.062168
18.444,74.801,0.10343
18.444,75.114,0.014047
18.444,75.247,0.089993
18.445,74.512,0.048323
18.445,74.697,0.048928
18.445,74.793,0.06358
18.445,74.889,0.084347
18.445,74.909,0.095369
18.445,75.76,0.049735
18.445,73.956,0.067142
18.445,74.21,0.045769
18.445,74.718,0.047987
18.445,75.202,0.1236
18.445,75.241,0.042006
18.445,75.26,0.082936
18.445,74.225,0.048323
18.445,74.231,0.044761
18.445,74.463,0.03636
18.445,74.502,0.16123
18.445,74.748,0.070569
18.445,74.93,0.067007
18.446,75.239,0.095369
18.446,75.273,0.096579
18.446,74.496,0.032193
18.446,74.52,0.055716
18.446,74.667,0.057665
18.446,74.713,0.089253
18.446,74.774,0.083473
18.446,74.802,0.12024
18.446,74.911,0.10814
18.446,74.92,0.074535
18.446,75.256,0.096713
18.446,75.259,0.089657
18.446,75.547,0.095369
18.446,74.587,0.045433
18.446,74.775,0.091202
18.446,74.914,0.036696
18.446,74.938,0.10243
18.446,74.507,0.080583
18.446,74.614,0.039586
18.446,74.918,0.027556
18.446,74.942,0.048323
18.446,75.038,0.023187
18.447,74.654,0.061899
18.447,74.711,0.087371
18.447,75.145,0.027556
18.447,75.279,0.051079
18.447,74.416,0.043484
18.447,74.563,0.059614
18.447,74.572,0.035083
18.447,74.585,0.047382
18.447,74.635,0.093151
18.447,74.658,0.055447
18.447,74.806,0.039586
18.447,74.889,0.073594
18.448,73.557,0.080583
18.448,74.569,0.045433
18.448,74.745,0.04214
18.448,74.804,0.15505
18.448,74.92,0.058875
18.448,74.924,0.036696
18.448,75.237,0.10848
18.448,74.209,0.056052
18.448,74.539,0.043148
18.448,74.567,0.048323
18.448,74.577,0.051213
18.448,74.625,0.11123
18.448,74.728,0.067679
18.448,74.769,0.086363
18.448,74.772,0.04093
18.448,75.273,0.024531
18.448,73.578,0.0537
18.448,74.464,0.067881
18.448,74.535,0.039586
18.448,74.541,0.067007
18.448,74.922,0.083137
18.448,73.757,0.40319
18.448,74.223,0.045433
18.448,74.451,0.030042
18.448,74.626,0.023792
18.448,74.902,0.021708
18.448,74.936,0.11499
18.448,75.022,0.055044
18.448,75.168,0.033739
18.448,75.259,0.10276
18.449,74.731,0.041535
18.449,74.767,0.13086
18.449,75.05,0.055178
18.449,74.219,0.044156
18.449,74.522,0.045366
18.449,74.547,0.064722
18.449,74.567,0.040258
18.449,74.569,0.060555
18.449,74.576,0.035083
18.449,74.656,0.070569
18.449,74.884,0.04671
18.449,74.915,0.075207
18.449,73.555,0.12091
18.449,74.569,0.049264
18.449,74.571,0.03636
18.449,74.698,0.053431
18.449,74.717,0.048659
18.449,74.917,0.11607
18.449,74.224,0.033806
18.449,75.207,0.027488
18.45,75.256,0.052356
18.45,75.273,0.040863
18.45,74.422,0.043484
18.45,74.477,0.072518
18.45,74.496,0.027623
18.45,74.772,0.064117
18.45,74.798,0.031857
18.45,74.918,0.10747
18.45,74.989,0.028228
18.45,75.069,0.048054
18.45,75.206,0.096848
18.45,75.252,0.081928
18.45,75.253,0.081928
18.45,75.255,0.10881
18.45,74.454,0.028631
18.45,74.594,0.072854
18.45,74.772,0.046038
18.45,75.253,0.078567
18.45,75.273,0.095369
18.451,74.222,0.045097
18.451,74.42,0.052221
18.451,74.498,0.060421
18.451,74.526,0.056657
18.451,75.113,0.06116
18.451,75.24,0.0455
18.451,74.319,0.043484
18.451,74.354,0.27011
18.451,74.659,0.060219
18.451,74.749,0.066402
18.451,74.795,0.028295
18.451,74.895,0.040594
18.451,75.17,0.06163
18.451,75.281,0.034344
18.451,75.847,0.057867
18.451,73.559,0.13435
18.451,74.556,0.071174
18.451,74.824,0.03347
18.451,74.883,0.047046
18.451,74.927,0.096713
18.451,74.937,0.044425
18.451,74.992,0.093487
18.451,75.056,0.095369
18.451,75.219,0.089993
18.451,75.255,0.081592
18.451,75.259,0.10881
18.451,73.559,0.80644
18.451,74.528,0.036091
18.451,74.578,0.062504
18.451,74.594,0.059614
18.451,74.642,0.038981
18.451,74.686,0.035688
18.451,74.818,0.047315
18.451,74.918,0.068755
18.451,75.259,0.082936
18.451,75.269,0.089657
18.451,75.269,0.077895
18.452,74.382,0.044156
18.452,75.244,0.10848
18.452,75.263,0.095369
18.452,74.271,0.046979
18.452,74.496,0.030916
18.452,74.58,0.057329
18.452,74.582,0.063512
18.452,74.814,0.10189
18.452,74.902,0.083809
18.452,75.042,0.038981
18.452,75.158,0.042812
18.452,74.219,0.049936
18.452,74.769,0.11862
18.452,75.001,0.12837
18.452,75.184,0.042207
18.452,75.261,0.11083
18.452,75.27,0.081928
18.453,74.652,0.035419
18.453,74.702,0.041199
18.453,74.777,0.051549
18.453,75.102,0.061563
18.453,75.246,0.077895
18.453,75.259,0.096713
18.453,73.567,0.14779
18.453,74.213,0.045433
18.453,74.432,0.058337
18.453,74.465,0.044425
18.453,74.573,0.056657
18.453,74.69,0.041871
18.453,74.73,0.055044
18.453,74.81,0.02312
18.453,74.914,0.10814
18.453,74.942,0.11499
18.453,75.09,0.051079
18.453,75.239,0.027488
18.453,75.31,0.061429
18.453,75.364,0.050675
18.453,74.226,0.064453
18.453,74.778,0.052826
18.453,74.807,0.03636
18.453,74.888,0.093353
18.453,75.221,0.10048
18.453,75.239,0.075207
18.453,73.808,0.12763
18.453,73.975,0.215
18.453,74.357,0.094025
18.453,74.564,0.059883
18.453,74.806,0.036696
18.453,75.048,0.054439
18.453,75.119,0.05249
18.453,75.252,0.1152
18.453,75.253,0.074535
18.453,75.333,0.042342
18.454,74.402,0.12091
18.454,74.455,0.12091
18.454,74.646,0.10182
18.454,74.989,0.12608
18.454,74.703,0.076685
18.454,74.736,0.06284
18.454,74.954,0.086363
18.454,75.031,0.067074
18.454,75.267,0.096713
18.454,74.263,0.17468
18.454,74.538,0.048659
18.454,74.576,0.063781
18.454,74.594,0.043484
18.454,74.647,0.047651
18.454,74.721,0.059614
18.454,74.774,0.051818
18.454,74.776,0.057665
18.454,74.905,0.097386
18.454,74.974,0.055044
18.454,75.197,0.043955
18.454,75.227,0.089993
18.454,74.213,0.034747
18.454,74.442,0.047651
18.454,74.62,0.058673
18.454,74.909,0.083809
18.454,75.263,0.10485
18.454,75.277,0.057732
18.455,74.539,0.081188
18.455,74.567,0.1238
18.455,74.681,0.042476
18.455,74.76,0.12091
18.455,74.973,0.047046
18.455,75.251,0.089657
18.455,73.565,0.0537
18.455,74.216,0.04382
18.455,74.826,0.056388
18.455,75.23,0.077895
18.455,75.257,0.081928
18.455,75.264,0.077895
18.455,75.271,0.075879
18.455,74.213,0.041871
18.455,74.723,0.11378
18.455,75.26,0.071577
18.455,75.268,0.074871
18.456,74.575,0.03347
18.456,74.783,0.040258
18.456,74.793,0.033806
18.456,75.126,0.04046
18.456,75.252,0.082936
18.456,75.269,0.096713
18.456,74.204,0.042812
18.456,74.719,0.10377
18.456,75.103,0.041938
18.456,74.211,0.035083
18.456,74.213,0.040594
18.456,74.214,0.034142
18.456,74.234,0.032529
18.456,74.591,0.048995
18.456,74.743,0.036696
18.456,74.75,0.054103
18.456,74.892,0.10155
18.456,75.263,0.10599
18.456,75.266,0.095369
18.456,75.273,0.04046
18.456,74.535,0.058606
18.456,74.555,0.059278
18.456,74.897,0.12158
18.456,74.931,0.051213
18.456,75.252,0.095369
18.456,75.261,0.089657
18.457,74.673,0.069292
18.457,74.783,0.040258
18.457,75.27,0.081928
18.457,74.213,0.04671
18.457,74.556,0.034814
18.457,74.876,0.084078
18.457,74.896,0.054439
18.457,75.256,0.098125
18.457,75.257,0.077895
18.457,74.524,0.051885
18.457,74.618,0.068015
18.457,75.028,0.044156
18.457,75.222,0.081928
18.457,75.223,0.077895
18.457,75.276,0.077895
18.457,74.807,0.024128
18.457,75.141,0.038847
18.457,75.251,0.081928
18.457,75.251,0.076551
18.457,75.252,0.10525
18.458,74.484,0.080247
18.458,74.855,0.10149
18.458,75.225,0.11486
18.458,75.241,0.081928
18.458,75.258,0.094697
18.458,75.576,0.056388
18.458,75.577,0.1283
18.458,73.924,0.094025
18.458,74.704,0.086094
18.458,75.214,0.0826
18.458,75.578,0.12837
18.458,74.22,0.034747
18.458,74.314,0.060421
18.458,74.558,0.063781
18.458,74.704,0.03058
18.458,74.907,0.067881
18.458,74.95,0.043282
18.458,75.104,0.043484
18.459,74.212,0.040594
18.459,74.219,0.03636
18.459,74.273,0.10747
18.459,74.355,0.042812
18.459,74.512,0.050608
18.459,74.806,0.014988
18.459,74.836,0.04671
18.459,75.005,0.023187
18.459,75.109,0.039855
18.459,75.221,0.081928
18.459,74.213,0.064789
18.459,74.224,0.037032
18.459,74.683,0.05249
18.459,75.106,0.054439
18.459,75.23,0.089321
18.459,75.269,0.095369
18.459,74.228,0.044425
18.459,74.552,0.078298
18.459,74.868,0.076416
18.459,74.913,0.036091
18.459,75.126,0.065596
18.459,74.266,0.045299
18.459,74.366,0.028026
18.459,74.524,0.049264
18.459,75.231,0.095369
18.459,75.274,0.1152
18.459,75.279,0.10881
18.46,74.54,0.02144
18.46,74.646,0.039586
18.46,74.69,0.05706
18.46,74.911,0.082264
18.46,75.187,0.055111
18.46,75.233,0.043484
18.46,75.264,0.089052
18.46,74.214,0.034747
18.46,74.217,0.064789
18.46,74.224,0.056052
18.46,74.37,0.14779
18.46,74.629,0.038981
18.46,74.696,0.033806
18.46,75.079,0.063378
18.46,75.236,0.10209
18.46,75.258,0.11486
18.46,75.262,0.082196
18.46,75.266,0.091337
18.46,75.274,0.095369
18.46,74.576,0.074467
18.46,74.676,0.11896
18.46,74.894,0.095369
18.461,74.213,0.039922
18.461,74.271,0.067142
18.461,75.032,0.0703
18.461,75.238,0.089321
18.461,75.256,0.089657
18.461,75.273,0.11486
18.461,74.224,0.052826
18.461,74.379,0.056388
18.461,74.55,0.066402
18.461,74.583,0.033806
18.461,74.681,0.091874
18.461,74.7,0.088984
18.461,74.736,0.07897
18.461,75.254,0.077895
18.461,75.255,0.095369
18.461,75.263,0.11755
18.461,75.272,0.077223
18.461,75.171,0.043282
18.461,75.223,0.034478
18.461,74.657,0.10505
18.461,74.808,0.034478
18.461,74.977,0.04671
18.461,75.244,0.077895
18.461,75.252,0.094697
18.462,75.06,0.053834
18.462,75.136,0.055313
18.462,74.212,0.043484
18.462,74.228,0.040258
18.462,74.527,0.096377
18.462,75.199,0.082734
18.462,74.35,0.047046
18.462,74.698,0.047382
18.462,75.225,0.056993
18.462,75.323,0.023792
18.462,76.006,0.044694
18.462,74.227,0.039317
18.462,74.519,0.029236
18.462,74.949,0.041535
18.462,75.226,0.10881
18.462,75.86,0.069897
18.463,74.602,0.049264
18.463,74.626,0.054103
18.463,74.723,0.032798
18.463,74.213,0.048659
18.463,75.219,0.097386
18.463,75.234,0.091337
18.463,75.245,0.091337
18.463,75.302,0.060017
18.463,74.826,0.053767
18.464,73.465,0.067142
18.464,74.219,0.05995
18.464,74.26,0.1814
18.464,74.657,0.092479
18.464,74.673,0.0496
18.464,74.7,0.044156
18.464,74.971,0.049264
18.464,74.986,0.042073
18.464,75.11,0.046845
18.464,75.116,0.047785
18.464,75.209,0.067881
18.464,75.274,0.0826
18.464,74.729,0.03058
18.464,75.056,0.011089
18.464,75.257,0.073526
18.464,74.224,0.062504
18.464,74.703,0.056388
18.464,74.967,0.05417
18.465,73.582,0.040258
18.465,74.441,0.041535
18.465,75.236,0.077895
18.465,74.539,0.027556
18.465,75.15,0.043887
18.465,74.667,0.096713
18.465,74.693,0.091202
18.465,74.696,0.032462
18.465,75.217,0.077895
18.466,74.204,0.048659
18.466,75.241,0.089657
18.466,74.5,0.035083
18.466,74.506,0.053162
18.466,74.708,0.082801
18.466,74.87,0.036696
18.466,75.123,0.05202
18.466,75.228,0.011089
18.466,73.47,0.40319
18.466,74.366,0.05706
18.467,74.525,0.028967
18.467,74.657,0.044425
18.467,74.667,0.072518
18.467,74.692,0.11573
18.467,74.706,0.091538
18.467,75.164,0.049735
18.467,74.475,0.10747
18.467,74.569,0.026144
18.467,74.676,0.054103
18.467,74.712,0.052154
18.467,74.903,0.078231
18.467,74.969,0.029908
18.467,75.086,0.051213
18.467,75.186,0.089321
18.467,75.226,0.077895
18.467,75.243,0.075543
18.467,75.253,0.095369
18.467,74.447,0.060555
18.467,74.618,0.024464
18.467,74.806,0.063176
18.467,75.144,0.020768
18.467,75.146,0.047785
18.467,75.241,0.089657
18.468,74.406,0.032865
18.468,75.221,0.095369
18.468,74.812,0.058337
18.468,74.225,0.039317
18.468,74.668,0.083809
18.468,75.238,0.096713
18.468,74.733,0.073459
18.468,75.199,0.04093
18.468,75.224,0.081928
18.469,74.228,0.053498
18.469,74.325,0.053834
18.469,74.609,0.036024
18.469,74.883,0.057665
18.469,74.898,0.038981
18.469,75.264,0.1152
18.469,74.205,0.044425
18.469,74.831,0.029572
18.469,75.071,0.048189
18.469,75.259,0.034747
18.469,75.261,0.089657
18.469,75.265,0.077895
18.469,75.343,0.029505
18.469,75.583,0.077895
18.469,75.207,0.067881
18.469,75.234,0.081928
18.469,75.241,0.1115
18.469,75.256,0.083944
18.469,75.261,0.077223
18.469,75.269,0.081928
18.469,75.612,0.048726
18.469,74.219,0.045097
18.469,74.221,0.054439
18.469,74.524,0.044425
18.469,74.73,0.053498
18.469,75.025,0.052288
18.469,75.19,0.071174
18.469,75.212,0.077895
18.469,75.237,0.078567
18.469,75.245,0.012501
18.47,74.668,0.07897
18.47,74.669,0.090866
18.47,74.889,0.047853
18.47,74.989,0.12024
18.47,74.231,0.052221
18.47,74.667,0.037973
18.47,74.708,0.085086
18.47,75.105,0.052221
18.47,75.273,0.077895
18.47,75.339,0.075543
18.47,75.476,0.10209
18.47,74.269,0.026816
18.47,74.494,0.058673
18.47,74.569,0.09705
18.47,75.081,0.023321
18.47,75.09,0.0097453
18.47,75.15,0.03683
18.47,75.191,0.049466
18.47,75.197,0.0578
18.471,74.574,0.039586
18.471,74.856,0.061899
18.471,74.968,0.041199
18.471,75.239,0.067881
18.471,75.755,0.048726
18.471,74.23,0.061227
18.471,74.256,0.094025
18.471,75.203,0.095369
18.471,75.238,0.096713
18.471,75.271,0.095369
18.471,74.244,0.0537
18.471,74.39,0.075744
18.471,74.772,0.04382
18.471,74.95,0.049264
18.471,75.261,0.076551
18.471,75.263,0.10881
18.471,74.607,0.039586
18.472,74.354,0.036696
18.472,74.656,0.10606
18.472,74.674,0.08764
18.472,75.105,0.036763
18.472,75.2,0.077089
18.472,75.226,0.096713
18.472,75.273,0.091807
18.472,74.696,0.044089
18.472,74.743,0.051213
18.472,75.031,0.012702
18.472,75.229,0.095369
18.473,74.489,0.082936
18.473,74.672,0.061496
18.473,74.813,0.037368
18.473,75.197,0.043282
18.473,75.211,0.034209
18.473,75.23,0.077223
18.473,75.248,0.081928
18.473,75.264,0.0826
18.473,74.221,0.055447
18.473,74.554,0.05995
18.473,75.204,0.073862
18.473,75.251,0.077223
18.473,75.252,0.10196
18.473,75.261,0.095033
18.473,75.517,0.077895
18.473,74.683,0.065058
18.473,74.847,0.048054
18.473,75.001,0.070569
18.473,75.261,0.039855
18.473,74.61,0.040594
18.473,74.728,0.04382
18.473,75.212,0.077895
18.473,75.221,0.064453
18.473,75.25,0.099536
18.473,75.254,0.074535
18.473,75.262,0.049667
18.474,74.205,0.048659
18.474,74.227,0.05249
18.474,74.496,0.12091
18.474,74.517,0.044761
18.474,74.647,0.056388
18.474,74.76,0.12575
18.474,74.971,0.047382
18.474,75.303,0.06647
18.474,74.203,0.050608
18.474,75.104,0.043081
18.474,75.209,0.044358
18.474,75.314,0.049398
18.474,75.419,0.077895
18.474,74.414,0.063781
18.474,74.622,0.24222
18.474,74.672,0.060891
18.474,74.736,0.050877
18.474,75.175,0.023187
18.474,75.21,0.046441
18.474,75.248,0.10686
18.474,75.458,0.096713
18.474,74.363,0.089321
18.474,74.716,0.021574
18.474,74.928,0.03972
18.474,75.136,0.042342
18.475,74.404,0.12474
18.475,74.987,0.043148
18.475,75.208,0.032798
18.475,75.235,0.089321
18.475,75.258,0.10814
18.475,75.472,0.083272
18.475,75.498,0.080113
18.475,73.406,0.040258
18.475,73.77,0.10747
18.475,74.492,0.040258
18.475,74.676,0.061899
18.475,74.705,0.11217
18.475,75.141,0.054775
18.475,75.255,0.075207
18.475,75.263,0.089657
18.475,75.27,0.096713
18.475,75.498,0.10881
18.475,74.496,0.051549
18.475,74.543,0.044156
18.475,74.651,0.061496
18.475,74.749,0.048995
18.475,75.209,0.012165
18.475,75.211,0.042678
18.475,75.223,0.068351
18.475,75.234,0.079911
18.475,75.25,0.083272
18.475,75.528,0.01781
18.476,74.221,0.048995
18.476,74.227,0.047382
18.476,74.608,0.047651
18.476,74.642,0.059278
18.476,75.521,0.081928
18.476,75.539,0.077895
18.476,73.487,0.10747
18.476,74.68,0.040258
18.476,74.71,0.029908
18.476,74.909,0.096713
18.476,75.266,0.095369
18.476,74.204,0.038309
18.476,74.209,0.047046
18.476,74.921,0.11217
18.476,75.04,0.082936
18.476,75.111,0.096713
18.476,75.207,0.04792
18.476,75.208,0.055918
18.476,75.237,0.095369
18.476,75.244,0.083272
18.476,74.617,0.079575
18.476,75.069,0.012165
18.476,75.121,0.039519
18.476,75.172,0.066268
18.476,75.211,0.039989
18.476,75.342,0.069696
18.477,74.319,0.026816
18.477,75.051,0.028026
18.477,75.155,0.048189
18.477,75.174,0.047785
18.477,75.241,0.077357
18.477,75.263,0.089657
18.477,74.597,0.059614
18.477,74.613,0.045769
18.477,74.627,0.042476
18.477,74.655,0.05249
18.477,74.701,0.033806
18.477,74.737,0.032193
18.477,74.889,0.083272
18.477,74.922,0.077895
18.477,75.123,0.030042
18.477,75.184,0.038376
18.477,75.214,0.045097
18.477,75.235,0.081928
18.477,74.92,0.049667
18.477,75.217,0.089657
18.477,75.219,0.077223
18.477,75.237,0.068351
18.477,75.254,0.069494
18.477,74.617,0.10572
18.477,74.894,0.068015
18.477,75.207,0.040796
18.477,75.209,0.04792
18.477,75.213,0.05202
18.477,75.266,0.081928
18.477,75.27,0.046979
18.478,74.333,0.060421
18.478,74.336,0.046979
18.478,74.342,0.0537
18.478,74.498,0.0537
18.478,74.597,0.042476
18.478,74.62,0.050877
18.478,75.226,0.11029
18.478,75.577,0.027152
18.478,73.808,0.08838
18.478,74.683,0.040527
18.478,75.113,0.0096781
18.478,75.21,0.06284
18.478,75.263,0.095369
18.478,75.204,0.055044
18.478,75.223,0.11856
18.479,74.515,0.038309
18.479,75.225,0.096377
18.479,75.248,0.1072
18.479,75.243,0.047718
18.479,74.233,0.0496
18.479,74.702,0.029236
18.479,75.255,0.035621
18.479,74.221,0.042812
18.479,74.493,0.036696
18.479,75.235,0.077223
18.48,74.962,0.048189
18.48,75.241,0.10196
18.48,75.254,0.068351
18.48,74.925,0.050138
18.48,75.223,0.075207
18.48,75.246,0.10202
18.48,73.769,0.020095
18.48,74.335,0.080583
18.48,74.498,0.12091
18.48,74.499,0.048995
18.48,74.543,0.05538
18.48,74.638,0.083809
18.48,74.672,0.052826
18.48,74.794,0.048995
18.481,74.414,0.046038
18.481,75.113,0.048458
18.481,75.239,0.11056
18.481,75.24,0.12501
18.481,74.343,0.033537
18.481,74.56,0.063109
18.481,74.671,0.040594
18.481,74.736,0.045097
18.481,74.892,0.086094
18.481,75.158,0.035822
18.481,75.243,0.10814
18.481,75.244,0.0826
18.481,74.749,0.069897
18.481,75.268,0.054305
18.481,74.421,0.033806
18.481,74.597,0.053498
18.481,74.745,0.053431
18.481,75.056,0.03683
18.481,75.235,0.071174
18.482,74.407,0.060421
18.482,75.07,0.020095
18.482,75.259,0.09873
18.482,74.708,0.043148
18.482,75.24,0.10149
18.483,75.256,0.089657
18.483,75.257,0.078231
18.483,75.018,0.03636
18.483,75.24,0.082936
18.483,75.254,0.11137
18.483,74.434,0.047987
18.483,75,0.055649
18.483,74.888,0.076685
18.483,74.967,0.042073
18.483,75.003,0.049264
18.483,75.056,0.051684
18.483,75.069,0.055313
18.483,75.24,0.076215
18.483,75.246,0.096713
18.484,74.737,0.041871
18.484,75.104,0.045232
18.484,75.211,0.10511
18.484,75.239,0.072922
18.484,74.224,0.046374
18.484,74.243,0.061563
18.484,74.441,0.083944
18.484,74.494,0.03347
18.484,74.967,0.10612
18.484,75.223,0.081928
18.484,75.24,0.096713
18.484,75.242,0.11654
18.484,75.381,0.026816
18.484,74.889,0.10142
18.484,74.921,0.075207
18.484,75.133,0.039317
18.484,75.203,0.089657
18.484,75.222,0.1031
18.484,75.225,0.1236
18.484,75.237,0.11184
18.484,75.341,0.058808
18.484,75.101,0.063781
18.484,75.235,0.10431
18.484,75.236,0.098192
18.484,75.247,0.10343
18.484,75.258,0.10814
18.484,75.271,0.048189
18.485,74.849,0.093756
18.485,75.089,0.065125
18.485,75.207,0.10276
18.485,75.222,0.075207
18.485,75.23,0.09705
18.485,74.136,0.060354
18.485,74.305,0.05249
18.485,74.492,0.13435
18.485,74.654,0.03589
18.485,74.674,0.036091
18.485,74.898,0.056388
18.485,75.233,0.07319
18.485,75.251,0.076954
18.485,75.204,0.078029
18.485,75.24,0.077895
18.485,75.248,0.097117
18.485,75.252,0.067007
18.485,75.309,0.06862
18.486,74.397,0.026816
18.486,74.425,0.040258
18.486,74.505,0.0537
18.486,74.644,0.041401
18.486,74.799,0.036091
18.486,75.243,0.068351
18.486,75.245,0.088514
18.486,74.136,0.070704
18.486,74.216,0.041199
18.486,74.462,0.067007
18.486,74.474,0.037704
18.486,74.616,0.062504
18.486,74.857,0.052961
18.486,75.069,0.034747
18.486,75.249,0.12158
18.486,75.253,0.078231
18.486,75.253,0.081928
18.486,75.254,0.12158
18.486,74.205,0.042006
18.486,74.225,0.053162
18.486,74.288,0.1861
18.486,74.562,0.070233
18.486,74.873,0.075207
18.486,75.22,0.1031
18.486,75.221,0.10814
18.486,75.222,0.0537
18.486,73.998,0.070704
18.486,74.538,0.03347
18.486,74.578,0.04214
18.486,74.907,0.10511
18.486,74.921,0.10814
18.486,75.011,0.12165
18.486,75.239,0.10814
18.486,75.245,0.037637
18.486,75.261,0.081928
18.487,74.202,0.03636
18.487,74.586,0.058673
18.487,74.972,0.087976
18.487,75.228,0.10411
18.487,75.248,0.10599
18.487,75.268,0.077895
18.487,74.205,0.048323
18.487,74.213,0.038309
18.487,74.509,0.034747
18.487,75.024,0.086363
18.487,75.26,0.089321
18.487,74.204,0.044156
18.487,74.211,0.053162
18.487,74.216,0.031252
18.487,75.236,0.073325
18.487,75.246,0.12158
18.488,74.208,0.045769
18.488,74.212,0.049264
18.488,74.22,0.043484
18.488,74.226,0.051213
18.488,75.203,0.10377
18.488,75.206,0.10881
18.488,76.063,0.024934
18.488,74.208,0.054775
18.488,74.226,0.059614
18.488,74.227,0.047046
18.488,74.234,0.060891
18.488,74.371,0.10747
18.488,74.492,0.051885
18.488,74.685,0.088648
18.488,75.208,0.098192
18.488,75.225,0.0073258
18.488,75.248,0.095369
18.488,74.21,0.05995
18.488,74.39,0.035083
18.488,74.517,0.064789
18.488,74.587,0.063176
18.488,75.21,0.076551
18.488,75.218,0.076551
18.488,75.223,0.066873
18.488,75.257,0.10814
18.488,74.206,0.043148
18.488,74.208,0.036091
18.488,74.37,0.067142
18.488,74.403,0.16258
18.488,75.091,0.046172
18.489,74.207,0.035083
18.489,74.212,0.043484
18.489,74.487,0.04382
18.489,75.239,0.10048
18.489,75.268,0.11486
18.489,75.072,0.048054
18.489,75.282,0.099133
18.489,74.229,0.058673
18.489,75.191,0.041199
18.489,75.226,0.080046
18.489,75.239,0.081255
18.489,75.251,0.10451
18.489,75.253,0.095369
18.489,75.254,0.088312
18.489,75.256,0.10948
18.489,75.259,0.095033
18.489,74.211,0.046374
18.489,74.328,0.020095
18.489,74.976,0.034276
18.489,75.21,0.096713
18.489,75.231,0.12373
18.489,75.236,0.069494
18.489,75.252,0.075207
18.49,73.646,0.12091
18.49,74.212,0.032529
18.49,74.213,0.056388
18.49,74.857,0.04093
18.49,75.241,0.078029
18.49,74.213,0.044425
18.49,74.225,0.054103
18.49,74.675,0.10706
18.49,75.659,0.096377
18.49,74.214,0.064789
18.49,74.662,0.039922
18.49,75.091,0.067948
18.491,74.213,0.061899
18.491,74.216,0.031252
18.491,74.216,0.05706
18.491,74.521,0.074467
18.491,75.103,0.028967
18.491,75.235,0.10276
18.491,75.239,0.089321
18.491,75.249,0.12165
18.491,75.708,0.049735
18.491,74.223,0.050608
18.491,75.138,0.017273
18.491,75.203,0.074871
18.491,75.234,0.1029
18.491,75.236,0.088514
18.491,76.069,0.0094092
18.491,74.527,0.048592
18.491,74.804,0.035083
18.491,74.854,0.12595
18.491,75.118,0.020163
18.491,75.204,0.068351
18.491,75.241,0.089993
18.491,75.254,0.10679
18.491,74.097,0.12091
18.491,74.726,0.038914
18.491,75.108,0.040997
18.492,73.714,0.504
18.492,74.207,0.056724
18.492,74.219,0.050608
18.492,74.22,0.0496
18.492,74.334,0.040258
18.492,74.342,0.060421
18.492,74.416,0.0496
18.492,74.55,0.026816
18.492,74.665,0.040863
18.492,74.788,0.055447
18.492,74.933,0.045097
18.492,74.944,0.051079
18.492,74.95,0.054103
18.492,75.022,0.037234
18.492,75.222,0.089657
18.492,75.226,0.067881
18.492,75.226,0.096713
18.492,75.229,0.076148
18.492,75.245,0.10451
18.492,74.216,0.048995
18.492,74.259,0.14981
18.492,74.795,0.040258
18.492,75.226,0.072653
18.492,74.211,0.040258
18.492,74.213,0.034747
18.492,74.228,0.0496
18.492,74.483,0.037368
18.492,74.59,0.077693
18.492,74.927,0.062504
18.492,75.213,0.089657
18.492,75.221,0.1072
18.492,75.235,0.068553
18.492,74.367,0.044425
18.492,75.176,0.027488
18.492,75.224,0.072854
18.492,75.225,0.059883
18.492,75.252,0.096377
18.493,74.745,0.10054
18.493,75.22,0.070502
18.493,75.222,0.0078634
18.493,75.233,0.10478
18.493,75.256,0.10048
18.493,74.719,0.03636
18.493,74.981,0.068015
18.493,75.117,0.034478
18.493,74.221,0.038309
18.493,74.848,0.061899
18.494,74.209,0.055447
18.494,74.227,0.047382
18.494,74.481,0.042543
18.494,74.491,0.075072
18.494,74.798,0.056657
18.494,74.922,0.082936
18.494,74.922,0.077895
18.494,75.16,0.053565
18.494,75.211,0.074871
18.494,75.237,0.095369
18.494,75.238,0.12158
18.494,73.825,0.1775
18.494,74.204,0.063512
18.494,74.77,0.037973
18.494,74.912,0.047046
18.494,74.927,0.039586
18.494,75.204,0.068351
18.494,75.23,0.041871
18.494,74.408,0.041871
18.494,75.171,0.052221
18.494,75.217,0.06647
18.494,75.234,0.10478
18.494,75.236,0.076685
18.494,75.242,0.10518
18.494,75.256,0.1031
18.494,74.214,0.032529
18.494,74.284,0.040258
18.494,74.721,0.052087
18.494,74.903,0.055313
18.494,75.036,0.093824
18.494,75.219,0.095369
18.494,75.222,0.099267
18.495,74.217,0.0496
18.495,74.219,0.036091
18.495,74.426,0.20156
18.495,74.506,0.045433
18.495,74.574,0.060555
18.495,74.785,0.06573
18.495,75.226,0.077223
18.495,74.786,0.05995
18.495,75.201,0.056455
18.495,75.257,0.12225
18.495,75.337,0.031252
18.495,74.226,0.03636
18.495,75.195,0.090396
18.495,75.251,0.041938
18.496,75.475,0.056859
18.496,74.224,0.048995
18.496,75.198,0.009342
18.496,75.226,0.11587
18.496,74.209,0.039922
18.496,74.211,0.051885
18.496,74.211,0.05995
18.496,74.215,0.036091
18.496,74.939,0.049667
18.496,75.047,0.041199
18.496,75.239,0.10478
18.496,74.377,0.13502
18.497,74.209,0.057329
18.497,74.223,0.057329
18.497,75.202,0.04046
18.497,75.223,0.07151
18.497,74.216,0.032865
18.497,75.208,0.034276
18.497,75.243,0.068351
18.497,75.321,0.044492
18.497,74.74,0.086363
18.497,74.77,0.051213
18.497,75.216,0.041938
18.497,75.259,0.075879
18.497,75.082,0.055178
18.497,75.219,0.10189
18.497,75.853,0.055649
18.498,74.213,0.051213
18.498,74.216,0.032529
18.498,74.441,0.047987
18.498,74.491,0.047987
18.498,74.634,0.06358
18.498,75.095,0.028967
18.498,75.207,0.041938
18.498,75.215,0.043081
18.498,75.248,0.10814
18.498,74.228,0.062504
18.498,74.543,0.039922
18.498,74.888,0.095369
18.498,74.922,0.081928
18.498,75.097,0.032865
18.498,75.117,0.012501
18.498,74.208,0.05995
18.498,74.588,0.067948
18.498,75.097,0.035486
18.498,76.185,0.054775
18.499,74.718,0.073795
18.499,74.87,0.049936
18.499,74.982,0.033134
18.499,75.039,0.037637
18.499,74.219,0.038309
18.499,74.305,0.048995
18.499,75.04,0.052961
18.499,75.211,0.029236
18.499,74.213,0.039922
18.499,74.214,0.043484
18.499,74.223,0.048659
18.499,74.498,0.033537
18.499,74.52,0.060421
18.499,74.207,0.060891
18.499,74.21,0.052221
18.499,74.393,0.040594
18.499,74.57,0.038645
18.499,75.136,0.075543
18.5,74.42,0.033134
18.5,74.469,0.047046
18.5,74.764,0.065394
18.5,75.002,0.051885
18.5,75.102,0.024128
18.5,75.24,0.0054439
18.5,74.95,0.049869
18.5,75,0.037839
18.5,75.196,0.074803
18.5,74.213,0.048659
18.5,74.214,0.041199
18.5,74.215,0.047651
18.5,74.284,0.054775
18.5,74.505,0.062168
18.5,74.561,0.042207
18.5,74.564,0.042207
18.5,75.042,0.053162
18.5,75.099,0.025338
18.5,75.13,0.040796
18.501,73.52,0.10747
18.501,74.353,0.10747
18.501,74.736,0.11412
18.501,75.113,0.034747
18.501,75.214,0.031521
18.501,75.239,0.056926
18.501,74.226,0.048323
18.501,74.245,0.047651
18.501,74.682,0.027354
18.501,75.219,0.020902
18.501,75.281,0.068822
18.501,75.307,0.035621
18.501,74.454,0.075543
18.501,75.256,0.068351
18.501,74.224,0.034478
18.501,75.194,0.11486
18.501,75.237,0.1154
18.502,75.556,0.077895
18.502,74.22,0.058673
18.502,74.575,0.044156
18.502,74.936,0.030244
18.502,75.201,0.046172
18.502,74.217,0.043148
18.502,74.232,0.060421
18.502,74.481,0.036091
18.503,74.224,0.037032
18.503,74.402,0.094025
18.503,75.058,0.063647
18.503,75.286,0.009342
18.503,74.241,0.063512
18.503,74.243,0.065125
18.503,74.438,0.067142
18.503,74.44,0.067142
18.503,74.478,0.067142
18.503,74.697,0.033806
18.503,75.072,0.075207
18.503,75.134,0.036763
18.503,75.22,0.0744
18.503,74.459,0.044761
18.503,74.869,0.055178
18.503,74.885,0.036696
18.503,74.915,0.044761
18.503,75.049,0.039653
18.503,75.233,0.047449
18.503,75.243,0.06815
18.503,74.223,0.062504
18.503,74.479,0.049264
18.503,74.545,0.045097
18.503,74.571,0.055716
18.503,75.029,0.063512
18.503,75.216,0.0094764
18.503,75.536,0.04093
18.504,74.217,0.055447
18.504,74.627,0.098663
18.504,75.114,0.030916
18.504,75.173,0.042207
18.504,75.237,0.069897
18.504,75.241,0.096713
18.504,74.215,0.043484
18.504,75.189,0.1162
18.504,74.217,0.059614
18.504,74.775,0.034747
18.504,74.216,0.048995
18.504,74.243,0.045769
18.504,74.495,0.029706
18.504,74.57,0.045097
18.504,75.19,0.05538
18.504,75.251,0.042207
18.505,74.223,0.047651
18.505,74.527,0.31608
18.505,75.118,0.050877
18.505,76.156,0.031655
18.505,73.574,0.026816
18.505,74.238,0.056724
18.505,74.242,0.035083
18.505,74.245,0.042543
18.505,74.534,0.04093
18.505,75.245,0.095705
18.505,73.755,0.080987
18.505,74.249,0.032529
18.505,74.265,0.12091
18.506,74.89,0.11755
18.506,75,0.055918
18.506,75.318,0.093756
18.506,75.241,0.094832
18.506,75.29,0.045164
18.506,74.213,0.061563
18.506,74.216,0.047987
18.506,74.221,0.04093
18.506,75.218,0.084616
18.506,75.223,0.084616
18.506,74.795,0.04382
18.506,75.205,0.072182
18.507,74.249,0.051213
18.507,74.578,0.03925
18.507,75.201,0.1031
18.507,75.227,0.089993
18.507,75.235,0.10384
18.507,74.806,0.060286
18.507,74.877,0.11721
18.507,75.227,0.088044
18.507,75.247,0.059749
18.507,75.285,0.11755
18.507,73.398,0.23516
18.507,74.481,0.0537
18.507,74.487,0.030244
18.507,74.66,0.039519
18.507,75.064,0.020768
18.507,75.209,0.066133
18.507,75.324,0.043417
18.508,74.214,0.051549
18.508,74.453,0.065797
18.508,75.217,0.029236
18.508,75.289,0.040997
18.508,75.32,0.078231
18.508,74.247,0.053162
18.508,75.221,0.017407
18.508,74.225,0.052221
18.508,74.239,0.046038
18.508,74.558,0.062504
18.508,74.562,0.056052
18.508,74.755,0.050272
18.508,75.275,0.020902
18.508,74.316,0.059749
18.508,74.428,0.044156
18.508,74.914,0.054103
18.508,74.986,0.058337
18.508,75.188,0.06815
18.508,75.275,0.047718
18.509,74.225,0.04671
18.509,74.756,0.067007
18.509,75.208,0.079911
18.509,74.242,0.051213
18.509,74.509,0.075207
18.509,75.203,0.11352
18.509,74.214,0.043484
18.509,74.297,0.079239
18.509,75.211,0.040997
18.509,74.121,0.055918
18.509,74.227,0.044761
18.509,74.903,0.076954
18.509,75.198,0.11486
18.509,75.218,0.091337
18.509,75.339,0.032596
18.51,74.242,0.05249
18.51,74.481,0.051885
18.51,74.582,0.060555
18.51,74.638,0.044089
18.51,74.676,0.064117
18.51,74.755,0.073459
18.51,75.195,0.043081
18.51,74.207,0.048323
18.51,74.22,0.045433
18.51,74.224,0.040594
18.51,74.245,0.053498
18.51,74.396,0.056724
18.51,74.54,0.036696
18.51,75.142,0.049533
18.51,75.218,0.072182
18.51,74.233,0.051885
18.51,74.251,0.037368
18.51,74.59,0.047651
18.51,74.989,0.05249
18.511,74.247,0.041199
18.511,74.343,0.08596
18.511,75.239,0.12494
18.511,74.66,0.042812
18.511,75.24,0.1154
18.511,75.247,0.042409
18.511,74.228,0.047382
18.511,74.243,0.041199
18.511,74.324,0.054238
18.511,74.547,0.030244
18.511,74.958,0.042073
18.511,75.135,0.055044
18.511,75.202,0.049331
18.511,74.234,0.050608
18.511,74.543,0.047046
18.511,74.588,0.046979
18.512,74.229,0.032529
18.512,74.234,0.044156
18.512,74.235,0.039317
18.512,74.339,0.067142
18.512,75.061,0.0073258
18.512,74.226,0.062504
18.512,74.226,0.045097
18.512,74.229,0.060555
18.512,74.244,0.025405
18.512,74.565,0.072182
18.512,75.078,0.036562
18.512,75.091,0.054641
18.512,75.218,0.048122
18.512,74.236,0.037973
18.512,74.97,0.044425
18.512,75.249,0.047785
18.512,74.249,0.034747
18.512,74.254,0.064789
18.512,74.75,0.061899
18.512,74.946,0.056187
18.512,75.229,0.076215
18.512,75.918,0.04046
18.513,74.209,0.055447
18.513,74.225,0.064789
18.513,74.871,0.11755
18.513,75.094,0.046441
18.513,75.26,0.053498
18.513,75.034,0.026077
18.513,75.271,0.043081
18.513,74.218,0.035419
18.513,74.237,0.044156
18.513,74.247,0.036696
18.513,75.311,0.017273
18.514,74.166,0.060354
18.514,74.247,0.054775
18.514,74.452,0.042207
18.514,74.591,0.043484
18.514,74.622,0.043484
18.514,74.32,0.04093
18.514,75.214,0.054439
18.514,74.253,0.044425
18.514,74.472,0.05995
18.514,74.524,0.050003
18.514,74.674,0.050205
18.514,74.331,0.039317
18.514,75.103,0.089657
18.514,75.422,0.050877
18.515,74.238,0.046374
18.515,74.239,0.032529
18.515,74.488,0.044425
18.515,75.181,0.009342
18.515,73.851,0.25775
18.515,74.239,0.043148
18.515,74.239,0.043484
18.516,74.389,0.061899
18.516,74.827,0.021574
18.516,75.052,0.055044
18.516,75.138,0.027488
18.516,74.588,0.056388
18.516,75.191,0.031185
18.516,74.214,0.047046
18.516,74.403,0.10142
18.516,75.095,0.053834
18.516,74.23,0.057329
18.516,74.238,0.038309
18.517,74.228,0.047046
18.517,74.229,0.06284
18.517,74.231,0.040258
18.517,74.501,0.10747
18.517,74.611,0.037973
18.517,74.936,0.049264
18.517,75.069,0.031185
18.517,75.172,0.049667
18.517,75.25,0.045299
18.517,75.302,0.050474
18.517,75.306,0.068486
18.517,75.319,0.10196
18.517,74.538,0.047987
18.517,75.274,0.037637
18.517,74.234,0.055111
18.517,74.401,0.026816
18.517,75.23,0.072653
18.517,74.175,0.045433
18.517,74.299,0.039384
18.517,74.687,0.029774
18.518,75.049,0.021305
18.518,75.222,0.035957
18.518,74.248,0.042207
18.518,74.499,0.035083
18.518,75.223,0.029236
18.518,75.28,0.041535
18.519,74.177,0.047046
18.519,74.233,0.037973
18.519,74.594,0.051885
18.519,75.039,0.063647
18.519,74.235,0.04382
18.519,74.583,0.036091
18.519,74.178,0.03636
18.519,74.172,0.044156
18.519,74.191,0.042543
18.519,74.239,0.047382
18.519,74.244,0.061563
18.519,74.246,0.05249
18.519,74.59,0.048995
18.519,74.965,0.048659
18.52,74.236,0.056388
18.52,74.986,0.074333
18.52,74.196,0.047046
18.52,74.478,0.080583
18.52,74.502,0.040594
18.52,74.567,0.12481
18.52,75.142,0.010686
18.52,73.998,0.20156
18.52,74.235,0.045433
18.52,74.248,0.034142
18.52,74.688,0.047315
18.52,75.187,0.051146
18.52,75.191,0.032059
18.521,74.181,0.028631
18.521,74.592,0.054775
18.521,75.236,0.019423
18.521,74.179,0.041535
18.521,74.24,0.047987
18.521,74.635,0.039922
18.521,74.183,0.054103
18.521,74.239,0.056052
18.521,74.484,0.067142
18.521,75.113,0.06116
18.521,74.186,0.045097
18.521,74.193,0.041535
18.521,74.211,0.046038
18.521,74.258,0.03972
18.521,75.287,0.063714
18.522,73.616,0.033537
18.522,74.189,0.053162
18.522,74.253,0.056724
18.522,74.177,0.046038
18.522,74.225,0.043148
18.522,74.534,0.0496
18.522,74.676,0.056052
18.522,74.9,0.068351
18.522,74.953,0.051079
18.522,74.191,0.036091
18.522,74.236,0.060555
18.522,74.242,0.044425
18.522,74.246,0.063781
18.522,74.519,0.050205
18.522,74.57,0.069628
18.522,75.033,0.048659
18.523,74.502,0.043484
18.523,74.169,0.058337
18.523,74.237,0.061227
18.523,74.239,0.040594
18.523,74.248,0.048659
18.523,74.984,0.083272
18.523,74.183,0.059278
18.523,74.192,0.038981
18.523,74.207,0.04093
18.523,74.239,0.055716
18.523,74.246,0.042812
18.523,74.192,0.040258
18.523,74.196,0.044425
18.523,74.24,0.046374
18.524,73.574,0.060421
18.524,74.246,0.038981
18.524,74.52,0.026816
18.524,74.897,0.065596
18.524,75.244,0.054842
18.524,75.419,0.034075
18.524,75.567,0.029505
18.524,74.647,0.038645
18.524,75.147,0.40735
18.524,75.158,0.033
18.524,75.319,0.10511
18.524,74.178,0.057329
18.524,74.208,0.040258
18.524,74.21,0.044425
18.524,74.248,0.055111
18.524,74.573,0.064117
18.524,75.157,0.039989
18.524,75.42,0.031521
18.525,74.204,0.048659
18.525,74.24,0.052221
18.525,74.518,0.053767
18.525,75.42,0.11896
18.525,75.069,0.042073
18.525,75.101,0.081928
18.525,75.42,0.029505
18.525,74.192,0.044156
18.525,74.224,0.058001
18.525,75.276,0.048659
18.525,75.419,0.064789
18.526,74.421,0.046979
18.526,74.572,0.060891
18.526,74.632,0.030849
18.526,75.419,0.094428
18.526,75.42,0.093151
18.526,74.471,0.050877
18.526,74.53,0.031521
18.526,74.843,0.036091
18.526,75.259,0.067881
18.526,75.297,0.054641
18.526,74.183,0.060891
18.526,74.584,0.04093
18.526,74.237,0.054103
18.526,74.553,0.059278
18.526,74.584,0.070233
18.526,74.897,0.12158
18.526,75.056,0.068083
18.526,75.158,0.017407
18.526,75.393,0.049264
18.526,75.394,0.10028
18.526,75.421,0.15122
18.527,73.509,0.13435
18.527,74.442,0.0537
18.527,74.498,0.087304
18.527,74.839,0.12158
18.527,75.038,0.075207
18.527,75.421,0.16795
18.527,74.243,0.038309
18.527,74.256,0.041535
18.527,74.264,0.03636
18.527,74.49,0.070704
18.527,74.866,0.057396
18.527,75.035,0.063714
18.527,75.207,0.067881
18.527,76.649,0.046441
18.527,74.234,0.035419
18.527,74.849,0.04913
18.527,75.129,0.076551
18.527,75.186,0.032731
18.527,74.483,0.044425
18.527,75.076,0.024733
18.527,75.146,0.010686
18.527,75.393,0.041199
18.528,74.206,0.044761
18.528,74.242,0.05995
18.528,74.57,0.029505
18.528,74.944,0.022179
18.528,74.986,0.035621
18.528,75.058,0.037234
18.528,75.395,0.054103
18.528,75.419,0.040258
18.528,74.237,0.063512
18.528,75.226,0.042073
18.528,75.394,0.094428
18.528,74.234,0.061899
18.528,74.664,0.11419
18.528,75.145,0.043551
18.528,75.396,0.04382
18.529,75.157,0.028026
18.529,75.353,0.061093
18.529,74.551,0.04671
18.529,74.173,0.029639
18.529,74.174,0.042207
18.529,74.239,0.03347
18.529,75.397,0.1693
18.529,75.422,0.027959
18.529,75.422,0.044291
18.529,74.587,0.061563
18.529,74.682,0.14779
18.529,75.226,0.043484
18.529,76.407,0.048659
18.53,74.237,0.037032
18.53,75.904,0.054977
18.53,76.047,0.049197
18.53,75.397,0.06694
18.531,74.253,0.03636
18.531,74.53,0.043148
18.531,75.141,0.029639
18.531,75.226,0.032327
18.531,75.227,0.038847
18.531,75.398,0.072854
18.531,74.239,0.045769
18.531,75.251,0.05417
18.531,75.32,0.029034
18.531,74.175,0.032865
18.531,75.046,0.029505
18.531,75.331,0.027488
18.531,75.341,0.10814
18.531,75.032,0.06237
18.531,75.222,0.059681
18.532,74.244,0.031252
18.532,74.614,0.033806
18.532,75.226,0.054305
18.532,74.236,0.046038
18.532,74.239,0.061899
18.532,75.124,0.048189
18.532,75.399,0.045433
18.532,75.439,0.035688
18.532,74.232,0.045769
18.532,74.241,0.053162
18.532,75.119,0.10478
18.532,75.333,0.053364
18.532,75.439,0.038645
18.533,74.232,0.038309
18.533,74.954,0.060488
18.533,75.186,0.012165
18.533,75.399,0.047651
18.533,74.486,0.042812
18.533,74.242,0.040594
18.533,74.484,0.033537
18.533,74.501,0.080583
18.533,74.529,0.13435
18.533,74.95,0.048659
18.533,75.053,0.049264
18.533,75.106,0.037234
18.533,75.399,0.055111
18.534,74.019,0.047718
18.534,74.959,0.058673
18.534,75.089,0.0537
18.534,75.171,0.044223
18.534,74.174,0.058875
18.534,74.568,0.044156
18.534,74.594,0.042476
18.534,75.4,0.072854
18.534,75.509,0.042207
18.534,74.877,0.044761
18.534,75.209,0.050205
18.534,74.238,0.063176
18.534,74.24,0.040594
18.534,74.371,0.10075
18.534,74.372,0.071846
18.535,75.4,0.16157
18.535,74.192,0.057329
18.535,74.237,0.063781
18.535,74.251,0.053834
18.535,74.252,0.048659
18.535,74.452,0.057396
18.536,75.05,0.073526
18.536,75.199,0.05249
18.536,74.372,0.11956
18.536,74.548,0.051213
18.536,74.818,0.046038
18.536,74.237,0.056724
18.536,74.246,0.062504
18.536,74.246,0.034142
18.536,74.247,0.042207
18.536,74.252,0.046374
18.536,74.363,0.045433
18.536,74.474,0.056388
18.536,74.556,0.048323
18.536,74.592,0.051213
18.536,74.933,0.054103
18.536,74.958,0.049264
18.536,75.054,0.073526
18.536,75.064,0.055044
18.536,75.401,0.23254
18.536,76.203,0.036158
18.536,74.224,0.059614
18.536,74.229,0.041871
18.536,74.246,0.045097
18.536,74.564,0.064453
18.537,74.246,0.044425
18.537,74.549,0.073862
18.537,75.129,0.049062
18.537,75.221,0.083742
18.537,75.401,0.040594
18.537,74.238,0.042812
18.537,75.099,0.021776
18.537,75.15,0.028026
18.537,74.032,0.055918
18.537,74.037,0.086901
18.537,74.187,0.052961
18.537,74.188,0.051549
18.537,74.405,0.048995
18.537,74.8,0.091337
18.537,75.22,0.071779
18.537,75.416,0.086901
18.537,75.42,0.08717
18.538,75.139,0.054305
18.538,75.393,0.064789
18.538,75.403,0.025405
18.538,73.844,0.108
18.538,74.174,0.034276
18.538,74.266,0.044156
18.538,74.684,0.028295
18.538,74.145,0.025069
18.538,74.419,0.0537
18.538,74.144,0.020768
18.538,74.269,0.041535
18.538,74.362,0.29364
18.538,75.054,0.055649
18.538,75.225,0.084616
18.538,75.299,0.063445
18.539,74.247,0.11419
18.539,75.144,0.045702
18.539,74.182,0.076551
18.539,74.183,0.070704
18.539,74.23,0.064453
18.539,74.242,0.061563
18.539,75.007,0.063243
18.539,75.403,0.062504
18.539,74.033,0.042543
18.539,74.249,0.05995
18.539,74.034,0.047046
18.54,74.037,0.050138
18.54,74.038,0.052625
18.54,74.158,0.042678
18.54,74.033,0.046172
18.54,74.037,0.050743
18.54,74.037,0.051482
18.54,74.038,0.042543
18.54,74.249,0.043484
18.54,74.613,0.14779
18.54,75.171,0.017407
18.54,75.206,0.044559
18.54,75.231,0.096445
18.54,75.284,0.048189
18.54,74.034,0.047046
18.54,74.037,0.054439
18.54,74.038,0.052826
18.54,74.038,0.046172
18.54,74.038,0.046105
18.54,74.042,0.050675
18.54,74.155,0.070704
18.54,74.237,0.056388
18.54,74.248,0.034142
18.54,74.603,0.063445
18.541,74.034,0.042543
18.541,74.036,0.042543
18.541,74.038,0.043282
18.541,74.038,0.044761
18.541,74.038,0.052423
18.541,74.152,0.067746
18.541,74.187,0.082465
18.541,74.24,0.042812
18.541,75.146,0.052087
18.541,75.207,0.079844
18.541,75.584,0.090329
18.541,74.033,0.046979
18.541,74.033,0.050003
18.541,74.034,0.047046
18.541,74.034,0.046172
18.541,74.036,0.043282
18.541,74.038,0.047718
18.541,74.039,0.04624
18.541,74.141,0.055985
18.541,74.152,0.050071
18.541,74.159,0.048592
18.541,74.159,0.054439
18.541,74.201,0.052087
18.541,74.247,0.032865
18.541,74.289,0.046307
18.541,74.316,0.12965
18.541,74.034,0.044694
18.541,74.034,0.042543
18.541,74.036,0.046172
18.541,74.038,0.044694
18.541,74.038,0.042543
18.541,74.039,0.044694
18.541,74.039,0.050003
18.541,74.041,0.047046
18.541,74.042,0.042812
18.541,74.042,0.044694
18.541,74.141,0.076551
18.541,74.142,0.072182
18.541,74.153,0.048592
18.541,74.159,0.064789
18.541,74.159,0.075072
18.541,74.174,0.038981
18.541,74.235,0.029908
18.541,74.243,0.034478
18.541,74.379,0.14779
18.541,74.033,0.043282
18.541,74.034,0.047718
18.541,74.034,0.046172
18.541,74.037,0.047046
18.541,74.039,0.042543
18.541,74.039,0.052625
18.541,74.042,0.047046
18.541,74.042,0.050675
18.541,74.042,0.043282
18.541,74.043,0.048054
18.541,74.142,0.072182
18.541,74.147,0.061832
18.541,74.153,0.055918
18.541,74.159,0.085422
18.541,74.237,0.038309
18.541,74.48,0.042543
18.541,74.584,0.063109
18.542,73.83,0.013375
18.542,74.142,0.057396
18.542,74.237,0.059614
18.542,74.569,0.054103
18.542,75.152,0.039384
18.542,75.4,0.036965
18.542,73.539,0.067142
18.542,73.953,0.057396
18.542,73.969,0.058875
18.542,74.142,0.082465
18.542,74.144,0.061832
18.542,74.144,0.066268
18.542,74.16,0.054439
18.542,74.26,0.061899
18.542,74.807,0.090261
18.542,75.091,0.063647
18.542,75.554,0.068351
18.542,74.101,0.050877
18.542,74.145,0.058875
18.542,74.147,0.08838
18.542,74.147,0.070704
18.542,74.147,0.070704
18.542,74.161,0.055918
18.542,74.238,0.047382
18.543,74.15,0.086901
18.543,74.162,0.072182
18.543,74.171,0.050071
18.543,74.239,0.054439
18.543,74.242,0.052826
18.543,74.312,0.041065
18.543,74.414,0.059278
18.543,74.452,0.061832
18.543,75.039,0.055044
18.543,74.153,0.044156
18.543,74.154,0.051549
18.543,74.159,0.073594
18.543,74.16,0.036763
18.543,74.237,0.052221
18.543,74.245,0.027018
18.543,75.094,0.068822
18.543,74.159,0.063311
18.543,74.16,0.054439
18.543,74.171,0.044156
18.543,74.37,0.046979
18.543,74.704,0.076551
18.543,74.146,0.051549
18.543,74.146,0.085422
18.543,74.151,0.03972
18.543,74.151,0.057396
18.543,74.154,0.036763
18.543,74.154,0.051549
18.543,74.159,0.044156
18.543,74.16,0.072182
18.543,75.167,0.075207
18.543,75.242,0.048928
18.543,75.249,0.053834
18.544,74.147,0.072182
18.544,74.167,0.066268
18.544,74.231,0.18745
18.544,74.237,0.05706
18.544,74.24,0.048659
18.544,74.242,0.045769
18.544,74.411,0.046172
18.544,74.448,0.12763
18.544,74.53,0.047046
18.544,74.142,0.060354
18.544,74.158,0.061832
18.544,74.239,0.049936
18.544,74.374,0.068956
18.544,74.592,0.06237
18.544,75.199,0.094764
18.544,74.142,0.055918
18.544,74.157,0.066268
18.544,74.158,0.075072
18.544,74.237,0.040594
18.544,74.42,0.051213
18.544,74.023,0.061832
18.544,74.154,0.025472
18.544,74.167,0.086901
18.544,74.239,0.037704
18.544,75.025,0.047853
18.544,75.056,0.034209
18.545,74.036,0.043215
18.545,74.222,0.041065
18.545,74.287,0.058404
18.545,74.156,0.069225
18.545,74.183,0.024934
18.545,75.229,0.068351
18.545,74.168,0.061832
18.545,74.32,0.035755
18.546,74.255,0.041199
18.546,74.803,0.032731
18.546,74.16,0.054439
18.546,74.169,0.086901
18.546,74.366,0.047046
18.546,74.865,0.060421
18.546,75.315,0.096041
18.546,74.173,0.070704
18.546,74.173,0.075072
18.546,75.078,0.048189
18.546,75.147,0.08838
18.547,74.168,0.072182
18.547,74.173,0.054439
18.547,74.176,0.067746
18.547,74.176,0.064789
18.547,74.251,0.049264
18.547,75.171,0.031588
18.547,75.188,0.0289
18.547,75.198,0.038847
18.547,74.168,0.051549
18.547,74.172,0.064789
18.547,74.177,0.073594
18.547,74.349,0.060286
18.547,74.168,0.055918
18.547,74.171,0.067746
18.547,74.25,0.049264
18.547,74.958,0.037839
18.547,75.042,0.055044
18.547,74.166,0.067746
18.547,75.123,0.055178
18.547,75.311,0.03972
18.548,74.253,0.047718
18.548,74.448,0.038981
18.548,75.16,0.10538
18.548,75.598,0.056657
18.548,74.032,0.069225
18.548,74.041,0.067746
18.549,74.156,0.057396
18.549,74.992,0.032327
18.549,74.023,0.072182
18.549,74.156,0.058875
18.549,74.318,0.0537
18.549,74.864,0.029505
18.549,74.156,0.086901
18.549,74.167,0.073594
18.549,75.237,0.050205
18.55,74.481,0.031521
18.55,75.144,0.03468
18.55,75.148,0.060421
18.55,74.153,0.058875
18.55,74.156,0.060354
18.55,74.172,0.060354
18.55,74.931,0.058337
18.55,74.95,0.048054
18.55,74.958,0.037839
18.55,74.981,0.054103
18.55,74.986,0.052288
18.55,74.168,0.073594
18.55,74.172,0.058875
18.55,74.492,0.053498
18.55,74.586,0.061563
18.55,75.036,0.034814
18.55,75.152,0.047785
18.55,75.226,0.094764
18.55,75.275,0.28221
18.55,75.317,0.075879
18.551,74.153,0.036763
18.551,74.167,0.070704
18.551,74.586,0.091202
18.551,75.003,0.054439
18.551,75.074,0.041065
18.551,75.093,0.03515
18.551,75.149,0.027488
18.551,74.163,0.054439
18.551,74.175,0.058875
18.551,74.772,0.044492
18.551,75.219,0.036965
18.551,74.16,0.055918
18.551,74.135,0.063311
18.551,74.16,0.058875
18.551,74.172,0.08838
18.551,74.863,0.066201
18.551,74.918,0.060354
18.551,75.105,0.074333
18.551,75.144,0.039317
18.551,75.163,0.074602
18.551,75.168,0.0455
18.551,75.2,0.063647
18.551,75.261,0.067074
18.551,75.308,0.095369
18.552,73.539,0.026816
18.552,74.163,0.060354
18.552,74.205,0.049264
18.552,74.153,0.072182
18.552,74.153,0.0028228
18.552,74.164,0.070704
18.552,74.545,0.10747
18.552,74.164,0.061832
18.552,74.172,0.066268
18.552,74.153,0.066268
18.552,74.154,0.058875
18.552,74.16,0.03972
18.552,74.165,0.064789
18.552,74.168,0.063311
18.552,74.224,0.030042
18.552,74.597,0.065058
18.553,74.035,0.044761
18.553,74.036,0.052826
18.553,74.166,0.070704
18.553,74.22,0.041065
18.553,74.247,0.055447
18.553,74.792,0.080583
18.553,74.95,0.034814
18.553,76.047,0.049197
18.553,74.16,0.067746
18.553,74.165,0.078029
18.553,74.166,0.063311
18.553,75.213,0.034276
18.553,73.506,0.067142
18.553,74.108,0.039452
18.553,74.166,0.063311
18.553,74.166,0.086901
18.553,74.592,0.042812
18.553,75.206,0.049264
18.554,74.166,0.061832
18.554,74.221,0.047046
18.554,75.267,0.06358
18.554,74.166,0.060354
18.554,74.169,0.079508
18.554,74.169,0.064789
18.554,75.214,0.06815
18.554,74.155,0.075072
18.554,74.157,0.03636
18.554,74.179,0.028362
18.554,75.019,0.094563
18.554,75.247,0.040392
18.555,74.17,0.050071
18.555,74.175,0.058875
18.555,75.049,0.035217
18.555,75.104,0.041871
18.555,75.261,0.031185
18.555,75.262,0.13509
18.555,74.169,0.058875
18.555,74.175,0.051549
18.555,75.209,0.040796
18.555,74.039,0.044694
18.555,74.153,0.057396
18.555,74.172,0.044156
18.555,74.301,0.048122
18.556,74.17,0.08838
18.556,74.175,0.069225
18.556,74.608,0.044425
18.556,74.849,0.062773
18.556,74.139,0.030042
18.556,74.159,0.060354
18.556,74.172,0.03972
18.556,74.176,0.066268
18.556,74.177,0.082465
18.556,74.15,0.060354
18.556,74.154,0.072182
18.556,74.161,0.050071
18.556,74.164,0.060354
18.556,74.167,0.052961
18.556,74.176,0.058875
18.556,74.179,0.079508
18.556,74.351,0.083944
18.556,74.154,0.066268
18.556,74.193,0.079508
18.556,74.344,0.025136
18.556,75.293,0.049331
18.557,74.167,0.073594
18.557,74.22,0.041468
18.557,74.426,0.0537
18.557,74.923,0.11755
18.557,74.035,0.082465
18.557,74.216,0.075072
18.557,74.314,0.060421
18.557,74.445,0.040258
18.557,74.695,0.087708
18.557,75.067,0.052288
18.558,74.025,0.080987
18.558,74.035,0.066268
18.558,74.183,0.075072
18.558,74.583,0.045769
18.558,74.036,0.073594
18.558,74.037,0.057396
18.558,74.183,0.086901
18.558,75.146,0.047584
18.558,74.036,0.075072
18.558,74.316,0.0019491
18.558,74.441,0.12091
18.558,74.858,0.13025
18.558,74.037,0.069225
18.558,74.037,0.078029
18.558,74.154,0.047113
18.558,74.165,0.073594
18.558,74.187,0.075072
18.558,74.248,0.043148
18.558,74.506,0.05249
18.558,74.786,0.04261
18.558,75.169,0.043014
18.558,75.201,0.063714
18.558,75.206,0.03925
18.558,75.419,0.045635
18.559,74.169,0.055918
18.559,74.173,0.054439
18.559,74.558,0.053431
18.559,74.654,0.037973
18.559,74.687,0.050071
18.559,74.853,0.062437
18.559,74.967,0.094496
18.559,75.184,0.074333
18.559,73.614,0.16412
18.559,74.037,0.070704
18.559,74.144,0.024934
18.559,74.153,0.055918
18.559,74.165,0.057396
18.559,74.17,0.083944
18.559,74.184,0.051549
18.559,74.038,0.072182
18.559,74.296,0.03636
18.559,74.341,0.055111
18.559,74.036,0.061832
18.559,74.174,0.058875
18.559,74.788,0.055851
18.559,75.071,0.11755
18.559,75.216,0.039855
18.559,75.607,0.055716
18.56,73.47,0.046979
18.56,74.036,0.055918
18.56,74.321,0.047785
18.56,75.276,0.069897
18.56,75.984,0.055178
18.56,74.037,0.055918
18.56,74.217,0.060354
18.56,75.166,0.055313
18.56,75.442,0.088447
18.56,74.153,0.041065
18.561,74.16,0.10014
18.561,74.166,0.091337
18.561,74.175,0.10458
18.561,74.308,0.033
18.561,74.74,0.068015
18.561,74.828,0.068956
18.561,74.9,0.10061
18.561,74.908,0.089993
18.561,74.153,0.070704
18.561,74.163,0.083944
18.561,74.252,0.045433
18.561,74.263,0.067142
18.561,74.318,0.046979
18.561,74.368,0.034276
18.561,74.883,0.043282
18.561,76.136,0.029774
18.561,74.165,0.066268
18.561,74.166,0.066268
18.561,74.171,0.054439
18.561,75.246,0.070166
18.561,74.166,0.055918
18.561,74.166,0.066268
18.561,74.166,0.098663
18.561,74.434,0.12763
18.561,74.593,0.067142
18.561,75.146,0.063647
18.562,74.154,0.10458
18.562,75.155,0.026144
18.562,74.166,0.09799
18.562,74.171,0.086901
18.562,74.172,0.032059
18.562,74.195,0.03058
18.562,74.32,0.047651
18.562,74.514,0.041871
18.562,74.176,0.10458
18.562,74.192,0.060354
18.562,74.782,0.091942
18.562,74.977,0.10747
18.562,75.1,0.06358
18.562,74.177,0.086901
18.562,75.182,0.017273
18.562,76.532,0.070099
18.563,74.177,0.070704
18.563,74.397,0.048323
18.563,74.883,0.029303
18.563,75.029,0.094092
18.563,74.169,0.060354
18.563,74.17,0.055918
18.563,74.171,0.086901
18.563,74.176,0.054439
18.563,74.222,0.036763
18.563,74.245,0.033134
18.563,74.263,0.026077
18.563,74.169,0.058875
18.563,74.171,0.055918
18.563,74.175,0.086901
18.563,74.176,0.060354
18.563,74.468,0.068351
18.564,74.574,0.044761
18.564,73.57,0.055918
18.564,74.158,0.064789
18.564,74.164,0.039452
18.564,74.877,0.038511
18.564,75,0.031185
18.564,75.089,0.049869
18.564,74.119,0.022515
18.564,74.253,0.047718
18.564,74.907,0.073594
18.564,74.961,0.055044
18.565,74.162,0.075072
18.565,74.376,0.0537
18.565,74.403,0.067142
18.565,74.498,0.026816
18.565,75.249,0.040997
18.565,76.253,0.063714
18.565,73.564,0.045635
18.565,74.162,0.11493
18.565,74.164,0.057396
18.565,75.1,0.037637
18.565,75.534,0.022851
18.565,75.312,0.028093
18.566,74.173,0.079508
18.566,74.252,0.15317
18.566,75.186,0.053297
18.566,75.284,0.051482
18.566,74.167,0.058875
18.566,74.169,0.070704
18.566,74.17,0.083944
18.566,74.176,0.032731
18.566,74.188,0.098663
18.566,74.303,0.035755
18.566,74.514,0.067142
18.566,75.146,0.071779
18.566,75.152,0.067746
18.566,74.876,0.13435
18.566,75.183,0.010686
18.566,75.228,0.047785
18.566,75.036,0.045097
18.567,74.17,0.054439
18.567,74.286,0.039922
18.567,74.301,0.024934
18.567,75.006,0.055918
18.567,75.119,0.056791
18.567,75.126,0.085221
18.567,75.22,0.054372
18.567,75.501,0.098058
18.567,74.162,0.060354
18.567,74.165,0.054439
18.567,74.171,0.070704
18.567,74.165,0.10014
18.567,75.147,0.05249
18.567,74.165,0.054439
18.567,74.17,0.070704
18.567,76.251,0.13556
18.568,74.099,0.03972
18.568,74.153,0.054439
18.568,74.175,0.073594
18.568,74.176,0.039048
18.568,74.327,0.046979
18.568,75.279,0.063714
18.568,74.16,0.054439
18.568,74.16,0.078029
18.568,74.164,0.045635
18.568,74.164,0.098663
18.568,74.165,0.072182
18.568,74.165,0.070704
18.568,74.166,0.085422
18.568,74.174,0.060354
18.568,75.006,0.028765
18.568,75.523,0.077895
18.568,74.159,0.073594
18.568,74.163,0.066268
18.568,74.175,0.070704
18.568,75.045,0.026144
18.568,75.102,0.067074
18.569,75.087,0.012702
18.569,75.314,0.048256
18.569,74.156,0.060354
18.569,74.175,0.10162
18.569,75.233,0.06573
18.569,75.246,0.067881
18.569,75.534,0.082936
18.569,74.153,0.072182
18.569,74.647,0.077156
18.569,75.266,0.053767
18.569,74.151,0.089858
18.569,74.156,0.060354
18.569,74.171,0.060354
18.569,74.559,0.041199
18.569,75.168,0.020768
18.569,75.228,0.041938
18.57,74.157,0.060354
18.57,74.164,0.066268
18.57,74.182,0.031118
18.57,74.284,0.10478
18.57,75.16,0.053767
18.57,73.477,0.28221
18.57,74.018,0.060354
18.57,74.171,0.083944
18.57,74.95,0.11755
18.57,75.05,0.034747
18.57,75.074,0.012501
18.57,75.22,0.012501
18.57,75.551,0.10511
18.57,74.159,0.075072
18.57,74.233,0.045904
18.57,74.899,0.081928
18.57,75.121,0.04913
18.57,75.209,0.056523
18.57,75.237,0.017273
18.571,74.162,0.10014
18.571,74.263,0.047718
18.571,75.088,0.052154
18.571,74.162,0.083944
18.571,74.738,0.067142
18.571,74.874,0.040527
18.571,75.739,0.038712
18.571,74.153,0.054439
18.571,74.245,0.083944
18.571,75.141,0.069696
18.571,75.264,0.047449
18.571,74.161,0.060354
18.571,74.162,0.086901
18.571,74.173,0.034276
18.571,74.179,0.034276
18.571,74.48,0.045769
18.571,74.539,0.079978
18.571,75.284,0.048189
18.571,75.362,0.0248
18.572,74.157,0.075072
18.572,74.161,0.060354
18.572,74.164,0.054439
18.572,74.175,0.078029
18.572,74.888,0.075207
18.572,75.217,0.012702
18.572,75.229,0.010686
18.572,75.294,0.042946
18.572,74.024,0.089858
18.572,74.146,0.045904
18.572,74.155,0.086901
18.572,75.189,0.063647
18.572,75.561,0.076215
18.572,75.564,0.034276
18.572,74.019,0.069225
18.572,74.151,0.061832
18.572,74.16,0.10162
18.572,74.169,0.061832
18.572,75.139,0.027488
18.572,76.134,0.0455
18.573,74.09,0.048794
18.573,74.154,0.075072
18.573,74.155,0.080987
18.573,74.579,0.14779
18.573,75.553,0.1031
18.573,74.023,0.070704
18.573,74.158,0.070704
18.573,75.197,0.050272
18.573,75.559,0.10007
18.573,74.023,0.083944
18.573,74.024,0.064789
18.573,74.024,0.064789
18.573,74.761,0.055918
18.573,75.054,0.033403
18.573,74.024,0.058875
18.573,74.037,0.066268
18.573,74.15,0.070704
18.573,74.16,0.085422
18.573,74.16,0.064789
18.573,74.176,0.044156
18.573,74.413,0.045635
18.573,75.564,0.068351
18.573,75.681,0.072182
18.574,74.019,0.072182
18.574,74.019,0.067746
18.574,74.02,0.066268
18.574,74.021,0.045635
18.574,74.025,0.069225
18.574,74.152,0.069225
18.574,74.256,0.03058
18.574,74.574,0.063311
18.574,75.176,0.012501
18.574,74.019,0.083944
18.574,74.024,0.060354
18.574,74.025,0.057396
18.574,74.025,0.052961
18.574,74.028,0.051549
18.574,74.141,0.080987
18.574,74.154,0.054439
18.574,74.157,0.078029
18.574,74.259,0.036763
18.574,74.263,0.024934
18.574,74.319,0.061832
18.574,74.338,0.035822
18.574,74.386,0.039922
18.574,74.02,0.060354
18.574,74.028,0.086901
18.574,74.028,0.072182
18.574,74.039,0.060354
18.574,74.042,0.076551
18.574,74.154,0.10458
18.574,75.099,0.03468
18.574,75.267,0.052759
18.574,75.559,0.10377
18.574,74.024,0.079508
18.574,74.026,0.051549
18.574,74.154,0.060354
18.574,74.156,0.08838
18.574,74.163,0.076551
18.574,74.582,0.046979
18.575,74.028,0.054439
18.575,74.15,0.060354
18.575,75.183,0.017273
18.575,75.232,0.03757
18.575,74.021,0.072182
18.575,74.026,0.063311
18.575,74.154,0.054439
18.575,74.155,0.075072
18.575,74.164,0.070704
18.575,74.532,0.068956
18.575,74.766,0.050608
18.575,74.021,0.070704
18.575,74.029,0.044156
18.575,74.156,0.067746
18.575,74.158,0.047113
18.575,74.174,0.039452
18.575,74.182,0.049331
18.575,74.292,0.041065
18.575,74.55,0.058942
18.575,75.171,0.034545
18.575,75.553,0.098394
18.576,74.022,0.054439
18.576,74.025,0.064789
18.576,74.029,0.072182
18.576,74.145,0.033403
18.576,74.172,0.057396
18.576,74.025,0.073594
18.576,74.176,0.075072
18.576,74.207,0.047718
18.576,75.278,0.023254
18.576,74.019,0.067746
18.576,74.02,0.054439
18.576,74.022,0.03972
18.576,74.024,0.054439
18.576,74.025,0.073594
18.576,74.157,0.070704
18.576,74.159,0.11493
18.576,74.372,0.029639
18.576,75.293,0.098663
18.576,74.02,0.041199
18.576,74.02,0.072182
18.576,74.021,0.075072
18.576,74.023,0.072182
18.576,74.024,0.063311
18.576,74.026,0.052961
18.576,74.159,0.089858
18.576,74.766,0.035419
18.576,74.863,0.035486
18.576,75.086,0.027488
18.577,74.152,0.054439
18.577,74.16,0.075072
18.577,74.196,0.030983
18.577,75.289,0.089724
18.577,74.025,0.086901
18.577,74.331,0.044156
18.577,75.051,0.059009
18.577,75.552,0.11889
18.577,74.152,0.052961
18.577,74.157,0.083944
18.577,74.492,0.033537
18.577,74.959,0.045904
18.578,74.024,0.054439
18.578,74.024,0.072182
18.578,74.031,0.063311
18.578,74.154,0.082465
18.578,74.159,0.1193
18.578,74.17,0.066268
18.578,74.364,0.032865
18.578,75.558,0.096377
18.578,74.024,0.070704
18.578,74.027,0.058875
18.578,74.031,0.070704
18.578,74.252,0.039922
18.578,74.857,0.056657
18.578,74.024,0.061832
18.578,74.025,0.067746
18.578,74.145,0.021574
18.578,74.161,0.032731
18.578,74.343,0.040258
18.578,74.388,0.060421
18.578,74.943,0.055044
18.578,75.524,0.068351
18.578,75.561,0.096377
18.579,74.025,0.045635
18.579,75.064,0.037503
18.579,75.555,0.090127
18.579,74.024,0.069225
18.579,74.024,0.073594
18.579,74.166,0.047113
18.579,74.349,0.10666
18.579,75.049,0.0578
18.579,75.554,0.082936
18.579,75.559,0.095369
18.579,74.029,0.055918
18.579,74.175,0.083944
18.579,74.175,0.069359
18.579,74.35,0.039384
18.579,75.56,0.075543
18.579,75.56,0.1119
18.579,75.675,0.075072
18.579,74.021,0.070704
18.579,74.026,0.080987
18.579,74.16,0.044156
18.579,74.176,0.03972
18.579,74.246,0.055447
18.579,74.729,0.078567
18.579,74.761,0.066268
18.579,75.164,0.061227
18.579,75.553,0.096445
18.58,74.022,0.063311
18.58,74.146,0.052961
18.58,74.151,0.08838
18.58,74.266,0.035957
18.58,74.301,0.045836
18.58,75.12,0.036494
18.58,75.251,0.053565
18.58,75.507,0.076887
18.58,75.508,0.091337
18.58,74.022,0.054439
18.58,74.022,0.070704
18.58,74.025,0.070704
18.58,74.877,0.05249
18.58,75.023,0.020768
18.58,75.553,0.10343
18.58,76.384,0.048323
18.58,74.023,0.060354
18.58,74.027,0.086901
18.58,74.146,0.024934
18.58,74.404,0.062168
18.58,75.035,0.011291
18.581,74.161,0.060354
18.581,74.165,0.075072
18.581,74.175,0.073594
18.581,74.175,0.11782
18.581,74.95,0.049869
18.581,74.967,0.057127
18.581,75.046,0.022179
18.581,75.081,0.052893
18.581,75.133,0.020902
18.581,75.227,0.046845
18.581,75.519,0.080449
18.581,75.544,0.088514
18.581,75.551,0.068351
18.581,74.129,0.046105
18.581,74.242,0.024934
18.581,75.501,0.078298
18.581,74.04,0.045635
18.581,75.505,0.095369
18.581,75.509,0.10343
18.581,74.156,0.058875
18.581,74.348,0.033537
18.582,74.156,0.075072
18.582,74.165,0.054439
18.582,74.165,0.083944
18.582,74.348,0.060286
18.582,75.555,0.075879
18.582,75.571,0.068351
18.582,74.165,0.064789
18.582,74.334,0.035755
18.582,74.371,0.037301
18.582,74.021,0.058875
18.582,74.029,0.067746
18.582,74.175,0.070704
18.582,75.56,0.068351
18.582,74.166,0.032731
18.582,74.313,0.036427
18.582,75.145,0.027488
18.582,75.508,0.076954
18.582,75.508,0.077895
18.583,74.157,0.089858
18.583,74.612,0.031252
18.583,75.782,0.046172
18.583,74.182,0.043484
18.583,74.215,0.032731
18.583,75.181,0.0098797
18.583,75.205,0.047853
18.583,75.741,0.036696
18.583,74.124,0.035822
18.583,74.975,0.049264
18.583,75.151,0.009342
18.583,75.545,0.10478
18.584,74.171,0.031655
18.584,74.674,0.028631
18.584,75.465,0.084213
18.584,76.016,0.021507
18.584,75.241,0.041938
18.584,74.154,0.03058
18.584,74.159,0.070704
18.584,74.175,0.060354
18.584,74.222,0.030446
18.584,75.534,0.098394
18.584,74.173,0.051549
18.584,74.438,0.14107
18.584,74.998,0.034814
18.584,75.505,0.09174
18.584,75.547,0.09053
18.584,75.55,0.090396
18.584,75.559,0.10948
18.585,74.174,0.080987
18.585,74.982,0.04792
18.585,75.057,0.074131
18.585,75.504,0.095033
18.585,75.511,0.078702
18.585,75.535,0.081928
18.585,74.228,0.038376
18.585,75.536,0.1236
18.585,75.538,0.098058
18.585,75.551,0.11701
18.586,75.127,0.028026
18.586,75.528,0.10485
18.586,75.537,0.10142
18.586,74.039,0.046979
18.586,74.185,0.037166
18.586,74.729,0.048054
18.586,75.23,0.056993
18.586,75.504,0.081928
18.586,75.508,0.084885
18.586,75.546,0.089993
18.586,74.152,0.034276
18.586,74.175,0.086901
18.586,75.166,0.070435
18.586,76.501,0.09873
18.587,74.174,0.061832
18.587,75.108,0.052154
18.587,75.507,0.076551
18.587,75.509,0.10384
18.587,75.551,0.078634
18.587,75.56,0.095437
18.587,74.169,0.060354
18.587,74.169,0.060354
18.587,74.248,0.052087
18.587,75.552,0.10357
18.587,75.561,0.10384
18.587,75.604,0.0826
18.587,75.658,0.083944
18.587,74.151,0.076551
18.587,74.151,0.067746
18.587,74.153,0.086901
18.587,74.175,0.060354
18.587,74.192,0.048256
18.587,74.573,0.062168
18.587,74.871,0.054305
18.587,75.359,0.02312
18.587,75.469,0.066873
18.587,74.241,0.032193
18.587,74.529,0.030916
18.587,75.147,0.063512
18.587,75.203,0.028026
18.587,75.508,0.095235
18.588,75.517,0.10485
18.588,75.551,0.081659
18.588,74.251,0.036763
18.588,75.405,0.081928
18.588,75.504,0.073862
18.588,75.532,0.058808
18.588,75.523,0.11486
18.588,75.539,0.078567
18.589,74.146,0.049264
18.589,74.158,0.024934
18.589,74.727,0.10142
18.589,73.442,0.040258
18.589,74.169,0.047718
18.589,74.378,0.034142
18.589,74.396,0.042207
18.589,74.92,0.023389
18.589,74.95,0.058337
18.589,75.073,0.048726
18.589,75.079,0.056791
18.589,75.505,0.096377
18.589,75.509,0.088648
18.589,75.523,0.070166
18.589,74.38,0.054775
18.589,75.002,0.065596
18.589,75.552,0.10303
18.589,75.557,0.068351
18.589,74.174,0.073594
18.589,74.209,0.03179
18.589,74.487,0.038645
18.589,75.049,0.052961
18.589,75.076,0.05491
18.589,75.258,0.058001
18.589,75.465,0.070502
18.59,74.155,0.085422
18.59,74.172,0.041199
18.59,74.208,0.036427
18.59,74.744,0.057329
18.59,75.226,0.027488
18.59,75.298,0.053969
18.59,75.505,0.070636
18.59,75.531,0.065125
18.59,75.542,0.078567
18.59,74.155,0.038712
18.59,74.201,0.036763
18.59,74.918,0.055716
18.59,75.519,0.079105
18.59,75.558,0.11486
18.59,74.164,0.036763
18.59,74.322,0.043484
18.59,74.831,0.041199
18.591,74.074,0.03804
18.591,74.16,0.055918
18.591,74.161,0.069225
18.591,74.259,0.036763
18.591,75.257,0.052154
18.591,75.561,0.069964
18.591,74.892,0.095369
18.591,75.559,0.090597
18.591,74.379,0.034142
18.591,74.416,0.046374
18.591,75.226,0.058808
18.591,75.45,0.075879
18.591,75.554,0.067881
18.591,75.563,0.082936
18.591,74.074,0.036763
18.591,74.204,0.032798
18.592,74.162,0.069225
18.592,74.166,0.086901
18.592,74.411,0.059749
18.592,75.314,0.036293
18.592,75.493,0.072586
18.592,75.539,0.1119
18.592,75.562,0.09705
18.592,74.161,0.037435
18.592,74.171,0.083944
18.592,74.175,0.060354
18.592,74.256,0.03058
18.592,75.506,0.068351
18.592,75.552,0.1115
18.592,75.553,0.096377
18.592,74.159,0.066268
18.592,75.553,0.11217
18.592,75.556,0.069494
18.592,75.559,0.10868
18.593,74.116,0.057396
18.593,75.121,0.051818
18.593,75.134,0.054238
18.593,75.599,0.041602
18.593,74.179,0.041065
18.593,74.372,0.071846
18.593,74.514,0.054103
18.593,75.225,0.056926
18.593,75.227,0.017407
18.593,75.565,0.092681
18.593,75.576,0.067814
18.593,75.038,0.012098
18.593,75.539,0.075207
18.593,75.556,0.074535
18.593,75.559,0.10511
18.593,75.561,0.070368
18.594,74.166,0.041065
18.594,74.908,0.085086
18.594,75.263,0.024128
18.594,75.292,0.045433
18.594,75.327,0.039519
18.594,75.494,0.07319
18.594,75.559,0.10384
18.594,75.641,0.083944
18.594,74.363,0.037032
18.594,74.411,0.061765
18.594,75.551,0.10679
18.594,75.559,0.11587
18.594,74.236,0.062437
18.594,74.375,0.10881
18.594,74.4,0.10142
18.594,75.278,0.060421
18.594,75.539,0.077626
18.594,75.552,0.078097
18.594,74.185,0.037301
18.595,74.086,0.047785
18.595,74.311,0.030042
18.595,74.751,0.20828
18.595,74.851,0.039452
18.595,75.535,0.083675
18.595,73.542,0.020095
18.595,75.087,0.033403
18.595,74.222,0.033336
18.595,75.558,0.10343
18.596,74.144,0.036763
18.596,75.471,0.078567
18.596,75.499,0.095369
18.596,74.213,0.036763
18.596,75.295,0.017273
18.596,75.539,0.083944
18.596,75.557,0.10599
18.596,75.603,0.077895
18.596,74.197,0.03058
18.596,75.158,0.024128
18.596,75.469,0.083944
18.596,74.193,0.024934
18.596,74.195,0.03058
18.597,74.454,0.039586
18.597,74.089,0.044895
18.597,75.218,0.052893
18.597,75.548,0.098394
18.597,75.554,0.11049
18.597,75.585,0.11486
18.597,75.688,0.028765
18.597,74.089,0.040056
18.597,75.128,0.044627
18.597,75.248,0.053565
18.597,75.475,0.078298
18.598,74.144,0.025271
18.598,74.211,0.030446
18.598,74.29,0.041065
18.598,75.041,0.061294
18.598,75.078,0.06573
18.598,75.13,0.054238
18.598,74.134,0.032731
18.598,74.892,0.11083
18.598,75.018,0.026547
18.598,75.181,0.02359
18.598,75.476,0.097386
18.598,75.499,0.10921
18.598,75.507,0.079105
18.598,75.539,0.10814
18.598,75.469,0.082936
18.598,74.269,0.030042
18.598,74.321,0.021843
18.598,74.732,0.095369
18.598,75.094,0.034747
18.598,75.357,0.029841
18.599,74.178,0.033268
18.599,74.499,0.051885
18.599,75.059,0.076282
18.599,75.073,0.028026
18.599,75.107,0.06573
18.599,74.185,0.030042
18.599,74.269,0.024934
18.599,74.314,0.024666
18.599,74.32,0.11956
18.599,75.129,0.053767
18.599,76.345,0.068486
18.599,74.289,0.028967
18.599,74.332,0.06284
18.599,75.971,0.049936
18.599,74.2,0.036763
18.599,74.907,0.074535
18.6,75.076,0.014047
18.6,75.534,0.076954
18.6,74.371,0.022582
18.6,75.008,0.058337
18.6,75.053,0.04792
18.6,75.539,0.07897
18.6,75.539,0.071981
18.6,74.079,0.036091
18.6,74.141,0.024934
18.6,74.168,0.032462
18.6,74.258,0.028967
18.6,75.111,0.052961
18.6,75.319,0.041938
18.6,75.341,0.0496
18.6,75.62,0.083944
18.601,74.196,0.033403
18.601,75.114,0.032865
18.601,75.467,0.07897
18.601,75.583,0.10881
18.601,75.621,0.075207
18.601,74.773,0.080919
18.601,73.41,0.046979
18.601,75.086,0.067612
18.601,75.118,0.056119
18.601,75.24,0.081255
18.601,75.539,0.096377
18.601,75.55,0.084616
18.601,76.18,0.027556
18.601,74.37,0.033336
18.601,74.556,0.071577
18.601,75.55,0.06815
18.602,74.109,0.048525
18.602,74.968,0.037973
18.602,75.036,0.01613
18.602,74.101,0.044895
18.602,74.112,0.039452
18.602,74.22,0.044627
18.602,74.28,0.020768
18.602,74.858,0.062571
18.602,75.021,0.033
18.602,74.123,0.035822
18.602,74.184,0.038242
18.602,74.186,0.033403
18.602,75.186,0.06358
18.603,74.36,0.045433
18.603,74.958,0.034814
18.603,75.127,0.047853
18.603,75.184,0.054641
18.603,75.321,0.039384
18.603,75.434,0.073862
18.603,75.435,0.072249
18.603,75.599,0.096041
18.603,75.756,0.071913
18.603,74.169,0.030513
18.603,74.442,0.035083
18.603,74.546,0.043148
18.603,75.249,0.044425
18.603,75.293,0.038175
18.603,75.528,0.067881
18.603,75.555,0.090396
18.603,75.611,0.096041
18.604,74.849,0.065125
18.604,75.327,0.086162
18.604,75.542,0.072518
18.604,75.608,0.085019
18.604,75.623,0.10747
18.604,74.101,0.047718
18.604,74.888,0.075207
18.604,74.116,0.039922
18.604,74.138,0.038107
18.604,74.196,0.03058
18.604,75.495,0.085288
18.604,74.299,0.020768
18.604,75.594,0.095369
18.605,74.465,0.14779
18.605,75.174,0.0074602
18.605,74.179,0.034747
18.605,75.571,0.081928
18.605,75.585,0.10343
18.605,75.594,0.091337
18.605,75.172,0.067881
18.605,75.239,0.094092
18.605,75.497,0.099402
18.606,74.95,0.04624
18.606,74.958,0.041468
18.606,74.989,0.049264
18.606,75,0.042073
18.606,75.034,0.049264
18.606,75.534,0.078567
18.606,75.544,0.066335
18.606,74.208,0.038779
18.606,75.18,0.036158
18.606,75.18,0.034142
18.606,75.472,0.078231
18.606,75.476,0.090329
18.606,75.497,0.075207
18.606,73.973,0.061832
18.606,75.032,0.053498
18.606,75.626,0.11755
18.606,74.101,0.047718
18.606,75.563,0.098394
18.607,75.088,0.067881
18.607,73.595,0.048659
18.607,74.096,0.0455
18.607,74.101,0.039855
18.607,75.536,0.07897
18.607,75.555,0.089993
18.607,75.61,0.10881
18.607,74.612,0.066671
18.607,75.022,0.077895
18.608,74.102,0.048323
18.608,74.199,0.70737
18.608,74.464,0.037973
18.608,75.129,0.048189
18.608,74.329,0.029505
18.608,75.04,0.074333
18.608,75.45,0.078702
18.608,74.091,0.047853
18.608,74.092,0.040191
18.608,74.457,0.57121
18.608,75.054,0.094025
18.608,75.101,0.07393
18.608,75.367,0.081928
18.608,75.584,0.096041
18.608,75.586,0.077223
18.608,75.587,0.081928
18.608,75.006,0.049264
18.608,75.206,0.049466
18.608,75.589,0.081928
18.609,74.092,0.045366
18.609,74.101,0.044223
18.609,74.159,0.047718
18.609,74.183,0.034075
18.609,74.269,0.041065
18.609,74.076,0.034276
18.609,74.101,0.039452
18.609,74.101,0.044089
18.609,74.102,0.050339
18.609,75.11,0.032327
18.609,75.158,0.067612
18.609,75.538,0.071981
18.609,75.554,0.095705
18.609,74.101,0.03925
18.609,74.101,0.048256
18.609,74.116,0.045366
18.609,74.116,0.040056
18.609,74.123,0.043887
18.609,75.025,0.056993
18.609,75.477,0.077089
18.609,75.616,0.077223
18.609,74.099,0.051213
18.609,74.116,0.051213
18.609,74.316,0.03058
18.609,75.047,0.056388
18.609,75.169,0.06163
18.61,74.101,0.037973
18.61,74.116,0.039452
18.61,74.147,0.042745
18.61,75.204,0.048189
18.61,75.61,0.075207
18.61,74.093,0.043619
18.61,74.129,0.036763
18.61,75.435,0.088648
18.61,75.469,0.068351
18.61,74.102,0.044223
18.61,74.15,0.035822
18.61,74.332,0.030042
18.61,75.184,0.045769
18.61,75.255,0.049735
18.61,75.434,0.071846
18.611,74.693,0.03105
18.611,75.123,0.052154
18.611,75.405,0.042207
18.611,75.238,0.041065
18.611,75.277,0.050003
18.611,74.958,0.034814
18.611,75.167,0.091337
18.611,74.093,0.038914
18.611,74.124,0.050877
18.611,74.153,0.031118
18.611,74.382,0.01203
18.612,74.502,0.0537
18.612,75.153,0.044895
18.612,74.239,0.020768
18.612,75.263,0.067881
18.612,75.289,0.043081
18.613,74.173,0.032327
18.613,75.222,0.043215
18.613,75.591,0.081928
18.613,76.2,0.041871
18.613,74.229,0.032596
18.613,74.252,0.038376
18.613,75.242,0.054775
18.613,74.449,0.12561
18.613,75.059,0.0703
18.613,75.09,0.05249
18.613,75.108,0.052961
18.613,75.15,0.043484
18.613,75.238,0.048189
18.614,74.891,0.10411
18.614,74.971,0.12138
18.614,75.551,0.081255
18.614,74.263,0.03058
18.614,74.429,0.061899
18.614,74.547,0.048323
18.614,75.239,0.052154
18.614,75.596,0.10814
18.614,74.225,0.030714
18.614,74.475,0.038981
18.614,75.178,0.087909
18.614,73.934,0.0071241
18.614,75.59,0.077223
18.615,74.107,0.043619
18.615,75.237,0.05417
18.615,75.248,0.11405
18.615,74.076,0.039519
18.615,74.157,0.029841
18.615,74.257,0.03058
18.615,75.157,0.014047
18.615,75.604,0.067142
18.616,74.166,0.049264
18.616,75.09,0.074333
18.616,75.683,0.02144
18.616,75.067,0.05417
18.616,74.142,0.049264
18.616,75.136,0.043417
18.616,74.222,0.076551
18.616,75.211,0.060622
18.617,75.539,0.077089
18.617,75.621,0.088648
18.617,74.169,0.038107
18.617,74.665,0.038511
18.617,74.173,0.036763
18.617,75.27,0.043484
18.617,75.598,0.068351
18.617,74.114,0.050339
18.617,74.154,0.04093
18.617,74.221,0.04261
18.617,74.284,0.035083
18.618,74.115,0.043753
18.618,74.294,0.13771
18.618,74.909,0.068889
18.618,75.297,0.02144
18.618,75.373,0.038981
18.618,74.113,0.039452
18.618,74.199,0.031387
18.618,74.207,0.038645
18.618,75.241,0.048189
18.618,75.539,0.12158
18.618,74.112,0.040056
18.618,74.114,0.05081
18.618,74.114,0.050339
18.618,75.041,0.043551
18.618,75.168,0.067948
18.618,75.612,0.075207
18.618,75.627,0.097386
18.619,74.111,0.039922
18.619,74.112,0.050339
18.619,74.112,0.047853
18.619,74.173,0.032327
18.619,74.196,0.025271
18.619,74.2,0.024934
18.619,74.344,0.022112
18.619,75.151,0.035486
18.619,75.553,0.10478
18.619,75.601,0.094697
18.619,74.109,0.048525
18.619,74.111,0.044089
18.619,74.111,0.050675
18.619,74.113,0.050877
18.619,74.155,0.03058
18.619,74.209,0.043619
18.619,74.971,0.041535
18.619,75.075,0.051751
18.619,75.608,0.081928
18.619,74.11,0.03972
18.619,74.111,0.037973
18.619,74.112,0.039452
18.619,74.394,0.12091
18.619,74.533,0.12763
18.619,75.166,0.056926
18.619,75.551,0.098125
18.619,75.555,0.095369
18.619,75.608,0.073862
18.619,75.609,0.09873
18.619,76.254,0.12837
18.619,74.11,0.03972
18.619,74.111,0.038981
18.619,74.507,0.040258
18.619,75.132,0.053498
18.619,75.199,0.054439
18.619,75.616,0.075207
18.619,76.133,0.034142
18.62,74.11,0.047853
18.62,74.124,0.047785
18.62,75.226,0.069158
18.62,75.584,0.074535
18.62,75.594,0.088648
18.62,75.603,0.082196
18.62,75.627,0.07682
18.62,74.089,0.048323
18.62,74.09,0.03972
18.62,74.091,0.050339
18.62,74.209,0.033268
18.62,74.911,0.10511
18.62,75.136,0.037503
18.62,75.611,0.07682
18.62,74.089,0.043619
18.62,74.09,0.049667
18.62,74.109,0.050339
18.62,74.235,0.13166
18.62,75.521,0.078567
18.621,74.099,0.049264
18.621,74.099,0.040056
18.621,74.107,0.050339
18.621,74.112,0.050339
18.621,74.873,0.045097
18.621,74.903,0.056388
18.621,75.153,0.056119
18.621,75.266,0.0094764
18.621,75.547,0.074535
18.621,75.62,0.090665
18.621,75.627,0.067142
18.621,74.089,0.048256
18.621,74.098,0.039452
18.621,74.099,0.047651
18.621,74.1,0.051415
18.621,74.234,0.032327
18.621,74.268,0.032596
18.621,74.907,0.076685
18.621,75.014,0.054439
18.621,75.114,0.047651
18.621,75.142,0.045904
18.621,75.158,0.063445
18.621,75.517,0.096848
18.621,75.539,0.07897
18.621,74.061,0.060421
18.621,74.088,0.050675
18.621,74.088,0.044895
18.621,74.095,0.051415
18.621,74.096,0.039653
18.621,74.096,0.043753
18.621,74.097,0.040056
18.621,74.097,0.039653
18.621,74.097,0.03925
18.621,74.098,0.040056
18.621,74.113,0.045097
18.621,74.2,0.031655
18.621,75.551,0.084616
18.621,75.62,0.095369
18.621,74.086,0.048323
18.621,74.095,0.047651
18.621,74.096,0.05081
18.621,75.57,0.12158
18.621,75.606,0.090665
18.621,75.622,0.078567
18.622,73.926,0.0537
18.622,74.084,0.047785
18.622,74.085,0.050339
18.622,74.095,0.047718
18.622,74.123,0.030042
18.622,74.237,0.071174
18.622,74.447,0.11755
18.622,75.021,0.062975
18.622,75.517,0.097789
18.622,74.094,0.03972
18.622,74.098,0.047853
18.622,74.099,0.040056
18.622,74.112,0.045232
18.622,74.12,0.022918
18.622,74.4,0.08596
18.622,75.569,0.077223
18.622,75.626,0.07682
18.622,74.097,0.044223
18.622,74.119,0.022246
18.622,74.674,0.042207
18.622,74.9,0.061093
18.622,74.903,0.056724
18.622,75.014,0.027018
18.622,75.067,0.040863
18.622,75.181,0.037704
18.622,75.52,0.078029
18.622,75.569,0.067142
18.622,75.589,0.075207
18.622,75.616,0.097654
18.622,75.624,0.071846
18.622,74.008,0.069225
18.622,74.092,0.039384
18.622,74.093,0.04913
18.622,74.093,0.05202
18.622,74.094,0.051482
18.622,74.097,0.03972
18.622,74.111,0.045366
18.622,74.17,0.037839
18.622,74.218,0.046441
18.622,74.308,0.037032
18.622,74.594,0.058001
18.622,75.618,0.090665
18.623,74.092,0.04624
18.623,74.093,0.0455
18.623,74.093,0.052625
18.623,74.097,0.037973
18.623,74.18,0.039183
18.623,74.721,0.039586
18.623,75.201,0.13489
18.623,75.233,0.077021
18.623,75.45,0.029841
18.623,75.564,0.095369
18.623,75.568,0.083944
18.623,75.584,0.083944
18.623,74.023,0.080987
18.623,74.241,0.050675
18.623,74.292,0.043148
18.623,74.318,0.028967
18.623,75.095,0.094563
18.623,75.61,0.076551
18.623,75.612,0.076551
18.623,75.624,0.073862
18.623,74.119,0.031387
18.623,74.143,0.030311
18.623,74.455,0.060421
18.623,75.297,0.054641
18.623,75.567,0.07682
18.623,75.603,0.065797
18.624,74.095,0.052625
18.624,74.188,0.049533
18.624,74.225,0.046441
18.624,74.407,0.069225
18.624,75.519,0.078567
18.624,75.575,0.077895
18.624,75.61,0.10814
18.624,75.613,0.085288
18.624,76.115,0.020095
18.624,74.177,0.03058
18.624,74.223,0.061093
18.624,74.287,0.037906
18.624,75.088,0.033672
18.624,75.528,0.081928
18.624,75.547,0.094697
18.624,75.561,0.095369
18.624,75.616,0.073862
18.624,75.619,0.0826
18.624,75.619,0.068486
18.624,74.246,0.024934
18.624,75.185,0.047718
18.624,75.321,0.055783
18.624,75.556,0.077895
18.624,75.604,0.077895
18.624,75.606,0.097386
18.624,75.607,0.12158
18.624,76.201,0.023456
18.624,74.094,0.044089
18.624,74.094,0.044694
18.624,74.124,0.030244
18.624,74.188,0.030042
18.624,75.251,0.014584
18.624,75.52,0.071846
18.624,75.575,0.10209
18.624,75.617,0.081928
18.625,74.093,0.048323
18.625,74.219,0.035755
18.625,75.272,0.015928
18.625,75.526,0.073862
18.625,75.576,0.081928
18.625,75.578,0.1236
18.625,75.589,0.067142
18.625,75.627,0.068486
18.625,74.479,0.044156
18.625,75.189,0.035822
18.625,75.554,0.098394
18.625,75.561,0.10881
18.625,74.095,0.045232
18.625,74.096,0.0455
18.625,74.102,0.03972
18.625,74.103,0.039452
18.625,75.239,0.048189
18.625,75.554,0.10384
18.625,75.563,0.095369
18.625,75.595,0.077223
18.625,75.893,0.029841
18.626,74.096,0.044694
18.626,74.102,0.048525
18.626,75.206,0.17878
18.626,75.574,0.068351
18.626,74.084,0.03972
18.626,74.089,0.048525
18.626,74.089,0.040191
18.626,74.135,0.025607
18.626,74.452,0.051549
18.626,75.17,0.094496
18.626,75.57,0.089321
18.626,75.604,0.10881
18.626,74.09,0.051213
18.626,74.09,0.040056
18.626,74.174,0.038107
18.626,75.575,0.10518
18.626,75.606,0.083944
18.626,75.608,0.077223
18.626,74.074,0.044089
18.626,74.091,0.050541
18.626,74.091,0.049667
18.626,74.197,0.024666
18.626,75.006,0.052288
18.626,75.065,0.029505
18.626,75.558,0.083944
18.626,75.625,0.075207
18.627,73.61,0.054439
18.627,73.672,0.0089388
18.627,73.69,0.047113
18.627,73.73,0.064789
18.627,74.09,0.043619
18.627,74.232,0.038847
18.627,74.406,0.14981
18.627,75.065,0.036696
18.627,75.073,0.060421
18.627,75.086,0.053901
18.627,75.207,0.11862
18.627,75.519,0.083944
18.627,75.602,0.085019
18.627,73.888,0.13435
18.627,74.089,0.052759
18.627,74.221,0.030042
18.627,74.325,0.027892
18.627,75.267,0.062101
18.627,75.576,0.090396
18.627,75.599,0.12427
18.627,75.624,0.07682
18.628,74.906,0.076887
18.628,75.053,0.045568
18.628,74.169,0.060354
18.628,74.704,0.043282
18.629,75.097,0.048189
18.629,75.578,0.10276
18.629,75.586,0.083944
18.629,75.242,0.009342
18.629,75.283,0.062571
18.629,75.591,0.078231
18.629,73.981,0.089858
18.629,74.457,0.054439
18.629,75.539,0.083944
18.629,74.721,0.033
18.63,74.13,0.032596
18.63,74.202,0.037301
18.63,75.541,0.078567
18.63,74.232,0.037906
18.63,74.566,0.0537
18.63,75.567,0.099267
18.63,74.382,0.026816
18.63,75.535,0.076954
18.63,75.571,0.079911
18.63,75.586,0.091606
18.631,74.871,0.076148
18.631,75.089,0.049869
18.631,75.1,0.054103
18.631,75.575,0.074535
18.631,75.592,0.10276
18.631,75.076,0.043081
18.631,75.501,0.075207
18.631,74.107,0.051348
18.631,75.111,0.024867
18.631,75.574,0.075879
18.631,75.595,0.077895
18.631,75.621,0.082196
18.632,75.575,0.090261
18.632,75.601,0.097386
18.632,74.542,0.032529
18.632,75.146,0.070099
18.632,75.286,0.026144
18.632,75.617,0.075207
18.632,73.949,0.11419
18.632,74.154,0.030042
18.632,75.458,0.083944
18.633,75.243,0.054439
18.633,75.5,0.075207
18.633,74.183,0.036763
18.633,75.263,0.042342
18.633,75.502,0.067142
18.633,75.503,0.077089
18.633,75.57,0.085019
18.633,75.61,0.085288
18.633,75.317,0.040863
18.633,75.539,0.082465
18.633,75.587,0.077895
18.634,74.154,0.064789
18.634,74.914,0.075879
18.634,75.471,0.067142
18.634,75.501,0.075207
18.634,75.139,0.094092
18.634,75.489,0.075879
18.634,74.09,0.045097
18.634,74.139,0.038107
18.634,74.195,0.036629
18.634,74.254,0.03636
18.634,74.303,0.032731
18.634,74.44,0.057396
18.634,74.205,0.020768
18.634,75.098,0.028295
18.635,74.347,0.060421
18.635,75.079,0.050138
18.635,75.489,0.083944
18.635,75.618,0.071846
18.635,75.62,0.065797
18.635,75.615,0.075207
18.635,75.626,0.067142
18.635,73.969,0.035285
18.635,74.151,0.064789
18.636,74.317,0.038107
18.636,75.541,0.077223
18.636,73.802,0.10747
18.636,74.204,0.03058
18.636,74.228,0.049533
18.636,75.111,0.060421
18.636,75.488,0.10814
18.636,75.607,0.085019
18.636,74.157,0.041065
18.636,74.374,0.032798
18.636,74.95,0.051616
18.636,75.492,0.083406
18.636,75.582,0.075879
18.636,74.531,0.077626
18.636,74.549,0.050877
18.636,74.831,0.085422
18.636,75.157,0.063647
18.636,75.498,0.095369
18.636,75.608,0.095369
18.636,75.655,0.077223
18.637,75.243,0.045232
18.637,75.245,0.08018
18.637,75.524,0.077626
18.637,75.568,0.090127
18.637,75.57,0.089993
18.637,75.624,0.17716
18.637,74.033,0.070704
18.637,74.871,0.087708
18.637,75.306,0.067881
18.637,74.034,0.050071
18.637,74.174,0.035755
18.637,75.091,0.053565
18.637,75.23,0.03058
18.637,75.597,0.12225
18.637,75.613,0.077223
18.637,75.615,0.078298
18.637,74.211,0.047987
18.637,75.115,0.033
18.637,75.199,0.053767
18.637,75.606,0.083944
18.638,74.031,0.045635
18.638,74.031,0.048592
18.638,74.032,0.041199
18.638,74.034,0.066268
18.638,74.11,0.047785
18.638,74.164,0.026279
18.638,74.289,0.049264
18.638,75.17,0.065596
18.638,74.031,0.082465
18.638,74.031,0.047113
18.638,74.031,0.060354
18.638,74.032,0.058875
18.638,75.582,0.098058
18.638,75.587,0.09053
18.638,74.031,0.047113
18.638,74.032,0.064789
18.638,74.032,0.057396
18.638,74.335,0.034276
18.638,74.59,0.080583
18.638,74.703,0.13435
18.638,75.524,0.095369
18.638,75.585,0.096377
18.639,74.031,0.050071
18.639,75.196,0.06358
18.639,75.202,0.066066
18.639,73.951,0.076954
18.639,74.242,0.049264
18.639,74.259,0.048995
18.639,74.992,0.068419
18.639,75.119,0.017273
18.639,75.262,0.069091
18.639,74.036,0.060354
18.639,74.384,0.035553
18.639,74.412,0.06647
18.639,74.781,0.061563
18.639,74.899,0.077895
18.639,75.138,0.063378
18.639,75.192,0.044156
18.639,75.497,0.097386
18.639,75.569,0.070636
18.639,74.034,0.044156
18.639,75.249,0.050272
18.639,75.607,0.096713
18.639,75.621,0.085288
18.64,73.384,0.046979
18.64,74.031,0.051549
18.64,74.031,0.047113
18.64,74.032,0.070704
18.64,74.032,0.03972
18.64,75.589,0.068351
18.64,74.278,0.035285
18.64,74.031,0.054439
18.64,74.031,0.036763
18.64,74.031,0.055918
18.64,74.171,0.038107
18.64,74.302,0.033403
18.64,74.538,0.14107
18.641,74.031,0.082465
18.641,74.032,0.057396
18.641,74.032,0.051549
18.641,74.169,0.038376
18.641,74.19,0.047785
18.641,74.539,0.14107
18.641,75.598,0.076551
18.641,74.031,0.052961
18.641,74.032,0.045635
18.641,75.606,0.077895
18.641,75.629,0.036494
18.641,74.031,0.066268
18.641,74.032,0.050071
18.641,74.097,0.046105
18.641,74.179,0.035822
18.641,75.493,0.030042
18.641,74.03,0.052961
18.641,74.03,0.057396
18.641,74.031,0.057396
18.641,74.031,0.044156
18.641,74.169,0.060354
18.641,74.314,0.034411
18.641,75.653,0.089657
18.642,74.03,0.061832
18.642,75.056,0.037234
18.642,75.584,0.077895
18.642,74.787,0.051549
18.642,75.195,0.029034
18.642,75.573,0.10243
18.642,74.435,0.051549
18.642,74.436,0.064789
18.642,74.452,0.086901
18.642,75.292,0.070368
18.643,74.02,0.063311
18.643,74.229,0.042678
18.643,74.636,0.10747
18.643,75.576,0.068351
18.643,75.604,0.10827
18.643,75.621,0.065797
18.643,75.658,0.055044
18.643,75.046,0.034747
18.643,75.569,0.068351
18.643,74.187,0.036629
18.643,74.398,0.19753
18.643,74.597,0.024128
18.643,74.776,0.049197
18.643,75.589,0.096377
18.644,75.077,0.033
18.644,75.099,0.13509
18.644,75.591,0.06983
18.644,75.627,0.079239
18.644,74.166,0.042678
18.644,74.241,0.062437
18.644,74.263,0.030446
18.644,75.044,0.043551
18.644,74.399,0.083944
18.644,74.764,0.108
18.644,75.263,0.049264
18.644,75.578,0.095369
18.644,75.606,0.083944
18.644,74.289,0.028362
18.644,75.355,0.035553
18.644,76.005,0.028967
18.645,74.256,0.036763
18.645,74.197,0.036763
18.645,74.198,0.049197
18.645,74.256,0.030042
18.645,74.688,0.061899
18.645,74.2,0.047785
18.645,74.401,0.051213
18.645,75.093,0.081054
18.646,74.117,0.039384
18.646,74.451,0.057396
18.646,75.134,0.028026
18.646,74.251,0.032327
18.646,74.435,0.067142
18.646,75.269,0.041737
18.646,74.228,0.037301
18.646,74.871,0.048995
18.646,74.151,0.060354
18.646,74.173,0.024934
18.646,74.469,0.051549
18.646,75.53,0.0089388
18.647,74.236,0.047651
18.647,75.571,0.090396
18.647,74.246,0.075072
18.647,73.799,0.13435
18.647,75.117,0.057732
18.648,75.036,0.06573
18.648,73.615,0.030916
18.648,74.376,0.14779
18.648,74.308,0.060354
18.648,74.45,0.040258
18.648,73.968,0.060421
18.648,74.453,0.11352
18.649,74.4,0.15586
18.649,75.709,0.029706
18.649,74.196,0.036226
18.649,74.2,0.037704
18.649,74.294,0.036763
18.649,74.932,0.048659
18.649,75.036,0.054506
18.649,74.004,0.067746
18.649,75.589,0.068351
18.649,75.737,0.015391
18.65,74.927,0.041535
18.65,75.571,0.068351
18.651,74.4,0.10075
18.651,74.451,0.26877
18.651,75.229,0.071712
18.651,74.633,0.056993
18.651,74.98,0.046172
18.651,75.285,0.070435
18.651,75.978,0.028967
18.651,74.242,0.17468
18.651,75.041,0.052154
18.651,75.57,0.087976
18.652,74.023,0.072182
18.652,75.584,0.087976
18.652,73.984,0.070704
18.652,74.201,0.036696
18.652,74.214,0.036763
18.652,74.529,0.060421
18.652,75.245,0.063647
18.652,75.29,0.065596
18.652,75.574,0.098058
18.652,74.169,0.054439
18.652,74.676,0.047181
18.652,76.198,0.045702
18.652,75.274,0.048189
18.652,75.571,0.098192
18.653,74.003,0.079508
18.653,74.044,0.072182
18.653,74.888,0.10814
18.653,74.994,0.035822
18.653,75.014,0.05538
18.653,75.072,0.049869
18.653,73.999,0.085422
18.653,74.016,0.050071
18.653,74.021,0.047113
18.653,74.024,0.052961
18.653,74.236,0.038107
18.653,75.384,0.047046
18.653,74.498,0.060421
18.653,74.522,0.057665
18.653,74.873,0.043148
18.653,74.89,0.075207
18.653,75.573,0.098394
18.653,75.574,0.1031
18.654,74.53,0.029639
18.654,74.625,0.041535
18.654,74.016,0.058875
18.654,74.008,0.054439
18.654,74.016,0.073594
18.654,74.032,0.070704
18.654,74.014,0.045635
18.654,74.157,0.024934
18.654,74.182,0.048995
18.654,74.353,0.060354
18.654,74.986,0.042879
18.654,75.139,0.06526
18.655,74.117,0.047718
18.655,74.131,0.045433
18.655,74.997,0.067881
18.655,75.143,0.094764
18.655,75.273,0.073056
18.655,73.983,0.085422
18.655,74.007,0.072182
18.655,74.007,0.067746
18.655,74.013,0.073594
18.655,74.026,0.080987
18.655,74.243,0.03058
18.655,74.245,0.03058
18.655,74.924,0.029034
18.655,74.988,0.043148
18.655,75.567,0.10142
18.655,75.572,0.096377
18.655,75.993,0.098663
18.656,75.05,0.037234
18.656,75.169,0.048189
18.656,75.577,0.074535
18.656,76.436,0.22172
18.656,74.22,0.049264
18.656,75.037,0.052759
18.657,74.007,0.050071
18.657,74.009,0.085422
18.657,74.012,0.086901
18.657,74.014,0.075072
18.657,74.025,0.054439
18.657,74.141,0.033268
18.657,74.155,0.03058
18.657,74.196,0.057396
18.657,74.213,0.060354
18.657,75.57,0.083675
18.657,75.127,0.012702
18.657,75.176,0.017273
18.657,74.011,0.082465
18.657,74.138,0.16607
18.657,74.271,0.028967
18.657,74.313,0.049264
18.657,75.148,0.059077
18.657,74.012,0.080987
18.657,74.279,0.030378
18.657,75.525,0.07682
18.658,74.021,0.050071
18.658,74.179,0.046845
18.658,74.228,0.054439
18.658,74.237,0.044828
18.658,74.294,0.036494
18.658,75.209,0.048659
18.658,73.47,0.050071
18.658,74.132,0.054439
18.658,75.044,0.077156
18.658,75.619,0.075207
18.658,74.043,0.057396
18.658,74.219,0.047785
18.658,75.006,0.054103
18.658,75.028,0.054103
18.658,75.571,0.089657
18.659,74.021,0.048592
18.659,74.022,0.064789
18.659,74.023,0.061832
18.659,74.554,0.060555
18.659,74.576,0.043148
18.659,75.11,0.069897
18.659,75.605,0.15949
18.659,74.907,0.073862
18.659,74.027,0.054439
18.659,74.009,0.061832
18.659,74.056,0.075072
18.659,74.854,0.021104
18.66,74.009,0.047113
18.66,74.042,0.060354
18.66,74.437,0.083944
18.66,74.254,0.086901
18.66,74.271,0.03058
18.66,75.027,0.090463
18.66,74.019,0.044156
18.66,74.146,0.038376
18.66,75.574,0.082936
18.661,75.214,0.067881
18.661,75.615,0.083944
18.661,74.008,0.059614
18.661,75.21,0.021036
18.661,75.07,0.033
18.661,75.265,0.06358
18.661,75.294,0.0703
18.662,74.174,0.048995
18.662,74.596,0.055447
18.662,74.906,0.037704
18.663,73.983,0.070704
18.663,74.774,0.052288
18.663,75.104,0.06358
18.663,75.172,0.06116
18.663,74.004,0.073594
18.663,74.007,0.067746
18.664,75.038,0.052961
18.664,75.961,0.061563
18.664,74.219,0.063311
18.664,74.934,0.037368
18.665,74.227,0.060354
18.665,74.554,0.0537
18.665,75.265,0.035217
18.665,74.182,0.041065
18.665,74.417,0.0744
18.665,74.774,0.046038
18.665,75.142,0.074131
18.666,75.511,0.07682
18.666,74.236,0.043887
18.666,74.205,0.024934
18.666,75.323,0.041535
18.666,74.227,0.054439
18.666,74.926,0.062504
18.666,75.054,0.066402
18.666,75.094,0.066268
18.666,75.098,0.054506
18.666,75.164,0.017407
18.667,73.667,0.022044
18.667,73.875,0.040258
18.667,74.103,0.036226
18.667,74.196,0.037032
18.667,74.294,0.048995
18.667,75.158,0.04913
18.667,74.456,0.064789
18.667,74.67,0.061832
18.668,74.202,0.054439
18.668,75.21,0.063714
18.668,74.2,0.041065
18.668,75.237,0.056993
18.668,74.219,0.060354
18.668,74.362,0.046979
18.668,74.003,0.044156
18.669,75.176,0.054439
18.669,73.991,0.10162
18.669,74.007,0.086901
18.669,74.024,0.055918
18.669,74.172,0.038107
18.669,75.301,0.055716
18.669,74.281,0.044223
18.669,74.302,0.046172
18.67,73.819,0.14779
18.67,73.991,0.098663
18.67,74.114,0.039384
18.67,75.024,0.067074
18.67,74.218,0.063311
18.67,74.36,0.046979
18.67,74.284,0.10747
18.67,76.329,0.080583
18.671,74.176,0.046172
18.671,74.329,0.078029
18.671,74.704,0.16123
18.671,74.024,0.057396
18.671,74.107,0.035822
18.671,74.118,0.030311
18.671,74.532,0.025203
18.671,75.008,0.094496
18.671,75.112,0.06573
18.672,73.988,0.098663
18.672,74.241,0.0496
18.672,74.363,0.054439
18.672,75.123,0.044425
18.672,73.877,0.052625
18.672,74.378,0.042812
18.673,74.12,0.041065
18.673,74.341,0.046979
18.674,74.642,0.036696
18.674,75.071,0.080449
18.674,74.278,0.032731
18.674,75.073,0.060286
18.674,74.491,0.070233
18.674,75.258,0.012165
18.675,74.144,0.038107
18.675,75.036,0.021036
18.675,74.326,0.080583
18.675,75.082,0.033
18.675,74.049,0.098663
18.676,74.139,0.03058
18.676,74.228,0.035755
18.676,75.131,0.070368
18.676,75.184,0.067209
18.676,74.278,0.032596
18.676,74.705,0.041535
18.676,75.233,0.033
18.677,74.312,0.060354
18.677,74.315,0.096041
18.677,74.639,0.020768
18.677,74.249,0.049264
18.677,74.366,0.060354
18.677,74.817,0.03972
18.677,75,0.046374
18.677,74.26,0.083944
18.678,73.987,0.070704
18.678,74.147,0.035822
18.678,75.457,0.036293
18.678,74.304,0.036763
18.679,74.406,0.036763
18.679,75.097,0.060421
18.679,74.174,0.075072
18.679,74.233,0.047785
18.679,75.138,0.070435
18.679,74.074,0.038107
18.679,74.377,0.20022
18.679,75.02,0.052288
18.68,73.873,0.050675
18.68,74.604,0.02769
18.68,74.886,0.095369
18.681,74.459,0.046374
18.681,74.966,0.047113
18.681,75.089,0.028026
18.681,75.032,0.072317
18.681,73.99,0.083944
18.681,74.172,0.034344
18.681,74.259,0.036024
18.681,74.291,0.048995
18.682,73.988,0.083944
18.682,74.245,0.030042
18.682,75.369,0.16795
18.682,74.199,0.030042
18.682,74.204,0.035755
18.682,74.246,0.028564
18.683,74.196,0.035822
18.683,74.275,0.04624
18.683,74.306,0.049398
18.683,75.16,0.0703
18.683,75.164,0.029639
18.683,74.155,0.036763
18.683,74.199,0.020768
18.683,74.329,0.034613
18.683,74.766,0.058001
18.683,74.288,0.047718
18.683,74.459,0.061429
18.683,74.483,0.10545
18.683,75.069,0.051079
18.684,74.145,0.047718
18.684,74.699,0.098663
18.684,74.251,0.038779
18.684,75.134,0.042946
18.684,74.324,0.34807
18.684,74.264,0.049264
18.684,74.454,0.028026
18.685,74.894,0.054641
18.686,74.323,0.10075
18.686,74.953,0.053834
18.686,75.031,0.041938
18.686,75.116,0.067881
18.686,76.08,0.054977
18.686,74.281,0.047718
18.686,74.323,0.067142
18.686,74.933,0.055918
18.686,75.067,0.052759
18.686,74.506,0.024733
18.686,74.508,0.032798
18.686,75.239,0.15928
18.687,74.216,0.075072
18.687,74.357,0.054439
18.687,74.232,0.036763
18.688,74.216,0.083944
18.688,74.75,0.096848
18.688,75.236,0.10236
18.688,75.664,0.03515
18.688,74.739,0.10142
18.688,74.188,0.047785
18.689,74.251,0.049197
18.689,74.653,0.039586
18.689,74.886,0.047718
18.689,75.104,0.04624
18.689,74.113,0.035755
18.689,74.183,0.0455
18.689,74.304,0.020095
18.689,74.392,0.020095
18.689,74.366,0.038376
18.689,74.502,0.033537
18.689,75.104,0.051818
18.69,74.355,0.067746
18.69,75.039,0.037637
18.69,75.105,0.050608
18.69,75.106,0.035217
18.69,75.108,0.043484
18.69,73.768,0.098663
18.69,73.995,0.058875
18.69,74.216,0.086901
18.691,74.284,0.035822
18.691,75.156,0.051818
18.691,74.219,0.047785
18.691,74.228,0.037234
18.691,74.298,0.038242
18.691,74.328,0.045635
18.691,74.886,0.10814
18.691,75.14,0.03972
18.692,74.864,0.044156
18.692,74.755,0.056724
18.692,74.905,0.12158
18.692,75.26,0.050138
18.692,74.243,0.046172
18.693,74.561,0.34135
18.694,74.894,0.047651
18.694,75.123,0.65166
18.694,74.213,0.034276
18.694,74.743,0.05995
18.694,73.839,0.067142
18.694,75.154,0.022784
18.694,74.372,0.047718
18.694,74.921,0.049936
18.695,74.18,0.034344
18.695,74.155,0.045635
18.695,74.884,0.095369
18.695,74.169,0.025338
18.696,73.528,0.040258
18.696,73.878,0.098663
18.696,74.28,0.036763
18.696,75.431,0.058673
18.696,74.306,0.032731
18.696,75.078,0.061563
18.697,75.023,0.038578
18.697,75.05,0.048054
18.697,73.99,0.070704
18.697,74.141,0.032731
18.697,74.386,0.030244
18.697,75,0.047651
18.697,75.077,0.067881
18.698,74.229,0.030042
18.698,74.648,0.16123
18.698,74.835,0.043014
18.698,75.019,0.066402
18.698,74.239,0.03058
18.698,74.245,0.036226
18.699,74.651,0.042207
18.699,74.218,0.048794
18.699,74.231,0.049264
18.699,74.338,0.08838
18.7,75.087,0.051213
18.7,75.256,0.11493
18.7,73.667,0.056119
18.7,73.75,0.032059
18.7,74.121,0.03058
18.7,74.772,0.025271
18.7,74.967,0.03804
18.7,74.704,0.046038
18.7,74.755,0.095033
18.701,74.19,0.037301
18.701,74.203,0.030042
18.701,74.207,0.086901
18.701,74.21,0.075072
18.701,74.248,0.039452
18.701,74.287,0.031118
18.701,74.432,0.070704
18.701,74.819,0.044761
18.701,74.339,0.060421
18.701,74.978,0.043551
18.701,74.362,0.030042
18.701,74.746,0.044156
18.701,74.754,0.082936
18.701,74.892,0.084818
18.701,74.745,0.094697
18.701,75.049,0.053162
18.702,74.229,0.030042
18.702,74.684,0.044156
18.702,74.862,0.068419
18.702,75.192,0.048054
18.702,73.734,0.215
18.702,74.707,0.052826
18.702,74.748,0.097251
18.702,74.909,0.050272
18.702,74.12,0.083944
18.703,74.74,0.10848
18.703,74.233,0.08596
18.703,74.354,0.072518
18.703,75.05,0.037234
18.703,75.125,0.006452
18.703,75.177,0.053498
18.703,74.215,0.08838
18.703,74.382,0.060354
18.703,74.436,0.086901
18.703,75.973,0.090329
18.703,74.216,0.085422
18.704,73.416,0.033537
18.704,74.656,0.060286
18.704,74.269,0.036763
18.704,74.432,0.060354
18.704,75.056,0.056993
18.704,74.076,0.050003
18.704,74.215,0.045635
18.704,74.216,0.075072
18.704,74.293,0.075072
18.704,74.299,0.048995
18.704,74.301,0.054439
18.704,74.923,0.077895
18.704,74.513,0.038914
18.704,75.091,0.13509
18.704,75.207,0.052288
18.704,75.211,0.054036
18.705,74.227,0.086901
18.705,74.191,0.045635
18.705,74.395,0.054439
18.705,73.781,0.12091
18.705,74.176,0.041065
18.706,74.196,0.047987
18.706,75.064,0.042342
18.706,75.133,0.041669
18.706,74.086,0.036763
18.706,74.207,0.086901
18.706,74.278,0.075072
18.706,75.997,0.055313
18.706,74.452,0.046038
18.706,74.507,0.10747
18.706,75.135,0.021574
18.706,74.384,0.032865
18.706,74.747,0.083406
18.706,75.126,0.053565
18.706,76.028,0.048323
18.707,75.023,0.063512
18.707,74.338,0.098663
18.707,74.298,0.035957
18.707,74.371,0.047785
18.707,75.428,0.03515
18.708,74.143,0.03058
18.708,74.333,0.091337
18.708,74.385,0.046374
18.708,74.175,0.045635
18.708,74.749,0.083675
18.708,74.864,0.022851
18.708,73.756,0.10747
18.708,74.323,0.037234
18.709,74.222,0.070704
18.709,74.25,0.064789
18.71,73.501,0.14779
18.71,74.341,0.086901
18.71,74.685,0.029505
18.71,74.321,0.048995
18.711,74.209,0.02937
18.711,76.078,0.022313
18.711,74.394,0.43679
18.711,74.817,0.015324
18.711,74.334,0.061832
18.711,74.567,0.59137
18.712,74.497,0.092815
18.712,73.936,0.046979
18.712,74.222,0.036763
18.713,74.343,0.047113
18.713,74.254,0.042543
18.713,74.686,0.043484
18.713,74.222,0.032596
18.714,74.876,0.058673
18.714,75.281,0.080785
18.714,74.201,0.078029
18.714,74.215,0.082465
18.714,75.97,0.090127
18.714,74.246,0.057396
18.714,74.256,0.030177
18.714,74.676,0.037704
18.715,75.067,0.050272
18.715,74.127,0.025271
18.715,74.263,0.030042
18.715,75.2,0.054506
18.715,74.153,0.085422
18.715,74.327,0.098663
18.715,75.642,0.049936
18.716,74.098,0.080987
18.716,74.293,0.057396
18.716,74.312,0.035755
18.716,74.323,0.035822
18.716,74.742,0.043484
18.716,74.822,0.048995
18.716,74.07,0.034344
18.716,74.377,0.089858
18.716,74.384,0.028026
18.717,74.261,0.10075
18.717,74.517,0.037637
18.717,74.699,0.044761
18.717,74.727,0.037368
18.717,75.064,0.094025
18.717,73.675,0.12763
18.717,74.207,0.075072
18.717,74.216,0.08838
18.717,74.232,0.054439
18.717,74.432,0.098663
18.717,74.731,0.051885
18.718,74.745,0.096848
18.718,76.244,0.058136
18.718,73.976,0.30237
18.718,75.918,0.089993
18.718,75.267,0.037704
18.718,74.397,0.060354
18.719,74.986,0.039653
18.719,74.757,0.07319
18.72,74.421,0.05249
18.72,74.407,0.060421
18.72,74.725,0.060622
18.72,74.93,0.08475
18.72,75.198,0.055111
18.721,74.395,0.072182
18.721,74.398,0.054439
18.721,73.739,0.060421
18.721,74.256,0.0537
18.721,74.744,0.073862
18.721,75.719,0.021507
18.722,74.076,0.054439
18.722,74.093,0.52416
18.722,74.334,0.025338
18.722,74.205,0.091337
18.722,74.247,0.037704
18.722,74.313,0.060286
18.722,75.017,0.048054
18.722,75.111,0.025203
18.723,74.629,0.040594
18.723,74.743,0.09174
18.723,74.756,0.079105
18.723,74.304,0.060354
18.723,74.357,0.032731
18.723,75.872,0.075207
18.724,74.331,0.035755
18.724,74.348,0.27549
18.724,74.629,0.038645
18.724,74.254,0.035755
18.725,74.757,0.064991
18.725,73.739,0.0537
18.725,74.567,0.040258
18.725,74.749,0.055111
18.725,74.858,0.05706
18.725,75.209,0.06358
18.725,75.369,0.044559
18.725,75.391,0.14786
18.726,74.174,0.054439
18.726,74.743,0.082734
18.726,74.801,0.056388
18.726,74.823,0.044156
18.726,74.364,0.049264
18.726,74.752,0.075207
18.727,73.386,0.078029
18.727,74.239,0.070704
18.727,74.899,0.041401
18.727,74.334,0.060354
18.727,74.973,0.054641
18.727,75.048,0.051079
18.727,75.169,0.074333
18.727,75.162,0.06358
18.727,74.769,0.026077
18.727,75.052,0.13509
18.728,74.68,0.058337
18.728,75.101,0.084347
18.728,74.154,0.034344
18.728,74.155,0.032596
18.728,74.975,0.075207
18.729,74.581,0.12091
18.729,73.819,0.11419
18.729,74.782,0.054439
18.729,75.882,0.056455
18.73,74.186,0.076551
18.73,75.418,0.061563
18.73,75.41,0.055918
18.731,74.736,0.034478
18.731,74.189,0.085422
18.731,74.826,0.034142
18.732,74.164,0.070704
18.732,74.164,0.080987
18.732,74.62,0.064453
18.732,74.646,0.038645
18.732,74.189,0.091337
18.732,74.194,0.073594
18.732,74.546,0.039586
18.733,74.905,0.05491
18.733,75.043,0.025136
18.733,74.362,0.023321
18.733,74.833,0.034881
18.733,74.908,0.069158
18.733,74.446,0.041535
18.733,74.899,0.063243
18.733,74.757,0.11083
18.734,74.792,0.055111
18.734,74.829,0.06284
18.734,75.157,0.046307
18.734,74.744,0.11083
18.734,74.771,0.033806
18.734,74.913,0.029505
18.734,74.152,0.061832
18.734,74.73,0.088984
18.735,74.215,0.086901
18.735,74.216,0.089858
18.735,74.409,0.03636
18.735,74.571,0.054103
18.735,74.692,0.0248
18.735,74.782,0.061563
18.735,74.954,0.036494
18.736,74.752,0.078702
18.736,76.079,0.028698
18.737,73.441,0.47039
18.737,73.533,0.20828
18.737,73.541,0.056119
18.737,73.803,0.17468
18.737,73.804,0.14779
18.737,73.806,0.12091
18.737,73.809,0.14779
18.737,73.819,0.11419
18.737,73.971,0.20156
18.737,73.986,0.14779
18.737,74.332,0.094025
18.737,75.194,0.074131
18.737,74.969,0.082734
18.738,74.598,0.047046
18.738,74.898,0.040594
18.738,74.307,0.029841
18.738,74.716,0.04093
18.738,74.594,0.025069
18.738,74.781,0.047382
18.738,76.386,0.12837
18.739,73.472,0.1814
18.739,75.089,0.030042
18.739,74.216,0.083944
18.739,74.646,0.027757
18.739,74.653,0.044089
18.74,74.346,0.075072
18.741,73.811,0.26877
18.741,74.847,0.043148
18.741,75.101,0.043484
18.742,74.955,0.047248
18.742,75.092,0.054641
18.742,74.738,0.09873
18.742,74.216,0.054439
18.742,74.244,0.036091
18.742,74.336,0.047651
18.742,74.811,0.025405
18.742,74.682,0.046374
18.743,74.899,0.083608
18.743,74.234,0.092815
18.744,74.797,0.047651
18.744,74.944,0.038914
18.744,75.325,0.060286
18.744,74.245,0.058337
18.745,74.276,0.049331
18.745,74.371,0.40655
18.745,76.411,0.0537
18.746,74.33,0.067746
18.746,74.538,0.057329
18.746,74.858,0.026547
18.746,74.873,0.044761
18.746,74.199,0.070704
18.746,74.711,0.050877
18.746,74.828,0.030647
18.746,74.586,0.039317
18.746,74.887,0.041535
18.747,74.743,0.097386
18.747,74.361,0.046105
18.747,74.774,0.032529
18.747,74.836,0.037368
18.748,74.254,0.034276
18.748,74.236,0.041401
18.748,74.829,0.053834
18.749,74.574,0.051885
18.749,74.572,0.053633
18.75,73.75,0.032059
18.75,74.301,0.03058
18.75,74.887,0.038309
18.75,74.972,0.047651
18.751,74.741,0.097386
18.751,74.832,0.034814
18.751,74.893,0.085154
18.751,75.541,0.076954
18.751,74.216,0.060354
18.751,74.507,0.057329
18.752,74.248,0.067746
18.752,74.681,0.047046
18.752,74.765,0.043484
18.753,74.87,0.062504
18.753,75.071,0.051079
18.753,74.334,0.041065
18.753,74.786,0.034478
18.753,75.159,0.060488
18.753,76.569,0.024262
18.753,74.147,0.028026
18.753,74.213,0.086901
18.753,74.215,0.060354
18.753,74.293,0.083944
18.753,74.346,0.057396
18.753,74.357,0.086901
18.753,74.382,0.075072
18.753,74.215,0.060354
18.753,74.216,0.060354
18.753,74.334,0.047785
18.753,74.354,0.10162
18.753,74.432,0.070704
18.753,74.549,0.060354
18.753,74.785,0.086699
18.753,74.84,0.048659
18.754,74.537,0.039317
18.754,75.887,0.093286
18.754,74.151,0.041065
18.754,74.338,0.047987
18.754,74.104,0.03058
18.754,74.224,0.060354
18.754,74.243,0.047718
18.754,74.257,0.045635
18.754,74.35,0.0496
18.754,74.236,0.032193
18.754,74.342,0.04913
18.754,76.014,0.035553
18.755,75.126,0.036763
18.755,74.841,0.042207
18.756,74.132,0.037906
18.756,75.459,0.024598
18.756,76.141,0.041535
18.756,73.435,0.098663
18.756,74.204,0.060354
18.756,74.209,0.057396
18.756,74.216,0.069225
18.756,74.234,0.072182
18.756,74.235,0.086901
18.756,74.606,0.080987
18.756,74.222,0.03058
18.756,74.319,0.0496
18.756,73.392,0.55105
18.756,73.413,0.054439
18.756,74.087,0.035822
18.756,74.249,0.054439
18.756,74.426,0.057396
18.756,74.71,0.061563
18.756,74.865,0.050071
18.757,74.246,0.057396
18.757,74.514,0.044089
18.757,74.742,0.042207
18.757,74.865,0.047113
18.757,75.969,0.10196
18.757,75.992,0.096915
18.757,74.235,0.075072
18.757,74.498,0.031521
18.757,74.534,0.035419
18.757,76.272,0.040392
18.757,74.439,0.031521
18.757,74.624,0.038914
18.757,74.741,0.077223
18.757,74.751,0.029505
18.757,74.872,0.047046
18.758,74.109,0.25533
18.758,73.49,0.40991
18.758,74.848,0.053498
18.758,74.749,0.029505
18.758,74.981,0.045232
18.759,74.534,0.033806
18.759,74.58,0.022918
18.759,74.851,0.050272
18.759,74.686,0.054372
18.759,74.198,0.080583
18.759,74.744,0.078567
18.759,75.191,0.060421
18.76,74.395,0.064789
18.76,74.773,0.10881
18.76,74.237,0.060354
18.761,74.187,0.038107
18.761,74.236,0.064789
18.761,74.317,0.0455
18.761,74.534,0.038645
18.761,74.784,0.041266
18.761,74.847,0.087035
18.761,74.786,0.044425
18.761,74.827,0.031857
18.761,75.421,0.075072
18.761,75.428,0.040863
18.761,74.241,0.046105
18.762,73.662,0.060354
18.762,74.29,0.030244
18.762,74.292,0.053162
18.762,74.907,0.044694
18.763,74.259,0.029706
18.763,74.916,0.044694
18.763,75.673,0.056388
18.763,74.888,0.045904
18.763,75.468,0.054036
18.764,76.147,0.038107
18.764,74.155,0.073594
18.764,76.079,0.028631
18.765,75.736,0.051482
18.765,74.906,0.030916
18.765,74.164,0.024934
18.765,74.168,0.030042
18.765,74.201,0.060354
18.765,74.724,0.041535
18.765,75.102,0.056724
18.766,74.855,0.056187
18.766,76.148,0.051751
18.766,73.524,0.10747
18.766,74.715,0.04671
18.766,73.635,0.073862
18.766,74.116,0.075072
18.766,74.179,0.078029
18.766,74.371,0.047113
18.766,74.665,0.043484
18.767,73.484,0.40319
18.767,74.246,0.038107
18.767,73.969,0.079508
18.767,74.037,0.060354
18.767,74.21,0.085422
18.767,74.387,0.057396
18.767,75.499,0.083944
18.767,73.652,0.12091
18.767,74.3,0.04261
18.768,74.726,0.034142
18.768,74.771,0.095369
18.768,73.428,0.060354
18.768,73.65,0.10747
18.768,73.959,0.098663
18.768,74.023,0.085422
18.768,74.209,0.083944
18.768,74.224,0.060354
18.768,75.11,0.038443
18.768,74.043,0.060354
18.768,74.395,0.069225
18.769,74.883,0.045769
18.769,74.961,0.1078
18.769,75.111,0.045702
18.769,74.051,0.033537
18.769,74.275,0.049398
18.769,74.362,0.025338
18.769,74.366,0.025808
18.769,74.367,0.047718
18.769,74.77,0.077895
18.769,75.092,0.045836
18.77,74.589,0.058942
18.77,74.632,0.062504
18.77,74.696,0.04671
18.77,74.87,0.027287
18.77,74.745,0.09174
18.771,74.098,0.039452
18.771,74.983,0.10814
18.771,75.919,0.054372
18.772,74.305,0.041065
18.772,74.595,0.039922
18.773,74.904,0.048189
18.773,74.977,0.054506
18.773,74.368,0.032865
18.773,74.832,0.058875
18.773,75.056,0.041401
18.773,74.864,0.032529
18.773,74.174,0.047718
18.774,74.34,0.038309
18.774,74.534,0.045097
18.774,74.646,0.056388
18.774,74.752,0.022515
18.774,74.926,0.035419
18.774,74.105,0.036696
18.774,74.241,0.036763
18.774,74.415,0.04093
18.774,74.873,0.063781
18.774,74.274,0.024934
18.774,74.3,0.044223
18.774,74.639,0.048659
18.775,74.067,0.060421
18.775,73.483,0.51072
18.775,74.848,0.046845
18.776,74.584,0.031252
18.776,74.724,0.036696
18.776,75.196,0.029505
18.776,74.098,0.043619
18.776,74.895,0.045904
18.776,75.124,0.034747
18.777,75.124,0.041535
18.777,75.776,0.054305
18.777,76.192,0.029505
18.777,74.694,0.055111
18.777,74.793,0.044156
18.778,74.942,0.048054
18.778,75.001,0.029034
18.778,75.169,0.039855
18.778,74.693,0.038309
18.779,74.553,0.044761
18.779,74.571,0.061899
18.779,74.684,0.032865
18.779,74.168,0.036763
18.779,74.228,0.035755
18.78,74.743,0.039317
18.78,75.919,0.042543
18.781,73.99,0.086901
18.781,74.17,0.025338
18.781,74.174,0.057396
18.781,74.255,0.053834
18.781,74.3,0.046105
18.781,74.756,0.03011
18.781,75.854,0.021574
18.781,74.78,0.028026
18.781,75.752,0.044761
18.782,74.178,0.048189
18.782,74.193,0.045635
18.782,74.683,0.058136
18.782,74.713,0.031521
18.782,75.137,0.062168
18.783,74.785,0.047651
18.783,74.373,0.024934
18.783,73.475,0.504
18.783,74.144,0.024934
18.784,74.71,0.035553
18.784,74.892,0.045433
18.784,74.185,0.020095
18.784,74.186,0.033537
18.784,74.515,0.037301
18.784,74.791,0.061563
18.785,74.237,0.032059
18.785,74.536,0.031521
18.785,74.648,0.063176
18.785,74.342,0.047382
18.785,74.367,0.025674
18.785,74.573,0.035083
18.785,75.178,0.060421
18.786,74.119,0.10747
18.786,74.187,0.036696
18.786,74.669,0.038645
18.786,74.535,0.047113
18.786,74.693,0.064789
18.786,74.808,0.041199
18.786,75.036,0.055985
18.786,75.078,0.047718
18.786,75.214,0.057867
18.786,74.711,0.055447
18.786,74.723,0.039586
18.787,74.318,0.050003
18.787,74.842,0.047785
18.787,74.307,0.041065
18.787,74.119,0.025472
18.787,74.656,0.044156
18.787,76.157,0.054775
18.788,74.816,0.028093
18.788,74.923,0.049062
18.788,74.185,0.047785
18.788,75.415,0.055851
18.788,75.87,0.09053
18.788,74.293,0.036696
18.789,74.137,0.03058
18.789,74.311,0.049533
18.789,74.684,0.038309
18.789,75.904,0.078634
18.789,74.189,0.04624
18.789,74.268,0.035822
18.789,74.577,0.059278
18.789,74.701,0.042207
18.789,74.834,0.045366
18.789,74.914,0.047785
18.79,74.401,0.03636
18.79,75.196,0.034478
18.79,74.723,0.041065
18.79,74.648,0.063176
18.79,74.939,0.035957
18.791,74.304,0.047718
18.791,74.406,0.035419
18.791,74.417,0.025808
18.791,74.097,0.12373
18.791,74.241,0.036763
18.791,74.443,0.061429
18.791,74.626,0.050608
18.791,75.829,0.056657
18.791,74.758,0.046038
18.791,74.799,0.048323
18.792,73.775,0.046105
18.792,74.136,0.029236
18.792,74.222,0.03058
18.792,74.686,0.056724
18.792,74.837,0.041871
18.792,74.854,0.04792
18.792,75.16,0.043484
18.792,74.405,0.047046
18.793,75.582,0.05202
18.793,73.623,0.14107
18.793,74.226,0.029706
18.793,74.69,0.062504
18.793,74.715,0.055111
18.793,74.866,0.047718
18.794,74.914,0.048189
18.794,74.693,0.044694
18.794,75.022,0.025405
18.794,75.155,0.032126
18.794,74.677,0.029303
18.794,74.196,0.0455
18.794,74.566,0.049264
18.795,74.351,0.035083
18.795,74.482,0.042812
18.795,74.783,0.038645
18.795,74.125,0.03058
18.795,74.147,0.033
18.795,74.549,0.057732
18.795,74.838,0.035083
18.796,75.53,0.020095
18.796,74.037,0.060354
18.796,74.125,0.03058
18.796,74.228,0.035822
18.796,74.427,0.044156
18.796,74.855,0.047718
18.796,74.097,0.044223
18.797,74.368,0.0496
18.797,74.747,0.050877
18.797,74.807,0.046374
18.798,73.532,0.19484
18.798,74.219,0.031991
18.798,74.609,0.037368
18.798,73.532,0.094025
18.798,74.425,0.037368
18.798,74.426,0.056388
18.798,74.711,0.053431
18.798,74.901,0.045904
18.798,74.107,0.038107
18.798,74.34,0.073795
18.798,74.683,0.042543
18.798,74.732,0.06284
18.799,74.404,0.046038
18.799,74.413,0.039586
18.799,73.791,0.046979
18.799,74.647,0.031252
18.799,74.692,0.041401
18.8,74.051,0.10747
18.8,74.135,0.0537
18.8,74.753,0.047046
18.8,74.815,0.050877
18.8,74.822,0.047382
18.801,74.404,0.033134
18.801,74.416,0.022851
18.801,74.779,0.057329
18.801,74.411,0.037368
18.801,74.619,0.03636
18.801,74.721,0.047785
18.801,74.172,0.047785
18.801,74.293,0.048995
18.801,74.406,0.051213
18.801,74.899,0.044694
18.801,74.402,0.055111
18.801,74.407,0.061563
18.801,74.409,0.033806
18.801,74.421,0.054439
18.802,73.829,0.026816
18.802,74.406,0.026413
18.802,74.418,0.051549
18.802,75.408,0.051415
18.802,74.146,0.043619
18.802,74.151,0.040258
18.802,74.289,0.049264
18.802,74.393,0.049264
18.802,74.608,0.047046
18.802,74.734,0.052826
18.802,74.917,0.10142
18.803,74.385,0.042812
18.803,74.394,0.057329
18.803,74.409,0.047382
18.803,74.41,0.041199
18.803,74.416,0.038511
18.804,74.293,0.030177
18.804,74.418,0.056388
18.804,74.656,0.045433
18.804,74.807,0.046374
18.804,74.405,0.041871
18.804,74.384,0.037032
18.804,74.411,0.039586
18.804,74.744,0.027623
18.804,75.086,0.055851
18.805,74.376,0.04671
18.805,74.488,0.039586
18.805,74.589,0.040258
18.805,74.906,0.032865
18.805,75.489,0.029505
18.805,74.146,0.039855
18.805,74.671,0.058673
18.805,75.191,0.081928
18.805,74.638,0.037368
18.805,74.871,0.047718
18.806,73.758,0.040258
18.806,74.204,0.049264
18.806,74.243,0.04093
18.806,74.343,0.036763
18.806,74.516,0.060891
18.806,75.103,0.061496
18.806,75.806,0.019558
18.806,74.369,0.038645
18.806,74.801,0.031521
18.806,74.136,0.030311
18.806,74.399,0.041871
18.806,74.426,0.062168
18.806,74.456,0.067746
18.806,74.473,0.057396
18.806,74.393,0.035419
18.806,74.413,0.044761
18.806,74.896,0.048189
18.807,74.704,0.039317
18.807,74.374,0.042207
18.807,74.425,0.03636
18.807,74.724,0.039586
18.807,74.835,0.0455
18.807,74.392,0.036696
18.807,74.399,0.047046
18.807,74.403,0.037973
18.807,74.41,0.027354
18.808,74.426,0.036091
18.808,74.834,0.041871
18.808,74.422,0.02312
18.808,74.891,0.058337
18.808,74.452,0.033134
18.808,74.369,0.062504
18.808,74.385,0.040258
18.808,74.426,0.040594
18.808,74.586,0.039586
18.809,74.256,0.040594
18.809,74.361,0.055111
18.809,74.345,0.035083
18.809,74.381,0.054103
18.809,74.394,0.060286
18.809,74.642,0.061899
18.809,73.996,0.060354
18.809,74.219,0.047785
18.809,74.501,0.045433
18.809,74.67,0.041535
18.81,74.377,0.038309
18.81,74.385,0.032865
18.81,74.388,0.04671
18.81,74.403,0.030647
18.81,74.671,0.049264
18.81,74.688,0.050541
18.81,74.367,0.055716
18.81,74.39,0.031857
18.81,74.386,0.035083
18.81,74.423,0.044425
18.81,74.617,0.041871
18.811,74.375,0.039922
18.811,74.387,0.053498
18.811,74.393,0.039586
18.811,74.741,0.054439
18.811,74.87,0.069897
18.811,75.392,0.029706
18.811,75.924,0.049936
18.811,74.665,0.064319
18.811,74.735,0.051213
18.811,74.761,0.034478
18.812,74.216,0.060354
18.812,74.366,0.057665
18.812,74.023,0.14107
18.812,74.347,0.054103
18.812,74.691,0.043484
18.812,74.755,0.063176
18.812,74.915,0.047718
18.812,74.357,0.040594
18.812,74.717,0.029706
18.812,74.761,0.033134
18.813,74.819,0.044694
18.813,74.742,0.039922
18.814,74.696,0.047382
18.814,74.751,0.045769
18.814,74.556,0.037704
18.814,75.829,0.024397
18.814,74.268,0.047046
18.814,74.378,0.053498
18.814,74.246,0.063781
18.814,74.553,0.054439
18.814,74.561,0.064117
18.814,74.895,0.10814
18.815,74.227,0.051213
18.815,74.24,0.054439
18.815,74.756,0.062504
18.815,74.353,0.055111
18.816,74.377,0.042812
18.816,74.378,0.062504
18.816,74.626,0.055111
18.816,74.779,0.038309
18.816,74.789,0.037704
18.816,74.66,0.04671
18.816,74.708,0.04093
18.816,75.807,0.02144
18.817,75.28,0.044694
18.817,74.47,0.046038
18.817,74.186,0.0537
18.817,74.197,0.028698
18.817,75.151,0.020095
18.817,73.852,0.10747
18.817,74.119,0.0537
18.817,74.133,0.040258
18.817,74.134,0.080583
18.817,74.135,0.020095
18.818,73.634,0.14779
18.818,73.823,0.060421
18.818,73.834,0.26205
18.818,73.835,0.1814
18.818,74.134,0.040258
18.818,74.135,0.20156
18.818,74.135,0.32926
18.818,74.136,0.040258
18.818,75.035,0.052087
18.818,73.818,0.26877
18.818,73.835,0.0537
18.818,73.835,0.23516
18.818,74.135,0.10075
18.818,74.135,0.033537
18.818,74.152,0.11419
18.818,74.201,0.26205
18.818,74.335,0.038107
18.818,73.818,0.013375
18.818,73.834,0.26877
18.818,73.834,0.53088
18.818,73.835,0.26877
18.818,73.836,0.23516
18.818,73.851,0.26205
18.818,74.134,0.12763
18.818,74.135,0.16123
18.818,74.448,0.042812
18.818,74.449,0.021843
18.818,74.464,0.056388
18.818,75.13,0.055985
18.819,74.394,0.050608
18.819,74.15,0.046979
18.819,74.752,0.048659
18.819,73.834,0.11419
18.819,73.835,0.28221
18.819,73.851,0.40319
18.819,73.852,0.16795
18.819,74.024,0.13502
18.819,74.135,0.12091
18.819,74.136,0.033537
18.819,74.152,0.10747
18.819,74.179,0.054439
18.819,74.201,0.080583
18.819,74.201,0.23516
18.819,74.385,0.034478
18.819,74.835,0.0537
18.819,74.24,0.034747
18.819,74.243,0.055447
18.819,74.482,0.055111
18.819,74.488,0.042812
18.82,74.222,0.021036
18.821,74.682,0.049264
18.821,74.877,0.035419
18.821,74.402,0.058337
18.821,74.414,0.044761
18.821,74.419,0.053162
18.821,74.83,0.05995
18.822,74.383,0.031521
18.822,74.542,0.051213
18.822,74.722,0.042543
18.822,75.672,0.022515
18.822,75.764,0.055716
18.822,74.67,0.07897
18.822,74.744,0.045904
18.822,74.686,0.0496
18.823,74.72,0.029505
18.823,74.779,0.047382
18.823,74.694,0.051213
18.823,74.841,0.043484
18.823,74.412,0.04382
18.823,74.83,0.037032
18.824,74.407,0.051213
18.824,74.295,0.063176
18.824,74.927,0.044694
18.824,74.255,0.044156
18.825,74.41,0.052826
18.825,74.099,0.035755
18.826,74.401,0.028631
18.826,74.075,0.042745
18.826,74.807,0.04093
18.826,74.019,0.10881
18.826,74.682,0.054439
18.826,74.671,0.050877
18.827,74.386,0.056388
18.827,74.393,0.033806
18.827,74.703,0.035419
18.827,74.409,0.037973
18.827,74.57,0.032798
18.827,74.812,0.048995
18.828,74.401,0.0496
18.828,75.992,0.081188
18.828,74.723,0.035419
18.828,74.695,0.039586
18.828,74.209,0.10162
18.828,74.389,0.036091
18.828,74.392,0.047651
18.829,74.548,0.053162
18.829,74.554,0.061563
18.829,74.531,0.041199
18.829,74.386,0.042543
18.829,74.581,0.055111
18.829,74.407,0.060555
18.83,74.389,0.054775
18.83,74.712,0.048995
18.83,74.856,0.045433
18.83,74.402,0.037704
18.83,74.403,0.040594
18.83,75.107,0.039653
18.83,74.052,0.29122
18.831,74.767,0.028026
18.831,74.389,0.057665
18.831,74.391,0.055111
18.831,74.392,0.049936
18.831,74.549,0.048323
18.831,74.905,0.10848
18.831,74.404,0.047987
18.831,74.605,0.035688
18.831,76.078,0.036763
18.832,74.176,0.075072
18.832,74.403,0.063512
18.832,74.618,0.046374
18.832,74.621,0.025405
18.832,74.901,0.057329
18.832,74.388,0.051213
18.832,74.769,0.022851
18.832,74.634,0.055716
18.832,75.046,0.040258
18.833,74.74,0.048458
18.833,74.136,0.0537
18.833,74.409,0.047046
18.834,73.419,0.10747
18.834,73.834,0.18812
18.834,74.134,0.11419
18.834,74.135,0.080583
18.834,74.152,0.020095
18.834,74.152,0.046979
18.834,74.607,0.039586
18.834,74.405,0.061563
18.834,74.625,0.058001
18.834,75.134,0.10075
18.834,73.768,0.046979
18.834,73.834,0.12091
18.834,73.835,0.012702
18.834,73.851,0.0537
18.834,73.922,0.10075
18.834,74.134,0.10075
18.834,74.135,0.020095
18.834,74.201,0.12763
18.834,74.394,0.041199
18.834,74.608,0.054775
18.834,75.336,0.034276
18.834,73.819,0.25533
18.834,73.834,0.0537
18.834,73.835,0.13435
18.834,73.836,0.040258
18.834,73.851,0.020095
18.834,73.852,0.026816
18.834,74.601,0.035083
18.834,74.859,0.044156
18.835,73.834,0.17468
18.835,73.835,0.26877
18.835,73.836,0.087304
18.835,73.85,0.046979
18.835,74.135,0.026816
18.835,74.203,0.040258
18.835,74.7,0.042207
18.835,73.834,0.067142
18.835,73.834,0.046979
18.835,73.835,0.40319
18.835,73.835,0.040258
18.835,73.836,0.12091
18.835,74.201,0.10747
18.835,74.727,0.041535
18.835,75.136,0.040258
18.835,74.384,0.053498
18.835,74.404,0.046374
18.835,74.565,0.057665
18.835,74.775,0.047718
18.835,75.161,0.053834
18.836,74.404,0.04093
18.836,74.683,0.036696
18.836,73.817,0.25533
18.836,73.834,0.40319
18.836,73.834,0.020095
18.836,73.835,0.13435
18.836,73.851,0.18812
18.836,74.135,0.060421
18.836,74.151,0.080583
18.836,74.201,0.11419
18.836,74.201,0.20156
18.836,74.385,0.055447
18.836,75.834,0.17468
18.836,75.166,0.02144
18.836,73.987,0.054439
18.836,75.894,0.089993
18.837,74.385,0.062504
18.837,74.401,0.043484
18.837,74.404,0.037973
18.837,73.437,0.067142
18.837,73.439,0.23516
18.837,74.856,0.09053
18.837,75.405,0.041065
18.837,74.51,0.044425
18.837,74.386,0.049264
18.837,74.828,0.052221
18.837,75.076,0.049735
18.838,74.404,0.028631
18.838,74.752,0.034814
18.838,74.344,0.078029
18.838,74.911,0.047651
18.838,74.406,0.047987
18.839,74.668,0.044425
18.839,74.403,0.038309
18.839,76.212,0.036293
18.839,74.98,0.036629
18.839,74.889,0.051213
18.839,76.236,0.029505
18.84,74.01,0.24188
18.84,74.838,0.045904
18.841,74.432,0.047046
18.841,74.687,0.04671
18.841,74.815,0.032731
18.841,74.712,0.046374
18.841,74.883,0.03636
18.841,74.567,0.046374
18.841,74.77,0.12057
18.841,76.382,0.0248
18.842,74.689,0.035621
18.842,74.774,0.054775
18.842,73.437,0.14107
18.842,74.357,0.044156
18.842,74.749,0.055716
18.842,74.761,0.037368
18.842,75.794,0.036158
18.842,74.216,0.057396
18.843,74.869,0.074535
18.843,74.529,0.048995
18.843,74.773,0.078029
18.843,75.568,0.081928
18.843,74.927,0.044694
18.844,74.747,0.029505
18.844,74.752,0.052423
18.844,75.972,0.083003
18.844,74.954,0.035016
18.844,74.659,0.053498
18.844,74.677,0.045433
18.844,74.677,0.065596
18.844,74.707,0.061899
18.845,74.671,0.048659
18.845,74.633,0.044761
18.845,74.707,0.048659
18.845,74.993,0.054506
18.845,74.604,0.032529
18.846,74.535,0.054439
18.846,74.686,0.061899
18.846,74.707,0.056052
18.846,74.673,0.050608
18.846,74.731,0.056052
18.846,74.01,0.215
18.846,76.064,0.057396
18.847,74.659,0.050071
18.847,74.618,0.035083
18.848,75.686,0.1154
18.848,74.337,0.034747
18.848,74.431,0.056388
18.848,74.449,0.039317
18.848,74.549,0.037368
18.848,74.821,0.048659
18.848,74.835,0.076282
18.848,74.758,0.028967
18.848,74.912,0.049062
18.849,74.416,0.037973
18.85,74.15,0.10075
18.85,74.551,0.037032
18.851,74.224,0.054439
18.851,74.201,0.26877
18.851,73.819,0.060421
18.851,73.834,0.12091
18.851,73.834,0.0537
18.851,73.835,0.12763
18.851,74.136,0.080583
18.851,74.936,0.034881
18.851,73.818,0.12091
18.851,73.819,0.17468
18.851,73.834,0.19484
18.851,73.834,0.026816
18.851,74.136,0.046979
18.851,74.285,0.040258
18.851,76.343,0.055716
18.852,73.819,0.0537
18.852,73.834,0.026816
18.852,73.835,0.094025
18.852,73.851,0.24188
18.852,74.202,0.26205
18.852,74.614,0.053834
18.852,74.81,0.025405
18.852,74.136,0.033537
18.852,74.511,0.039317
18.852,74.136,0.094025
18.853,74.106,0.14779
18.853,74.831,0.051616
18.853,76.092,0.023321
18.854,74.036,0.10881
18.854,74.799,0.060555
18.854,74.854,0.048189
18.854,74.483,0.061563
18.854,74.73,0.035083
18.854,74.396,0.060354
18.854,74.784,0.029505
18.854,74.822,0.031857
18.854,74.83,0.046845
18.855,74.571,0.039586
18.855,74.775,0.045433
18.855,74.783,0.048189
18.855,74.336,0.041871
18.855,74.891,0.045904
18.855,74.752,0.059077
18.855,74.853,0.058741
18.856,74.776,0.054775
18.856,74.972,0.045904
18.856,74.583,0.03636
18.856,74.218,0.083944
18.856,74.604,0.078634
18.856,74.612,0.04671
18.857,75.938,0.042342
18.857,74.47,0.072451
18.857,74.739,0.047785
18.857,74.483,0.051213
18.857,74.622,0.044156
18.857,76.219,0.059144
18.858,76.24,0.051818
18.858,74.574,0.056724
18.858,74.59,0.035083
18.858,75.198,0.045232
18.858,74.497,0.054439
18.858,76.331,0.048659
18.858,74.91,0.044425
18.859,74.76,0.042745
18.859,76.254,0.049735
18.859,74.643,0.039317
18.859,74.648,0.040796
18.859,74.906,0.083809
18.86,74.457,0.054439
18.86,74.548,0.060555
18.861,74.539,0.062504
18.861,74.691,0.039586
18.861,74.07,0.054439
18.861,74.502,0.054775
18.861,74.538,0.047382
18.861,74.577,0.043148
18.861,74.59,0.051549
18.861,74.582,0.061227
18.861,74.614,0.054103
18.862,74.526,0.05995
18.862,74.592,0.03636
18.862,74.536,0.02601
18.862,74.912,0.048189
18.862,75.204,0.072317
18.862,74.842,0.055111
18.862,75.144,0.022313
18.863,74.868,0.056388
18.863,74.996,0.039317
18.863,74.776,0.071846
18.864,74.912,0.048323
18.864,75.059,0.041065
18.864,76.267,0.069158
18.864,74.643,0.03636
18.864,74.685,0.042812
18.864,74.76,0.03636
18.864,74.777,0.077223
18.864,75.921,0.047046
18.865,74.354,0.048659
18.865,74.518,0.051885
18.865,74.711,0.041535
18.865,74.737,0.049264
18.865,74.74,0.079105
18.865,74.882,0.034142
18.865,74.748,0.037973
18.866,74.784,0.0455
18.866,74.53,0.036091
18.867,74.685,0.037301
18.867,74.758,0.021574
18.867,74.82,0.044694
18.867,74.453,0.039317
18.867,74.759,0.035083
18.867,74.743,0.056724
18.868,75.38,0.051549
18.868,74.599,0.029639
18.868,74.606,0.046038
18.868,74.689,0.055447
18.868,74.773,0.045769
18.868,76.273,0.047046
18.869,74.183,0.30809
18.869,75.904,0.039384
18.869,74.677,0.0496
18.869,75.586,0.030042
18.869,74.784,0.041737
18.87,74.548,0.037973
18.87,75.764,0.034881
18.87,74.731,0.042812
18.87,74.221,0.054775
18.87,74.387,0.05249
18.87,74.891,0.045433
18.871,74.686,0.040594
18.871,74.782,0.037704
18.871,75.433,0.032193
18.871,74.696,0.032865
18.871,76.043,0.045232
18.872,74.549,0.070233
18.872,76.135,0.05202
18.872,74.678,0.054439
18.872,74.594,0.047651
18.873,74.626,0.051549
18.873,74.771,0.058673
18.873,74.924,0.045904
18.873,76.136,0.068889
18.873,74.873,0.14463
18.874,74.481,0.045433
18.874,74.539,0.12091
18.874,74.647,0.055111
18.874,74.699,0.039586
18.874,74.701,0.03058
18.874,74.835,0.20808
18.874,74.666,0.074333
18.875,75.914,0.052893
18.875,74.744,0.049264
18.875,74.755,0.041065
18.876,74.752,0.14463
18.876,74.794,0.062504
18.876,74.62,0.027556
18.876,74.756,0.037771
18.876,74.958,0.11016
18.876,74.836,0.020835
18.877,74.543,0.041871
18.877,74.863,0.049264
18.877,73.922,0.067142
18.877,74.491,0.060555
18.878,74.864,0.033806
18.878,74.879,0.064789
18.878,76.002,0.029505
18.878,74.853,0.17716
18.878,74.485,0.025405
18.878,74.659,0.064319
18.879,74.425,0.037973
18.879,74.82,0.043484
18.879,75.297,0.036293
18.879,73.918,0.046979
18.879,75.018,0.047382
18.879,74.647,0.027018
18.88,74.1,0.20156
18.88,74.715,0.054842
18.88,74.895,0.047785
18.88,74.718,0.061563
18.881,74.531,0.059614
18.881,74.652,0.053834
18.881,74.048,0.060354
18.881,74.824,0.055111
18.881,74.877,0.045904
18.881,74.337,0.040594
18.881,74.916,0.053162
18.882,74.45,0.036696
18.882,74.655,0.049264
18.882,74.751,0.04671
18.882,74.704,0.029303
18.882,74.467,0.052154
18.882,74.916,0.048189
18.883,74.71,0.036494
18.883,74.427,0.055716
18.883,74.691,0.40802
18.883,74.892,0.047785
18.883,76.016,0.075879
18.883,75.802,0.029908
18.883,74.886,0.077895
18.883,75.259,0.029505
18.884,74.907,0.1609
18.884,75.116,0.05128
18.884,74.862,0.047785
18.884,74.785,0.21453
18.885,74.869,0.049062
18.885,74.924,0.10276
18.885,75.229,0.056455
18.885,75.301,0.05202
18.885,75.97,0.0073258
18.886,74.62,0.044425
18.886,74.534,0.052826
18.886,74.677,0.034142
18.886,75.197,0.054506
18.886,74.443,0.091471
18.886,74.698,0.042946
18.886,75.087,0.044425
18.887,74.342,0.064453
18.887,74.714,0.05706
18.887,75.091,0.03011
18.887,74.668,0.043148
18.887,74.762,0.041535
18.887,74.483,0.056724
18.887,74.681,0.044694
18.887,74.947,0.063176
18.888,74.917,0.045904
18.888,74.517,0.060286
18.888,74.645,0.054439
18.889,74.859,0.052221
18.889,73.962,0.072182
18.889,74.298,0.03636
18.889,74.446,0.035755
18.889,74.694,0.047046
18.89,74.899,0.047785
18.89,74.634,0.056388
18.89,74.938,0.047718
18.89,76.116,0.049936
18.891,74.592,0.042812
18.891,74.898,0.048189
18.891,74.582,0.053834
18.891,74.852,0.046845
18.892,74.747,0.045702
18.892,74.793,0.036091
18.892,75.688,0.026816
18.892,74.735,0.06284
18.892,74.848,0.04382
18.893,74.884,0.052826
18.893,74.532,0.04093
18.893,74.58,0.033134
18.893,74.699,0.054103
18.893,74.864,0.058673
18.893,74.879,0.048189
18.893,74.923,0.045904
18.893,73.602,0.073594
18.893,74.656,0.061899
18.893,74.826,0.056523
18.894,74.786,0.17716
18.894,74.809,0.02023
18.894,74.536,0.05995
18.895,74.694,0.045097
18.895,74.879,0.045904
18.895,74.912,0.099267
18.896,74.783,0.042812
18.896,74.44,0.053834
18.896,74.688,0.037973
18.896,74.891,0.098528
18.896,74.47,0.055447
18.896,73.414,0.0537
18.896,73.92,0.16123
18.896,74.701,0.051885
18.897,74.601,0.049264
18.897,74.649,0.031857
18.897,74.719,0.047651
18.897,74.843,0.045097
18.898,73.657,0.060421
18.898,74.449,0.030916
18.898,74.516,0.050608
18.898,73.724,0.075072
18.898,74.89,0.083272
18.899,74.63,0.063176
18.899,74.632,0.033806
18.899,74.787,0.19181
18.899,74.404,0.035419
18.899,74.468,0.056724
18.899,74.608,0.054439
18.899,74.633,0.051213
18.899,75.124,0.058136
18.9,73.762,0.14779
18.9,74.511,0.032865
18.9,73.597,0.061832
18.9,74.904,0.044694
18.901,74.758,0.029169
18.901,74.821,0.045433
18.901,74.677,0.060017
18.901,74.824,0.047987
18.901,73.749,0.080583
18.901,75.206,0.036024
18.902,74.796,0.11049
18.902,74.34,0.060354
18.902,74.842,0.20969
18.902,74.772,0.085019
18.902,74.857,0.048189
18.903,75.191,0.051079
18.903,76.042,0.061899
18.903,74.433,0.024733
18.903,74.623,0.057329
18.903,74.902,0.055716
18.904,74.401,0.059614
18.904,74.473,0.036091
18.904,74.64,0.055851
18.904,74.787,0.12998
18.904,74.399,0.043484
18.904,74.526,0.039922
18.904,75.123,0.037435
18.905,74.555,0.05706
18.905,74.359,0.024934
18.905,74.582,0.04214
18.905,74.844,0.12185
18.905,74.766,0.10814
18.905,74.827,0.021372
18.905,75.08,0.029572
18.906,74.659,0.045097
18.906,75.178,0.054775
18.906,76.5,0.26877
18.906,76.215,0.051885
18.906,73.94,0.19484
18.906,74.805,0.022179
18.906,75.931,0.059278
18.907,74.305,0.053498
18.907,74.773,0.077223
18.907,74.793,0.029639
18.907,74.829,0.051213
18.907,74.327,0.038981
18.908,73.938,0.026816
18.908,73.938,0.046979
18.908,74.623,0.032529
18.908,74.804,0.043484
18.908,74.871,0.028026
18.908,74.766,0.10075
18.908,73.939,0.060421
18.908,74.961,0.022313
18.909,74.426,0.056724
18.909,74.444,0.043484
18.909,74.73,0.048189
18.909,74.918,0.03347
18.91,74.815,0.06862
18.91,73.612,0.044156
18.91,74.391,0.069225
18.91,74.775,0.038981
18.91,74.82,0.045769
18.91,75.904,0.044694
18.91,74.347,0.0496
18.91,74.734,0.045433
18.911,73.904,0.36286
18.911,74.844,0.13328
18.911,74.728,0.028026
18.912,73.616,0.057396
18.912,74.516,0.058942
18.912,74.632,0.054439
18.912,74.752,0.15277
18.912,74.531,0.038645
18.912,74.64,0.029505
18.913,74.735,0.032529
18.913,74.627,0.051885
18.913,74.702,0.058337
18.913,74.76,0.087708
18.914,73.97,0.033537
18.914,74.536,0.054775
18.914,74.981,0.059614
18.914,74.511,0.041938
18.914,74.657,0.032529
18.914,74.806,0.045904
18.915,74.751,0.043148
18.915,74.955,0.048189
18.915,75.133,0.036293
18.915,74.814,0.15277
18.916,74.593,0.055111
18.916,74.07,0.11493
18.916,74.504,0.055111
18.916,74.83,0.1121
18.917,74.477,0.032865
18.918,75.087,0.061227
18.918,75.185,0.036293
18.918,75.801,0.030042
18.918,74.512,0.090261
18.918,74.513,0.035419
18.918,74.837,0.039586
18.918,74.497,0.068284
18.918,74.886,0.0455
18.918,74.829,0.044694
18.918,75.301,0.062034
18.919,74.604,0.044089
18.919,74.772,0.049062
18.919,75.859,0.044425
18.919,76.225,0.048726
18.92,74.771,0.032865
18.92,75.931,0.041602
18.921,74.4,0.044156
18.921,74.886,0.089993
18.921,74.403,0.046374
18.921,74.555,0.041871
18.921,74.555,0.05706
18.921,74.749,0.0455
18.921,74.839,0.040258
18.922,75.174,0.05538
18.922,74.535,0.053498
18.922,74.64,0.056724
18.922,74.735,0.053834
18.922,74.517,0.03636
18.922,74.787,0.057329
18.923,74.843,0.044694
18.923,74.896,0.075207
18.923,74.053,0.060354
18.923,76.057,0.056657
18.924,73.838,0.070704
18.924,74.256,0.17736
18.924,74.726,0.059614
18.924,74.572,0.036763
18.925,74.758,0.032865
18.925,74.808,0.036696
18.925,74.911,0.048323
18.925,74.522,0.036696
18.925,76.099,0.043282
18.926,74.811,0.035083
18.926,74.875,0.064789
18.926,74.902,0.045904
18.926,74.966,0.047718
18.926,76.03,0.022582
18.926,74.718,0.034142
18.926,74.823,0.041199
18.926,75.033,0.034747
18.926,74.667,0.035755
18.926,74.892,0.038981
18.927,74.653,0.024598
18.927,74.697,0.040594
18.927,75.037,0.031857
18.927,74.764,0.20969
18.928,74.717,0.1609
18.928,74.788,0.16412
18.928,74.793,0.045904
18.928,74.884,0.045904
18.928,74.858,0.038309
18.929,74.69,0.060555
18.929,74.894,0.030244
18.929,74.767,0.13973
18.929,74.799,0.053834
18.929,74.439,0.042812
18.929,74.891,0.044425
18.929,73.615,0.063311
18.929,74.496,0.053834
18.929,74.913,0.072182
18.929,75.463,0.035822
18.93,74.77,0.045433
18.93,74.979,0.055649
18.931,74.599,0.044761
18.931,74.737,0.049264
18.931,74.829,0.061563
18.931,74.648,0.049936
18.932,74.564,0.021843
18.932,74.575,0.024128
18.932,74.764,0.047046
18.932,74.586,0.063176
18.932,74.589,0.063176
18.932,74.606,0.041871
18.932,74.677,0.042207
18.932,74.797,0.14954
18.932,74.895,0.078903
18.932,74.219,0.095369
18.932,74.561,0.058337
18.932,74.861,0.041871
18.933,74.961,0.041535
18.933,75.611,0.053767
18.933,74.151,0.040258
18.933,74.886,0.053364
18.934,74.574,0.042812
18.934,74.694,0.045433
18.934,74.81,0.060286
18.934,74.836,0.041535
18.935,74.684,0.1609
18.935,74.759,0.052221
18.935,74.77,0.034747
18.935,74.777,0.038645
18.935,73.704,0.085422
18.935,74.727,0.025674
18.935,75.082,0.052423
18.935,74.314,0.060555
18.936,74.589,0.045971
18.936,75.022,0.049264
18.936,74.581,0.061832
18.936,75.979,0.046038
18.936,74.434,0.061563
18.936,74.729,0.037368
18.936,75.019,0.035285
18.936,74.45,0.02769
18.937,76.031,0.014719
18.937,74.571,0.043148
18.938,74.802,0.12676
18.938,74.953,0.093756
18.938,75.532,0.029975
18.938,74.824,0.14625
18.938,74.566,0.025741
18.938,74.757,0.14302
18.938,74.761,0.045433
18.939,74.482,0.049264
18.939,74.694,0.054439
18.939,74.758,0.16412
18.939,74.794,0.17716
18.939,74.681,0.027018
18.939,74.696,0.029639
18.939,74.813,0.044694
18.939,74.84,0.099133
18.94,74.873,0.16903
18.94,73.51,0.29565
18.94,74.483,0.04093
18.94,74.788,0.032126
18.941,74.534,0.054103
18.941,74.518,0.061899
18.941,74.921,0.044761
18.941,74.778,0.084213
18.941,74.457,0.14779
18.941,74.714,0.24054
18.941,74.806,0.044425
18.942,74.625,0.051885
18.942,74.616,0.063176
18.942,74.701,0.26655
18.942,74.884,0.045433
18.942,74.912,0.056388
18.942,73.479,0.24188
18.942,74.73,0.060286
18.942,74.716,0.24054
18.943,76.638,0.057329
18.943,74.648,0.022313
18.944,74.448,0.05706
18.944,73.891,0.5376
18.944,74.653,0.035083
18.944,74.255,0.037368
18.944,74.69,0.029034
18.944,74.711,0.057396
18.945,74.698,0.20317
18.945,74.701,0.27307
18.945,73.612,0.14779
18.945,74.646,0.037973
18.945,74.909,0.048189
18.945,73.727,0.26205
18.945,74.582,0.051885
18.945,74.717,0.25358
18.946,74.464,0.024128
18.946,74.553,0.049264
18.946,74.746,0.039317
18.946,74.691,0.042678
18.947,74.868,0.034478
18.947,75.09,0.061227
18.947,74.831,0.024464
18.947,74.678,0.042812
18.947,74.71,0.060555
18.947,75,0.03683
18.947,75.067,0.041132
18.948,74.827,0.20156
18.948,75.368,0.052893
18.948,73.508,0.32926
18.948,74.698,0.048323
18.949,74.602,0.028093
18.949,73.497,0.40319
18.949,74.655,0.054439
18.95,74.445,0.044761
18.95,74.623,0.19484
18.951,74.831,0.045433
18.951,74.888,0.075207
18.951,74.61,0.02144
18.951,74.897,0.03636
18.951,74.478,0.046038
18.951,74.536,0.057329
18.951,74.863,0.044694
18.952,74.641,0.042207
18.952,74.724,0.04671
18.952,74.654,0.061899
18.952,74.776,0.2601
18.952,74.909,0.053498
18.952,74.678,0.035083
18.952,74.712,0.038309
18.952,74.908,0.02769
18.953,74.701,0.24706
18.953,75.075,0.061294
18.953,74.083,0.026816
18.953,75.806,0.048256
18.953,74.771,0.051213
18.954,74.362,0.059614
18.954,74.562,0.031521
18.954,74.716,0.22757
18.954,74.839,0.14463
18.955,73.934,0.040258
18.955,74.738,0.031521
18.955,74.747,0.050272
18.955,73.578,0.089858
18.955,74.771,0.036696
18.955,75.028,0.04839
18.956,74.353,0.042812
18.956,74.465,0.042207
18.956,74.757,0.16742
18.956,73.579,0.08838
18.956,73.594,0.047113
18.956,74.798,0.099133
18.956,73.577,0.089858
18.956,73.578,0.091337
18.956,75.102,0.046038
18.957,74.679,0.049264
18.957,73.593,0.047113
18.957,74.736,0.050608
18.957,73.582,0.091337
18.957,73.596,0.047113
18.957,74.639,0.038309
18.957,74.858,0.048189
18.958,73.596,0.047113
18.958,74.559,0.044425
18.958,74.634,0.053901
18.958,74.699,0.21453
18.958,74.729,0.042812
18.958,76.283,0.044694
18.958,73.577,0.08838
18.958,73.579,0.091337
18.959,73.578,0.089858
18.959,73.664,0.02648
18.959,74.692,0.065125
18.959,73.592,0.045635
18.959,74.573,0.032865
18.959,74.713,0.17555
18.959,75.282,0.0744
18.959,74.691,0.02144
18.96,74.958,0.047785
18.96,73.592,0.045635
18.96,73.807,0.080583
18.96,74.713,0.045433
18.96,75.981,0.048525
18.96,74.958,0.047785
18.961,73.596,0.045635
18.961,73.599,0.045635
18.961,73.599,0.045635
18.961,74.649,0.038645
18.961,73.599,0.045635
18.961,74.729,0.05706
18.961,74.874,0.052826
18.961,75.812,0.060555
18.961,73.593,0.045635
18.961,73.599,0.047113
18.961,74.632,0.044761
18.961,73.593,0.047113
18.961,73.599,0.047113
18.961,73.599,0.047113
18.961,73.599,0.047113
18.961,74.705,0.047718
18.961,74.723,0.048189
18.961,76.066,0.032193
18.962,73.594,0.047113
18.962,73.599,0.047113
18.962,74.737,0.045904
18.962,73.593,0.047113
18.962,73.593,0.047113
18.962,74.705,0.17394
18.962,74.712,0.045904
18.963,73.594,0.047113
18.963,74.964,0.045904
18.963,74.743,0.045433
18.963,74.782,0.047785
18.964,73.594,0.045635
18.964,73.597,0.047113
18.964,73.599,0.047113
18.964,74.714,0.12676
18.964,73.512,0.42335
18.964,74.654,0.042207
18.965,73.598,0.047113
18.965,73.599,0.047113
18.965,76.053,0.035755
18.966,74.619,0.034142
18.966,73.598,0.047113
18.966,74.806,0.037032
18.966,74.807,0.039586
18.966,74.932,0.047718
18.966,74.706,0.19665
18.966,75.086,0.035016
18.967,73.599,0.045635
18.968,74.668,0.021238
18.968,75.026,0.039452
18.968,74.639,0.029572
18.968,74.704,0.18039
18.969,74.37,0.061563
18.969,74.699,0.16742
18.969,76.215,0.05081
18.969,74.788,0.048659
18.97,74.674,0.054775
18.97,74.699,0.15115
18.97,74.721,0.045904
18.97,74.897,0.075207
18.97,74.921,0.10814
18.97,74.702,0.25035
18.97,74.818,0.062504
18.97,74.849,0.12353
18.97,74.897,0.082936
18.971,74.615,0.037973
18.971,74.573,0.049264
18.971,74.713,0.13166
18.971,74.421,0.048995
18.972,73.666,0.026816
18.972,75.028,0.029908
18.972,73.73,0.17468
18.972,74.558,0.041199
18.972,74.61,0.029505
18.973,74.006,0.80644
18.973,74.911,0.070368
18.973,74.679,0.036696
18.973,74.825,0.13328
18.973,75.267,0.044156
18.973,74.638,0.05202
18.973,74.694,0.045433
18.974,74.829,0.18529
18.974,75.382,0.081726
18.974,74.898,0.03683
18.974,74.962,0.04671
18.974,74.705,0.21621
18.974,74.952,0.048189
18.975,74.483,0.038645
18.975,75.658,0.10814
18.975,74.022,0.094025
18.975,74.61,0.039317
18.975,74.697,0.20156
18.976,74.681,0.053162
18.976,74.418,0.051952
18.976,74.743,0.049062
18.976,74.739,0.0496
18.976,74.899,0.076282
18.976,74.322,0.047987
18.977,74.488,0.032865
18.977,74.573,0.038645
18.977,74.826,0.038107
18.977,74.713,0.17716
18.977,74.774,0.0455
18.977,75.845,0.071174
18.978,74.903,0.063714
18.978,75.047,0.043484
18.978,76.246,0.029706
18.978,74.166,0.058606
18.978,74.714,0.19013
18.979,74.83,0.11701
18.979,74.496,0.061496
18.979,74.604,0.038645
18.979,74.713,0.13328
18.979,74.699,0.24054
18.98,74.767,0.045433
18.98,74.874,0.037368
18.98,74.581,0.050608
18.98,74.706,0.24867
18.98,75.76,0.026816
18.98,74.415,0.044156
18.98,75.118,0.029303
18.981,74.789,0.042342
18.981,74.874,0.13328
18.981,74.717,0.16258
18.982,76.164,0.056791
18.982,74.647,0.09053
18.982,74.762,0.043484
18.982,75.396,0.041602
18.983,74.697,0.16742
18.983,74.921,0.095369
18.983,74.58,0.038645
18.983,74.593,0.062504
18.983,74.788,0.20156
18.983,74.416,0.043484
18.983,74.733,0.02769
18.983,74.76,0.048189
18.983,74.219,0.14779
18.983,74.67,0.048659
18.983,75.047,0.056791
18.984,74.668,0.045769
18.984,74.8,0.058875
18.984,75.238,0.0826
18.984,74.583,0.038309
18.984,74.782,0.049062
18.984,75.487,0.047113
18.985,73.755,0.18812
18.985,74.286,0.080583
18.985,74.707,0.054439
18.985,74.844,0.047718
18.985,75.465,0.029908
18.985,74.856,0.13166
18.986,76.022,0.056724
18.986,74.219,0.11419
18.986,74.286,0.061832
18.986,74.322,0.046374
18.986,74.461,0.040594
18.986,74.633,0.044156
18.986,74.654,0.041199
18.986,74.306,0.037973
18.986,74.7,0.059614
18.986,75.177,0.032731
18.987,74.01,0.073862
18.987,74.793,0.014988
18.987,74.897,0.10881
18.987,74.024,0.051549
18.987,74.56,0.034142
18.987,74.697,0.20156
18.987,74.913,0.045904
18.987,74.927,0.048189
18.988,74.741,0.040594
18.988,74.891,0.12676
18.988,74.032,0.057396
18.988,74.169,0.044156
18.988,74.676,0.040594
18.988,74.684,0.060286
18.989,74.347,0.047046
18.989,75.067,0.055783
18.989,74.573,0.060891
18.989,74.631,0.043484
18.989,74.771,0.044694
18.989,74.844,0.13979
18.989,74.897,0.049062
18.989,74.762,0.029841
18.989,74.807,0.12676
18.99,74.885,0.18039
18.99,74.882,0.20808
18.99,75.654,0.029505
18.99,74.319,0.075072
18.99,74.77,0.042745
18.991,74.626,0.040594
18.991,74.454,0.038376
18.991,74.62,0.024867
18.991,74.736,0.047718
18.991,74.859,0.18207
18.992,74.891,0.1609
18.992,74.757,0.12911
18.992,74.829,0.036226
18.992,74.89,0.12514
18.992,74.896,0.12514
18.992,74.862,0.1658
18.992,74.877,0.10727
18.992,74.896,0.17226
18.992,74.861,0.19181
18.992,74.87,0.16742
18.992,74.891,0.13979
18.992,74.896,0.18207
18.993,74.473,0.061563
18.993,74.661,0.03636
18.993,74.842,0.051684
18.993,74.873,0.23409
18.993,74.863,0.18529
18.993,74.803,0.15277
18.993,74.873,0.25849
18.993,74.899,0.10236
18.994,73.916,0.16123
18.994,74.65,0.036293
18.994,74.842,0.048323
18.994,74.858,0.048189
18.994,74.881,0.17064
18.994,74.889,0.20808
18.994,74.558,0.065125
18.994,74.642,0.061563
18.994,74.683,0.034545
18.994,74.878,0.18207
18.994,74.506,0.041535
18.994,74.563,0.042543
18.995,74.741,0.044761
18.995,74.773,0.32186
18.995,74.509,0.040258
18.995,74.552,0.049936
18.995,74.696,0.040594
18.995,74.861,0.20479
18.995,74.876,0.17716
18.995,74.886,0.090396
18.995,74.71,0.037368
18.995,74.748,0.02144
18.995,74.874,0.13328
18.995,74.877,0.14954
18.996,74.719,0.038175
18.996,74.9,0.18852
18.996,74.392,0.055447
18.996,73.598,0.082465
18.996,74.483,0.05995
18.996,74.483,0.040594
18.996,74.509,0.032529
18.996,74.702,0.047785
18.996,74.841,0.16412
18.996,74.122,0.066268
18.996,74.251,0.037704
18.996,74.255,0.04382
18.996,74.483,0.048659
18.996,74.483,0.029303
18.996,74.491,0.039317
18.996,74.897,0.10397
18.997,74.443,0.058337
18.997,74.626,0.026682
18.997,74.956,0.10511
18.997,74.544,0.059278
18.998,74.892,0.047785
18.998,74.608,0.063176
18.998,74.699,0.10767
18.998,74.929,0.045433
18.998,74.792,0.16903
18.999,73.621,0.0537
18.999,75.225,0.023389
18.999,74.715,0.050877
18.999,74.81,0.045433
19,74.167,0.026816
19,74.577,0.044761
19,74.896,0.042812
19.001,74.638,0.034478
19.001,74.66,0.20808
19.001,74.84,0.049062
19.001,74.838,0.048189
19.001,74.877,0.19181
19.001,75.508,0.041535
19.001,74.691,0.045433
19.002,74.207,0.060354
19.002,74.889,0.075207
19.002,74.69,0.20808
19.002,74.703,0.20156
19.002,74.711,0.21621
19.003,74.878,0.19181
19.003,74.35,0.029505
19.003,74.588,0.038309
19.003,74.662,0.11419
19.003,74.701,0.036293
19.003,75.106,0.047181
19.003,74.392,0.048592
19.003,74.703,0.14302
19.003,74.85,0.17878
19.003,75.21,0.14463
19.004,74.725,0.13489
19.004,73.883,0.47039
19.004,73.966,0.14282
19.004,74.686,0.1121
19.006,75.084,0.066402
19.006,74.811,0.23409
19.006,74.237,0.060354
19.006,74.242,0.060354
19.006,75.388,0.052893
19.006,73.766,0.060421
19.006,73.949,0.067142
19.006,74.613,0.29747
19.006,74.842,0.19665
19.006,74.933,0.048189
19.007,74.761,0.059278
19.007,74.863,0.12837
19.007,74.848,0.1365
19.007,74.854,0.32025
19.007,74.862,0.19181
19.007,74.889,0.30882
19.008,74.167,0.079508
19.008,74.86,0.13811
19.008,74.859,0.15767
19.008,74.867,0.24054
19.008,74.892,0.19827
19.008,74.93,0.049735
19.008,73.995,0.27549
19.009,74.856,0.16903
19.009,74.873,0.18368
19.009,74.878,0.16412
19.009,74.888,0.30721
19.009,75.022,0.046038
19.009,75.03,0.049936
19.009,74.866,0.070704
19.009,74.874,0.17064
19.009,74.877,0.19995
19.009,74.889,0.12185
19.009,74.891,0.15928
19.009,74.856,0.079575
19.009,74.86,0.19343
19.009,74.883,0.2064
19.009,74.885,0.10559
19.01,74.839,0.11701
19.01,74.873,0.13166
19.01,74.874,0.22596
19.01,74.846,0.049062
19.01,74.874,0.18368
19.011,75.578,0.022179
19.011,74.66,0.045433
19.011,74.758,0.044694
19.011,74.708,0.20317
19.011,74.708,0.26984
19.011,74.873,0.31534
19.011,74.876,0.21621
19.011,74.887,0.18207
19.011,75.432,0.23879
19.011,75.802,0.068351
19.011,75.924,0.055851
19.012,74.544,0.05706
19.012,74.656,0.49466
19.012,74.975,0.045433
19.012,74.764,0.12837
19.012,74.889,0.15767
19.012,74.859,0.14463
19.012,74.876,0.19665
19.012,74.138,0.060354
19.012,74.176,0.086901
19.012,74.724,0.26655
19.012,74.887,0.2064
19.012,74.889,0.11372
19.013,74.202,0.054439
19.013,75.625,0.054439
19.013,74.122,0.072182
19.013,74.874,0.21944
19.013,74.885,0.23241
19.013,75.333,0.026816
19.013,74.567,0.041199
19.014,74.134,0.086901
19.014,75.271,0.06284
19.014,74.135,0.086901
19.014,74.705,0.2308
19.015,74.554,0.039586
19.015,74.874,0.13979
19.015,74.706,0.22428
19.015,74.701,0.047785
19.017,74.269,0.083944
19.017,75.416,0.068351
19.017,75.297,0.038578
19.017,74.017,0.18677
19.017,74.118,0.0537
19.017,74.778,0.20962
19.017,75.703,0.055044
19.018,74.03,0.16412
19.018,74.521,0.027018
19.018,74.689,0.21782
19.018,73.834,0.1814
19.018,73.869,0.079508
19.018,74.151,0.12091
19.018,74.608,0.0248
19.018,74.963,0.1031
19.019,74.918,0.047718
19.019,74.118,0.0537
19.019,75.642,0.052893
19.019,76.574,0.057665
19.02,74.979,0.047785
19.02,75.693,0.08596
19.02,73.948,0.14107
19.02,74.138,0.054439
19.02,74.762,0.048323
19.02,74.857,0.044694
19.02,74.891,0.16412
19.021,74.969,0.06116
19.021,75.446,0.051952
19.021,74.716,0.17716
19.021,74.886,0.10236
19.021,74.889,0.12837
19.021,74.464,0.063781
19.021,74.862,0.17878
19.022,74.575,0.057329
19.022,74.873,0.13166
19.022,74.882,0.11049
19.022,74.655,0.043148
19.023,74.395,0.033134
19.023,75.194,0.15599
19.023,74.863,0.1365
19.023,74.876,0.18207
19.023,73.947,0.080583
19.023,74.879,0.2308
19.024,74.185,0.060354
19.024,74.207,0.080583
19.024,74.657,0.1783
19.024,74.859,0.14463
19.024,74.876,0.12514
19.024,75.043,0.029505
19.024,74.876,0.15277
19.024,74.877,0.10727
19.024,74.509,0.089925
19.024,74.875,0.16412
19.024,75.042,0.058001
19.024,74.694,0.24222
19.024,74.751,0.033806
19.024,74.882,0.16251
19.025,74.245,0.054439
19.025,74.876,0.1365
19.025,74.862,0.20969
19.026,74.123,0.073594
19.026,74.802,0.045904
19.026,74.899,0.013375
19.026,74.708,0.36575
19.026,74.74,0.050608
19.026,74.555,0.054103
19.026,74.685,0.045433
19.026,73.889,0.080583
19.026,74.741,0.1236
19.026,75.909,0.057934
19.027,74.163,0.082465
19.027,74.421,0.039586
19.027,74.582,0.041199
19.027,74.876,0.045433
19.027,74.421,0.056052
19.027,74.242,0.060354
19.027,74.607,0.51697
19.028,74.651,0.074602
19.028,74.646,0.31864
19.028,74.778,0.061563
19.028,75.46,0.054842
19.029,74.395,0.038309
19.029,76.142,0.052288
19.029,73.911,0.10834
19.029,73.909,0.10632
19.029,73.912,0.12642
19.029,74.661,0.010216
19.029,74.651,0.24222
19.029,75.706,0.054305
19.03,76.029,0.055514
19.03,74.671,0.098192
19.03,74.767,0.036965
19.03,74.478,0.058337
19.031,74.709,0.035419
19.031,75.753,0.027421
19.031,74.611,0.23731
19.031,73.91,0.048122
19.031,74.808,0.14739
19.031,75.511,0.057665
19.031,75.706,0.10276
19.031,75.708,0.077021
19.032,73.869,0.080583
19.032,74.704,0.036494
19.032,75.706,0.05706
19.032,74.395,0.057665
19.032,74.421,0.049264
19.032,74.668,0.24867
19.032,74.68,0.28933
19.033,76.292,0.011896
19.033,73.711,0.17602
19.033,74.555,0.037973
19.033,74.644,0.26984
19.033,74.684,0.39505
19.033,74.739,0.054775
19.033,74.134,0.094025
19.034,74.171,0.060354
19.034,75.718,0.085288
19.034,74.573,0.055111
19.034,74.836,0.029303
19.034,75.171,0.054305
19.034,74.21,0.1119
19.034,74.321,0.048592
19.034,74.62,0.02144
19.034,74.654,0.048659
19.035,73.935,0.064184
19.035,74.118,0.067142
19.035,74.632,0.055044
19.035,74.39,0.027959
19.036,74.681,0.060891
19.036,75.601,0.1121
19.036,73.965,0.067142
19.036,75.714,0.071174
19.036,74.648,0.034276
19.036,74.66,0.041535
19.036,74.575,0.054439
19.036,74.745,0.065058
19.036,75.162,0.048054
19.037,74.551,0.038914
19.037,73.439,0.13435
19.037,74.134,0.042678
19.037,75.379,0.021708
19.037,73.943,0.1244
19.037,74.171,0.075072
19.038,75.214,0.13166
19.038,74.978,0.047718
19.038,74.207,0.03972
19.038,74.648,0.2601
19.038,74.519,0.040527
19.039,74.656,0.2521
19.039,74.797,0.11862
19.039,75.37,0.022112
19.039,73.941,0.066201
19.039,74.166,0.075072
19.039,76.203,0.068351
19.039,73.953,0.032059
19.04,74.694,0.029034
19.04,75.716,0.063378
19.04,74.733,0.098192
19.04,75.31,0.079508
19.04,74.157,0.10747
19.04,74.651,0.015122
19.041,75.076,0.051079
19.041,75.237,0.09752
19.041,74.613,0.32677
19.041,74.539,0.05995
19.041,74.942,0.04093
19.041,74.755,0.045433
19.041,76.189,0.051684
19.042,75.184,0.13489
19.042,73.437,0.14779
19.042,74.07,0.31581
19.042,74.698,0.1572
19.042,74.768,0.29747
19.042,75.464,0.047113
19.042,75.926,0.060555
19.043,74.357,0.075072
19.043,74.539,0.048659
19.043,74.649,0.48935
19.043,74.316,0.060354
19.043,74.347,0.03636
19.043,74.901,0.041602
19.043,75.717,0.079239
19.043,74.374,0.042678
19.043,74.666,0.17716
19.044,74.389,0.054439
19.044,74.563,0.028967
19.044,74.177,0.080987
19.044,74.341,0.038242
19.044,75.184,0.15438
19.045,73.942,0.034075
19.046,73.939,0.040056
19.046,74.142,0.045635
19.046,74.381,0.075072
19.046,74.688,0.027018
19.046,75.294,0.17716
19.048,75.063,0.13166
19.048,75.074,0.20808
19.048,74.355,0.086901
19.048,74.313,0.083944
19.049,74.105,0.078029
19.049,74.141,0.075072
19.049,74.78,0.061362
19.049,75.553,0.021977
19.049,74.384,0.039922
19.049,74.663,0.035822
19.05,74.144,0.20156
19.05,74.645,0.03589
19.05,75.085,0.029505
19.05,73.817,0.26877
19.05,74.747,0.25828
19.051,74.119,0.094025
19.051,74.207,0.075072
19.051,74.682,0.041468
19.051,75.562,0.059278
19.051,75.854,0.26494
19.051,74.117,0.026816
19.051,74.283,0.1814
19.051,74.524,0.028362
19.052,75.437,0.042745
19.052,74.117,0.14779
19.052,74.688,0.1525
19.052,74.758,0.03636
19.052,74.767,0.047785
19.053,74.448,0.040594
19.053,74.588,0.066268
19.053,73.651,0.055918
19.053,74.337,0.060354
19.054,74.165,0.048592
19.054,74.448,0.045433
19.054,74.69,0.044425
19.054,74.545,0.069628
19.055,74.361,0.047382
19.055,74.37,0.039317
19.055,74.388,0.057329
19.055,74.395,0.048995
19.055,74.478,0.031521
19.055,76.026,0.11701
19.055,74.173,0.058875
19.055,74.328,0.031857
19.055,74.361,0.042812
19.055,74.395,0.038309
19.056,74.574,0.055918
19.056,74.593,0.052961
19.056,75.879,0.061294
19.056,75.086,0.0025539
19.057,73.771,0.11835
19.057,74.529,0.069964
19.057,74.752,0.044694
19.057,73.77,0.03804
19.057,74.275,0.054439
19.057,74.633,0.2812
19.057,74.366,0.058875
19.058,74.637,0.39667
19.058,75.58,0.082936
19.058,74.479,0.062504
19.058,75.068,0.06983
19.059,74.879,0.18039
19.059,74.648,0.056388
19.059,74.21,0.060354
19.059,74.726,0.048256
19.059,76.407,0.10559
19.06,74.987,0.035755
19.061,74.674,0.029505
19.061,75.9,0.035553
19.061,74.593,0.045635
19.061,75.021,0.22757
19.061,74.571,0.058875
19.062,74.661,0.17064
19.062,74.823,0.22596
19.062,74.658,0.14141
19.062,75.948,0.036763
19.063,75.089,0.029505
19.063,74.361,0.050608
19.063,74.259,0.098663
19.064,74.511,0.069964
19.064,74.626,0.053767
19.064,74.724,0.19343
19.064,74.743,0.40655
19.064,75.26,0.055044
19.065,75.672,0.056926
19.065,76.406,0.18207
19.066,74.627,0.046307
19.066,74.669,0.029908
19.066,74.2,0.083944
19.066,74.17,0.083944
19.067,74.743,0.063042
19.067,74.311,0.060354
19.068,74.017,0.96707
19.068,74.671,0.29424
19.068,74.162,0.075072
19.068,74.431,0.041535
19.069,74.187,0.11634
19.069,74.644,0.32025
19.069,73.86,0.20237
19.069,74.576,0.060354
19.069,74.644,0.17878
19.07,73.854,0.24894
19.07,73.859,0.23637
19.07,74.184,0.30768
19.07,73.857,0.18624
19.07,73.86,0.20593
19.07,74.23,0.075072
19.07,73.855,0.10202
19.07,73.856,0.18624
19.07,73.862,0.231
19.07,74.344,0.060354
19.07,74.578,0.063311
19.07,74.743,0.28281
19.071,73.854,0.23281
19.071,75.566,0.029505
19.071,73.854,0.19517
19.071,74.371,0.075072
19.071,73.859,0.20593
19.071,73.861,0.19699
19.071,73.879,0.21493
19.072,73.854,0.25069
19.072,73.855,0.23281
19.072,73.865,0.15398
19.072,73.864,0.15041
19.072,75.728,0.1033
19.072,74.731,0.053901
19.073,73.857,0.21668
19.073,73.858,0.18624
19.073,73.858,0.22206
19.073,73.858,0.13603
19.073,73.878,0.10028
19.073,73.854,0.23281
19.073,74.574,0.054439
19.073,73.855,0.1898
19.073,74.69,0.22636
19.074,73.856,0.23281
19.074,73.861,0.16836
19.074,74.644,0.2568
19.074,74.839,0.056724
19.074,73.856,0.19517
19.074,73.862,0.055447
19.074,73.872,0.13428
19.074,73.874,0.14322
19.074,74.662,0.17394
19.074,74.134,0.060354
19.074,73.859,0.15216
19.074,73.861,0.071577
19.075,73.859,0.19699
19.075,73.862,0.080516
19.075,74.986,0.027488
19.075,75.798,0.072182
19.076,73.862,0.071577
19.076,74.415,0.040594
19.076,75.721,0.088648
19.076,74.388,0.04214
19.076,74.635,0.24222
19.076,74.736,0.043484
19.076,73.854,0.25069
19.076,73.858,0.13428
19.076,73.86,0.076954
19.076,73.864,0.19336
19.076,74.554,0.062504
19.076,74.671,0.14954
19.076,73.853,0.098461
19.076,73.854,0.21493
19.076,74.674,0.17394
19.077,73.838,0.23637
19.077,75.288,0.042476
19.077,73.863,0.16654
19.077,74.361,0.042207
19.077,74.682,0.21453
19.077,73.855,0.21312
19.077,73.876,0.14322
19.077,73.877,0.18798
19.077,74.193,0.075072
19.077,74.641,0.39176
19.077,74.664,0.19504
19.077,75.661,0.077895
19.078,74.681,0.30721
19.078,74.671,0.19504
19.078,76.218,0.028564
19.078,73.854,0.22024
19.078,73.855,0.1074
19.078,73.873,0.20055
19.078,74.579,0.070704
19.079,73.859,0.22925
19.079,73.861,0.19517
19.079,74.579,0.070704
19.079,74.591,0.060354
19.079,73.855,0.17548
19.079,73.856,0.19699
19.079,73.862,0.18805
19.079,74.144,0.086901
19.079,73.858,0.24713
19.079,73.864,0.23281
19.079,75.301,0.043215
19.079,75.492,0.075677
19.08,73.857,0.17904
19.08,74.181,0.054439
19.08,73.861,0.21312
19.08,73.864,0.23994
19.08,73.877,0.25969
19.081,73.867,0.14322
19.081,74.537,0.039317
19.081,74.672,0.18368
19.081,73.849,0.19517
19.081,73.854,0.17555
19.081,73.862,0.080516
19.081,74.375,0.083944
19.081,74.534,0.045769
19.081,73.864,0.17185
19.081,74.675,0.22266
19.081,73.862,0.17548
19.081,74.574,0.058875
19.082,73.856,0.26863
19.082,73.861,0.17011
19.082,74.046,0.21971
19.082,74.647,0.2568
19.082,73.853,0.18798
19.082,73.858,0.12534
19.083,73.858,0.13428
19.083,74.349,0.060354
19.083,73.861,0.16291
19.083,74.123,0.03972
19.083,73.856,0.12891
19.084,74.287,0.060354
19.084,74.571,0.032731
19.084,73.855,0.13966
19.084,73.855,0.1074
19.084,74.023,0.070704
19.084,74.732,0.028833
19.084,73.851,0.23281
19.084,73.866,0.14322
19.084,74.327,0.044156
19.084,74.673,0.21782
19.084,74.717,0.17716
19.085,74.687,0.24867
19.085,74.871,0.029505
19.085,73.858,0.11634
19.085,73.86,0.069763
19.085,74.232,0.060354
19.085,74.692,0.20808
19.085,74.696,0.11862
19.085,74.772,0.022246
19.085,74.773,0.22596
19.086,73.855,0.26863
19.086,74.147,0.060354
19.086,74.731,0.029505
19.086,73.861,0.17367
19.086,73.862,0.16117
19.086,74.657,0.11493
19.086,75.194,0.1121
19.087,73.854,0.18086
19.087,73.878,0.062571
19.087,73.853,0.16829
19.087,73.862,0.22206
19.087,73.863,0.087708
19.087,73.859,0.16829
19.087,74.198,0.075072
19.087,74.591,0.061832
19.087,75.085,0.15115
19.087,73.855,0.071577
19.087,75.855,0.15754
19.088,73.854,0.18086
19.088,73.859,0.15935
19.088,74.669,0.13166
19.088,73.863,0.18798
19.088,73.888,0.16117
19.088,74.033,0.058875
19.088,74.618,0.26332
19.088,73.862,0.069292
19.088,73.865,0.22387
19.088,74.142,0.098663
19.089,73.852,0.16836
19.089,73.859,0.18086
19.089,75.841,0.046172
19.089,76.067,0.055111
19.09,73.858,0.21668
19.09,73.862,0.22387
19.09,74.404,0.060354
19.09,74.66,0.17716
19.09,75.257,0.17716
19.09,76.518,0.16412
19.09,73.859,0.18624
19.09,74.66,0.14463
19.09,76.667,0.16742
19.09,74.644,0.17878
19.09,74.67,0.21782
19.091,73.862,0.17723
19.091,73.88,0.057262
19.091,76.177,0.25849
19.091,73.865,0.12534
19.091,75.483,0.028698
19.091,75.404,0.054305
19.091,74.727,0.067814
19.092,73.866,0.15935
19.092,73.866,0.075139
19.092,74.429,0.028295
19.092,74.517,0.051549
19.092,74.789,0.19007
19.092,73.86,0.13428
19.092,74.669,0.094227
19.092,75.338,0.1121
19.092,74.202,0.060354
19.093,73.858,0.23637
19.093,73.863,0.11096
19.093,74.564,0.030244
19.093,74.672,0.18039
19.093,75.337,0.02144
19.093,76.109,0.21621
19.093,74.125,0.060354
19.093,74.521,0.059614
19.093,74.672,0.23241
19.093,73.854,0.25076
19.093,74.971,0.082331
19.093,73.852,0.26507
19.093,73.861,0.12528
19.093,74.242,0.075072
19.094,73.86,0.13428
19.094,73.862,0.21668
19.094,73.864,0.10384
19.094,73.864,0.11278
19.094,73.864,0.19874
19.094,74.075,0.047113
19.094,74.646,0.32186
19.094,74.032,0.060354
19.094,74.723,0.32677
19.094,74.947,0.044022
19.094,75.117,0.034411
19.095,73.866,0.1576
19.095,74.141,0.083944
19.095,73.865,0.15935
19.095,73.872,0.094899
19.095,74.483,0.039586
19.095,74.682,0.20808
19.095,73.855,0.23281
19.095,73.862,0.12353
19.095,75.989,0.037973
19.096,73.856,0.21487
19.096,73.864,0.10384
19.096,74.311,0.060354
19.096,75.588,0.10075
19.096,73.855,0.2185
19.096,74.661,0.20156
19.097,73.857,0.27401
19.097,74.511,0.055447
19.097,74.632,0.029505
19.097,75.404,0.034881
19.097,74.789,0.21453
19.098,73.86,0.23637
19.098,74.739,0.029303
19.098,73.854,0.069427
19.098,73.854,0.062639
19.098,73.855,0.050071
19.098,73.858,0.16117
19.098,74.261,0.03972
19.098,74.506,0.035486
19.098,74.793,0.27307
19.098,74.186,0.03972
19.098,75.211,0.030042
19.098,73.854,0.1486
19.098,74.935,0.075207
19.099,74.207,0.060354
19.1,74.687,0.24054
19.1,74.472,0.087304
19.101,74.054,0.054439
19.101,73.878,0.11641
19.101,74.312,0.054439
19.101,74.637,0.2812
19.101,74.641,0.31373
19.101,74.789,0.22428
19.101,74.483,0.062504
19.101,74.636,0.33974
19.101,74.789,0.23241
19.101,74.903,0.036494
19.102,74.313,0.045635
19.102,74.425,0.038309
19.102,73.864,0.051885
19.102,74.646,0.32509
19.103,74.636,0.29908
19.103,74.638,0.36904
19.103,74.673,0.14625
19.103,74.674,0.16742
19.103,74.699,0.10727
19.103,74.907,0.24867
19.103,74.922,0.26984
19.103,74.95,0.054775
19.103,74.719,0.12185
19.103,73.86,0.26151
19.103,74.134,0.075072
19.103,74.165,0.54432
19.103,74.377,0.060354
19.104,73.861,0.19699
19.104,74.382,0.083944
19.104,74.37,0.044156
19.104,74.498,0.042476
19.104,74.649,0.30882
19.104,74.672,0.21621
19.104,74.683,0.17226
19.104,74.791,0.25358
19.104,73.862,0.17555
19.104,73.881,0.1361
19.104,76.116,0.022044
19.105,74.666,0.24545
19.105,74.711,0.083944
19.105,75.171,0.02144
19.105,73.859,0.15754
19.106,74.66,0.49466
19.106,74.334,0.098663
19.106,74.585,0.052221
19.106,75.805,0.047113
19.106,76.284,0.056455
19.106,74.593,0.042409
19.106,74.95,0.20317
19.107,75.207,0.17878
19.107,73.864,0.13428
19.107,75.503,0.1121
19.108,74.636,0.20808
19.108,74.248,0.03972
19.108,75.271,0.014719
19.108,73.859,0.16829
19.108,74.939,0.04093
19.108,74.747,0.036562
19.109,74.211,0.058875
19.109,75.032,0.044694
19.109,74.638,0.46818
19.109,74.641,0.30076
19.109,74.946,0.32677
19.109,76.109,0.19974
19.11,74.686,0.19504
19.11,74.141,0.65858
19.11,74.198,0.060354
19.11,74.751,0.082465
19.11,74.832,0.078029
19.111,74.167,0.054439
19.111,74.302,0.044156
19.111,74.634,0.39176
19.111,74.756,0.054977
19.111,74.664,0.03515
19.111,74.409,0.034881
19.112,74.176,0.27549
19.112,75.502,0.12024
19.112,75.61,0.034276
19.112,75.025,0.26655
19.112,73.86,0.057262
19.113,74.793,0.26978
19.113,75.804,0.048995
19.113,75.832,0.060354
19.113,74.158,0.054439
19.113,74.273,0.058875
19.113,74.956,0.038242
19.113,75.012,0.55434
19.113,74.293,0.083944
19.114,74.664,0.20022
19.115,74.67,0.14954
19.115,74.152,0.054439
19.115,75.374,0.032865
19.115,75.377,0.05249
19.116,74.2,0.089858
19.116,74.216,0.060354
19.116,74.666,0.24222
19.116,74.686,0.029505
19.117,73.734,0.076551
19.117,75.801,0.037973
19.117,75.977,0.052893
19.118,74.553,0.032865
19.118,74.702,0.2568
19.118,73.944,0.36259
19.118,74.807,0.32677
19.118,75.023,0.15599
19.118,75.722,0.032193
19.119,75.997,0.070368
19.12,74.699,0.09994
19.12,74.671,0.10727
19.12,74.892,0.042745
19.12,74.081,0.064453
19.12,74.275,0.056724
19.121,73.859,0.069763
19.121,75.251,0.056388
19.121,74.439,0.43679
19.122,74.672,0.17394
19.122,75.337,0.027488
19.122,74.678,0.21782
19.122,74.779,0.17394
19.122,75.302,0.073123
19.122,74.132,0.075072
19.123,74.68,0.39828
19.123,74.714,0.12326
19.124,75.364,0.082532
19.124,74.701,0.4048
19.124,75.582,0.15048
19.125,74.715,0.31864
19.125,74.727,0.034881
19.125,75.64,0.11862
19.125,73.644,0.0537
19.125,74.738,0.15048
19.125,75.784,0.04093
19.126,74.789,0.19181
19.127,74.546,0.041535
19.127,74.587,0.051549
19.127,74.709,0.27636
19.127,74.736,0.22844
19.128,74.669,0.12676
19.128,74.939,0.037973
19.128,74.414,0.45023
19.128,74.701,0.29424
19.128,74.845,0.045971
19.128,74.847,0.16742
19.128,74.703,0.028093
19.128,74.727,0.073862
19.129,74.704,0.28281
19.129,74.537,0.050608
19.129,74.701,0.29908
19.129,74.74,0.297
19.129,74.453,0.040258
19.129,74.659,0.059278
19.129,74.67,0.19181
19.129,74.741,0.045433
19.13,74.673,0.15438
19.13,74.206,0.28611
19.13,76.191,0.34303
19.131,73.707,0.12091
19.131,74.161,0.12084
19.131,74.774,0.2064
19.131,74.607,0.30399
19.131,74.711,0.048256
19.131,73.706,0.11016
19.131,73.703,0.21971
19.131,73.708,0.21971
19.131,74.714,0.26655
19.131,75.716,0.0826
19.131,75.864,0.030042
19.132,74.145,0.079508
19.132,74.55,0.14779
19.132,73.699,0.34068
19.132,73.706,0.25264
19.132,74.77,0.07319
19.132,74.783,0.21621
19.132,74.611,0.036494
19.132,74.716,0.27468
19.132,75.112,0.014719
19.133,74.472,0.029639
19.133,74.713,0.26655
19.133,74.714,0.30882
19.133,73.709,0.09873
19.133,73.71,0.19753
19.133,73.714,0.16459
19.133,74.698,0.27307
19.133,73.953,0.27468
19.133,74.79,0.20317
19.134,73.951,0.58243
19.134,74.855,0.14625
19.134,73.834,0.10747
19.134,74.737,0.22596
19.134,73.835,0.26877
19.134,74.737,0.21944
19.134,74.737,0.31534
19.134,73.817,0.094025
19.134,73.818,0.13435
19.134,73.819,0.046979
19.134,73.819,0.13435
19.134,73.835,0.12091
19.134,73.835,0.25533
19.134,74.135,0.18812
19.134,74.151,0.14107
19.134,74.676,0.029639
19.134,74.714,0.18368
19.135,73.819,0.11419
19.135,73.834,0.094025
19.135,73.835,0.26877
19.135,73.851,0.26205
19.135,74.134,0.27549
19.135,74.136,0.19484
19.135,74.202,0.040258
19.135,74.678,0.18852
19.135,74.779,0.12676
19.135,74.851,0.10747
19.135,75.372,0.05995
19.135,73.817,0.0537
19.135,73.834,0.040258
19.135,73.835,0.10075
19.135,73.851,0.080583
19.135,73.852,0.11419
19.135,74.153,0.12091
19.135,74.201,0.0537
19.135,74.859,0.19995
19.136,74.677,0.29263
19.136,74.79,0.15277
19.136,75.495,0.041535
19.136,73.818,0.020095
19.136,73.819,0.040258
19.136,73.835,0.060421
19.136,73.852,0.28221
19.136,74.201,0.11419
19.136,74.201,0.30237
19.136,74.694,0.18207
19.136,74.778,0.22428
19.136,75.167,0.034478
19.136,73.946,0.19773
19.136,74.387,0.064789
19.137,75.114,0.03179
19.137,74.856,0.17555
19.137,73.941,0.31864
19.137,73.942,0.51643
19.137,73.934,0.087842
19.137,73.941,0.10982
19.137,73.941,0.076887
19.137,73.941,0.31864
19.137,73.956,0.46152
19.137,74.689,0.15277
19.137,75.374,0.04671
19.138,73.966,0.20875
19.138,74.735,0.20808
19.138,74.548,0.02144
19.138,74.734,0.2568
19.138,74.736,0.23409
19.138,74.859,0.12837
19.138,75.373,0.040594
19.138,73.934,0.18328
19.138,74.13,0.060354
19.139,74.686,0.43403
19.139,73.939,0.010955
19.139,75.061,0.043081
19.139,74.686,0.30721
19.139,74.69,0.21453
19.139,74.715,0.23241
19.139,75.975,0.067881
19.139,73.948,0.73654
19.139,76.03,0.10397
19.14,74.724,0.17555
19.14,73.943,0.31864
19.14,73.944,0.2857
19.14,74.774,0.22871
19.14,74.785,0.21782
19.14,74.789,0.13811
19.141,73.953,0.49446
19.141,74.724,0.10236
19.141,74.814,0.10948
19.141,75.601,0.18852
19.142,73.949,0.24592
19.142,74.558,0.043148
19.142,74.681,0.15928
19.142,76.067,0.067746
19.142,74.736,0.12185
19.142,75.771,0.049062
19.143,74.252,0.060354
19.143,74.748,0.055918
19.143,74.244,0.060354
19.144,74.031,0.21971
19.144,74.144,0.070704
19.144,74.266,0.058875
19.144,74.669,0.24054
19.144,74.877,0.042879
19.144,75.298,0.056859
19.144,74.679,0.31212
19.144,74.886,0.05128
19.145,74.443,0.039586
19.145,75.328,0.044895
19.145,73.944,0.02191
19.145,74.279,0.060354
19.146,74.659,0.047382
19.146,74.24,0.060354
19.146,74.287,0.086901
19.146,74.74,0.15492
19.147,75.21,0.1121
19.147,75.679,0.028295
19.147,73.944,0.60441
19.148,73.897,0.18792
19.148,74.194,0.089858
19.148,74.235,0.36259
19.148,74.193,0.032327
19.148,75.075,0.088514
19.148,74.17,0.075072
19.148,74.175,0.060354
19.149,74.247,0.03972
19.149,74.428,0.057665
19.149,74.516,0.053162
19.149,76.218,0.054506
19.15,73.946,0.23073
19.151,73.618,0.087842
19.151,73.727,0.26339
19.151,74.139,0.060354
19.151,74.72,0.12676
19.151,73.851,0.26877
19.151,74.683,0.15277
19.151,74.722,0.19827
19.151,75.574,0.02144
19.151,75.775,0.094832
19.152,74.572,0.056052
19.152,76.11,0.029505
19.152,74.947,0.032193
19.152,74.601,0.047987
19.153,73.952,0.087842
19.153,73.71,0.79098
19.153,74.439,0.060958
19.153,75.037,0.028967
19.154,74.914,0.18368
19.154,74.192,0.054439
19.154,74.232,0.060354
19.155,74.716,0.036494
19.155,74.72,0.14262
19.155,73.943,0.19773
19.156,74.753,0.022313
19.156,76.36,0.099133
19.156,73.952,0.67034
19.156,74.891,0.096713
19.156,75.892,0.059278
19.156,74.06,0.23516
19.156,74.49,0.079239
19.156,74.572,0.051885
19.157,73.831,0.47248
19.157,74.147,0.054439
19.157,74.631,0.048256
19.157,75.745,0.032059
19.157,74.054,0.4835
19.157,74.793,0.027892
19.157,75.205,0.11701
19.157,75.037,0.017676
19.158,75.332,0.03515
19.158,73.709,0.56045
19.158,73.713,0.14309
19.158,74.623,0.36736
19.158,74.72,0.11701
19.158,74.836,0.21292
19.158,75.201,0.10236
19.159,74.904,0.043014
19.159,75.65,0.04261
19.159,75.286,0.035419
19.159,74.167,0.091337
19.159,74.739,0.22381
19.16,74.254,0.032327
19.16,74.52,0.19665
19.16,74.736,0.018079
19.16,75.207,0.15599
19.16,76.203,0.029706
19.161,74.045,0.15377
19.161,74.056,0.39559
19.161,74.56,0.050272
19.161,74.894,0.042207
19.161,74.552,0.070569
19.161,75.319,0.082264
19.161,74.442,0.51643
19.162,74.685,0.18207
19.162,74.552,0.031857
19.162,74.727,0.24706
19.162,73.614,0.14141
19.162,74.677,0.13811
19.163,74.737,0.20875
19.163,74.748,0.43914
19.163,74.774,0.35513
19.163,74.748,0.32287
19.163,74.764,0.35513
19.163,74.723,0.12185
19.163,74.748,0.17434
19.163,75.893,0.06237
19.164,74.74,0.41327
19.164,74.749,0.13704
19.164,74.778,0.17434
19.164,75.203,0.15115
19.165,74.786,0.06237
19.165,74.74,0.0042342
19.165,74.745,0.20445
19.165,75.179,0.045097
19.166,74.747,0.17864
19.166,74.299,0.091337
19.166,74.72,0.030042
19.166,74.753,0.15061
19.166,74.753,0.02144
19.166,74.758,0.35083
19.167,75.128,0.15767
19.167,73.716,0.14309
19.167,74.815,0.056657
19.167,75.345,0.077962
19.167,74.307,0.091337
19.167,74.685,0.086027
19.167,74.769,0.12911
19.167,74.781,0.25035
19.167,74.786,0.027892
19.167,75.058,0.054439
19.167,75.206,0.12837
19.168,74.307,0.078029
19.168,74.795,0.36804
19.168,75.03,0.082868
19.168,73.871,0.37361
19.168,73.888,0.6653
19.168,74.713,0.12837
19.168,74.789,0.70825
19.168,74.18,0.34223
19.168,74.675,0.12024
19.168,74.738,0.0042342
19.168,74.794,0.31427
19.168,75.208,0.22428
19.168,73.699,0.29666
19.168,73.888,0.6653
19.168,75.996,0.02144
19.169,73.799,0.29666
19.169,73.86,0.28557
19.169,75.191,0.09752
19.169,75.447,0.26655
19.169,73.796,0.19773
19.169,74.759,0.06452
19.169,73.751,0.56045
19.169,73.874,0.1648
19.169,73.874,0.24168
19.169,73.874,0.27468
19.169,73.875,0.30768
19.169,75.21,0.045232
19.169,73.711,0.26339
19.169,73.712,0.17602
19.169,73.87,0.043887
19.169,73.874,0.31864
19.169,73.891,0.50548
19.169,74.349,0.18677
19.169,74.759,0.38746
19.17,73.891,0.81316
19.17,73.92,0.74461
19.17,74.755,0.056388
19.17,76.077,0.024733
19.17,73.573,0.10229
19.17,73.796,0.53841
19.17,73.875,0.20828
19.17,74.71,0.22757
19.17,74.769,0.083877
19.17,74.772,0.036562
19.17,73.716,0.065797
19.17,73.875,0.97446
19.17,73.876,0.61536
19.17,73.877,0.79972
19.17,74.177,0.083944
19.17,74.682,0.19155
19.17,74.72,0.40802
19.17,74.726,0.36259
19.17,74.772,0.049466
19.17,74.774,0.047315
19.17,74.777,0.2308
19.17,74.782,0.02144
19.17,74.799,0.1033
19.171,73.796,0.25271
19.171,73.796,0.10982
19.171,74.552,0.032932
19.171,74.743,0.84387
19.171,74.759,0.019289
19.171,75.64,0.055044
19.171,73.713,0.09873
19.171,73.788,0.1318
19.171,73.796,0.23073
19.171,73.796,0.19773
19.171,73.827,0.05491
19.171,73.862,0.23046
19.171,73.874,0.19773
19.171,73.875,0.62632
19.171,74.676,0.02144
19.171,74.72,0.11083
19.171,74.738,0.38961
19.171,74.784,0.32502
19.171,75.278,0.22105
19.171,73.867,0.36259
19.171,73.871,0.6653
19.171,73.874,0.098864
19.171,73.874,0.65932
19.171,73.876,0.087842
19.171,73.882,0.14779
19.171,73.882,0.31581
19.171,74.72,0.20156
19.171,74.757,0.081726
19.171,73.719,0.13166
19.171,73.796,0.087842
19.171,73.882,0.37361
19.171,73.972,0.45695
19.171,74.152,0.060354
19.171,74.167,0.060354
19.171,74.236,0.13435
19.171,74.739,0.38101
19.172,73.566,0.072182
19.172,73.882,0.16123
19.172,74.761,0.058404
19.172,75.209,0.12837
19.172,73.796,0.27468
19.172,73.927,0.24168
19.172,73.927,0.25271
19.172,73.971,0.47712
19.172,74.608,0.33813
19.172,74.767,0.4542
19.172,73.573,0.036091
19.172,73.714,0.065797
19.172,73.796,0.10982
19.172,73.796,0.4505
19.172,73.842,0.51643
19.172,74.752,0.24968
19.172,74.774,0.35298
19.172,76.012,0.05706
19.172,73.744,0.13166
19.172,74.167,0.060354
19.172,75.285,0.067948
19.172,75.429,0.16412
19.173,73.589,0.11493
19.173,73.711,0.12091
19.173,73.796,0.29666
19.173,73.876,0.087842
19.173,73.927,0.25271
19.173,74.632,0.02144
19.173,74.765,0.038712
19.173,73.858,0.80241
19.173,73.927,0.25271
19.173,75.035,0.067679
19.173,73.796,0.31864
19.173,73.876,0.1648
19.173,74.708,0.076887
19.173,74.742,0.014988
19.173,74.765,0.060219
19.173,74.769,0.053767
19.174,73.796,0.098864
19.174,73.825,0.15377
19.174,73.829,0.2857
19.174,73.856,0.15384
19.174,73.875,0.35164
19.174,73.876,0.23073
19.174,73.877,0.26366
19.174,73.901,0.060421
19.174,74.694,0.02816
19.174,74.739,0.18294
19.174,75.213,0.14786
19.174,75.213,0.2064
19.174,73.557,0.056119
19.174,73.817,0.56045
19.174,73.825,0.24168
19.174,73.826,0.26366
19.174,73.829,0.1648
19.174,73.836,0.31864
19.174,73.876,0.40655
19.174,74.256,0.082465
19.174,74.307,0.078029
19.174,74.564,0.021843
19.174,74.687,0.4505
19.174,74.698,0.16903
19.174,74.718,0.10982
19.174,74.734,0.22596
19.174,74.748,0.073862
19.174,73.565,0.080247
19.174,73.796,0.54943
19.174,73.829,0.63734
19.174,73.829,0.32966
19.174,73.829,0.087842
19.174,74.486,0.021843
19.174,74.761,0.23026
19.174,73.721,0.25264
19.174,73.796,0.10982
19.174,73.825,0.24168
19.174,74.293,0.075072
19.175,73.674,0.43948
19.175,73.719,0.065797
19.175,73.752,0.19753
19.175,73.876,0.2857
19.175,73.876,0.17575
19.175,75.139,0.17394
19.175,73.716,0.14309
19.175,73.726,0.26366
19.175,73.826,0.19773
19.175,73.922,0.20875
19.175,74.698,0.38457
19.175,74.746,0.045164
19.175,74.757,0.65656
19.175,74.765,0.36373
19.175,74.767,0.1937
19.175,74.824,0.0042342
19.176,73.827,0.26366
19.176,73.876,0.19773
19.176,73.876,0.25271
19.176,74.564,0.055044
19.176,74.668,0.024733
19.176,74.669,0.21453
19.176,74.714,0.12837
19.176,74.72,0.17716
19.176,75.214,0.12998
19.176,73.573,0.058136
19.176,73.707,0.032865
19.176,73.714,0.17602
19.176,74.279,0.060354
19.176,74.495,0.046374
19.176,74.7,0.1648
19.176,74.702,0.010955
19.176,74.709,0.1318
19.176,75.216,0.11372
19.176,75.821,0.042812
19.176,73.558,0.058136
19.176,74.426,0.028295
19.176,74.504,0.051549
19.176,74.552,0.39559
19.176,74.707,0.37361
19.176,74.768,0.02359
19.176,73.562,0.060152
19.176,73.875,0.098864
19.176,74.717,0.19773
19.176,74.762,0.28194
19.176,75.279,0.06983
19.177,73.796,0.24168
19.177,73.829,0.043887
19.177,73.846,0.56045
19.177,74.776,0.26689
19.177,73.845,0.18677
19.177,74.699,0.21292
19.177,74.743,0.087842
19.177,74.797,0.39606
19.177,75.255,0.069292
19.177,73.796,0.52745
19.177,73.827,0.36259
19.177,73.932,0.40655
19.177,74.724,0.098864
19.177,74.789,0.33362
19.177,73.559,0.048122
19.177,73.922,0.25271
19.177,73.931,0.84609
19.177,73.932,0.24168
19.177,73.933,0.23073
19.177,74.56,0.50548
19.177,74.672,0.20808
19.177,74.701,0.14282
19.178,73.88,0.12763
19.178,74.704,0.18677
19.178,74.757,0.29915
19.178,74.757,0.027892
19.178,73.921,0.076887
19.178,74.237,0.086901
19.178,74.242,0.086901
19.178,74.743,0.69097
19.178,74.751,0.22381
19.178,74.757,0.053767
19.178,74.792,0.15061
19.178,74.908,0.23456
19.178,73.799,0.12084
19.178,73.822,0.25271
19.178,73.92,0.36259
19.178,73.933,0.24168
19.178,73.949,0.15377
19.178,74.753,0.1937
19.179,73.748,0.32993
19.179,74.748,0.10115
19.179,74.791,0.29269
19.179,75.259,0.028295
19.179,73.561,0.064184
19.179,73.799,0.043887
19.179,73.922,0.50548
19.179,73.927,0.40655
19.179,74.537,0.68143
19.179,74.554,0.14282
19.179,74.605,0.18677
19.179,74.606,0.18677
19.179,74.608,0.12084
19.179,74.746,0.23456
19.179,73.799,0.4505
19.179,73.897,0.32993
19.179,74.27,0.082465
19.179,74.553,0.37361
19.179,74.596,0.02191
19.179,74.734,0.065865
19.179,73.562,0.15377
19.179,73.837,0.10982
19.179,73.894,0.24188
19.179,74.573,0.1648
19.18,73.798,0.57141
19.18,73.855,0.21971
19.18,73.887,0.32966
19.18,73.887,0.41757
19.18,74.544,0.15377
19.18,74.756,0.29485
19.18,74.777,0.26689
19.18,73.826,0.47248
19.18,73.842,0.39559
19.18,73.898,0.15384
19.18,74.658,0.05538
19.18,74.727,0.12084
19.18,74.74,0.24753
19.18,75.21,0.16251
19.18,75.989,0.037234
19.18,76.237,0.19995
19.18,73.548,0.31864
19.18,73.798,0.59339
19.18,73.921,0.42852
19.18,74.545,0.71436
19.18,74.56,0.41757
19.18,74.573,0.1648
19.18,74.641,0.24168
19.18,74.672,0.20969
19.18,74.768,0.23241
19.18,75.173,0.049735
19.18,75.214,0.18529
19.181,73.799,0.27468
19.181,73.874,0.36958
19.181,73.876,0.20828
19.181,73.877,0.12084
19.181,73.877,0.26366
19.181,74.694,0.087842
19.181,74.782,0.21944
19.181,75.215,0.20479
19.181,73.84,0.25271
19.181,73.892,0.14309
19.181,73.893,0.61557
19.181,73.896,0.59339
19.181,73.924,0.087842
19.181,74.269,0.078029
19.181,74.27,0.073594
19.181,74.543,0.27468
19.181,74.72,0.20808
19.181,74.75,0.18677
19.181,74.847,0.046374
19.181,73.757,0.38437
19.181,73.799,0.1318
19.181,73.846,0.76947
19.181,74.253,0.086901
19.181,74.577,0.048256
19.181,74.754,0.23678
19.181,74.755,0.017138
19.181,74.778,0.1119
19.181,73.799,0.12084
19.181,73.892,0.17602
19.181,74.779,0.24323
19.182,73.717,0.12091
19.182,74.431,0.038511
19.182,74.719,0.035553
19.182,74.778,0.22165
19.182,73.566,0.29666
19.182,73.797,0.4505
19.182,73.799,0.087842
19.182,73.927,0.20875
19.182,74.27,0.075072
19.182,74.629,0.032932
19.182,73.804,0.076887
19.182,73.854,0.38437
19.182,73.896,0.1318
19.182,73.902,0.5497
19.182,74.565,0.1318
19.182,74.573,0.31864
19.182,74.755,0.2152
19.182,76.093,0.048323
19.183,73.737,0.26339
19.183,73.892,0.09873
19.183,73.896,0.98925
19.183,74.27,0.075072
19.183,74.271,0.073594
19.183,74.545,0.043887
19.183,74.546,0.8352
19.183,74.776,0.23678
19.183,73.838,0.65932
19.183,73.842,0.64836
19.183,73.895,0.71436
19.183,73.901,0.20895
19.183,73.903,0.93414
19.183,73.938,0.27468
19.183,73.941,0.47248
19.183,74.271,0.086901
19.183,74.538,0.047718
19.183,74.755,0.19813
19.183,73.74,0.37361
19.183,73.833,0.29666
19.183,73.929,0.62639
19.183,74.394,0.10982
19.183,74.572,0.1318
19.183,74.576,0.59339
19.183,74.754,0.29269
19.183,74.842,0.32966
19.183,75.404,0.091001
19.183,73.893,0.27482
19.183,73.9,0.93414
19.183,74.189,0.042678
19.183,74.738,0.47785
19.183,74.761,0.32717
19.184,73.738,0.49459
19.184,73.904,0.5497
19.184,74.726,0.065865
19.184,73.736,0.72512
19.184,73.863,0.043887
19.184,73.888,0.21971
19.184,73.901,0.65925
19.184,74.299,0.076551
19.184,74.3,0.075072
19.184,73.891,0.43955
19.184,74.674,0.18207
19.184,74.711,0.076887
19.184,75.939,0.054977
19.184,73.776,0.21971
19.184,73.836,0.3185
19.184,73.851,0.39579
19.184,73.892,0.57121
19.184,73.899,0.83534
19.184,74.426,0.051079
19.184,74.711,0.31864
19.184,75.554,0.049331
19.185,73.709,0.032865
19.185,73.844,0.14309
19.185,73.864,0.36286
19.185,73.87,0.8352
19.185,73.876,0.10982
19.185,73.886,0.94489
19.185,74.543,0.21971
19.185,75.207,0.15928
19.185,73.734,0.75805
19.185,73.74,0.21971
19.185,73.838,0.297
19.185,73.844,0.52752
19.185,73.864,0.3185
19.185,73.892,0.94489
19.185,73.895,0.19753
19.185,74.688,0.037973
19.185,74.707,0.28839
19.185,74.732,0.19773
19.185,74.738,0.80509
19.185,73.843,0.297
19.185,73.864,0.36286
19.185,74.731,0.010955
19.186,73.74,0.40655
19.186,73.761,0.62632
19.186,73.85,0.25264
19.186,73.885,0.26339
19.186,74.712,0.11049
19.186,73.84,0.98925
19.186,73.844,0.25264
19.186,73.859,0.19753
19.186,74.271,0.079508
19.186,74.559,0.29666
19.186,74.562,0.40655
19.186,74.763,0.24168
19.186,73.954,0.26366
19.186,74.676,0.25035
19.186,74.756,0.26689
19.186,74.766,0.24108
19.186,73.914,0.18677
19.186,73.938,0.59339
19.186,74.444,0.26366
19.186,74.445,0.087304
19.186,74.677,0.16251
19.186,76.233,0.045433
19.187,73.85,0.23046
19.187,73.893,0.3185
19.187,73.953,0.23073
19.187,74.003,0.12091
19.187,74.676,0.23409
19.187,75.912,0.035755
19.187,73.848,0.297
19.187,73.912,0.065865
19.187,73.737,0.74729
19.187,73.839,0.297
19.187,73.912,0.24168
19.187,73.953,0.15377
19.187,74.371,0.043887
19.187,74.559,0.10982
19.188,73.838,0.17602
19.188,73.92,0.27468
19.188,73.936,0.38457
19.188,73.938,0.10982
19.188,74.377,0.4505
19.188,75.206,0.11049
19.188,73.742,0.032865
19.188,73.844,0.09873
19.188,73.85,0.25264
19.188,73.854,0.24188
19.188,73.903,0.35143
19.188,73.925,0.1318
19.188,74.57,0.46152
19.188,74.625,0.18677
19.188,73.843,0.34068
19.188,73.909,0.39559
19.188,73.91,0.30587
19.188,74.564,0.31864
19.188,74.575,0.1318
19.188,74.576,0.087842
19.188,74.7,0.26366
19.188,75.059,0.064789
19.188,73.798,0.34068
19.188,73.837,0.39579
19.188,73.909,0.27468
19.188,74.145,0.083944
19.188,74.388,0.032865
19.188,74.67,0.29263
19.189,73.853,0.58263
19.189,73.854,0.76947
19.189,73.847,0.53828
19.189,73.853,0.36286
19.189,73.86,0.39579
19.189,73.921,0.2857
19.189,74.482,0.62497
19.189,74.567,0.02191
19.189,74.762,0.31642
19.189,73.747,0.35143
19.189,73.796,0.23073
19.189,74.526,0.026682
19.189,74.769,0.27468
19.189,74.845,0.06983
19.189,75.992,0.063445
19.189,73.84,0.30775
19.189,73.856,0.24188
19.189,73.907,0.20875
19.189,73.961,0.37361
19.189,74.341,0.37361
19.189,74.56,0.19773
19.189,74.845,0.15928
19.19,73.839,0.25264
19.19,73.839,0.34068
19.19,73.861,0.23046
19.19,73.921,0.62639
19.19,73.955,0.52745
19.19,73.962,0.32966
19.19,73.962,0.37361
19.19,73.89,0.76947
19.19,73.922,0.85685
19.19,73.957,0.38457
19.19,74.444,0.12084
19.19,74.486,0.035419
19.19,74.515,0.047987
19.19,74.566,0.56045
19.19,74.594,0.1648
19.19,74.671,0.23241
19.19,74.672,0.19181
19.19,74.708,0.17575
19.19,74.767,0.13341
19.19,74.768,0.39176
19.19,73.66,0.055044
19.19,73.834,0.57121
19.19,73.858,0.28557
19.19,73.897,0.75805
19.19,73.898,0.46166
19.19,73.955,0.17575
19.19,73.958,0.15377
19.19,73.96,0.70361
19.19,73.962,0.76947
19.19,73.962,0.25271
19.19,73.964,0.25271
19.19,74.563,0.21971
19.191,73.792,0.28557
19.191,73.921,0.85685
19.191,73.925,0.56045
19.191,73.962,0.31864
19.191,73.966,0.31864
19.191,74.009,0.040258
19.191,74.526,0.68143
19.191,74.527,0.68143
19.191,74.562,0.10982
19.191,74.76,0.30352
19.191,73.897,0.98925
19.191,73.938,0.27468
19.191,73.958,0.40655
19.191,74.589,0.29666
19.191,74.611,0.31743
19.191,74.674,0.27468
19.191,74.704,0.18677
19.191,74.716,0.19773
19.191,74.726,0.39559
19.191,73.909,0.94489
19.191,73.923,0.076887
19.191,73.924,0.1318
19.191,74.67,0.2568
19.191,74.707,0.24168
19.191,75.208,0.099133
19.191,73.941,0.38457
19.191,74.416,0.15377
19.191,74.67,0.3056
19.191,74.699,0.18986
19.191,74.781,0.22266
19.191,76.1,0.036226
19.192,73.676,0.010686
19.192,73.839,0.12091
19.192,73.894,0.96707
19.192,74.727,0.14954
19.192,74.777,0.16782
19.192,74.778,0.066671
19.192,75.924,0.055985
19.192,73.793,0.17602
19.192,73.894,0.5497
19.192,74.842,0.18529
19.192,74.845,0.17555
19.192,75.191,0.18691
19.192,73.745,0.52752
19.192,73.749,0.91196
19.192,74.207,0.38974
19.192,74.529,0.53841
19.192,74.531,0.29666
19.192,74.558,0.17575
19.192,75.192,0.17716
19.192,73.874,0.16123
19.192,73.893,1
19.192,74.674,0.22428
19.192,74.676,0.34135
19.192,74.764,0.027892
19.192,74.765,0.12696
19.193,73.838,0.17602
19.193,73.842,0.10982
19.193,73.874,0.0017474
19.193,73.874,0.35157
19.193,73.875,0.18677
19.193,73.877,0.34061
19.193,73.884,0.15377
19.193,73.892,0.3185
19.193,73.933,0.62639
19.193,73.962,0.86827
19.193,73.963,0.64836
19.193,74.386,0.21971
19.193,74.535,0.15377
19.193,74.719,0.24168
19.193,74.761,0.083877
19.193,74.769,0.21621
19.193,73.682,0.79098
19.193,73.694,0.11016
19.193,73.744,0.53828
19.193,73.795,0.17602
19.193,73.873,0.14282
19.193,73.874,0.38974
19.193,73.874,0.24168
19.193,73.964,0.34061
19.193,74,0.20156
19.193,74.361,0.37361
19.193,74.529,0.15377
19.193,74.587,0.49446
19.193,74.669,0.21621
19.193,75.093,0.052221
19.193,75.576,0.054641
19.193,73.767,0.24188
19.193,73.933,0.21971
19.193,74.136,0.060354
19.193,74.578,0.64836
19.193,74.76,0.44055
19.194,74.566,0.25271
19.194,74.573,0.26366
19.194,73.748,0.32993
19.194,73.802,0.4173
19.194,74.134,0.075072
19.194,74.575,0.063781
19.194,74.776,0.32677
19.194,73.743,0.15384
19.194,73.771,0.34068
19.194,73.908,0.23073
19.194,73.932,0.18677
19.194,73.964,0.2857
19.194,74.376,0.65858
19.194,74.545,0.43955
19.194,74.562,0.02191
19.194,74.676,0.30721
19.194,74.677,0.37388
19.194,74.679,0.18368
19.194,74.68,0.60804
19.194,75.974,0.086094
19.194,73.677,0.11016
19.194,73.91,0.70361
19.194,73.912,0.032932
19.194,73.913,0.70327
19.194,73.964,0.38457
19.194,74.351,0.71436
19.194,74.352,0.59339
19.194,74.567,0.53841
19.194,74.678,0.29908
19.194,74.679,0.02144
19.194,74.711,0.17716
19.195,73.748,0.24188
19.195,73.807,0.59339
19.195,74.362,0.05491
19.195,74.551,0.23073
19.195,74.644,0.27468
19.195,73.772,0.17602
19.195,73.886,0.28557
19.195,73.887,0.18677
19.195,73.963,0.25271
19.195,73.614,0.062504
19.195,73.797,0.20895
19.195,74.658,0.29679
19.196,73.77,0.30775
19.196,73.888,0.20895
19.196,74.559,0.21971
19.196,74.575,0.12084
19.196,74.734,0.21971
19.196,73.668,0.32993
19.196,73.886,0.297
19.196,74.37,0.71436
19.196,74.478,0.10982
19.196,74.672,0.12998
19.196,74.673,0.40641
19.196,74.779,0.2308
19.196,74.842,0.1121
19.196,73.766,0.32993
19.196,74.572,0.19773
19.196,73.801,0.39579
19.196,74.389,0.87902
19.196,74.548,0.15377
19.196,74.676,0.17716
19.196,74.757,0.090329
19.197,73.695,0.5497
19.197,73.776,0.38437
19.197,73.799,0.4173
19.197,73.88,0.60441
19.197,73.927,0.21971
19.197,73.796,0.30775
19.197,74.552,0.31864
19.197,73.893,0.24188
19.197,74.549,0.21971
19.197,74.779,0.24222
19.198,73.751,0.47241
19.198,73.889,0.49459
19.198,74.373,0.37361
19.198,74.766,0.3013
19.198,74.845,0.15928
19.198,73.747,0.38437
19.198,73.765,0.23046
19.198,73.875,0.18677
19.198,73.876,0.087842
19.198,73.89,0.47241
19.198,74.485,0.1648
19.198,75.207,0.17394
19.198,73.675,0.48316
19.198,73.892,0.67
19.198,73.912,0.27468
19.198,73.913,0.63734
19.198,73.927,0.64836
19.198,74.667,0.16742
19.198,74.68,0.22918
19.198,73.862,0.24188
19.198,73.887,0.16459
19.198,74.67,0.2064
19.198,74.782,0.0063848
19.199,73.745,0.34068
19.199,73.893,0.32993
19.199,73.927,0.49446
19.199,74.645,0.032731
19.199,73.761,0.065797
19.199,73.927,0.24168
19.199,75.073,0.05202
19.199,73.681,0.17602
19.199,73.918,0.6813
19.199,73.919,0.40655
19.199,73.92,0.50548
19.199,73.927,0.19773
19.199,74.394,0.46152
19.199,74.667,0.35762
19.199,74.67,0.23241
19.199,74.776,0.0085355
19.199,73.668,0.46166
19.199,73.714,0.32993
19.199,73.765,0.13166
19.199,73.888,0.14309
19.199,74.744,0.39559
19.2,73.714,0.23046
19.2,74.382,0.15377
19.2,74.406,0.34061
19.2,74.677,0.19665
19.2,73.767,0.42873
19.2,74.502,0.027824
19.2,74.56,0.37355
19.2,74.552,0.27468
19.2,74.578,0.36259
19.201,73.67,0.32993
19.201,74.425,0.054775
19.201,74.502,0.15377
19.201,74.681,0.16903
19.201,74.384,0.35164
19.201,74.532,0.073459
19.201,76.649,0.067142
19.201,73.713,0.53828
19.201,73.76,0.010686
19.202,73.679,0.82391
19.202,74.382,0.50548
19.202,74.576,0.1648
19.202,74.651,0.27468
19.202,74.703,0.67034
19.202,73.717,0.19753
19.202,73.888,0.19753
19.202,73.947,0.27468
19.202,74.373,0.74723
19.202,74.675,0.15928
19.202,74.718,0.10236
19.202,74.736,0.24538
19.202,73.745,0.010686
19.202,74.426,0.17575
19.202,74.506,0.10982
19.202,74.677,0.19343
19.203,73.713,0.19753
19.203,73.731,0.15384
19.203,74.564,0.076887
19.203,73.594,0.30768
19.203,73.877,0.1318
19.203,74.678,0.054439
19.203,74.701,0.63734
19.203,74.986,0.036293
19.203,73.71,0.27482
19.203,73.763,0.065797
19.203,73.868,0.4505
19.203,73.909,0.19753
19.203,74.38,0.054842
19.203,74.707,0.10982
19.203,74.709,0.15377
19.203,74.736,0.1318
19.203,73.754,0.24188
19.203,73.806,0.12091
19.203,74.018,0.35164
19.203,74.338,0.10747
19.203,75.21,0.10236
19.203,75.642,0.17555
19.204,73.714,0.20895
19.204,73.772,0.56045
19.204,73.894,0.28557
19.204,73.918,0.18677
19.204,74.017,0.25271
19.204,74.569,0.27468
19.204,74.674,0.24706
19.204,74.742,0.67034
19.204,75.619,0.11701
19.204,73.706,0.17602
19.204,73.908,0.37361
19.204,74.014,0.098864
19.204,74.017,0.20875
19.204,74.017,0.17575
19.204,74.604,0.32966
19.204,74.733,0.49446
19.204,75.218,0.19013
19.204,75.362,0.03011
19.204,74.017,0.71235
19.204,74.25,0.060354
19.204,74.551,0.032932
19.204,73.709,0.032865
19.204,73.716,0.30775
19.204,73.891,0.30775
19.204,73.911,0.92338
19.204,74.017,0.29666
19.204,74.017,0.78628
19.204,74.018,0.45023
19.204,74.056,0.30768
19.204,74.164,0.060354
19.204,74.589,0.18677
19.204,76.218,0.041737
19.205,73.908,0.73654
19.205,73.913,0.25264
19.205,74.017,0.37361
19.205,74.018,0.32966
19.205,74.569,0.24168
19.205,74.58,0.032932
19.205,74.602,0.14282
19.205,74.672,0.17394
19.205,74.676,0.33
19.205,74.681,0.33
19.205,74.685,0.33813
19.205,73.659,0.09873
19.205,73.714,0.087976
19.205,73.73,0.58243
19.205,73.912,0.28557
19.205,74.387,0.27468
19.205,74.546,0.18677
19.205,74.559,0.10982
19.205,74.575,0.32966
19.205,74.666,0.22428
19.205,74.67,0.26655
19.205,74.674,0.49587
19.205,74.739,0.81316
19.206,73.893,0.24188
19.206,73.908,0.94489
19.206,74.37,0.50548
19.206,74.386,0.23073
19.206,74.671,0.31373
19.206,74.672,0.39505
19.206,74.672,0.30882
19.206,74.676,0.1609
19.206,74.727,0.83534
19.206,75.17,0.056187
19.206,73.557,0.98925
19.206,73.892,0.32993
19.206,73.927,0.043887
19.206,74.354,0.075072
19.206,74.671,0.29263
19.206,74.673,0.47147
19.206,74.674,0.1365
19.206,74.683,0.17878
19.206,74.727,0.21971
19.206,75.225,0.12676
19.206,73.892,0.13166
19.206,73.893,0.18677
19.206,73.906,0.14309
19.206,73.906,0.89045
19.206,74.681,0.22918
19.206,74.712,0.13328
19.206,75.506,0.03468
19.206,73.643,0.81316
19.206,73.672,0.17602
19.206,73.673,0.43948
19.206,73.892,0.25264
19.207,73.896,0.59339
19.207,73.896,0.032865
19.207,73.9,0.065797
19.207,74.372,0.68143
19.207,74.673,0.24867
19.207,74.861,0.045433
19.207,75.487,0.060354
19.207,73.892,0.27482
19.207,73.896,0.28557
19.207,73.898,0.09873
19.207,74.341,0.060354
19.207,74.558,0.30768
19.207,74.684,0.14302
19.207,74.817,0.036494
19.207,73.709,0.23046
19.207,74.571,0.26366
19.207,74.68,0.29747
19.207,74.683,0.35762
19.207,74.703,0.18509
19.207,75.337,0.15928
19.207,73.894,0.19753
19.207,73.9,0.13166
19.207,73.908,0.96707
19.207,74.603,0.1318
19.207,74.68,0.45521
19.207,75.488,0.042678
19.208,73.892,0.26339
19.208,73.894,0.28557
19.208,73.911,0.15384
19.208,73.913,0.26339
19.208,74.669,0.32677
19.208,74.695,0.30768
19.208,73.58,0.24168
19.208,73.909,0.20875
19.208,73.913,0.14309
19.208,74.706,0.25271
19.208,74.722,0.19773
19.208,74.73,0.028093
19.208,73.78,0.50548
19.208,73.89,0.23046
19.208,73.891,0.13166
19.208,73.892,0.30775
19.208,74.547,0.1318
19.208,74.844,0.13166
19.209,73.778,0.10982
19.209,73.779,0.50548
19.209,73.893,0.21971
19.209,74.209,0.17468
19.209,75.041,0.058472
19.209,75.247,0.055716
19.209,73.772,0.20875
19.209,73.776,0.30768
19.209,73.776,0.43955
19.209,73.875,0.45695
19.209,73.892,0.42873
19.209,73.894,0.19753
19.209,74.547,0.03058
19.209,74.898,0.1078
19.209,74.903,0.12165
19.209,75.168,0.081255
19.209,75.6,0.1121
19.209,73.707,0.18677
19.209,73.774,0.46152
19.209,73.874,0.087842
19.209,73.875,0.64514
19.209,73.906,0.5497
19.209,73.914,0.4505
19.209,73.916,0.10982
19.209,75.625,0.15438
19.209,73.684,0.297
19.209,73.773,0.32966
19.209,73.875,0.55777
19.209,74.551,0.10982
19.209,74.566,0.47248
19.209,75.218,0.11372
19.209,75.568,0.19013
19.21,73.875,0.31581
19.21,73.903,0.49459
19.21,73.904,0.20895
19.21,73.905,0.26339
19.21,73.908,0.82391
19.21,74.544,0.43955
19.21,76.47,0.12837
19.21,73.668,0.23046
19.21,73.875,0.6653
19.21,73.924,0.29666
19.21,74.387,0.39552
19.21,74.506,0.075207
19.21,74.697,0.22266
19.21,73.682,0.35143
19.21,74.551,0.2857
19.21,74.726,0.23073
19.21,75.831,0.041132
19.211,73.904,0.11016
19.211,73.924,0.19773
19.211,73.927,0.1648
19.211,73.933,0.34061
19.211,74.211,0.28221
19.211,73.682,0.4173
19.211,73.91,0.25264
19.211,74.67,0.33161
19.211,75.213,0.023321
19.211,73.757,0.32966
19.211,73.91,0.16459
19.211,73.744,0.14282
19.211,73.758,0.21971
19.211,73.903,0.15384
19.211,74.677,0.26171
19.212,73.681,0.56045
19.212,73.746,0.42852
19.212,73.746,0.21971
19.212,73.758,0.076887
19.212,73.758,0.23073
19.212,73.899,0.19753
19.212,74.017,0.35164
19.212,74.674,0.19013
19.212,73.746,0.043887
19.212,73.746,0.17575
19.212,73.746,0.2857
19.212,73.749,0.6813
19.212,73.758,0.065865
19.212,73.903,0.043619
19.212,73.905,0.15384
19.212,74.019,0.25271
19.212,73.746,0.098864
19.212,73.747,0.38457
19.212,73.75,0.42852
19.212,74.671,0.16412
19.212,73.678,0.25264
19.212,73.91,0.45023
19.212,74.587,0.055044
19.212,74.67,0.36575
19.212,74.671,0.34303
19.213,73.748,0.41757
19.213,74.274,0.03972
19.213,74.715,0.03636
19.213,73.904,0.71436
19.213,74.664,0.21944
19.213,75.213,0.11049
19.214,74.727,0.14954
19.214,73.907,0.82391
19.214,74.222,0.17468
19.214,75.215,0.2064
19.214,73.901,0.36286
19.214,73.904,0.71436
19.214,73.905,0.5497
19.214,73.91,0.42873
19.214,74.365,0.060354
19.214,74.674,0.33
19.214,74.558,0.022717
19.214,74.693,0.24054
19.215,74.232,0.0537
19.215,74.671,0.4259
19.215,74.673,0.22428
19.215,74.939,0.035822
19.215,74.221,0.040258
19.215,74.824,0.021372
19.215,73.677,0.23046
19.215,74.671,0.18368
19.216,73.678,0.45023
19.216,73.687,0.043619
19.216,74.756,0.35762
19.216,73.76,0.12091
19.216,73.907,1
19.216,73.908,0.52752
19.216,74.674,0.31534
19.216,74.677,0.19665
19.217,74.883,0.064117
19.217,74.884,0.056455
19.217,74.221,0.12091
19.217,74.907,0.035419
19.217,75.167,0.29585
19.217,75.647,0.18529
19.217,75.808,0.022918
19.217,74.689,0.2568
19.217,74.883,0.052288
19.217,75.834,0.045971
19.218,73.906,0.20895
19.218,74.666,0.3349
19.218,74.675,0.22428
19.218,74.688,0.17716
19.218,74.761,0.053767
19.218,75.685,0.1121
19.219,74.2,0.060354
19.219,74.59,0.04382
19.219,74.809,0.035016
19.22,74.689,0.21292
19.22,73.899,0.16459
19.22,74.208,0.026816
19.22,74.671,0.24222
19.22,74.756,0.30782
19.22,75.675,0.17064
19.22,74.673,0.23241
19.22,74.674,0.54627
19.22,74.691,0.26332
19.22,75.172,0.079575
19.221,74.671,0.27636
19.221,74.483,0.066738
19.221,76.588,0.23241
19.221,73.914,0.32993
19.221,74.73,0.11049
19.221,75.264,0.25519
19.221,75.587,0.15767
19.221,74.897,0.020768
19.222,73.644,0.36736
19.222,74.193,0.060354
19.222,74.889,0.077895
19.222,74.953,0.058606
19.222,74.673,0.24545
19.222,74.674,0.17878
19.222,74.898,0.088514
19.222,74.681,0.26171
19.222,74.686,0.24054
19.223,74.535,0.040258
19.223,74.918,0.10679
19.223,75.607,0.28933
19.223,74.673,0.21782
19.223,74.678,0.032731
19.223,75.362,0.09994
19.223,74.673,0.30882
19.223,74.287,0.086901
19.223,74.674,0.39667
19.223,75.206,0.11701
19.224,74.69,0.2113
19.224,74.698,0.19343
19.224,75.453,0.017878
19.224,74.777,0.074535
19.224,74.892,0.075207
19.224,74.196,0.12091
19.224,74.671,0.24222
19.224,74.673,0.24867
19.224,74.834,0.15438
19.224,74.998,0.029505
19.224,75.443,0.14302
19.225,74.695,0.17716
19.225,74.697,0.19343
19.225,73.639,0.13435
19.225,73.763,0.080583
19.225,74.669,0.34135
19.225,74.675,0.32348
19.225,74.686,0.18039
19.225,74.73,0.19665
19.225,75.238,0.1121
19.225,74.381,0.035822
19.225,74.609,0.30775
19.225,74.609,0.25264
19.225,74.61,0.18677
19.225,74.61,0.21971
19.225,74.666,0.30882
19.225,74.667,0.20156
19.225,74.67,0.17716
19.225,74.757,0.16352
19.226,74.597,0.028026
19.226,74.609,0.34068
19.226,74.609,0.14309
19.226,74.609,0.6989
19.226,74.609,0.51677
19.226,74.61,0.48316
19.226,74.672,0.47147
19.226,75.062,0.18697
19.226,74.609,0.24188
19.226,74.609,0.32993
19.226,74.61,0.71436
19.226,74.61,0.21971
19.226,74.669,0.20808
19.226,75.083,0.078903
19.226,75.78,0.11049
19.226,74.609,0.30775
19.226,74.609,0.42873
19.226,74.609,0.3185
19.226,74.609,0.297
19.226,74.61,0.50534
19.226,74.61,0.26339
19.226,74.611,0.17602
19.226,74.686,0.21453
19.226,75.23,0.17716
19.226,74.609,0.19753
19.226,74.609,0.24188
19.226,74.61,0.5497
19.226,75.419,0.19343
19.226,75.718,0.11701
19.226,75.874,0.048726
19.227,73.909,0.40655
19.227,74.609,0.27482
19.227,74.609,0.09873
19.227,74.609,0.19753
19.227,74.61,0.23046
19.227,76.073,0.007393
19.227,74.207,0.13435
19.227,74.609,0.21971
19.227,74.609,0.18677
19.227,74.754,0.034881
19.227,75.222,0.2064
19.227,75.589,0.15767
19.227,74.609,0.37361
19.227,74.697,0.19013
19.227,74.228,0.046979
19.227,74.609,0.43948
19.228,74.043,0.40655
19.228,74.689,0.40151
19.228,75.011,0.15599
19.228,75.685,0.16251
19.228,73.913,0.25264
19.228,75.003,0.054977
19.228,75.592,0.12024
19.228,75.658,0.15928
19.228,73.643,0.86827
19.228,74.676,0.21453
19.229,74.677,0.18207
19.229,74.683,0.17716
19.229,74.698,0.15115
19.229,75.214,0.17716
19.229,74.685,0.20969
19.229,75.514,0.25358
19.23,74.678,0.20156
19.23,74.391,0.036696
19.23,74.44,0.027354
19.23,74.505,0.038107
19.231,74.689,0.23409
19.231,75.207,0.17716
19.231,74.671,0.19504
19.231,74.699,0.31212
19.232,75.223,0.14954
19.232,75.837,0.14786
19.232,74.686,0.10888
19.233,74.791,0.079239
19.233,75.413,0.040997
19.233,74.427,0.049936
19.233,74.698,0.19343
19.233,74.782,0.22428
19.233,75.49,0.034881
19.234,74.697,0.19665
19.234,75.65,0.17064
19.234,75.739,0.032731
19.234,75.95,0.12998
19.234,74.692,0.14141
19.234,74.706,0.24545
19.234,74.903,0.32932
19.234,74.621,0.021104
19.234,74.686,0.2064
19.234,74.692,0.18207
19.234,75.257,0.062034
19.234,74.675,0.39505
19.235,74.146,0.045635
19.235,75.755,0.16742
19.235,74.704,0.06862
19.236,74.218,0.24168
19.236,74.666,0.12676
19.236,74.702,0.26171
19.236,76.028,0.044694
19.236,74.669,0.3105
19.236,74.672,0.14302
19.236,75.15,0.040392
19.236,76.031,0.023053
19.236,76.357,0.042476
19.236,74.232,0.057396
19.236,74.463,0.032529
19.236,75.666,0.15599
19.236,75.959,0.075341
19.237,74.68,0.09174
19.237,74.91,0.36414
19.237,75.666,0.15599
19.237,74.208,0.040258
19.237,74.671,0.11741
19.237,74.692,0.40319
19.238,74.207,0.30237
19.238,74.217,0.046979
19.238,74.662,0.22918
19.238,74.177,0.0537
19.238,74.672,0.099133
19.238,75.399,0.08838
19.238,74.685,0.20156
19.238,74.686,0.26332
19.238,74.699,0.13811
19.238,75.091,0.017878
19.238,76.083,0.055514
19.238,74.218,0.0537
19.238,74.651,0.34626
19.239,74.219,0.0537
19.239,74.395,0.19484
19.239,74.686,0.20808
19.239,74.501,0.04671
19.239,74.666,0.16412
19.239,74.677,0.16412
19.239,74.693,0.24867
19.239,75.018,0.03636
19.239,74.721,0.040191
19.239,74.652,0.078567
19.239,74.681,0.21782
19.239,75.636,0.15438
19.24,73.896,0.2857
19.24,74.284,0.24188
19.24,75.557,0.088447
19.241,74.209,0.033537
19.241,74.676,0.20808
19.241,75.658,0.15438
19.241,74.667,0.17878
19.241,74.227,0.040258
19.241,74.402,0.073862
19.241,74.67,0.12998
19.241,74.705,0.28772
19.241,75.308,0.14302
19.241,74.411,0.59809
19.241,74.662,0.1609
19.241,74.674,0.20156
19.241,74.889,0.089993
19.241,75.313,0.047113
19.241,76.023,0.082868
19.242,74.705,0.17716
19.242,75.722,0.025069
19.242,74.14,0.067142
19.242,74.666,0.16742
19.242,74.705,0.27468
19.242,74.742,0.58855
19.242,75.754,0.17064
19.242,74.667,0.22266
19.242,74.678,0.17716
19.242,74.714,0.10303
19.242,74.782,0.17716
19.242,74.885,0.18368
19.242,75.784,0.10397
19.243,75.184,0.05538
19.243,75.601,0.13489
19.243,74.78,0.2113
19.243,74.667,0.31534
19.243,74.681,0.15599
19.243,74.705,0.19995
19.243,75.212,0.088716
19.243,75.37,0.049398
19.244,74.696,0.27307
19.244,74.782,0.20969
19.244,75.212,0.15599
19.244,74.669,0.18368
19.244,74.672,0.18207
19.244,74.651,0.21782
19.244,74.681,0.19013
19.244,74.685,0.22918
19.244,75.7,0.020566
19.245,75.787,0.15767
19.245,74.551,0.047046
19.245,74.659,0.22428
19.245,74.727,0.11701
19.245,75.002,0.055716
19.245,75.773,0.15115
19.245,74.703,0.25849
19.245,76.208,0.14463
19.246,74.679,0.19181
19.246,74.782,0.24222
19.246,74.891,0.10982
19.246,74.701,0.36252
19.246,75.694,0.027959
19.247,74.671,0.20156
19.247,74.677,0.18368
19.247,74.783,0.098931
19.247,73.843,0.1318
19.247,73.846,0.24168
19.247,73.893,0.23073
19.247,74.678,0.20156
19.247,73.846,0.20875
19.247,73.912,0.59339
19.247,75.109,0.061429
19.247,73.843,0.12084
19.247,73.843,0.59339
19.247,73.844,0.15377
19.247,74.206,0.14779
19.247,74.786,0.18368
19.247,75.215,0.083205
19.248,73.844,0.1318
19.248,73.846,0.25271
19.248,73.843,0.065865
19.248,73.844,0.20875
19.248,73.844,0.20875
19.248,74.662,0.16903
19.248,73.844,0.43955
19.248,73.844,0.87902
19.248,73.844,0.93414
19.248,75.701,0.032731
19.249,73.844,0.50548
19.249,73.844,0.032932
19.249,73.844,0.21971
19.249,74.365,0.060354
19.249,75.718,0.023792
19.249,73.844,0.05491
19.249,73.845,0.18677
19.249,74.213,0.078029
19.249,74.669,0.17878
19.249,73.845,0.010955
19.249,73.845,0.50548
19.249,74.115,0.42852
19.249,75.453,0.19181
19.249,75.664,0.086094
19.249,73.845,0.27468
19.249,73.845,0.37361
19.249,73.846,0.19773
19.249,73.912,0.60441
19.249,74.705,0.28281
19.249,74.899,0.038443
19.249,75.711,0.020566
19.249,75.713,0.031723
19.25,73.845,0.65932
19.25,73.846,0.21971
19.25,74.839,0.22636
19.25,73.846,0.61536
19.25,73.847,0.24168
19.25,73.848,0.36259
19.25,74.557,0.031521
19.25,74.677,0.23409
19.25,74.892,0.095369
19.25,75.726,0.028967
19.25,73.846,0.1648
19.25,73.846,0.39559
19.25,73.89,0.17575
19.25,74.017,0.33598
19.25,74.67,0.19665
19.25,75.8,0.14302
19.25,75.883,0.20969
19.251,73.846,0.94489
19.251,73.846,0.41757
19.251,73.846,0.30768
19.251,73.847,0.76947
19.251,73.848,0.1648
19.251,74.138,0.086901
19.251,74.776,0.21782
19.251,73.848,0.35164
19.251,73.848,0.14282
19.251,74.723,0.14625
19.251,75,0.09342
19.251,75.442,0.045433
19.251,73.846,0.19773
19.251,73.846,0.30768
19.251,73.848,0.1318
19.251,74.269,0.075072
19.251,73.847,0.61536
19.251,73.848,0.20875
19.251,75.707,0.022784
19.252,73.847,0.96707
19.252,74.705,0.19343
19.252,75.762,0.16742
19.252,73.847,0.27468
19.252,73.847,0.76947
19.252,73.849,0.31864
19.252,74.893,0.078298
19.252,75.241,0.02816
19.252,75.736,0.033336
19.253,73.847,0.35164
19.253,73.848,0.98925
19.253,73.848,0.70361
19.253,75.712,0.029572
19.253,74.453,0.46367
19.253,74.579,0.041468
19.253,75.71,0.024397
19.253,73.848,0.26366
19.253,73.849,0.57141
19.253,73.849,0.70327
19.253,74.017,0.67874
19.253,74.772,0.2601
19.253,73.849,0.54943
19.253,74.701,0.20156
19.253,75.208,0.10337
19.253,75.213,0.13489
19.254,73.849,0.19773
19.254,73.849,0.87902
19.254,74.684,0.17226
19.254,73.849,0.27468
19.254,74.278,0.20156
19.254,75.216,0.12514
19.254,76.221,0.024598
19.254,74.676,0.22428
19.254,73.849,0.23402
19.254,73.85,0.70361
19.254,75.212,0.13328
19.254,75.701,0.027959
19.255,74.671,0.19995
19.255,76.276,0.14625
19.256,74.422,0.03972
19.256,74.62,0.29747
19.256,74.671,0.22918
19.256,74.673,0.17716
19.256,74.676,0.44378
19.256,74.142,0.28221
19.256,74.155,0.046979
19.256,74.694,0.068553
19.256,75.403,0.20237
19.256,74.206,0.18812
19.256,75.337,0.20808
19.256,74.677,0.21453
19.257,75.728,0.031185
19.257,74.689,0.62753
19.257,74.221,0.063311
19.257,74.538,0.029505
19.257,74.772,0.17716
19.257,75.045,0.07608
19.257,76.082,0.040997
19.258,74.208,0.046979
19.258,73.518,0.25533
19.258,74.298,0.27549
19.258,74.67,0.17394
19.258,74.206,0.23516
19.258,74.665,0.3755
19.258,74.675,0.12353
19.258,75.729,0.032193
19.258,75.785,0.055447
19.259,74.147,0.1814
19.259,75.19,0.1154
19.259,74.126,0.86827
19.259,74.263,0.20156
19.259,74.908,0.075207
19.26,75.394,0.069023
19.261,74.183,0.069225
19.261,74.226,0.20156
19.261,74.263,0.046979
19.261,74.276,0.26877
19.261,74.335,0.27468
19.261,74.334,0.21971
19.261,75.722,0.032395
19.261,74.732,0.042342
19.262,74.145,0.18812
19.262,74.175,0.3427
19.262,74.354,0.064789
19.262,74.946,0.074535
19.262,75.219,0.13166
19.262,74.687,0.19343
19.262,74.919,0.054103
19.263,75.207,0.19504
19.263,75.211,0.11701
19.263,75.515,0.15115
19.263,75.709,0.10397
19.264,75.208,0.1658
19.264,75.808,0.15599
19.264,75.314,0.079575
19.264,75.359,0.25519
19.264,75.675,0.2064
19.266,74.474,0.060891
19.266,75.21,0.11701
19.266,74.428,0.036696
19.266,74.522,0.038309
19.266,75.216,0.14141
19.266,75.722,0.022515
19.266,74.735,0.02144
19.267,75.15,0.29424
19.267,75.729,0.021843
19.267,75.817,0.092614
19.267,74.17,0.20156
19.268,74.524,0.02769
19.268,76.307,0.033806
19.268,74.501,0.048995
19.269,74.281,0.058875
19.269,75.541,0.09584
19.269,75.983,0.11701
19.269,76.274,0.18039
19.269,76.282,0.14302
19.269,75.211,0.19343
19.269,75.824,0.11049
19.269,75.083,0.055649
19.269,75.8,0.19504
19.269,76.133,0.20317
19.27,74.703,0.041737
19.27,75.69,0.13166
19.27,74.145,0.14779
19.27,75.843,0.13489
19.271,74.068,0.12091
19.271,74.227,0.0537
19.271,76.282,0.087708
19.271,73.87,0.23073
19.272,73.875,0.42852
19.272,74.602,0.030042
19.272,75.614,0.19013
19.272,74.706,0.029437
19.272,74.067,0.13166
19.273,74.192,0.15451
19.273,74.194,0.19484
19.273,74.552,0.01445
19.273,73.614,0.14141
19.273,76.276,0.15115
19.273,74.249,0.067142
19.273,74.265,0.057396
19.273,75.605,0.049735
19.273,74.868,0.055246
19.273,75.001,0.037973
19.274,74.924,0.029706
19.274,74.239,0.18812
19.274,74.672,0.19665
19.274,75.204,0.076349
19.274,74.225,0.058875
19.275,74.6,0.13435
19.275,74.755,0.061563
19.275,75.885,0.20156
19.277,73.715,0.080583
19.277,73.772,0.073862
19.277,74.647,0.035621
19.277,75.204,0.10559
19.278,74.277,0.40319
19.278,75.915,0.048256
19.278,74.118,0.1814
19.278,74.734,0.029505
19.279,74.159,0.054439
19.279,74.193,0.073862
19.279,74.384,0.064789
19.279,74.755,0.029706
19.28,74.285,0.048323
19.28,74.712,0.11862
19.281,74.094,0.38974
19.281,74.981,0.044895
19.281,74.028,0.73251
19.281,74.243,0.17468
19.282,74.017,0.67034
19.282,74.028,0.34061
19.282,74.028,0.15377
19.282,74.323,0.30237
19.282,74.017,0.9543
19.282,74.028,0.73251
19.283,73.532,0.094025
19.283,74.025,0.49446
19.283,74.029,0.9543
19.283,73.628,0.81988
19.283,74.018,0.61536
19.283,74.028,0.52745
19.283,75.017,0.18207
19.283,75.167,0.33974
19.283,75.817,0.11701
19.283,75.819,0.077962
19.283,75.867,0.24054
19.283,75.9,0.13166
19.283,75.917,0.11862
19.283,75.933,0.1365
19.283,76.033,0.082868
19.284,75.926,0.15109
19.284,74.931,0.029706
19.284,76.052,0.037973
19.286,74.148,0.048592
19.286,75.304,0.025943
19.286,76.274,0.10236
19.286,73.683,0.297
19.286,74.201,0.0537
19.286,75.416,0.041401
19.286,75.983,0.16097
19.286,74.206,0.094025
19.286,75.817,0.094227
19.287,76.117,0.19343
19.287,74.017,0.36259
19.288,74.017,0.67034
19.288,74.017,0.79972
19.288,74.514,0.06284
19.289,74.068,0.13435
19.289,74.863,0.092614
19.289,75.038,0.14779
19.289,74.21,0.067142
19.289,74.558,0.042879
19.289,74.792,0.055044
19.289,74.794,0.034411
19.289,75.936,0.15438
19.289,74.781,0.02144
19.289,74.963,0.033806
19.289,76.118,0.11049
19.29,73.591,0.12091
19.29,75.9,0.1609
19.29,75.944,0.052221
19.29,74.141,0.083944
19.29,74.789,0.18529
19.29,74.517,0.041535
19.291,74.557,0.04093
19.291,74.906,0.061227
19.291,74.522,0.070905
19.291,74.136,0.17468
19.291,74.41,0.18812
19.291,74.411,0.14107
19.292,73.667,0.09873
19.292,74.776,0.065797
19.292,74.892,0.041871
19.292,74.354,0.086901
19.292,74.483,0.068956
19.292,75.917,0.18691
19.292,75.922,0.18691
19.292,74.243,0.067142
19.292,74.645,0.068486
19.293,74.139,0.060354
19.293,74.312,0.17468
19.293,74.775,0.23409
19.293,73.841,0.15451
19.293,74.501,0.048861
19.293,74.619,0.2601
19.294,74.619,0.15115
19.294,74.771,0.44055
19.295,74.479,0.026682
19.295,74.742,0.056455
19.295,74.724,0.029639
19.296,74.499,0.061899
19.296,74.043,0.68143
19.296,74.777,0.21305
19.296,75.224,0.1154
19.297,73.686,0.52752
19.297,74.777,0.14201
19.297,76.344,0.060421
19.297,74.664,0.075072
19.298,74.719,0.14463
19.298,76.073,0.029505
19.298,74.489,0.037973
19.298,75.555,0.042879
19.299,73.772,0.30775
19.299,74.418,0.038914
19.299,75.927,0.099133
19.299,73.686,0.38437
19.299,74.618,0.26655
19.299,73.675,0.20895
19.299,73.676,0.25264
19.299,73.677,0.20895
19.3,74.887,0.10196
19.3,75.15,0.29424
19.3,75.167,0.24867
19.3,75.967,0.1609
19.3,75.95,0.12998
19.301,74.694,0.19665
19.301,74.777,0.10343
19.301,75.429,0.016735
19.302,74.054,0.38457
19.302,74.054,0.34061
19.302,75.344,0.20317
19.302,75.438,0.21453
19.302,75.922,0.18691
19.302,76.294,0.11862
19.303,75.469,0.13811
19.303,75.95,0.16903
19.303,74.778,0.21621
19.303,74.796,0.22428
19.304,75.984,0.11372
19.304,73.842,0.27468
19.305,74.734,0.022179
19.305,75.344,0.21621
19.305,74.697,0.1658
19.306,75.81,0.15115
19.306,76.276,0.14302
19.306,74.039,0.31864
19.306,74.041,0.20875
19.306,74.589,0.029639
19.307,74.784,0.052961
19.307,75.275,0.12353
19.307,74.406,0.047315
19.308,74.366,0.14107
19.308,73.885,0.96707
19.309,76.134,0.081255
19.309,74.916,0.024262
19.309,76.139,0.18207
19.31,74.074,0.58257
19.31,74.526,0.042342
19.31,75.453,0.029505
19.31,75.613,0.02144
19.311,74.57,0.035957
19.311,73.756,0.59137
19.311,75.883,0.20969
19.311,75.173,0.046172
19.313,75.053,0.044627
19.314,73.84,0.87902
19.314,73.998,0.47039
19.314,73.84,0.29666
19.314,73.998,0.39559
19.315,75.316,0.075207
19.315,74.733,0.067074
19.316,75.205,0.068889
19.317,74.523,0.032731
19.317,75.967,0.12185
19.317,76.067,0.09752
19.317,76.117,0.11701
19.317,76.133,0.084481
19.317,75.224,0.028093
19.317,75.633,0.1365
19.317,74.048,0.15377
19.317,74.946,0.047046
19.318,75.461,0.28288
19.318,74.048,0.54943
19.318,74.048,0.52745
19.318,74.048,0.29666
19.319,75.428,0.086363
19.319,74.06,0.10747
19.319,75.147,0.052154
19.319,76.152,0.20317
19.32,74.06,0.69218
19.32,74.06,0.23073
19.32,74.728,0.24168
19.32,74.783,0.058068
19.32,75.438,0.062168
19.32,76.15,0.17716
19.32,75.432,0.19638
19.32,74.775,0.34008
19.321,74.69,0.043014
19.321,75.436,0.044156
19.321,74.416,0.022851
19.321,74.437,0.038981
19.321,75.922,0.037973
19.322,75.436,0.061563
19.322,74.333,0.085422
19.322,75.415,0.045635
19.322,75.437,0.086094
19.323,75.439,0.049264
19.323,74.428,0.050272
19.323,74.776,0.48216
19.324,75.439,0.040594
19.324,75.439,0.096041
19.324,75.439,0.076416
19.324,74.526,0.032529
19.324,76.286,0.029639
19.325,75.439,0.12702
19.325,75.442,0.1322
19.325,74.139,0.080583
19.325,75.344,0.20317
19.326,74.025,0.076551
19.326,74.036,0.32966
19.326,74.003,0.26366
19.326,75.005,0.039317
19.326,73.45,0.087304
19.326,73.585,0.03683
19.326,74.562,0.048256
19.326,75.345,0.029505
19.326,75.442,0.1648
19.326,76.104,0.078567
19.327,74.037,0.17575
19.327,74.209,0.080583
19.327,75.485,0.04839
19.328,74.418,0.056388
19.328,74.848,0.17824
19.328,75.437,0.13543
19.328,74.472,0.040594
19.328,76.12,0.030916
19.328,75.776,0.035553
19.329,74.806,0.16412
19.329,74.003,0.2857
19.329,74.004,0.31581
19.329,75.438,0.10088
19.329,74.849,0.12998
19.33,74.849,0.16742
19.33,75.224,0.054641
19.331,75.438,0.061563
19.331,75.994,0.054439
19.331,74.924,0.02144
19.331,74.014,0.34061
19.331,74.026,0.30237
19.331,74.027,0.4835
19.331,75.441,0.090934
19.331,74.025,0.17575
19.331,74.025,0.49056
19.331,74.027,0.21971
19.331,74.028,0.17575
19.332,74.014,0.31864
19.332,74.026,0.26366
19.332,74.027,0.32784
19.332,75.419,0.073594
19.332,75.441,0.11378
19.332,74.026,0.23073
19.332,74.025,0.27468
19.332,74.026,0.59809
19.332,75.447,0.055313
19.333,74.025,0.32784
19.334,75.344,0.064991
19.334,75.342,0.15599
19.335,74.726,0.047987
19.336,74.06,0.6653
19.337,75.038,0.16903
19.337,75.019,0.12205
19.337,75.589,0.32065
19.337,75.693,0.10559
19.338,75.159,0.054305
19.338,75.773,0.050339
19.339,74.04,0.77956
19.339,74.037,0.52745
19.339,74.04,0.67874
19.339,74.04,0.71235
19.339,73.507,0.17468
19.339,75.092,0.031857
19.339,74.037,0.20828
19.339,74.038,0.69218
19.339,75.093,0.041602
19.34,74.038,0.32926
19.34,74.038,0.63734
19.34,74.543,0.034613
19.34,74.724,0.036024
19.341,74.032,0.061832
19.341,74.037,0.050743
19.341,75.179,0.054439
19.341,75.419,0.070704
19.342,75.421,0.14954
19.342,76.453,0.10075
19.342,74.048,0.1318
19.342,74.049,0.22844
19.342,75.613,0.20808
19.342,74.049,0.37355
19.343,75.376,0.094227
19.343,75.611,0.20156
19.343,75.617,0.2601
19.343,76.133,0.084481
19.343,74.743,0.27959
19.344,75.618,0.26171
19.344,74.888,0.10814
19.344,75.076,0.074467
19.344,75.6,0.22757
19.344,75.609,0.20969
19.344,75.619,0.34626
19.344,75.613,0.2812
19.344,75.62,0.17555
19.345,75.331,0.045097
19.345,75.669,0.15438
19.346,74.88,0.17468
19.346,74.975,0.049264
19.347,75.606,0.22266
19.348,73.532,0.040258
19.348,75.472,0.054305
19.348,75.609,0.2113
19.349,74.629,0.32677
19.349,75.673,0.22757
19.349,75.39,0.049398
19.349,74.84,0.029303
19.35,74.936,0.059278
19.35,75.255,0.029505
19.35,76.051,0.044291
19.35,74.808,0.029774
19.35,75.687,0.022649
19.351,74.355,0.040258
19.351,74.094,0.087976
19.351,75.178,0.067814
19.351,75.938,0.029505
19.352,75.386,0.089925
19.352,75.245,0.055246
19.352,74.442,0.085826
19.353,75.183,0.31212
19.353,75.858,0.039586
19.353,74.602,0.041065
19.353,74.775,0.22596
19.353,75.325,0.24383
19.353,76.2,0.055783
19.354,75.684,0.0066537
19.354,75.621,0.22266
19.354,75.749,0.01781
19.355,75.454,0.13166
19.355,74.58,0.055918
19.356,75.617,0.24054
19.356,75.618,0.24867
19.356,75.761,0.02144
19.356,75.321,0.077962
19.356,75.62,0.46172
19.357,75.222,0.042207
19.357,75.621,0.42268
19.358,75.45,0.038981
19.358,74.423,0.046038
19.358,75.896,0.05706
19.358,74.968,0.055918
19.358,76.334,0.045433
19.359,75.025,0.14954
19.359,75.621,0.2113
19.359,75.631,0.27636
19.359,76.639,0.2113
19.359,75.529,0.22105
19.359,75.197,0.022112
19.36,75.626,0.30721
19.36,74.007,0.50534
19.36,74.56,0.056052
19.361,75.62,0.30721
19.362,74.626,0.032462
19.363,75.243,0.022717
19.363,75.014,0.020902
19.363,75.647,0.30237
19.363,75.623,0.23409
19.364,75.627,0.20808
19.364,75.685,0.15928
19.364,75.691,0.28933
19.364,75.629,0.24545
19.364,75.63,0.23241
19.365,74.694,0.19181
19.365,75.226,0.15599
19.365,75.627,0.23241
19.365,74.789,0.059278
19.365,75.63,0.21621
19.366,75.644,0.28933
19.366,74.793,0.034411
19.367,75.632,0.21621
19.367,73.991,0.20156
19.369,74.534,0.54432
19.369,74.532,0.059278
19.369,75.317,0.29424
19.369,75.534,0.12514
19.37,74.651,0.010216
19.37,75.124,0.094025
19.37,75.644,0.29908
19.37,75.757,0.20156
19.371,76.125,0.11049
19.371,75.89,0.026816
19.371,76.158,0.053028
19.372,75.587,0.12998
19.372,75.644,0.19181
19.373,73.614,0.1154
19.373,74.395,0.61825
19.373,74.75,0.082331
19.373,75.264,0.15115
19.374,75.804,0.25197
19.374,74.872,0.14625
19.374,75.059,0.055178
19.374,76.496,0.12676
19.374,75.259,0.19753
19.374,75.414,0.12091
19.374,75.677,0.18039
19.375,74.746,0.48316
19.375,75.588,0.13166
19.375,74.777,0.045702
19.376,74.204,0.067142
19.376,75.783,0.079575
19.376,74.793,0.037704
19.376,74.508,0.060891
19.376,74.725,0.19753
19.378,74.126,0.10075
19.378,74.566,0.61153
19.378,74.566,0.29565
19.378,74.566,0.12091
19.378,74.666,0.10747
19.379,75.22,0.047651
19.38,74.563,0.059614
19.38,75.634,0.14141
19.381,74.426,0.064789
19.383,75.638,0.15599
19.384,73.803,0.29565
19.384,73.914,0.19484
19.384,74.562,0.26877
19.384,74.088,0.5376
19.384,74.11,0.10075
19.384,74.459,0.47039
19.384,75.686,0.26171
19.384,76.481,0.12676
19.385,75.653,0.19665
19.385,76.564,0.13979
19.385,74.088,0.61825
19.385,74.543,0.61825
19.386,74.441,0.028026
19.386,75.3,0.25035
19.386,75.737,0.13166
19.386,75.739,0.17716
19.386,74.556,0.03058
19.387,75.736,0.14954
19.387,75.074,0.38437
19.387,75.688,0.10236
19.387,74.457,0.12118
19.387,75.169,0.13489
19.387,75.203,0.032462
19.387,75.439,0.10075
19.388,74.655,0.031857
19.388,75.471,0.12837
19.388,75.88,0.036494
19.388,73.701,0.17468
19.388,74.465,0.14779
19.388,75.312,0.076349
19.388,75.441,0.058472
19.388,74.637,0.35601
19.389,74.6,0.1814
19.389,74.638,0.18852
19.389,75.404,0.071443
19.389,75.59,0.14954
19.389,74.842,0.12676
19.389,76.497,0.03636
19.39,74.639,0.34135
19.39,75.646,0.20808
19.39,75.476,0.036226
19.39,76.148,0.1121
19.39,74.531,0.056052
19.39,75.255,0.029169
19.391,74.449,0.034478
19.391,74.639,0.31373
19.391,75.688,0.20156
19.391,75.739,0.14302
19.391,75.658,0.28302
19.392,74.172,0.18812
19.392,74.344,0.20156
19.392,74.55,0.23516
19.392,74.64,0.32025
19.392,74.07,0.51744
19.392,74.087,0.14779
19.392,74.591,0.042342
19.392,74.067,0.59809
19.392,74.073,0.23516
19.392,74.139,0.3763
19.392,76.675,0.47039
19.392,75.138,0.054775
19.392,75.664,0.030042
19.393,74.641,0.43733
19.393,75.672,0.13979
19.394,75.592,0.1365
19.394,74.274,0.35164
19.394,74.284,0.21971
19.394,74.594,0.03011
19.394,74.772,0.061362
19.394,74.796,0.32509
19.394,75.742,0.1658
19.394,75.756,0.12837
19.394,74.118,0.14779
19.394,74.256,0.21971
19.394,74.258,0.52745
19.394,74.274,0.7692
19.394,75.434,0.19665
19.395,74.256,0.1318
19.395,74.256,0.27468
19.395,74.256,0.40655
19.395,74.257,0.35164
19.395,74.274,0.7143
19.395,74.274,0.42852
19.395,74.274,0.61536
19.395,74.129,0.013375
19.395,74.141,0.25264
19.395,74.256,0.34061
19.395,74.256,0.36259
19.395,74.274,0.087842
19.395,74.275,0.62639
19.395,74.683,0.080583
19.395,75.164,0.089186
19.395,76.388,0.30237
19.395,76.609,0.32926
19.395,74.256,0.4505
19.395,74.273,0.70361
19.395,74.273,0.78023
19.395,74.274,0.76947
19.395,74.274,0.97782
19.395,74.274,0.64836
19.395,74.602,0.029505
19.395,74.691,0.055716
19.396,74.256,0.31864
19.396,74.257,0.25271
19.396,74.273,0.7143
19.396,74.274,0.89045
19.396,74.274,0.64836
19.396,74.274,0.70361
19.396,74.274,0.68143
19.396,74.274,0.42852
19.396,74.645,0.045097
19.396,74.274,0.30768
19.396,74.274,0.30835
19.396,74.638,0.30076
19.396,75.937,0.094227
19.396,74.274,0.27468
19.397,74.274,0.31098
19.397,74.274,0.076887
19.397,74.621,0.097251
19.397,74.641,0.30721
19.397,75.434,0.30882
19.397,74.274,0.37361
19.397,74.274,0.74723
19.397,74.646,0.39505
19.397,74.274,0.25271
19.397,74.274,0.27468
19.397,74.275,0.64836
19.397,74.493,0.033134
19.397,75.066,0.13811
19.398,74.274,0.26366
19.398,74.647,0.33974
19.398,75.066,0.19343
19.398,74.508,0.033134
19.398,74.647,0.073123
19.398,75.744,0.087708
19.399,74.782,0.029572
19.399,75.504,0.029505
19.399,75.803,0.10236
19.399,75.686,0.1154
19.399,76.507,0.13489
19.4,74.649,0.51858
19.4,74.864,0.034814
19.4,75.066,0.11372
19.4,75.071,0.14954
19.4,74.465,0.28893
19.401,74.45,0.030916
19.401,74.486,0.028631
19.401,74.496,0.033134
19.401,75.867,0.19665
19.402,75.293,0.041401
19.402,74.652,0.25519
19.402,74.793,0.071174
19.402,75.975,0.051952
19.403,75.283,0.29095
19.403,75.425,0.049264
19.403,75.838,0.037704
19.403,74.394,0.14107
19.403,75.314,0.054842
19.404,75.172,0.18852
19.404,74.589,0.061563
19.404,74.538,0.061832
19.404,75.271,0.02144
19.405,74.474,0.033134
19.405,75.717,0.2113
19.405,74.851,0.34626
19.405,75.43,0.16251
19.405,73.532,0.44351
19.405,74.118,0.14107
19.405,74.201,0.47039
19.406,74.49,0.027354
19.406,74.526,0.059614
19.406,74.807,0.3105
19.406,75.167,0.2113
19.406,75.406,0.21782
19.406,74.681,0.14463
19.406,74.799,0.25849
19.406,74.801,0.17878
19.406,75.237,0.17716
19.406,75.688,0.12676
19.406,75.845,0.048726
19.406,76.428,0.20949
19.407,74.578,0.029505
19.407,74.794,0.13341
19.407,74.799,0.17394
19.408,74.776,0.042678
19.408,75.196,0.14141
19.408,75.452,0.063647
19.408,75.666,0.26655
19.409,74.396,0.032529
19.409,75.07,0.046038
19.409,75.071,0.056859
19.409,75.071,0.03683
19.409,75.209,0.16903
19.409,75.213,0.086094
19.409,75.071,0.038175
19.409,75.072,0.057867
19.41,74.792,0.20156
19.41,75.717,0.1658
19.41,75.804,0.13166
19.41,74.806,0.19343
19.411,75.4,0.039317
19.411,74.027,0.17468
19.411,75.071,0.044761
19.411,74.789,0.1365
19.412,74.502,0.064722
19.413,75.376,0.039519
19.413,74.518,0.06284
19.413,74.722,0.1365
19.413,74.021,0.094025
19.413,74.029,0.16459
19.414,74.555,0.065125
19.414,74.732,0.043148
19.414,75.587,0.15277
19.414,76.056,0.73923
19.415,75.329,0.041065
19.416,75.306,0.13328
19.416,74.484,0.051549
19.416,74.806,0.21453
19.417,75.811,0.064117
19.417,75.237,0.03589
19.417,75.267,0.2601
19.417,76.484,0.19665
19.417,75.233,0.16742
19.418,74.742,0.25849
19.418,75.475,0.068217
19.418,75.272,0.13435
19.418,75.126,0.38437
19.419,75.395,0.075879
19.419,75.628,0.17394
19.419,75.233,0.12998
19.419,75.228,0.084481
19.42,74.616,0.36252
19.42,74.846,0.14302
19.42,75.219,0.17716
19.42,75.225,0.089388
19.42,73.819,0.19484
19.42,74.036,0.13435
19.42,74.039,0.16123
19.421,76.097,0.053162
19.421,73.892,0.19753
19.421,75.217,0.12514
19.421,75.549,0.24222
19.421,75.598,0.20317
19.421,74.899,0.077895
19.421,75.151,0.055246
19.421,75.301,0.061362
19.421,75.468,0.2113
19.421,75.587,0.14954
19.422,74.807,0.21621
19.422,75.709,0.1121
19.422,75.22,0.12514
19.422,75.271,0.1121
19.422,74.667,0.18207
19.422,75.228,0.10236
19.423,75.052,0.05538
19.423,75.826,0.053834
19.423,75.218,0.11049
19.423,75.225,0.12837
19.423,75.233,0.087708
19.424,75.228,0.09752
19.424,75.231,0.1121
19.424,75.239,0.14954
19.424,75.221,0.1154
19.424,75.222,0.12676
19.424,75.242,0.10075
19.424,75.218,0.12676
19.424,75.233,0.1365
19.425,74.798,0.30721
19.425,75.225,0.13166
19.425,75.273,0.055313
19.425,75.239,0.10236
19.425,75.242,0.13328
19.425,75.421,0.1121
19.425,76.561,0.032798
19.425,75.226,0.13328
19.425,75.227,0.091001
19.425,75.826,0.045769
19.426,74.975,0.036763
19.426,74.011,0.30237
19.426,74.438,0.047113
19.426,74.688,0.036898
19.426,74.782,0.075207
19.426,75.09,0.25459
19.426,75.125,0.022784
19.426,75.22,0.13166
19.426,75.615,0.028026
19.426,75.759,0.047113
19.426,74.454,0.072182
19.426,75.626,0.02144
19.426,75.758,0.23731
19.426,75.811,0.060421
19.427,74.918,0.096713
19.427,75.686,0.14302
19.427,75.224,0.16742
19.427,74.292,0.055111
19.428,75.238,0.10727
19.428,76.417,0.15438
19.429,74.808,0.048323
19.429,75.269,0.1365
19.429,75.794,0.22266
19.429,76.587,0.032462
19.429,76.624,0.036293
19.429,75.236,0.14954
19.43,75.711,0.046374
19.43,74.08,0.10747
19.43,75.822,0.19013
19.43,75.093,0.069359
19.43,75.807,0.17226
19.43,75.992,0.12185
19.43,76.645,0.06358
19.431,75.258,0.10559
19.431,75.736,0.067074
19.431,75.955,0.17878
19.431,74.49,0.032798
19.431,75.339,0.082868
19.431,74.823,0.030042
19.431,75.474,0.12998
19.431,76.149,0.09752
19.432,76.018,0.1609
19.432,75.594,0.2113
19.432,75.828,0.16903
19.432,76.479,0.027556
19.432,76.493,0.082868
19.433,75.192,0.032529
19.433,75.465,0.12514
19.433,75.04,0.15928
19.433,75.202,0.051952
19.433,74.752,0.055716
19.433,74.418,0.032798
19.434,75.237,0.092614
19.434,75.25,0.27307
19.434,75.714,0.23241
19.434,75.468,0.21453
19.434,75.233,0.091001
19.434,74.616,0.067007
19.434,74.767,0.094025
19.435,75.258,0.09584
19.435,75.419,0.11862
19.435,75.751,0.18691
19.435,75.058,0.19181
19.435,74.679,0.046038
19.436,75.588,0.14625
19.436,75.239,0.14302
19.436,74.239,0.10236
19.436,74.621,0.049936
19.436,75.109,0.067948
19.436,75.241,0.19504
19.436,75.257,0.077962
19.436,75.258,0.15115
19.436,75.283,0.086094
19.436,75.434,0.28281
19.436,74.524,0.035083
19.437,75.218,0.1365
19.437,75.224,0.1121
19.437,75.243,0.10075
19.437,76.507,0.15928
19.438,75.224,0.1365
19.438,75.239,0.1154
19.438,74.057,0.060421
19.438,76.196,0.40507
19.438,75.243,0.040191
19.438,75.885,0.14954
19.439,74.782,0.30721
19.439,75.218,0.10236
19.439,75.269,0.12353
19.439,76.138,0.15599
19.439,74.976,0.029505
19.439,75.228,0.13166
19.439,75.236,0.12024
19.439,75.242,0.17555
19.439,75.272,0.099133
19.439,75.218,0.12676
19.439,75.537,0.2113
19.439,75.244,0.1365
19.44,74.686,0.1609
19.44,75.396,0.058472
19.441,74.694,0.20808
19.441,76.061,0.068755
19.441,75.603,0.25519
19.441,75.691,0.070838
19.441,75.239,0.14625
19.441,75.392,0.039922
19.441,75.939,0.041401
19.442,75.201,0.16742
19.442,75.22,0.11049
19.442,75.242,0.13166
19.442,75.707,0.11049
19.442,75.775,0.24188
19.442,76.524,0.12024
19.442,73.871,0.24861
19.442,74.418,0.094025
19.442,75.242,0.1154
19.442,75.258,0.15438
19.442,76.236,0.037637
19.443,75.203,0.04624
19.444,75.036,0.036024
19.444,75.861,0.19665
19.444,75.051,0.1609
19.445,74.773,0.058673
19.446,74.51,0.067007
19.446,76.342,0.27307
19.446,76.602,0.042207
19.446,75.273,0.10559
19.446,74.852,0.044963
19.446,75.779,0.052356
19.447,75.2,0.28281
19.447,74.54,0.054775
19.447,75.44,0.14302
19.447,75.253,0.094227
19.447,75.258,0.14954
19.448,74.629,0.22428
19.448,75.234,0.14302
19.448,74.774,0.032865
19.449,75.278,0.1154
19.449,75.284,0.18207
19.449,75.731,0.15438
19.449,75.253,0.13489
19.45,74.687,0.03105
19.45,75.2,0.27798
19.45,75.233,0.30721
19.45,75.256,0.086094
19.45,75.339,0.02144
19.45,74.617,0.19995
19.45,75.167,0.2812
19.45,75.25,0.26823
19.45,75.271,0.12024
19.451,75.27,0.091001
19.451,75.277,0.14463
19.451,75.296,0.10559
19.451,75.788,0.029505
19.451,76.111,0.14954
19.451,76.373,0.13637
19.452,75.265,0.050877
19.452,74.547,0.047651
19.453,74.616,0.39505
19.453,74.766,0.029169
19.453,75.262,0.12837
19.453,74.061,0.12091
19.453,75.256,0.09584
19.453,75.717,0.17064
19.453,75.719,0.23893
19.453,75.817,0.16903
19.453,75.011,0.14954
19.453,75.235,0.055246
19.453,75.256,0.11049
19.453,75.556,0.1609
19.453,75.717,0.14954
19.453,75.719,0.19665
19.453,74.074,0.30237
19.453,75.254,0.11862
19.454,75.256,0.1365
19.454,75.717,0.2064
19.454,74.783,0.22428
19.454,75.251,0.086094
19.454,74.042,0.14107
19.454,74.775,0.18207
19.454,74.794,0.19665
19.455,75.824,0.2064
19.455,74.469,0.036696
19.456,75.247,0.12353
19.456,75.258,0.10888
19.456,75.272,0.11701
19.456,75.289,0.13166
19.456,75.611,0.13489
19.456,75.255,0.087708
19.456,75.236,0.10397
19.457,74.785,0.33974
19.457,75.263,0.10397
19.457,74.777,0.039586
19.457,75.244,0.14141
19.457,75.251,0.11372
19.457,75.253,0.061698
19.457,75.269,0.094227
19.457,75.271,0.09584
19.457,75.506,0.12024
19.458,75.268,0.11701
19.458,75.271,0.1154
19.458,75.996,0.058472
19.458,75.248,0.12353
19.458,75.252,0.11049
19.458,75.256,0.13166
19.458,75.261,0.14302
19.458,75.263,0.12024
19.458,75.27,0.11372
19.458,75.272,0.086094
19.458,75.284,0.079575
19.459,74.584,0.029505
19.459,74.705,0.23241
19.459,75.203,0.29585
19.459,76.35,0.19645
19.459,76.557,0.10236
19.46,74.275,0.35614
19.46,75.278,0.12024
19.46,76.026,0.13489
19.46,75.698,0.05706
19.461,74.784,0.020095
19.461,74.785,0.17555
19.461,76.36,0.21453
19.461,74.344,0.026816
19.461,74.623,0.11419
19.461,74.686,0.21453
19.461,75.255,0.11862
19.461,75.271,0.12676
19.462,75.207,0.068217
19.462,76.027,0.16742
19.462,76.12,0.18691
19.462,74.51,0.043148
19.463,75.583,0.086565
19.463,74.709,0.17394
19.463,74.779,0.17555
19.463,74.822,0.036091
19.463,75.286,0.087708
19.463,74.776,0.19827
19.463,75.237,0.11701
19.463,75.258,0.11372
19.464,74.518,0.042812
19.464,75.237,0.034075
19.464,74.774,0.050339
19.464,75.29,0.09584
19.464,75.644,0.048122
19.464,74.863,0.13811
19.464,75.284,0.13166
19.465,75.289,0.035553
19.466,74.844,0.034478
19.466,75.269,0.13811
19.466,74.628,0.2357
19.466,74.618,0.15928
19.466,75.791,0.10236
19.467,75.167,0.25035
19.467,75.217,0.29908
19.467,74.234,0.30761
19.467,75.183,0.29095
19.467,75.272,0.11049
19.467,75.469,0.1365
19.467,75.567,0.030513
19.467,73.804,0.215
19.467,73.806,0.25533
19.467,73.81,0.28893
19.467,73.815,0.27549
19.467,73.819,0.26205
19.467,74.621,0.30237
19.467,75.333,0.1121
19.468,74.784,0.1814
19.468,75.321,0.21292
19.468,75.335,0.1365
19.468,76.492,0.10397
19.468,75.108,0.16412
19.468,75.323,0.22105
19.469,74.805,0.15451
19.469,76.106,0.14302
19.469,76.276,0.047584
19.469,73.541,0.18812
19.469,73.868,0.1814
19.469,73.872,0.20156
19.469,73.885,0.14107
19.469,74.367,0.215
19.469,75.262,0.051146
19.469,74.249,0.15377
19.469,75.293,0.1365
19.469,75.303,0.11701
19.469,75.323,0.17716
19.469,74.7,0.28994
19.469,75.205,0.31212
19.469,75.224,0.3056
19.47,74.087,0.65858
19.47,75.267,0.092614
19.47,75.27,0.12676
19.47,74.586,0.67
19.47,75.27,0.091001
19.47,75.321,0.2064
19.47,75.415,0.20969
19.47,75.718,0.14954
19.47,75.743,0.09584
19.47,75.204,0.3105
19.47,75.225,0.29263
19.47,75.321,0.26332
19.47,75.717,0.19343
19.471,74.708,0.15277
19.471,75.269,0.11049
19.471,75.33,0.25197
19.471,75.318,0.2308
19.471,75.321,0.19665
19.471,76.108,0.12024
19.471,74.629,0.2025
19.471,75.321,0.22266
19.471,75.529,0.14786
19.471,74.445,0.029908
19.471,75.32,0.14625
19.472,74.241,0.17575
19.472,75.743,0.10236
19.472,75.267,0.14302
19.472,75.285,0.13328
19.472,75.342,0.11049
19.472,75.726,0.22757
19.473,75.292,0.081255
19.473,75.291,0.11049
19.473,73.874,0.13435
19.473,74.619,0.2812
19.473,74.617,0.21621
19.473,74.618,0.32838
19.473,75.282,0.20479
19.473,75.745,0.048726
19.474,75.267,0.099133
19.474,76.228,0.04382
19.474,75.269,0.09752
19.474,75.271,0.14463
19.474,75.29,0.11862
19.474,74.781,0.16997
19.474,74.786,0.17716
19.474,75.024,0.004839
19.474,75.985,0.06983
19.475,74.62,0.2357
19.475,75.298,0.12837
19.475,74.617,0.14302
19.475,75.326,0.24867
19.475,74.619,0.34626
19.475,74.62,0.1121
19.475,74.778,0.16903
19.475,75.275,0.10075
19.475,75.282,0.10888
19.476,74.619,0.33
19.476,74.939,0.044156
19.476,74.606,0.045097
19.476,74.783,0.3105
19.476,74.806,0.043484
19.476,75.304,0.17394
19.476,75.268,0.087708
19.476,75.203,0.16742
19.476,75.275,0.1154
19.476,75.306,0.14625
19.476,75.332,0.17878
19.477,73.873,0.067142
19.477,74.531,0.036696
19.477,75.29,0.15767
19.477,74.792,0.24545
19.477,74.698,0.24054
19.477,75.318,0.15599
19.477,75.116,0.055246
19.478,75.341,0.23731
19.478,74.847,0.14954
19.478,75.255,0.13166
19.478,75.279,0.10075
19.479,74.247,0.34061
19.479,74.253,0.28564
19.479,75.239,0.12024
19.479,75.493,0.2064
19.48,75.202,0.035217
19.48,75.27,0.13489
19.481,74.496,0.045097
19.481,73.614,0.16742
19.481,73.627,0.16426
19.481,73.881,0.17468
19.481,74.043,0.39579
19.481,75.342,0.2064
19.482,74.254,0.098797
19.482,74.254,0.17575
19.483,74.236,0.24168
19.483,75.014,0.058875
19.483,73.693,0.052288
19.483,74.237,0.20868
19.483,75.3,0.14954
19.483,75.333,0.2568
19.483,74.236,0.20868
19.483,74.243,0.19773
19.483,75.183,0.23409
19.483,75.233,0.29908
19.483,75.304,0.13328
19.483,75.317,0.13435
19.483,75.35,0.27307
19.484,74.236,0.21971
19.484,74.237,0.17575
19.484,74.573,0.046172
19.484,75.217,0.27468
19.484,75.296,0.11862
19.484,75.336,0.11701
19.484,74.237,0.43948
19.484,74.236,0.16473
19.484,73.532,0.26877
19.484,73.634,0.12763
19.484,74.252,0.20868
19.484,74.682,0.073862
19.484,74.784,0.040258
19.484,75.307,0.11372
19.485,74.252,0.20868
19.485,74.254,0.26366
19.485,75.328,0.19013
19.485,74.247,0.31864
19.485,74.25,0.35157
19.485,74.92,0.02144
19.485,74.247,0.30761
19.485,75.153,0.056926
19.485,75.356,0.13166
19.486,75.31,0.10727
19.486,75.317,0.1154
19.486,75.529,0.041199
19.486,75.409,0.030782
19.486,75.261,0.11862
19.486,75.291,0.13166
19.486,75.294,0.12024
19.486,75.342,0.1121
19.486,74.247,0.087842
19.487,75.295,0.17555
19.487,75.726,0.061698
19.487,75.737,0.048726
19.487,75.757,0.056859
19.487,76.134,0.058472
19.487,75.171,0.086094
19.487,75.256,0.2113
19.487,75.284,0.1121
19.487,75.304,0.13811
19.487,75.308,0.12676
19.487,75.324,0.12514
19.487,75.324,0.11049
19.487,75.419,0.15438
19.487,75.436,0.11049
19.487,75.704,0.071443
19.487,75.741,0.12024
19.487,75.76,0.038981
19.487,74.668,0.12998
19.487,74.75,0.12091
19.487,75.339,0.3056
19.488,74.25,0.19773
19.488,74.252,0.26366
19.488,75.291,0.10075
19.488,75.319,0.10727
19.488,75.321,0.12676
19.488,75.321,0.12837
19.488,75.435,0.25197
19.488,75.678,0.082868
19.488,76.252,0.17064
19.489,75.302,0.11701
19.489,75.308,0.13166
19.489,75.329,0.11049
19.489,74.396,0.12736
19.489,75.347,0.12353
19.489,75.416,0.02144
19.489,73.875,0.17468
19.489,73.876,0.19484
19.489,73.9,0.1814
19.489,74.04,0.215
19.489,74.724,0.26984
19.489,75.273,0.12837
19.489,75.305,0.13328
19.489,75.329,0.14954
19.489,75.91,0.056052
19.49,75.325,0.11372
19.49,75.328,0.16742
19.49,75.724,0.10397
19.49,74.727,0.16412
19.49,74.887,0.07319
19.49,75.297,0.079575
19.49,75.339,0.11701
19.49,75.346,0.1121
19.49,75.667,0.071443
19.49,75.719,0.037301
19.49,75.821,0.094227
19.491,74.63,0.2357
19.491,74.7,0.18039
19.491,75.22,0.24867
19.491,75.352,0.12676
19.491,75.713,0.056859
19.491,75.168,0.054775
19.492,75.296,0.13166
19.492,75.315,0.09752
19.492,75.317,0.16903
19.492,76.571,0.14463
19.492,74.742,0.24545
19.492,75.312,0.16742
19.492,75.405,0.016063
19.492,75.885,0.1365
19.492,74.769,0.095369
19.492,74.785,0.19013
19.492,75.285,0.038981
19.492,75.292,0.1121
19.492,75.718,0.16903
19.492,75.721,0.2308
19.492,74.773,0.12904
19.492,75.183,0.042207
19.492,75.25,0.075207
19.492,75.315,0.15438
19.493,74.704,0.12091
19.493,74.721,0.12353
19.493,75.289,0.18039
19.493,75.322,0.22596
19.493,75.564,0.27636
19.493,75.714,0.10236
19.493,76.268,0.18207
19.493,75.32,0.14141
19.493,75.625,0.029505
19.494,74.988,0.024531
19.494,75.32,0.13166
19.494,74.475,0.040594
19.494,75.27,0.099133
19.494,75.307,0.1365
19.494,75.709,0.035688
19.494,74.721,0.24867
19.494,75.296,0.12676
19.494,75.312,0.12024
19.494,75.32,0.10236
19.494,75.352,0.10397
19.494,75.356,0.082868
19.494,75.292,0.11372
19.494,75.292,0.09584
19.494,75.294,0.12837
19.494,75.309,0.12998
19.494,75.325,0.12185
19.495,75.237,0.34068
19.495,75.309,0.13543
19.495,75.315,0.11862
19.495,75.359,0.1121
19.495,75.304,0.17878
19.495,75.336,0.17064
19.495,75.226,0.2812
19.495,75.312,0.13328
19.495,75.314,0.1121
19.495,75.337,0.1121
19.495,75.339,0.10559
19.496,74.621,0.34787
19.496,75.115,0.041535
19.496,75.335,0.12676
19.496,75.348,0.09752
19.496,75.284,0.23241
19.496,75.69,0.042207
19.496,75.704,0.048726
19.496,75.724,0.13166
19.496,74.234,0.46146
19.496,74.706,0.16412
19.496,75.309,0.10075
19.496,75.33,0.11049
19.496,75.728,0.045433
19.496,74.201,0.10747
19.496,75.338,0.087708
19.496,75.685,0.040594
19.496,75.726,0.084481
19.497,74.738,0.20317
19.497,75.322,0.13328
19.497,75.897,0.04382
19.497,74.617,0.23241
19.497,75.139,0.19827
19.497,75.335,0.21292
19.497,74.731,0.32926
19.497,74.81,0.19995
19.497,75.324,0.11049
19.497,75.331,0.11372
19.498,75.326,0.087708
19.498,75.685,0.15767
19.498,75.826,0.077895
19.498,75.842,0.055985
19.498,75.844,0.063243
19.498,75.325,0.12998
19.498,75.724,0.092614
19.498,74.228,0.46146
19.499,74.447,0.085758
19.499,75.32,0.23893
19.499,75.345,0.11049
19.5,74.243,0.52745
19.5,74.302,0.21971
19.5,74.458,0.063781
19.5,75.183,0.31696
19.5,75.2,0.27636
19.5,75.267,0.27798
19.5,75.3,0.16742
19.5,75.828,0.067074
19.5,75.83,0.063445
19.5,75.831,0.060757
19.5,75.842,0.063445
19.5,75.844,0.094361
19.5,74.285,0.20875
19.5,74.292,0.1318
19.5,74.303,0.17575
19.5,74.306,0.49446
19.5,74.311,0.52745
19.5,75.344,0.11049
19.5,75.668,0.27636
19.501,74.302,0.56045
19.501,74.308,0.21971
19.501,74.31,0.73654
19.501,75.157,0.15767
19.501,75.35,0.087976
19.501,75.35,0.12837
19.501,75.726,0.04382
19.501,75.844,0.063109
19.501,74.306,0.58243
19.501,74.307,0.14282
19.501,74.31,1
19.501,74.544,0.025069
19.501,75.345,0.12024
19.501,74.307,0.10982
19.501,74.308,0.30768
19.501,74.308,0.57141
19.501,74.309,0.91196
19.501,75.147,0.25035
19.501,75.228,0.28449
19.501,75.707,0.1154
19.501,74.302,0.15377
19.501,75.271,0.17555
19.501,75.307,0.11049
19.501,75.737,0.089388
19.501,75.756,0.04382
19.501,76.326,0.21453
19.502,74.237,0.35157
19.502,74.284,0.29666
19.502,74.285,0.15377
19.502,74.302,0.05491
19.502,75.304,0.10397
19.502,75.338,0.12353
19.502,75.85,0.12165
19.502,74.306,0.87902
19.502,74.307,0.043887
19.502,74.307,0.2857
19.502,74.308,0.21971
19.502,75.338,0.11049
19.502,74.296,0.47248
19.502,74.304,0.1648
19.502,74.306,0.29666
19.502,74.306,0.1648
19.502,74.307,0.14282
19.502,74.893,0.081928
19.502,74.903,0.089657
19.502,75.01,0.15115
19.502,75.546,0.14954
19.502,75.68,0.12676
19.502,75.685,0.09584
19.502,75.83,0.10821
19.503,74.286,0.29666
19.503,74.287,0.42852
19.503,74.294,0.10982
19.503,74.304,0.25271
19.503,74.304,0.02191
19.503,74.306,0.25271
19.503,74.306,0.18677
19.503,74.308,0.40655
19.503,74.308,0.39559
19.503,74.308,0.42852
19.503,75.696,0.064991
19.503,74.296,0.1318
19.503,74.306,0.05491
19.503,74.306,0.40655
19.503,74.308,0.2857
19.503,74.308,0.41757
19.503,74.308,0.4835
19.503,75.038,0.12024
19.503,75.073,0.042543
19.503,75.294,0.10559
19.503,75.331,0.14954
19.503,75.362,0.12998
19.503,75.693,0.13166
19.503,75.83,0.12165
19.503,75.845,0.12884
19.503,75.85,0.0785
19.503,74.304,0.065865
19.503,74.306,0.31864
19.503,74.308,0.1318
19.503,75.288,0.1121
19.503,75.289,0.1121
19.503,75.317,0.12998
19.503,75.318,0.12185
19.503,75.322,0.1365
19.503,75.338,0.12024
19.503,75.753,0.048995
19.503,76.251,0.0496
19.503,74.291,0.21971
19.503,74.299,0.043887
19.503,74.3,0.20875
19.503,74.306,0.31864
19.503,74.307,0.32966
19.503,74.307,0.94489
19.503,74.309,0.15377
19.503,74.309,0.34061
19.503,74.309,0.21971
19.503,75.339,0.11049
19.503,75.354,0.14141
19.503,75.683,0.071443
19.503,75.707,0.21782
19.504,74.289,0.2857
19.504,74.29,0.24168
19.504,74.301,0.14282
19.504,74.307,0.36259
19.504,74.309,0.25271
19.504,75.239,0.14625
19.504,74.307,0.21971
19.504,74.307,0.2857
19.504,74.308,0.19773
19.504,74.309,0.10982
19.504,75.293,0.20808
19.504,75.294,0.19181
19.504,75.339,0.13166
19.504,75.707,0.10075
19.504,74.297,0.38457
19.504,74.302,0.010955
19.504,74.304,0.37361
19.504,74.306,0.43955
19.504,74.306,0.38457
19.504,74.308,0.38457
19.504,74.308,0.14282
19.504,74.807,0.041199
19.504,75.289,0.11701
19.504,75.296,0.1365
19.504,75.31,0.12998
19.504,75.314,0.094227
19.504,75.316,0.14302
19.504,75.324,0.12837
19.504,75.683,0.12353
19.504,75.752,0.060085
19.504,75.752,0.042207
19.504,76.21,0.055918
19.504,74.303,0.24168
19.504,74.306,0.23073
19.504,74.308,0.05491
19.504,74.309,0.19773
19.504,74.31,0.1318
19.504,74.768,0.082398
19.504,75.329,0.12837
19.504,75.588,0.21453
19.505,74.305,0.9012
19.505,74.306,0.26366
19.505,74.306,0.19773
19.505,74.309,0.043887
19.505,75.325,0.17878
19.505,74.004,0.1814
19.505,74.298,0.34061
19.505,74.305,0.34061
19.505,74.307,0.20875
19.505,74.308,0.37361
19.505,74.311,0.19773
19.505,74.807,0.041871
19.505,73.845,0.11419
19.505,74.286,0.1648
19.505,74.286,0.39559
19.505,74.287,0.18677
19.505,74.296,0.098864
19.505,74.298,0.24168
19.505,74.301,0.37361
19.505,74.306,0.38457
19.505,74.308,0.30768
19.505,74.31,0.1648
19.505,75.312,0.12998
19.506,74.291,0.51643
19.506,74.301,0.18677
19.506,74.306,0.1318
19.506,74.308,0.2857
19.506,74.308,0.12084
19.506,74.309,0.1318
19.506,75.143,0.052893
19.506,75.234,0.30721
19.506,75.286,0.1365
19.506,75.844,0.12165
19.506,75.85,0.12158
19.506,75.853,0.06116
19.506,74.299,0.12084
19.506,74.301,0.065865
19.506,74.306,0.1318
19.506,74.308,0.20875
19.506,74.309,0.39559
19.506,74.309,0.17575
19.506,74.311,0.30768
19.506,74.859,0.39015
19.506,75.338,0.10397
19.506,75.351,0.082868
19.506,74.299,0.62639
19.506,74.304,0.065865
19.506,74.307,0.46152
19.506,74.308,0.043887
19.506,74.309,0.23073
19.506,74.31,0.24168
19.506,74.851,0.17716
19.506,75.351,0.087708
19.506,75.839,0.063714
19.506,75.896,0.052154
19.507,74.242,0.56045
19.507,74.293,0.35164
19.507,74.305,0.010955
19.507,74.31,0.24168
19.507,74.311,0.58243
19.507,74.667,0.053028
19.507,73.94,0.19484
19.507,74.299,0.010955
19.507,74.31,0.17575
19.507,74.652,0.49466
19.507,75.288,0.10727
19.507,75.759,0.037301
19.507,75.784,0.035688
19.507,74.237,0.34061
19.507,74.237,0.41757
19.507,74.303,0.087842
19.507,74.306,0.1648
19.507,74.311,0.62639
19.507,75.311,0.12514
19.507,75.749,0.10236
19.507,75.776,0.09584
19.508,74.305,0.30768
19.508,74.308,0.41757
19.508,75.223,0.33
19.508,75.387,0.094227
19.508,74.284,0.37361
19.508,75.224,0.3105
19.508,75.734,0.060085
19.508,75.736,0.040594
19.508,74.3,0.27468
19.508,74.302,0.52745
19.508,74.307,0.2857
19.508,74.308,0.21292
19.508,74.309,0.076887
19.508,74.31,0.02191
19.508,74.808,0.032865
19.508,75.042,0.24188
19.508,74.299,0.2857
19.508,74.3,0.065865
19.508,74.302,0.38457
19.508,74.307,0.39559
19.508,74.307,0.58243
19.508,75.145,0.30882
19.508,75.284,0.12514
19.508,75.335,0.10075
19.508,75.359,0.094227
19.508,75.853,0.069897
19.508,76.401,0.16251
19.509,74.301,0.2857
19.509,74.301,0.4505
19.509,75.1,0.055985
19.509,75.296,0.10236
19.509,75.329,0.15115
19.509,75.345,0.10559
19.509,75.596,0.14141
19.509,76.623,0.1121
19.509,74.3,0.32966
19.509,74.3,0.42852
19.509,74.301,0.4505
19.509,74.306,0.38457
19.509,74.307,0.49446
19.509,74.307,0.59339
19.509,75.32,0.10236
19.509,75.336,0.1365
19.509,75.337,0.12837
19.509,75.517,0.054775
19.509,74.302,0.27468
19.509,74.305,0.032932
19.509,75.14,0.17555
19.509,75.301,0.12185
19.509,75.317,0.24054
19.509,75.486,0.11701
19.509,75.744,0.089388
19.509,74.3,0.14282
19.51,75.321,0.087708
19.51,75.688,0.11862
19.51,74.306,0.26366
19.51,74.31,0.32966
19.51,75.351,0.092614
19.51,74.308,0.37361
19.51,75.326,0.1365
19.51,75.343,0.1609
19.511,74.284,0.2857
19.511,74.306,0.39559
19.511,74.308,0.59339
19.511,75.32,0.12837
19.511,74.285,0.26373
19.511,74.956,0.083944
19.511,75.217,0.029505
19.511,75.228,0.27146
19.511,75.353,0.15277
19.511,75.229,0.35439
19.511,75.351,0.12185
19.512,75.37,0.12353
19.512,75.624,0.070502
19.512,75.749,0.056859
19.512,75.358,0.089388
19.512,75.289,0.094227
19.512,75.396,0.1365
19.513,75.142,0.32677
19.513,75.781,0.031521
19.513,74.25,0.39559
19.514,75.041,0.091202
19.514,75.376,0.13166
19.514,75.153,0.19504
19.514,74.84,0.03468
19.514,75.237,0.25197
19.514,75.844,0.12165
19.515,75.161,0.26494
19.516,75.68,0.086094
19.516,75.754,0.035688
19.517,75.174,0.2357
19.517,75.175,0.19013
19.517,75.183,0.504
19.517,75.2,0.26332
19.517,75.233,0.26984
19.517,75.25,0.34626
19.517,75.267,0.26655
19.517,75.283,0.28933
19.517,75.3,0.27468
19.517,75.317,0.32348
19.517,76.192,0.048659
19.517,75.036,0.11862
19.517,75.2,0.24545
19.517,75.372,0.12353
19.517,75.377,0.1365
19.517,75.388,0.094227
19.517,75.681,0.037301
19.517,75.717,0.23409
19.517,75.734,0.081255
19.517,74.253,0.31864
19.517,74.518,0.05249
19.517,75.377,0.11862
19.517,75.386,0.13166
19.518,75.367,0.10075
19.518,74.745,0.021776
19.518,74.93,0.029236
19.518,75.373,0.1121
19.518,75.744,0.035688
19.518,75.746,0.09752
19.518,76.485,0.12676
19.518,74.323,0.53848
19.519,75.69,0.053565
19.519,75.35,0.11862
19.519,74.781,0.057867
19.519,75.166,0.18368
19.519,75.392,0.12024
19.519,75.688,0.05538
19.519,75.138,0.18207
19.519,75.201,0.15438
19.519,75.351,0.082868
19.519,75.367,0.11701
19.519,75.375,0.14141
19.52,74.308,0.30768
19.52,75.355,0.089388
19.52,75.369,0.11701
19.52,75.371,0.092614
19.52,75.372,0.12837
19.52,75.722,0.06983
19.52,75.737,0.11862
19.52,75.745,0.058472
19.52,76.356,0.079575
19.52,75.521,0.10236
19.52,75.74,0.092614
19.521,75.751,0.061698
19.521,75.756,0.051952
19.521,75.145,0.22757
19.521,75.748,0.060085
19.521,75.756,0.066604
19.521,75.768,0.1365
19.521,76.486,0.10559
19.521,74.004,0.032865
19.521,74.995,0.19484
19.521,75.361,0.09584
19.521,76.142,0.099133
19.522,74.653,0.29747
19.522,75.12,0.15277
19.522,75.735,0.077962
19.522,74.679,0.05202
19.522,75.2,0.099133
19.522,75.201,0.32348
19.522,74.74,0.17575
19.522,75.237,0.31534
19.522,75.325,0.15115
19.522,75.35,0.12185
19.523,75.356,0.099133
19.523,75.426,0.087708
19.523,75.333,0.11862
19.523,75.353,0.12676
19.523,75.367,0.081255
19.523,75.704,0.1154
19.523,75.738,0.1365
19.523,75.186,0.12998
19.523,75.587,0.2601
19.523,75.719,0.13328
19.524,73.958,0.25533
19.524,73.948,0.26205
19.524,75.598,0.20969
19.524,75.666,0.26332
19.524,75.374,0.077962
19.524,75.492,0.3056
19.524,75.747,0.14786
19.525,75.356,0.11049
19.525,76.134,0.22266
19.525,74.235,0.41757
19.525,75.174,0.19827
19.525,75.353,0.12676
19.525,75.39,0.11701
19.525,75.732,0.077962
19.525,76.169,0.0066537
19.525,74.235,0.35164
19.525,74.239,0.52745
19.525,75.353,0.09752
19.525,75.371,0.10727
19.526,75.358,0.12676
19.526,75.377,0.086094
19.526,75.842,0.0578
19.526,74.245,0.35164
19.526,75.156,0.12837
19.526,75.267,0.12998
19.526,75.826,0.050071
19.526,75.842,0.054775
19.526,75.661,0.1283
19.527,75.358,0.092614
19.527,75.388,0.12676
19.527,75.842,0.027421
19.527,75.843,0.094361
19.527,74.175,0.09174
19.527,75.377,0.10236
19.527,75.654,0.089657
19.527,74.246,0.29666
19.527,75.759,0.042207
19.527,75.843,0.056993
19.527,76.466,0.09584
19.527,74.804,0.029505
19.527,75.372,0.084481
19.527,75.724,0.15599
19.527,75.756,0.061698
19.528,73.935,0.54432
19.528,75.828,0.29263
19.528,75.844,0.12837
19.528,75.369,0.079575
19.528,73.561,0.05491
19.529,75.851,0.048323
19.529,75.757,0.053565
19.529,75.826,0.052961
19.529,75.843,0.12165
19.529,74.78,0.17878
19.529,74.889,0.14248
19.529,75.177,0.13166
19.529,75.203,0.12024
19.53,75.351,0.10397
19.53,75.159,0.26655
19.53,75.367,0.10236
19.53,75.373,0.10727
19.531,75.749,0.053565
19.531,75.357,0.12837
19.531,74.819,0.048995
19.531,75.587,0.22428
19.531,74.459,0.025405
19.531,75.157,0.049735
19.532,74.621,0.33
19.532,74.595,0.022582
19.532,76.001,0.029505
19.532,74.621,0.2601
19.532,75.735,0.066604
19.533,75.138,0.51374
19.533,74.783,0.34135
19.533,75.183,0.24383
19.533,75.233,0.3056
19.533,75.267,0.34626
19.533,75.283,0.29908
19.533,75.3,0.3105
19.533,75.317,0.26655
19.534,74.66,0.52618
19.534,74.784,0.20808
19.534,75.175,0.18368
19.534,75.362,0.066604
19.534,75.423,0.1154
19.534,75.617,0.26984
19.534,75.633,0.09752
19.534,75.102,0.11862
19.534,75.165,0.2113
19.534,75.721,0.061698
19.534,75.356,0.14463
19.534,75.686,0.29908
19.535,75.717,0.060085
19.535,75.751,0.10397
19.535,75.901,0.21782
19.535,75.672,0.25035
19.535,75.948,0.14954
19.535,76.338,0.089388
19.535,74.458,0.026346
19.535,76.485,0.1658
19.536,75.716,0.034075
19.536,75.938,0.068217
19.536,76.529,0.042207
19.536,74.657,0.022515
19.536,75.375,0.056859
19.536,76.359,0.2357
19.536,75.14,0.16742
19.536,75.343,0.11372
19.536,75.677,0.28281
19.536,76.267,0.027556
19.536,76.628,0.25849
19.536,76.117,0.13489
19.537,75.023,0.087708
19.537,75.084,0.079575
19.537,75.467,0.16742
19.537,75.52,0.051952
19.537,75.739,0.11049
19.537,76.106,0.064991
19.537,76.422,0.14302
19.537,75.312,0.11372
19.537,75.804,0.084481
19.538,75.242,0.082868
19.538,75.458,0.051952
19.538,75.672,0.1365
19.538,75.715,0.09584
19.538,75.777,0.089388
19.538,75.824,0.16412
19.538,76.222,0.050339
19.538,76.523,0.13328
19.538,73.899,0.17468
19.538,74.77,0.27979
19.538,75.323,0.16251
19.538,75.392,0.2601
19.538,75.681,0.28933
19.538,75.706,0.045433
19.538,75.843,0.063311
19.538,75.145,0.14302
19.538,75.253,0.079575
19.538,75.286,0.14786
19.538,75.3,0.15277
19.538,75.472,0.12676
19.538,75.593,0.10559
19.538,75.76,0.099133
19.538,76.012,0.1365
19.538,75.758,0.10075
19.538,75.986,0.038981
19.539,75.366,0.11372
19.539,74.69,0.11701
19.539,74.901,0.10142
19.539,75.211,0.076215
19.539,75.739,0.086094
19.539,75.047,0.11862
19.539,75.372,0.12998
19.539,75.678,0.11862
19.539,75.759,0.09752
19.54,75.721,0.061698
19.54,75.061,0.15599
19.541,75.722,0.060085
19.541,75.724,0.12676
19.541,75.438,0.13166
19.541,75.691,0.022112
19.541,76.455,0.13811
19.541,76.044,0.068217
19.541,76.529,0.12676
19.541,76.644,0.12998
19.542,74.603,0.029303
19.542,74.903,0.12514
19.542,75.256,0.056859
19.542,75.392,0.086094
19.542,75.356,0.079575
19.542,75.435,0.064991
19.542,76.375,0.068217
19.542,76.479,0.15115
19.542,75.287,0.1121
19.542,75.377,0.09752
19.542,75.598,0.23147
19.543,74.454,0.059278
19.543,75.358,0.086094
19.543,75.365,0.10397
19.543,75.771,0.063311
19.543,75.375,0.14302
19.543,75.561,0.14463
19.543,75.721,0.055246
19.543,75.734,0.11862
19.544,75.776,0.10727
19.544,75.356,0.11049
19.544,75.673,0.31373
19.544,75.751,0.064991
19.544,76.157,0.054641
19.544,75.718,0.022515
19.544,75.271,0.10727
19.544,75.703,0.091001
19.545,74.564,0.075408
19.545,75.627,0.053565
19.546,74.669,0.23241
19.546,76.078,0.063243
19.547,73.972,0.51744
19.547,74.78,0.19013
19.547,74.857,0.051952
19.547,74.789,0.24222
19.547,75.323,0.13166
19.548,75.204,0.34465
19.548,75.249,0.077962
19.548,75.745,0.06983
19.548,76.127,0.079575
19.548,74.589,0.045433
19.548,75.459,0.12837
19.548,75.65,0.16412
19.548,76.086,0.13166
19.549,75.279,0.09752
19.549,74.858,0.047113
19.549,75.717,0.099133
19.549,75.283,0.086094
19.549,76.558,0.12353
19.549,76.568,0.11701
19.55,73.997,0.040258
19.55,75.118,0.051952
19.55,73.899,0.23516
19.55,75.172,0.09584
19.55,75.3,0.30721
19.55,75.317,0.32348
19.55,75.521,0.12024
19.55,75.669,0.060085
19.55,76.084,0.064991
19.55,76.087,0.084481
19.55,76.643,0.14954
19.551,75.105,0.1121
19.551,75.693,0.087708
19.551,75.727,0.10236
19.551,76.067,0.16903
19.551,74.759,0.051952
19.551,75.684,0.034344
19.551,74.653,0.029505
19.551,75.843,0.1658
19.552,75.789,0.030042
19.552,76.084,0.13811
19.553,75.686,0.17064
19.553,75.718,0.18039
19.553,75.72,0.10397
19.553,75.744,0.10559
19.553,75.804,0.15277
19.553,75.813,0.10727
19.553,75.927,0.10559
19.553,76.523,0.04382
19.553,75.571,0.1365
19.553,75.758,0.061698
19.554,75.754,0.12998
19.554,74.85,0.12353
19.554,75.029,0.11049
19.554,75.27,0.061362
19.554,75.8,0.12353
19.554,75.948,0.1154
19.554,75.123,0.038981
19.554,75.288,0.17064
19.554,76.571,0.076349
19.555,74.544,0.029908
19.555,75.705,0.091001
19.555,75.833,0.058136
19.555,76.324,0.084481
19.556,74.692,0.087708
19.556,74.943,0.025405
19.556,75.662,0.10236
19.556,75.208,0.10397
19.556,75.672,0.24706
19.556,76.58,0.076349
19.557,75.39,0.12837
19.557,76.458,0.12353
19.557,75.373,0.13166
19.557,75.742,0.068217
19.557,75.775,0.071443
19.558,75.454,0.12024
19.558,75.618,0.048592
19.558,75.619,0.060085
19.558,75.74,0.060085
19.558,75.744,0.051952
19.558,75.756,0.092614
19.558,75.777,0.037301
19.558,74.428,0.035419
19.558,75.219,0.09584
19.558,75.724,0.053565
19.558,75.703,0.079575
19.558,75.625,0.06983
19.558,75.841,0.023792
19.559,75.572,0.063311
19.559,75.376,0.14954
19.559,75.539,0.22428
19.559,75.784,0.086094
19.559,74.33,0.080583
19.559,75.74,0.055246
19.559,75.747,0.087708
19.56,75.709,0.050339
19.56,76.091,0.022717
19.56,75.254,0.09584
19.56,75.732,0.053565
19.56,76.202,0.086094
19.56,75.029,0.17064
19.56,75.04,0.06983
19.56,75.124,0.04093
19.56,75.196,0.25264
19.56,75.752,0.060085
19.56,75.785,0.09752
19.561,74.66,0.085893
19.561,75.787,0.047113
19.561,76.014,0.043014
19.561,75.739,0.13166
19.561,75.743,0.058472
19.562,75.434,0.041199
19.562,74.624,0.37227
19.562,75.175,0.18368
19.563,74.839,0.047181
19.564,73.998,0.14107
19.564,76.623,0.11049
19.565,75.642,0.092614
19.565,74.625,0.39505
19.566,75.364,0.036562
19.567,75.267,0.29585
19.567,75.269,0.16251
19.567,75.283,0.29424
19.567,75.333,0.25519
19.567,74.862,0.12024
19.567,75.25,0.29424
19.567,75.576,0.071443
19.567,75.588,0.048726
19.567,76.123,0.064117
19.567,75.451,0.04093
19.568,75.172,0.089589
19.568,75.557,0.10559
19.568,76.191,0.1609
19.569,74.774,0.31534
19.569,76.126,0.06983
19.569,75.023,0.1365
19.569,75.577,0.054439
19.569,75.734,0.11049
19.569,75.23,0.038376
19.569,75.584,0.17878
19.569,75.598,0.037301
19.569,75.631,0.086094
19.569,75.719,0.034814
19.57,74.786,0.24383
19.57,75.732,0.042274
19.57,74.843,0.073056
19.57,74.343,0.035083
19.57,74.431,0.026816
19.57,76.169,0.041065
19.571,74.696,0.19181
19.571,75.359,0.14954
19.571,74.698,0.18691
19.572,74.798,0.060085
19.572,75.293,0.1154
19.572,75.862,0.1365
19.572,73.731,0.24861
19.572,74.453,0.022515
19.572,75.875,0.10727
19.572,76.126,0.047113
19.573,75.453,0.03011
19.573,74.932,0.02144
19.573,75.318,0.14625
19.573,75.468,0.038645
19.574,75.636,0.059278
19.574,75.688,0.061698
19.574,75.194,0.14141
19.574,75.767,0.10397
19.575,75.307,0.12998
19.575,75.607,0.061698
19.575,74.411,0.024397
19.575,75.311,0.04382
19.575,75.734,0.10559
19.576,74.194,0.12763
19.576,75.354,0.11862
19.576,74.046,0.16459
19.576,74.975,0.15438
19.576,75.569,0.037368
19.577,74.858,0.18207
19.577,73.834,0.15451
19.577,74.652,0.011896
19.577,75.766,0.060085
19.578,75.601,0.074736
19.578,73.532,0.026816
19.578,73.634,0.10747
19.578,74.199,0.040258
19.578,74.682,0.14107
19.578,74.792,0.20317
19.578,75.711,0.038981
19.579,74.454,0.044694
19.58,75.619,0.16903
19.58,73.899,0.17468
19.58,76.142,0.05202
19.58,74.66,0.087708
19.58,74.873,0.18368
19.58,76.067,0.042274
19.581,74.715,0.16903
19.581,75.083,0.087708
19.581,76.619,0.17555
19.581,75.067,0.051952
19.581,75.638,0.10075
19.581,75.64,0.051952
19.582,74.899,0.068351
19.582,75.744,0.086094
19.582,76.529,0.16742
19.582,75.823,0.034075
19.583,74.139,0.92338
19.583,75.823,0.064991
19.583,74.679,0.19013
19.583,75.583,0.063311
19.583,75.631,0.063311
19.583,75.686,0.10075
19.584,74.896,0.022717
19.584,75.603,0.1121
19.584,75.637,0.04382
19.584,75.118,0.029505
19.584,75.604,0.048189
19.584,75.685,0.11862
19.584,76.451,0.10075
19.584,75.774,0.050339
19.584,75.897,0.080247
19.585,74.536,0.042543
19.585,76.127,0.13328
19.585,76.188,0.12676
19.585,74.627,0.14786
19.585,75.563,0.042543
19.585,74.647,0.23241
19.585,74.743,0.044963
19.585,74.852,0.050205
19.585,75.798,0.050339
19.586,75.278,0.13489
19.586,75.397,0.17716
19.586,75.627,0.09584
19.586,75.639,0.14302
19.586,76.054,0.036494
19.586,76.642,0.10559
19.587,75.919,0.12024
19.587,75.208,0.17394
19.587,75.256,0.050339
19.587,75.597,0.18207
19.587,75.598,0.20479
19.587,75.667,0.13489
19.587,75.685,0.14786
19.587,75.918,0.055313
19.587,76.094,0.10559
19.587,76.36,0.11049
19.587,75.631,0.082868
19.587,75.637,0.15277
19.587,74.627,0.19504
19.587,75.802,0.12837
19.587,76.642,0.17064
19.588,75.624,0.047113
19.588,75.72,0.040124
19.588,75.218,0.081255
19.588,75.326,0.077962
19.588,75.942,0.13328
19.588,76.308,0.2064
19.588,74.627,0.23241
19.588,75.911,0.047113
19.589,73.614,0.1365
19.589,75.744,0.047113
19.589,76.006,0.082868
19.59,76.369,0.18368
19.59,75.066,0.062101
19.59,75.641,0.06983
19.59,75.729,0.056859
19.59,75.027,0.13166
19.59,75.374,0.19343
19.59,75.464,0.14302
19.59,75.752,0.056859
19.591,75.785,0.073123
19.591,76.005,0.11049
19.591,76.461,0.048726
19.591,75.605,0.13489
19.591,75.664,0.061698
19.591,76.659,0.12185
19.591,75.637,0.068217
19.591,75.212,0.10236
19.591,75.589,0.17716
19.591,75.787,0.055246
19.592,75.035,0.10888
19.592,75.622,0.066806
19.592,75.762,0.079575
19.592,76.19,0.029505
19.592,75.641,0.077962
19.593,75.592,0.14786
19.593,75.707,0.11701
19.594,75.594,0.09584
19.594,74.981,0.054775
19.594,74.994,0.056187
19.594,75.583,0.083137
19.594,75.622,0.082868
19.594,75.634,0.074736
19.594,75.847,0.23241
19.594,76.228,0.044156
19.595,74.899,0.067881
19.595,74.981,0.055649
19.595,74.983,0.054641
19.595,74.452,0.069628
19.595,74.616,0.53088
19.595,74.737,0.46979
19.595,74.983,0.049735
19.595,74.97,0.039586
19.595,75.165,0.21453
19.595,76.256,0.14302
19.596,74.983,0.035957
19.596,75.615,0.073056
19.596,75.685,0.17716
19.596,73.953,0.073862
19.596,74.868,0.15599
19.596,74.962,0.063176
19.596,75.553,0.082868
19.596,76.049,0.14846
19.596,74.868,0.12185
19.597,74.628,0.15767
19.597,75.853,0.063109
19.597,74.843,0.12676
19.597,74.465,0.05995
19.597,75.218,0.19504
19.597,75.271,0.1154
19.597,75.6,0.047113
19.597,76.134,0.064991
19.598,74.914,0.054641
19.599,74.871,0.1154
19.599,75.439,0.025741
19.599,75.769,0.045433
19.599,74.378,0.13435
19.599,75.407,0.064789
19.599,76.4,0.058472
19.6,74.702,0.02601
19.6,74.872,0.19504
19.6,74.885,0.098394
19.6,74.98,0.026346
19.6,75.617,0.079575
19.6,75.643,0.17064
19.6,76.486,0.10397
19.6,74.873,0.14625
19.6,75.644,0.09584
19.601,74.873,0.16742
19.601,75.505,0.076349
19.601,75.619,0.092614
19.601,74.891,0.081928
19.601,75.594,0.16742
19.601,74.778,0.058942
19.601,75.211,0.1365
19.601,75.612,0.15277
19.602,75.754,0.061698
19.602,75.584,0.18691
19.602,75.627,0.06983
19.603,74.894,0.082734
19.603,75.215,0.17555
19.603,75.607,0.061698
19.603,75.634,0.12676
19.603,75.586,0.092614
19.603,75.587,0.15599
19.603,75.588,0.17716
19.603,75.599,0.17064
19.603,75.586,0.086094
19.603,75.586,0.060085
19.603,75.587,0.13166
19.603,75.598,0.074736
19.603,75.606,0.10727
19.603,75.607,0.056859
19.603,75.608,0.064991
19.603,75.656,0.086094
19.604,74.609,0.37388
19.604,74.926,0.20895
19.604,75.19,0.21621
19.604,75.26,0.045433
19.604,75.645,0.094227
19.604,75.667,0.10559
19.604,75.737,0.17064
19.604,76.305,0.20156
19.604,75.104,0.053565
19.604,75.594,0.1365
19.604,75.603,0.10397
19.604,75.786,0.037301
19.605,75.261,0.066604
19.605,75.377,0.27482
19.605,75.6,0.10397
19.605,75.742,0.071443
19.605,74.607,0.036494
19.605,75.362,0.39646
19.605,75.494,0.099133
19.605,75.609,0.13166
19.605,75.624,0.06983
19.605,75.634,0.092614
19.605,75.641,0.10727
19.605,75.263,0.040594
19.606,74.606,0.2357
19.606,75.6,0.15277
19.606,75.624,0.060085
19.606,75.647,0.086094
19.606,75.734,0.079575
19.606,75.589,0.035688
19.606,75.606,0.079575
19.606,73.952,0.060354
19.606,74.857,0.12353
19.606,75.264,0.06983
19.606,75.649,0.17064
19.607,74.846,0.23241
19.608,75.618,0.11049
19.608,75.827,0.048726
19.608,75.601,0.1365
19.608,75.608,0.12998
19.608,75.638,0.10397
19.608,75.605,0.045433
19.608,75.624,0.056859
19.609,75.075,0.40655
19.609,76.521,0.16742
19.609,75.421,0.1365
19.609,75.63,0.047113
19.609,75.685,0.12676
19.609,75.617,0.17716
19.609,75.946,0.060354
19.61,75.206,0.15599
19.61,75.657,0.060085
19.61,74.629,0.37879
19.61,75.219,0.11701
19.61,75.605,0.15115
19.61,75.741,0.13328
19.611,75.625,0.045433
19.611,75.674,0.056859
19.611,74.728,0.26171
19.611,75.204,0.20808
19.611,75.622,0.1154
19.612,74.739,0.022515
19.612,75.791,0.073123
19.613,75.267,0.034075
19.613,75.586,0.056859
19.613,75.596,0.074736
19.613,75.599,0.071443
19.613,75.772,0.047113
19.613,75.805,0.094227
19.613,75.805,0.056859
19.613,75.293,0.10236
19.613,76.296,0.029505
19.613,75.272,0.034075
19.614,75.262,0.051952
19.614,75.275,0.10236
19.614,75.594,0.060085
19.614,75.606,0.082868
19.614,75.82,0.12024
19.614,75.936,0.056724
19.614,75.263,0.09584
19.614,75.27,0.051952
19.614,75.604,0.068217
19.614,76.353,0.077962
19.615,75.177,0.083137
19.615,75.635,0.045433
19.615,75.666,0.12185
19.615,75.826,0.04382
19.615,74.63,0.51374
19.615,75.79,0.050339
19.615,75.796,0.13489
19.615,73.916,0.19753
19.615,75.264,0.053565
19.615,75.586,0.13489
19.615,75.588,0.063311
19.615,75.604,0.073123
19.615,75.604,0.074736
19.615,75.608,0.079575
19.615,76.354,0.10236
19.616,75.601,0.20479
19.616,75.618,0.17555
19.617,74.72,0.22596
19.617,75.584,0.19343
19.617,75.351,0.11701
19.617,75.611,0.092614
19.617,74.873,0.1609
19.617,75.611,0.14786
19.617,75.649,0.032462
19.617,75.661,0.089388
19.617,74.627,0.12837
19.617,75.587,0.19995
19.617,75.605,0.092614
19.617,75.609,0.12676
19.618,74.01,0.23073
19.618,74.621,0.2568
19.618,74.852,0.13166
19.618,75.264,0.040594
19.618,75.604,0.094227
19.618,75.621,0.13166
19.619,75.259,0.059144
19.619,75.597,0.13328
19.619,75.738,0.071443
19.619,75.587,0.15115
19.619,75.637,0.10397
19.619,75.647,0.055246
19.619,74.619,0.22266
19.619,75.654,0.13328
19.619,74.793,0.19181
19.619,75.594,0.12185
19.619,75.634,0.053565
19.619,75.68,0.048726
19.619,75.688,0.053565
19.62,74.789,0.27307
19.62,74.957,0.052356
19.62,75.614,0.11862
19.62,75.675,0.20479
19.62,76.027,0.055716
19.62,75.6,0.076349
19.62,75.654,0.12353
19.62,75.664,0.099133
19.621,75.324,0.12837
19.621,74.619,0.36736
19.621,74.786,0.24222
19.621,75.574,0.092614
19.621,75.604,0.1658
19.621,75.612,0.14141
19.621,75.612,0.06983
19.621,75.623,0.17857
19.621,75.711,0.034949
19.621,74.869,0.16412
19.621,75.292,0.14302
19.621,75.588,0.1365
19.621,75.605,0.038981
19.621,75.61,0.17716
19.621,75.681,0.11049
19.621,75.308,0.17716
19.621,75.602,0.092614
19.621,75.626,0.13166
19.622,74.343,0.059749
19.622,74.49,0.037704
19.622,75.589,0.09584
19.622,75.605,0.061698
19.622,75.606,0.056859
19.622,75.608,0.048726
19.622,75.972,0.054372
19.622,75.261,0.047113
19.622,75.588,0.19343
19.622,75.61,0.18691
19.622,75.621,0.17716
19.622,74.464,0.027959
19.622,75.602,0.048726
19.622,75.623,0.092614
19.622,75.224,0.13489
19.622,75.293,0.13811
19.622,75.586,0.2113
19.622,75.591,0.19181
19.622,75.603,0.12353
19.622,75.604,0.12514
19.622,75.621,0.15115
19.622,75.751,0.061698
19.622,75.773,0.058472
19.623,75.491,0.12024
19.623,75.601,0.089388
19.623,75.613,0.06983
19.623,75.66,0.040594
19.623,74.612,0.15599
19.623,75.599,0.1365
19.623,75.613,0.094227
19.623,75.617,0.17555
19.623,75.808,0.034075
19.623,75.808,0.084481
19.624,75.579,0.1121
19.624,75.593,0.1121
19.624,75.641,0.066604
19.624,75.757,0.038981
19.624,75.032,0.036696
19.624,75.604,0.12998
19.624,75.613,0.14463
19.624,74.625,0.22428
19.624,74.563,0.049331
19.624,75.341,0.10236
19.624,75.613,0.14954
19.624,75.616,0.11862
19.624,75.621,0.14625
19.624,75.626,0.060085
19.624,75.66,0.045433
19.625,75.337,0.041535
19.625,75.596,0.094227
19.625,75.607,0.15115
19.625,74.72,0.17555
19.625,75.147,0.060085
19.625,75.581,0.15115
19.625,75.61,0.1121
19.625,76.375,0.089388
19.625,75.616,0.13166
19.626,75.341,0.1609
19.626,75.42,0.051952
19.626,75.593,0.09752
19.626,75.596,0.050339
19.626,75.618,0.084481
19.626,75.69,0.029505
19.626,75.763,0.034075
19.626,76.376,0.15599
19.626,74.224,0.082465
19.626,75.591,0.19181
19.626,75.599,0.16251
19.626,75.786,0.055918
19.626,75.611,0.06983
19.626,74.611,0.27959
19.626,75.582,0.064991
19.626,75.588,0.12024
19.626,75.608,0.12837
19.626,75.608,0.071443
19.626,75.626,0.063311
19.626,76.549,0.087708
19.627,74.889,0.075072
19.627,75.572,0.066604
19.627,75.596,0.16742
19.627,75.599,0.19013
19.627,75.607,0.045433
19.627,75.619,0.060085
19.627,75.62,0.1365
19.627,76.005,0.15115
19.627,74.779,0.13986
19.627,75.591,0.17716
19.627,75.62,0.092614
19.627,74.792,0.12676
19.627,75.626,0.10075
19.627,75.756,0.094227
19.627,75.766,0.094227
19.627,75.791,0.13166
19.628,75.195,0.14302
19.628,75.368,0.060085
19.628,76.174,0.10397
19.628,75.202,0.081255
19.628,75.218,0.13328
19.628,75.592,0.16742
19.628,75.63,0.11049
19.628,75.723,0.21292
19.628,76.262,0.062168
19.628,75.59,0.082868
19.628,75.594,0.055246
19.629,75.604,0.1121
19.629,74.665,0.029505
19.629,75.325,0.14463
19.629,75.587,0.25849
19.629,75.593,0.099133
19.629,75.599,0.063311
19.629,75.651,0.037301
19.629,75.198,0.02144
19.63,75.584,0.12185
19.63,75.646,0.12353
19.63,75.65,0.056455
19.63,75.794,0.053565
19.63,75.369,0.13166
19.631,74.632,0.15767
19.631,75.062,0.16903
19.631,75.127,0.053565
19.631,75.622,0.035688
19.631,75.627,0.10236
19.631,75.635,0.15928
19.631,75.647,0.04046
19.631,75.648,0.089388
19.631,75.65,0.23241
19.631,75.257,0.04624
19.631,75.323,0.086094
19.631,75.465,0.020902
19.631,75.614,0.12676
19.632,73.819,0.18812
19.632,75.585,0.19504
19.632,75.608,0.16251
19.632,75.612,0.1365
19.632,75.612,0.21944
19.632,75.616,0.15599
19.632,75.616,0.19181
19.633,75.579,0.13979
19.633,75.605,0.12185
19.633,76.473,0.19013
19.633,75.612,0.061698
19.633,75.291,0.15115
19.633,75.611,0.18368
19.633,74.458,0.033806
19.633,74.79,0.26494
19.633,74.801,0.068956
19.633,75.638,0.10075
19.633,75.649,0.11049
19.633,75.654,0.12998
19.634,75.323,0.20317
19.634,75.625,0.071443
19.634,76.535,0.081255
19.634,75.274,0.13166
19.634,75.521,0.11701
19.634,75.657,0.073123
19.634,75.505,0.070502
19.634,75.586,0.06983
19.634,75.519,0.14463
19.634,75.584,0.056859
19.635,74.647,0.33974
19.635,75.619,0.14954
19.635,75.637,0.17064
19.635,75.592,0.053565
19.635,74.861,0.13811
19.635,75.584,0.074736
19.635,75.584,0.20156
19.636,75.606,0.15277
19.636,75.616,0.12024
19.636,75.684,0.19181
19.636,75.594,0.047113
19.636,75.716,0.10236
19.636,75.792,0.035352
19.636,75.614,0.12837
19.636,75.688,0.11701
19.636,76.624,0.087708
19.636,75.591,0.079575
19.636,75.601,0.10888
19.636,75.659,0.079575
19.637,74.631,0.057127
19.637,74.792,0.20808
19.637,75.276,0.084481
19.637,75.601,0.071443
19.637,75.605,0.056859
19.637,75.626,0.14302
19.637,75.638,0.1154
19.637,75.684,0.073123
19.637,75.704,0.11049
19.637,75.784,0.13328
19.637,76.375,0.15115
19.637,75.053,0.09752
19.637,75.586,0.10559
19.637,75.653,0.09752
19.637,75.211,0.063512
19.637,75.606,0.045433
19.637,75.611,0.1365
19.637,75.619,0.073123
19.637,75.624,0.089388
19.637,75.696,0.21782
19.637,76.491,0.17064
19.637,75.221,0.10559
19.637,75.309,0.11701
19.637,75.314,0.14463
19.637,75.576,0.077962
19.637,75.588,0.081255
19.637,75.605,0.068217
19.637,75.618,0.099133
19.637,75.658,0.092614
19.638,75.061,0.058472
19.638,75.604,0.15115
19.638,75.612,0.13166
19.638,75.673,0.21944
19.638,74.031,0.054439
19.638,75.037,0.046038
19.638,75.584,0.089388
19.638,75.612,0.13328
19.638,75.694,0.06983
19.638,75.709,0.099133
19.638,75.821,0.2357
19.638,75.707,0.086094
19.639,74.606,0.24222
19.639,75.312,0.12024
19.639,75.595,0.079575
19.639,75.602,0.13328
19.639,75.624,0.056859
19.639,75.643,0.037301
19.639,75.652,0.1121
19.639,75.655,0.063311
19.639,74.847,0.23409
19.639,74.861,0.2064
19.639,75.585,0.13811
19.639,75.587,0.19343
19.639,75.591,0.13811
19.639,75.653,0.064991
19.639,75.681,0.12024
19.639,75.603,0.17878
19.639,75.652,0.10236
19.639,75.655,0.064991
19.639,75.689,0.09584
19.639,75.835,0.27468
19.639,74.808,0.25035
19.639,75.61,0.09752
19.639,75.656,0.068217
19.639,75.669,0.099133
19.639,75.753,0.047584
19.64,75.275,0.10236
19.64,75.467,0.13979
19.64,75.602,0.074736
19.64,75.617,0.074736
19.64,74.784,0.24222
19.64,75.65,0.11862
19.64,75.624,0.13328
19.64,75.638,0.12676
19.64,75.651,0.16023
19.64,75.678,0.10727
19.64,75.686,0.10727
19.64,75.698,0.087708
19.64,76.158,0.19827
19.641,75.262,0.039855
19.641,75.581,0.17064
19.641,74.905,0.075207
19.641,75.588,0.09584
19.641,75.621,0.21453
19.641,75.664,0.092614
19.641,75.942,0.02144
19.641,74.686,0.06862
19.641,75.606,0.13811
19.641,75.608,0.19013
19.641,75.626,0.055246
19.641,75.643,0.12185
19.641,75.693,0.11049
19.641,75.614,0.055246
19.641,75.62,0.17878
19.642,75.61,0.15277
19.642,75.638,0.18691
19.642,75.698,0.20317
19.642,75.729,0.063311
19.642,76.456,0.1121
19.642,75.593,0.15599
19.642,75.622,0.13811
19.642,76.516,0.09584
19.642,74.356,0.080987
19.642,75.59,0.19504
19.642,75.592,0.086094
19.642,75.611,0.094227
19.642,75.612,0.074736
19.642,75.626,0.074736
19.642,74.611,0.075744
19.642,75.036,0.029706
19.642,75.591,0.13811
19.642,75.606,0.15115
19.642,75.614,0.11372
19.642,75.625,0.082868
19.642,75.668,0.053565
19.642,76.392,0.022313
19.643,75.573,0.17064
19.643,75.662,0.087708
19.643,74.071,0.12091
19.643,75.211,0.060085
19.643,75.332,0.19995
19.643,75.609,0.091001
19.643,75.658,0.13166
19.643,75.588,0.17394
19.643,75.59,0.17555
19.643,75.624,0.2113
19.643,76.023,0.10236
19.644,74.925,0.039452
19.644,75.269,0.10397
19.644,75.278,0.12353
19.644,75.292,0.10075
19.644,75.607,0.13489
19.644,75.592,0.14954
19.644,75.62,0.11049
19.644,75.709,0.06983
19.644,75.538,0.20808
19.644,75.605,0.12676
19.644,75.627,0.18691
19.644,75.657,0.1658
19.644,75.601,0.13811
19.644,75.664,0.091001
19.644,75.737,0.087708
19.645,75.037,0.02648
19.645,75.638,0.11049
19.645,75.644,0.092614
19.645,75.256,0.020566
19.645,75.593,0.12024
19.645,75.605,0.1365
19.645,75.612,0.073123
19.645,75.616,0.1154
19.645,75.644,0.10236
19.645,75.653,0.039855
19.645,75.697,0.11701
19.645,74.622,0.3185
19.645,74.653,0.070973
19.645,75.526,0.031857
19.646,75.611,0.15277
19.646,75.612,0.13166
19.646,75.654,0.06452
19.646,75.718,0.10236
19.646,74.644,0.28772
19.646,74.66,0.15855
19.646,75.576,0.13811
19.646,75.61,0.12676
19.646,75.613,0.16742
19.646,75.641,0.086094
19.646,75.71,0.11049
19.646,75.735,0.086094
19.646,75.609,0.12024
19.646,75.616,0.12837
19.646,75.67,0.13489
19.646,75.707,0.099133
19.647,75.407,0.12024
19.647,75.587,0.10397
19.647,75.703,0.15928
19.647,75.694,0.087708
19.648,75.238,0.26655
19.648,75.326,0.073123
19.648,75.627,0.092614
19.648,75.73,0.094227
19.648,75.289,0.21621
19.648,75.57,0.091001
19.648,75.593,0.035688
19.648,75.592,0.09752
19.648,75.593,0.077962
19.648,75.604,0.086094
19.649,75.334,0.2357
19.649,75.581,0.084481
19.649,75.589,0.15928
19.649,75.61,0.084481
19.649,75.611,0.09584
19.649,75.578,0.11701
19.649,75.588,0.11372
19.649,75.59,0.19343
19.649,75.594,0.16742
19.649,75.595,0.10559
19.649,75.608,0.12024
19.649,75.61,0.04382
19.649,75.654,0.26494
19.649,75.7,0.1121
19.649,75.591,0.19665
19.649,75.604,0.060085
19.649,75.611,0.056859
19.649,75.642,0.09584
19.649,75.711,0.10236
19.65,74.848,0.1121
19.65,74.859,0.12837
19.65,75.661,0.15599
19.65,75.692,0.14625
19.65,74.983,0.041401
19.65,75.233,0.25035
19.65,75.588,0.17716
19.65,75.608,0.17555
19.65,75.609,0.092614
19.65,75.649,0.066604
19.65,75.667,0.14954
19.65,75.574,0.12676
19.65,75.587,0.10888
19.65,75.604,0.087708
19.65,75.654,0.049398
19.65,75.655,0.048054
19.651,74.982,0.049398
19.651,75.254,0.23241
19.651,75.509,0.068419
19.651,75.597,0.12514
19.651,75.651,0.047853
19.651,75.651,0.041938
19.651,75.653,0.20317
19.651,75.653,0.041333
19.651,75.654,0.055783
19.651,75.655,0.040863
19.651,75.774,0.10397
19.651,75.251,0.10075
19.651,75.293,0.087708
19.651,75.586,0.14625
19.651,75.587,0.053565
19.651,75.613,0.10075
19.651,75.615,0.17878
19.651,75.668,0.12514
19.651,75.681,0.18852
19.651,75.577,0.06983
19.651,75.586,0.15767
19.651,75.633,0.044022
19.651,75.644,0.099133
19.651,75.654,0.04792
19.651,75.655,0.054775
19.651,75.659,0.14954
19.651,75.659,0.1609
19.651,75.69,0.064991
19.651,75.699,0.13166
19.651,75.573,0.089388
19.651,75.575,0.076349
19.651,75.585,0.064991
19.651,75.593,0.11372
19.651,75.6,0.073123
19.651,75.622,0.14463
19.651,75.642,0.21621
19.651,75.672,0.064991
19.651,75.673,0.087708
19.651,75.693,0.074736
19.651,76.12,0.10075
19.652,75.641,0.054775
19.652,75.653,0.2113
19.652,75.655,0.060555
19.652,75.594,0.077962
19.652,75.605,0.1658
19.652,75.672,0.077962
19.652,75.677,0.086094
19.652,76.267,0.16903
19.652,74.652,0.19484
19.652,75.596,0.056859
19.652,75.618,0.1154
19.652,75.708,0.092614
19.652,74.77,0.2601
19.652,75.568,0.15928
19.652,75.587,0.082868
19.652,75.588,0.091001
19.652,75.596,0.079575
19.652,75.598,0.19181
19.652,75.599,0.10397
19.653,74.769,0.21944
19.653,75.607,0.17716
19.653,75.617,0.12353
19.653,75.658,0.15928
19.653,75.66,0.13489
19.653,75.677,0.10559
19.653,76.069,0.11701
19.653,74.989,0.12091
19.653,75.201,0.13328
19.653,75.65,0.1121
19.653,75.826,0.2601
19.653,74.671,0.029774
19.653,75.034,0.21621
19.653,75.588,0.17878
19.653,75.596,0.053565
19.653,75.645,0.15767
19.653,75.651,0.10397
19.653,75.67,0.14954
19.653,75.707,0.11372
19.654,75.574,0.060085
19.654,75.585,0.064991
19.654,75.599,0.084481
19.654,75.693,0.11372
19.654,75.823,0.035486
19.654,75.19,0.21621
19.654,75.518,0.1154
19.654,75.598,0.035553
19.654,75.659,0.058472
19.654,75.693,0.094227
19.654,75.431,0.17716
19.654,75.617,0.1154
19.654,75.625,0.13811
19.654,75.649,0.18691
19.654,75.655,0.24054
19.654,75.224,0.1154
19.654,75.291,0.084481
19.654,75.577,0.086094
19.654,75.61,0.16742
19.654,75.64,0.10236
19.654,75.646,0.12353
19.654,75.651,0.12837
19.654,75.654,0.058337
19.654,75.655,0.028093
19.654,76.033,0.029505
19.655,75.277,0.13166
19.655,75.588,0.056859
19.655,73.948,0.067142
19.655,75.116,0.040527
19.655,75.269,0.10888
19.655,75.578,0.14302
19.655,75.601,0.11862
19.655,75.602,0.087708
19.655,75.623,0.10727
19.655,75.655,0.06284
19.655,75.593,0.051952
19.656,74.45,0.02601
19.656,75.234,0.18852
19.656,75.29,0.084481
19.656,75.558,0.14302
19.656,75.615,0.086094
19.656,75.626,0.10236
19.656,75.646,0.12024
19.656,75.658,0.2113
19.656,75.679,0.035688
19.656,75.709,0.10397
19.656,74.756,0.2357
19.656,75.276,0.15928
19.656,75.453,0.13811
19.656,74.651,0.034814
19.656,75.589,0.071443
19.656,75.622,0.091001
19.656,75.666,0.092614
19.656,75.666,0.082868
19.656,75.603,0.034075
19.656,75.603,0.061698
19.657,75.695,0.06983
19.657,75.569,0.1609
19.657,75.589,0.11701
19.657,75.582,0.14302
19.657,75.586,0.11049
19.657,75.614,0.11372
19.657,75.616,0.1365
19.657,75.634,0.09584
19.657,75.273,0.09584
19.657,75.577,0.055246
19.657,75.588,0.17851
19.657,75.625,0.14786
19.658,75.275,0.082868
19.658,75.604,0.12024
19.658,75.634,0.2113
19.658,75.608,0.061698
19.658,75.651,0.17857
19.658,75.619,0.12676
19.658,75.627,0.09584
19.658,75.661,0.12024
19.658,75.674,0.087708
19.658,75.694,0.11701
19.658,75.696,0.063311
19.658,75.743,0.099133
19.658,75.829,0.077962
19.659,75.625,0.13328
19.659,75.681,0.12676
19.659,75.678,0.10397
19.659,75.7,0.13328
19.659,75.603,0.086094
19.659,75.623,0.11862
19.659,75.709,0.06983
19.66,75.267,0.12998
19.66,75.291,0.25519
19.66,75.57,0.086094
19.66,75.601,0.14302
19.66,75.609,0.15928
19.66,75.61,0.15928
19.66,75.615,0.12024
19.66,75.617,0.12185
19.66,75.689,0.12185
19.66,75.69,0.071443
19.66,75.71,0.10075
19.66,74.641,0.032865
19.66,75.221,0.14463
19.66,75.262,0.12837
19.66,75.275,0.12514
19.66,75.353,0.13166
19.66,75.4,0.13166
19.66,75.583,0.094227
19.66,75.627,0.13166
19.66,75.635,0.13489
19.66,75.667,0.11701
19.66,75.592,0.10236
19.66,75.599,0.068217
19.66,75.6,0.13811
19.66,75.604,0.050339
19.66,75.622,0.045433
19.66,75.658,0.10075
19.661,75.708,0.099133
19.661,75.604,0.073123
19.661,75.614,0.12185
19.661,75.684,0.12998
19.661,75.657,0.29908
19.661,74.797,0.054842
19.661,75.165,0.22105
19.661,75.272,0.053565
19.661,75.274,0.13979
19.661,75.452,0.1365
19.662,75.109,0.04382
19.662,75.267,0.11701
19.662,74.637,0.22757
19.662,75.585,0.12676
19.663,75.426,0.04093
19.663,74.388,0.060421
19.663,75.634,0.037301
19.663,75.7,0.094227
19.663,75.884,0.27798
19.663,75.254,0.12514
19.663,75.52,0.061698
19.663,75.62,0.089388
19.663,75.644,0.31212
19.664,76.093,0.11862
19.664,75.285,0.19665
19.664,75.544,0.091001
19.664,75.649,0.073123
19.664,75.251,0.10397
19.664,75.617,0.12185
19.664,75.747,0.060085
19.664,75.648,0.11049
19.665,74.634,0.17555
19.665,75.239,0.21621
19.665,75.239,0.18529
19.665,75.275,0.1658
19.665,75.276,0.089388
19.665,74.268,0.12763
19.665,74.861,0.037368
19.665,75.687,0.14625
19.665,75.693,0.11372
19.665,75.452,0.074736
19.665,75.617,0.14786
19.666,75.264,0.084481
19.666,75.579,0.15115
19.666,75.648,0.17878
19.666,74.268,0.215
19.666,74.769,0.24861
19.666,75.264,0.12514
19.666,75.526,0.1365
19.666,74.656,0.055111
19.666,75.259,0.045568
19.666,75.268,0.22428
19.666,75.281,0.14463
19.666,76.131,0.034142
19.667,74.958,0.098394
19.667,75.656,0.051952
19.667,75.706,0.082868
19.667,74.251,0.29666
19.667,74.252,0.23073
19.667,75.255,0.15277
19.667,74.043,0.19753
19.667,75.258,0.12514
19.667,75.272,0.06983
19.667,75.57,0.12353
19.667,75.584,0.10236
19.668,75.341,0.20969
19.668,75.631,0.04382
19.668,75.65,0.12185
19.668,75.71,0.079575
19.668,76.037,0.13811
19.668,75.29,0.089388
19.668,75.612,0.12353
19.668,74.842,0.1365
19.668,75.568,0.27959
19.668,75.569,0.099133
19.668,75.641,0.09584
19.668,75.709,0.11862
19.668,74.662,0.032193
19.668,74.689,0.18691
19.668,75.645,0.21621
19.668,75.75,0.11862
19.669,75.24,0.14463
19.669,75.256,0.10075
19.669,75.625,0.12514
19.669,75.635,0.13166
19.669,75.644,0.13328
19.669,75.57,0.029437
19.669,75.638,0.091001
19.669,75.644,0.1121
19.669,75.664,0.10727
19.669,75.692,0.10397
19.669,74.551,0.024128
19.669,75.188,0.11372
19.669,75.591,0.16251
19.669,75.632,0.15277
19.67,75.237,0.11701
19.67,75.325,0.17716
19.67,75.421,0.20969
19.67,75.21,0.077962
19.67,75.702,0.077962
19.671,75.189,0.25197
19.671,75.279,0.13328
19.671,75.692,0.11372
19.671,75.272,0.09752
19.671,75.64,0.14302
19.671,75.571,0.060085
19.671,75.709,0.092614
19.671,74.268,0.12091
19.671,75.226,0.13811
19.672,75.256,0.10236
19.672,75.257,0.1365
19.672,75.614,0.1154
19.672,75.677,0.1609
19.672,75.257,0.13979
19.672,75.593,0.089388
19.672,75.236,0.087708
19.672,75.25,0.11049
19.673,74.886,0.0826
19.673,75.023,0.028026
19.673,75.27,0.06983
19.673,75.622,0.14625
19.673,75.659,0.12837
19.673,75.221,0.12676
19.674,75.137,0.20317
19.674,75.239,0.061698
19.674,75.286,0.061698
19.674,75.97,0.047046
19.674,76.162,0.06284
19.674,75.194,0.18368
19.674,75.256,0.12998
19.674,75.287,0.13166
19.674,75.577,0.066604
19.674,75.58,0.073123
19.674,76.146,0.068351
19.674,75.179,0.06983
19.674,75.266,0.15599
19.674,75.702,0.14954
19.675,75.634,0.1365
19.675,75.169,0.1609
19.675,75.177,0.13166
19.675,75.289,0.13166
19.675,75.588,0.18852
19.675,75.632,0.14302
19.675,75.655,0.14302
19.675,75.805,0.079575
19.675,75.935,0.063647
19.675,75.71,0.11862
19.676,75.634,0.1365
19.676,75.645,0.17878
19.676,75.616,0.13328
19.676,75.623,0.15767
19.676,75.625,0.061698
19.676,74.527,0.044761
19.676,75.13,0.037973
19.676,75.357,0.14954
19.676,75.479,0.13328
19.677,75.636,0.19995
19.677,76.005,0.12837
19.677,75.568,0.053565
19.677,75.653,0.11372
19.677,75.727,0.16742
19.677,74.733,0.044694
19.677,75.214,0.12998
19.677,75.224,0.13489
19.677,75.227,0.19013
19.677,75.274,0.099133
19.677,75.653,0.18368
19.677,75.693,0.089388
19.678,75.609,0.077962
19.678,75.711,0.069897
19.678,75.764,0.048726
19.678,75.639,0.12998
19.678,75.765,0.050138
19.678,75.969,0.053633
19.678,75.177,0.17064
19.679,74.402,0.053633
19.679,75.64,0.12837
19.679,75.698,0.10236
19.679,75.214,0.19181
19.68,75.22,0.15438
19.68,76.164,0.032798
19.68,75.678,0.19181
19.681,75.27,0.045433
19.681,75.709,0.20808
19.681,75.284,0.16903
19.681,74.657,0.068889
19.681,75.255,0.094227
19.681,75.367,0.1121
19.681,75.625,0.17555
19.681,75.704,0.081255
19.681,75.71,0.09584
19.682,75.137,0.074535
19.682,74.615,0.046038
19.682,75.705,0.063311
19.682,75.227,0.13489
19.682,75.702,0.14463
19.682,75.706,0.20156
19.683,75.274,0.12676
19.683,74.184,0.25271
19.683,75.286,0.031185
19.683,75.31,0.15599
19.684,74.168,0.23516
19.684,74.168,0.24168
19.684,74.168,0.14779
19.684,74.169,0.36259
19.684,74.252,0.1318
19.684,74.252,0.1318
19.684,74.252,0.18677
19.684,74.302,0.76611
19.684,74.302,0.37361
19.684,74.302,0.57181
19.684,74.303,0.26205
19.684,75.265,0.12024
19.684,75.617,0.12998
19.684,75.256,0.092614
19.684,75.266,0.10236
19.684,74.269,0.23073
19.684,75.225,0.029505
19.684,75.256,0.14954
19.684,73.841,0.17602
19.684,74.218,0.2857
19.684,74.218,0.40655
19.684,74.219,0.21971
19.684,74.83,0.051818
19.684,75.27,0.12514
19.684,75.643,0.1609
19.685,73.841,0.43948
19.685,74.167,0.30768
19.685,74.167,0.35614
19.685,74.168,0.39559
19.685,74.168,0.57121
19.685,74.168,0.17575
19.685,74.169,0.32926
19.685,74.169,0.23073
19.685,74.169,0.37361
19.685,74.169,0.1648
19.685,74.177,0.37355
19.685,74.184,0.23516
19.685,74.185,0.18677
19.685,74.185,0.6317
19.685,74.186,0.36219
19.685,74.251,0.1648
19.685,75.535,0.17878
19.685,75.643,0.18368
19.685,75.695,0.099133
19.685,76.036,0.15599
19.685,76.054,0.11372
19.685,76.335,0.21453
19.685,73.846,0.19753
19.685,74.167,0.61153
19.685,74.168,0.1648
19.685,74.168,0.2857
19.685,74.168,0.29666
19.685,74.169,0.31864
19.685,74.169,0.76611
19.685,74.169,0.1648
19.685,74.169,0.36259
19.685,74.184,0.12084
19.685,74.184,0.35614
19.685,74.184,0.51072
19.685,74.184,0.10982
19.685,74.186,0.62497
19.685,75.592,0.13166
19.685,76.175,0.12676
19.685,73.836,0.20895
19.685,73.844,0.36286
19.685,73.845,0.59339
19.685,73.929,0.38437
19.686,73.843,0.055044
19.686,73.844,0.09873
19.686,74.168,0.20828
19.686,74.168,0.23516
19.686,74.169,0.63734
19.686,74.169,0.12084
19.686,74.169,0.1648
19.686,74.169,0.29666
19.686,74.252,0.23073
19.686,74.253,0.23073
19.686,74.903,0.13401
19.686,75.207,0.19665
19.686,75.695,0.19504
19.686,73.836,0.022112
19.686,73.844,0.24188
19.686,73.846,0.30775
19.686,74.425,0.028631
19.686,74.519,0.044089
19.686,75.255,0.15277
19.686,73.845,0.25264
19.686,73.847,0.18677
19.686,74.601,0.2357
19.686,75.272,0.1154
19.686,75.322,0.056859
19.686,75.364,0.11701
19.686,75.641,0.12514
19.686,75.788,0.068217
19.686,73.843,0.36286
19.686,73.845,0.75805
19.686,73.845,0.17602
19.686,75.254,0.071443
19.686,76.185,0.055783
19.687,73.844,0.032865
19.687,74.696,0.27307
19.687,74.721,0.17716
19.687,74.85,0.13328
19.687,75.24,0.12185
19.687,75.511,0.19894
19.687,73.84,0.38437
19.687,73.844,0.23046
19.687,73.844,0.46166
19.687,74.642,0.30399
19.687,75.213,0.14302
19.687,73.845,0.16459
19.687,75.272,0.092614
19.687,75.301,0.14954
19.688,73.837,0.24188
19.688,73.841,0.21971
19.688,75.633,0.12676
19.688,75.737,0.12837
19.688,76.361,0.055246
19.688,73.841,0.14309
19.688,73.842,0.40655
19.688,74.617,0.15115
19.688,74.651,0.043417
19.688,75.24,0.14625
19.688,75.256,0.11701
19.688,73.836,0.68143
19.688,74.607,0.2601
19.688,75.269,0.087708
19.688,75.272,0.10397
19.688,75.292,0.050071
19.688,73.844,0.57121
19.688,74.169,0.31864
19.688,74.856,0.19665
19.689,73.84,0.24188
19.689,73.847,0.30775
19.689,73.852,0.4173
19.689,73.844,0.13166
19.689,73.847,0.032865
19.689,73.851,0.36286
19.689,75.282,0.031185
19.689,75.651,0.1121
19.689,75.714,0.048726
19.689,75.265,0.12837
19.689,75.379,0.031521
19.689,75.653,0.20317
19.69,74.64,0.25197
19.69,75.216,0.12514
19.69,75.22,0.21292
19.69,75.328,0.14302
19.69,76.04,0.5376
19.69,74.64,0.23409
19.69,75.194,0.16742
19.69,75.289,0.11862
19.69,75.267,0.099133
19.69,75.713,0.10397
19.691,74.639,0.2812
19.691,73.844,0.30775
19.691,75.024,0.04382
19.691,75.708,0.13489
19.691,74.61,0.24867
19.692,75.678,0.069091
19.692,74.639,0.2601
19.692,75.271,0.11701
19.692,75.718,0.19995
19.692,76.101,0.20808
19.692,74.619,0.39505
19.692,74.906,0.091001
19.692,75.224,0.11701
19.692,75.221,0.10559
19.693,75.226,0.10559
19.693,75.254,0.064991
19.693,75.642,0.16412
19.693,75.708,0.15928
19.693,73.847,0.21971
19.693,74.611,0.53814
19.693,74.619,0.34949
19.694,75.304,0.10888
19.694,75.218,0.12353
19.694,73.845,0.27482
19.694,75.215,0.13328
19.694,75.216,0.089388
19.695,75.267,0.051952
19.695,75.748,0.12837
19.695,75.227,0.11049
19.695,75.284,0.042678
19.696,74.645,0.02144
19.696,74.468,0.068015
19.696,75.212,0.11049
19.696,75.213,0.14625
19.696,75.215,0.16412
19.696,75.274,0.09752
19.696,75.779,0.045433
19.697,74.646,0.077425
19.697,75.258,0.094227
19.697,75.956,0.1365
19.697,74.757,0.09799
19.697,75.251,0.11701
19.697,74.619,0.24222
19.697,75.275,0.029169
19.697,75.285,0.043148
19.697,75.375,0.14625
19.697,75.589,0.10075
19.697,75.718,0.10075
19.698,74.183,0.17575
19.698,75.618,0.092614
19.698,75.654,0.081255
19.698,75.224,0.1154
19.698,75.226,0.12185
19.698,75.373,0.082264
19.699,75.7,0.30721
19.699,74.692,0.15115
19.699,74.906,0.14712
19.699,75.308,0.12024
19.699,76.225,0.024666
19.7,75.82,0.052893
19.7,75.571,0.12837
19.7,75.593,0.19181
19.7,75.651,0.13166
19.7,75.723,0.10075
19.7,74.617,0.079575
19.7,75.642,0.051952
19.7,75.661,0.040594
19.701,75.321,0.10397
19.701,75.339,0.15438
19.701,74.627,0.29908
19.701,74.653,0.034276
19.701,75.521,0.18039
19.701,76.409,0.1154
19.702,75.606,0.099133
19.702,75.213,0.18207
19.703,73.614,0.099133
19.703,75.65,0.029505
19.703,75.272,0.12998
19.703,75.624,0.077962
19.703,75.757,0.089388
19.703,76.01,0.076349
19.703,74.618,0.33813
19.703,74.648,0.35278
19.703,75.304,0.12998
19.703,74.62,0.16742
19.703,75.227,0.13811
19.704,74.619,0.36904
19.704,75.272,0.087708
19.704,75.686,0.21473
19.704,74.638,0.34135
19.704,74.825,0.034881
19.704,75.272,0.11049
19.704,74.62,0.23241
19.704,74.646,0.33651
19.704,74.777,0.2357
19.705,74.63,0.20479
19.705,74.63,0.17555
19.705,74.795,0.26823
19.706,74.625,0.2357
19.706,74.646,0.46979
19.706,75.563,0.13811
19.706,75.72,0.086094
19.706,75.99,0.11701
19.706,74.623,0.2812
19.706,75.104,0.092412
19.706,75.207,0.16412
19.706,75.583,0.11103
19.706,75.214,0.14954
19.706,75.608,0.04382
19.707,75.286,0.14786
19.707,75.224,0.087708
19.708,74.854,0.10888
19.708,75.262,0.17394
19.708,76.367,0.11372
19.709,74.63,0.22428
19.709,75.27,0.11701
19.709,76.099,0.11049
19.709,74.246,0.033067
19.709,74.621,0.2357
19.709,74.621,0.26332
19.709,74.841,0.1121
19.709,75.21,0.12514
19.709,75.221,0.11701
19.709,75.258,0.066604
19.709,75.308,0.18529
19.71,75.211,0.12185
19.71,75.622,0.063311
19.71,76.181,0.077962
19.71,74.619,0.32677
19.71,74.621,0.2568
19.71,75.234,0.26655
19.71,76.32,0.11862
19.71,75.213,0.17394
19.71,75.22,0.17716
19.71,75.358,0.094227
19.711,74.642,0.23731
19.711,74.672,0.16903
19.711,75.272,0.13811
19.711,75.319,0.18368
19.711,75.362,0.11049
19.711,75.685,0.072317
19.712,75.212,0.17205
19.712,75.226,0.14302
19.712,75.284,0.035285
19.712,75.22,0.09584
19.712,75.339,0.15115
19.713,75.215,0.13166
19.713,74.647,0.36736
19.713,75.207,0.17878
19.713,75.671,0.19827
19.714,75.226,0.10397
19.714,75.521,0.15438
19.714,75.717,0.053565
19.714,75.168,0.10888
19.714,75.187,0.17878
19.714,75.257,0.079575
19.714,75.32,0.12024
19.714,75.322,0.2601
19.714,75.35,0.14302
19.714,75.456,0.092614
19.714,75.468,0.12185
19.714,75.484,0.16742
19.714,76.383,0.1365
19.714,74.72,0.52833
19.714,75.212,0.17878
19.714,75.226,0.12185
19.715,76.626,0.19484
19.715,75.055,0.055313
19.715,75.152,0.18207
19.715,75.703,0.09584
19.716,74.616,0.17394
19.716,74.66,0.071779
19.716,74.433,0.034142
19.716,74.776,0.037032
19.717,74.018,0.40655
19.717,74.167,0.27468
19.717,74.169,0.34061
19.717,74.169,0.32966
19.717,75.401,0.17064
19.717,75.434,0.16412
19.717,75.434,0.2308
19.717,75.439,0.17878
19.718,75.213,0.19665
19.718,76.235,0.15438
19.718,76.353,0.082868
19.718,74.331,0.034747
19.718,75.776,0.14302
19.718,75.481,0.074467
19.719,75.267,0.16742
19.719,75.434,0.12003
19.719,75.436,0.28933
19.719,75.437,0.19504
19.719,75.44,0.17555
19.719,75.448,0.13979
19.719,75.802,0.099133
19.719,74.722,0.17447
19.719,75.434,0.16251
19.719,75.435,0.2064
19.719,75.739,0.060085
19.719,76.386,0.16251
19.72,76.581,0.17064
19.721,75.608,0.050339
19.721,75.226,0.14954
19.721,74.722,0.11049
19.721,75.21,0.06983
19.722,75.211,0.13489
19.722,74.641,0.27146
19.722,75.216,0.20479
19.722,75.275,0.15599
19.722,74.643,0.30721
19.722,76.235,0.18852
19.723,75.287,0.12676
19.723,75.273,0.16903
19.723,73.978,0.16459
19.724,74.987,0.038712
19.724,75.21,0.1365
19.724,74.645,0.2812
19.724,75.756,0.047113
19.725,74.856,0.16412
19.725,75.213,0.11701
19.725,76.367,0.055246
19.726,74.523,0.050541
19.726,75.012,0.041401
19.726,75.342,0.10075
19.726,75.709,0.1365
19.728,74.739,0.068486
19.728,74.856,0.15277
19.728,75.434,0.13489
19.728,75.434,0.19665
19.728,74.625,0.27146
19.728,75.593,0.077962
19.729,74.607,0.32025
19.729,75.678,0.14625
19.729,74.622,0.53323
19.729,74.623,0.26655
19.729,74.597,0.041602
19.73,74.612,0.29585
19.73,74.622,0.3349
19.73,75.226,0.13166
19.731,74.601,0.23241
19.731,74.611,0.34135
19.731,74.633,0.2357
19.731,75.719,0.09584
19.731,76.117,0.10888
19.731,74.64,0.28281
19.731,75.212,0.14625
19.731,75.594,0.13166
19.731,75.64,0.16412
19.731,75.587,0.1365
19.731,76.431,0.2568
19.732,75.226,0.15277
19.732,75.515,0.0248
19.732,74.579,0.085355
19.732,75.655,0.077962
19.732,75.869,0.0248
19.732,75.026,0.14463
19.733,75.068,0.2357
19.733,74.649,0.36904
19.733,75.433,0.089388
19.733,75.434,0.1609
19.733,75.592,0.13489
19.734,75.401,0.025943
19.734,75.434,0.10276
19.734,75.468,0.029169
19.734,75.633,0.048726
19.734,75.68,0.11049
19.734,74.001,0.35164
19.734,74.034,0.38974
19.734,74,0.53848
19.734,74.003,0.30768
19.734,75.693,0.066604
19.734,74.001,0.97782
19.734,74.001,0.65932
19.734,74.001,0.65932
19.734,74.001,0.2857
19.734,74.002,0.1318
19.734,74.002,0.15377
19.734,74.002,0.34061
19.734,74.002,0.65932
19.734,74.005,0.20875
19.734,74.017,0.047987
19.734,74.017,0.31864
19.734,74.017,0.37361
19.734,74.017,0.21971
19.734,74.018,0.40655
19.734,74.018,0.19773
19.734,74.018,0.39559
19.734,74.019,0.20875
19.734,74.019,0.31864
19.734,74.019,0.50548
19.735,74.034,0.4835
19.735,74.757,0.92002
19.736,75.968,0.077962
19.736,74.632,0.23241
19.736,75.517,0.081726
19.736,75.584,0.052625
19.736,75.89,0.060622
19.736,74.002,0.098864
19.736,74.019,0.43955
19.736,75.1,0.11049
19.736,75.344,0.16903
19.736,75.35,0.092614
19.736,75.355,0.092614
19.736,75.4,0.050339
19.736,76.35,0.14625
19.736,75.401,0.01781
19.736,75.524,0.30533
19.736,75.593,0.060085
19.736,75.747,0.068217
19.737,75.4,0.035688
19.737,75.621,0.19504
19.737,75.226,0.19343
19.737,75.636,0.12676
19.739,75.298,0.2308
19.739,76.018,0.12837
19.739,76.657,0.14302
19.739,73.614,0.15277
19.739,75.221,0.081255
19.739,75.38,0.1121
19.739,75.446,0.022179
19.739,75.831,0.15599
19.739,74.876,0.051079
19.74,74.63,0.2357
19.74,76.038,0.17716
19.74,74.676,0.12763
19.74,76.359,0.12837
19.741,74.972,0.029572
19.741,74.881,0.041065
19.741,76.084,0.030916
19.742,75.321,0.10075
19.742,75.959,0.060085
19.742,75.221,0.060958
19.742,76.222,0.23241
19.742,75.102,0.075677
19.742,75.673,0.3056
19.742,75.043,0.045164
19.743,74.64,0.23409
19.743,75.149,0.041871
19.743,75.314,0.13166
19.743,75.509,0.054238
19.744,75.734,0.029505
19.745,75.401,0.032462
19.746,74.621,0.23893
19.746,75.281,0.026346
19.746,75.267,0.17394
19.746,75.606,0.048726
19.746,74.522,0.046038
19.746,74.639,0.27959
19.747,74.852,0.1121
19.747,75.256,0.079575
19.747,75.721,0.077962
19.747,76.122,0.087708
19.747,75.204,0.2113
19.748,74.632,0.27468
19.748,76.201,0.086094
19.748,75.585,0.18368
19.749,74.613,0.24222
19.749,74.635,0.3056
19.75,74.612,0.29908
19.75,75.751,0.053565
19.75,74.169,0.30768
19.75,74.185,0.76611
19.75,74.186,0.69218
19.75,74.186,0.26366
19.751,74.017,0.83534
19.751,74.185,0.17468
19.751,74.186,0.14282
19.751,74.186,0.23066
19.751,75.016,0.15438
19.751,75.799,0.042207
19.751,76.213,0.029639
19.751,73.817,0.51643
19.751,74,0.36259
19.751,74.001,0.23073
19.751,74.017,0.34061
19.751,74.017,0.74729
19.751,74.017,0.34061
19.751,74.017,0.23073
19.751,74.019,0.21971
19.751,74.021,0.67034
19.751,74.069,0.82418
19.751,74.167,0.20875
19.751,74.167,0.2857
19.751,74.185,0.19773
19.751,74.185,0.29666
19.751,74.185,0.098864
19.751,74.186,0.29666
19.751,74.186,0.38457
19.751,74.302,0.64836
19.751,74.186,0.30237
19.751,74.068,0.15377
19.751,74.186,0.12084
19.751,74.301,0.28564
19.751,75.704,0.21621
19.751,75.898,0.16742
19.751,75.976,0.14578
19.752,74.169,0.14779
19.752,74.185,0.24168
19.752,74.186,0.20828
19.752,74.186,0.14282
19.752,74.301,0.39552
19.752,74.641,0.34626
19.752,75.286,0.2857
19.752,74.186,0.32966
19.752,74.186,0.38457
19.752,74.186,0.25271
19.752,74.186,0.35164
19.752,74.251,0.57793
19.753,73.752,0.81316
19.753,73.817,0.087842
19.753,73.825,0.81316
19.753,73.986,0.17548
19.753,73.991,0.10982
19.753,74.184,0.1648
19.753,74.186,0.17575
19.753,74.252,0.12084
19.753,74.612,0.27636
19.753,75.174,0.058472
19.753,74.184,0.37361
19.753,74.186,0.27549
19.753,74.633,0.22105
19.753,75.434,0.2308
19.753,75.434,0.15599
19.753,75.642,0.050339
19.753,75.954,0.060085
19.753,74.625,0.22266
19.753,75.32,0.14302
19.753,75.504,0.029303
19.754,75.201,0.19995
19.754,75.77,0.086094
19.754,74.638,0.48935
19.754,75.598,0.20808
19.754,75.438,0.17716
19.754,75.6,0.13328
19.755,74.612,0.51374
19.755,74.615,0.30721
19.756,75.612,0.09752
19.756,75.639,0.082868
19.756,75.739,0.064991
19.756,75.798,0.082868
19.756,75.808,0.13166
19.756,74.623,0.24867
19.756,74.642,0.24222
19.756,75.424,0.19995
19.756,76.377,0.079575
19.756,75.38,0.087708
19.756,75.71,0.036763
19.756,75.803,0.18852
19.756,75.806,0.11862
19.756,75.868,0.26655
19.757,75.255,0.19504
19.757,75.263,0.09584
19.757,75.487,0.077962
19.757,75.581,0.17878
19.757,76.449,0.12676
19.757,74.642,0.39176
19.757,75.424,0.12837
19.757,75.805,0.15928
19.757,75.821,0.20808
19.758,74.614,0.29747
19.758,75.106,0.056926
19.758,75.33,0.22428
19.758,76.294,0.066604
19.758,76.478,0.23409
19.759,74.017,0.30768
19.759,75.734,0.11372
19.759,75.904,0.057396
19.759,74.641,0.30399
19.759,74.641,0.27307
19.76,75.312,0.10888
19.76,75.763,0.05995
19.76,76.494,0.071443
19.76,76.636,0.040594
19.76,75.484,0.19753
19.76,74.63,0.15767
19.76,75.441,0.1154
19.762,74.64,0.36736
19.762,75.705,0.1154
19.762,74.844,0.20156
19.762,75.78,0.092412
19.763,75.511,0.19504
19.763,76.142,0.20808
19.764,74.626,0.24054
19.764,75.058,0.19343
19.764,75.153,0.063714
19.764,75.438,0.086094
19.764,74.631,0.050272
19.764,75.468,0.15599
19.764,75.483,0.10397
19.765,74.595,0.042812
19.765,74.635,0.22105
19.765,74.638,0.39505
19.765,75.752,0.2357
19.765,74.631,0.25197
19.765,74.639,0.24054
19.765,74.773,0.20969
19.766,74.64,0.24222
19.766,75.815,0.11701
19.766,76.479,0.11701
19.766,74.394,0.12091
19.766,74.6,0.14107
19.766,75.441,0.16251
19.766,75.74,0.17878
19.766,76.153,0.032462
19.766,74.615,0.29263
19.766,75.847,0.12837
19.766,76.49,0.13328
19.767,75.469,0.1609
19.767,75.401,0.13811
19.767,75.421,0.24054
19.767,75.434,0.23241
19.767,75.434,0.32025
19.767,75.629,0.056859
19.767,76.247,0.18368
19.767,74.184,0.1648
19.767,74.185,0.215
19.767,75.256,0.037301
19.767,75.272,0.10075
19.767,74.168,0.27468
19.767,74.183,0.19773
19.767,74.185,0.16473
19.767,74.268,0.47039
19.767,75.761,0.053565
19.768,74.184,0.26366
19.768,74.185,0.32966
19.768,75.4,0.02433
19.768,75.468,0.032462
19.768,75.65,0.22105
19.768,74.185,0.18677
19.768,75.197,0.12091
19.768,75.239,0.066604
19.768,75.282,0.051952
19.768,75.718,0.30721
19.768,74.184,0.20828
19.768,75.477,0.12024
19.769,74.184,0.25271
19.769,74.185,0.24168
19.769,75.097,0.036293
19.769,75.259,0.042207
19.769,75.433,0.14463
19.769,75.434,0.18368
19.769,75.435,0.27636
19.769,75.484,0.09752
19.769,75.248,0.086094
19.769,75.91,0.10397
19.769,74.184,0.32966
19.769,75.245,0.034075
19.769,75.272,0.10236
19.769,75.4,0.022717
19.77,75.214,0.050339
19.77,75.254,0.06983
19.77,75.257,0.050339
19.77,75.236,0.06983
19.771,74.876,0.032731
19.771,75.256,0.050339
19.771,75.259,0.071443
19.771,75.254,0.071443
19.771,75.805,0.061698
19.771,75.255,0.10236
19.771,75.261,0.082868
19.772,75.236,0.082868
19.772,75.238,0.086094
19.772,75.239,0.11049
19.772,75.247,0.053565
19.772,75.222,0.11049
19.772,75.244,0.040594
19.772,75.245,0.029169
19.772,75.249,0.073123
19.772,75.204,0.19013
19.772,75.244,0.051952
19.772,75.246,0.050339
19.772,75.258,0.12998
19.772,75.961,0.040594
19.773,75.263,0.063311
19.773,75.609,0.046038
19.773,75.216,0.077962
19.773,75.236,0.061698
19.773,75.239,0.040594
19.773,75.247,0.045433
19.773,75.276,0.060085
19.773,75.709,0.09752
19.773,75.262,0.040594
19.773,75.627,0.047113
19.773,75.24,0.076349
19.773,75.242,0.071443
19.773,75.929,0.14786
19.774,75.242,0.071443
19.774,75.263,0.047113
19.774,75.241,0.077962
19.774,75.246,0.066604
19.774,75.247,0.037301
19.774,75.248,0.076349
19.774,75.278,0.045433
19.774,75.782,0.01781
19.774,75.24,0.068217
19.774,75.275,0.038981
19.774,75.241,0.061698
19.774,75.257,0.10236
19.774,75.263,0.2601
19.774,75.392,0.053633
19.774,75.51,0.13811
19.775,74.642,0.26823
19.775,74.669,0.021776
19.775,75.241,0.04382
19.775,75.258,0.034075
19.775,74.611,0.36736
19.775,75.516,0.14141
19.775,75.739,0.066604
19.775,75.24,0.094227
19.775,75.242,0.06983
19.775,75.243,0.086094
19.775,75.243,0.037301
19.775,75.718,0.1365
19.775,75.902,0.09584
19.775,76.339,0.058472
19.776,75.246,0.10236
19.776,75.258,0.045433
19.776,73.673,0.083272
19.776,74.403,0.031991
19.776,75.264,0.04382
19.776,75.248,0.055246
19.776,75.243,0.10397
19.777,75.236,0.04382
19.777,75.767,0.1609
19.777,75.242,0.040594
19.777,74.639,0.35439
19.777,75.247,0.11862
19.777,75.237,0.035688
19.777,75.25,0.038981
19.778,75.401,0.02433
19.778,75.492,0.14625
19.778,75.245,0.094227
19.778,75.26,0.11049
19.778,75.243,0.053565
19.778,75.253,0.047113
19.778,75.269,0.051952
19.778,75.636,0.063311
19.779,75.246,0.038981
19.779,75.264,0.099133
19.779,75.26,0.071443
19.779,75.341,0.11049
19.779,75.822,0.19665
19.78,74.647,0.047248
19.78,74.806,0.04839
19.78,75.237,0.10075
19.78,75.238,0.06983
19.781,75.483,0.12353
19.781,74.607,0.25358
19.781,75.248,0.06983
19.781,75.322,0.092614
19.781,75.239,0.077962
19.781,75.251,0.061698
19.781,75.266,0.047113
19.781,75.714,0.15767
19.781,74.647,0.27307
19.781,74.859,0.17716
19.781,75.242,0.042207
19.781,75.245,0.1154
19.782,74.859,0.094227
19.782,75.442,0.10075
19.782,75.239,0.09752
19.782,75.24,0.061698
19.782,75.205,0.06983
19.782,75.246,0.055246
19.782,75.248,0.064991
19.783,75.241,0.056859
19.783,75.26,0.047113
19.783,75.246,0.047113
19.783,75.248,0.045433
19.783,74.789,0.26655
19.784,75.241,0.10236
19.784,74.183,0.24168
19.784,74.184,0.45695
19.784,75.237,0.068217
19.784,75.242,0.051952
19.784,74.184,0.96102
19.784,74.617,0.29095
19.784,75.252,0.051952
19.784,75.617,0.13489
19.784,75.718,0.1121
19.785,75.243,0.047113
19.785,75.774,0.060757
19.785,74.184,0.99462
19.785,75.242,0.034075
19.785,75.243,0.10236
19.785,75.272,0.079575
19.785,75.624,0.091001
19.786,74.184,1
19.786,75.786,0.17064
19.786,75.961,0.17716
19.786,75.244,0.037301
19.786,75.937,0.24383
19.786,74.184,0.64836
19.786,74.85,0.11049
19.786,75.434,0.20156
19.786,74.626,0.099133
19.786,75.215,0.14302
19.787,75.244,0.066604
19.787,75.617,0.11701
19.787,74.778,0.19504
19.787,74.842,0.087708
19.787,75.213,0.13166
19.787,75.25,0.087708
19.787,75.255,0.040594
19.788,75.245,0.051952
19.788,74.621,0.24054
19.789,74.635,0.27468
19.789,75.467,0.12676
19.789,75.469,0.12185
19.789,74.626,0.11049
19.789,75.248,0.094227
19.789,75.25,0.099133
19.789,75.643,0.045433
19.79,75.24,0.053565
19.79,75.653,0.099133
19.79,74.874,0.17064
19.79,75.249,0.094227
19.79,75.33,0.040594
19.79,75.249,0.099133
19.79,75.27,0.037301
19.791,75.856,0.19995
19.791,76.361,0.15115
19.791,74.873,0.12676
19.791,75.248,0.061698
19.791,75.249,0.040594
19.791,74.773,0.15277
19.791,75.247,0.10236
19.792,75.166,0.053565
19.792,75.249,0.061698
19.792,74.791,0.22266
19.792,75.245,0.051952
19.792,75.249,0.040594
19.792,76.599,0.071443
19.793,75.238,0.032462
19.793,75.275,0.066604
19.793,75.638,0.14302
19.794,75.248,0.032462
19.794,74.779,0.19517
19.794,76.639,0.2113
19.795,75.638,0.034075
19.795,74.794,0.25358
19.797,74.859,0.12353
19.798,74.849,0.12353
19.799,74.564,0.037973
19.799,75.702,0.042745
19.8,74.183,0.26366
19.8,75.404,0.044694
19.8,75.469,0.14625
19.801,74.183,0.90725
19.801,75.289,0.09584
19.801,75.309,0.11862
19.801,75.288,0.11862
19.801,75.29,0.077962
19.801,74.183,0.73654
19.801,75.286,0.10888
19.801,75.295,0.079575
19.801,74.183,0.61536
19.801,75.293,0.13328
19.801,75.293,0.081255
19.802,74.183,0.67874
19.802,76.011,0.1658
19.802,74.183,0.90725
19.802,74.752,0.1162
19.802,75.289,0.12676
19.802,74.183,0.61153
19.802,74.186,0.65932
19.802,75.289,0.10727
19.802,76.373,0.1121
19.802,74.186,0.45023
19.802,75.29,0.12998
19.802,75.291,0.15599
19.803,76.621,0.17226
19.803,75.293,0.071443
19.803,74.872,0.17878
19.803,75.29,0.11862
19.803,75.523,0.039922
19.804,75.291,0.12514
19.804,75.29,0.12514
19.804,75.289,0.076349
19.804,75.293,0.10397
19.805,75.288,0.073123
19.805,75.295,0.19181
19.805,75.295,0.11701
19.805,75.302,0.1121
19.805,75.305,0.11862
19.805,75.293,0.14302
19.805,75.293,0.10075
19.805,75.294,0.09752
19.805,75.458,0.14302
19.805,75.287,0.09584
19.805,75.293,0.092614
19.805,75.295,0.15438
19.806,74.614,0.057329
19.806,75.496,0.073123
19.806,75.308,0.13166
19.806,74.87,0.082868
19.806,75.29,0.10888
19.806,75.291,0.11701
19.806,75.294,0.082868
19.807,75.288,0.086094
19.807,75.294,0.058472
19.807,75.619,0.06983
19.807,75.629,0.074736
19.807,75.295,0.056859
19.807,75.461,0.16412
19.807,75.287,0.06983
19.807,75.293,0.13811
19.808,75.288,0.1609
19.808,75.296,0.10559
19.808,75.289,0.061698
19.808,75.295,0.10075
19.808,75.308,0.063311
19.808,75.289,0.14302
19.808,75.293,0.12024
19.808,75.297,0.12353
19.808,75.299,0.086094
19.808,75.753,0.037301
19.808,75.879,0.18691
19.808,76.437,0.19343
19.808,75.25,0.09584
19.809,74.754,0.18677
19.809,75.288,0.089388
19.809,75.29,0.10559
19.809,75.29,0.099133
19.809,75.296,0.079575
19.809,75.286,0.064991
19.809,75.29,0.10559
19.81,75.216,0.14625
19.81,76.618,0.068217
19.81,74.627,0.22105
19.81,75.288,0.087708
19.81,75.289,0.12353
19.81,75.289,0.09584
19.81,75.29,0.14141
19.81,75.299,0.071443
19.81,75.62,0.081255
19.81,75.293,0.14463
19.81,75.295,0.094227
19.811,75.287,0.11862
19.811,75.288,0.081255
19.811,75.293,0.094227
19.811,75.294,0.24054
19.811,75.296,0.056859
19.811,74.616,0.37718
19.811,75.288,0.11049
19.811,75.29,0.11862
19.811,75.642,0.16903
19.811,75.289,0.10397
19.811,75.291,0.11372
19.811,75.617,0.081255
19.812,75.288,0.09752
19.812,75.288,0.089388
19.812,75.291,0.066604
19.812,75.292,0.14954
19.812,75.293,0.15928
19.812,75.295,0.10236
19.812,75.302,0.09584
19.812,75.304,0.14302
19.812,75.619,0.086094
19.812,75.794,0.044156
19.812,76.073,0.050272
19.812,75.286,0.09752
19.812,75.292,0.14786
19.812,75.295,0.11701
19.812,75.299,0.045433
19.812,75.286,0.099133
19.812,75.291,0.11049
19.812,75.291,0.11372
19.812,75.293,0.12024
19.812,75.297,0.1365
19.812,75.289,0.10236
19.812,75.295,0.1121
19.813,75.29,0.10888
19.813,75.29,0.24867
19.813,75.292,0.12353
19.813,75.286,0.09752
19.813,75.289,0.10397
19.813,75.292,0.12676
19.813,75.295,0.063311
19.813,75.296,0.1365
19.813,75.296,0.13328
19.813,75.289,0.10727
19.813,75.292,0.1365
19.813,75.299,0.047113
19.813,75.301,0.077962
19.813,76.257,0.040594
19.814,75.296,0.15115
19.814,75.297,0.09752
19.814,75.3,0.063311
19.814,75.288,0.066604
19.814,75.291,0.071443
19.814,75.294,0.14625
19.814,75.295,0.14141
19.814,75.297,0.12837
19.814,75.297,0.12998
19.814,75.218,0.091001
19.814,75.293,0.09584
19.814,75.297,0.11049
19.814,75.302,0.12676
19.815,75.288,0.13166
19.815,75.289,0.1121
19.815,75.295,0.10236
19.815,75.301,0.09752
19.815,75.292,0.06983
19.815,75.296,0.15599
19.815,75.297,0.15115
19.815,75.3,0.099133
19.815,75.293,0.1365
19.816,75.293,0.092614
19.816,75.294,0.11372
19.816,75.298,0.15115
19.816,75.299,0.15438
19.816,75.289,0.10397
19.816,75.29,0.055246
19.816,75.297,0.091001
19.816,75.297,0.084481
19.816,75.303,0.086094
19.816,74.97,0.064722
19.816,75.291,0.038981
19.816,75.292,0.061698
19.816,75.292,0.087708
19.816,75.295,0.1609
19.816,75.288,0.10236
19.816,75.298,0.14954
19.816,75.298,0.087708
19.816,75.299,0.14625
19.817,75.292,0.082868
19.817,75.297,0.15438
19.817,75.301,0.10075
19.817,75.288,0.094227
19.817,75.295,0.092614
19.817,75.3,0.086094
19.817,75.721,0.027556
19.817,75.297,0.099133
19.817,75.299,0.12837
19.817,75.313,0.15277
19.817,75.284,0.11049
19.817,75.294,0.11701
19.818,75.288,0.12676
19.818,75.291,0.077962
19.818,75.297,0.092614
19.818,75.309,0.15767
19.818,75.312,0.2308
19.818,75.288,0.11862
19.818,75.29,0.063311
19.818,75.295,0.068217
19.818,75.299,0.092614
19.818,75.311,0.17716
19.818,75.42,0.20156
19.819,75.291,0.071443
19.819,75.299,0.035688
19.819,76.059,0.064991
19.819,75.293,0.1609
19.819,75.299,0.071443
19.819,75.287,0.089388
19.819,75.295,0.15599
19.819,75.301,0.10397
19.819,75.911,0.22428
19.82,75.293,0.047113
19.82,75.296,0.082868
19.82,76.653,0.12998
19.82,75.294,0.094227
19.82,75.3,0.073123
19.821,75.289,0.077962
19.821,75.292,0.055246
19.821,75.293,0.063311
19.821,75.426,0.022246
19.821,75.709,0.043215
19.821,74.877,0.027824
19.821,75.297,0.10559
19.821,75.299,0.071443
19.821,75.313,0.14302
19.821,75.327,0.04382
19.821,75.424,0.10559
19.822,75.276,0.091001
19.822,75.288,0.089388
19.822,75.289,0.068217
19.822,75.297,0.084481
19.822,75.311,0.2113
19.822,75.293,0.14302
19.822,75.298,0.073123
19.822,75.489,0.10397
19.822,75.141,0.086094
19.823,74.619,0.24222
19.823,74.871,0.18207
19.823,75.288,0.10075
19.823,75.288,0.11049
19.823,75.295,0.11862
19.823,75.295,0.079575
19.823,75.296,0.092614
19.823,75.302,0.076349
19.823,75.307,0.11372
19.823,75.607,0.15767
19.823,75.289,0.064991
19.823,75.328,0.18529
19.823,75.306,0.056859
19.823,75.314,0.15115
19.823,75.289,0.15115
19.823,75.289,0.12837
19.823,75.305,0.19181
19.824,75.288,0.084481
19.824,75.289,0.10075
19.824,75.293,0.10075
19.824,75.297,0.14625
19.824,75.059,0.040594
19.824,75.317,0.18852
19.824,75.249,0.15767
19.824,75.316,0.15767
19.824,75.317,0.18529
19.824,75.743,0.045433
19.824,76.274,0.13166
19.824,75.323,0.17878
19.825,75.323,0.26332
19.825,75.289,0.099133
19.825,75.314,0.17064
19.825,75.291,0.1365
19.825,75.294,0.14625
19.825,75.296,0.061698
19.825,76.334,0.1365
19.826,75.229,0.30775
19.826,75.29,0.14141
19.826,75.292,0.029169
19.826,75.311,0.20808
19.826,75.312,0.19827
19.826,74.653,0.0085355
19.826,75.248,0.077962
19.826,75.305,0.21621
19.826,75.309,0.14625
19.827,74.738,0.038712
19.827,75.291,0.21621
19.827,75.141,0.028093
19.827,75.303,0.09584
19.827,75.309,0.15767
19.827,75.291,0.073123
19.828,75.289,0.035688
19.828,75.534,0.15599
19.828,75.636,0.063311
19.828,75.626,0.11049
19.828,75.305,0.2064
19.828,75.311,0.18691
19.828,75.309,0.22428
19.828,75.313,0.25197
19.829,75.305,0.2357
19.829,75.305,0.17555
19.829,75.322,0.17555
19.829,75.143,0.032865
19.829,75.312,0.21782
19.829,75.322,0.18852
19.83,74.718,0.17716
19.83,75.305,0.2601
19.831,75.421,0.11049
19.831,75.306,0.15599
19.833,75.315,0.22596
19.833,75.314,0.20969
19.833,75.626,0.11701
19.833,75.969,0.2568
19.834,74.675,0.14302
19.834,74.036,0.30567
19.834,74.083,0.30768
19.834,74.169,0.30567
19.834,74.083,0.30768
19.834,74.169,0.25271
19.834,75.312,0.16903
19.834,74.083,0.29565
19.834,74.169,0.30768
19.835,74.169,0.58243
19.835,75.301,0.15767
19.836,75.734,0.14463
19.838,74.413,0.051213
19.838,75.782,0.082868
19.839,75.065,0.042073
19.839,75.066,0.034478
19.839,75.059,0.046374
19.839,75.066,0.047181
19.839,75.066,0.039922
19.84,74.983,0.058001
19.84,75.059,0.058001
19.84,75.062,0.045232
19.84,74.852,0.14463
19.84,75.066,0.061496
19.841,75.06,0.061026
19.842,75.593,0.10559
19.842,76.089,0.17555
19.842,76.099,0.10727
19.842,74.616,0.28933
19.842,75.836,0.14786
19.842,75.591,0.068217
19.844,75.052,0.061227
19.844,75.064,0.061362
19.844,76.169,0.17555
19.845,74.982,0.03179
19.845,75.066,0.043282
19.845,74.966,0.054305
19.845,74.972,0.055313
19.845,74.978,0.035217
19.845,74.979,0.055985
19.845,75.064,0.053901
19.845,75.066,0.054305
19.845,74.975,0.040863
19.846,74.554,0.49056
19.846,74.966,0.071241
19.846,74.979,0.040863
19.846,74.982,0.050205
19.846,75.059,0.055985
19.846,75.064,0.035621
19.846,75.066,0.05659
19.846,75.066,0.062571
19.846,75.586,0.076349
19.846,75.066,0.062101
19.849,75.621,0.056859
19.849,75.944,0.37388
19.85,75.878,0.17716
19.851,74.017,0.25271
19.851,74.848,0.19343
19.851,75.254,0.16412
19.851,75.284,0.046038
19.851,75.256,0.2113
19.853,74.302,0.042543
19.855,75.654,0.050339
19.855,75.255,0.22428
19.856,75.834,0.14302
19.857,75.059,0.026547
19.858,75.252,0.2064
19.858,75.061,0.03589
19.858,75.868,0.09752
19.858,74.679,0.20156
19.858,75.276,0.17716
19.859,75.25,0.18368
19.859,75.254,0.050877
19.859,75.255,0.15767
19.859,75.251,0.1658
19.86,75.25,0.10397
19.86,75.899,0.037704
19.86,76.172,0.18368
19.86,75.251,0.18039
19.86,75.252,0.050877
19.86,75.254,0.050877
19.86,75.255,0.19013
19.861,75.251,0.18368
19.861,75.253,0.17716
19.861,75.257,0.041199
19.861,75.254,0.20808
19.862,75.253,0.19665
19.862,75.253,0.19504
19.862,75.255,0.17226
19.862,75.256,0.20808
19.862,75.257,0.18691
19.862,75.257,0.18852
19.862,75.251,0.18368
19.862,75.253,0.17226
19.862,75.254,0.19665
19.862,75.255,0.15277
19.862,75.256,0.2064
19.862,75.256,0.15115
19.862,75.257,0.19827
19.862,75.277,0.20156
19.862,74.975,0.042274
19.862,75.253,0.17394
19.862,75.253,0.17878
19.862,75.254,0.19665
19.862,75.254,0.19827
19.862,75.254,0.19504
19.862,75.255,0.19995
19.862,75.255,0.19504
19.862,75.256,0.18207
19.862,75.256,0.18529
19.862,75.256,0.15599
19.862,75.257,0.22757
19.862,75.257,0.17064
19.862,75.257,0.17716
19.862,75.259,0.18207
19.862,75.259,0.14625
19.863,75.253,0.21782
19.863,75.254,0.32025
19.863,75.254,0.20969
19.863,75.255,0.14954
19.863,75.256,0.20969
19.863,75.256,0.15438
19.863,75.257,0.15599
19.863,75.258,0.19013
19.863,75.258,0.18207
19.863,75.258,0.15928
19.863,75.254,0.16412
19.863,75.255,0.19665
19.863,75.256,0.20969
19.863,75.256,0.20317
19.863,75.256,0.21782
19.863,75.257,0.14786
19.863,75.257,0.18691
19.863,75.257,0.19013
19.863,75.257,0.15928
19.863,75.255,0.19995
19.863,75.255,0.15928
19.863,75.256,0.18368
19.863,75.257,0.17064
19.863,75.257,0.19665
19.863,75.257,0.16412
19.863,75.258,0.17716
19.863,75.254,0.14302
19.863,75.255,0.21782
19.863,75.256,0.18852
19.863,75.256,0.21453
19.863,75.257,0.19343
19.863,75.257,0.092614
19.863,75.258,0.20808
19.863,75.258,0.17878
19.864,75.254,0.18691
19.864,75.255,0.17394
19.864,75.257,0.2064
19.864,75.257,0.14625
19.864,75.258,0.19343
19.864,75.257,0.076349
19.865,75.255,0.20969
19.865,75.269,0.17878
19.867,73.99,0.31864
19.867,75.719,0.22105
19.867,76.542,0.04671
19.867,76.441,0.037704
19.867,73.986,0.37361
19.867,75.299,0.04382
19.867,75.843,0.17064
19.867,76.452,0.2812
19.868,73.991,0.23073
19.868,73.996,0.18677
19.868,73.836,0.20875
19.868,73.986,0.40655
19.868,73.986,0.39559
19.868,74.086,0.54943
19.868,73.984,0.32966
19.868,73.994,0.32966
19.868,73.996,0.67034
19.868,73.996,0.4505
19.869,73.996,0.51643
19.869,74.85,0.15277
19.869,75.441,0.24706
19.87,74.874,0.10236
19.871,73.922,0.16459
19.871,75.587,0.2064
19.871,75.721,0.11372
19.871,75.84,0.18039
19.871,76.657,0.11701
19.872,75.272,0.050877
19.872,75.262,0.15767
19.872,74.831,0.029437
19.872,76.103,0.20808
19.872,75.251,0.1941
19.872,75.284,0.15767
19.873,73.614,0.10659
19.873,76.505,0.094227
19.874,75.889,0.24222
19.874,73.877,0.29666
19.874,75.272,0.15277
19.875,75.276,0.038712
19.875,76.419,0.11049
19.875,74.628,0.15767
19.875,74.892,0.049264
19.875,75.66,0.10236
19.876,75.319,0.19504
19.876,74.874,0.071443
19.876,75.695,0.18368
19.877,76.336,0.063311
19.877,74.218,0.070704
19.877,75.624,0.081255
19.878,74.032,0.058875
19.879,74.609,0.22757
19.879,75.783,0.13328
19.879,75.815,0.099133
19.88,75.207,0.19181
19.882,75.825,0.01781
19.883,75.37,0.14302
19.883,75.406,0.030311
19.883,76.481,0.047046
19.884,75.719,0.1121
19.884,75.775,0.11049
19.884,73.996,0.76947
19.884,75.901,0.058472
19.886,75.718,0.20479
19.887,74.946,0.024733
19.889,75.061,0.14463
19.89,73.986,0.27468
19.89,75.748,0.53088
19.891,75.803,0.10236
19.892,75.604,0.18368
19.893,75.485,0.079575
19.894,74.766,0.19343
19.894,75.595,0.19504
19.894,76.509,0.18207
19.895,76.042,0.20156
19.895,76.076,0.59137
19.896,74.737,0.048928
19.897,76.036,0.19504
19.898,74.616,0.15115
19.898,75.666,0.34135
19.899,74.757,0.06452
19.899,74.757,0.038712
19.899,75.42,0.19181
19.9,75.934,0.15599
19.9,76.368,0.15438
19.901,76.467,0.18039
19.901,76.562,0.27959
19.901,76.098,0.13328
19.901,74.168,0.37361
19.902,74.76,0.36891
19.902,75.436,0.22596
19.902,73.991,0.57141
19.904,74.481,0.067679
19.904,74.772,0.24383
19.904,74.773,0.30882
19.904,76.587,0.18529
19.905,74.69,0.02144
19.906,74.775,0.33813
19.906,75.718,0.21453
19.906,73.614,0.10444
19.906,74.752,0.31212
19.906,76.621,0.086094
19.907,74.218,0.14584
19.907,74.766,0.19665
19.908,75.885,0.14954
19.908,75.876,0.60481
19.908,75.358,0.11862
19.908,75.776,0.19181
19.908,75.782,0.25533
19.909,74.038,0.11063
19.909,75.581,0.13166
19.909,74.759,0.19995
19.91,74.767,0.21782
19.91,75.792,0.65186
19.91,76.002,0.074467
19.91,74.618,0.23409
19.911,76.308,0.12837
19.911,75.334,0.22266
19.912,74.537,0.036024
19.912,74.63,0.06284
19.913,75.672,0.050339
19.913,75.367,0.22918
19.914,73.998,0.26366
19.915,74.606,0.32025
19.916,73.999,0.19773
19.916,74.774,0.43262
19.917,74.775,0.8844
19.917,75.953,0.079575
19.918,74.085,0.23073
19.918,76.596,0.074736
19.918,74.919,0.35164
19.919,74.186,0.43679
19.919,76.241,0.037301
19.92,74.228,0.058875
19.92,75.828,0.215
19.921,74.056,0.21971
19.921,75.222,0.068217
19.922,75.405,0.040594
19.922,74.935,0.060555
19.922,75.718,0.13489
19.922,75.274,0.087708
19.923,73.614,0.11298
19.923,75.868,0.19181
19.924,75.313,0.16459
19.924,76.654,0.051213
19.925,74.936,0.067007
19.925,75.718,0.20969
19.925,76.203,0.036158
19.926,74.574,0.041199
19.926,75.421,0.18207
19.926,75.553,0.028631
19.927,75.37,0.14463
19.927,75.471,0.1193
19.927,73.999,0.20875
19.928,76.325,0.1365
19.929,76.124,0.04382
19.931,75.551,0.19181
19.931,75.756,0.041199
19.931,74.883,0.066335
19.931,75.21,0.15277
19.934,75.582,0.074736
19.934,75.716,0.086094
19.934,74.003,0.26366
19.934,74.017,0.27468
19.934,74.919,0.23073
19.935,74.017,0.38457
19.935,74.392,0.10895
19.935,74.017,0.67034
19.936,74.017,0.26366
19.936,74.017,0.1318
19.936,74.017,0.74729
19.936,75.889,0.21614
19.938,74.942,0.039317
19.938,76.011,0.082868
19.94,75.929,0.11862
19.94,74.953,0.068015
19.942,74.755,0.023859
19.942,74.734,0.14463
19.942,74.22,0.073661
19.943,75.644,0.12024
19.945,74.134,0.027824
19.945,75.808,0.077962
19.945,76.378,0.086094
19.946,75.687,0.11049
19.946,75.822,0.066604
19.946,76.308,0.035419
19.946,75.269,0.11862
19.947,74.958,0.044156
19.948,75.266,0.22918
19.949,76.501,0.17878
19.949,76.508,0.15599
19.95,74.756,0.095369
19.95,74.019,0.78023
19.951,74.017,0.37361
19.951,74.017,0.91196
19.951,74.018,0.69218
19.951,76.359,0.2308
19.951,74.019,0.60441
19.951,74.017,0.21971
19.951,76.28,0.23516
19.952,75.265,0.035083
19.952,74.85,0.063311
19.952,75.872,0.068217
19.952,74.017,0.35164
19.952,74.018,0.92311
19.952,75.821,0.068217
19.953,75.269,0.10397
19.953,75.441,0.10559
19.953,75.706,0.064991
19.955,75.271,0.087708
19.955,75.204,0.1365
19.955,75.294,0.23731
19.955,75.741,0.23409
19.955,76.322,0.2601
19.955,75.397,0.030849
19.956,75.959,0.18691
19.956,75.856,0.038981
19.956,76.504,0.050339
19.957,74.622,0.25519
19.957,75.28,0.087708
19.957,74.557,0.56045
19.957,74.617,0.21944
19.957,75.224,0.066604
19.957,75.238,0.060085
19.957,75.327,0.061698
19.957,75.627,0.19995
19.957,75.717,0.037301
19.958,75.239,0.087708
19.958,75.399,0.06983
19.958,75.743,0.13811
19.958,75.838,0.18207
19.958,75.869,0.11049
19.958,76.492,0.079575
19.958,74.627,0.39505
19.959,75.475,0.051952
19.96,75.906,0.094227
19.96,75.367,0.13166
19.96,75.442,0.086094
19.961,75.21,0.094227
19.961,75.24,0.055246
19.961,75.277,0.12998
19.961,75.441,0.087708
19.963,74.841,0.17394
19.964,75.29,0.075744
19.965,75.576,0.1121
19.965,74.632,0.2113
19.966,74.682,0.15277
19.967,74.116,0.78023
19.967,75.534,0.18529
19.969,76.162,0.047113
19.969,76.504,0.061698
19.969,74.9,0.095033
19.97,75.993,0.11049
19.971,75.963,0.11372
19.971,76.39,0.028631
19.972,74.729,0.10559
19.972,73.831,0.18677
19.972,76.303,0.15767
19.973,75.403,0.051952
19.973,76.194,0.16903
19.974,75.056,0.033806
19.975,76.158,0.19995
19.975,75.709,0.15928
19.976,75.156,0.060286
19.976,75.254,0.18207
19.976,75.967,0.029169
19.979,74.89,0.043551
19.981,75.238,0.20156
19.985,75.868,0.18368
19.988,75.985,0.041535
19.989,74.789,0.20156
19.989,74.893,0.24222
19.989,75.421,0.2519
19.989,76.269,0.22428
19.989,75.204,0.20156
19.99,75.222,0.2568
19.991,74.894,0.19181
19.991,75.718,0.19665
19.992,74.789,0.18368
19.992,74.897,0.16251
19.992,75.341,0.092614
19.992,74.874,0.064991
19.992,75.261,0.053565
19.992,75.654,0.086094
19.992,74.727,0.16412
19.992,75.392,0.056388
19.992,75.539,0.16742
19.993,74.886,0.18368
19.994,74.871,0.12024
19.994,75.236,0.021036
19.994,75.405,0.034075
19.994,75.21,0.11049
19.995,73.611,0.14463
19.996,74.875,0.16903
19.996,74.897,0.11372
19.997,75.703,0.11049
19.998,74.862,0.17555
20.002,74.878,0.18852
20.003,75.401,0.13489
20.004,76.625,0.060085
20.005,75.093,0.034747
20.005,75.67,0.058472
20.006,74.876,0.20808
20.006,74.859,0.22428
20.006,75.317,0.24054
20.008,74.888,0.24867
20.008,75.068,0.068217
20.01,75.825,0.25035
20.01,76.129,0.051952
20.011,75.478,0.1365
20.015,75.394,0.22918
20.017,74.645,0.40319
20.017,74.703,0.12185
20.017,75.829,0.23241
20.017,75.961,0.182
20.018,75.824,0.27959
20.018,74.169,0.29565
20.018,74.789,0.18368
20.019,74.017,0.58243
20.019,75.325,0.17878
20.019,75.844,0.29095
20.02,75.654,0.040594
20.021,76.644,0.1365
20.022,74.994,0.19867
20.022,74.638,0.35278
20.023,74.639,0.27146
20.026,75.092,0.045433
20.026,75.39,0.053162
20.026,75.838,0.31534
20.027,74.639,0.30721
20.027,74.637,0.39176
20.027,75.61,0.30882
20.027,74.611,0.25519
20.028,74.428,0.11257
20.029,74.619,0.15928
20.03,74.638,0.36736
20.031,74.637,0.34626
20.031,74.649,0.24222
20.031,75.386,0.15767
20.032,74.791,0.18852
20.034,75.588,0.10075
20.034,75.678,0.14954
20.035,75.524,0.11217
20.036,75.842,0.28281
20.037,75.837,0.2601
20.038,75.92,0.24545
20.039,75.994,0.034814
20.041,76.31,0.29263
20.042,75.148,0.049936
20.043,75.608,0.23019
20.044,75.853,0.29908
20.048,75.477,0.30775
20.049,76.093,0.61153
20.05,75.603,0.3056
20.053,75.39,0.093151
20.054,74.635,0.22266
20.054,74.642,0.30721
20.057,76.647,0.11862
20.059,74.518,0.091337
20.059,74.601,0.29747
20.06,75.221,0.20808
20.061,74.614,0.27468
20.061,74.636,0.24222
20.061,75.623,0.055918
20.063,74.508,0.033537
20.066,74.757,0.06647
20.068,74.506,0.033537
20.068,75.25,0.33
20.069,74.658,0.021305
20.07,74.762,0.13811
20.072,74.019,0.098864
20.072,75.239,0.056052
20.072,75.165,0.15599
20.074,75.265,0.033134
20.076,74.806,0.26171
20.077,75.011,0.13979
20.079,74.646,0.504
20.08,74.646,0.23893
20.08,75.149,0.067881
20.08,74.118,0.47248
20.08,74.121,0.21971
20.08,75.599,0.061899
20.081,74.614,0.32025
20.081,75.239,0.18529
20.081,76.518,0.20969
20.082,74.68,0.036293
20.082,75.706,0.053565
20.084,75.518,0.15115
20.085,74.807,0.31514
20.086,76.172,0.051952
20.086,75.216,0.24706
20.087,75.194,0.073123
20.087,75.795,0.061698
20.087,75.976,0.11862
20.087,75.767,0.030916
20.088,74.807,0.19343
20.088,75.421,0.2568
20.089,74.452,0.06862
20.09,74.645,0.0496
20.091,75.472,0.14302
20.091,75.587,0.20317
20.091,75.704,0.13166
20.092,75.323,0.19013
20.092,73.894,0.60441
20.093,73.894,0.95605
20.093,73.993,0.14282
20.093,74.01,0.076887
20.093,74.077,0.17716
20.094,75.693,0.20156
20.095,75.598,0.11701
20.096,74.791,0.19827
20.096,75.692,0.15277
20.098,75.163,0.051885
20.098,76.559,0.13489
20.099,74.566,0.054977
20.099,74.789,0.19504
20.1,76.662,0.079575
20.1,76.499,0.17716
20.101,74.791,0.18207
20.101,75.848,0.1441
20.103,73.913,0.32966
20.103,75.434,0.15115
20.103,75.434,0.1154
20.105,75.238,0.051952
20.105,74.991,0.055851
20.106,75.014,0.21782
20.108,75.222,0.1365
20.108,75.399,0.029169
20.108,75.541,0.09752
20.108,74.79,0.35762
20.108,76.159,0.13328
20.109,74.753,0.10048
20.109,75.248,0.099133
20.11,75.608,0.14625
20.111,75.461,0.061698
20.111,75.509,0.3185
20.111,75.434,0.87466
20.111,75.434,0.16903
20.112,75.278,0.092614
20.114,74.579,0.052221
20.115,74.81,0.24054
20.117,75.948,0.070099
20.119,75.489,0.038981
20.124,75.645,0.19013
20.125,75.273,0.13166
20.127,75.957,0.15599
20.128,76.654,0.19665
20.129,74.871,0.18812
20.129,75.463,0.053565
20.13,74.855,0.44351
20.133,75.808,0.054439
20.138,74.586,0.083944
20.14,75.093,0.42873
20.142,75.489,0.18529
20.149,74.639,0.048323
20.152,75.253,0.2568
20.154,74.742,0.1121
20.156,74.806,0.063176
20.157,75.422,0.13811
20.164,76.675,0.035755
20.165,76.136,0.030042
20.166,74.901,0.067209
20.166,76.007,0.13328
20.167,75.686,0.2308
20.168,75.223,0.067142
20.172,74.45,0.048995
20.174,75.216,0.17226
20.174,75.368,0.068217
20.174,75.373,0.053565
20.174,75.608,0.11049
20.177,75.569,0.10727
20.179,73.835,0.18677
20.187,74.057,0.78023
20.187,74.238,0.14954
20.188,74.427,0.17468
20.189,75.534,0.11049
20.189,75.258,0.12837
20.189,76.486,0.054103
20.193,74.031,0.74595
20.195,74.076,0.36259
20.199,75.258,0.077962
20.2,73.887,0.25271
20.201,74.031,0.087842
20.202,74.084,0.47248
20.202,75.956,0.080583
20.204,73.897,0.27468
20.205,73.897,0.46152
20.208,74.214,0.060421
20.208,73.993,0.21971
20.208,74.021,0.1318
20.208,74.039,0.21971
20.208,74.04,0.43955
20.209,74.039,0.2857
20.209,74.024,0.12084
20.21,74.056,0.78023
20.21,76.191,0.5251
20.211,74.021,0.12084
20.212,74.102,0.02191
20.216,73.887,0.30768
20.216,75.401,0.1365
20.217,73.853,0.15377
20.217,73.89,0.14282
20.217,74.067,0.4835
20.217,73.852,0.1648
20.217,75.16,0.18368
20.217,75.969,0.16903
20.218,74.024,0.25271
20.218,75.222,0.12837
20.218,74.047,0.40655
20.218,74.048,0.61536
20.218,74.049,0.19773
20.218,74.05,0.47248
20.218,74.051,0.39559
20.218,74.072,0.1648
20.219,74.034,0.43955
20.219,74.052,0.53841
20.219,74.095,0.18677
20.219,74.097,0.36259
20.22,73.854,0.12084
20.22,73.869,0.57141
20.22,73.966,0.46152
20.22,74.039,0.12084
20.22,74.096,0.21971
20.22,74.102,0.85685
20.22,74.106,0.25271
20.221,74.092,0.56039
20.222,74.059,0.42335
20.223,74,0.054842
20.223,74.006,0.26366
20.223,74.062,0.1648
20.223,74.094,0.67034
20.223,74.108,0.27468
20.223,74.111,0.41757
20.223,74.012,0.2857
20.223,74.066,0.31864
20.223,75.35,0.076349
20.223,74.012,0.23073
20.223,74.054,0.10982
20.224,74.05,0.087842
20.224,73.869,0.34061
20.225,74.062,0.24168
20.225,74.086,0.1648
20.225,74.089,0.054842
20.225,74.091,0.12084
20.226,74.004,0.35164
20.226,74.089,0.10982
20.226,74.055,0.02191
20.226,73.986,0.15377
20.226,74.012,0.42335
20.226,74.013,0.087842
20.226,74.026,0.47248
20.226,74.094,0.17575
20.226,74.106,0.69218
20.226,74.106,0.32966
20.226,74.106,0.12084
20.228,73.898,0.10982
20.228,73.899,0.043887
20.229,74.153,0.21971
20.229,74,0.20828
20.229,74.047,0.18677
20.23,74.087,0.4835
20.231,75.077,0.09584
20.233,74.175,0.14282
20.233,73.89,0.10982
20.234,74.056,0.19773
20.234,74.115,0.043887
20.234,73.856,0.1648
20.234,73.858,0.47248
20.234,73.858,0.10982
20.234,73.97,0.17575
20.234,74.003,0.25271
20.234,74.071,0.23066
20.234,74.093,0.065865
20.234,74.098,0.1648
20.234,73.856,0.51643
20.234,73.858,0.41757
20.234,73.858,0.098864
20.234,74.062,0.29666
20.234,74.078,0.18677
20.235,74.055,0.1648
20.235,74.079,0.31864
20.235,74.081,0.18677
20.235,74.084,0.34061
20.236,73.858,0.14282
20.236,73.889,0.098864
20.236,73.93,0.14282
20.236,73.948,0.38457
20.236,74.062,0.19773
20.236,74.077,0.14282
20.236,74.091,0.14275
20.236,74.094,0.75805
20.236,73.858,0.23073
20.236,73.858,0.24168
20.236,74.086,0.24168
20.236,74.07,0.40655
20.237,74.068,0.35164
20.237,74.092,0.85348
20.237,74.075,0.19773
20.237,74.084,0.57141
20.237,74.047,0.10982
20.238,74.021,0.43679
20.238,74.084,0.67874
20.238,74.084,0.6653
20.238,74.085,0.32966
20.238,74.09,0.47712
20.238,74.005,0.28564
20.238,74.084,0.1318
20.238,74.084,0.065865
20.239,74.097,0.52745
20.239,75.236,0.029169
20.239,73.593,0.1648
20.239,73.896,0.57141
20.239,74.055,0.10982
20.239,74.858,0.11049
20.239,75.376,0.13166
20.24,74.034,0.14282
20.24,74.065,0.26366
20.24,74.076,0.23073
20.24,73.897,0.039384
20.24,74.04,0.32085
20.24,74.047,0.30768
20.24,74.071,0.25271
20.24,75.824,0.28557
20.241,73.97,0.32926
20.241,74.021,0.12084
20.241,74.076,0.26366
20.241,74.09,0.2857
20.241,74.079,0.10982
20.241,74.088,0.49446
20.242,74.091,0.11083
20.242,74.066,0.12084
20.242,74.113,0.17575
20.243,74.065,0.31581
20.243,74.077,0.20875
20.243,73.908,0.21971
20.243,74.01,0.42852
20.243,74.095,0.14275
20.244,74.065,0.73654
20.244,74.071,0.69218
20.244,74.074,0.15377
20.244,74.062,0.4175
20.244,74.093,0.62632
20.246,73.899,0.67034
20.246,74.078,0.18677
20.246,74.073,0.32966
20.247,73.858,0.49446
20.247,73.969,0.68143
20.247,73.97,0.18677
20.247,73.998,0.065865
20.247,73.97,0.67874
20.247,74.08,0.27468
20.248,73.97,0.30237
20.248,74.056,0.36259
20.248,74.077,0.054842
20.248,74.208,0.046979
20.248,74.09,0.84004
20.249,74.086,0.41757
20.249,74.874,0.10075
20.249,74.085,0.19773
20.249,74.096,0.39552
20.25,74.087,0.12084
20.25,74.096,0.35614
20.25,73.97,0.27468
20.25,73.873,0.05491
20.25,74.058,0.24168
20.25,74.062,0.1648
20.25,74.066,0.36259
20.25,74.069,0.29666
20.25,74.07,0.25271
20.25,74.072,0.1648
20.25,74.073,0.61536
20.25,75.986,0.26823
20.25,76.486,0.26823
20.251,73.97,0.83534
20.251,73.972,0.21971
20.251,74.103,0.20875
20.251,74.07,0.1318
20.253,74.103,0.065865
20.253,74.714,0.17394
20.253,75.437,0.063311
20.253,73.897,0.24168
20.253,74.068,0.53841
20.253,74.075,0.29666
20.254,73.969,0.23066
20.254,73.97,0.30768
20.254,73.97,0.30237
20.254,74.001,0.2857
20.254,74.02,0.68143
20.254,76.35,0.19665
20.254,74.045,0.35164
20.254,74.065,0.054842
20.254,73.953,0.17575
20.254,74.064,0.18677
20.254,74.003,0.85685
20.254,74.065,0.1318
20.254,74.093,0.42852
20.255,74.054,0.2857
20.255,74.055,0.27468
20.255,74.072,0.30768
20.255,74.074,0.065865
20.255,73.899,0.21971
20.255,74.076,0.60441
20.255,74.056,0.19773
20.256,74.067,0.35157
20.256,74.451,0.3427
20.256,74.451,0.12763
20.256,73.97,0.39559
20.256,74.052,0.032865
20.256,74.061,0.83534
20.257,74.035,0.12077
20.257,74.044,0.27468
20.257,74.061,0.18677
20.257,74.06,0.098864
20.257,74.064,0.065865
20.257,74.072,0.07682
20.257,74.069,0.17575
20.257,74.071,0.098864
20.258,74.052,0.49446
20.258,74.069,0.37361
20.258,74.071,0.35143
20.258,74.074,0.85348
20.258,74.077,0.087842
20.258,74.078,0.10982
20.258,76.263,0.032865
20.258,73.896,0.80241
20.258,75.483,0.18207
20.259,74.056,0.81316
20.259,73.887,0.23073
20.259,73.999,0.37355
20.259,74.051,0.15377
20.259,74.076,0.087842
20.259,74.1,0.69218
20.26,74.07,0.19773
20.26,73.906,0.19773
20.261,74.044,0.18677
20.261,73.89,0.29666
20.262,74.063,0.29666
20.262,74.069,0.14282
20.262,74.084,0.21971
20.262,75.926,0.036091
20.262,74.071,0.83332
20.262,74.067,0.25271
20.265,74.059,0.40655
20.265,74.062,0.59339
20.265,74.067,0.74595
20.265,74.076,0.35164
20.265,75.675,0.2064
20.267,74.056,0.43955
20.268,75.373,0.038511
20.268,75.578,0.041199
20.27,74.576,0.793
20.271,73.887,0.41757
20.271,74.044,0.24168
20.271,73.887,0.30768
20.272,76.276,0.10727
20.273,76.489,0.22428
20.273,74.03,0.25271
20.273,74.055,0.53841
20.273,74.058,0.14282
20.273,74.069,0.74595
20.273,74.069,0.23066
20.273,75.506,0.053565
20.275,74.066,0.78023
20.275,75.641,0.030849
20.276,75.434,0.066604
20.276,74.074,0.57141
20.276,74.64,0.36736
20.276,74.087,0.53841
20.281,75.826,0.27549
20.282,75.771,0.086094
20.284,76.331,0.33598
20.289,76.434,0.12837
20.294,75.439,0.10236
20.294,76.333,0.17468
20.296,75.119,0.094092
20.3,75.657,0.045433
20.301,76.096,0.24867
20.301,74.027,0.10982
20.301,74.576,0.18677
20.302,74.043,0.51643
20.303,74.568,0.02191
20.304,75.405,0.10397
20.304,75.503,0.19504
20.305,74.571,0.10982
20.307,75.422,0.10236
20.308,75.288,0.099133
20.308,76.027,0.06983
20.308,75.727,0.22918
20.309,75.539,0.06983
20.309,76.301,0.1365
20.309,75.237,0.24383
20.31,75.15,0.055044
20.312,74.719,0.1365
20.313,75.839,0.14463
20.314,75.49,0.047113
20.315,75.441,0.16412
20.317,75.216,0.14141
20.317,75.992,0.060085
20.317,74.072,0.29666
20.318,75.403,0.021036
20.319,75.26,0.045433
20.319,74.76,0.70361
20.32,75.549,0.094227
20.322,75.383,0.14463
20.323,75.61,0.14463
20.323,74.01,0.36259
20.323,73.978,0.29666
20.324,75.486,0.12837
20.324,75.172,0.14302
20.324,75.073,0.23046
20.324,75.324,0.066604
20.325,75.222,0.071443
20.325,75.225,0.037301
20.325,75.255,0.10888
20.325,75.366,0.21944
20.325,75.399,0.10075
20.325,75.441,0.13328
20.325,75.475,0.12514
20.325,75.975,0.19827
20.325,76.141,0.16742
20.326,74.895,0.029639
20.326,75.351,0.037301
20.326,75.639,0.055246
20.326,75.913,0.099133
20.326,75.962,0.055111
20.326,75.422,0.045433
20.326,75.503,0.092614
20.326,76.326,0.14463
20.327,75.26,0.063311
20.327,75.274,0.060085
20.328,75.956,0.087304
20.33,75.856,0.040594
20.335,73.969,0.18664
20.335,73.97,0.25271
20.337,75.929,0.063311
20.339,75.349,0.13979
20.34,76.221,0.14625
20.34,75.491,0.17064
20.343,75.591,0.10727
20.343,76.478,0.048323
20.346,74.257,0.42852
20.346,74.258,0.26366
20.35,73.998,0.19773
20.35,74.03,0.49446
20.35,75.998,0.65932
20.351,73.99,0.71436
20.351,73.993,0.67874
20.351,74.058,0.91209
20.351,74.095,0.70361
20.351,73.973,0.26366
20.351,73.99,0.28564
20.351,74.057,0.17575
20.351,74.06,0.49446
20.351,74.091,0.57141
20.351,74.109,0.22844
20.351,74.028,0.40655
20.351,74.047,0.076887
20.353,74.085,0.86693
20.354,74.054,0.61536
20.354,75.967,0.15438
20.354,73.832,0.065865
20.354,74.102,0.18677
20.354,74.663,0.53088
20.354,76.409,0.04792
20.355,74.026,0.12077
20.355,73.832,0.1648
20.356,73.832,0.42852
20.356,74.031,0.18677
20.356,74.054,0.91196
20.356,73.832,0.18677
20.356,74.061,0.76947
20.357,73.832,0.29666
20.357,75.435,0.13166
20.357,73.832,0.1648
20.357,74.094,0.50534
20.357,74.096,0.19773
20.357,74.1,0.26366
20.357,74.116,0.12084
20.358,74.263,0.67034
20.359,73.832,0.54943
20.361,73.505,0.14786
20.361,74.047,0.032865
20.361,74.07,0.14282
20.361,74.072,0.10982
20.361,74.075,0.6483
20.361,74.087,0.18677
20.361,74.07,0.065865
20.362,73.832,0.043887
20.362,73.832,0.1318
20.362,76.173,0.11701
20.362,73.832,0.26366
20.362,73.983,0.20875
20.364,73.999,0.29666
20.364,74.065,0.45023
20.364,75.022,0.30768
20.364,75.999,0.17575
20.364,74.085,0.29666
20.366,75.414,0.19343
20.367,74.056,0.27468
20.367,73.846,0.27468
20.367,74.078,0.043887
20.367,74.051,0.29666
20.367,74.053,0.19773
20.368,74.084,0.60441
20.368,73.99,0.087842
20.368,74.25,0.42852
20.368,74.251,0.25271
20.368,74.038,0.69218
20.368,74.251,0.2857
20.369,74.038,0.77956
20.369,74.251,0.59339
20.369,74.251,0.20875
20.37,74.049,0.27468
20.37,73.81,0.15377
20.37,74.127,0.18677
20.37,73.81,0.18677
20.371,74.026,0.52745
20.371,76.284,0.12676
20.371,74.127,0.10982
20.371,74.022,0.47248
20.371,74.036,0.076887
20.371,74.038,0.20875
20.371,74.056,0.58243
20.371,74.389,0.15377
20.372,74.049,0.076887
20.372,75.894,0.12676
20.372,75.405,0.14302
20.372,74.04,0.1648
20.373,75.27,0.06983
20.373,75.926,0.10397
20.374,73.832,0.1318
20.374,73.834,0.17575
20.374,74.07,0.18677
20.375,74.002,0.20875
20.375,74.019,0.27468
20.375,74.056,0.087842
20.375,74.127,0.29666
20.375,73.996,0.40655
20.375,74.058,0.47248
20.375,75.996,0.68143
20.376,74.045,0.19773
20.376,73.807,0.46152
20.376,73.808,0.35164
20.376,73.833,0.043887
20.376,73.982,0.14282
20.376,73.996,0.29666
20.377,74.051,0.23073
20.377,74.067,0.065865
20.378,74.257,0.29666
20.378,74.257,0.37361
20.378,74.257,0.21971
20.378,74.022,0.37361
20.378,74.042,0.087842
20.378,74.056,0.25271
20.378,74.092,0.62639
20.378,74.256,0.42852
20.378,74.257,0.098864
20.378,74.257,0.65932
20.379,74.256,0.20875
20.379,74.257,0.21971
20.379,74.257,0.2857
20.379,74.257,0.18677
20.379,74.256,0.087842
20.379,74.257,0.12084
20.379,74.257,0.81316
20.379,74.257,0.43955
20.379,73.832,0.076887
20.379,74.078,0.76947
20.379,74.19,0.17575
20.379,74.224,0.23073
20.379,74.246,0.21971
20.379,74.256,0.10982
20.379,74.257,0.24168
20.379,74.257,0.087842
20.379,74.257,0.36259
20.379,74.257,0.50548
20.379,74.258,0.46152
20.379,74.257,0.2857
20.379,74.257,0.27468
20.379,74.257,0.23073
20.379,74.258,0.14282
20.38,74.257,0.31864
20.381,74.261,0.38457
20.382,74.255,0.25271
20.382,74.598,0.04093
20.382,75.401,0.13811
20.382,74.25,0.42852
20.383,74.079,0.42852
20.383,75.933,0.089388
20.384,74.015,0.27468
20.384,74.093,0.64836
20.384,74.251,0.73654
20.384,73.985,0.74595
20.384,73.988,0.19773
20.384,73.988,0.73654
20.384,73.99,0.32973
20.384,74.026,0.37355
20.384,74.067,0.18677
20.385,73.847,0.18677
20.385,73.988,0.12084
20.385,73.99,0.67874
20.385,74.071,0.065865
20.385,74.255,0.71436
20.385,73.996,0.18677
20.385,73.999,0.24168
20.385,74.097,0.52745
20.385,74.026,0.35164
20.385,74.029,0.38302
20.385,74.031,0.054842
20.385,74.047,0.40655
20.385,74.251,0.67034
20.385,74.251,0.71436
20.385,74.258,0.89045
20.385,74.263,0.31864
20.386,73.99,0.12084
20.386,74.026,0.34061
20.386,74.251,0.1648
20.386,74.251,0.24168
20.386,74.262,0.19773
20.386,75.832,0.076887
20.386,74.056,0.42852
20.386,74.251,0.37361
20.386,74.26,0.30768
20.386,73.722,0.26366
20.386,73.846,0.032932
20.386,74.224,0.29666
20.386,74.225,0.40655
20.386,74.263,0.42852
20.387,73.832,0.26373
20.387,74.049,0.40655
20.387,74.05,0.032865
20.387,74.224,0.19773
20.387,74.229,0.25271
20.387,73.72,0.29666
20.387,73.832,0.36259
20.387,74.263,0.05491
20.387,73.832,0.21971
20.387,74.229,0.61536
20.387,74.261,0.20875
20.387,74.263,0.15377
20.387,74.263,0.31864
20.387,74.263,0.30768
20.387,73.718,0.31864
20.387,73.721,0.29666
20.387,73.721,0.18677
20.387,73.721,0.87902
20.387,73.722,0.23073
20.387,73.832,0.26366
20.387,74.263,0.14282
20.387,74.263,0.087842
20.388,73.721,0.087842
20.388,74.076,0.62497
20.388,74.263,0.065865
20.388,74.265,0.46152
20.388,75.638,0.14463
20.388,73.722,0.26366
20.388,73.728,0.20875
20.388,74.263,0.64836
20.388,76.594,0.11694
20.388,74.045,0.15377
20.388,74.076,0.42852
20.388,74.263,0.31864
20.389,73.722,0.27468
20.389,74.07,0.10962
20.389,75.643,0.14954
20.389,73.724,0.50548
20.389,73.723,0.27468
20.389,73.723,0.19773
20.389,73.724,0.4505
20.389,73.832,0.21971
20.389,74.062,0.19773
20.389,73.724,0.49446
20.389,73.847,0.35164
20.39,73.724,0.32966
20.39,73.832,0.49446
20.39,73.719,0.34061
20.39,73.724,0.37361
20.39,73.832,0.76947
20.391,73.719,0.17575
20.391,73.725,0.57141
20.391,74.044,0.10982
20.391,74.055,0.065865
20.391,73.724,0.32966
20.391,74.052,0.35164
20.391,74.068,0.20875
20.391,73.72,0.032932
20.392,73.709,0.14282
20.392,73.725,0.39559
20.392,73.842,0.21971
20.392,73.846,0.1648
20.392,73.847,0.80241
20.392,74.067,0.40655
20.393,74.039,0.47248
20.393,74.256,0.29666
20.393,73.726,0.43955
20.393,73.847,0.23073
20.393,73.849,0.12084
20.394,73.728,0.23073
20.394,73.384,0.05491
20.395,74.257,0.30768
20.396,74.258,0.35164
20.396,74.257,0.14282
20.396,74.258,0.24168
20.396,74.257,0.31864
20.396,74.258,0.47248
20.396,73.849,0.043887
20.397,74.101,0.4835
20.397,73.849,0.087842
20.398,73.849,0.1648
20.398,76.009,0.046374
20.399,73.849,0.21971
20.399,75.538,0.11862
20.399,73.849,0.02191
20.4,73.849,0.20875
20.4,74.275,0.24168
20.4,74.322,0.1318
20.4,74.32,0.21971
20.4,74.328,0.1648
20.4,73.849,0.26366
20.4,74.263,0.46152
20.4,74.275,0.52745
20.401,74.103,0.73654
20.401,74.275,0.97782
20.401,73.988,0.71436
20.401,73.99,0.4505
20.401,74.024,0.21971
20.401,74.275,0.18677
20.401,74.33,0.34061
20.401,74.024,0.25271
20.401,73.849,0.37361
20.401,73.849,0.26366
20.402,74.038,0.62497
20.402,74.024,0.36259
20.402,74.039,0.73251
20.403,73.85,0.27468
20.404,73.833,0.49446
20.404,74.207,0.30768
20.405,74.318,0.12084
20.406,73.849,0.49446
20.406,73.849,0.2857
20.408,74.315,0.1318
20.408,73.848,0.29666
20.408,73.916,0.15377
20.408,75.434,0.1609
20.409,73.853,0.043887
20.409,74.26,0.15377
20.409,74.353,0.37361
20.411,74.712,0.21621
20.411,75.434,0.21621
20.411,74.302,0.53841
20.412,74.371,0.1318
20.412,76.376,0.057665
20.412,74.336,0.25271
20.413,74.376,0.087842
20.413,74.027,0.18677
20.413,74.043,0.1318
20.413,74.235,0.20875
20.413,74.353,0.20875
20.413,74.377,0.57141
20.414,75.487,0.14954
20.417,74.076,0.29666
20.417,74.112,0.1648
20.417,74.116,0.087842
20.417,73.969,0.32966
20.417,73.989,0.50548
20.417,74.04,0.20875
20.417,74.051,0.16493
20.418,74.037,0.74595
20.418,74.095,0.19773
20.418,74.03,0.78628
20.418,73.995,0.64836
20.418,74.095,0.35164
20.418,74.856,0.11049
20.418,76.442,0.19827
20.419,73.929,0.78023
20.419,74.04,0.62639
20.419,74.086,0.25271
20.419,74.116,0.70361
20.419,74.116,0.35164
20.421,74.235,0.19773
20.421,76.324,0.021843
20.421,74.075,0.40319
20.421,74.218,0.67034
20.421,74.235,0.73654
20.421,74.268,0.17575
20.421,74.269,0.93414
20.421,74.235,0.2857
20.421,74.04,0.49446
20.421,75.226,0.11862
20.421,75.227,0.18691
20.422,74.233,0.2857
20.422,74.231,0.69218
20.423,74.234,0.42852
20.424,76.212,0.2064
20.428,74.414,0.62639
20.428,74.414,0.72512
20.429,74.414,0.70361
20.429,74.257,0.10982
20.431,76.294,0.26655
20.432,76.595,0.051952
20.433,76.35,0.033806
20.433,74.067,0.32966
20.434,74.01,0.40655
20.434,73.851,0.21971
20.434,76.501,0.11701
20.435,73.969,0.70361
20.435,73.97,0.69218
20.435,73.995,0.69218
20.435,74,0.076887
20.435,75.167,0.1609
20.435,76.536,0.15767
20.435,73.97,0.74595
20.435,73.995,0.32926
20.436,73.854,0.043887
20.436,76.527,0.099133
20.436,74.242,0.58243
20.437,74.235,0.23073
20.438,76.388,0.27307
20.441,74.453,0.040594
20.441,76.31,0.29424
20.441,76.32,0.28281
20.442,75.42,0.19504
20.442,76.317,0.30076
20.443,76.29,0.27798
20.444,75.632,0.06983
20.444,76.339,0.29585
20.444,73.854,0.05491
20.446,76.42,0.52416
20.447,76.551,0.1121
20.449,76.551,0.12024
20.449,76.31,0.27636
20.45,74.109,0.1318
20.45,74.01,0.53014
20.45,74.011,0.55777
20.45,74.032,0.14282
20.45,74.041,0.64836
20.45,74.059,0.30237
20.45,74.059,0.25271
20.451,73.902,0.010955
20.451,74.021,0.35164
20.451,74.022,0.1318
20.451,74.031,0.32784
20.451,74.034,0.18677
20.451,74.042,0.40655
20.451,74.087,0.35164
20.451,74.09,0.7692
20.451,74.092,0.065797
20.451,74.059,0.23073
20.451,76.218,0.2601
20.451,74.007,0.21971
20.451,74.011,0.39559
20.451,75.668,0.053565
20.452,74.579,0.25271
20.452,73.852,0.043887
20.452,74.755,0.30768
20.452,75.59,0.13979
20.452,76.023,0.14302
20.453,74.262,0.70361
20.454,73.72,0.10982
20.454,74.87,0.12084
20.454,76.354,0.27146
20.454,76.553,0.15115
20.455,74.559,0.02191
20.456,73.897,0.2857
20.456,76.336,0.27468
20.457,74.563,0.18677
20.458,73.72,0.31864
20.461,76.263,0.06983
20.461,74.019,0.25533
20.461,74.755,0.12084
20.462,76.323,0.13166
20.463,75.444,0.10888
20.463,75.494,0.17555
20.466,74.593,0.12084
20.467,74.013,0.49446
20.468,75.396,0.11049
20.468,73.836,0.10982
20.468,73.851,0.2857
20.468,75.974,0.2113
20.469,73.99,0.65858
20.469,74.765,0.37361
20.469,73.832,0.1318
20.47,73.586,0.087842
20.47,74.564,0.69218
20.47,75.351,0.11049
20.471,73.832,0.38457
20.471,74.787,0.46152
20.471,75.961,0.15599
20.471,75.186,0.028026
20.471,74.744,0.30768
20.472,74.76,0.23073
20.472,74.759,0.18677
20.474,74.578,0.087842
20.474,75.486,0.14954
20.474,74.564,0.6813
20.474,74.58,0.27468
20.475,75.639,0.11049
20.475,75.643,0.086094
20.476,75.627,0.068217
20.476,75.275,0.13328
20.477,74.569,0.64836
20.477,74.582,0.43955
20.477,74.614,0.51643
20.477,74.768,0.60441
20.477,75.638,0.071443
20.477,73.561,0.38457
20.477,74.718,0.29666
20.477,74.759,0.59339
20.477,74.629,0.52745
20.478,74.748,0.05491
20.479,74.352,0.52745
20.479,74.352,0.087842
20.481,73.832,0.80241
20.481,73.853,0.18677
20.482,74.765,0.05491
20.483,75.488,0.16251
20.483,75.121,0.21971
20.483,73.833,0.10982
20.483,73.85,0.52745
20.483,76.083,0.055447
20.484,73.851,0.15377
20.484,74.001,0.27468
20.484,74.028,0.23073
20.484,74.081,0.12084
20.484,74.611,0.68143
20.484,73.99,0.34061
20.484,74.001,0.70361
20.484,74.012,0.15377
20.484,74.049,0.69218
20.484,75.89,0.033537
20.484,74.774,0.19773
20.484,74.025,0.065865
20.484,74.755,0.24168
20.485,73.832,0.076887
20.485,73.856,0.21971
20.485,74.073,0.59339
20.485,74.092,0.58243
20.485,73.832,0.27468
20.486,74.566,0.043887
20.486,74.573,0.83534
20.486,74.76,0.18677
20.486,74.777,0.18294
20.486,74.771,0.098864
20.487,74.746,0.12084
20.487,74.759,0.076887
20.488,74.758,0.087842
20.488,74.625,0.34061
20.489,74.759,0.17575
20.489,74.57,0.16486
20.489,74.611,0.35164
20.491,76.311,0.058472
20.491,74.783,0.31864
20.492,73.853,0.14282
20.492,74.746,0.065865
20.492,74.753,0.065865
20.492,75.305,0.12084
20.493,74.597,0.41757
20.493,74.768,0.46152
20.493,74.739,0.05491
20.494,75.459,0.043551
20.494,74.746,0.14282
20.495,74.57,0.05491
20.495,74.781,0.32966
20.496,74.931,0.23073
20.498,76.303,0.092614
20.498,75.626,0.099133
20.5,74.494,0.029639
20.5,75.161,0.11701
20.501,74.77,0.23073
20.501,74.746,0.17575
20.501,75.69,0.053565
20.502,74.749,0.23073
20.502,74.747,0.21971
20.503,74.764,0.41757
20.503,75.631,0.13979
20.503,74.758,0.69218
20.503,74.759,0.42852
20.503,75.431,0.14786
20.503,76.177,0.23893
20.503,74.767,0.098864
20.504,74.748,0.14282
20.504,73.722,0.35164
20.504,74.765,0.10982
20.504,75.441,0.092614
20.505,73.839,0.31864
20.505,73.722,0.30768
20.506,74.751,0.18677
20.506,74.767,0.21971
20.506,75.636,0.12185
20.508,75.537,0.11701
20.508,74.264,0.36259
20.508,73.725,0.36259
20.508,74.762,0.29666
20.509,74.758,0.032932
20.509,75.684,0.21621
20.509,76.59,0.13328
20.511,74.761,0.2857
20.512,74.433,0.19773
20.517,73.863,0.42852
20.517,75.586,0.079575
20.517,75.717,0.045433
20.517,73.863,0.56045
20.517,75.654,0.038981
20.517,73.863,0.087842
20.517,73.863,0.42852
20.517,73.869,0.31864
20.517,73.88,0.10982
20.517,73.903,0.31864
20.517,73.863,0.39559
20.517,73.869,0.043887
20.517,73.88,0.47248
20.518,73.879,0.35164
20.518,73.88,0.35164
20.518,73.88,0.010955
20.518,73.902,0.54943
20.519,74.439,0.74729
20.519,74.439,0.21971
20.52,74.439,0.74729
20.52,74.439,0.50548
20.523,75.507,0.12091
20.524,76.233,0.042207
20.526,73.882,0.1318
20.526,74.017,0.25271
20.527,74.345,0.25271
20.529,74.009,0.34061
20.529,74.684,0.1814
20.53,74.027,0.31864
20.531,73.972,0.46152
20.531,74.03,0.02191
20.532,73.888,0.31864
20.532,75.384,0.069696
20.532,73.997,0.49446
20.532,73.883,0.24168
20.532,74.031,0.10982
20.533,74.744,0.1318
20.533,73.862,0.098864
20.534,73.878,0.098864
20.534,73.862,0.50548
20.534,73.878,0.39559
20.536,74.467,0.065865
20.536,75.272,0.11049
20.537,75.803,0.12185
20.537,74.026,0.098864
20.538,74.026,0.18677
20.538,76.469,0.06284
20.539,73.932,0.80241
20.539,74.444,0.42852
20.54,74.444,0.46152
20.54,74.433,0.098864
20.54,74.529,0.20875
20.541,74.444,0.38457
20.541,74.504,0.098864
20.541,74.529,0.37361
20.541,74.529,0.10982
20.541,74.529,0.1318
20.542,76.246,0.059009
20.543,75.564,0.11862
20.544,73.999,0.20875
20.544,74.362,0.23073
20.545,74.431,0.43955
20.545,74.44,0.20875
20.545,74.44,0.36259
20.545,74.499,0.57141
20.545,74.5,0.78023
20.545,74.442,0.23073
20.546,74.433,0.12084
20.547,74.433,0.46152
20.548,73.966,0.19773
20.548,73.969,0.36259
20.55,75.336,0.10075
20.551,74.529,0.57141
20.551,73.968,0.1318
20.551,74.529,0.38457
20.551,75.334,0.28611
20.551,73.778,0.02191
20.551,73.789,0.21971
20.551,73.806,0.27468
20.551,73.964,0.12084
20.552,73.707,0.1318
20.552,73.784,0.076887
20.552,73.784,0.12084
20.552,74.528,0.78023
20.552,73.806,0.15377
20.552,74.529,0.73654
20.552,73.789,0.32966
20.552,73.804,0.17575
20.552,73.807,0.19773
20.553,73.808,0.26366
20.554,73.795,0.39559
20.554,73.803,0.21971
20.554,75.144,0.070166
20.555,75.942,0.5376
20.555,76.028,0.19665
20.555,73.803,0.21971
20.555,73.809,0.35164
20.556,73.803,0.18677
20.556,73.795,0.24168
20.556,74.026,0.29666
20.557,73.795,0.17575
20.557,76.023,0.055649
20.557,74.74,0.12561
20.558,73.909,0.1318
20.558,73.909,0.10982
20.558,73.704,0.52745
20.558,73.791,0.10982
20.558,73.806,0.32966
20.558,73.909,0.10982
20.56,74.785,0.30768
20.561,74.406,0.78023
20.561,74.539,0.40655
20.561,73.83,0.14282
20.561,74.406,0.68143
20.561,74.539,0.94489
20.561,74.539,0.94489
20.566,74.453,0.041199
20.568,75.72,0.1365
20.568,73.998,0.40655
20.57,74.44,0.2857
20.57,74.44,0.21971
20.57,74.44,0.41757
20.57,75.607,0.34061
20.571,74.44,0.52745
20.571,73.829,0.27468
20.573,74.406,0.12084
20.573,74.406,0.38457
20.573,74.406,0.19773
20.573,74.545,0.89045
20.573,74.545,0.72512
20.573,74.545,0.60441
20.573,74.546,0.21971
20.573,74.406,0.50548
20.573,74.546,0.12084
20.574,73.829,0.73654
20.574,74.02,0.098864
20.574,74.007,0.10982
20.574,74.672,0.043887
20.574,73.829,0.24498
20.576,74.017,0.032865
20.576,74.025,0.076887
20.577,73.999,0.01855
20.578,74.112,0.18812
20.578,75.193,0.14786
20.579,75.374,0.12998
20.579,74.674,0.24168
20.582,74.486,0.060286
20.583,73.922,0.39559
20.583,73.976,0.15377
20.584,74.13,0.28557
20.585,74.529,0.39559
20.585,75.764,0.20317
20.585,74.528,0.57141
20.585,74.529,0.86814
20.585,74.579,0.84609
20.587,73.788,0.29666
20.587,74.636,0.40655
20.587,75.182,0.091001
20.59,73.997,0.24168
20.59,73.996,0.78023
20.59,73.997,0.59339
20.591,73.829,0.26373
20.591,73.931,0.60441
20.591,73.996,0.46152
20.591,73.997,0.065865
20.591,73.93,0.25271
20.591,73.996,0.51643
20.591,73.997,0.05491
20.591,73.996,0.73654
20.591,73.996,0.17575
20.591,73.997,0.098864
20.591,73.997,0.23073
20.591,73.835,0.21971
20.591,73.994,0.26205
20.591,73.997,0.043887
20.591,73.998,0.23066
20.591,75.505,0.12528
20.592,73.931,0.24168
20.592,73.932,0.36259
20.592,73.998,0.32966
20.592,73.998,0.31864
20.592,73.999,0.42852
20.592,75.594,0.19827
20.592,73.932,0.12084
20.592,73.998,0.076887
20.592,74.004,0.56045
20.592,73.999,0.94489
20.592,73.999,0.57141
20.593,73.932,0.14282
20.593,73.999,0.18677
20.593,73.999,0.51643
20.593,73.999,0.35164
20.593,73.999,0.38457
20.593,73.998,0.23073
20.593,73.998,0.50548
20.593,73.999,0.50548
20.593,73.999,0.15377
20.593,73.999,0.51643
20.593,73.999,0.42852
20.593,73.999,0.37361
20.593,75.909,0.054641
20.594,73.933,0.39445
20.594,73.996,0.74729
20.594,73.998,0.19773
20.594,73.999,0.39559
20.594,73.999,0.38457
20.594,74,0.38457
20.594,73.998,0.23073
20.594,73.999,0.27468
20.594,73.999,0.43955
20.594,73.933,0.15377
20.594,73.999,0.087842
20.594,75.587,0.27468
20.594,74.746,0.019289
20.596,75.148,0.041199
20.597,74.475,0.17575
20.597,75.914,0.19995
20.598,75.423,0.18691
20.598,75.595,0.19988
