,lat,long,actual,predicted
0,17.929000000000002,75.36399999999999,0.50876,0.38164224744334796
1,17.953,74.85,0.28068000000000004,0.2789248445930581
2,17.953,74.876,0.28068000000000004,0.28388368070938497
3,17.957,74.869,0.31577,0.2813603648921006
4,17.959,74.876,0.5263,0.28209771688908325
5,17.961,74.861,0.19296,0.2786699376664572
6,17.961,74.874,0.24559,0.28112731811814273
7,17.962,74.885,0.50876,0.28291369756736684
8,17.963,74.904,0.56055,0.28621500457160365
9,17.963,74.857,0.31577,0.27733384437145936
10,17.964000000000002,74.88,0.22804000000000002,0.2813762076737387
11,17.965,74.881,0.40349,0.2812698837844244
12,17.965999999999998,74.874,0.75438,0.27965772609427564
13,17.965999999999998,74.881,0.1988,0.2809752281260899
14,17.967,74.876,0.31577,0.2797409254110197
15,17.967,74.905,0.22804000000000002,0.2852032429690795
16,17.968,74.877,0.49121000000000004,0.2796360180567803
17,17.972,74.887,0.8421,0.28033875503044436
18,17.973,74.895,0.3684,0.2815419397039216
19,17.979,74.896,0.35086,0.2799683166318362
20,17.979,74.877,0.43858,0.2764434615672987
21,17.98,74.868,0.5263,0.27449242625960346
22,17.985,74.89699999999999,0.19296,0.27840787190476957
23,17.987000000000002,74.87100000000001,0.38594,0.27305521473850936
24,17.987000000000002,74.905,0.33331,0.2793023296259114
25,17.989,74.877,0.26313000000000003,0.273587143490852
26,17.989,74.905,0.33331,0.2787219557817864
27,17.99,74.89699999999999,0.28068000000000004,0.2769647833059323
28,17.99,74.869,0.26313000000000003,0.2718434507957338
29,17.991,74.908,0.59648,0.2786934645646444
30,17.991,74.55199999999999,0.31577,0.21789046210199217
31,17.991,74.89699999999999,0.17540999999999998,0.2766774883853703
32,17.991,74.586,0.35086,0.22309059606830497
33,17.991,74.873,0.35086,0.27229151072753865
34,17.993,74.866,0.24559,0.2704569056190459
35,17.993,74.878,0.35086,0.272638936123607
36,17.995,74.872,0.28068000000000004,0.2709869978051541
37,17.996,74.878,0.22804000000000002,0.2717951707062046
38,17.997,74.89399999999999,0.31577,0.27441776114436633
39,17.997,74.88,0.38594,0.27187718211209266
40,17.997,74.87899999999999,0.26313000000000003,0.2716959692460085
41,17.997,74.899,0.49121000000000004,0.2753266052491925
42,17.999000000000002,74.869,0.5263,0.26933056072004313
43,17.999000000000002,74.86399999999999,0.33331,0.26842931393820024
44,18.0,74.891,0.35086,0.27302553748390834
45,18.0,74.889,0.2105,0.27266374056090903
46,18.0,74.883,0.31577,0.27157915004511624
47,18.000999999999998,74.877,0.35086,0.27021743348181626
48,18.000999999999998,74.866,0.12278,0.26823744372149816
49,18.003,75.01899999999999,0.21946999999999997,0.29537077370868414
50,18.005,74.866,0.38594,0.2671382049961596
51,18.005,74.877,0.33331,0.2691082314836508
52,18.006,74.869,0.24559,0.26740059330851884
53,18.007,74.874,0.24559,0.2680198485997909
54,18.007,74.882,0.54384,0.2694510582487646
55,18.008,74.87100000000001,0.26313000000000003,0.26720982247748093
56,18.009,74.87899999999999,0.59648,0.26836295366882745
57,18.011,74.875,0.26313000000000003,0.2671017398103217
58,18.014,74.862,0.1704,0.2639835523635199
59,18.016,75.012,0.23013000000000003,0.29016102024818113
60,18.018,74.855,0.26313000000000003,0.2616816542541225
61,18.018,74.965,0.50876,0.28118397516303695
62,18.019000000000002,74.973,0.45611999999999997,0.2823194403113185
63,18.02,74.955,0.22804000000000002,0.27882643186008615
64,18.02,74.965,0.5263,0.28060530039184106
65,18.02,75.012,0.25628,0.2889632295486687
66,18.024,74.971,0.5789300000000001,0.28051585574285587
67,18.025,74.857,0.50876,0.2601797256021058
68,18.026,74.97399999999999,0.42103,0.28047011552460777
69,18.027,74.861,0.35086,0.26034853359225096
70,18.027,74.867,0.33331,0.26139137789842715
71,18.029,74.89699999999999,0.54384,0.26608721209785424
72,18.03,74.976,0.56139,0.27967319790329315
73,18.032,74.852,0.14032,0.25748720074859355
74,18.033,74.973,0.29822,0.2782895305551648
75,18.034000000000002,74.869,0.40349,0.2598951850044898
76,18.034000000000002,74.969,0.5263,0.2773049864853725
77,18.034000000000002,74.863,0.22804000000000002,0.258861169716048
78,18.034000000000002,74.968,0.2105,0.27712997631189107
79,18.034000000000002,74.968,0.29822,0.27712997631189107
80,18.035,74.863,0.19296,0.258600804496797
81,18.035,74.866,0.38594,0.25911692823542265
82,18.037,74.96600000000001,0.087689,0.2759336106766732
83,18.04,75.664,0.26313000000000003,0.37231129856625
84,18.04,74.863,0.43858,0.25730553081223395
85,18.042,74.869,0.40349,0.2578138093418464
86,18.043,75.543,0.45611999999999997,0.36083074181710795
87,18.045,74.96300000000001,0.29822,0.2731783232675846
88,18.046,74.893,0.2105,0.2608720888239666
89,18.051,75.574,0.2105,0.36092332929328164
90,18.053,74.891,0.22804000000000002,0.2587107654720354
91,18.053,74.9,0.5789300000000001,0.2602356152135751
92,18.054000000000002,74.89699999999999,0.45611999999999997,0.2594674966415257
93,18.055,75.586,0.5263,0.36055940916718576
94,18.055,75.071,0.26313000000000003,0.2888244742165397
95,18.058,74.788,0.6842,0.24039321781613612
96,18.059,74.445,0.036885,0.19187699379909642
97,18.06,74.461,0.09019500000000001,0.1935717423100101
98,18.06,74.453,0.14868,0.19264490529066905
99,18.061,74.895,0.40349,0.2573279509630828
100,18.062,74.459,0.01305,0.19303857210628475
101,18.062,74.444,0.13364,0.1913239724374001
102,18.064,74.892,0.31577,0.256061734392811
103,18.065,74.89699999999999,0.75438,0.2566421898082313
104,18.067,74.446,0.033627,0.1908228087619164
105,18.067999999999998,74.461,0.12111,0.19237499609205913
106,18.069000000000003,74.446,0.11275,0.19053443395687322
107,18.069000000000003,74.459,0.093537,0.1919989666125185
108,18.07,74.456,0.036058,0.19151195053666484
109,18.07,74.455,0.21550999999999998,0.19139899593325096
110,18.070999999999998,74.888,0.31577,0.2536346951578844
111,18.070999999999998,74.45100000000001,0.058464999999999996,0.19080445821096673
112,18.070999999999998,74.455,0.087689,0.19125336994958445
113,18.072,74.454,0.06692000000000001,0.19099586550389416
114,18.072,74.46,0.015122,0.19167212843836615
115,18.075,75.419,0.31577,0.33534939815103737
116,18.078,74.45,0.066828,0.18969273203920514
117,18.078,74.461,0.066059,0.19091228792833673
118,18.08,74.458,0.14951,0.19029088633618987
119,18.081,74.458,0.19964,0.19014815631645757
120,18.083,74.454,0.12278,0.18942513341334935
121,18.084,74.45100000000001,0.014244,0.18895827992225003
122,18.088,74.45,0.11192,0.18829532736627944
123,18.09,74.453,0.2105,0.18834128031943834
124,18.092,75.899,0.17540999999999998,0.3598829017236288
125,18.093,75.085,0.16288,0.2802562216227361
126,18.11,75.067,0.10607,0.2727220128152913
127,18.112000000000002,75.068,0.15035,0.2723461981762253
128,18.113,75.066,0.13782,0.27176216865076686
129,18.113,75.741,0.15035,0.35010822156334853
130,18.116,74.664,0.088524,0.20994365925898753
131,18.134,74.64,0.10525999999999999,0.20366801587130537
132,18.146,74.801,0.11192,0.22337083824039275
133,18.15,73.742,0.056359000000000006,0.17019276882038928
134,18.158,73.758,0.062625,0.16964040454787002
135,18.158,73.858,0.18168,0.16443968493004604
136,18.158,74.014,0.09813200000000001,0.16071791678345973
137,18.159000000000002,74.01100000000001,0.23389000000000001,0.16073385215795102
138,18.159000000000002,74.42,0.1231,0.1768221130167932
139,18.16,74.012,0.27149,0.16072340702687585
140,18.160999999999998,75.747,0.16873,0.33435454537125675
141,18.163,75.047,0.26313000000000003,0.25618029252336494
142,18.164,74.422,0.15686,0.17646692539966216
143,18.165,75.18,0.45611999999999997,0.27535508445207324
144,18.165,74.416,0.10732,0.1758720271171327
145,18.165,74.418,0.1257,0.17603503510631227
146,18.166,75.16,0.14032,0.27219235935995856
147,18.167,73.675,0.21927,0.1761993163552237
148,18.167,73.758,0.12528,0.1701555748316114
149,18.167,73.984,0.17332,0.1610421541340711
150,18.167,73.992,0.23389000000000001,0.16092784716216582
151,18.167,74.017,0.20883000000000002,0.16066506626439472
152,18.167,74.01899999999999,0.060537,0.1606502372841138
153,18.167,75.186,0.33331,0.27569834663490067
154,18.168,76.22,0.14282999999999998,0.3102638863688315
155,18.169,74.423,0.11262,0.17603458090825122
156,18.169,75.187,0.35086,0.2753206333007985
157,18.169,74.384,0.15716,0.17299981234807152
158,18.169,74.414,0.16238,0.17530714527470717
159,18.17,74.422,0.16572,0.17585121707162957
160,18.17,74.40100000000001,0.1231,0.1741883400033533
161,18.171,74.392,0.1755,0.17340874941163256
162,18.171,75.006,0.14926,0.24818336841050906
163,18.171,74.41199999999999,0.10472999999999999,0.1749494088387117
164,18.172,74.92399999999999,0.15716,0.23586319192533226
165,18.173,74.417,0.14667,0.17514781314301933
166,18.174,74.00399999999999,0.26313000000000003,0.1607926649874363
167,18.174,74.735,0.14376,0.20912436217806776
168,18.174,75.191,0.5263,0.27459539221582463
169,18.174,74.42,0.13355999999999998,0.17528751523631173
170,18.175,74.405,0.13882,0.17401542429511888
171,18.175,73.959,0.11484000000000001,0.16159111116447247
172,18.175,73.994,0.14199,0.16093197674622464
173,18.175,74.033,0.25478,0.16052704482434768
174,18.175,74.475,0.15425,0.1798648302232925
175,18.176,73.82600000000001,0.11902,0.16663910676189966
176,18.176,74.37100000000001,0.15716,0.1714389913517265
177,18.177,74.39,0.11,0.17270472057759248
178,18.177,74.441,0.033385000000000005,0.1766964266739697
179,18.179000000000002,74.587,0.09687899999999999,0.19054736243396078
180,18.179000000000002,75.193,0.31577,0.2735917561776937
181,18.180999999999997,75.193,0.5263,0.2730796984822208
182,18.180999999999997,74.435,0.13882,0.17579379302792322
183,18.182000000000002,74.032,0.16497,0.16050887916100778
184,18.182000000000002,74.032,0.14199,0.16050887916100778
185,18.183,74.505,0.11692999999999999,0.18171091070602222
186,18.183,74.031,0.066803,0.16051463796467938
187,18.183,74.903,0.087689,0.23053589883177375
188,18.184,74.475,0.19128,0.17886613710074253
189,18.184,74.952,0.43858,0.2373832311488521
190,18.184,74.498,0.1587,0.18094288578006892
191,18.185,74.464,0.10477,0.1778013508907206
192,18.185,74.928,0.14032,0.23370831671869344
193,18.185,74.462,0.16037,0.17763007007795065
194,18.185,74.482,0.18293,0.17937694993254452
195,18.185,74.86399999999999,0.094205,0.22461502962477134
196,18.186,74.027,0.083512,0.1605475275846945
197,18.186,75.12,0.23139,0.2613951733129828
198,18.186,74.37100000000001,0.15425,0.17058488745563363
199,18.186,75.17399999999999,0.19296,0.2691263226222409
200,18.187,74.42699999999999,0.19053,0.1745632671569928
201,18.188,74.369,0.08380399999999999,0.17028538133038865
202,18.188,74.857,0.11785,0.22305618634125648
203,18.188,74.422,0.16376,0.17407942202875684
204,18.188,75.123,0.16873,0.26134467467147016
205,18.188,75.123,0.10607,0.26134467467147016
206,18.188,74.49,0.16539,0.17976067869445847
207,18.188,74.95100000000001,0.50876,0.23639095058385187
208,18.188,74.388,0.11,0.17157963727302186
209,18.189,74.476,0.20047,0.17841091495785502
210,18.189,74.441,0.14406,0.17547724672080747
211,18.189,74.906,0.22804000000000002,0.22974583936554052
212,18.189,74.956,0.26313000000000003,0.23690023549667052
213,18.189,74.44800000000001,0.16764,0.17604512074260484
214,18.189,74.46,0.18794,0.1770406814819269
215,18.189,74.491,0.18377000000000002,0.17973925308713237
216,18.189,74.494,0.14617,0.18000993459792572
217,18.189,74.957,0.17540999999999998,0.2370443433248736
218,18.189,74.377,0.15454,0.17073691397830518
219,18.189,74.461,0.16764,0.1771248940937097
220,18.19,74.391,0.1755,0.1716157196859949
221,18.19,74.499,0.1587,0.18035170987618823
222,18.19,74.38600000000001,0.1204,0.17126723955240267
223,18.191,74.491,0.10774,0.17951729721264778
224,18.191,74.46300000000001,0.17540999999999998,0.177085162880284
225,18.191,74.456,0.13614,0.1765003366874213
226,18.191,74.973,0.2105,0.2389258623796199
227,18.192,73.692,0.13155,0.17672325313727236
228,18.192,73.7,0.2506,0.17606530376677001
229,18.192,73.959,0.19212,0.16184978502721972
230,18.192,74.403,0.13358,0.17229342650587956
231,18.192,74.495,0.10774,0.17976531505645235
232,18.192,75.17399999999999,0.17540999999999998,0.26763300591367956
233,18.192,75.186,0.43858,0.2693183302967862
234,18.192999999999998,74.972,0.31577,0.2383553872014377
235,18.192999999999998,74.972,0.29822,0.2383553872014377
236,18.192999999999998,75.19800000000001,0.5263,0.2707433681054603
237,18.192999999999998,74.408,0.12996,0.17256639209866
238,18.192999999999998,74.441,0.13358,0.17508208254905303
239,18.194000000000003,74.408,0.14140999999999998,0.17247632773922442
240,18.194000000000003,74.93,0.54384,0.23213918933745317
241,18.195,74.483,0.15954000000000002,0.17837533337687708
242,18.197,74.921,0.73683,0.230256031963493
243,18.198,74.419,0.11787,0.17292090636381266
244,18.198,75.189,0.26313000000000003,0.2682481285678675
245,18.198,74.373,0.13358,0.1697330535740267
246,18.198,74.408,0.1231,0.17211949595050638
247,18.199,74.476,0.15452,0.1773507986618246
248,18.199,75.183,0.47367,0.2671674059026541
249,18.2,75.186,0.61402,0.267338926542692
250,18.2,73.925,0.25478,0.16310017554666936
251,18.2,74.382,0.11787,0.170158709605191
252,18.2,74.442,0.11787,0.17448194419012167
253,18.201,74.441,0.16764,0.17430853940106186
254,18.202,74.929,0.24559,0.23037793443517554
255,18.202,74.896,0.1257,0.2257670401334412
256,18.202,73.94,0.11275,0.16262839911514773
257,18.203,74.476,0.16455,0.17693673698477544
258,18.203,74.381,0.16473,0.16985008664929982
259,18.203,74.971,0.47367,0.23610873351899922
260,18.203,74.986,0.12278,0.23824108536964542
261,18.204,73.608,0.22763000000000003,0.18548856755055212
262,18.204,74.93,0.29320999999999997,0.23011771738510858
263,18.204,74.932,0.5263,0.23039825512149284
264,18.204,74.391,0.10214,0.17042826328271457
265,18.204,74.404,0.10740999999999999,0.1713148147724052
266,18.205,74.486,0.16706,0.1775752185740709
267,18.206,73.984,0.26313000000000003,0.16143285656825015
268,18.206,74.189,0.91228,0.1612209944570703
269,18.206,74.57300000000001,0.1257,0.18555193883739676
270,18.207,74.419,0.099469,0.17211462286640836
271,18.207,74.579,0.15716,0.18603224939472998
272,18.207,74.921,0.26313000000000003,0.2282648335713339
273,18.207,74.434,0.15945,0.17321451221653464
274,18.208,74.918,0.26313000000000003,0.22765124454777588
275,18.208,73.667,0.02503,0.18019366570381826
276,18.208,74.663,0.16572,0.19494294175501473
277,18.209,74.384,0.16238,0.16956544256830888
278,18.209,75.419,0.47367,0.29455255953748705
279,18.209,74.925,0.26313000000000003,0.22842757649892212
280,18.209,74.921,0.087689,0.2278718183927291
281,18.209,74.929,0.12278,0.228984113087386
282,18.209,75.192,0.31577,0.2659719405848212
283,18.21,74.742,0.10472999999999999,0.20403057851534104
284,18.21,75.186,0.45611999999999997,0.2649069869254288
285,18.21,74.428,0.2252,0.17250027210150112
286,18.21,74.919,0.26313000000000003,0.2273987645924326
287,18.21,75.20100000000001,0.49121000000000004,0.26696002157019905
288,18.21,74.442,0.13598,0.17354055727142761
289,18.211,74.97399999999999,0.35086,0.2348799362235983
290,18.211,74.601,0.16756,0.18778088659960127
291,18.212,74.495,0.13355999999999998,0.17761344139878868
292,18.212,74.85300000000001,0.14668,0.21802079564287505
293,18.213,74.792,0.19646,0.20983939683901312
294,18.214000000000002,75.65899999999999,0.038498000000000004,0.3139606341388712
295,18.214000000000002,74.5,0.15163,0.1778328017731016
296,18.214000000000002,74.744,0.13882,0.20364105118396905
297,18.215,74.275,0.14406,0.1635044960804586
298,18.215,74.418,0.12044,0.17135139757216614
299,18.215,74.922,0.24559,0.22684093322680512
300,18.215,74.855,0.14639000000000002,0.21774483330300823
301,18.215999999999998,75.423,0.060119000000000006,0.29310412737660263
302,18.217,73.933,0.25478,0.16327739858040505
303,18.217,73.949,0.25478,0.16269161177386773
304,18.217,74.703,0.13358,0.19825321758939143
305,18.217,74.02600000000001,0.12111,0.16067648710445184
306,18.217,74.377,0.12044,0.16851173376597275
307,18.218,74.377,0.11517999999999999,0.1684371016309252
308,18.218,74.908,0.1988,0.22434651315476498
309,18.218,74.933,0.26313000000000003,0.22777396241527095
310,18.218,74.62100000000001,0.1493,0.18896815957589255
311,18.218,74.812,0.08017,0.21156634368647967
312,18.218,74.92399999999999,0.5263,0.22653639564412867
313,18.219,74.375,0.15711,0.1682423173039789
314,18.22,74.923,0.5789300000000001,0.2260149209977719
315,18.22,75.214,0.6842,0.26630077811363284
316,18.221,74.027,0.24850999999999998,0.16069112406013278
317,18.221,74.6,0.16764,0.1864134397195827
318,18.221,74.936,0.15716,0.22760435698935802
319,18.222,74.59,0.18594000000000002,0.18528478743078117
320,18.223,75.21300000000001,0.49121000000000004,0.2654485651705172
321,18.223,75.214,0.54384,0.26558216371294396
322,18.224,74.416,0.18377000000000002,0.17046466209715486
323,18.224,75.192,0.47534,0.26239163653433994
324,18.224,74.186,0.42103,0.1606091841374109
325,18.224,74.711,0.10172,0.19815397202188204
326,18.225,74.167,0.15787,0.16029533123825693
327,18.225,73.933,0.21509,0.1635166674754244
328,18.225,74.649,0.16764,0.191034058053045
329,18.225,73.509,0.09604299999999999,0.1986943321039311
330,18.226,74.375,0.099469,0.16773476435531223
331,18.226,74.756,0.13358,0.20322298361858573
332,18.226,74.72800000000001,0.16764,0.19985712738738784
333,18.226,74.382,0.16473,0.16814865921317892
334,18.226,74.759,0.12854000000000002,0.20358899959933166
335,18.226,74.78,0.14926,0.20617884135130807
336,18.227,73.926,0.33831999999999995,0.16386860305473974
337,18.227,74.513,0.13614,0.1775975968455981
338,18.227,75.16199999999999,0.15787,0.25762844173880184
339,18.227999999999998,74.411,0.1587,0.16981206501532733
340,18.229,74.415,0.1587,0.169995202150964
341,18.230999999999998,74.321,0.20131,0.1645984291285261
342,18.230999999999998,74.336,0.11192,0.16530950709077888
343,18.232,74.406,0.066953,0.16917916991468487
344,18.233,73.867,0.062625,0.16701666504444415
345,18.234,74.268,0.067304,0.16234379159269477
346,18.238,73.936,0.12946,0.1638076912783605
347,18.238,73.83,0.24225,0.16952365354307955
348,18.239,74.391,0.16238,0.16774795270123213
349,18.239,74.308,0.050144,0.16359824968776873
350,18.239,74.646,0.13614,0.18888529930994216
351,18.239,74.816,0.1755,0.20857169004153622
352,18.24,74.218,0.73683,0.1607576726641954
353,18.24,74.35600000000001,0.050595,0.1657577521986117
354,18.242,75.891,0.13364,0.31162448411114574
355,18.242,74.937,0.08380399999999999,0.22376656262219988
356,18.243,74.509,0.11787,0.1756748278121252
357,18.243,74.279,0.066853,0.1623200221088398
358,18.244,74.723,0.16472,0.19664574405504678
359,18.245,74.829,0.12044,0.2092244751625967
360,18.246,74.27600000000001,0.041873,0.1620917264999502
361,18.247,74.291,0.091866,0.16255874374894644
362,18.247,74.822,0.14926,0.20802643622445718
363,18.248,74.283,0.066853,0.1622378760045047
364,18.25,74.706,0.10477,0.19389984371333283
365,18.25,73.85,0.14199,0.1688966635332846
366,18.25,74.27600000000001,0.066903,0.16192571130868852
367,18.250999999999998,75.601,0.16706,0.2999138004147547
368,18.250999999999998,74.312,0.10022,0.16315627985531247
369,18.250999999999998,74.741,0.1231,0.1977106617214586
370,18.250999999999998,74.873,0.17457999999999999,0.213803077416617
371,18.250999999999998,74.316,0.11192,0.16331497464162062
372,18.250999999999998,74.446,0.12445,0.1703090221391155
373,18.252,74.312,0.083512,0.1631076232689316
374,18.252,74.359,0.10022,0.16517866689544705
375,18.252,74.303,0.091866,0.162765307989043
376,18.252,74.315,0.13364,0.1632256355348546
377,18.253,74.305,0.02503,0.16279310520984738
378,18.253,74.48899999999999,0.14926,0.17319574230245174
379,18.253,73.764,0.12737,0.17534248440740022
380,18.253,74.316,0.020017,0.16321614960144573
381,18.253,74.34100000000001,0.08518200000000001,0.1642747492465492
382,18.253,74.711,0.1516,0.1940455515688361
383,18.254,73.55,0.21927,0.19712891506137067
384,18.254,74.446,0.16037,0.1700729740619004
385,18.254,74.467,0.15588,0.17151052016337956
386,18.254,74.703,0.18853,0.19302957087255138
387,18.255,74.282,0.041856,0.16191170348040787
388,18.255,74.307,0.041856,0.16277458398375536
389,18.255,74.905,0.15452,0.21723418894553428
390,18.256,74.446,0.10774,0.16991731275229918
391,18.256,74.904,0.1231,0.2169320754564036
392,18.257,74.308,0.030043,0.16271923585785755
393,18.257,74.441,0.18209,0.16951382085892167
394,18.257,74.53399999999999,0.083762,0.17636532147140274
395,18.257,74.294,0.041856,0.1622224814474941
396,18.257,74.85300000000001,0.16473,0.2102779700694252
397,18.257,75.19,0.10774,0.2546254500398498
398,18.258,74.485,0.14926,0.17246581069121594
399,18.258,74.824,0.15711,0.2065277575941016
400,18.258,74.994,0.13882,0.22837756207837992
401,18.258,74.335,0.11692999999999999,0.1637452827547429
402,18.258,73.858,0.27149,0.16882066717436298
403,18.259,74.296,0.11192,0.16220480157343867
404,18.26,73.764,0.21300999999999998,0.17585419016006867
405,18.26,74.416,0.16622,0.16774789263755976
406,18.261,74.263,0.10022,0.16113457793473454
407,18.262,73.547,0.079334,0.19840327371979097
408,18.262,74.282,0.075157,0.16163388591490516
409,18.262,74.506,0.17549,0.17368370712022732
410,18.262,74.671,0.14140999999999998,0.188589980082037
411,18.262999999999998,73.719,0.24225,0.18003917838494612
412,18.262999999999998,75.28699999999999,0.11944,0.2655390043528859
413,18.262999999999998,74.283,0.091866,0.16162548175926353
414,18.262999999999998,74.283,0.13698,0.16162548175926353
415,18.262999999999998,74.753,0.1755,0.19738335589816217
416,18.264,74.49600000000001,0.14667,0.1727596082424704
417,18.264,74.558,0.10732,0.17768746256653425
418,18.264,74.35300000000001,0.050227,0.1642170679171631
419,18.264,74.991,0.15454,0.22686296552011678
420,18.264,74.33,0.13364,0.16323629100873874
421,18.265,74.333,0.030043,0.1633084523175398
422,18.265,74.653,0.1204,0.18639267185533384
423,18.265,74.726,0.10255999999999998,0.19408170371255898
424,18.266,73.734,0.13573,0.1789163582212028
425,18.267,74.275,0.067304,0.16124646060076278
426,18.267,74.43,0.16873,0.16809480591495277
427,18.267,74.77199999999999,0.46865,0.19899499727202422
428,18.268,74.49,0.13355999999999998,0.17198497863809184
429,18.268,74.85600000000001,0.11,0.20888410974195684
430,18.268,74.306,0.11,0.16216282648946526
431,18.268,74.312,0.033401,0.1623712908902695
432,18.268,74.80199999999999,0.15716,0.2023550919920876
433,18.269000000000002,74.447,0.09687899999999999,0.1690017985962501
434,18.269000000000002,74.58800000000001,0.11787,0.17979065414244813
435,18.269000000000002,74.661,0.070704,0.18671822316861522
436,18.269000000000002,74.775,0.12047999999999999,0.1990556576730478
437,18.269000000000002,75.119,0.14784,0.2427901624339535
438,18.27,73.58,0.18794,0.19536128367034802
439,18.271,74.714,0.15454,0.19198423250601496
440,18.271,74.999,0.12278,0.22662504245521434
441,18.272000000000002,74.27199999999999,0.11262,0.16099424380458774
442,18.272000000000002,74.429,0.13364,0.16768881058347532
443,18.272000000000002,74.66199999999999,0.1755,0.18646185045394173
444,18.272000000000002,73.703,0.23556,0.182322879307567
445,18.272000000000002,74.669,0.13097,0.18716563876959305
446,18.272000000000002,74.82,0.1231,0.20389767846534237
447,18.273,73.77199999999999,0.083512,0.17614721115444523
448,18.273,74.319,0.075157,0.1624026472166256
449,18.273,74.334,0.14668,0.16296383470828216
450,18.274,74.32300000000001,0.041856,0.16250324481738002
451,18.274,74.324,0.11192,0.16253978875398414
452,18.275,74.585,0.1912,0.1789109545473502
453,18.276,73.72800000000001,0.1399,0.18028667626272835
454,18.276,74.203,0.14406,0.15967854604442014
455,18.277,74.48899999999999,0.12829000000000002,0.17118136541758402
456,18.277,74.335,0.044245,0.16281691094375586
457,18.277,75.158,0.17625,0.24622815078633623
458,18.277,74.902,0.091866,0.21315035668951435
459,18.277,74.57,0.10472999999999999,0.17742580250055331
460,18.278,73.747,0.26731,0.17871005230961148
461,18.278,74.321,0.033552,0.16225843444524538
462,18.278,74.32,0.16764,0.1622234273382315
463,18.278,74.628,0.14144,0.18248640542756214
464,18.28,74.52199999999999,0.16497,0.17332244154498647
465,18.281,74.47800000000001,0.12829000000000002,0.1701200917812177
466,18.281,74.618,0.14376,0.18123885383644503
467,18.281,75.668,0.31577,0.2962034986821497
468,18.281,74.403,0.1729,0.16567290782980007
469,18.281,74.28399999999999,0.060119000000000006,0.1610065533566364
470,18.281,74.44,0.12695,0.16772694885213615
471,18.282,75.059,0.14668,0.2324041046398543
472,18.282,74.33800000000001,0.14868,0.16270404662220742
473,18.282,74.429,0.14868,0.16702226468221806
474,18.283,74.42699999999999,0.12278,0.1668446415289823
475,18.283,74.438,0.12278,0.1674749565428926
476,18.284000000000002,75.362,0.5263,0.2694700319588248
477,18.284000000000002,75.37,0.49121000000000004,0.270353832555404
478,18.285,74.58,0.19905,0.17749438683284105
479,18.285,74.76899999999999,0.13358,0.19615644708214366
480,18.285,75.308,0.22804000000000002,0.26308040249658216
481,18.285999999999998,74.417,0.16789,0.16610813403486516
482,18.287,74.303,0.02503,0.1613274117867616
483,18.287,74.41199999999999,0.10774,0.16578328155974056
484,18.288,74.83800000000001,0.49121000000000004,0.2036576086491896
485,18.289,74.41199999999999,0.10774,0.1656646641300447
486,18.289,74.418,0.12278,0.16597941914491224
487,18.289,74.439,0.14365999999999998,0.167138406118064
488,18.289,74.767,0.15454,0.1953989538818092
489,18.29,74.51,0.18336,0.1716187430664902
490,18.29,74.40100000000001,0.18377000000000002,0.1650502913094041
491,18.291,74.404,0.15035,0.16514259083048802
492,18.291,74.933,0.10477,0.21473412932713656
493,18.291,75.339,0.57643,0.2653138323232649
494,18.291,74.513,0.19646,0.171751690450223
495,18.292,74.408,0.12278,0.16528603579135473
496,18.292,74.722,0.11,0.19018151925402862
497,18.292,74.806,0.11359000000000001,0.19937082512966267
498,18.292,74.828,0.21475999999999998,0.20190561451341107
499,18.292,74.859,0.38594,0.2055546901711778
500,18.293,73.557,0.016676,0.2007598793831963
501,18.293,74.40899999999999,0.09604299999999999,0.16527932691505035
502,18.294,74.343,0.09604299999999999,0.16236537883821126
503,18.294,74.434,0.16789,0.16653975722740713
504,18.294,74.441,0.16037,0.16693117851838127
505,18.294,74.344,0.09604299999999999,0.16240181377116172
506,18.294,74.624,0.13882,0.1804291930319928
507,18.295,75.642,0.17540999999999998,0.291242382615686
508,18.295,74.51100000000001,0.07014400000000001,0.1712940009785006
509,18.295,74.417,0.12027,0.16557192879664187
510,18.295,74.67699999999999,0.12996,0.18528525444321212
511,18.296,76.367,0.12695,0.2503801652004364
512,18.296,74.384,0.091866,0.1639311401550562
513,18.297,74.404,0.11025,0.16480887056982987
514,18.297,74.571,0.11259000000000001,0.17563430688810658
515,18.297,74.69800000000001,0.19053,0.18713116560118784
516,18.298,73.63600000000001,0.21927,0.19187546699666916
517,18.298,73.655,0.11066,0.18974820062559775
518,18.298,74.40899999999999,0.14032,0.16499825022576378
519,18.298,75.464,0.050094,0.27675199528859606
520,18.298,74.52199999999999,0.060119000000000006,0.17183398841378952
521,18.299,74.597,0.15978,0.17758805230526745
522,18.299,75.184,0.15202000000000002,0.24507001196419168
523,18.299,74.405,0.12445,0.164748365596782
524,18.299,74.689,0.16706,0.18600819782843095
525,18.3,74.685,0.12044,0.18550306535247454
526,18.3,73.875,0.1232,0.17006304434683275
527,18.3,75.342,0.29822,0.263664068011381
528,18.3,74.403,0.1587,0.16459864969168173
529,18.3,74.905,0.1493,0.20986812897466559
530,18.301,75.305,0.42103,0.259244462082307
531,18.301,73.638,0.25269,0.19195888082949533
532,18.301,74.339,0.13097,0.16193885564576085
533,18.301,74.419,0.1445,0.16533011655094423
534,18.301,74.75399999999999,0.083762,0.19243731737251804
535,18.302,74.71600000000001,0.11325,0.18836069468437003
536,18.302,73.638,0.25895999999999997,0.19206252942460325
537,18.302,74.377,0.081841,0.16333532141147392
538,18.302,74.418,0.067638,0.16522333426890726
539,18.302,74.71,0.14144,0.1877539674586223
540,18.302,74.40100000000001,0.16706,0.16439838788397002
541,18.302,74.42,0.081841,0.165324267652355
542,18.302,74.454,0.13355999999999998,0.16716338700761105
543,18.303,74.895,0.28068000000000004,0.2082050647105216
544,18.303,74.369,0.081841,0.16296234351064945
545,18.303,73.73,0.20047,0.1823992926124313
546,18.304000000000002,74.942,0.10474000000000001,0.21375353316708637
547,18.304000000000002,75.29,0.31577,0.25686692067932915
548,18.304000000000002,73.774,0.23389000000000001,0.17835166463727217
549,18.304000000000002,74.454,0.13355999999999998,0.16703657618541337
550,18.305,74.418,0.015005000000000001,0.16505667715057795
551,18.305,73.874,0.079334,0.17042844616302225
552,18.305,75.315,0.19296,0.25953734503902093
553,18.305,74.421,0.13358,0.16520645588290342
554,18.305,74.753,0.11787,0.19183222791162471
555,18.305999999999997,74.366,0.055942,0.16271137376027325
556,18.305999999999997,74.375,0.088524,0.16306748461319234
557,18.305999999999997,74.613,0.12829000000000002,0.1782788931340437
558,18.305999999999997,75.30199999999999,0.53215,0.2578353698580581
559,18.305999999999997,74.361,0.088524,0.1625209162444298
560,18.305999999999997,74.329,0.07014400000000001,0.1614279860181528
561,18.305999999999997,74.87100000000001,0.14376,0.20491083716098127
562,18.305999999999997,74.96600000000001,0.1562,0.21638724569514137
563,18.307000000000002,74.39,0.08017,0.16365014007142756
564,18.307000000000002,73.885,0.11692999999999999,0.16978871195150427
565,18.307000000000002,75.657,0.3684,0.28914313635518507
566,18.308,73.88600000000001,0.10858,0.16977880369770063
567,18.308,74.65,0.14703,0.18134374216917562
568,18.308,74.578,0.22002,0.17521393858087078
569,18.308,74.361,0.13097,0.1624364735009848
570,18.308,73.858,0.26313000000000003,0.17176198691080516
571,18.308,74.376,0.088524,0.16301722974456626
572,18.309,73.488,0.17332,0.21178350466188992
573,18.309,74.759,0.12044,0.19197141638629725
574,18.309,75.653,0.31577,0.28844309118667544
575,18.309,74.528,0.12829000000000002,0.1713973692197527
576,18.31,74.6,0.10472999999999999,0.17681319597255643
577,18.31,74.827,0.07331900000000001,0.199277704829279
578,18.31,74.544,0.1204,0.17246208193042947
579,18.31,74.38,0.081841,0.1630887630316579
580,18.31,75.301,0.50876,0.2568793395272012
581,18.311,74.359,0.09604299999999999,0.16223958181519707
582,18.311,75.324,0.45611999999999997,0.2592815967356452
583,18.311,74.357,0.13865,0.162167869939341
584,18.311,74.583,0.19384,0.17534740848414068
585,18.311,74.361,0.050094,0.16231214192542545
586,18.312,74.382,0.13614,0.16307967531180192
587,18.312,74.417,0.22888000000000003,0.16463113710106772
588,18.312,74.777,0.1624,0.19351271919903015
589,18.313,74.35600000000001,0.074322,0.16205313104361344
590,18.313,74.373,0.074322,0.1626788054962406
591,18.313,74.43,0.18336,0.16521617926359014
592,18.314,74.76,0.10472999999999999,0.19146381887992261
593,18.314,74.633,0.099469,0.17923427714658027
594,18.314,74.381,0.14282999999999998,0.16294984898790224
595,18.314,74.42699999999999,0.11359000000000001,0.165011813593845
596,18.314,74.382,0.1328,0.16299001703577412
597,18.314,74.433,0.030043,0.16531265760779404
598,18.316,74.419,0.18636,0.16451794718441706
599,18.316,74.42,0.12528,0.16456553662388643
600,18.316,74.407,0.12278,0.16396280653977172
601,18.316,74.446,0.094205,0.16587383268164504
602,18.316,74.581,0.15787,0.17475723295979886
603,18.316,74.366,0.10607,0.16229090938667148
604,18.316,74.388,0.07014400000000001,0.16314446498949456
605,18.316,74.43,0.058598000000000004,0.16505259937329467
606,18.316,74.512,0.17282,0.1697924502563443
607,18.316,74.65899999999999,0.10255999999999998,0.18134633039205242
608,18.316,74.898,0.09690399999999999,0.2066284933531312
609,18.317,74.375,0.1186,0.1625855682305414
610,18.317,74.48100000000001,0.17549,0.16778252797348917
611,18.317,74.536,0.17549,0.1713460682483722
612,18.317,75.658,0.22804000000000002,0.28679825038299234
613,18.317,75.27,0.24559,0.2518497247072925
614,18.317,74.598,0.14668,0.17601988942134963
615,18.317,75.64399999999999,0.1562,0.28603346443634226
616,18.317999999999998,75.304,0.33331,0.25556139920051213
617,18.317999999999998,74.535,0.054980999999999995,0.17120079859737472
618,18.317999999999998,75.194,0.16288,0.2425851460251627
619,18.319000000000003,74.384,0.10607,0.16285021797816204
620,18.319000000000003,75.65899999999999,0.35086,0.2863772154747919
621,18.319000000000003,73.89699999999999,0.16079000000000002,0.16967017604044368
622,18.319000000000003,74.735,0.15711,0.18830344994681827
623,18.319000000000003,74.747,0.13097,0.1895210284189234
624,18.319000000000003,75.141,0.12278,0.23590451301448515
625,18.32,74.569,0.1562,0.17350394469749011
626,18.32,74.36,0.088524,0.16192141480162472
627,18.32,74.57300000000001,0.16037,0.17380596668213247
628,18.32,74.815,0.14667,0.1966144349863587
629,18.320999999999998,75.671,0.33331,0.2865174121473265
630,18.320999999999998,76.027,0.56139,0.2859484395240912
631,18.320999999999998,73.88600000000001,0.064714,0.17054885266851574
632,18.320999999999998,74.381,0.15452,0.16264742738767715
633,18.320999999999998,74.575,0.09019500000000001,0.1738754054663332
634,18.320999999999998,74.634,0.18636,0.17865196591084168
635,18.320999999999998,74.66,0.1362,0.18093480136887977
636,18.322,74.84899999999999,0.08380399999999999,0.20013334270980912
637,18.323,74.362,0.14617,0.16187674938220833
638,18.323,74.37,0.07014400000000001,0.16215677962277278
639,18.323,74.361,0.044245,0.16184269765131412
640,18.323,74.4,0.10022,0.16332651843392645
641,18.323,75.217,0.0361,0.2443968882478287
642,18.324,74.73100000000001,0.12829000000000002,0.18733573465353562
643,18.324,74.79,0.15067,0.19340602971792234
644,18.324,74.748,0.25656,0.18904107989736432
645,18.324,74.79,0.19954000000000002,0.19340602971792234
646,18.325,75.635,0.43858,0.28364473513424504
647,18.325,74.828,0.08017,0.1973951585357359
648,18.325,74.749,0.24841,0.18902706604420008
649,18.325,74.791,0.15067,0.19338907480255765
650,18.325,74.808,0.22398,0.1952118244876289
651,18.326,74.809,0.22398,0.19519369704125436
652,18.327,74.292,0.14376,0.15992284970974105
653,18.327,74.568,0.20799,0.17286799511821607
654,18.327,74.81,0.20360999999999999,0.19517570580836233
655,18.327,74.672,0.11787,0.18141857757293758
656,18.328,73.929,0.27316,0.16808269515510213
657,18.328,73.869,0.079334,0.17222781147571045
658,18.328,74.418,0.066803,0.16387564748916109
659,18.329,74.365,0.00057646,0.16175705954886213
660,18.329,74.752,0.11400999999999999,0.188871343539759
661,18.329,74.811,0.20768000000000003,0.19503236718496733
662,18.329,74.391,0.13882,0.16270003940732683
663,18.329,74.568,0.14901,0.17271092202192098
664,18.329,74.715,0.13614,0.1852241731431339
665,18.329,74.797,0.061063,0.1935348144348399
666,18.329,74.812,0.24434,0.1951401331837789
667,18.329,74.309,0.11075,0.16021441013810248
668,18.329,74.753,0.1303,0.188972349443886
669,18.329,74.798,0.15067,0.19364108068471422
670,18.331,74.435,0.13364,0.16451390678321923
671,18.331,74.645,0.20039,0.1786580833173638
672,18.331,74.619,0.13355999999999998,0.17648810565638065
673,18.331,74.76100000000001,0.24434,0.18955364001160838
674,18.331,74.8,0.23212,0.19360821623183502
675,18.332,74.612,0.08118099999999999,0.17583636257020255
676,18.332,74.704,0.15454,0.18386138838324453
677,18.332,74.756,0.12215,0.18893272653589602
678,18.332,74.762,0.056986,0.18954017440945173
679,18.333,74.763,0.281,0.1895268448207448
680,18.333,74.583,0.15035,0.17350578649710738
681,18.333,74.792,0.09690399999999999,0.19252118175817748
682,18.334,74.763,0.14252,0.18941223697512058
683,18.334,74.503,0.14144,0.16801577985842867
684,18.334,74.583,0.14868,0.17342617166032429
685,18.334,74.80199999999999,0.28506,0.19345405970160737
686,18.334,74.734,0.15454,0.18652525708885917
687,18.334,75.007,0.15202000000000002,0.21692029782897018
688,18.334,74.807,0.13358,0.19398458675271316
689,18.335,74.803,0.069209,0.19343832184343182
690,18.335,74.765,0.1303,0.18950059493050767
691,18.336,74.54899999999999,0.10214,0.1708410934420688
692,18.336,74.812,0.1204,0.19427163362524283
693,18.336,74.805,0.12623,0.19352846190561482
694,18.337,73.922,0.24641999999999997,0.16902787571373037
695,18.337,74.396,0.0083211,0.1625656863464178
696,18.337,74.766,0.28914,0.18937367608827807
697,18.337,74.75,0.1303,0.18777082477844134
698,18.337,74.76,0.23212,0.18876891918507346
699,18.337,74.806,0.073277,0.19351292602376538
700,18.337,75.28699999999999,0.16539,0.24982899835185848
701,18.337,74.081,0.22804000000000002,0.16128371661567045
702,18.337,74.441,0.08017,0.16450010203905277
703,18.338,74.747,0.12044,0.18736377820862718
704,18.338,73.887,0.1232,0.17153014506261124
705,18.338,74.554,0.12111,0.17104005400180258
706,18.338,74.431,0.12278,0.16398729178002605
707,18.339000000000002,74.643,0.09687899999999999,0.1777594491952356
708,18.339000000000002,74.762,0.1303,0.18874467949364496
709,18.339000000000002,74.807,0.06513200000000001,0.1933767573205716
710,18.339000000000002,74.808,0.12215,0.19348227162239254
711,18.339000000000002,74.393,0.1186,0.16237292384924432
712,18.339000000000002,74.483,0.09019500000000001,0.16655682622792525
713,18.339000000000002,74.763,0.077346,0.18884503899076635
714,18.34,74.561,0.1587,0.1713799064609083
715,18.34,75.307,0.21718,0.2514784057177991
716,18.34,74.768,0.16696,0.189235453453141
717,18.34,74.76899999999999,0.1303,0.18933635278348107
718,18.340999999999998,74.76899999999999,0.032549,0.1892233543088944
719,18.340999999999998,74.517,0.1755,0.16842380287736872
720,18.340999999999998,74.77600000000001,0.14252,0.18993169237726218
721,18.340999999999998,74.392,0.030043,0.1622587582697537
722,18.340999999999998,74.77600000000001,0.069209,0.18993169237726218
723,18.340999999999998,74.928,0.11262,0.20653696082199716
724,18.342,74.39399999999999,0.036058,0.1622941740661922
725,18.342,74.569,0.1587,0.17179486068881858
726,18.342,74.735,0.3095,0.1857622141440012
727,18.342,74.559,0.22303,0.17109651222225422
728,18.342,74.792,0.052917,0.19145538300935197
729,18.342,74.56,0.091031,0.17116555032781025
730,18.342,74.793,0.048839999999999995,0.19155870338184958
731,18.343,74.72800000000001,0.16756,0.1849866154596063
732,18.343,74.766,0.09364600000000001,0.18869785695769184
733,18.343,75.0,0.12671,0.2146921040076565
734,18.343,74.766,0.12623,0.18869785695769184
735,18.343,74.771,0.077346,0.1891995723776835
736,18.343,74.37899999999999,0.2105,0.1617288628745073
737,18.343,74.517,0.11259000000000001,0.16829705036556578
738,18.343,74.748,0.14659,0.18691703811616758
739,18.344,74.57600000000001,0.14140999999999998,0.172144438459675
740,18.344,74.773,0.17917,0.1892885276945341
741,18.344,74.616,0.10214,0.1751428591914265
742,18.344,74.77199999999999,0.18732000000000001,0.1891878901927664
743,18.344,74.798,0.13355999999999998,0.1918422789090152
744,18.344,74.627,0.16764,0.1760141976858203
745,18.344,74.661,0.12303,0.17882945940043396
746,18.344,74.749,0.1751,0.1869067963913185
747,18.345,74.518,0.12829000000000002,0.16823242621738146
748,18.345,75.312,0.12528,0.2510541180414312
749,18.346,74.438,0.095208,0.16393121386972523
750,18.346,74.781,0.073277,0.18987096960492614
751,18.346,74.78699999999999,0.14667,0.19048068289794554
752,18.346,74.60600000000001,0.17917,0.17420779462272865
753,18.346,74.627,0.14140999999999998,0.1758457713829086
754,18.346,74.546,0.081841,0.16994117737877826
755,18.346,75.153,0.13364,0.23253200617040895
756,18.347,74.38600000000001,0.37425,0.16182629828311093
757,18.347,74.608,0.18325,0.17428070544448507
758,18.347,74.763,0.14659,0.18795772498772215
759,18.347,74.77,0.12623,0.18865325972884198
760,18.347,74.77600000000001,0.061063,0.18925412391056431
761,18.348,74.543,0.1755,0.16961075294065178
762,18.348,74.587,0.1303,0.17263792468004227
763,18.348,74.638,0.09019500000000001,0.17656109434386094
764,18.348,74.771,0.10214,0.1886424603817655
765,18.348,74.782,0.22804000000000002,0.1897465820479364
766,18.348,74.587,0.15473,0.17263792468004227
767,18.348,74.727,0.17775,0.18437533834196443
768,18.348,74.752,0.85526,0.1867697710408576
769,18.348,74.778,0.16288,0.1893434309692982
770,18.348,74.385,0.17457999999999999,0.1617574710305644
771,18.348,74.609,0.34208,0.17427739971142145
772,18.348,74.486,0.14667,0.16621461520400696
773,18.348,74.765,0.081423,0.18804630259180624
774,18.348,74.839,0.11,0.19568365726074058
775,18.349,74.48,0.13614,0.16583928921044302
776,18.349,74.763,0.12215,0.18773977188264238
777,18.349,74.77199999999999,0.097714,0.18863180161743212
778,18.349,74.293,0.033552,0.1595327342422689
779,18.349,74.681,0.08118099999999999,0.1800979243615052
780,18.35,74.418,0.18209,0.16290433673762642
781,18.351,74.38,0.088524,0.16149182997017822
782,18.351,74.583,0.16037,0.17212678888927338
783,18.351,74.765,0.097714,0.18772000795819146
784,18.352,74.612,0.18325,0.1741893222320922
785,18.352,74.78699999999999,0.16696,0.18980274063261374
786,18.352,74.771,0.16764,0.1882037634562698
787,18.352,75.03399999999999,0.14784,0.21735146132486508
788,18.352,75.098,0.030168,0.22496217479740302
789,18.352,74.62899999999999,0.12623,0.17550656847857352
790,18.352,74.42,0.16548,0.16290369435365595
791,18.352,74.569,0.18732000000000001,0.17107412330057828
792,18.352999999999998,74.558,0.1328,0.1702607968263701
793,18.352999999999998,74.564,0.16037,0.17066350096856656
794,18.352999999999998,74.97,0.14926,0.20969508514311866
795,18.354,74.586,0.15202000000000002,0.17212116748712206
796,18.354,74.572,0.15064,0.17113996022106917
797,18.354,74.619,0.15753,0.17456643082371684
798,18.354,74.691,0.044772,0.18050925315866032
799,18.354,74.969,0.15949000000000002,0.20943661166181962
800,18.354,74.615,0.24026999999999998,0.1742603332946945
801,18.354,74.692,0.11807999999999999,0.18059731735818943
802,18.355,74.016,0.35086,0.164496353343507
803,18.355,74.42,0.15454,0.16278378138142494
804,18.355,74.551,0.15035,0.16966694493109027
805,18.355,74.567,0.094205,0.17072876616263258
806,18.355,75.64,0.35086,0.27718243012552035
807,18.355,74.76899999999999,0.24434,0.1876821758021379
808,18.355,74.425,0.1912,0.16298447095466664
809,18.355,74.632,0.24841,0.17549755064502662
810,18.355999999999998,74.434,0.16789,0.1633163643189748
811,18.355999999999998,74.572,0.0855,0.17100020238577365
812,18.355999999999998,74.57300000000001,0.11400999999999999,0.17106876182295463
813,18.355999999999998,74.595,0.25656,0.17262103943313636
814,18.355999999999998,74.76100000000001,0.1751,0.18679479395775248
815,18.355999999999998,75.639,0.45611999999999997,0.27690998090301266
816,18.355999999999998,74.756,0.081423,0.18631118124643967
817,18.357,74.609,0.066803,0.1735753276891732
818,18.357,75.656,0.49455,0.27759741453292897
819,18.357,74.756,0.19139,0.1862067699818846
820,18.357,75.253,0.11359000000000001,0.2422210103272612
821,18.357,74.574,0.09364600000000001,0.17106774667364524
822,18.357,74.609,0.09019500000000001,0.1735753276891732
823,18.357,74.694,0.27285,0.1804941586137119
824,18.357,74.756,0.1751,0.1862067699818846
825,18.357,74.915,0.15454,0.20287254899006638
826,18.358,74.867,0.18336,0.19746324166416487
827,18.358,74.574,0.23619,0.17099834445456155
828,18.359,74.77199999999999,0.048839999999999995,0.18754872966613936
829,18.359,75.642,0.40349,0.2764251215352109
830,18.359,74.392,0.1204,0.1616220715092949
831,18.359,74.419,0.22136,0.16258958054762832
832,18.359,74.58800000000001,0.13355999999999998,0.1719016499437235
833,18.359,74.62,0.32579,0.17424977284608048
834,18.359,74.696,0.20768000000000003,0.18048479103106455
835,18.359,74.773,0.1751,0.18764662034699123
836,18.359,74.773,0.061063,0.18764662034699123
837,18.359,75.643,0.29822,0.2764793588765049
838,18.36,74.795,0.17102,0.18971974401002192
839,18.36,74.631,0.11275,0.17501643102812484
840,18.36,74.697,0.081423,0.180480316809729
841,18.36,74.028,0.22804000000000002,0.16412290578673897
842,18.36,74.62100000000001,0.10586,0.17424806419148411
843,18.36,74.69800000000001,0.15067,0.1805681141830399
844,18.361,74.69800000000001,0.281,0.18047598271546575
845,18.361,74.359,0.15454,0.160594990538547
846,18.361,74.65,0.093537,0.17643756381058143
847,18.361,74.765,0.20360999999999999,0.18665746563975164
848,18.361,74.972,0.11787,0.20879432554177826
849,18.361,74.622,0.24026999999999998,0.17424649078314527
850,18.361,74.69800000000001,0.23212,0.18047598271546575
851,18.361,74.691,0.15067,0.17986573950406884
852,18.362000000000002,74.699,0.069209,0.1804717890581732
853,18.362000000000002,74.767,0.19139,0.18674644026901924
854,18.363,74.763,0.32172,0.18625732658482166
855,18.363,75.65899999999999,0.47367,0.27645278044302
856,18.363,74.70100000000001,0.12623,0.18055540086102942
857,18.363,74.763,0.1303,0.18625732658482166
858,18.364,74.624,0.22398,0.17416676102527376
859,18.364,74.60300000000001,0.16288,0.1726126171647219
860,18.364,74.697,0.13097,0.18011477135195733
861,18.364,74.625,0.29729,0.1742425853369947
862,18.365,74.155,0.56139,0.15996964261143223
863,18.365,74.8,0.281,0.1896725591359181
864,18.365,75.669,0.26313000000000003,0.27651322023234326
865,18.365,74.546,0.091866,0.16871413941944705
866,18.365,74.703,0.15473,0.18054763034472246
867,18.365,74.77,0.20360999999999999,0.18672420323804498
868,18.365,74.582,0.16037,0.1710643619608955
869,18.365,74.64,0.16502,0.17531970922424914
870,18.366,74.605,0.15473,0.17261185407977112
871,18.366,74.717,0.16473,0.1816946910431028
872,18.366,74.551,0.1755,0.16896455243852895
873,18.366,74.583,0.087689,0.17106453602224073
874,18.366,74.704,0.26063000000000003,0.18054395751831812
875,18.366,74.704,0.26877,0.18054395751831812
876,18.367,74.842,0.17549,0.19373544330887696
877,18.367,75.13600000000001,0.10022,0.22700531847246166
878,18.367,74.60600000000001,0.20360999999999999,0.17261167573782013
879,18.367,74.808,0.14668,0.19025595829761258
880,18.368,74.501,0.27285,0.16595287748696244
881,18.368,74.634,0.10737999999999999,0.1746202806200752
882,18.368,74.92,0.22804000000000002,0.20199459518928178
883,18.368,74.803,0.16288,0.18964599737672908
884,18.368,74.584,0.15880999999999998,0.17099697106756087
885,18.369,74.608,0.032549,0.17261172710405173
886,18.369,74.391,0.0856,0.1612805051398947
887,18.369,74.805,0.10472999999999999,0.18973723627037167
888,18.369,74.707,0.0855,0.18053379242501558
889,18.369,75.29899999999999,0.050261,0.2451303970087856
890,18.369,74.707,0.1303,0.18053379242501558
891,18.37,74.774,0.21583000000000002,0.18659389766963688
892,18.37,74.805,0.077346,0.18962902303609644
893,18.37,74.37100000000001,0.16764,0.16068088327569932
894,18.37,74.708,0.18325,0.18053068953735932
895,18.37,75.661,0.42103,0.27506080680601097
896,18.371,74.50399999999999,0.28914,0.16595819159422712
897,18.371,74.708,0.1231,0.18044041656040669
898,18.371,75.063,0.035891,0.21787231584940084
899,18.371,74.653,0.14667,0.1758634508926468
900,18.372,74.771,0.2199,0.18610304992813423
901,18.372,74.58800000000001,0.21583000000000002,0.17100016643844
902,18.372,74.777,0.24026999999999998,0.1866774001059545
903,18.372,75.661,0.50374,0.2746389613598118
904,18.372,74.438,0.21134,0.16284256148340884
905,18.372,74.506,0.18325,0.16601336334754715
906,18.372,74.777,0.19139,0.1866774001059545
907,18.373,74.506,0.1362,0.16596237272773687
908,18.373,74.808,0.12215,0.18960466733075412
909,18.373,75.673,0.61402,0.2750019545891077
910,18.374000000000002,74.507,0.18732000000000001,0.1659646558741126
911,18.374000000000002,74.773,0.032549,0.18609169201241196
912,18.374000000000002,74.604,0.17026,0.17197291886781732
913,18.374000000000002,75.67399999999999,0.50876,0.27483780641376454
914,18.375,74.749,0.1624,0.1837452671823279
915,18.375,74.801,0.16472,0.1886995138416029
916,18.375,74.509,0.22398,0.1660201968408526
917,18.375,74.64399999999999,0.09019500000000001,0.17484875697898886
918,18.375999999999998,74.509,0.15473,0.16596960908042815
919,18.375999999999998,74.78,0.12215,0.186558087240723
920,18.375999999999998,74.775,0.23619,0.18608092287085556
921,18.375999999999998,74.811,0.21175,0.1895816452164565
922,18.375999999999998,74.439,0.1846,0.1627332502194573
923,18.375999999999998,74.766,0.10214,0.18522968526295194
924,18.375999999999998,74.493,0.11625999999999999,0.1651455795411028
925,18.377,74.433,0.16789,0.16246576121311443
926,18.377,74.725,0.11259000000000001,0.18139114460077446
927,18.377,74.782,0.09364600000000001,0.1866483692481762
928,18.378,74.44,0.18544000000000002,0.1626994898767047
929,18.378,74.715,0.077346,0.18042403982134972
930,18.378,74.429,0.16789,0.16228159652500931
931,18.378,75.65899999999999,0.17540999999999998,0.2732868383839081
932,18.378,74.57300000000001,0.21175,0.16961853561898257
933,18.379,74.574,0.1303,0.16962085238319427
934,18.379,74.78399999999999,0.09364600000000001,0.1866377927787999
935,18.379,74.801,0.1751,0.188281156287222
936,18.379,74.935,0.12572,0.2022433921304492
937,18.379,74.616,0.088524,0.17247676922113644
938,18.379,74.61,0.16539,0.17205038884148818
939,18.379,74.916,0.31577,0.20017154877052049
940,18.379,75.023,0.11787,0.21210765795686373
941,18.38,74.609,0.093537,0.17191143875588624
942,18.38,74.801,0.22804000000000002,0.18817753627852665
943,18.381,74.514,0.26063000000000003,0.16598426545725278
944,18.381,74.597,0.19954000000000002,0.17101532947887402
945,18.381,74.777,0.16696,0.1857725955616745
946,18.381,75.041,0.13555999999999999,0.21387923419088886
947,18.382,75.351,0.18732000000000001,0.24823021585367813
948,18.382,74.711,0.10231,0.17972821301560662
949,18.382,74.824,0.11,0.19023447895216142
950,18.382,74.577,0.25656,0.16962862202420417
951,18.382,74.78699999999999,0.16696,0.18662304491014794
952,18.383,74.78699999999999,0.10178999999999999,0.18652304406805367
953,18.383,74.804,0.12215,0.1881603394514875
954,18.383,74.582,0.18325,0.16989009909556999
955,18.383,74.622,0.27285,0.17262752801363326
956,18.383,74.87100000000001,0.12572,0.19491368178478355
957,18.383,74.652,0.11325,0.1748548546753235
958,18.384,74.544,0.091866,0.16749348767216168
959,18.384,74.957,0.22002,0.20402701710249252
960,18.384,74.767,0.10273,0.18454447307939428
961,18.385,74.584,0.12215,0.16989612009361457
962,18.385,74.688,0.16764,0.1775508575640872
963,18.385,74.75399999999999,0.1592,0.18325628068523073
964,18.386,74.72399999999999,0.26877,0.1805007278289308
965,18.386,74.63600000000001,0.06808099999999999,0.1734334807616065
966,18.386,74.586,0.19954000000000002,0.16996438265633454
967,18.386,74.625,0.18325,0.17263448178392118
968,18.387,74.618,0.093537,0.1720686591008105
969,18.387,74.626,0.2647,0.17263708337602537
970,18.387999999999998,74.50399999999999,0.09428099999999999,0.16513705694895967
971,18.387999999999998,74.726,0.10994000000000001,0.1804996216276659
972,18.387999999999998,74.587,0.11400999999999999,0.1699061922784129
973,18.387999999999998,74.634,0.1362,0.17314567182683074
974,18.387999999999998,74.627,0.18325,0.1726398273266743
975,18.387999999999998,75.003,0.47367,0.20861667114351193
976,18.389,74.565,0.13358,0.16846325409449195
977,18.389,74.726,0.19954000000000002,0.18041275639100432
978,18.389,74.668,0.16764,0.17563794511780909
979,18.389,74.824,0.13614,0.18949747178067636
980,18.389,74.627,0.26063000000000003,0.17257112774642783
981,18.389,74.727,0.14659,0.1804992912161513
982,18.389,74.748,0.16756,0.1823476963299712
983,18.389,74.863,0.16502,0.1934137275537086
984,18.39,74.72800000000001,0.19954000000000002,0.18049910964763996
985,18.39,74.655,0.20724,0.174563168340559
986,18.39,74.585,0.097714,0.1696554077649313
987,18.391,75.025,0.24559,0.21067927223100194
988,18.391,75.127,0.058448,0.22222648166612072
989,18.391,74.59100000000001,0.11400999999999999,0.16998248964987675
990,18.391,74.525,0.22398,0.1660765261476679
991,18.392,74.586,0.077346,0.16959941150142524
992,18.393,74.589,0.19384,0.16973199831911637
993,18.393,75.023,0.22804000000000002,0.2101852712921443
994,18.393,75.67699999999999,0.26313000000000003,0.27106768441936346
995,18.393,74.34899999999999,0.20956,0.15975359158418248
996,18.393,74.527,0.1303,0.16608596555658486
997,18.393,74.58800000000001,0.10178999999999999,0.16966775266820058
998,18.394000000000002,74.73100000000001,0.20360999999999999,0.18041355614203572
999,18.394000000000002,74.73100000000001,0.044772,0.18041355614203572
1000,18.394000000000002,74.646,0.11259000000000001,0.17360322267525766
1001,18.394000000000002,74.732,0.097714,0.18049987752759025
1002,18.395,74.594,0.1303,0.16993459616777687
1003,18.395,74.733,0.09364600000000001,0.1805004444606059
1004,18.395,74.947,0.11232,0.20156254195812598
1005,18.396,74.995,0.1729,0.20667846509501944
1006,18.396,74.734,0.24026999999999998,0.18050116194425228
1007,18.397000000000002,74.531,0.08956900000000001,0.16610647326913644
1008,18.398,74.597,0.11807999999999999,0.16994889115481485
1009,18.398,74.66,0.088524,0.17436135592859694
1010,18.398,74.736,0.17102,0.18050304969275824
1011,18.4,74.368,0.12641,0.16000274216537383
1012,18.4,74.594,0.10178999999999999,0.16963752822618286
1013,18.4,75.27199999999999,0.061999,0.23686986186951012
1014,18.4,75.165,0.081841,0.225148512590054
1015,18.401,74.73899999999999,0.16288,0.18050701747055867
1016,18.401,74.73899999999999,0.1303,0.18050701747055867
1017,18.401,75.006,0.45611999999999997,0.20724732082565214
1018,18.401,75.101,0.15369000000000002,0.21783126603064165
1019,18.402,74.494,0.06513200000000001,0.16407040050080204
1020,18.402,74.74,0.1303,0.1805086441509073
1021,18.402,74.597,0.1303,0.16971243200549305
1022,18.402,74.61399999999999,0.13197,0.1708257438913289
1023,18.403,74.633,0.10022,0.17206260168508128
1024,18.403,74.741,0.12623,0.18051042333942105
1025,18.403,75.311,0.12194,0.24046814947886277
1026,18.403,74.51100000000001,0.15454,0.16482365111076083
1027,18.404,74.60300000000001,0.24434,0.1699813465198601
1028,18.405,74.755,0.10525999999999999,0.18155502905396884
1029,18.406,74.619,0.15202000000000002,0.17091527795263964
1030,18.406,75.01899999999999,0.14668,0.2080345781367803
1031,18.406,74.744,0.28506,0.18051667870205426
1032,18.406,75.86399999999999,0.11692999999999999,0.27219588337419287
1033,18.407,74.76100000000001,0.50876,0.18190929428048622
1034,18.407,74.618,0.071815,0.1707875750264363
1035,18.407,74.62,0.12996,0.17092127316301067
1036,18.407,74.876,0.15163,0.19278697014104354
1037,18.407,74.533,0.12044,0.16574847436856202
1038,18.407,74.655,0.19379000000000002,0.17336737079673017
1039,18.408,74.74600000000001,0.25248000000000004,0.18052161651801582
1040,18.408,74.74600000000001,0.20360999999999999,0.18052161651801582
1041,18.409000000000002,74.852,0.074322,0.1901987161322967
1042,18.409000000000002,74.652,0.067137,0.17301709594893458
1043,18.409000000000002,74.656,0.063461,0.17330585064202433
1044,18.41,74.553,0.18594000000000002,0.16667366207097115
1045,18.41,74.571,0.13097,0.1676884242273529
1046,18.410999999999998,74.61,0.14376,0.17002580149003457
1047,18.410999999999998,74.868,0.13358,0.19157177297868314
1048,18.410999999999998,74.753,0.10214,0.18087391419428048
1049,18.413,74.689,0.16764,0.17549496376875687
1050,18.415,74.806,0.09428099999999999,0.18525196898187382
1051,18.415,74.447,0.18544000000000002,0.16179929684977437
1052,18.415,74.95100000000001,0.09690399999999999,0.1996270713286961
1053,18.416,74.508,0.11400999999999999,0.16416860267718184
1054,18.416,74.657,0.19471,0.1729182049839442
1055,18.417,75.003,0.1186,0.2049224370587516
1056,18.417,74.834,0.08118099999999999,0.18768188617581685
1057,18.417,74.874,0.13355999999999998,0.191553257975167
1058,18.417,75.257,0.17123,0.23256344752035932
1059,18.418,74.509,0.17102,0.1641397048228699
1060,18.418,74.417,0.11525999999999999,0.16082857108463158
1061,18.419,74.707,0.13097,0.17646206314964177
1062,18.419,75.142,0.041054,0.21983832117289184
1063,18.422,75.09899999999999,0.19296,0.21472129247270802
1064,18.424,75.126,0.075291,0.21740034424870894
1065,18.424,74.669,0.08017,0.17326438252632806
1066,18.425,74.633,0.083512,0.17072294146690395
1067,18.426,73.735,0.63157,0.1935956136977041
1068,18.426,74.641,0.13355999999999998,0.1711971731732427
1069,18.427,74.51899999999999,0.073277,0.16426484050435933
1070,18.427,74.821,0.11262,0.18555208162094985
1071,18.427,75.13600000000001,0.041898000000000005,0.21808127828565363
1072,18.427,74.77600000000001,0.15064,0.18154233133776268
1073,18.428,73.717,0.28068000000000004,0.19595695934133575
1074,18.429000000000002,73.734,0.85964,0.1940236602918092
1075,18.43,74.937,0.10214,0.19652621323044053
1076,18.432000000000002,75.032,0.16622,0.20622047253927014
1077,18.433,74.953,0.13614,0.19783960061454023
1078,18.434,74.563,0.18594000000000002,0.16613961525478896
1079,18.434,74.402,0.20631999999999998,0.16022033168835462
1080,18.434,74.72,0.09690399999999999,0.17641597882929208
1081,18.437,74.227,0.1624,0.15994951947183214
1082,18.438,74.317,0.10231,0.15924685826343746
1083,18.439,74.639,0.12194,0.17034098823854074
1084,18.439,74.738,0.15978,0.17748094366344916
1085,18.44,74.188,0.1362,0.16089642468846257
1086,18.441,75.074,0.50876,0.2096083649110624
1087,18.442,74.908,0.45611999999999997,0.19241465542279493
1088,18.442,75.085,0.16873,0.2106566349563808
1089,18.442999999999998,74.938,0.10522999999999999,0.19528022061960684
1090,18.442999999999998,74.637,0.14533,0.17000326248420453
1091,18.442999999999998,74.67,0.1204,0.17218339725073253
1092,18.444000000000003,74.643,0.055942,0.1703340673164764
1093,18.444000000000003,74.642,0.030043,0.17026994831872302
1094,18.445,74.718,0.13097,0.17552547496333118
1095,18.445,75.26,0.31577,0.22870599061912225
1096,18.445999999999998,75.23899999999999,0.17540999999999998,0.22640476047330974
1097,18.447,74.585,0.1231,0.16676812562865087
1098,18.448,74.72800000000001,0.14140999999999998,0.17609002186905634
1099,18.448,74.77199999999999,0.13355999999999998,0.17958688171844464
1100,18.448,74.45100000000001,0.081841,0.16121308184281072
1101,18.449,74.547,0.11517999999999999,0.1647855643099281
1102,18.449,74.567,0.15711,0.16575345778780895
1103,18.45,74.422,0.13358,0.16046000973307398
1104,18.45,74.798,0.13882,0.18161771846541888
1105,18.45,75.069,0.06641,0.2080062965824874
1106,18.451,74.354,0.21325999999999998,0.15945737940835583
1107,18.451,73.559,0.05427100000000001,0.22004609031187397
1108,18.451,74.556,0.094205,0.1651419752928164
1109,18.451,74.528,0.13355999999999998,0.16387446539198283
1110,18.452,74.58,0.12044,0.16630417396635824
1111,18.452,75.042,0.11192,0.20495374211393394
1112,18.453,75.36399999999999,0.12278,0.23774131778160593
1113,18.453,75.048,0.17457999999999999,0.2054652704376613
1114,18.454,74.703,0.16502,0.17386180402821685
1115,18.455,74.567,0.16764,0.16553544568844827
1116,18.455,74.21600000000001,0.15192,0.16061023336331284
1117,18.455,75.23,0.17540999999999998,0.22423920989027415
1118,18.456,74.783,0.16764,0.1799153114218164
1119,18.456,74.793,0.19379000000000002,0.18074614955888782
1120,18.456,75.126,0.12361,0.21327672578734172
1121,18.456,75.252,0.5789300000000001,0.22635033867968937
1122,18.456,74.743,0.14926,0.17672011240564148
1123,18.456,75.273,0.10022,0.22847049940639255
1124,18.456,74.535,0.10477,0.16402661056280735
1125,18.457,75.27,0.31577,0.22803027914471843
1126,18.457,74.21300000000001,0.11,0.16073767421313515
1127,18.458,74.907,0.43858,0.1908190924592922
1128,18.459,74.683,0.11787,0.172180504750767
1129,18.459,75.26899999999999,0.5263,0.22765353809076153
1130,18.459,75.126,0.083512,0.21291239802195208
1131,18.46,74.217,0.18336,0.16072538954259488
1132,18.46,74.22399999999999,0.19646,0.16056201683182172
1133,18.46,75.236,0.19296,0.2241811947891891
1134,18.461,74.271,0.16915,0.15976398134655725
1135,18.461,74.37899999999999,0.14400000000000002,0.15969279453979238
1136,18.461,74.583,0.10214,0.166121942695196
1137,18.461,74.681,0.11327000000000001,0.17193817039922302
1138,18.461,74.736,0.14926,0.17586755163333714
1139,18.462,75.06,0.058565,0.20570149782536776
1140,18.463,75.245,0.31577,0.22469432504956324
1141,18.465999999999998,74.366,0.15185,0.15958266998046336
1142,18.467,74.706,0.13097,0.17333205533191323
1143,18.467,74.712,0.10214,0.1737553686458382
1144,18.467,75.253,0.49121000000000004,0.2249683549988837
1145,18.469,75.264,0.19296,0.2258017318638447
1146,18.469,75.583,0.5263,0.25240084575501387
1147,18.471,75.26100000000001,0.14032,0.22523901189125997
1148,18.473,74.683,0.075909,0.17145788961438838
1149,18.473,75.25,0.35086,0.22388228753446762
1150,18.474,75.209,0.093537,0.21963006396502008
1151,18.474,74.414,0.14140999999999998,0.16014383909221733
1152,18.475,75.258,0.35086,0.22441889930341966
1153,18.475,75.141,0.14199,0.21257011491949654
1154,18.476,74.227,0.1624,0.16095059329283048
1155,18.476,74.90899999999999,0.31577,0.18943779219381754
1156,18.476,74.209,0.22528,0.16143086239234763
1157,18.476,75.244,0.24559,0.22289810395216517
1158,18.476,75.211,0.075157,0.2195840681797239
1159,18.477,74.889,0.26564,0.18752172006288206
1160,18.477,74.89399999999999,0.15163,0.18797647344979487
1161,18.477,75.207,0.091866,0.2190564349308012
1162,18.477999999999998,74.498,0.10189,0.16213358285544058
1163,18.477999999999998,75.577,0.17540999999999998,0.25062010633471854
1164,18.479,75.255,0.07014400000000001,0.2236078474704414
1165,18.479,74.221,0.20432,0.1611979974725091
1166,18.48,74.335,0.22303,0.15961102226997562
1167,18.480999999999998,74.414,0.11259000000000001,0.1601316386661126
1168,18.480999999999998,75.268,0.20799,0.22463179536465064
1169,18.484,75.104,0.088524,0.20779509308083013
1170,18.484,74.967,0.47367,0.19421682387299258
1171,18.484,75.247,0.8771899999999999,0.22218764689020123
1172,18.486,74.505,0.12111,0.16223424695092972
1173,18.486,75.243,0.66666,0.22154522635209775
1174,18.486,75.26100000000001,0.38594,0.2233138353614227
1175,18.487000000000002,75.268,0.26313000000000003,0.2238715455278101
1176,18.488,74.208,0.23838,0.1618799682924801
1177,18.488,76.063,0.067638,0.2499254290934446
1178,18.488,75.208,0.54384,0.217829130685839
1179,18.488,74.587,0.15711,0.16544880304338863
1180,18.488,74.208,0.18336,0.1618799682924801
1181,18.489,74.212,0.1886,0.16179383870884714
1182,18.489,75.23899999999999,0.17540999999999998,0.22078389319416228
1183,18.489,75.251,0.26313000000000003,0.22196306341365227
1184,18.489,75.21,0.14032,0.2179101800569442
1185,18.489,75.236,0.17540999999999998,0.22048810881716288
1186,18.49,73.646,0.1963,0.21236760843438854
1187,18.49,75.65899999999999,0.37006999999999995,0.25306868494336676
1188,18.491,75.138,0.2247,0.2104666044006737
1189,18.491,75.118,0.14115999999999998,0.20845709434882967
1190,18.492,74.211,0.15716,0.16193359913909602
1191,18.493,75.117,0.075157,0.20814479750127304
1192,18.494,74.204,0.24361999999999998,0.1622320788551607
1193,18.494,75.171,0.18377000000000002,0.2134432671839899
1194,18.494,75.217,0.14032,0.21801685993095957
1195,18.494,74.214,0.22528,0.16191483581135438
1196,18.496,74.215,0.2148,0.161957994086013
1197,18.497,74.209,0.17288,0.1621845628129738
1198,18.498,75.207,0.066836,0.21656747116241007
1199,18.499000000000002,74.87,0.10214,0.18419841501892067
1200,18.499000000000002,74.214,0.20432,0.16210156348073226
1201,18.499000000000002,75.13600000000001,0.15035,0.20940936871360163
1202,18.5,75.002,0.091866,0.19615383843357617
1203,18.5,74.95,0.17792,0.19125875248826965
1204,18.5,74.505,0.13614,0.1620544148378993
1205,18.500999999999998,74.22399999999999,0.16764,0.1618709501029785
1206,18.503,74.402,0.1445,0.16006598854436974
1207,18.503,74.47800000000001,0.13364,0.16130421681372045
1208,18.503,75.22,0.45611999999999997,0.21727535490622044
1209,18.503,75.04899999999999,0.13949,0.2004239848714379
1210,18.504,74.215,0.19646,0.16226180642094815
1211,18.504,74.775,0.13097,0.1762958741958406
1212,18.505,75.118,0.12612,0.20700676517960095
1213,18.507,74.48100000000001,0.10858,0.16135595373366343
1214,18.507,75.324,0.10022,0.2266879530654117
1215,18.508,74.214,0.2017,0.16245199287406445
1216,18.508,75.32,0.26313000000000003,0.22619901326595973
1217,18.508,74.247,0.20956,0.1614844412413711
1218,18.508,75.275,0.16037,0.22199737786047816
1219,18.509,75.203,0.5263,0.21494813280390393
1220,18.509,74.297,0.20790999999999998,0.1604993515939175
1221,18.509,74.12100000000001,0.0526,0.166520879656072
1222,18.51,74.242,0.16764,0.16168683277027765
1223,18.511,74.66,0.13289,0.16850764676660815
1224,18.512,74.226,0.22528,0.1622262349547309
1225,18.512,74.244,0.19384,0.16170445524977686
1226,18.512,75.078,0.050144,0.20240958295978442
1227,18.512,74.249,0.18336,0.16157212849085759
1228,18.514,74.166,0.31577,0.1645771361624833
1229,18.514,74.59100000000001,0.12044,0.16499523908748495
1230,18.514,75.214,0.11777,0.21547370358854293
1231,18.515,74.23899999999999,0.14406,0.161953598578818
1232,18.516,75.05199999999999,0.61402,0.19953828639741958
1233,18.516,75.138,0.21718,0.20787231828395838
1234,18.516,74.238,0.18074,0.16202004236727166
1235,18.517,75.172,0.095208,0.21108328907122068
1236,18.517,74.538,0.17549,0.16290933463092963
1237,18.518,75.04899999999999,0.067847,0.19907643358713958
1238,18.518,75.222,0.11692999999999999,0.21581369782456652
1239,18.519000000000002,74.583,0.083762,0.1645598932346091
1240,18.52,74.248,0.14144,0.1618879091665746
1241,18.521,74.484,0.18794,0.16138428282108766
1242,18.523,74.237,0.11262,0.1623208012320422
1243,18.523,74.196,0.16764,0.16374878354651115
1244,18.524,74.24600000000001,0.1886,0.16209493488440088
1245,18.525,74.204,0.18074,0.16353143689229702
1246,18.526,75.297,0.10022,0.22198929944400927
1247,18.526,74.553,0.17549,0.16332016154536003
1248,18.526,74.584,0.13355999999999998,0.16448309813118103
1249,18.526,75.056,0.11692999999999999,0.19905620715404773
1250,18.527,74.264,0.17288,0.16172443600792044
1251,18.527,75.207,0.1729,0.21343568144560435
1252,18.527,76.649,0.11108,0.1439126005463817
1253,18.528,74.57,0.10189,0.16390957860581026
1254,18.528,74.986,0.1445,0.1923857824020915
1255,18.529,74.173,0.12834,0.16501407013308036
1256,18.529,74.23899999999999,0.18336,0.1625003529041478
1257,18.529,75.422,0.12047999999999999,0.23245993946726398
1258,18.531,75.331,0.09604299999999999,0.22449841854817335
1259,18.532,74.61399999999999,0.13097,0.16565565607323843
1260,18.532,74.241,0.19384,0.16256106081475355
1261,18.533,74.501,0.05427100000000001,0.16176395912142608
1262,18.534000000000002,74.568,0.15457,0.16376463004257283
1263,18.534000000000002,75.4,0.15711,0.23007176057920745
1264,18.534000000000002,74.877,0.075291,0.18256191868012964
1265,18.534000000000002,74.372,0.24509,0.16041773339890134
1266,18.535,74.192,0.18074,0.1644850446728188
1267,18.535999999999998,74.47399999999999,0.15185,0.16121142692255888
1268,18.537,75.12899999999999,0.050211,0.20503539669746165
1269,18.537,75.15,0.15202000000000002,0.20703115087024762
1270,18.537,75.42,0.24559,0.23134282754312754
1271,18.538,74.17399999999999,0.20382,0.1654357396718831
1272,18.539,74.183,0.35086,0.16507759634152722
1273,18.539,74.242,0.19384,0.1628216676552722
1274,18.539,75.403,0.10214,0.22973534075248828
1275,18.54,74.03699999999999,0.15954000000000002,0.17398801784656717
1276,18.54,74.033,0.16539,0.17429496372401002
1277,18.54,75.206,0.11609000000000001,0.21205116937624882
1278,18.541,74.152,0.24559,0.1666811180127146
1279,18.541,74.152,0.19296,0.1666811180127146
1280,18.541,74.03399999999999,0.17625,0.1742923585392089
1281,18.541,74.039,0.16539,0.17390951980420224
1282,18.541,74.15899999999999,0.35086,0.16632411437645558
1283,18.541,74.48,0.094205,0.16134407570108258
1284,18.542,73.953,0.19296,0.18130399658903953
1285,18.542,74.101,0.17457999999999999,0.16966806826009787
1286,18.542,74.14699999999999,0.17540999999999998,0.1670003257704701
1287,18.542,74.14699999999999,0.24559,0.1670003257704701
1288,18.542,74.161,0.2105,0.16627960136927325
1289,18.543,74.15100000000001,0.3684,0.16684730701924025
1290,18.543,74.154,0.10522999999999999,0.16669142676973928
1291,18.543,74.15899999999999,0.29822,0.16643598217647407
1292,18.543,75.249,0.12445,0.21576965885304714
1293,18.544,74.23899999999999,0.1624,0.1631351948966803
1294,18.545,74.036,0.15703,0.17443689181449398
1295,18.546,74.169,0.29822,0.16610616430442485
1296,18.546,74.865,0.16622,0.1809502497835697
1297,18.546,74.173,0.45611999999999997,0.16591261790485748
1298,18.547,74.173,0.43858,0.16596732131809636
1299,18.547,75.188,0.050762,0.2097025125479132
1300,18.548,74.041,0.54384,0.17427653323472694
1301,18.549,74.167,0.24559,0.1663717075822854
1302,18.549,75.237,0.15202000000000002,0.21407414331111443
1303,18.55,74.153,0.29822,0.1671474046995464
1304,18.55,75.317,0.35086,0.22120675075584587
1305,18.551,75.093,0.075291,0.20047590874532098
1306,18.551,74.16,0.17540999999999998,0.16683981900465664
1307,18.551,74.135,0.10522999999999999,0.1681962917215523
1308,18.551,74.16,0.5789300000000001,0.16683981900465664
1309,18.551,75.168,0.081841,0.20747201380185146
1310,18.551,75.308,0.49121000000000004,0.22030879492428726
1311,18.552,74.164,0.40349,0.1666924695488932
1312,18.552,74.172,0.19296,0.16629285604206115
1313,18.552,74.165,0.15787,0.16664175572931952
1314,18.554000000000002,74.166,0.35086,0.1667054129238266
1315,18.554000000000002,75.247,0.058448,0.21451496920856153
1316,18.555,74.17,0.50876,0.1665611742947323
1317,18.555,75.209,0.050428,0.2109274005461799
1318,18.555999999999997,74.17699999999999,0.40349,0.1662726530662955
1319,18.555999999999997,74.161,0.22804000000000002,0.1670780287562417
1320,18.555999999999997,74.167,0.33331,0.16676948445625275
1321,18.555999999999997,74.179,0.33331,0.1661758999090577
1322,18.555999999999997,74.344,0.20215,0.1611934765980048
1323,18.557000000000002,74.426,0.14365999999999998,0.16090973888967433
1324,18.559,74.17399999999999,0.19296,0.1665897431044038
1325,18.559,74.788,0.15202000000000002,0.1747609621650478
1326,18.561,74.16,0.33331,0.16742554581500604
1327,18.561,74.908,0.54384,0.18358979486357177
1328,18.561,74.171,0.61402,0.16685526231792516
1329,18.561,74.593,0.1562,0.16443785547395853
1330,18.562,74.32,0.12044,0.16176087877200565
1331,18.562,76.532,0.15035,0.1697798773543219
1332,18.564,73.57,0.45261,0.23331243074346256
1333,18.564,75.0,0.07245,0.19115562257779087
1334,18.566,74.514,0.079334,0.16216034503972546
1335,18.567,74.171,0.3684,0.16720636902166222
1336,18.567999999999998,74.165,0.61402,0.16757959043042217
1337,18.567999999999998,75.523,0.40349,0.2352429048596171
1338,18.567999999999998,74.175,0.42103,0.16706058009246752
1339,18.569000000000003,75.266,0.14365999999999998,0.21483763497200295
1340,18.569000000000003,74.559,0.11325,0.1632996838421449
1341,18.569000000000003,75.22800000000001,0.09019500000000001,0.2114221712899074
1342,18.57,73.477,0.084138,0.24944054823851472
1343,18.570999999999998,75.141,0.081941,0.2033306930777529
1344,18.570999999999998,74.173,0.23055,0.16734057243143666
1345,18.570999999999998,74.179,0.1988,0.1670343422663282
1346,18.572,74.164,0.47367,0.1678755863710855
1347,18.572,74.155,0.35086,0.16836845811324344
1348,18.572,74.16,0.19296,0.1680924738950326
1349,18.573,74.024,0.31577,0.17758908703720802
1350,18.573,75.054,0.10774,0.19533287926824464
1351,18.573,74.413,0.61402,0.1612189611397398
1352,18.574,74.02,0.3684,0.1780074677396465
1353,18.574,74.256,0.17540999999999998,0.1639424353039596
1354,18.574,74.024,0.6842,0.1776703246068684
1355,18.574,74.028,0.3684,0.17733649656614572
1356,18.574,74.039,0.24559,0.17643561627816298
1357,18.574,75.09899999999999,0.081941,0.1992963122492998
1358,18.574,74.163,0.56139,0.16805238853370855
1359,18.575,74.164,0.54384,0.1680597982250334
1360,18.575,75.553,0.42103,0.2363200488576788
1361,18.576,75.278,0.030143,0.2152712950833329
1362,18.576,74.02,0.22804000000000002,0.1781715075983388
1363,18.576,75.086,0.18209,0.19798741940242817
1364,18.577,74.025,0.28068000000000004,0.17783079527051207
1365,18.578,74.252,0.20382,0.16427650325439205
1366,18.578,75.561,0.56139,0.23645836763765285
1367,18.58,74.025,0.42103,0.17807643584520763
1368,18.581,74.04,0.28068000000000004,0.17691265178567064
1369,18.581,74.156,0.40349,0.16888105816486523
1370,18.584,74.222,0.19212,0.16576732663187413
1371,18.585,75.50399999999999,0.31577,0.2321802114583438
1372,18.585,75.51100000000001,0.49121000000000004,0.23263868828452364
1373,18.585,75.551,0.42103,0.23512060740749954
1374,18.586,74.039,0.10607,0.17739805010353263
1375,18.586,74.729,0.081841,0.17040108711972382
1376,18.587,74.153,0.5263,0.16944238922699476
1377,18.589000000000002,73.442,0.066803,0.25818550391632955
1378,18.589000000000002,75.505,0.35086,0.2318369986906497
1379,18.589000000000002,75.557,0.5263,0.2350501488734207
1380,18.589000000000002,74.209,0.22804000000000002,0.16663118103638244
1381,18.594,75.327,0.15285,0.21789926827555486
1382,18.596,74.197,0.18126,0.167627140611912
1383,18.597,74.089,0.17374,0.1743678775105483
1384,18.598,74.29,0.16121,0.1640030982070703
1385,18.598,75.041,0.10022,0.19268423468826537
1386,18.599,74.314,0.18711,0.1633846292349688
1387,18.599,75.12899999999999,0.10774,0.20027255416669634
1388,18.599,74.289,0.20047,0.16408191181625068
1389,18.6,75.53399999999999,0.14032,0.23256969487120996
1390,18.6,75.539,0.45611999999999997,0.23287151906987483
1391,18.6,75.319,0.095208,0.216724339737056
1392,18.601,75.583,0.56139,0.23525783765380262
1393,18.601,74.556,0.16756,0.16340414673689488
1394,18.602,75.021,0.10774,0.19077951393384743
1395,18.602999999999998,75.435,0.3684,0.22561439340264003
1396,18.602999999999998,75.756,0.16288,0.24134693653131592
1397,18.602999999999998,75.555,0.28068000000000004,0.23351450277883892
1398,18.604,74.116,0.15703,0.17297540398717695
1399,18.605999999999998,75.0,0.06641,0.18883998732720167
1400,18.607,73.595,0.1846,0.23507806031223846
1401,18.608,74.464,0.13614,0.16220164535244866
1402,18.608,75.04,0.16622,0.19206644928612984
1403,18.608,74.457,0.035473000000000005,0.16217250279007492
1404,18.61,74.102,0.18293,0.17441323938564005
1405,18.61,75.434,0.5789300000000001,0.22491590914061013
1406,18.613,74.449,0.24241,0.16229319363961384
1407,18.615,74.07600000000001,0.17875,0.17676856557458112
1408,18.616,74.166,0.16121,0.1706285262215327
1409,18.617,75.539,0.3684,0.23125326568073748
1410,18.617,75.27,0.14115999999999998,0.2112888525326412
1411,18.618,75.041,0.1186,0.19165372493678426
1412,18.619,74.344,0.18209,0.1635842518222003
1413,18.619,75.553,0.0526,0.23188084150179547
1414,18.62,75.226,0.15035,0.20733705354955959
1415,18.62,74.089,0.17374,0.17616325143673398
1416,18.621,75.539,0.19296,0.23089020700304633
1417,18.621,74.061,0.12278,0.17846906680617305
1418,18.621,74.08800000000001,0.16121,0.17631992346126182
1419,18.621,74.097,0.16037,0.17563749607845394
1420,18.621,74.113,0.17374,0.1744664786827881
1421,18.622,73.926,0.08936000000000001,0.1915438716615481
1422,18.622,74.123,0.22386999999999999,0.17383786947727656
1423,18.622,74.237,0.26605999999999996,0.1673059910698457
1424,18.622,74.09899999999999,0.1846,0.1755670353908181
1425,18.622,74.903,0.15202000000000002,0.1807129858447634
1426,18.622,75.52,0.5263,0.22965809825553288
1427,18.622,75.589,0.24559,0.23354377423169273
1428,18.622,75.616,0.43858,0.2348536961527449
1429,18.622,74.093,0.16037,0.17601834171643918
1430,18.623,75.297,0.11692999999999999,0.21311674711714526
1431,18.623,75.567,0.0526,0.23229477097710152
1432,18.624000000000002,74.24600000000001,0.19212,0.16702871122065013
1433,18.624000000000002,75.60600000000001,0.29822,0.23419823738841564
1434,18.624000000000002,75.251,0.084347,0.2091962355377948
1435,18.624000000000002,75.52,0.56139,0.22948209268002298
1436,18.624000000000002,75.575,0.3684,0.23263386151414647
1437,18.625,74.093,0.16288,0.17625824991781738
1438,18.625,74.219,0.17875,0.16834145043181928
1439,18.625,74.479,0.18594000000000002,0.1627331422486973
1440,18.625,74.096,0.1704,0.17603049077881175
1441,18.625999999999998,74.135,0.17540999999999998,0.1733175371211866
1442,18.627,73.61,0.29822,0.2353381455745435
1443,18.627,74.221,0.2222,0.16837037989511475
1444,18.627,74.325,0.22386999999999999,0.1644236899118067
1445,18.629,75.586,0.5263,0.23275694484221912
1446,18.629,75.242,0.17123,0.20810690912556154
1447,18.629,75.283,0.1069,0.21153732451053578
1448,18.63,75.586,0.24559,0.23266811328500384
1449,18.632,75.286,0.12111,0.211582245086868
1450,18.633,75.502,0.15787,0.22759316288540757
1451,18.634,74.154,0.35086,0.17265927280733942
1452,18.634,74.914,0.24559,0.18116118924482952
1453,18.634,75.139,0.12278,0.19908293206654185
1454,18.634,74.205,0.17540999999999998,0.1696502278613529
1455,18.636,75.541,0.38594,0.22970390405441202
1456,18.636,74.374,0.19212,0.16376190741602928
1457,18.636,75.157,0.12612,0.20049747388582287
1458,18.637999999999998,74.11,0.1562,0.17602071083456108
1459,18.637999999999998,74.164,0.18627,0.17231696673342714
1460,18.639,74.384,0.21325999999999998,0.1637279871777835
1461,18.639,74.899,0.31577,0.17997297343152333
1462,18.639,75.569,0.61402,0.23100553822808526
1463,18.641,75.653,0.24559,0.23470785686142517
1464,18.642,75.195,0.14199,0.2033720543505443
1465,18.644000000000002,75.59100000000001,0.59648,0.23171757802405282
1466,18.644000000000002,75.355,0.1704,0.21629896276293517
1467,18.648,73.615,0.25261,0.2373253398942218
1468,18.649,74.932,0.009992000000000001,0.18206516899726746
1469,18.65,74.92699999999999,0.1362,0.18168449352637353
1470,18.651,74.4,0.18794,0.16402175080849293
1471,18.652,74.529,0.13364,0.16391294574088403
1472,18.653,74.024,0.49121000000000004,0.1845579428409652
1473,18.654,74.016,0.10522999999999999,0.18540927970011004
1474,18.654,74.157,0.21718,0.17397039529332417
1475,18.654,75.139,0.18209,0.19810619558367817
1476,18.656,75.05,0.054328999999999995,0.19080690041732176
1477,18.656,76.436,0.079435,0.1818997875346793
1478,18.656,75.03699999999999,0.13197,0.18978089493806696
1479,18.657,74.21300000000001,0.54384,0.17079932965331537
1480,18.658,74.237,0.22303,0.16961400758147274
1481,18.658,74.219,0.16121,0.17054427890450233
1482,18.659000000000002,75.605,0.31577,0.23118472711332563
1483,18.662,74.596,0.15686,0.16531899205919523
1484,18.663,74.00399999999999,0.19296,0.1874329264825159
1485,18.665,74.774,0.2148,0.17205487290909197
1486,18.666,75.094,0.21550999999999998,0.19395740617025117
1487,18.669,74.007,0.31577,0.1877148227240514
1488,18.669,74.024,0.66666,0.18605864923895113
1489,18.676,74.278,0.21550999999999998,0.16890750209161812
1490,18.679000000000002,75.138,0.14617,0.19701146433784636
1491,18.68,74.88600000000001,0.22804000000000002,0.17844415560853535
1492,18.680999999999997,74.259,0.19797,0.1701104270267985
1493,18.682000000000002,75.369,0.37174,0.21502804219529117
1494,18.682000000000002,74.204,0.23055,0.17314380455454884
1495,18.683,74.766,0.1231,0.17171505715894955
1496,18.684,75.134,0.1186,0.19651821377898995
1497,18.686,74.953,0.066936,0.18282955185839558
1498,18.686,75.116,0.11944,0.19502900122551073
1499,18.689,74.502,0.18126,0.16500638372324752
1500,18.69,75.039,0.10022,0.1889832767712372
1501,18.69,75.105,0.13530999999999999,0.1940458927392992
1502,18.695,74.884,0.28068000000000004,0.17822516195645446
1503,18.697,74.141,0.21885,0.1785966030083789
1504,18.7,74.704,0.18636,0.1693053583443748
1505,18.701,74.892,0.24559,0.17869829316155308
1506,18.701,75.04899999999999,0.17457999999999999,0.18950177540247873
1507,18.703,74.74,0.19296,0.17076566816091834
1508,18.704,74.923,0.45611999999999997,0.18064415359111743
1509,18.704,75.09100000000001,0.15703,0.19260560936080265
1510,18.705,73.781,0.16497,0.21924255310226828
1511,18.707,74.33800000000001,0.8421,0.1686023130364295
1512,18.71,73.501,0.1562,0.2651498825070455
1513,18.711,74.209,0.21718,0.17510183114750713
1514,18.714000000000002,74.876,0.15716,0.1777379124579103
1515,18.715,75.067,0.12194,0.19058649778062167
1516,18.715,74.263,0.17540999999999998,0.17235747301490958
1517,18.717,74.517,0.11262,0.16623142847702158
1518,18.717,74.727,0.14406,0.17049876015744195
1519,18.72,74.725,0.11359000000000001,0.1704869594829466
1520,18.727,74.76899999999999,0.030043,0.1724060081822946
1521,18.727999999999998,75.101,0.23389000000000001,0.19290124717693405
1522,18.732,74.164,0.12278,0.1799289369315629
1523,18.735,74.571,0.1362,0.16731337854456266
1524,18.737000000000002,73.809,0.066803,0.21915129200854203
1525,18.737000000000002,74.969,0.14032,0.18354988441405565
1526,18.738,74.898,0.15192,0.1791545107393905
1527,18.738,74.594,0.12303,0.1676997269483881
1528,18.739,73.472,0.042967,0.27439924344284083
1529,18.741,73.811,0.1562,0.2193540032225674
1530,18.744,74.797,0.1755,0.17397906476637962
1531,18.744,75.325,0.1044,0.20926750431207822
1532,18.745,74.27600000000001,0.16288,0.1739872879149498
1533,18.746,74.858,0.030043,0.1770163953454489
1534,18.746,74.887,0.18336,0.17860143544198606
1535,18.748,74.829,0.20432,0.17556812100547983
1536,18.750999999999998,74.741,0.2105,0.17185712806144895
1537,18.750999999999998,74.832,0.030043,0.17577090354406025
1538,18.753,76.569,0.16706,0.14953321564719882
1539,18.753,74.357,0.38594,0.17106145697650446
1540,18.753,74.06,0.07014400000000001,0.19082119220219265
1541,18.753,74.432,0.66666,0.1689864396703669
1542,18.753,74.785,0.12044,0.17365231998742883
1543,18.754,74.53699999999999,0.14144,0.16804600091878655
1544,18.754,74.236,0.19296,0.17697070988530242
1545,18.754,76.014,0.18377000000000002,0.2258645647844222
1546,18.756,74.249,0.35086,0.17636153377409428
1547,18.757,74.514,0.1231,0.16824354290240465
1548,18.757,74.742,0.18074,0.17206852372603523
1549,18.758,74.848,0.15716,0.1767004495820416
1550,18.759,74.58,0.1445,0.16849031212419988
1551,18.759,75.191,0.14617,0.19913148658030036
1552,18.761,74.78399999999999,0.1886,0.1738133800232591
1553,18.762999999999998,74.259,0.21134,0.17636562354002963
1554,18.764,76.14699999999999,0.12445,0.21617983773932894
1555,18.764,74.155,0.29822,0.1835266142378014
1556,18.766,74.855,0.1587,0.1772123610579394
1557,18.767,74.21,0.50876,0.1797672660255232
1558,18.768,74.771,0.49121000000000004,0.17348563884624427
1559,18.769000000000002,74.275,0.16539,0.17597147608049482
1560,18.774,74.105,0.19713,0.18871627561595886
1561,18.775,74.067,0.062625,0.19238538050051737
1562,18.78,74.743,0.12572,0.1728607563831989
1563,18.781,75.854,0.065967,0.22929655698749532
1564,18.782,74.178,0.15703,0.18343348325497547
1565,18.782,74.71300000000001,0.16502,0.17199822958226554
1566,18.783,74.373,0.19212,0.1726873445463926
1567,18.783,73.475,0.12695,0.2800099236213459
1568,18.785,74.367,0.19379000000000002,0.1730540091132622
1569,18.785999999999998,74.669,0.14668,0.17106604852291454
1570,18.788,74.816,0.08518200000000001,0.17594500783568537
1571,18.79,74.40100000000001,0.12834,0.17229062421712252
1572,18.791,74.097,0.27951,0.19116277093703996
1573,18.791,74.626,0.2017,0.17056427079513206
1574,18.791,74.758,0.19646,0.17377650440632578
1575,18.794,74.196,0.15118,0.18321712544950322
1576,18.796,74.22800000000001,0.20382,0.181162558600559
1577,18.801,74.40899999999999,0.11262,0.17286532605599428
1578,18.803,74.385,0.20694,0.1737897427434816
1579,18.804000000000002,74.744,0.00029241,0.17382704634473792
1580,18.805,74.589,0.19646,0.17098153243871453
1581,18.805999999999997,74.204,0.15703,0.1837636336247647
1582,18.805999999999997,74.243,0.14140999999999998,0.1810887027492857
1583,18.805999999999997,74.13600000000001,0.22053000000000003,0.1891775181328235
1584,18.805999999999997,74.399,0.12047999999999999,0.1735520037422368
1585,18.805999999999997,74.426,0.09428099999999999,0.17275802585762093
1586,18.805999999999997,74.393,0.1624,0.17374868255787126
1587,18.807000000000002,74.704,0.13358,0.17283337902091792
1588,18.807000000000002,74.374,0.11259000000000001,0.1744992666593356
1589,18.807000000000002,74.392,0.12572,0.1738594140147616
1590,18.807000000000002,74.41,0.1624,0.17328606984672393
1591,18.808,74.891,0.18074,0.18007078659679224
1592,18.808,74.586,0.11517999999999999,0.17114144624445862
1593,18.81,74.367,0.13882,0.175006035674152
1594,18.811,74.375,0.16238,0.17477914213977844
1595,18.811,74.76100000000001,0.15325,0.17467071312476437
1596,18.813,74.819,0.18544000000000002,0.17691649237470278
1597,18.817,74.133,0.19421,0.1905527937627988
1598,18.817,74.135,0.19003,0.19037704656537005
1599,18.817999999999998,73.834,0.050094,0.2254978079501935
1600,18.817999999999998,74.135,0.083512,0.190478885180448
1601,18.817999999999998,74.464,0.1231,0.17274627291704506
1602,18.817999999999998,75.13,0.21216999999999997,0.19477537030671047
1603,18.827,74.40899999999999,0.15192,0.17486520961340404
1604,18.827,74.812,0.14406,0.17718243721805052
1605,18.828,74.389,0.1624,0.1756292018596334
1606,18.829,74.581,0.12047999999999999,0.1724082227945676
1607,18.831,74.605,0.15454,0.17261572722232413
1608,18.832,74.403,0.095041,0.1754623732473665
1609,18.832,74.388,0.18336,0.1759920864380691
1610,18.834,74.152,0.21718,0.19063872721843014
1611,18.834,73.851,0.29822,0.22505254359925678
1612,18.834,73.851,0.10022,0.22505254359925678
1613,18.835,74.203,0.10022,0.1866356161706252
1614,18.835,73.835,0.089777,0.22744973120447723
1615,18.835,74.727,0.10189,0.17478277308590487
1616,18.835,74.565,0.08641900000000001,0.17280420449138814
1617,18.836,73.834,0.089777,0.22771674956214508
1618,18.837,74.85600000000001,0.45611999999999997,0.179411933154788
1619,18.837,75.07600000000001,0.12779000000000001,0.1915289723210554
1620,18.839000000000002,74.889,0.20432,0.1809987643069482
1621,18.84,74.83800000000001,0.19212,0.17876841938116886
1622,18.842,75.794,0.07014400000000001,0.22790254317320194
1623,18.844,74.65899999999999,0.12829000000000002,0.17392660489724357
1624,18.844,74.67699999999999,0.20215,0.17420296346730005
1625,18.848,75.686,0.35086,0.22612513765674994
1626,18.851,73.818,0.014587000000000001,0.23190246263547468
1627,18.852,73.851,0.07724600000000001,0.22726395787117606
1628,18.854,74.396,0.71929,0.1775309772775521
1629,18.855999999999998,74.583,0.12834,0.17419453779655006
1630,18.865,74.354,0.18336,0.18025285100596858
1631,18.869,74.67699999999999,0.07014400000000001,0.17571508621033974
1632,18.875,74.744,0.1362,0.1774104518143931
1633,18.878,74.485,0.09951900000000001,0.17692461840567344
1634,18.88,74.715,0.11192,0.17706276667884238
1635,18.883,75.259,0.11442000000000001,0.20440150019798722
1636,18.884,74.907,0.17792,0.1837461569330349
1637,18.885,74.869,0.20799,0.1821371847102923
1638,18.885,74.92399999999999,0.35086,0.18458750434446627
1639,18.886,74.53399999999999,0.15711,0.17673491854180493
1640,18.887,74.714,0.15192,0.1774849159330051
1641,18.89,74.899,0.17708,0.183675188069408
1642,18.892,74.747,0.081841,0.17851212608949932
1643,18.894000000000002,74.786,0.18878,0.17967803247352535
1644,18.896,73.414,0.20631999999999998,0.3065608902857143
1645,18.897000000000002,74.601,0.13358,0.17713126529774872
1646,18.899,74.633,0.09951900000000001,0.1773371068582225
1647,18.906,73.94,0.05427100000000001,0.22174173098923036
1648,18.907,74.327,0.15186,0.18558045015380212
1649,18.91,73.612,0.65262,0.27270050154404835
1650,18.91,74.734,0.20465,0.17938822930118595
1651,18.912,74.752,0.17792,0.17991362453208895
1652,18.913,74.627,0.13097,0.1783604728281082
1653,18.913,74.76,0.14144,0.18016877584827265
1654,18.916,74.83,0.16789,0.18240020472432264
1655,18.919,74.604,0.14406,0.17882352794847903
1656,18.924,74.726,0.099469,0.18019834178020203
1657,18.924,74.572,0.081841,0.1793960099306723
1658,18.925,74.911,0.15454,0.18606259169500464
1659,18.925,76.09899999999999,0.09019500000000001,0.2183600949723066
1660,18.926,76.03,0.11692999999999999,0.2226362944638798
1661,18.926,74.718,0.12047999999999999,0.18020127411012124
1662,18.927,74.653,0.088524,0.1795381275643784
1663,18.927,75.03699999999999,0.10525999999999999,0.1923752924731509
1664,18.928,74.717,0.15703,0.1803284882787364
1665,18.929000000000002,74.79899999999999,0.19384,0.1822557589705425
1666,18.929000000000002,74.913,0.63157,0.18637792744409612
1667,18.930999999999997,74.648,0.1362,0.17982115822135183
1668,18.932000000000002,74.60600000000001,0.12047999999999999,0.17986020700111807
1669,18.932000000000002,74.219,0.31577,0.1954069525959459
1670,18.935,73.704,0.71929,0.2603685208686236
1671,18.935,75.082,0.086018,0.19526930861447292
1672,18.936,75.02199999999999,0.19889,0.19201956165013404
1673,18.937,76.031,0.06179,0.22277389294194952
1674,18.939,74.694,0.10214,0.18081823196324046
1675,18.941,74.457,0.14365999999999998,0.18318153060663547
1676,18.941,74.806,0.1755,0.18326252122029854
1677,18.942,74.625,0.16764,0.1806461697233758
1678,18.944000000000003,74.44800000000001,0.09951900000000001,0.1837567233610994
1679,18.947,74.868,0.1624,0.18568994432155908
1680,18.947,75.0,0.066903,0.19147544926010698
1681,18.95,74.623,0.1445,0.18130622049895798
1682,18.951,74.47800000000001,0.1755,0.1834865102706489
1683,18.951,74.863,0.20465,0.18577201529816703
1684,18.953,75.075,0.06689400000000001,0.1957729555241098
1685,18.958,73.579,0.55788,0.28466118562944787
1686,18.96,73.592,0.55788,0.2826302693680126
1687,18.962,74.737,0.20465,0.18320316020032604
1688,18.962,74.705,0.15703,0.18273749465650382
1689,18.964000000000002,73.59899999999999,0.6210399999999999,0.28191404241695317
1690,18.97,74.67399999999999,0.13614,0.1831033635153381
1691,18.97,74.89699999999999,0.22804000000000002,0.1883039508956819
1692,18.97,74.702,0.1988,0.18334571692086923
1693,18.977,75.845,0.12278,0.22909865845156244
1694,18.982,74.64699999999999,0.16472,0.1840250459914863
1695,18.983,74.788,0.1988,0.18586249083798403
1696,18.984,75.238,0.42103,0.20678657467523567
1697,18.984,74.782,0.20799,0.1858036226367378
1698,18.987000000000002,74.89699999999999,0.26313000000000003,0.18948878830336394
1699,18.989,75.067,0.14533,0.19738728099230088
1700,18.991,74.454,0.15503,0.18812459578612675
1701,18.991,74.859,0.17792,0.18845647076534125
1702,18.992,74.877,0.1988,0.18913342642578349
1703,18.993,74.873,0.1988,0.18907027461100714
1704,18.994,73.916,0.066803,0.2356893841370116
1705,18.994,74.889,0.24140999999999999,0.1897032769866285
1706,18.995,74.876,0.1988,0.18932131552765366
1707,18.999000000000002,73.62100000000001,0.056359000000000006,0.28250307376353156
1708,19.002,74.207,0.5263,0.20415275766274724
1709,19.003,74.878,0.20965999999999999,0.1899908410163135
1710,19.004,74.686,0.14701,0.1860876825829694
1711,19.009,74.878,0.21969,0.1904496917786538
1712,19.009,74.874,0.1988,0.1903161869030813
1713,19.009,74.877,0.20965999999999999,0.19041613228910573
1714,19.009,74.883,0.17792,0.19061930994893742
1715,19.011,75.80199999999999,0.17708,0.23040034161603543
1716,19.012999999999998,75.333,0.044245,0.21377570286978068
1717,19.017,75.416,0.17708,0.21850567871909324
1718,19.017,74.118,0.11275,0.21422780231643226
1719,19.018,74.608,0.06930900000000001,0.18744055380351501
1720,19.02,74.857,0.18544000000000002,0.19064420537772422
1721,19.021,75.446,0.17540999999999998,0.22024668946467743
1722,19.023,73.947,0.11902,0.2350797964890772
1723,19.024,74.875,0.18878,0.19152958560489333
1724,19.025,74.876,0.17792,0.19164213509920128
1725,19.027,74.582,0.13832,0.1885850831665075
1726,19.029,76.142,0.10106,0.21846859223719653
1727,19.031,74.709,0.15711,0.18867081301593427
1728,19.032,75.706,0.081005,0.23028868244295467
1729,19.032,74.421,0.18336,0.19368012967933837
1730,19.033,74.684,0.50876,0.1887001370935865
1731,19.035,73.935,0.046751999999999995,0.23815176273974983
1732,19.035999999999998,75.714,0.10607,0.23062325779737128
1733,19.039,76.203,0.081841,0.21349778888181362
1734,19.042,73.437,0.34668000000000004,0.3205296895591554
1735,19.043,74.539,0.20164,0.19094154015456447
1736,19.044,74.34100000000001,0.85964,0.1991593276120214
1737,19.052,74.117,0.11275,0.21848667421294057
1738,19.055,74.395,0.1755,0.19739680506136106
1739,19.055999999999997,75.086,0.10022,0.20292809442449702
1740,19.066,74.627,0.14617,0.1919835167147357
1741,19.066,74.17,0.78947,0.2149143450341732
1742,19.067999999999998,74.671,0.42103,0.1920229206316524
1743,19.069000000000003,73.86,0.11524000000000001,0.2528452151397931
1744,19.07,73.85600000000001,0.11524000000000001,0.2535518634635501
1745,19.07,74.578,0.38594,0.1929674558916639
1746,19.072,73.855,0.12577,0.2539433139874855
1747,19.072,73.86399999999999,0.1362,0.25263109106346304
1748,19.074,73.861,0.1362,0.2533122416037149
1749,19.077,74.193,0.8245600000000001,0.2141002523260215
1750,19.077,74.641,0.49121000000000004,0.19300284035611173
1751,19.078,73.855,0.12577,0.25467782159826124
1752,19.079,74.579,0.26313000000000003,0.19388567833186246
1753,19.08,73.857,0.11524000000000001,0.2546298622961086
1754,19.08,73.877,0.10477,0.2517349377330993
1755,19.082,73.861,0.15716,0.2542909205314321
1756,19.083,73.861,0.14668,0.25441310867399036
1757,19.084,74.023,0.66666,0.23290163947310197
1758,19.084,73.866,0.11524000000000001,0.25380915252977576
1759,19.085,74.87100000000001,0.11025,0.19663407047375872
1760,19.087,73.855,0.10477,0.25577730494723616
1761,19.088,73.888,0.15716,0.25114433368933464
1762,19.089000000000002,73.859,0.1362,0.25543688777300844
1763,19.09,74.404,0.6491100000000001,0.2008443365652375
1764,19.093,73.854,0.12577,0.2566550985405368
1765,19.094,73.862,0.11524000000000001,0.25560946226863246
1766,19.094,74.947,0.15202000000000002,0.19993320081963586
1767,19.096,75.58800000000001,0.066803,0.23063959446971408
1768,19.096,73.855,0.11524000000000001,0.2568738860855331
1769,19.098,73.854,0.11524000000000001,0.25726352854881085
1770,19.101,74.637,0.63157,0.1954951297235146
1771,19.102999999999998,74.699,0.17792,0.195571584148605
1772,19.104,74.37,0.78947,0.20424833492997455
1773,19.105999999999998,76.28399999999999,0.13865,0.20881239001482468
1774,19.108,74.63600000000001,0.47367,0.19623598172325543
1775,19.109,74.211,0.14032,0.21630436784651855
1776,19.111,74.634,0.56139,0.19656814008668624
1777,19.111,74.756,0.12278,0.1967948865234496
1778,19.111,74.40899999999999,0.065967,0.2029764788446974
1779,19.112000000000002,75.502,0.19296,0.2283649984015992
1780,19.112000000000002,73.86,0.10477,0.2580863894118729
1781,19.117,73.734,0.079334,0.2780043972164822
1782,19.117,75.801,0.047587,0.2360795421574763
1783,19.118,74.702,0.15703,0.19712077586963064
1784,19.12,74.892,0.12278,0.2005059351122296
1785,19.12,74.275,0.1755,0.21239931296643302
1786,19.122,75.30199999999999,0.15787,0.21931627065009665
1787,19.124000000000002,75.36399999999999,0.067321,0.22268489217403256
1788,19.125,74.715,0.42103,0.19789467926738738
1789,19.129,74.70100000000001,0.14701,0.19826515109180967
1790,19.129,74.67,0.14701,0.19827561746120917
1791,19.13,74.673,0.17792,0.1983738678318078
1792,19.132,73.699,0.34417,0.28544118144491626
1793,19.132,74.783,0.18878,0.19926962589614775
1794,19.133,73.714,0.34417,0.2831165835570002
1795,19.134,73.835,0.064714,0.2644115463021637
1796,19.134,73.818,0.064714,0.2669538231835855
1797,19.135,74.851,0.07098,0.2008776009744864
1798,19.135,75.372,0.16764,0.22394418283806342
1799,19.136,73.835,0.093955,0.26465088194605024
1800,19.136,75.167,0.11025,0.2134526829196978
1801,19.137,73.941,0.21156999999999998,0.249792111267124
1802,19.137,73.941,0.29091999999999996,0.249792111267124
1803,19.142,74.558,0.15716,0.2011130494447481
1804,19.142,76.067,0.12445,0.23059677006182558
1805,19.147000000000002,75.679,0.10607,0.2367344797175032
1806,19.148,74.194,0.29822,0.22249621147902524
1807,19.149,74.428,0.14376,0.20643286792318963
1808,19.154,74.914,0.17792,0.20447913102090612
1809,19.155,74.71600000000001,0.084347,0.20106764823544324
1810,19.159000000000002,75.65,0.081841,0.2369558367288467
1811,19.162,74.67699999999999,0.13614,0.20181456353454477
1812,19.163,74.774,0.0033919,0.20237504631731754
1813,19.167,75.128,0.22804000000000002,0.2143216287476787
1814,19.167,74.685,0.021605000000000003,0.20234334315040384
1815,19.167,74.781,0.21969,0.20288679648167254
1816,19.168,75.03,0.31577,0.21004612798001057
1817,19.168,73.888,0.3166,0.2607971051068747
1818,19.168,74.794,0.049091,0.20317201588571857
1819,19.168,75.99600000000001,0.11025,0.23606858705775993
1820,19.169,75.447,0.3684,0.23029322437165148
1821,19.169,73.874,0.21159,0.2629017062990092
1822,19.17,74.777,0.0034755000000000003,0.203156255030868
1823,19.171,74.759,0.049175,0.20306808168822968
1824,19.171,73.788,0.1851,0.27587811782931704
1825,19.171,73.875,0.10572999999999999,0.2629961846260833
1826,19.171,74.72,0.17123,0.20281182671281708
1827,19.171,73.719,0.31744,0.2867047460599351
1828,19.171,73.796,0.58186,0.27465575723099367
1829,19.171,73.882,0.50207,0.26200128390529887
1830,19.172,73.882,0.37006999999999995,0.2621199395609306
1831,19.173,73.92699999999999,0.47608999999999996,0.2560043333104033
1832,19.174,74.307,0.7017399999999999,0.21649106337254867
1833,19.176,74.668,0.088524,0.20339448578518773
1834,19.176,73.707,0.079334,0.28920338978337
1835,19.176,75.821,0.18074,0.24034790430317102
1836,19.176,74.50399999999999,0.16764,0.20650580415851896
1837,19.176,73.562,0.39764,0.31339771751148116
1838,19.177,74.699,0.16789,0.2034307424994293
1839,19.177,74.56,0.052867,0.20502576346645676
1840,19.179000000000002,75.259,0.14667,0.22191476041556804
1841,19.18,73.798,0.21159,0.275398419823083
1842,19.18,73.842,0.18512,0.2688303104148775
1843,19.18,74.57300000000001,0.42321000000000003,0.20507848660591946
1844,19.180999999999997,73.79899999999999,0.1587,0.2753626493915694
1845,19.183,73.90100000000001,0.5555399999999999,0.2607592501478767
1846,19.183,73.941,0.13222,0.25531744614957164
1847,19.183,74.738,0.018848,0.2042082726269643
1848,19.185,74.543,0.50249,0.20637253211333087
1849,19.185,74.738,0.018681,0.20442755005350668
1850,19.186,73.74,0.6349100000000001,0.28507236684429393
1851,19.187,73.91199999999999,0.29095,0.25971470278655995
1852,19.187,73.91199999999999,0.68771,0.25971470278655995
1853,19.187,74.559,0.10572999999999999,0.20619835936982403
1854,19.188,73.925,0.079318,0.25806114175089
1855,19.189,74.845,0.14701,0.20631022301599147
1856,19.189,73.961,0.23800000000000002,0.2533994548962063
1857,19.19,73.962,0.34381999999999996,0.25338869136838804
1858,19.191,73.925,0.052867,0.2584170501333738
1859,19.191,73.89699999999999,0.37006999999999995,0.26226105000218336
1860,19.191,74.726,0.21156999999999998,0.2050306537691237
1861,19.191,73.941,0.68771,0.2562698938866854
1862,19.192,74.676,0.1988,0.20514679588159482
1863,19.192999999999998,73.874,0.079318,0.26573292704019036
1864,19.192999999999998,74.669,0.18878,0.20529210017546654
1865,19.194000000000003,73.964,0.66123,0.25360601842991704
1866,19.194000000000003,74.678,0.17792,0.20536374327470366
1867,19.195999999999998,74.672,0.17792,0.2056151970140994
1868,19.195999999999998,74.779,0.1044,0.20599227237742115
1869,19.197,73.88,0.44961999999999996,0.26535128677891406
1870,19.198,73.765,0.1587,0.28252727352084805
1871,19.198,73.875,0.1587,0.266176618542047
1872,19.198,73.876,0.026417000000000003,0.2660347273930541
1873,19.2,74.67699999999999,0.15703,0.20604442470654497
1874,19.201,74.502,0.1587,0.20949249479376833
1875,19.201,74.681,0.17792,0.20614201575658544
1876,19.202,73.717,0.39681,0.2905207349569813
1877,19.202,74.373,0.50252,0.21559509262255563
1878,19.202,74.67699999999999,0.16789,0.20627071405432165
1879,19.203,73.877,0.21159,0.2664775897542905
1880,19.203,73.71,0.0526,0.29174947526186845
1881,19.203,73.75399999999999,0.7401800000000001,0.2848016008554095
1882,19.204,73.77199999999999,0.29095,0.28212742779069355
1883,19.204,74.742,0.7936300000000001,0.20655289836368132
1884,19.205,73.91199999999999,0.2907,0.2618393030418871
1885,19.205,74.546,0.23801999999999998,0.20861636559423993
1886,19.205,74.559,0.74059,0.20828477351937905
1887,19.205,74.666,0.16789,0.2066680754427103
1888,19.206,74.671,0.1988,0.2067532984645354
1889,19.206,74.683,0.18878,0.2067011717063684
1890,19.206,73.643,0.66164,0.30297443235945676
1891,19.207,73.898,0.2907,0.2640026243320812
1892,19.207,74.571,0.1851,0.20823784851922592
1893,19.207,74.60300000000001,0.13222,0.20761391218955885
1894,19.208,74.669,0.17792,0.2069920146758997
1895,19.208,74.695,0.8199299999999999,0.20689848874596886
1896,19.208,74.73,0.1044,0.20694144614907142
1897,19.208,73.78,0.052867,0.2813535481712238
1898,19.209,73.707,0.18544000000000002,0.2928931079395063
1899,19.21,73.905,0.0526,0.2633867319313181
1900,19.211,74.67699999999999,0.16789,0.20729324255773943
1901,19.212,73.74600000000001,0.11692999999999999,0.2870595116904504
1902,19.212,73.749,0.44961999999999996,0.2865912990512792
1903,19.213,74.274,0.31577,0.2236171202600509
1904,19.214000000000002,73.91,0.8462799999999999,0.2631686349209922
1905,19.214000000000002,74.558,0.081857,0.2093608250901461
1906,19.215,74.824,0.15035,0.20872715850824045
1907,19.217,74.883,0.14868,0.21018355031425465
1908,19.218,74.688,0.18878,0.20805156219230028
1909,19.22,75.172,0.35086,0.22151484249229572
1910,19.222,74.953,0.12528,0.21271848129588058
1911,19.225,73.763,0.19379000000000002,0.28587130484419254
1912,19.225,74.675,0.17792,0.20890709638215135
1913,19.225,74.686,0.15703,0.2088599429437155
1914,19.227,76.07300000000001,0.094372,0.2372067894990241
1915,19.227,75.222,0.45611999999999997,0.2246183844502944
1916,19.227999999999998,74.043,0.55542,0.24791722166420263
1917,19.230999999999998,75.207,0.26313000000000003,0.22428828752220456
1918,19.234,74.706,0.15703,0.20985610335490193
1919,19.234,74.903,0.013752,0.2125472720467886
1920,19.234,74.62100000000001,0.050094,0.21047616432881236
1921,19.236,76.028,0.15035,0.2403991718785843
1922,19.238,74.699,0.13614,0.21032494662883797
1923,19.238,74.65100000000001,0.3684,0.21058887976091092
1924,19.241,74.667,0.15703,0.21080893520606828
1925,19.242,75.75399999999999,0.19296,0.2457209653272139
1926,19.242,74.667,0.1988,0.21092550237889576
1927,19.243,74.681,0.16789,0.21096150246667725
1928,19.244,74.782,0.18878,0.21139265176335567
1929,19.245,74.65899999999999,0.11525999999999999,0.2113362524364604
1930,19.245,76.208,0.17792,0.22862256410235296
1931,19.247,73.846,0.39671999999999996,0.27595906004514303
1932,19.247,73.843,0.34384000000000003,0.27639153422608254
1933,19.248,73.844,0.34384000000000003,0.2763598903771324
1934,19.249000000000002,74.115,0.18512,0.24244583393744404
1935,19.249000000000002,73.91199999999999,0.9257299999999999,0.26695646678315976
1936,19.249000000000002,75.71300000000001,0.11787,0.24585937809221306
1937,19.25,74.839,0.56548,0.21289636165954132
1938,19.25,74.892,0.31577,0.21403517649764373
1939,19.25,75.8,0.38594,0.2466800113025748
1940,19.250999999999998,73.848,0.92564,0.2761220276102617
1941,19.250999999999998,75.707,0.20164,0.24594871748732286
1942,19.253,74.017,0.8730100000000001,0.2539660536397478
1943,19.255,76.27600000000001,0.43858,0.22258945841584457
1944,19.256,74.422,0.075157,0.21944338006627953
1945,19.257,74.221,0.59648,0.2332714090384044
1946,19.258,73.518,0.21468,0.3291257973372863
1947,19.258,74.298,0.12111,0.22727421739444323
1948,19.262,74.175,0.1186,0.23803182399371772
1949,19.262,74.919,0.11262,0.21608020607010406
1950,19.264,75.314,0.28068000000000004,0.23278828981459423
1951,19.269000000000002,76.133,0.31577,0.23719230530869032
1952,19.27,75.69,0.47367,0.2474350882597314
1953,19.27,74.145,0.1186,0.24189863946334014
1954,19.272000000000002,75.61399999999999,0.43858,0.24582811333462998
1955,19.277,73.77199999999999,0.072651,0.2901716391540049
1956,19.284000000000002,74.931,0.097714,0.21889536875063945
1957,19.285999999999998,75.416,0.050094,0.23976673907760973
1958,19.289,74.21,0.047587,0.2380899775199609
1959,19.29,74.517,0.14282999999999998,0.21962694783096717
1960,19.291,74.906,0.10477,0.21902693742261195
1961,19.292,74.77600000000001,0.00066836,0.21689942958271594
1962,19.298,76.07300000000001,0.07599299999999999,0.24397425571441891
1963,19.305999999999997,75.81,0.26313000000000003,0.2520425588678825
1964,19.31,74.52600000000001,0.15064,0.22176556242430315
1965,19.317,74.946,0.097129,0.2231134388120201
1966,19.317999999999998,75.461,0.1988,0.24500605339113626
1967,19.319000000000003,76.152,0.31577,0.24082477072605205
1968,19.320999999999998,74.437,0.10255999999999998,0.22661540629724133
1969,19.322,75.437,0.08117200000000001,0.244417242278712
1970,19.325,74.139,0.24391999999999997,0.2490275002318069
1971,19.327,74.209,0.14784,0.24273044503049604
1972,19.328,74.848,0.1988,0.22210503720854027
1973,19.328,75.437,0.099469,0.24505309108079523
1974,19.328,74.472,0.15192,0.22592343960107966
1975,19.33,74.84899999999999,0.16789,0.2223600672818518
1976,19.331,75.441,0.18594000000000002,0.24554222058524247
1977,19.333,74.025,0.68771,0.26227867150782
1978,19.336,74.06,0.66081,0.25862944865331994
1979,19.337,75.01899999999999,0.19713,0.22778706405199925
1980,19.339000000000002,73.507,0.027119,0.3380425648540737
1981,19.339000000000002,74.03699999999999,0.66081,0.26157187034966844
1982,19.339000000000002,74.038,0.47534,0.26145723800483256
1983,19.340999999999998,74.03699999999999,0.22804000000000002,0.2617990461437171
1984,19.343,75.376,0.17540999999999998,0.2439923804934854
1985,19.343,76.133,0.31577,0.24477623376715865
1986,19.343,74.743,0.13614,0.22279883166752948
1987,19.344,75.07600000000001,0.09855,0.23072880980966917
1988,19.347,75.60600000000001,0.15703,0.2532030286543908
1989,19.348,73.532,0.089777,0.334737512892478
1990,19.348,75.472,0.050094,0.24864390093408265
1991,19.348,75.609,0.18878,0.25339364085120986
1992,19.351,75.938,0.11025,0.25498350492233257
1993,19.352999999999998,74.038,0.63477,0.26304256764092415
1994,19.359,75.62100000000001,0.23055,0.25489208462809787
1995,19.361,75.62,0.23055,0.2550794295610582
1996,19.363,75.623,0.25144,0.2553733239647369
1997,19.37,75.64399999999999,0.23055,0.25665193613084925
1998,19.37,75.757,0.29822,0.2584760404665727
1999,19.374000000000002,74.872,0.13614,0.2280608085461964
2000,19.374000000000002,75.259,0.31744,0.2421062045237055
2001,19.375999999999998,74.725,0.34417,0.22678461160827504
2002,19.384,74.11,0.22971999999999998,0.2587760259883536
2003,19.387,75.736,0.22804000000000002,0.26011088702155105
2004,19.387,75.688,0.56139,0.2594129192601069
2005,19.387,74.457,0.14668,0.23376478120134683
2006,19.389,75.404,0.42103,0.25032324805871653
2007,19.39,74.639,0.50876,0.22904647025615124
2008,19.391,74.639,0.56139,0.2291693640447088
2009,19.392,74.172,0.024529,0.25368722093580054
2010,19.394000000000002,75.756,0.26313000000000003,0.2610630390605314
2011,19.394000000000002,74.258,0.76703,0.24663976877805008
2012,19.395,74.274,0.26447,0.24554038543231052
2013,19.395,74.273,0.39671999999999996,0.24561520008706597
2014,19.397000000000002,74.274,0.18512,0.24577706402978874
2015,19.399,75.50399999999999,0.081916,0.25548806001886426
2016,19.402,75.293,0.06754600000000001,0.24686324871143175
2017,19.409000000000002,75.071,0.033786000000000004,0.2381749665020574
2018,19.417,76.484,0.38594,0.21193335130009341
2019,19.418,75.27199999999999,0.12528,0.24777250517155505
2020,19.419,75.22800000000001,0.38594,0.24592021595429484
2021,19.421,75.468,0.31577,0.256592485715363
2022,19.425,75.273,0.1303,0.24863575127432128
2023,19.425,75.226,0.35086,0.24653742716449137
2024,19.425,75.227,0.2105,0.24658175004108898
2025,19.426,74.975,0.11609000000000001,0.23694640053389807
2026,19.426,74.782,0.19296,0.23315370077566824
2027,19.426,75.22,0.24559,0.24638986369962193
2028,19.427,75.686,0.38594,0.2638001180452201
2029,19.429000000000002,76.624,0.12929000000000002,0.18757001824346067
2030,19.430999999999997,74.82300000000001,0.1328,0.23420408055066214
2031,19.432000000000002,76.479,0.3684,0.21462426583358288
2032,19.434,74.616,0.15716,0.23479832846927398
2033,19.434,74.767,0.030043,0.23403529372137036
2034,19.435,75.258,0.28068000000000004,0.24913950473483773
2035,19.435,74.679,0.19646,0.23419015326521667
2036,19.436,74.524,0.12047999999999999,0.23724262019926082
2037,19.442,75.242,0.35086,0.24925507187250187
2038,19.442,76.524,0.22804000000000002,0.2082538178787672
2039,19.442,75.242,0.38594,0.24925507187250187
2040,19.442,75.258,0.2105,0.24996572912675866
2041,19.444000000000003,75.036,0.07014400000000001,0.2411170588984121
2042,19.444000000000003,75.051,0.26313000000000003,0.24164902805989688
2043,19.449,75.278,0.24559,0.2516835671833171
2044,19.45,74.687,0.1988,0.2359892673092824
2045,19.45,75.233,0.40349,0.24980683963219488
2046,19.453,75.817,0.0029491,0.2678091903466754
2047,19.454,74.783,0.21969,0.23661188699844773
2048,19.454,74.042,0.20883000000000002,0.2736177577612936
2049,19.457,75.251,0.28068000000000004,0.2514340928115002
2050,19.458,75.252,0.47367,0.2515972803279287
2051,19.458,75.263,0.24559,0.252084173422212
2052,19.458,75.27,0.28068000000000004,0.25239449589250096
2053,19.459,74.705,0.16789,0.237022827781505
2054,19.46,76.02600000000001,0.40349,0.2639554322259777
2055,19.463,75.264,0.40349,0.2527230872956241
2056,19.467,75.183,0.33331,0.24967059063835642
2057,19.469,75.205,0.43858,0.25085500095575897
2058,19.47,75.204,0.33331,0.25093186558950387
2059,19.47,75.321,0.35086,0.2560749483076247
2060,19.471,74.708,0.16789,0.2384937141647744
2061,19.471,75.32,0.3684,0.25614946698778374
2062,19.472,75.285,0.28068000000000004,0.25472339315963943
2063,19.473,75.282,0.28068000000000004,0.2547099284147495
2064,19.475,74.619,0.45611999999999997,0.2397826682195954
2065,19.476,74.806,0.12996,0.23954427779138723
2066,19.476,75.268,0.38594,0.25444977105443556
2067,19.476,75.306,0.3684,0.2561264948824108
2068,19.477,74.792,0.16789,0.23952671483857893
2069,19.477,74.69800000000001,0.18878,0.23926349597437227
2070,19.479,75.493,0.42103,0.2642421381160037
2071,19.483,73.693,0.06179,0.32090289114088466
2072,19.483,75.333,0.26313000000000003,0.2581438714002183
2073,19.485,74.247,0.052867,0.25799551685639366
2074,19.487000000000002,75.324,0.40349,0.2582261160649074
2075,19.487000000000002,75.704,0.40349,0.2709257597069543
2076,19.489,75.329,0.26313000000000003,0.25868279824810614
2077,19.49,75.328,0.3684,0.25875820988583964
2078,19.49,75.719,0.3684,0.2714831625751223
2079,19.491,75.71300000000001,0.31577,0.27151764725955363
2080,19.492,74.773,0.15118,0.24122608869470244
2081,19.492,75.183,0.29822,0.2526859358350919
2082,19.494,74.721,0.15703,0.2413070794935739
2083,19.495,75.359,0.28068000000000004,0.26069755701595443
2084,19.496,75.115,0.18636,0.25038670837045107
2085,19.497,75.139,0.28068000000000004,0.25146775179280156
2086,19.498,75.844,0.09855,0.27283190936581425
2087,19.5,74.243,0.13222,0.2599798027350867
2088,19.5,75.828,0.16037,0.2731516717964505
2089,19.5,75.344,0.15787,0.2606453363392295
2090,19.500999999999998,75.35,0.3684,0.26102378604302134
2091,19.500999999999998,74.306,0.34384000000000003,0.2556152649969903
2092,19.500999999999998,74.307,0.26447,0.25554937820322376
2093,19.500999999999998,74.31,0.39671999999999996,0.25535269204755573
2094,19.500999999999998,74.307,0.21159,0.25554937820322376
2095,19.500999999999998,75.707,0.45611999999999997,0.272587406685749
2096,19.500999999999998,75.756,0.47367,0.27313537767804497
2097,19.500999999999998,76.32600000000001,0.29822,0.24470066905123747
2098,19.502,74.285,0.13222,0.2571493298220554
2099,19.502,75.33800000000001,0.43858,0.26062388448895324
2100,19.502,74.304,0.5554600000000001,0.25586129698025184
2101,19.502,75.546,0.28068000000000004,0.2687801661046909
2102,19.503,74.308,0.50249,0.25571143919913375
2103,19.503,75.331,0.42103,0.26043933496790916
2104,19.503,75.85,0.16455,0.2733639920668738
2105,19.503,74.304,0.13222,0.2559750039527062
2106,19.503,75.317,0.38594,0.25982952962179473
2107,19.503,75.707,0.31577,0.27281894561293707
2108,19.504,74.29,0.5289699999999999,0.25703096805386405
2109,19.504,74.307,0.34384000000000003,0.2558908451071207
2110,19.504,74.307,0.17540999999999998,0.2558908451071207
2111,19.504,75.294,0.29822,0.2589436131694891
2112,19.504,74.306,0.44961999999999996,0.25595661674799897
2113,19.504,75.289,0.22804000000000002,0.25872468672327553
2114,19.504,75.324,0.38594,0.26025425216185727
2115,19.504,74.31,0.079318,0.25569450286520756
2116,19.505,73.845,0.16037,0.3020435440925857
2117,19.505,74.296,0.18512,0.2567365010256861
2118,19.506,75.286,0.35086,0.25883331667388076
2119,19.506,75.85,0.18209,0.27371068094894424
2120,19.506,75.85300000000001,0.13782,0.2736857514497524
2121,19.506,74.308,0.29095,0.25605263423758895
2122,19.506,74.29899999999999,0.7017399999999999,0.2566482501644324
2123,19.506,74.304,0.026417000000000003,0.2563157348582631
2124,19.507,74.31,0.23389000000000001,0.256035734628729
2125,19.508,75.736,0.42103,0.27376395805154286
2126,19.508,74.3,0.46781999999999996,0.2568079355457721
2127,19.509,75.329,0.33331,0.261069438254517
2128,19.509,75.486,0.2105,0.2675008266083192
2129,19.51,75.32600000000001,0.28068000000000004,0.2610587352521273
2130,19.511,75.22800000000001,0.31577,0.2569082451375021
2131,19.512,75.37,0.38594,0.263191453516611
2132,19.517,75.175,0.43858,0.2553799330099348
2133,19.517,75.717,0.0040018,0.2745822310675572
2134,19.517,75.734,0.29822,0.27478635892621317
2135,19.517,74.518,0.15503,0.24722589632953576
2136,19.517,75.38600000000001,0.24559,0.2644633575605946
2137,19.52,75.355,0.40349,0.2635059067982185
2138,19.521,75.748,0.35086,0.2753874325335347
2139,19.521,76.142,0.35086,0.2644420953736516
2140,19.522000000000002,74.653,0.5789300000000001,0.24508617159689963
2141,19.522000000000002,74.679,0.1587,0.24487667654055326
2142,19.522000000000002,74.74,0.31737,0.24476530899297458
2143,19.523,75.426,0.29822,0.2668254600206722
2144,19.523,75.719,0.15787,0.27530578168138076
2145,19.524,75.374,0.45611999999999997,0.264792195733197
2146,19.525,75.35300000000001,0.33331,0.2640180295914397
2147,19.525,75.37100000000001,0.33331,0.26478461353249816
2148,19.526,75.358,0.2105,0.2643513169177467
2149,19.526,75.661,0.15787,0.2746812042788166
2150,19.527,75.377,0.35086,0.2652769271605171
2151,19.532,74.62100000000001,0.15787,0.24669214734825798
2152,19.532,74.62100000000001,0.66666,0.24669214734825798
2153,19.533,75.317,0.2105,0.263425862802131
2154,19.534000000000002,75.617,0.30073,0.2746016339418119
2155,19.535,75.672,0.28068000000000004,0.2759496994094912
2156,19.535,74.458,0.12829000000000002,0.25148716352560585
2157,19.535999999999998,75.14,0.19296,0.2562563902008259
2158,19.535999999999998,76.628,0.38594,0.20101523035256133
2159,19.537,76.422,0.35086,0.23657579061315617
2160,19.538,75.145,0.2105,0.2567016934185391
2161,19.541,76.455,0.38594,0.23219305978233643
2162,19.541,76.529,0.24559,0.2201490054799833
2163,19.542,74.60300000000001,0.09855,0.2481831591054622
2164,19.542,75.256,0.19296,0.26186471323658844
2165,19.542,75.35600000000001,0.29822,0.26618091565073054
2166,19.544,75.673,0.28068000000000004,0.27702049176794763
2167,19.548,75.204,0.43858,0.2603632155468377
2168,19.548,76.086,0.29822,0.2711998737721121
2169,19.549,75.717,0.45611999999999997,0.27831046576345697
2170,19.549,76.558,0.40349,0.21606628225407767
2171,19.55,75.118,0.29822,0.2570914829746057
2172,19.551,74.653,0.12278,0.24860108025223984
2173,19.555,75.833,0.2506,0.27951434859185575
2174,19.555,76.324,0.22804000000000002,0.25155988149826813
2175,19.555999999999997,74.943,0.13355999999999998,0.2519958235019215
2176,19.56,76.202,0.31577,0.26443456351528283
2177,19.56,75.785,0.22804000000000002,0.28014522396720465
2178,19.561,75.73899999999999,0.49121000000000004,0.2799647424352295
2179,19.562,75.434,0.05011,0.2717848994562312
2180,19.567,74.862,0.17792,0.25154704127655036
2181,19.567,76.123,0.15035,0.2711906100781776
2182,19.57,74.431,0.1044,0.25665766776147136
2183,19.570999999999998,75.359,0.14032,0.26978290502822144
2184,19.573,74.932,0.044245,0.2537950165609253
2185,19.573,75.318,0.27316,0.2682773480210646
2186,19.574,75.688,0.24559,0.28079935019217206
2187,19.581,76.619,0.29822,0.20881397750326383
2188,19.582,75.82300000000001,0.35086,0.2827048945658699
2189,19.586,75.627,0.17540999999999998,0.2809525413262669
2190,19.587,75.667,0.24559,0.28194076633796117
2191,19.587,75.685,0.28068000000000004,0.282269954158737
2192,19.587,74.627,0.33331,0.25319683409960503
2193,19.587,76.642,0.15787,0.2050455419480868
2194,19.595,75.165,0.43858,0.2644446390870039
2195,19.596,75.553,0.0045281,0.2800714933978976
2196,19.599,75.439,0.16764,0.27638417217793043
2197,19.602,75.627,0.22804000000000002,0.28282971316246364
2198,19.602999999999998,75.587,0.24559,0.28190484214464917
2199,19.604,74.926,0.44943999999999995,0.2574221543092776
2200,19.604,75.26,0.3684,0.26951944537054895
2201,19.605,75.263,0.38594,0.2697679202335762
2202,19.609,75.685,0.38594,0.28484237542587376
2203,19.609,75.946,0.19296,0.28408946079623254
2204,19.614,75.27,0.43858,0.2711481837776397
2205,19.614,76.35300000000001,0.19296,0.255340171028431
2206,19.615,73.916,0.37006999999999995,0.3025300218649365
2207,19.615,75.264,0.35086,0.27101210396218656
2208,19.616,75.618,0.40349,0.2842505494107661
2209,19.618,74.852,0.13614,0.2575610891326824
2210,19.619,75.259,0.13865,0.27127891664075876
2211,19.621,75.604,0.3684,0.2844783152139311
2212,19.621,75.612,0.42103,0.28468505163302915
2213,19.621,74.869,0.17792,0.25822880668480475
2214,19.622,74.49,0.12044,0.2603168981884012
2215,19.623,74.612,0.38594,0.2576194293149461
2216,19.624000000000002,75.641,0.42103,0.285727626845682
2217,19.624000000000002,75.62100000000001,0.38594,0.2852604219767958
2218,19.624000000000002,75.626,0.29822,0.28538134274688465
2219,19.628,75.202,0.29822,0.26995271185364444
2220,19.631,75.127,0.3684,0.2672749285793824
2221,19.631,75.627,0.49121000000000004,0.28622264792685004
2222,19.631,75.65,0.28068000000000004,0.28673962352014903
2223,19.633,74.458,0.10732,0.26264558694909923
2224,19.634,75.625,0.19296,0.28652492008314845
2225,19.634,75.657,0.22804000000000002,0.2872343427222688
2226,19.636,75.594,0.26313000000000003,0.28596544129583334
2227,19.636,75.688,0.38594,0.2880387712525362
2228,19.636,75.601,0.33331,0.28615305186167406
2229,19.637,75.638,0.26313000000000003,0.28717658353613384
2230,19.637,75.60600000000001,0.50876,0.2864007331170767
2231,19.637,75.611,0.35086,0.28652912774419015
2232,19.637,75.619,0.43858,0.28672913919350596
2233,19.637,75.309,0.38594,0.27555938885036846
2234,19.637999999999998,75.694,0.3684,0.28836781041741677
2235,19.639,75.652,0.35086,0.28771315875433956
2236,19.639,75.655,0.28068000000000004,0.2877752957304789
2237,19.639,75.653,0.35086,0.28773398800958716
2238,19.639,75.61,0.28068000000000004,0.2867369002686594
2239,19.64,75.65,0.35086,0.28778746785391507
2240,19.641,75.626,0.29822,0.2873645085409051
2241,19.642,76.516,0.22804000000000002,0.23534409913319967
2242,19.642,74.611,0.12996,0.25982497987807085
2243,19.642,75.59100000000001,0.40349,0.2865839217426879
2244,19.642,75.668,0.35086,0.2883807769366592
2245,19.645,75.605,0.38594,0.2873073048017576
2246,19.647000000000002,75.407,0.22804000000000002,0.28080704302143533
2247,19.649,75.59,0.24559,0.28737225529039556
2248,19.649,75.594,0.3684,0.2874812622070907
2249,19.649,75.654,0.032549,0.2889162674021114
2250,19.65,75.608,0.26313000000000003,0.28796653711394116
2251,19.65,75.609,0.3684,0.2879921258233592
2252,19.65,75.574,0.35086,0.28703740633392705
2253,19.651,75.597,0.24559,0.2877946754821554
2254,19.651,75.613,0.3684,0.2882096633065909
2255,19.651,75.615,0.0033,0.2882596854146845
2256,19.652,75.653,0.29822,0.28924348334012884
2257,19.652,75.672,0.31577,0.28961523397305067
2258,19.652,75.568,0.2105,0.28709507987585225
2259,19.653,75.67699999999999,0.35086,0.2898215561441483
2260,19.653,74.98899999999999,0.13197,0.2650655559789369
2261,19.653,75.82600000000001,0.5263,0.2909371770319811
2262,19.654,75.693,0.42103,0.29020594836200697
2263,19.654,75.82300000000001,0.061999,0.29106328606884824
2264,19.654,75.19,0.3684,0.2725662751542738
2265,19.654,75.291,0.24559,0.27681619535350444
2266,19.654,75.646,0.3684,0.28932763414545104
2267,19.654,75.655,0.14533,0.2895163497503328
2268,19.655,75.116,0.20039,0.26972532172159513
2269,19.656,75.679,0.28068000000000004,0.29020390879647107
2270,19.656,75.453,0.14032,0.28365611587505624
2271,19.656,75.666,0.35086,0.2899655424823522
2272,19.657,75.589,0.24559,0.2882751603363328
2273,19.657,75.58800000000001,0.33331,0.2882476260159492
2274,19.658,75.627,0.29822,0.28936280572393513
2275,19.66,75.601,0.43858,0.28894599216411254
2276,19.66,75.71,0.24559,0.2911478174136797
2277,19.66,74.641,0.18074,0.2615469829905819
2278,19.66,75.35300000000001,0.26313000000000003,0.28013486885846595
2279,19.663,74.388,0.13364,0.26877136796620116
2280,19.664,75.747,0.47367,0.29201444655539954
2281,19.666,74.76899999999999,0.083512,0.26220573833111516
2282,19.667,74.251,0.50207,0.27686561122310227
2283,19.668,76.03699999999999,0.3684,0.2877364201810607
2284,19.668,75.569,0.3684,0.2889835940057556
2285,19.668,74.66199999999999,0.099385,0.2623057144913048
2286,19.671,75.709,0.29822,0.292400248766883
2287,19.673,75.023,0.059434,0.2685245488997835
2288,19.674,76.16199999999999,0.19053,0.281108341915731
2289,19.674,75.58,0.33331,0.2899941592245877
2290,19.674,75.266,0.31577,0.27812255372532024
2291,19.675,75.58800000000001,0.35086,0.290332357232977
2292,19.676,75.479,0.40349,0.28695184982573396
2293,19.677,75.568,0.40349,0.2899955830522537
2294,19.678,75.639,0.28068000000000004,0.29194557906818386
2295,19.678,75.969,0.16706,0.2914215621608631
2296,19.678,75.17699999999999,0.29822,0.27488131963306883
2297,19.679000000000002,75.64,0.29822,0.2920825842247262
2298,19.682000000000002,75.702,0.24725999999999998,0.29356309456610785
2299,19.683,75.274,0.28068000000000004,0.27951963115801426
2300,19.683,75.286,0.12829000000000002,0.28002658921358237
2301,19.684,74.30199999999999,0.37006999999999995,0.2753644516335094
2302,19.684,75.225,0.12278,0.27757419399555106
2303,19.684,75.27,0.2105,0.27946806567741067
2304,19.685,73.84100000000001,0.6875399999999999,0.3158678333411825
2305,19.685,74.167,0.6875399999999999,0.28454026558639944
2306,19.685,76.054,0.28068000000000004,0.2889013723847733
2307,19.685,74.184,0.66081,0.2832572426063984
2308,19.686,74.169,0.3166,0.2844765321463196
2309,19.686,73.836,0.079334,0.31649239876312096
2310,19.686,74.601,0.43858,0.2649296491248244
2311,19.688,75.26899999999999,0.28068000000000004,0.2798949966240427
2312,19.688,75.27199999999999,0.28068000000000004,0.2800216371698213
2313,19.688,74.85600000000001,0.16789,0.26592344550859004
2314,19.689,73.847,0.079334,0.3154400778492392
2315,19.689,73.851,0.5555399999999999,0.3149939429797929
2316,19.692999999999998,75.226,0.42103,0.2786724538187908
2317,19.692999999999998,75.25399999999999,0.2105,0.2798479596529123
2318,19.695,75.227,0.26313000000000003,0.27894842550032894
2319,19.697,75.956,0.33331,0.2939600981305145
2320,19.697,74.757,0.16472,0.2656908188892335
2321,19.698,74.183,0.26447,0.2844953000219327
2322,19.704,74.62,0.42103,0.26668828246653997
2323,19.704,74.646,0.49121000000000004,0.2664597967198129
2324,19.705,74.795,0.26313000000000003,0.26696424145200814
2325,19.706,75.608,0.3684,0.2944131796161501
2326,19.711,75.362,0.28068000000000004,0.286457874466709
2327,19.712,75.28399999999999,0.11944,0.2833228437962474
2328,19.715999999999998,74.616,0.43858,0.26804464592646504
2329,19.715999999999998,74.433,0.12829000000000002,0.2723727461433657
2330,19.718,76.35300000000001,0.15787,0.26784838967331914
2331,19.719,75.80199999999999,0.33331,0.29849078401410867
2332,19.721,75.608,0.26313000000000003,0.2961129182520643
2333,19.722,74.643,0.45611999999999997,0.2684610802280427
2334,19.724,75.756,0.47367,0.2988940892558838
2335,19.726,75.012,0.11944,0.27435763701207316
2336,19.730999999999998,74.633,0.35086,0.26951291309320113
2337,19.730999999999998,76.431,0.35086,0.2592341692016281
2338,19.733,75.068,0.49121000000000004,0.27708360487219763
2339,19.734,75.468,0.22804000000000002,0.29321066215724334
2340,19.734,74.001,0.60817,0.3025891547614137
2341,19.734,74.002,0.92564,0.3024963424103918
2342,19.734,74.002,0.5289699999999999,0.3024963424103918
2343,19.734,74.005,0.81996,0.3022185482974986
2344,19.735,74.757,0.33857,0.26996919805944863
2345,19.736,75.968,0.3684,0.2979862852027463
2346,19.736,75.517,0.26145999999999997,0.2951376689411127
2347,19.739,75.221,0.24559,0.2837885082963073
2348,19.741,76.084,0.14144,0.2936856424006735
2349,19.744,75.734,0.11025,0.30093405604282486
2350,19.749000000000002,74.613,0.50876,0.271616776788404
2351,19.75,75.751,0.40349,0.3017425077932677
2352,19.750999999999998,74.186,0.66123,0.2888192064193462
2353,19.750999999999998,74.0,0.40641,0.30384169839285025
2354,19.750999999999998,75.898,0.24559,0.3012537894438412
2355,19.756,75.38,0.33331,0.2923088036464776
2356,19.756,75.806,0.28068000000000004,0.3025839555593649
2357,19.758,75.33,0.10022,0.29049282556647316
2358,19.759,75.734,0.45611999999999997,0.3025835867169119
2359,19.76,76.494,0.24559,0.25333122928350393
2360,19.76,74.63,0.47367,0.27262804926643414
2361,19.762,74.844,0.16789,0.27410205960054823
2362,19.765,74.638,0.38594,0.2730988528423056
2363,19.765,75.752,0.19296,0.30339108802953296
2364,19.766,74.64,0.63157,0.2731916687480789
2365,19.767,74.183,0.1846,0.29032682910380847
2366,19.769000000000002,75.097,0.10022,0.28223484794583464
2367,19.769000000000002,75.433,0.19296,0.2958297673982262
2368,19.769000000000002,75.91,0.29822,0.3030008410845799
2369,19.77,75.236,0.47367,0.2879170033974855
2370,19.772000000000002,75.24600000000001,0.29822,0.2885572580094251
2371,19.772000000000002,75.961,0.45611999999999997,0.302126057621238
2372,19.773,75.236,0.29822,0.28825203153114165
2373,19.773,75.247,0.29822,0.2887105383424736
2374,19.773,75.709,0.28068000000000004,0.30382267212517233
2375,19.774,75.241,0.43858,0.2885718151467225
2376,19.778,75.253,0.29822,0.28951740940975323
2377,19.778,75.26899999999999,0.40349,0.290185647281595
2378,19.781,74.859,0.15703,0.2764692428416059
2379,19.785999999999998,75.244,0.24559,0.29002807858493995
2380,19.787,75.244,0.28068000000000004,0.2901384513180272
2381,19.787,75.25,0.38594,0.2903885014538624
2382,19.789,75.467,0.28068000000000004,0.2992821683681576
2383,19.791,74.873,0.1988,0.2778436177805528
2384,19.801,75.289,0.40349,0.29354905518643715
2385,19.801,74.183,0.1587,0.29297646367369146
2386,19.804000000000002,75.289,0.42103,0.2938753186963571
2387,19.805999999999997,74.61399999999999,0.12044,0.2774649456921807
2388,19.805999999999997,75.29,0.28068000000000004,0.29413395262542674
2389,19.807000000000002,75.293,0.15787,0.29436704390742263
2390,19.808,75.29899999999999,0.24559,0.2947244995474394
2391,19.809,75.296,0.40349,0.29470810563397165
2392,19.81,75.295,0.15787,0.2947746454397361
2393,19.811,75.28699999999999,0.40349,0.2945501720204664
2394,19.811,75.293,0.31577,0.2947995531153643
2395,19.812,75.619,0.33331,0.3063391723669737
2396,19.813,75.292,0.35086,0.29497369992621303
2397,19.813,76.257,0.19384,0.2887269874118641
2398,19.814,75.3,0.26313000000000003,0.295413423812674
2399,19.815,75.293,0.28068000000000004,0.29523053581592584
2400,19.816,75.294,0.35086,0.29537955560160833
2401,19.816,75.298,0.29822,0.29554553141382733
2402,19.816,75.303,0.29822,0.29575278921641324
2403,19.816,75.291,0.38594,0.29525498688460294
2404,19.817999999999998,75.291,0.40349,0.29546972285393747
2405,19.819000000000003,75.291,0.28068000000000004,0.2955769444114712
2406,19.819000000000003,75.28699999999999,0.28068000000000004,0.29541080503188555
2407,19.819000000000003,75.911,0.31577,0.30826842023761836
2408,19.82,76.653,0.29822,0.23246418069142974
2409,19.822,75.288,0.2105,0.2957734650246232
2410,19.823,75.305,0.35086,0.29658501895168976
2411,19.824,75.249,0.28068000000000004,0.2943654944128341
2412,19.825,75.289,0.29822,0.29613520053599074
2413,19.826,75.248,0.42103,0.2945374158619296
2414,19.827,75.141,0.074322,0.29027985480014085
2415,19.828,75.53399999999999,0.33331,0.3056955723195238
2416,19.834,74.169,0.71344,0.29629796467319314
2417,19.844,75.064,0.075299,0.28915018490199607
2418,19.845,74.97800000000001,0.091866,0.2863504030575149
2419,19.849,75.62100000000001,0.40349,0.31021884322781434
2420,19.861,75.257,0.15035,0.2985791747815639
2421,19.862000000000002,75.257,0.42103,0.2986820204369499
2422,19.862000000000002,75.253,0.35086,0.29851617550993526
2423,19.863,75.25399999999999,0.24559,0.29866037821225067
2424,19.863,75.256,0.43858,0.2987432944791928
2425,19.863,75.257,0.24559,0.29878475429303686
2426,19.863,75.257,0.33331,0.29878475429303686
2427,19.864,75.258,0.38594,0.2989288332842277
2428,19.87,74.874,0.1988,0.2860763991507531
2429,19.875999999999998,75.319,0.56139,0.30266739948557486
2430,19.877,75.624,0.42103,0.31308739410623665
2431,19.887,74.946,0.10607,0.2896425591806384
2432,19.897000000000002,76.036,0.43858,0.3121057503856569
2433,19.904,74.48100000000001,0.15716,0.2882958812500067
2434,19.91,74.618,0.38594,0.2871773821270712
2435,19.910999999999998,76.308,0.45611999999999997,0.29348356888542715
2436,19.922,74.935,0.12044,0.29269732783382807
2437,19.922,75.718,0.35086,0.31894060658384393
2438,19.934,75.582,0.22804000000000002,0.3174875021992358
2439,19.945999999999998,75.687,0.43858,0.3207139146401954
2440,19.948,75.266,0.29822,0.3074472874864974
2441,19.952,75.872,0.5263,0.3215446468488756
2442,19.955,75.271,0.17540999999999998,0.3082937276190705
2443,19.955,75.39699999999999,0.28068000000000004,0.31332782499733347
2444,19.956,75.85600000000001,0.31577,0.3220688730736868
2445,19.957,74.617,0.2105,0.2911242211095837
2446,19.957,75.238,0.29822,0.3071183380441199
2447,19.992,75.539,0.43858,0.3213787270185984
2448,20.019000000000002,74.017,0.8462799999999999,0.31538512243189665
2449,20.022000000000002,74.994,0.18878,0.3033144473663506
2450,20.022000000000002,74.638,0.45611999999999997,0.29611105407261695
2451,20.023,74.639,0.38594,0.29618659074650566
2452,20.027,74.611,0.38594,0.29640857134223175
2453,20.031,74.637,0.5263,0.2967492687882789
2454,20.072,74.01899999999999,0.13197,0.3165469581313921
2455,20.086,75.21600000000001,0.38594,0.31670638253278593
2456,20.087,75.194,0.29822,0.31588431520667326
2457,20.090999999999998,75.704,0.26313000000000003,0.3321052931470607
2458,20.096,75.692,0.43858,0.33228974260284705
2459,20.098,76.559,0.35086,0.2748196409193179
2460,20.108,76.15899999999999,0.40349,0.3213890926140529
2461,20.119,75.48899999999999,0.40349,0.3291738226649933
2462,20.124000000000002,75.645,0.2247,0.33332410291792147
2463,20.166,74.90100000000001,0.15035,0.3102178436389197
2464,20.174,75.368,0.5263,0.3282181031751612
2465,20.189,75.258,0.22804000000000002,0.32477154789805696
2466,20.209,74.024,0.8730100000000001,0.3176100890740565
2467,20.218,74.04899999999999,0.31744,0.3165442445953903
2468,20.218,74.072,0.18544000000000002,0.31561506843978926
2469,20.219,74.03399999999999,0.5555399999999999,0.3171688980495908
2470,20.22,74.102,0.58228,0.3144712777901283
2471,20.22,74.10600000000001,0.79364,0.31432327331661647
2472,20.223,74.108,0.37006999999999995,0.3142654175161622
2473,20.226,74.012,0.5029100000000001,0.31808330558990094
2474,20.234,74.056,0.18544000000000002,0.316251679053713
2475,20.234,73.85600000000001,0.10577,0.3252899283820926
2476,20.234,73.858,0.55542,0.32518960140564723
2477,20.234,74.062,0.39681,0.3160178526528201
2478,20.24,74.03399999999999,0.34417,0.3171049385537963
2479,20.242,74.066,0.13197,0.3158531998635491
2480,20.248,74.056,0.5555399999999999,0.3162139999842071
2481,20.25,73.97,0.37006999999999995,0.3196807444587768
2482,20.253,74.096,0.66164,0.3147541528574487
2483,20.253,74.075,0.0526,0.3154957017180253
2484,20.256,73.97,0.44943999999999995,0.31960216064794644
2485,20.257,74.061,0.2907,0.31598971605236537
2486,20.257,74.069,0.2648,0.3156987790396366
2487,20.258,74.077,0.37006999999999995,0.31540898087830815
2488,20.258,76.263,0.18598,0.319154617817449
2489,20.259,74.07600000000001,0.10607,0.3154409526670069
2490,20.262,74.084,0.6349100000000001,0.3151505812166817
2491,20.309,76.301,0.40349,0.3164023601434174
2492,20.311,74.056,0.7401800000000001,0.31567110630763995
2493,20.313,75.839,0.29822,0.3411407923209334
2494,20.323,75.61,0.42103,0.3405457287801834
2495,20.325,75.255,0.40349,0.32996831779685554
2496,20.328,75.956,0.2105,0.3388011994426311
2497,20.335,73.97,0.44943999999999995,0.3180644756571448
2498,20.339000000000002,75.34899999999999,0.3684,0.33374664638338336
2499,20.34,76.221,0.35086,0.323931680864885
2500,20.343,75.59100000000001,0.33331,0.3405401360546061
2501,20.343,76.47800000000001,0.1886,0.29553966801609777
2502,20.351,73.973,0.37006999999999995,0.3175429686889434
2503,20.359,73.832,0.31735,0.32221130570913836
2504,20.362000000000002,73.832,0.10572999999999999,0.32208123527584265
2505,20.366,74.021,0.58228,0.3156783304941222
2506,20.369,74.038,0.58228,0.3151268459583604
2507,20.37,73.81,0.13222,0.32252304485821026
2508,20.375999999999998,73.982,0.13222,0.3165452265698071
2509,20.377,74.067,0.71428,0.3141778198570483
2510,20.378,74.257,0.21159,0.31053256929087036
2511,20.379,74.257,0.23799,0.31052524355749145
2512,20.379,74.258,0.71411,0.3105128398101368
2513,20.38,74.257,0.8730100000000001,0.31051776038585266
2514,20.384,73.99,0.39681,0.31607003873636774
2515,20.385,73.988,0.13197,0.31609665535888565
2516,20.387,74.05,0.23806999999999998,0.31436894488065903
2517,20.387,73.832,0.37024,0.3209499615442647
2518,20.387,74.263,0.10577,0.3103910127154892
2519,20.387999999999998,73.72800000000001,0.46781999999999996,0.3245282353024783
2520,20.389,74.062,0.5029100000000001,0.31402116163164717
2521,20.391,73.72,0.29236999999999996,0.32463325064117277
2522,20.393,74.039,0.13197,0.3144897843025757
2523,20.393,73.84899999999999,0.18512,0.32010231224731667
2524,20.396,74.258,0.39671999999999996,0.3103654437863941
2525,20.397000000000002,73.84899999999999,0.10572999999999999,0.31991760820280524
2526,20.4,73.84899999999999,0.44961999999999996,0.31977768204256307
2527,20.401,73.988,0.58228,0.3155865415787926
2528,20.401,74.275,0.31735,0.31013966408989524
2529,20.402,74.024,0.2907,0.3146127756589151
2530,20.404,73.833,0.5554600000000001,0.3201008309960467
2531,20.410999999999998,75.434,0.42103,0.33735890590773
2532,20.413,74.043,0.79348,0.31382460646765986
2533,20.418,74.03,0.079334,0.3139758400166537
2534,20.419,74.04,0.47617,0.3137126089401926
2535,20.421,74.235,0.21165,0.3103023309950774
2536,20.433,76.35,0.2017,0.3106742959308344
2537,20.434,74.01,0.31744,0.3139040359982117
2538,20.435,73.995,0.8462799999999999,0.3142171498118971
2539,20.442,76.317,0.35086,0.3139988958346779
2540,20.444000000000003,76.339,0.31577,0.3116291843038219
2541,20.45,74.032,0.0526,0.3128534941512088
2542,20.451,73.902,0.15867,0.31582895830411106
2543,20.454,73.72,0.58478,0.3206126575177517
2544,20.458,73.72,0.35086,0.32034128226069447
2545,20.462,76.32300000000001,0.24559,0.31285895405859965
2546,20.468,73.851,0.079318,0.3162415387175703
2547,20.469,73.832,0.1587,0.3166647776320357
2548,20.479,74.352,0.34381999999999996,0.30875923539264305
2549,20.486,74.566,0.052867,0.31036665009948394
2550,20.486,74.76,0.39671999999999996,0.31447370891532545
2551,20.486,74.777,0.29095,0.314934717709323
2552,20.487,74.74600000000001,0.1587,0.31410010559781165
2553,20.489,74.759,0.42321000000000003,0.3144317608040831
2554,20.502,74.749,0.63477,0.31408062654059277
2555,20.503,74.764,0.44961,0.31447336663854086
2556,20.504,74.748,0.052867,0.3140381747046068
2557,20.518,73.87899999999999,0.55542,0.31276314189917453
2558,20.531,73.972,0.60834,0.31039118190819304
2559,20.531,74.03,0.079318,0.3095313036707966
2560,20.534000000000002,73.878,0.10577,0.3118260706141579
2561,20.534000000000002,73.878,0.71413,0.3118260706141579
2562,20.541,74.50399999999999,0.37024,0.30867796247346746
2563,20.548000000000002,73.969,0.47608999999999996,0.30953537441003165
2564,20.551,73.806,0.5289699999999999,0.31200411996693034
2565,20.552,73.707,0.9782799999999999,0.313675143416127
2566,20.555999999999997,74.02600000000001,0.42321000000000003,0.308365531044156
2567,20.558000000000003,73.806,0.21159,0.31151418514960005
2568,20.561,73.83,0.15867,0.310908930786455
2569,20.573,74.546,0.18512,0.3085888950809339
2570,20.574,74.02,0.21159,0.30750043901303425
2571,20.574,74.672,0.052867,0.3110954181499077
2572,20.574,73.829,0.23801999999999998,0.3100257992009394
2573,20.578000000000003,75.193,0.28068000000000004,0.32757013024831994
2574,20.579,75.374,0.26313000000000003,0.3331969716287604
2575,20.579,74.67399999999999,0.23801999999999998,0.31103117328114904
2576,20.590999999999998,73.99600000000001,0.68771,0.306810845806455
2577,20.590999999999998,73.997,0.10572999999999999,0.3068008136300928
2578,20.594,73.999,0.60834,0.30660953823961
2579,20.594,73.999,0.1587,0.30660953823961
