,lat,long,actual,predicted
0,17.895,73.405,0.58946,0.16615510139558476
1,17.913,74.903,0.3684,0.3022609150783535
2,17.953,74.857,0.42103,0.2809009349691228
3,17.954,74.896,0.40349,0.28789723123619515
4,17.955,74.862,0.24559,0.28123494679163397
5,17.956,74.862,0.43858,0.28093570085737724
6,17.957,74.859,0.17540999999999998,0.2800792376019981
7,17.959,74.85600000000001,0.38594,0.2789283668251783
8,17.96,74.873,0.5789300000000001,0.2817830072614404
9,17.961,74.89399999999999,0.24559,0.285383052773157
10,17.962,74.862,0.17540999999999998,0.27914951537858296
11,17.963,74.904,0.29822,0.28663217385085127
12,17.965999999999998,74.872,0.19296,0.2798082308073935
13,17.967,74.91,0.17540999999999998,0.2865237927792379
14,17.968,74.869,0.26313000000000003,0.278664191282239
15,17.968,74.881,0.26313000000000003,0.2808707186969561
16,17.968,74.902,0.24559,0.2847418281759812
17,17.968,74.916,0.31577,0.2873278728424669
18,17.969,74.88,0.50708,0.2803891204993121
19,17.969,74.892,0.26163000000000003,0.2825968455267955
20,17.97,74.885,0.47367,0.28101030174193065
21,17.971,74.907,0.31577,0.2847557221565198
22,17.973,74.87899999999999,0.22804000000000002,0.27902046924011775
23,17.973,74.875,0.2105,0.278289188422167
24,17.974,74.89399999999999,0.2349,0.28146850581193616
25,17.975,74.881,0.45611999999999997,0.2787956435219691
26,17.976,74.881,0.63157,0.27850098553205654
27,17.976,74.904,0.17540999999999998,0.2827005183068778
28,17.977,74.873,0.54384,0.27675137785773335
29,17.977,74.869,0.29822,0.276024477424101
30,17.979,74.865,0.29822,0.27471822174044846
31,17.979,74.906,0.22804000000000002,0.2821684293972075
32,17.979,74.89,0.3684,0.2792553350172691
33,17.979,74.88600000000001,0.22804000000000002,0.2785280889492019
34,17.979,74.89,0.31577,0.2792553350172691
35,17.98,74.868,0.29822,0.2749715998742655
36,17.982,74.891,0.15787,0.2785532740964912
37,17.983,74.892,0.31577,0.27844054516609584
38,17.984,74.87899999999999,0.5263,0.27579883707466923
39,17.984,74.887,0.26313000000000003,0.27724327813200267
40,17.984,74.889,0.24559,0.2776046890816258
41,17.986,74.866,0.33331,0.2728819818180831
42,17.987000000000002,74.895,0.50876,0.2778097146845925
43,17.988,74.898,0.14032,0.2780574938205339
44,17.989,74.877,0.2105,0.27399370316638705
45,17.989,74.916,0.31577,0.2810064746968124
46,17.989,74.878,0.33331,0.2741729722511935
47,17.989,74.903,0.15787,0.2786645937423705
48,17.99,74.89699999999999,0.29236999999999996,0.2772930799204162
49,17.991,74.876,0.28068000000000004,0.2732402933804618
50,17.991,74.877,0.26313000000000003,0.27341908447377195
51,17.994,74.87100000000001,0.26397,0.27149227629787825
52,17.995,74.902,0.17540999999999998,0.27673313333235755
53,17.996,74.88,0.49121000000000004,0.2725235920267597
54,17.996,74.889,0.47367,0.2741251569532737
55,17.996,74.887,0.45611999999999997,0.2737690310575357
56,17.997,74.25,0.31577,0.18116847703116767
57,17.997,74.898,0.42103,0.2754401566700842
58,17.997,74.902,0.22804000000000002,0.2761528985060407
59,17.997,74.87,0.33331,0.2704644463817627
60,17.999000000000002,74.875,0.5263,0.27078442427627136
61,17.999000000000002,74.865,0.28068000000000004,0.269016644796674
62,18.000999999999998,74.884,0.33331,0.2718097529207162
63,18.000999999999998,74.863,0.31577,0.2681040593617877
64,18.000999999999998,74.874,0.31577,0.2700430934775162
65,18.003,74.862,0.49121000000000004,0.2673707444744381
66,18.003,74.887,0.15787,0.2717720953549013
67,18.004,74.868,0.24559,0.26814559785291125
68,18.005,74.876,0.63157,0.26927095465000217
69,18.005,74.862,0.5263,0.26681524045893756
70,18.009,74.86399999999999,0.33331,0.2660581168312772
71,18.009,74.86399999999999,0.35086,0.2660581168312772
72,18.009,74.87,0.5263,0.26710479070796367
73,18.012,74.861,0.45611999999999997,0.2647114074678121
74,18.012,74.873,0.29822,0.26679678394183726
75,18.014,74.858,0.18878,0.26364527932617465
76,18.017,74.865,0.28068000000000004,0.2640370970987216
77,18.017,74.96300000000001,0.33331,0.28109602895519514
78,18.018,74.86,0.38594,0.26290333911416053
79,18.018,74.866,0.35086,0.2639370744729548
80,18.019000000000002,74.964,0.43858,0.28068444833976847
81,18.021,74.863,0.3684,0.2626067338913677
82,18.022000000000002,74.97399999999999,0.45611999999999997,0.28154713038000156
83,18.023,74.968,0.19296,0.28021170744277146
84,18.026,74.868,0.17540999999999998,0.2621133627297991
85,18.027,74.859,0.45611999999999997,0.2603112959449576
86,18.032,74.868,0.45611999999999997,0.26050556646883827
87,18.032,74.98100000000001,0.2105,0.27983872821137024
88,18.032,74.971,0.12278,0.2781198655234628
89,18.033,74.858,0.49121000000000004,0.258549198866841
90,18.035999999999998,75.557,0.80785,0.3633819195485256
91,18.035999999999998,74.855,0.29822,0.2572550926458501
92,18.035999999999998,74.868,0.2105,0.2594425979644034
93,18.037,74.965,0.29822,0.27565910795366
94,18.038,74.85300000000001,0.17540999999999998,0.2563970101533535
95,18.038,76.204,0.12027,0.3591425743675091
96,18.039,74.85600000000001,0.31577,0.25663836954071695
97,18.039,74.858,0.28068000000000004,0.2569731700775313
98,18.04,74.85300000000001,0.29822,0.25587651587474014
99,18.04,74.859,0.31577,0.25687930607036735
100,18.041,74.861,0.24559,0.2569526322382395
101,18.041,74.956,0.45611999999999997,0.27299372205677885
102,18.042,74.854,0.22804000000000002,0.25552436170431414
103,18.044,75.568,0.59648,0.3614820832697038
104,18.047,74.964,0.19296,0.27266545574512757
105,18.048,74.869,0.26313000000000003,0.2564623833013653
106,18.049,75.544,0.66666,0.3572881135028781
107,18.05,74.852,0.5263,0.2531358365477542
108,18.05,75.566,0.31577,0.3590832917872303
109,18.05,74.45100000000001,0.093537,0.19496678572915316
110,18.052,75.555,0.3684,0.35728836643529
111,18.054000000000002,74.465,0.14533,0.19598132154434367
112,18.054000000000002,75.632,0.29822,0.36333964437946065
113,18.055999999999997,74.902,0.38594,0.2598438883453842
114,18.057000000000002,74.90100000000001,0.7017399999999999,0.259415523641349
115,18.058,74.88600000000001,0.19296,0.2566795870731098
116,18.058,74.905,0.14032,0.2598142562931892
117,18.058,74.46300000000001,0.045323,0.195107307923574
118,18.059,74.461,0.11025,0.19471520642382723
119,18.06,74.45100000000001,0.13530999999999999,0.1934015896990131
120,18.062,74.446,0.1186,0.19252401646893047
121,18.062,75.54899999999999,0.63157,0.35308253047433563
122,18.063,74.997,0.35086,0.27371255732388566
123,18.064,74.461,0.12111,0.19393203630583933
124,18.065,74.461,0.18126,0.19377653960606434
125,18.067,74.446,0.12863,0.19176577056033606
126,18.069000000000003,74.454,0.11777,0.19236332267021072
127,18.070999999999998,74.445,0.091866,0.19105495943155915
128,18.070999999999998,74.925,0.19296,0.2596933842520227
129,18.073,74.44800000000001,0.20549,0.19108974788824107
130,18.073,74.807,0.22804000000000002,0.2402566624164787
131,18.073,74.98899999999999,0.24559,0.2696333466567862
132,18.076,74.453,0.14951,0.19119743318645932
133,18.076,74.46,0.11692999999999999,0.19197875907420536
134,18.081,74.459,0.015122,0.1911181614752392
135,18.084,74.62899999999999,0.08017,0.2116895447566085
136,18.084,74.454,0.14951,0.19012565791487268
137,18.085,74.454,0.015087999999999999,0.18997949148947035
138,18.085,74.459,0.066084,0.19052618203165683
139,18.089000000000002,73.69,0.08936000000000001,0.16520444849998372
140,18.089000000000002,74.434,0.14617,0.187275744024324
141,18.102999999999998,74.872,0.53382,0.24331269502357566
142,18.111,75.065,0.1562,0.27147914123889394
143,18.113,75.065,0.1562,0.27094106705910437
144,18.125999999999998,74.376,0.14775,0.17716018175375614
145,18.134,74.984,0.22804000000000002,0.25307270084811373
146,18.135,74.96600000000001,0.13614,0.2500964985184778
147,18.137,74.876,0.26313000000000003,0.23613792938444977
148,18.137999999999998,75.03,0.31577,0.259072131188952
149,18.14,75.03,0.50876,0.25857167155243677
150,18.141,74.87100000000001,0.42103,0.23452065635430996
151,18.142,73.675,0.062625,0.1689097984495752
152,18.142,73.742,0.2506,0.1653312312947468
153,18.144000000000002,74.721,0.10477,0.21281396909424366
154,18.144000000000002,75.008,0.28068000000000004,0.2542644102848629
155,18.148,74.997,0.29822,0.2516451553622163
156,18.149,74.995,0.1988,0.2511062947608531
157,18.15,74.422,0.17549,0.17839979005315776
158,18.153,75.044,0.32411999999999996,0.2574484121718452
159,18.155,75.05,0.081841,0.25784779526625645
160,18.158,74.0,0.23389000000000001,0.1592924475836408
161,18.159000000000002,74.01100000000001,0.27149,0.15928721907760923
162,18.16,74.81,0.1755,0.22185352193945118
163,18.16,74.459,0.15425,0.18053587086920575
164,18.164,74.454,0.14668,0.17961178491580643
165,18.166,75.036,0.35086,0.2531136735631654
166,18.167,73.984,0.14199,0.15929484492684776
167,18.167,73.997,0.1587,0.1592337382359028
168,18.167,74.009,0.22554000000000002,0.15920836656273107
169,18.167,74.503,0.18377000000000002,0.18382672267420996
170,18.167,74.406,0.13358,0.17520811706505368
171,18.168,74.40899999999999,0.11517999999999999,0.1753445577866518
172,18.168,74.605,0.16756,0.19444305878281853
173,18.171,74.39399999999999,0.10477,0.17385856727794968
174,18.172,75.17,0.2105,0.27101699652818356
175,18.173,74.414,0.089042,0.17522511563208554
176,18.174,74.688,0.14400000000000002,0.20330325305915486
177,18.175,74.426,0.13355999999999998,0.17598738057910512
178,18.175,73.75,0.23806999999999998,0.1665736920663603
179,18.175,73.959,0.23974,0.15954493358063615
180,18.175,73.99600000000001,0.18794,0.15920254665116773
181,18.175,74.003,0.1963,0.1591694692996758
182,18.175,74.017,0.25478,0.15913374015052606
183,18.175,74.017,0.1587,0.15913374015052606
184,18.176,74.028,0.1044,0.15912353077028918
185,18.176,74.382,0.2017,0.17246933773990425
186,18.176,74.029,0.17959,0.15912458413523944
187,18.177,74.42399999999999,0.15978,0.1756136970683626
188,18.179000000000002,75.172,0.35086,0.26950370747003394
189,18.18,74.027,0.1044,0.15908365885668474
190,18.18,75.12,0.20674,0.2618852350948593
191,18.180999999999997,74.032,0.017302,0.1590750023783124
192,18.180999999999997,74.028,0.17959,0.15907424764857425
193,18.180999999999997,74.032,0.25478,0.1590750023783124
194,18.182000000000002,74.426,0.072651,0.17525432348012804
195,18.183,74.933,0.12046,0.23439715820125906
196,18.183,75.7,0.10022,0.32402139176444406
197,18.184,74.477,0.16037,0.17935105759646797
198,18.184,74.385,0.11785,0.1719344270172254
199,18.184,74.398,0.1493,0.17288756807674244
200,18.184,75.164,0.14032,0.2671153185352456
201,18.184,74.437,0.11262,0.17593652862218856
202,18.185,73.992,0.15661,0.1592157477499716
203,18.185,74.385,0.16756,0.17184150404913934
204,18.185,74.48100000000001,0.17540999999999998,0.1795926926290008
205,18.185,74.487,0.16288,0.18013206400904247
206,18.185,74.488,0.16622,0.18022256552617077
207,18.185,74.027,0.09813200000000001,0.15904095715677624
208,18.185,74.905,0.40349,0.23003829271678922
209,18.185,75.167,0.19296,0.26728394122902444
210,18.187,73.632,0.1399,0.17499507405575598
211,18.187,74.388,0.16472,0.17187170084737824
212,18.187,74.406,0.12829000000000002,0.1731974016081239
213,18.187,74.436,0.15716,0.17554119863859452
214,18.188,74.003,0.19212,0.1591279165451115
215,18.188,74.418,0.16238,0.17401532422209776
216,18.188,74.955,0.43858,0.23644340697101396
217,18.188,73.628,0.12737,0.1753783852798716
218,18.188,74.462,0.12044,0.17759547247800733
219,18.189,75.17,0.40349,0.2666997794588042
220,18.19,74.493,0.19045,0.18009236895461578
221,18.19,74.818,0.13358,0.21716487912522098
222,18.19,74.66,0.11,0.1974004616743784
223,18.191,74.934,0.29822,0.23285264532490757
224,18.191,74.436,0.16472,0.17512803918462283
225,18.191,74.972,0.28068000000000004,0.23820193249143606
226,18.192,74.008,0.13573,0.15908686572292563
227,18.192,74.485,0.1587,0.1791476876132353
228,18.192,74.165,0.31577,0.16056441826758627
229,18.192,74.367,0.14376,0.16996814216759937
230,18.194000000000003,74.42399999999999,0.15711,0.17388406488022357
231,18.194000000000003,75.185,0.26313000000000003,0.26752465615695953
232,18.194000000000003,74.493,0.16539,0.1796308191814665
233,18.194000000000003,75.156,0.24559,0.26351467911120396
234,18.195,74.97,0.35086,0.23706041485015472
235,18.195999999999998,74.438,0.14144,0.17477763079490571
236,18.195999999999998,74.922,0.56139,0.23014675989790467
237,18.195999999999998,74.988,0.5263,0.23937842695364653
238,18.197,74.40899999999999,0.13355999999999998,0.1724650841869405
239,18.197,74.565,0.12044,0.1861082385746804
240,18.197,74.932,0.49121000000000004,0.23132900483145025
241,18.197,75.157,0.12278,0.26291913712629833
242,18.198,74.388,0.11517999999999999,0.17087256050139632
243,18.198,75.031,0.13614,0.24500229523179107
244,18.198,74.899,0.13097,0.22657232159852692
245,18.198,74.48100000000001,0.16037,0.1781261349516139
246,18.199,74.483,0.24225,0.17818854829597086
247,18.199,75.176,0.37258,0.2650489066451962
248,18.2,73.833,0.2694,0.16370046913425151
249,18.2,73.925,0.24641999999999997,0.1605134441868341
250,18.2,73.926,0.24641999999999997,0.16048792634679954
251,18.2,74.917,0.49121000000000004,0.22864359255093647
252,18.2,74.388,0.10477,0.17069543662539688
253,18.2,74.416,0.16472,0.17269889546591388
254,18.201,74.002,0.14199,0.1591409552074553
255,18.201,74.968,0.1755,0.23550674174206088
256,18.201,76.085,0.12528,0.31491602578891786
257,18.202,74.941,0.26313000000000003,0.23154815749527458
258,18.202,73.92699999999999,0.24015999999999998,0.16050089204933515
259,18.202,73.938,0.17332,0.16023064866469694
260,18.202,74.486,0.15202000000000002,0.17811690123159685
261,18.202,75.176,0.23974,0.2643128944213591
262,18.202,74.47800000000001,0.24225,0.17743180132481307
263,18.203,74.484,0.16037,0.17783512890797437
264,18.203,74.494,0.1587,0.17870140900592768
265,18.203,73.94,0.22554000000000002,0.16020070608823378
266,18.204,74.476,0.16037,0.17704739768420463
267,18.204,74.396,0.12303,0.17089527495594403
268,18.204,74.411,0.12047999999999999,0.1719589391951568
269,18.204,74.439,0.10477,0.17405661979271336
270,18.205,75.19800000000001,0.42103,0.2665669069476515
271,18.205,74.47399999999999,0.15202000000000002,0.17677305662437826
272,18.205,74.921,0.26313000000000003,0.22818732561420596
273,18.205,73.938,0.26313000000000003,0.1602824956880874
274,18.205,74.388,0.12044,0.1702587193991546
275,18.205,75.203,0.43858,0.2672413422818425
276,18.206,73.692,0.075157,0.1720571726645238
277,18.206,74.389,0.10214,0.17024002952705208
278,18.206,74.4,0.12829000000000002,0.1709962740526837
279,18.207,74.48899999999999,0.19045,0.17782742690464892
280,18.207,74.916,0.16764,0.22710564006398704
281,18.207,74.92,0.38594,0.22765108456357164
282,18.207,75.183,0.29822,0.26404673109688315
283,18.207,75.161,0.33331,0.26104907353797746
284,18.207,74.551,0.10477,0.1834679037722503
285,18.208,74.93,0.47367,0.22881717175354832
286,18.208,74.37100000000001,0.14144,0.16888860495017344
287,18.208,73.725,0.043828,0.1699741763850371
288,18.209,74.438,0.12303,0.17349185060653127
289,18.209,74.455,0.1624,0.1748129367622665
290,18.209,74.437,0.14140999999999998,0.17341577783399797
291,18.209,74.384,0.15425,0.16964983946890488
292,18.209,74.79899999999999,0.50876,0.211252784141986
293,18.209,74.918,0.2105,0.22698139519622906
294,18.209,75.191,0.28068000000000004,0.2646422255337486
295,18.21,74.41199999999999,0.12044,0.17148344352918865
296,18.21,74.97399999999999,0.31577,0.23445579395637284
297,18.211,74.01100000000001,0.19212,0.15907117483875177
298,18.211,74.929,0.2105,0.22808101360808042
299,18.211,75.045,0.16764,0.24408329615119195
300,18.211,74.71300000000001,0.094205,0.20034488581784482
301,18.211,74.85300000000001,0.18335,0.21789369855257368
302,18.212,74.932,0.45611999999999997,0.22829017096689674
303,18.213,74.917,0.45611999999999997,0.22605774455026495
304,18.214000000000002,74.916,0.5263,0.22572694468816212
305,18.215,74.89699999999999,0.43858,0.22298078911063535
306,18.215,75.206,0.22804000000000002,0.2651933915161775
307,18.215999999999998,74.918,0.5263,0.22560627711353132
308,18.215999999999998,74.932,0.19296,0.22749669390309224
309,18.215999999999998,74.418,0.21735,0.17137006062948956
310,18.217,74.661,0.11787,0.1935088776254742
311,18.217,74.926,0.19296,0.2264892068390525
312,18.218,74.01100000000001,0.0856,0.15909648541356125
313,18.218,74.93,0.42103,0.22683272095713658
314,18.218,74.0,0.13573,0.15924355406821344
315,18.218,75.021,0.14282999999999998,0.23925351236726222
316,18.219,74.025,0.14826,0.15894672329767512
317,18.219,75.186,0.087689,0.261563058333122
318,18.22,75.209,0.14032,0.2643822567413916
319,18.221,75.02,0.13097,0.23848143770212016
320,18.222,75.209,0.31577,0.26390154730342474
321,18.224,75.191,0.50876,0.2610432976503253
322,18.224,74.1,0.8421,0.15873619576483877
323,18.224,74.419,0.11692999999999999,0.17073426037342887
324,18.224,74.885,0.11787,0.21969565624253162
325,18.224,75.188,0.45611999999999997,0.26064483980433806
326,18.225,74.407,0.067638,0.16983283601233512
327,18.225,73.65,0.087689,0.17665885065860987
328,18.225,75.04899999999999,0.15454,0.24159954671582917
329,18.225,74.389,0.10732,0.1686617771406489
330,18.226,74.994,0.10477,0.2338979613195592
331,18.226,73.84,0.18878,0.16446670771502037
332,18.227,74.372,0.14140999999999998,0.1674614029018997
333,18.229,74.416,0.16037,0.17010046174910975
334,18.229,74.58800000000001,0.10477,0.18434070416657444
335,18.229,74.41199999999999,0.15452,0.1698317732699085
336,18.229,74.413,0.1587,0.16989866413631427
337,18.23,76.077,0.13614,0.30689464493296975
338,18.23,74.686,0.065967,0.19441069693464952
339,18.230999999999998,74.324,0.067137,0.16456949289681821
340,18.230999999999998,74.891,0.15452,0.21919082551046065
341,18.233,74.778,0.14144,0.20461983160174324
342,18.233,74.319,0.14701,0.16420242688664843
343,18.233,73.78699999999999,0.2506,0.1676468227592085
344,18.233,73.925,0.10231,0.16128232076003446
345,18.234,74.497,0.17048,0.17566278670120894
346,18.234,74.32300000000001,0.034053,0.16433351910494987
347,18.234,74.39699999999999,0.20164,0.16845424583672963
348,18.235,74.282,0.066853,0.16246403490357064
349,18.235,74.39699999999999,0.099469,0.1683759251008602
350,18.235,75.013,0.12047999999999999,0.2346322056005714
351,18.235,73.877,0.11902,0.16316160480691988
352,18.235,74.613,0.15061,0.18605400445339138
353,18.236,74.711,0.18335,0.19633602120421945
354,18.237000000000002,74.8,0.15716,0.2066425709061116
355,18.238,73.92,0.28193,0.16159359379747817
356,18.238,74.609,0.14140999999999998,0.18528417751331405
357,18.239,74.391,0.14144,0.16769923681922605
358,18.239,74.742,0.17026,0.1994295934572522
359,18.24,73.597,0.14617,0.18251844829684782
360,18.24,74.311,0.033485,0.16341837965548145
361,18.241,73.579,0.023526,0.1842728440623349
362,18.241,73.581,0.24559,0.1840862136825624
363,18.241,74.258,0.020017,0.1612889111814758
364,18.242,73.692,0.28402,0.17471174295049863
365,18.242,74.328,0.10022,0.164085495127133
366,18.242,74.817,0.15163,0.2079031490043427
367,18.243,74.696,0.19889,0.19367126761433207
368,18.243,74.257,0.091866,0.16116675606165687
369,18.243,74.27600000000001,0.15035,0.1618318750368638
370,18.244,74.258,0.093537,0.16115590369282584
371,18.244,74.304,0.12044,0.16289112326984623
372,18.244,74.348,0.033552,0.16494845140064618
373,18.244,75.055,0.15711,0.2384189846661494
374,18.245,74.355,0.11692999999999999,0.16524555132114094
375,18.246,74.594,0.13097,0.18287474991580077
376,18.246,74.935,0.11262,0.22216119933258616
377,18.246,74.283,0.10022,0.1619474200990615
378,18.246,74.491,0.14140999999999998,0.174011776552369
379,18.246,74.289,0.033552,0.16217717039170665
380,18.247,74.28,0.10022,0.16178725257652715
381,18.247,74.694,0.1755,0.19289802475277107
382,18.247,74.327,0.12027,0.16374187861096168
383,18.249000000000002,74.301,0.058548,0.16250122925000654
384,18.249000000000002,74.274,0.10022,0.16147737994610356
385,18.25,74.27600000000001,0.066803,0.16150197648688214
386,18.25,73.925,0.20883000000000002,0.16177865573465489
387,18.25,74.485,0.13355999999999998,0.17317829375455407
388,18.250999999999998,74.313,0.10547999999999999,0.16289483842254382
389,18.250999999999998,74.331,0.15035,0.16369406429306932
390,18.250999999999998,74.40899999999999,0.11692999999999999,0.16789166664069255
391,18.250999999999998,74.306,0.08017,0.16260150548568753
392,18.250999999999998,74.361,0.13197,0.1651686139496661
393,18.250999999999998,74.919,0.15787,0.2191825813505235
394,18.252,74.306,0.08017,0.1625492566749821
395,18.252,74.315,0.088524,0.16292619331498348
396,18.252,74.47800000000001,0.16288,0.17247354938625659
397,18.252,74.569,0.10477,0.1798990300894513
398,18.252,74.34,0.1303,0.164057984534138
399,18.253,74.263,0.066886,0.16093142841850405
400,18.253,74.313,0.034053,0.1627875404378244
401,18.253,74.708,0.13882,0.19358837075324897
402,18.253,74.471,0.10172,0.17187313889175593
403,18.253,74.704,0.10472999999999999,0.19315424548109073
404,18.254,74.67699999999999,0.09690399999999999,0.19014543660212546
405,18.254,74.304,0.020017,0.16236505642670274
406,18.254,74.445,0.12278,0.16997211296280568
407,18.254,74.32600000000001,0.10022,0.16329643555459739
408,18.254,74.336,0.15035,0.16375167262739987
409,18.255,74.335,0.10022,0.16364752499202717
410,18.255,74.36399999999999,0.14701,0.16506710902073374
411,18.256,74.435,0.17625,0.1691483886894143
412,18.256,74.308,0.09687899999999999,0.1624240546880551
413,18.256,74.303,0.066853,0.16222410948106492
414,18.257,74.275,0.091866,0.16115381088982716
415,18.257,73.642,0.16706,0.18006542388399194
416,18.257,74.42699999999999,0.15035,0.168556317593766
417,18.257,74.322,0.034053,0.1629563482969152
418,18.257,74.324,0.075291,0.16304288343548556
419,18.257,74.938,0.13358,0.22053987093825578
420,18.258,74.316,0.075291,0.1626489892339389
421,18.258,74.332,0.095208,0.16334089553027564
422,18.258,74.33,0.08518200000000001,0.1632516220259992
423,18.258,73.925,0.073068,0.16203539233586517
424,18.259,74.311,0.030043,0.16239213429069954
425,18.259,74.289,0.058548,0.1615513759045628
426,18.259,74.624,0.11259000000000001,0.18419720843053822
427,18.26,74.28,0.058598000000000004,0.16119165648816391
428,18.26,74.418,0.14784,0.1677693878980564
429,18.26,74.622,0.09690399999999999,0.1838871430924809
430,18.261,74.357,0.050227,0.1643406286240554
431,18.261,74.517,0.20164,0.1746111727961841
432,18.261,74.57,0.12829000000000002,0.17901346480038038
433,18.262,74.938,0.14617,0.21964302249953704
434,18.262,74.66199999999999,0.081189,0.18757590163009508
435,18.262,74.707,0.08380399999999999,0.19225254026722216
436,18.262999999999998,74.41,0.15202000000000002,0.16707137313440357
437,18.262999999999998,74.275,0.10022,0.16089784193107803
438,18.262999999999998,74.444,0.12044,0.16918119349977578
439,18.264,74.281,0.1069,0.16105226725202915
440,18.264,74.336,0.02503,0.16318685296475122
441,18.264,74.709,0.1755,0.1921973885284991
442,18.264,74.271,0.041873,0.16072967599267818
443,18.265,74.866,0.13097,0.21012843363649003
444,18.265,73.83800000000001,0.22971999999999998,0.16644919107477374
445,18.265,74.328,0.11091,0.1627858409774059
446,18.265,74.33800000000001,0.13364,0.16322073042143193
447,18.266,73.734,0.1232,0.17332952017453274
448,18.266,74.268,0.06697,0.16055774857305372
449,18.266,74.32300000000001,0.033518,0.16252434267877258
450,18.266,74.357,0.033552,0.1640424724839027
451,18.266,74.33,0.075291,0.16281818864470332
452,18.268,74.311,0.058598000000000004,0.16194657616915364
453,18.268,74.366,0.15716,0.16436150893118018
454,18.268,74.654,0.093788,0.18603743924783933
455,18.268,75.499,0.07014400000000001,0.28561598192909077
456,18.268,74.585,0.09428099999999999,0.17958314251637697
457,18.269000000000002,74.29899999999999,0.058548,0.1614544364776087
458,18.269000000000002,74.773,0.40349,0.1985397252504303
459,18.269000000000002,74.774,0.40349,0.1986528884853349
460,18.269000000000002,74.303,0.058598000000000004,0.1615992983384269
461,18.269000000000002,74.782,0.1493,0.1995619843442059
462,18.269000000000002,75.03699999999999,0.11262,0.23107895554427238
463,18.269000000000002,73.884,0.064714,0.16423562156327287
464,18.269000000000002,74.405,0.10774,0.1663635961236849
465,18.27,74.27199999999999,0.10022,0.16052212290416623
466,18.27,74.554,0.1493,0.17672166743190476
467,18.27,74.758,0.1231,0.1967136018507133
468,18.271,73.719,0.066803,0.17484917703469804
469,18.272000000000002,74.42399999999999,0.13530999999999999,0.16725765754564492
470,18.272000000000002,74.678,0.15711,0.1879410785681057
471,18.272000000000002,75.34100000000001,0.43858,0.2683386144145451
472,18.272000000000002,74.725,0.11517999999999999,0.19283440650930062
473,18.272000000000002,74.421,0.16037,0.16707986517779205
474,18.273,74.639,0.13882,0.18398779539687737
475,18.273,74.325,0.11192,0.16225273185223787
476,18.273,74.436,0.15787,0.1679118586240569
477,18.274,74.405,0.10774,0.1660264385500787
478,18.274,74.736,0.10214,0.19374760239125377
479,18.274,74.903,0.19471,0.21318448667860035
480,18.274,74.32300000000001,0.030043,0.1621239072642474
481,18.275,74.593,0.14140999999999998,0.17954218620113715
482,18.276,74.411,0.16037,0.16622793167142658
483,18.276,74.705,0.16376,0.19020037646460008
484,18.276,73.722,0.20256,0.1749992363009617
485,18.276,73.72399999999999,0.22554000000000002,0.17484260056062617
486,18.277,74.488,0.11262,0.17102439877955378
487,18.277,74.547,0.15185,0.1754655284439458
488,18.277,73.722,0.045916000000000005,0.1750764400753183
489,18.277,74.313,0.058548,0.16160025612298767
490,18.278,74.294,0.040135000000000004,0.16089446810001917
491,18.278,74.322,0.030043,0.16189283993980097
492,18.278,74.322,0.09687899999999999,0.16189283993980097
493,18.278,74.495,0.13355999999999998,0.17143512899396152
494,18.28,74.525,0.14140999999999998,0.17346785591844505
495,18.281,74.42,0.091031,0.1664002420298083
496,18.281,74.411,0.12278,0.16589617670696155
497,18.281,74.547,0.13614,0.17508517296457504
498,18.281,74.666,0.08380399999999999,0.18565327152364353
499,18.282,73.859,0.041739,0.1661596785512126
500,18.282,74.40899999999999,0.1729,0.1657213392849387
501,18.282,74.752,0.13614,0.19439443900038234
502,18.282,74.423,0.12278,0.16650375154359998
503,18.283,74.404,0.15787,0.16538740920881523
504,18.283,74.423,0.12278,0.16643618720032405
505,18.283,74.596,0.1231,0.17896496044215138
506,18.284000000000002,74.683,0.12829000000000002,0.1869676792463587
507,18.284000000000002,75.361,0.31577,0.26780648341596713
508,18.284000000000002,74.48100000000001,0.16764,0.16997330074113393
509,18.284000000000002,74.414,0.084347,0.16586558634991244
510,18.284000000000002,74.734,0.16764,0.1922012509374439
511,18.285,74.714,0.21475999999999998,0.1899827922854671
512,18.285,74.40899999999999,0.15787,0.16552865745155954
513,18.285999999999998,73.747,0.20631999999999998,0.17382148347616255
514,18.285999999999998,74.439,0.10774,0.16716112635112834
515,18.285999999999998,74.686,0.14144,0.1870238454084754
516,18.285999999999998,74.444,0.12278,0.16746014604633508
517,18.285999999999998,74.557,0.15945,0.17541030943555247
518,18.287,74.598,0.10782,0.1787253934257671
519,18.287,74.90100000000001,0.10472999999999999,0.21081013674802984
520,18.288,74.428,0.09270199999999999,0.16638545481798273
521,18.289,74.928,0.15716,0.2137650079713448
522,18.29,75.34899999999999,0.40349,0.2651196178595644
523,18.29,74.362,0.14199,0.16294225721475897
524,18.29,74.441,0.09270199999999999,0.16700211573757107
525,18.29,75.268,0.7017399999999999,0.2558096520908254
526,18.29,74.571,0.16764,0.17616009804647448
527,18.291,73.692,0.25895999999999997,0.1786849455276659
528,18.291,74.44,0.12278,0.1668749019927538
529,18.291,74.404,0.16706,0.16489158579774787
530,18.291,74.72,0.10214,0.18984361989608822
531,18.291,74.946,0.10477,0.21563723211244612
532,18.291,75.663,0.40349,0.29192441014861936
533,18.292,74.426,0.12361,0.16600951494353255
534,18.292,74.428,0.15787,0.16612116950816336
535,18.292,74.406,0.084347,0.16493445364672088
536,18.293,74.369,0.088524,0.16309449855350444
537,18.293,74.755,0.13097,0.1932490964591922
538,18.293,74.40899999999999,0.074322,0.16502969033688286
539,18.293,73.872,0.1963,0.16600453596972087
540,18.293,74.334,0.088524,0.16165682593983444
541,18.293,74.502,0.13097,0.17068834875773675
542,18.293,74.775,0.17026,0.19540164203282062
543,18.293,73.71,0.14617,0.17732620901979212
544,18.293,74.53,0.19646,0.1726954054929325
545,18.294,74.425,0.13832,0.16582514064894105
546,18.294,74.337,0.088524,0.16172504732837067
547,18.294,74.344,0.15035,0.1619959205469541
548,18.294,75.67,0.40349,0.2915519686964978
549,18.294,74.617,0.12219000000000001,0.17965831163009915
550,18.295,75.582,0.1755,0.2857513662664444
551,18.295,74.667,0.13355999999999998,0.184123467353016
552,18.295,74.3,0.11192,0.16041814469267368
553,18.295,74.369,0.07014400000000001,0.1629901144337863
554,18.296,74.37,0.07014400000000001,0.16298238353457672
555,18.296,74.337,0.088524,0.1616349391929186
556,18.296,74.363,0.07014400000000001,0.1626786910322987
557,18.296,74.529,0.099469,0.17236433503233772
558,18.296,74.42,0.12612,0.16542699315326037
559,18.296,75.291,0.17540999999999998,0.2572158739091557
560,18.297,74.639,0.11785,0.18130495338897945
561,18.297,74.714,0.12044,0.1884905877214017
562,18.297,74.72399999999999,0.19384,0.1895048895594219
563,18.297,75.35300000000001,0.22804000000000002,0.2639969085094438
564,18.297,73.727,0.29236999999999996,0.1762467610205376
565,18.297,74.296,0.1044,0.16022619409585093
566,18.297,74.733,0.11262,0.19042833084914157
567,18.297,75.10600000000001,0.044245,0.2345088227344606
568,18.298,74.741,0.14926,0.19113041932052122
569,18.298,74.34899999999999,0.081841,0.16200618355424867
570,18.299,74.376,0.08017,0.1630927014304968
571,18.299,74.50399999999999,0.16497,0.17034743642918915
572,18.301,74.46600000000001,0.11259000000000001,0.1677370740792985
573,18.301,74.596,0.16764,0.17715795501071696
574,18.301,74.637,0.11342,0.1807000575145613
575,18.301,74.403,0.1186,0.1642525207170119
576,18.301,74.70100000000001,0.13358,0.18671633288319678
577,18.301,75.67,0.24559,0.28981848812601474
578,18.302,74.391,0.07014400000000001,0.16361935271721628
579,18.302,74.661,0.19646,0.18277935996434658
580,18.302,75.041,0.1303,0.22548744028094836
581,18.302,74.43,0.15703,0.16559246005584793
582,18.302,74.65100000000001,0.16572,0.1818591355335134
583,18.302,74.705,0.13097,0.1869923587380754
584,18.303,73.741,0.12111,0.1755873299719195
585,18.303,74.68,0.12834,0.18445324987267353
586,18.304000000000002,75.931,0.11692999999999999,0.29358921180908887
587,18.305,74.37899999999999,0.12027,0.16291723698152905
588,18.305,74.40100000000001,0.11692999999999999,0.16393017813478505
589,18.305,74.611,0.1257,0.1780269745360642
590,18.305,74.88,0.14376,0.20552778196591792
591,18.305999999999997,74.34,0.074322,0.161310823729919
592,18.305999999999997,74.377,0.15285,0.16277966812897948
593,18.305999999999997,74.39699999999999,0.081841,0.16368475570501195
594,18.305999999999997,75.316,0.42103,0.2579281685242887
595,18.305999999999997,74.407,0.11692999999999999,0.16416615414599545
596,18.305999999999997,74.418,0.11692999999999999,0.16471771194953466
597,18.305999999999997,74.40100000000001,0.074322,0.1638750185693505
598,18.305999999999997,74.361,0.088524,0.16211152122189798
599,18.305999999999997,74.366,0.07014400000000001,0.16231494518471212
600,18.305999999999997,74.366,0.1303,0.16231494518471212
601,18.305999999999997,75.652,0.43858,0.28761459483559826
602,18.307000000000002,74.38,0.09855,0.16286007258717505
603,18.307000000000002,74.747,0.16706,0.19062098710637498
604,18.307000000000002,75.669,0.14868,0.2882998531722527
605,18.308,74.375,0.15716,0.16259499303310365
606,18.308,73.868,0.18794,0.16703466291376534
607,18.308,74.417,0.22888000000000003,0.16455060732721305
608,18.308,73.547,0.14617,0.1945635484405881
609,18.309,74.66,0.17549,0.1819301033113223
610,18.309,74.67399999999999,0.1231,0.1832208556125352
611,18.31,74.69,0.10214,0.1846167246440903
612,18.31,74.404,0.16473,0.16379989728770794
613,18.311,74.337,0.10022,0.16099978593240505
614,18.311,74.376,0.12445,0.16249177586053887
615,18.311,74.406,0.088524,0.16384110895931925
616,18.311,73.753,0.21927,0.17524869794419806
617,18.311,74.37899999999999,0.084347,0.16261888174504413
618,18.311,74.37899999999999,0.07014400000000001,0.16261888174504413
619,18.311,74.857,0.56139,0.20201130361542308
620,18.311,74.558,0.15425,0.17323509405639348
621,18.312,74.675,0.18636,0.18298681641949754
622,18.312,74.367,0.12047999999999999,0.16207489852905788
623,18.312,74.89699999999999,0.08118099999999999,0.20645629915568275
624,18.313,75.641,0.35086,0.2852980677903152
625,18.313,74.377,0.14282999999999998,0.16243794365628217
626,18.313,74.854,0.11262,0.20138790540251017
627,18.314,73.895,0.1963,0.16580983360649904
628,18.314,74.775,0.12047999999999999,0.19265045938489034
629,18.315,74.579,0.16539,0.17449175985602516
630,18.315,73.714,0.14617,0.17882615562371718
631,18.315,74.388,0.09604299999999999,0.1628107949929949
632,18.315,74.626,0.17808,0.17831913207703898
633,18.315,74.62100000000001,0.10214,0.17789572774282003
634,18.316,74.683,0.12044,0.18329585433646955
635,18.316,73.771,0.25895999999999997,0.1742111270568617
636,18.316,74.543,0.14140999999999998,0.17171882994222287
637,18.317,74.382,0.07014400000000001,0.16245737155766726
638,18.317,74.798,0.13097,0.19469793780091427
639,18.317,74.85300000000001,0.10214,0.2007131677020867
640,18.317,74.925,0.14282999999999998,0.2089692834526713
641,18.317999999999998,74.313,0.16764,0.15999442739421366
642,18.317999999999998,74.653,0.19053,0.18036232400704577
643,18.317999999999998,73.9,0.16079000000000002,0.16573894720286952
644,18.317999999999998,74.418,0.075291,0.1640392022971009
645,18.317999999999998,75.30199999999999,0.45529,0.2538372671557737
646,18.317999999999998,74.391,0.088524,0.16279403534519055
647,18.317999999999998,74.479,0.08017,0.16735673460495537
648,18.317999999999998,75.643,0.45611999999999997,0.2842295849679719
649,18.32,73.887,0.21091999999999997,0.16657898385285042
650,18.32,74.786,0.15454,0.19304430011876883
651,18.32,74.891,0.1886,0.2045862302403384
652,18.320999999999998,74.432,0.11025,0.164568637236308
653,18.320999999999998,74.623,0.11262,0.1774883836258162
654,18.320999999999998,74.387,0.07014400000000001,0.16247855773632558
655,18.320999999999998,74.627,0.14140999999999998,0.1778232865723115
656,18.322,74.421,0.11359000000000001,0.1639681683587324
657,18.322,74.567,0.15703,0.1729776530607423
658,18.322,75.30199999999999,0.22804000000000002,0.25301679657268317
659,18.322,74.567,0.13530999999999999,0.1729776530607423
660,18.322,74.788,0.056986,0.193001630941266
661,18.323,74.805,0.24841,0.1946683009805742
662,18.323,74.806,0.2647,0.19477466468417537
663,18.323,74.806,0.2647,0.19477466468417537
664,18.324,74.569,0.18209,0.17295975122144747
665,18.324,74.406,0.12027,0.163162172142587
666,18.324,75.672,0.31577,0.28439844643699874
667,18.325,73.9,0.13155,0.16610244643345673
668,18.325,74.84,0.13355999999999998,0.19818027488710088
669,18.326,75.67399999999999,0.3684,0.28403172492937545
670,18.326,74.792,0.20360999999999999,0.19291804143072644
671,18.326,75.214,0.11192,0.2421028585609265
672,18.326,74.37100000000001,0.11262,0.1616140641181264
673,18.326,74.934,0.08117200000000001,0.20866012079964058
674,18.326,74.929,0.13832,0.20807997687172586
675,18.327,74.919,0.1912,0.20677713808426312
676,18.328,74.6,0.10472999999999999,0.1749866629755219
677,18.328,74.81,0.20360999999999999,0.19455868363518936
678,18.328,74.796,0.29729,0.19308586946175033
679,18.328,74.741,0.14926,0.18750674921565857
680,18.329,75.655,0.3684,0.28233737983678053
681,18.329,74.726,0.17549,0.18593498716546764
682,18.33,74.812,0.24026999999999998,0.19451587188236885
683,18.332,74.486,0.16497,0.16685593260314302
684,18.332,74.796,0.16473,0.19258935039209235
685,18.332,74.742,0.18636,0.18714817084026758
686,18.333,75.645,0.19296,0.2808617996443534
687,18.333,74.499,0.08117200000000001,0.167564264463271
688,18.333,76.033,0.11692999999999999,0.2825686063365344
689,18.333,74.498,0.11259000000000001,0.16750382295657917
690,18.333,74.758,0.11787,0.18860936028201192
691,18.334,74.393,0.14868,0.16213336547792656
692,18.334,74.583,0.16288,0.17317516671551791
693,18.334,74.657,0.1328,0.1791227835390823
694,18.334,74.803,0.2199,0.19306982807214979
695,18.334,74.395,0.1186,0.16221500889833285
696,18.335,74.555,0.15454,0.17107385113866902
697,18.335,74.555,0.12278,0.17107385113866902
698,18.335,74.385,0.20465,0.1617721584855092
699,18.335,74.571,0.16037,0.17221192903649218
700,18.336,74.751,0.10472999999999999,0.1875744793961518
701,18.336,74.661,0.13358,0.17927366381213372
702,18.336,74.367,0.10189,0.161065515286701
703,18.336,74.392,0.14199,0.16200558142803323
704,18.336,75.301,0.2907,0.25009450560683955
705,18.337,74.46,0.09855,0.165110769183475
706,18.337,74.601,0.084347,0.1742882700951257
707,18.337,74.76100000000001,0.18732000000000001,0.18844494487085106
708,18.338,74.44800000000001,0.09019500000000001,0.1644379068342008
709,18.339000000000002,74.808,0.097714,0.19297345673030197
710,18.339000000000002,75.053,0.13355999999999998,0.2206385603296137
711,18.34,74.775,0.15880999999999998,0.18949099519467483
712,18.34,74.612,0.12044,0.17488476007266085
713,18.34,74.77,0.10586,0.18899231099126523
714,18.34,74.77,0.10178999999999999,0.18899231099126523
715,18.340999999999998,74.76899999999999,0.13437000000000002,0.1887778976845086
716,18.340999999999998,74.764,0.10994000000000001,0.18828354421921722
717,18.342,74.766,0.24434,0.188366866333189
718,18.342,75.03399999999999,0.10214,0.21791070226665077
719,18.343,74.69,0.15454,0.18112511113692098
720,18.343,74.747,0.1303,0.18640379217564285
721,18.343,74.766,0.044772,0.18825318966478033
722,18.343,74.905,0.1755,0.20291386955532353
723,18.343,74.618,0.081005,0.17509679438045078
724,18.343,74.619,0.045081,0.17517524991721256
725,18.343,74.778,0.1751,0.18944281126072082
726,18.343,74.942,0.40349,0.20708321285756404
727,18.343,74.56,0.12111,0.17081754322385578
728,18.343,74.561,0.1044,0.17088668785941163
729,18.343,74.609,0.17282,0.17439766381651411
730,18.343,74.796,0.10178999999999999,0.19125725947358774
731,18.344,74.77199999999999,0.077346,0.1887315900213059
732,18.344,74.39399999999999,0.19713,0.16174671242710126
733,18.344,74.779,0.23619,0.1894270500756815
734,18.345,74.176,0.17288,0.15802881053688222
735,18.345,74.678,0.12996,0.17987505633695122
736,18.345,74.574,0.18794,0.1716469189630343
737,18.345,74.575,0.16539,0.17171798702922358
738,18.345,74.845,0.09428099999999999,0.1961115654901774
739,18.346,74.639,0.075157,0.17650873056258853
740,18.346,74.388,0.16873,0.16143821623062948
741,18.346,74.663,0.20039,0.17849509861251833
742,18.346,74.563,0.2199,0.17080185722708496
743,18.347,74.782,0.24434,0.18938067109998236
744,18.348,74.843,0.10472999999999999,0.19552199503926893
745,18.348,75.322,0.13614,0.25002980332689084
746,18.348,74.551,0.12111,0.16984358452927395
747,18.348,74.58800000000001,0.073277,0.1724206595735982
748,18.348,74.65899999999999,0.12303,0.17797402688457986
749,18.349,74.609,0.17102,0.17390016469719805
750,18.349,74.75399999999999,0.85526,0.18641951681225777
751,18.349,74.62,0.14943,0.174743678554371
752,18.349,74.75399999999999,0.10994000000000001,0.18641951681225777
753,18.35,74.61,0.2647,0.17389424480118876
754,18.35,75.658,0.40349,0.27775482617619773
755,18.35,75.675,0.49121000000000004,0.2786192411514081
756,18.35,75.29899999999999,0.15787,0.24715893727831106
757,18.351,74.774,0.097714,0.18813777929714193
758,18.351,75.64699999999999,0.24559,0.2769404787597133
759,18.351,74.567,0.15473,0.1707096533531023
760,18.351,74.38,0.15536,0.16096220002338635
761,18.351,74.568,0.15473,0.17077840294806967
762,18.352,74.766,0.077346,0.18724794960007884
763,18.352,74.66,0.075491,0.17769307796970535
764,18.352,74.69,0.18325,0.1802456037460497
765,18.352,74.757,0.25248000000000004,0.18638127184787012
766,18.352999999999998,74.593,0.16288,0.17239510585566364
767,18.354,75.66,0.29822,0.276980484904527
768,18.354,74.631,0.22398,0.1751803655873425
769,18.354,75.222,0.081841,0.2378323848883369
770,18.354,75.661,0.19296,0.27703250088243037
771,18.354,74.593,0.24434,0.17231800078057846
772,18.354,74.759,0.12215,0.18635653104716376
773,18.354,74.789,0.061063,0.18927776832456156
774,18.354,74.768,0.13437000000000002,0.18722207911132116
775,18.354,74.789,0.11400999999999999,0.18927776832456156
776,18.355,74.615,0.13437000000000002,0.17386674870663243
777,18.355,74.79,0.14252,0.18926367965869162
778,18.355,74.759,0.19139,0.18624886578876676
779,18.355,74.891,0.13358,0.19976552211554732
780,18.355,75.001,0.15716,0.2120781514430664
781,18.355,74.608,0.030126,0.1733412614657881
782,18.355999999999998,74.641,0.050094,0.1757992127515492
783,18.355999999999998,74.688,0.19889,0.17969203833028968
784,18.355999999999998,74.595,0.19954000000000002,0.1723090908639442
785,18.355999999999998,74.878,0.10255999999999998,0.19823468789420284
786,18.355999999999998,74.389,0.20131,0.16109681132911813
787,18.355999999999998,74.625,0.12361,0.17454817770854947
788,18.355999999999998,74.817,0.10477,0.19185775986334308
789,18.355999999999998,74.846,0.11,0.19484699261884053
790,18.355999999999998,75.646,0.66666,0.27579330924582035
791,18.355999999999998,74.596,0.24841,0.1723814379344193
792,18.355999999999998,74.60300000000001,0.050094,0.17289233313609553
793,18.355999999999998,74.791,0.22398,0.18924974480190715
794,18.357,74.792,0.19954000000000002,0.1892359640437954
795,18.357,74.818,0.11787,0.19184214071664407
796,18.357,74.609,0.058448,0.17325735117485985
797,18.357,74.771,0.061063,0.18718441698669808
798,18.357,74.792,0.077346,0.1892359640437954
799,18.357,75.331,0.20215,0.24925379802850078
800,18.357,74.771,0.1751,0.18718441698669808
801,18.358,74.574,0.12215,0.17068273190822292
802,18.358,74.618,0.281,0.1738519458375214
803,18.358,74.762,0.19139,0.18621353631539028
804,18.358,74.793,0.2199,0.18922233767420749
805,18.358,74.637,0.093537,0.1753144331630907
806,18.359,74.40100000000001,0.42103,0.161421375832964
807,18.359,74.598,0.1751,0.17229677565934287
808,18.359,74.575,0.25248000000000004,0.1706794363496721
809,18.359,74.57600000000001,0.18325,0.17074796415979543
810,18.359,74.689,0.1751,0.17949710124729334
811,18.359,74.568,0.13355999999999998,0.1702043594011582
812,18.359,74.62,0.23212,0.1739228517832725
813,18.359,74.922,0.3684,0.2026227582120258
814,18.359,75.639,0.49121000000000004,0.2747537424608396
815,18.359,75.65899999999999,0.19296,0.2758402949416471
816,18.36,74.493,0.27285,0.16558229164160954
817,18.36,74.697,0.26877,0.18009302618314849
818,18.36,74.59899999999999,0.06513200000000001,0.17229295185444304
819,18.36,74.863,0.19429000000000002,0.19613784946829516
820,18.36,74.539,0.054939,0.16825899785546505
821,18.36,74.604,0.10477,0.17265565695944818
822,18.361,74.66,0.14667,0.17689474118105752
823,18.361,74.69,0.16696,0.1793970010966408
824,18.361,74.765,0.13844,0.18617958383407285
825,18.361,74.441,0.20432,0.16296980223278212
826,18.361,74.577,0.11400999999999999,0.17067326143308126
827,18.361,74.6,0.11807999999999999,0.17228926924080734
828,18.361,74.69800000000001,0.21583000000000002,0.1800855115973935
829,18.361,75.641,0.31577,0.27443662579630046
830,18.361,74.691,0.073277,0.17948258509320814
831,18.362000000000002,75.646,0.2105,0.27449940845108145
832,18.362000000000002,75.64699999999999,0.29822,0.2745541319587359
833,18.363,74.44,0.33331,0.16283671244677034
834,18.363,74.692,0.069209,0.17938317418694516
835,18.363,74.913,0.12278,0.20110947357063802
836,18.363,74.58,0.16622,0.17073606304972822
837,18.363,74.7,0.2647,0.18007093156310627
838,18.363,74.825,0.09690399999999999,0.19185289677780504
839,18.363,74.902,0.2105,0.19991800674993288
840,18.363,74.768,0.073286,0.18625274919332613
841,18.363,74.406,0.15452,0.16145738277875332
842,18.363,74.612,0.14365999999999998,0.1730107558848022
843,18.363,74.624,0.13844,0.17390554679447778
844,18.364,74.431,0.1362,0.16240811260254995
845,18.364,74.70100000000001,0.22398,0.1800638667357114
846,18.364,74.763,0.14659,0.18567391932780908
847,18.364,75.15,0.073486,0.22786792955538238
848,18.364,74.624,0.24841,0.17382619532776733
849,18.364,74.70100000000001,0.24841,0.1800638667357114
850,18.364,74.76899999999999,0.18325,0.18624198658741065
851,18.364,75.646,0.40349,0.27407205530770506
852,18.364,74.582,0.24225,0.1708019931035225
853,18.365,74.69,0.14144,0.1790297251384887
854,18.365,74.433,0.18544000000000002,0.1624500607669287
855,18.365,75.653,0.50876,0.27423638409013285
856,18.365,74.499,0.35023000000000004,0.16563136934498313
857,18.365,74.637,0.11944,0.17473671678446157
858,18.365,74.765,0.08163200000000001,0.18575799933859216
859,18.366,74.801,0.18732000000000001,0.18911891909846412
860,18.366,75.134,0.1912,0.225702369520273
861,18.366,74.703,0.19954000000000002,0.18005018899675118
862,18.366,74.499,0.30543000000000003,0.16557662247171923
863,18.366,74.5,0.29320999999999997,0.1656307375756665
864,18.366,74.766,0.097714,0.18574784968215075
865,18.367,74.596,0.1755,0.17155881103528625
866,18.367,74.645,0.08017,0.17519365248435026
867,18.367,74.77199999999999,0.16288,0.18621062881677686
868,18.368,74.585,0.1587,0.17072434100865086
869,18.368,74.917,0.17540999999999998,0.2008932001315029
870,18.369,74.502,0.22804000000000002,0.16557556503442405
871,18.369,74.706,0.11807999999999999,0.18003080679615546
872,18.369,74.442,0.18209,0.16266373049532368
873,18.369,74.706,0.073277,0.18003080679615546
874,18.37,74.457,0.18209,0.16328432671418247
875,18.37,74.50399999999999,0.077346,0.1656295352352719
876,18.371,74.616,0.089042,0.1726939748391535
877,18.371,74.656,0.14376,0.1757267506365714
878,18.371,74.354,0.09019500000000001,0.15957130146560528
879,18.371,74.771,0.30136,0.18569943393492971
880,18.371,75.656,0.5263,0.27312421708511114
881,18.372,74.46,0.17026,0.16333125304077656
882,18.372,74.505,0.17917,0.16557570518544695
883,18.372,74.709,0.30543000000000003,0.18001279320330732
884,18.372,75.911,0.11692999999999999,0.27798487039307734
885,18.372,74.86,0.10472999999999999,0.19437428440606774
886,18.372,74.292,0.1624,0.1583531906329404
887,18.372,74.569,0.10732,0.16938500185303784
888,18.372,74.807,0.21583000000000002,0.18904793911513484
889,18.372,74.67,0.095375,0.17675964810467615
890,18.373,74.589,0.24841,0.17064800812724124
891,18.373,74.77199999999999,0.25656,0.18558731540109918
892,18.373,74.808,0.14252,0.18903666267795738
893,18.373,74.506,0.19546,0.16557601968588354
894,18.373,74.623,0.16873,0.17305494544286215
895,18.373,74.85,0.13355999999999998,0.19323242771600613
896,18.373,74.884,0.13882,0.19674911664710282
897,18.373,74.507,0.30543000000000003,0.1656300343786442
898,18.373,74.711,0.081423,0.18009320095116632
899,18.373,74.773,0.2199,0.1856811615241879
900,18.373,75.65100000000001,0.17540999999999998,0.2724417552985414
901,18.374000000000002,74.613,0.12623,0.1722543953869603
902,18.374000000000002,74.63,0.15686,0.17349619536476169
903,18.375,74.61399999999999,0.081423,0.17225272435268435
904,18.375,74.57,0.21583000000000002,0.1692533662959621
905,18.375,74.81,0.08956900000000001,0.1890145867714883
906,18.375,74.78,0.27285,0.1861338791169037
907,18.375999999999998,74.57,0.19954000000000002,0.16918850812350306
908,18.375999999999998,74.811,0.2647,0.18900378784942573
909,18.375999999999998,74.945,0.14667,0.20289096146268137
910,18.377,74.433,0.17540999999999998,0.16196883343002355
911,18.377,74.609,0.02503,0.17175223919428506
912,18.377,74.655,0.16502,0.1751604706533575
913,18.377,74.714,0.048839999999999995,0.17998583408902324
914,18.377,74.435,0.16789,0.16204869525306642
915,18.377,74.49600000000001,0.15064,0.1648418998630189
916,18.377,74.446,0.18544000000000002,0.16250140132555813
917,18.378,74.637,0.13364,0.17371168650652524
918,18.378,74.51100000000001,0.21583000000000002,0.16557961640878016
919,18.378,74.775,0.10994000000000001,0.1853579340185526
920,18.378,74.51100000000001,0.24026999999999998,0.16557961640878016
921,18.378,74.60300000000001,0.13097,0.1712615726546458
922,18.378,74.615,0.19384,0.17210569426604727
923,18.378,74.775,0.2199,0.1853579340185526
924,18.379,74.512,0.23212,0.16558074305136783
925,18.379,74.77600000000001,0.061063,0.18535000043381522
926,18.379,74.783,0.19954000000000002,0.1860052263695462
927,18.379,74.801,0.22398,0.18771537225203971
928,18.38,74.461,0.086018,0.16302602610089567
929,18.38,74.66,0.13882,0.1753086526347556
930,18.38,74.514,0.1303,0.1656359262797653
931,18.38,74.575,0.081423,0.16925284611893154
932,18.38,75.653,0.19296,0.27109568665637207
933,18.382,74.515,0.21175,0.1655849438543434
934,18.382,74.78699999999999,0.1592,0.1860750108754473
935,18.382,74.62899999999999,0.13355999999999998,0.17282201492305005
936,18.383,74.561,0.16764,0.16818350548380734
937,18.383,74.958,0.1231,0.20339207053692698
938,18.383,74.82300000000001,0.13097,0.18941951055934092
939,18.383,74.623,0.13614,0.17231618217490152
940,18.384,74.567,0.11807999999999999,0.1684944269283044
941,18.384,74.623,0.14659,0.17224430044657113
942,18.384,74.623,0.10994000000000001,0.17224430044657113
943,18.384,75.506,0.16706,0.26044514914916383
944,18.385,74.624,0.18325,0.17224410539434865
945,18.385,74.656,0.11787,0.1746073034828871
946,18.386,74.605,0.06805599999999999,0.17084791659259113
947,18.386,74.495,0.1362,0.1643535074455993
948,18.386,74.581,0.10178999999999999,0.1692569643464117
949,18.387,74.586,0.11807999999999999,0.1695167221616678
950,18.387,74.725,0.19954000000000002,0.18002899142338435
951,18.387,74.582,0.09364600000000001,0.1692581583349133
952,18.387,74.976,0.15454,0.20482553886417043
953,18.387999999999998,74.583,0.20360999999999999,0.16925949823472997
954,18.387999999999998,74.905,0.3684,0.1971364733395432
955,18.387999999999998,74.07600000000001,0.073277,0.16079854315404207
956,18.389,74.58800000000001,0.13437000000000002,0.1695193766611287
957,18.389,74.15100000000001,0.5789300000000001,0.1588360485265078
958,18.389,74.456,0.16497,0.1624451065865058
959,18.389,74.92699999999999,0.0526,0.19932135441505083
960,18.389,75.014,0.22804000000000002,0.20871758979039035
961,18.39,74.708,0.15716,0.17833797064187207
962,18.39,74.524,0.23212,0.1656560211721566
963,18.39,74.72800000000001,0.24434,0.18001922053618769
964,18.391,74.402,0.16539,0.160408980668439
965,18.392,74.59100000000001,0.17102,0.1695244613577278
966,18.392,74.73,0.11807999999999999,0.1800134978265846
967,18.392,75.115,0.22804000000000002,0.21950840487251233
968,18.393,75.015,0.47367,0.20828855651288247
969,18.394000000000002,74.643,0.10214,0.17296826164926238
970,18.394000000000002,74.857,0.13097,0.19157393453992622
971,18.395,75.123,0.17540999999999998,0.21995293137842298
972,18.395,74.733,0.13437000000000002,0.18000610629427427
973,18.396,74.595,0.2199,0.16953331336285904
974,18.396,74.734,0.13274,0.18000396159497023
975,18.396,74.53,0.12215,0.16567479932059614
976,18.396,74.59100000000001,0.22398,0.16927550926160806
977,18.397000000000002,74.542,0.11259000000000001,0.16628075841001244
978,18.397000000000002,75.105,0.010243,0.21766392661603018
979,18.397000000000002,74.54899999999999,0.17282,0.16667495245231378
980,18.397000000000002,74.597,0.22804000000000002,0.16960073474309412
981,18.397000000000002,75.075,0.023359,0.21434485128091307
982,18.398,74.652,0.08518200000000001,0.17333797377647608
983,18.398,74.736,0.12623,0.18000015260697078
984,18.398,74.532,0.12623,0.16568219522187244
985,18.398,74.593,0.12623,0.16928099382880202
986,18.398,74.598,0.0855,0.16960344856332743
987,18.399,75.296,0.08518200000000001,0.2380685038550786
988,18.399,74.57,0.15185,0.16779370901396728
989,18.399,74.656,0.11359000000000001,0.17355998556041774
990,18.399,74.84899999999999,0.1362,0.1902517934687219
991,18.4,74.682,0.06021900000000001,0.17544984536471953
992,18.4,75.285,0.1044,0.2367567269416594
993,18.401,74.718,0.15716,0.17824183912629932
994,18.401,74.493,0.061063,0.16359223508429854
995,18.401,74.601,0.27285,0.16961249092276687
996,18.401,74.81,0.20039,0.18632705218169243
997,18.402,74.165,0.6842,0.15883157017409477
998,18.402,74.596,0.17917,0.169229835210852
999,18.402,74.601,0.17102,0.1695510739124494
1000,18.402,74.612,0.09687899999999999,0.17027195637531845
1001,18.402,75.301,0.058565,0.23808433929006445
1002,18.402,74.74,0.12215,0.17999446410830455
1003,18.402,75.036,0.17540999999999998,0.2093801420170558
1004,18.402,74.609,0.14926,0.17007343253978036
1005,18.403,74.598,0.10178999999999999,0.16929732645137985
1006,18.404,74.742,0.1303,0.1799925890473355
1007,18.404,74.682,0.10135,0.175146734087272
1008,18.404,74.58800000000001,0.11,0.1686072595717627
1009,18.404,74.653,0.15787,0.17298547262210084
1010,18.404,75.101,0.24559,0.21622087288716374
1011,18.405,74.604,0.097714,0.16956198990267168
1012,18.405,74.743,0.14659,0.17999189478007405
1013,18.405,75.039,0.1755,0.20930819861794514
1014,18.405,74.605,0.1751,0.16962666130164283
1015,18.406,74.79899999999999,0.16764,0.1848310065748784
1016,18.406,74.605,0.20360999999999999,0.16956593225340566
1017,18.406,75.183,0.02503,0.22490091719198635
1018,18.407,75.083,0.12278,0.21383151766874875
1019,18.407,74.62,0.12829000000000002,0.17048937149638188
1020,18.407,74.626,0.16473,0.17089286037485607
1021,18.407,75.089,0.49121000000000004,0.2144869311862354
1022,18.407,74.745,0.22804000000000002,0.17999099414301423
1023,18.408,74.867,0.15716,0.19106234239805764
1024,18.41,74.423,0.18544000000000002,0.16055909204842467
1025,18.41,74.71300000000001,0.1912,0.17711354062820017
1026,18.41,74.655,0.17549,0.17271559697187355
1027,18.410999999999998,74.303,0.16764,0.15816924964242463
1028,18.410999999999998,74.571,0.08118099999999999,0.16719716457838407
1029,18.412,74.50399999999999,0.18325,0.16365143193257203
1030,18.413,74.505,0.22398,0.16365766523324055
1031,18.413,74.61399999999999,0.12044,0.1697269966977174
1032,18.413,74.506,0.19139,0.16370399598952223
1033,18.414,74.507,0.30136,0.16371036885488977
1034,18.414,74.581,0.11,0.16762449688547842
1035,18.415,74.616,0.18336,0.16973741347932014
1036,18.415,74.921,0.14909,0.1956776422137264
1037,18.415,74.77199999999999,0.19905,0.18161683003401818
1038,18.416,74.665,0.11325,0.17302675134187973
1039,18.416,74.6,0.14926,0.1686661746392144
1040,18.417,73.72800000000001,0.47367,0.18686881971112723
1041,18.417,75.676,0.47367,0.264920699819603
1042,18.418,74.494,0.12044,0.1629744265852151
1043,18.418,74.51,0.077346,0.1636909897730503
1044,18.418,74.692,0.11787,0.17488112950391976
1045,18.419,74.942,0.10774,0.19736255634284694
1046,18.419,74.992,0.29822,0.20253005259630652
1047,18.419,74.641,0.06179,0.17115196912990294
1048,18.42,74.512,0.15473,0.1637053329030198
1049,18.42,75.074,0.35086,0.21111325376685197
1050,18.421,74.513,0.11807999999999999,0.16371272293159322
1051,18.421,74.98899999999999,0.1755,0.20197876410986004
1052,18.421,74.513,0.11400999999999999,0.16371272293159322
1053,18.421,74.62899999999999,0.1204,0.1702284294491151
1054,18.421,75.028,0.050194,0.20607918594410235
1055,18.422,73.722,0.3684,0.18797735444283914
1056,18.422,74.531,0.099469,0.1645314878993317
1057,18.423,74.639,0.06367,0.17077128665741315
1058,18.423,74.638,0.10022,0.1707044680236508
1059,18.424,75.135,0.31577,0.2171240322112309
1060,18.425,74.35600000000001,0.1399,0.15871135510739842
1061,18.425,74.638,0.10022,0.17058436695873902
1062,18.426,74.831,0.11517999999999999,0.18588806432836869
1063,18.426,74.482,0.099469,0.16220513549467153
1064,18.426,74.518,0.11400999999999999,0.16375187092395693
1065,18.426,74.50399999999999,0.14140999999999998,0.1631225644474984
1066,18.427,74.671,0.14144,0.1727278454326333
1067,18.427,74.39699999999999,0.094205,0.15949159435641747
1068,18.427,74.933,0.11262,0.19557591315033818
1069,18.427,74.94800000000001,0.12044,0.19708392008299935
1070,18.427,74.835,0.15064,0.18616186247047373
1071,18.428,74.521,0.06513200000000001,0.16381484696229665
1072,18.429000000000002,74.543,0.14667,0.16483604994355072
1073,18.429000000000002,74.521,0.08956900000000001,0.1637771297869539
1074,18.429000000000002,74.585,0.14252,0.16708942370700663
1075,18.429000000000002,74.67,0.16764,0.1725285239331661
1076,18.429000000000002,74.38600000000001,0.11275,0.15921861991770747
1077,18.43,75.062,0.10022,0.2085576899580588
1078,18.432000000000002,74.548,0.11787,0.16496285993965953
1079,18.432000000000002,74.66,0.06021900000000001,0.17164599217219345
1080,18.432000000000002,74.749,0.099469,0.17830930940535283
1081,18.432000000000002,74.919,0.10774,0.19366101768705313
1082,18.433,74.673,0.086352,0.1724862660570986
1083,18.434,74.571,0.14400000000000002,0.1660769418665211
1084,18.436,74.97,0.11262,0.19832141508047507
1085,18.436,74.464,0.16764,0.16125406591953073
1086,18.437,74.652,0.12829000000000002,0.17080887123012833
1087,18.438,74.665,0.08118099999999999,0.17162559755655282
1088,18.438,75.249,0.1186,0.22713542540493015
1089,18.439,74.944,0.24559,0.19540025303761976
1090,18.44,74.668,0.13097,0.17171119326231898
1091,18.441,74.82,0.16764,0.1835816568881159
1092,18.441,74.464,0.094205,0.16113273193586986
1093,18.441,74.63600000000001,0.12829000000000002,0.1695476296832199
1094,18.442,75.293,0.06692000000000001,0.23099146491661382
1095,18.442,74.69,0.12303,0.1731243986232346
1096,18.442,75.064,0.26564,0.20729847458543782
1097,18.442999999999998,74.721,0.09428099999999999,0.17533200637295632
1098,18.442999999999998,74.91199999999999,0.094205,0.19187482917570498
1099,18.442999999999998,75.679,0.13364,0.2603061927635797
1100,18.444000000000003,74.899,0.086352,0.19053738908207818
1101,18.444000000000003,74.649,0.067137,0.17021743467825212
1102,18.444000000000003,75.247,0.35086,0.22607235786371005
1103,18.445,75.202,0.59648,0.22131394350850864
1104,18.447,75.145,0.15035,0.21512767090942075
1105,18.447,75.279,0.8262299999999999,0.2288691107111126
1106,18.447,74.635,0.13614,0.16916954848014032
1107,18.448,74.922,0.16572,0.19234750304430515
1108,18.449,74.219,0.1624,0.15889450659561533
1109,18.449,73.555,0.1562,0.21042920972257984
1110,18.45,74.918,0.14032,0.19177121068104608
1111,18.45,75.255,0.31577,0.22603749470483514
1112,18.45,74.594,0.086352,0.1666249846152622
1113,18.45,75.273,0.54384,0.22784206370568616
1114,18.451,74.319,0.14400000000000002,0.1583064811394127
1115,18.451,75.847,0.15035,0.26280071147975936
1116,18.451,75.255,0.45611999999999997,0.22589779750582462
1117,18.451,74.918,0.31577,0.1916754854584125
1118,18.451,75.259,0.5263,0.2262998602965819
1119,18.452,74.49600000000001,0.10214,0.162003277679725
1120,18.452,75.26100000000001,0.15787,0.22636067835980256
1121,18.453,74.432,0.14926,0.1599603548717754
1122,18.453,74.69,0.14406,0.17245813911677588
1123,18.453,74.942,0.31577,0.19378706158633086
1124,18.453,75.23899999999999,0.074472,0.22400729472673286
1125,18.453,74.357,0.045916000000000005,0.15859011630115527
1126,18.453,75.252,0.42103,0.22531832112879346
1127,18.454,74.402,0.1069,0.15927259846206565
1128,18.455,74.76,0.13358,0.17751259324457902
1129,18.455,75.251,0.35086,0.22494234211729958
1130,18.455,74.723,0.089026,0.17469672786428503
1131,18.455,75.268,0.26313000000000003,0.2266414750358361
1132,18.456,74.719,0.16473,0.17434071609375845
1133,18.456,74.931,0.15185,0.19243864749334783
1134,18.456,75.26100000000001,0.61402,0.2258055026268685
1135,18.457,75.252,0.49121000000000004,0.2247688368368428
1136,18.458,75.577,0.17540999999999998,0.2522824302753709
1137,18.458,75.214,0.56139,0.22080187261618256
1138,18.458,74.704,0.094205,0.17314316662963491
1139,18.459,74.219,0.17288,0.15913188437457204
1140,18.459,74.22800000000001,0.1624,0.15897944390626373
1141,18.46,74.54,0.1186,0.16357636963828315
1142,18.46,74.214,0.20956,0.15924966855996991
1143,18.46,75.266,0.26313000000000003,0.22575347296520054
1144,18.461,75.25399999999999,0.43858,0.2244256877283275
1145,18.461,74.657,0.14668,0.16983563207509333
1146,18.461,74.977,0.17549,0.19640058400752258
1147,18.462,75.86,0.1587,0.26086733336696566
1148,18.463,74.602,0.1362,0.16651761706753898
1149,18.463,75.219,0.29822,0.22065268317158448
1150,18.464000000000002,74.26,0.15452,0.1586629505397077
1151,18.464000000000002,74.971,0.14144,0.19551864433730215
1152,18.464000000000002,75.274,0.28068000000000004,0.2259978390474996
1153,18.465,75.15,0.15035,0.21339660182924747
1154,18.467,74.657,0.094205,0.16954042044990547
1155,18.467,75.086,0.067137,0.20665246931488568
1156,18.468,74.406,0.14926,0.15925277984989872
1157,18.468,74.225,0.16764,0.15925440881331454
1158,18.469,75.26100000000001,0.24559,0.22405017427878615
1159,18.469,75.241,0.15787,0.22207326171461061
1160,18.469,75.26899999999999,0.19296,0.22483553519530963
1161,18.47,74.708,0.1755,0.17273497723887998
1162,18.47,75.339,0.45611999999999997,0.2313997042297934
1163,18.47,75.476,0.56139,0.24322239425397962
1164,18.47,74.26899999999999,0.13364,0.15868785744905956
1165,18.471,74.85600000000001,0.14667,0.1842836056935745
1166,18.471,74.23,0.1624,0.15924330521854135
1167,18.471,75.271,0.26313000000000003,0.22476581376955396
1168,18.471,74.244,0.17540999999999998,0.15901547358770984
1169,18.471,74.39,0.14667,0.1589857255466982
1170,18.471,74.77199999999999,0.09687899999999999,0.17737033269690905
1171,18.473,75.264,0.33331,0.2238187123977623
1172,18.473,75.25399999999999,0.5263,0.2228382663456222
1173,18.474,74.971,0.11,0.19455865587973487
1174,18.474,75.419,0.42103,0.23797284598568158
1175,18.474,75.248,0.35086,0.22211896108193874
1176,18.475,75.208,0.37425,0.21802625742559922
1177,18.475,74.705,0.15425,0.17225777857871727
1178,18.475,74.49600000000001,0.15454,0.16149714020491857
1179,18.475,75.25,0.45611999999999997,0.22218721159857957
1180,18.476,75.04,0.26313000000000003,0.20108041039035018
1181,18.477,74.613,0.13358,0.16656557115212667
1182,18.477,74.655,0.13614,0.16895556312104554
1183,18.477,75.235,0.50876,0.22045609449306647
1184,18.477,75.266,0.26313000000000003,0.2234940525415997
1185,18.477999999999998,75.21,0.15202000000000002,0.2178558861376667
1186,18.477999999999998,75.263,0.3684,0.2230733748438578
1187,18.479,74.702,0.10214,0.17184671341005509
1188,18.48,74.499,0.099469,0.1615083413861742
1189,18.480999999999998,74.597,0.11517999999999999,0.16559319926974714
1190,18.482,75.259,0.50876,0.22217527801531722
1191,18.483,75.256,0.43858,0.22175809388436918
1192,18.483,75.257,0.49121000000000004,0.22185519812594856
1193,18.484,75.133,0.13364,0.20947636442256967
1194,18.484,75.222,0.45611999999999997,0.2183102365475248
1195,18.484,75.236,0.5789300000000001,0.21968377140524498
1196,18.484,75.271,0.15452,0.2230827763411103
1197,18.485,74.654,0.10022,0.16855294353767536
1198,18.485,75.233,0.22804000000000002,0.2192676709394593
1199,18.486,74.39699999999999,0.060119000000000006,0.1590839635524124
1200,18.486,75.253,0.26313000000000003,0.2210929968778026
1201,18.486,75.22,0.22804000000000002,0.21787203791244492
1202,18.487000000000002,74.205,0.21741999999999997,0.16026678427254004
1203,18.488,74.212,0.22266,0.1601269170400449
1204,18.488,75.097,0.11777,0.20547069943630536
1205,18.488,75.218,0.47367,0.2174363239929349
1206,18.488,74.37,0.23389000000000001,0.15881533891299116
1207,18.489,75.253,0.31577,0.22072340973050908
1208,18.489,75.25399999999999,0.12278,0.22082001633556025
1209,18.489,75.23100000000001,0.31577,0.21858764857830948
1210,18.491,74.21600000000001,0.2017,0.16013105959067697
1211,18.491,75.235,0.12278,0.21873697886749166
1212,18.491,75.203,0.26313000000000003,0.2156119983469309
1213,18.491,76.069,0.081866,0.2491348745472845
1214,18.492,74.219,0.1493,0.16009340282124662
1215,18.492,74.788,0.15185,0.1772811656024097
1216,18.492,75.229,0.61402,0.21803460334014402
1217,18.493,74.848,0.10472999999999999,0.18198704985615488
1218,18.494,75.204,0.26313000000000003,0.21536293622417946
1219,18.494,75.219,0.49121000000000004,0.2168262203891752
1220,18.495,74.217,0.17288,0.1602424367580818
1221,18.495,75.20100000000001,0.1069,0.2149550678708806
1222,18.497,75.219,0.26313000000000003,0.21647796843314737
1223,18.498,74.441,0.12044,0.15979890069730562
1224,18.498,74.22800000000001,0.12834,0.16008533011128245
1225,18.498,74.543,0.15452,0.1627562547262511
1226,18.499000000000002,74.982,0.16473,0.1933519231645856
1227,18.5,74.215,0.2148,0.16046758866361444
1228,18.5,74.28399999999999,0.19646,0.15918299852477025
1229,18.500999999999998,74.35300000000001,0.16873,0.15886701769163147
1230,18.502,74.22,0.1886,0.16041273874726192
1231,18.502,75.20100000000001,0.050094,0.2141653376276459
1232,18.504,74.495,0.14617,0.16106581510376916
1233,18.505,73.574,0.060119000000000006,0.21505210993247437
1234,18.505,74.242,0.19646,0.16001072223797252
1235,18.507,74.578,0.10732,0.16399144036262925
1236,18.507,73.398,0.081423,0.239972734922978
1237,18.507,75.209,0.47367,0.21438431703150862
1238,18.508,75.289,0.15703,0.22185052629107294
1239,18.509,74.756,0.11259000000000001,0.17402216867439146
1240,18.509,74.242,0.1755,0.16014318721720155
1241,18.51,74.582,0.10472999999999999,0.16409816714458902
1242,18.51,74.233,0.2148,0.1603808861090088
1243,18.51,74.98899999999999,0.20432,0.19307650293066536
1244,18.511,74.247,0.18336,0.16010381219155312
1245,18.511,75.24,0.45611999999999997,0.21690262439289576
1246,18.511,74.958,0.13865,0.19018223195846173
1247,18.511,74.58800000000001,0.09687899999999999,0.1643370542367275
1248,18.512,74.234,0.17288,0.16042819418409138
1249,18.514,74.32,0.23974,0.15917794232945348
1250,18.517,75.30199999999999,0.18209,0.22199772831623188
1251,18.517,74.40100000000001,0.066803,0.15930821501045755
1252,18.517,74.687,0.071815,0.16925446424845858
1253,18.519000000000002,74.23899999999999,0.1362,0.16056197980468478
1254,18.52,74.235,0.1886,0.16069609721664457
1255,18.521,75.113,0.24225,0.20375001643873913
1256,18.522000000000002,74.9,0.19296,0.1843660823911616
1257,18.522000000000002,74.236,0.15192,0.16074639034522076
1258,18.523,74.183,0.18074,0.16239373099067522
1259,18.524,73.574,0.14617,0.21749402321832612
1260,18.524,75.42,0.08377899999999999,0.23136836733540656
1261,18.525,74.518,0.1493,0.16156659919090266
1262,18.525,75.069,0.1988,0.19923948725360596
1263,18.525,75.42,0.09690399999999999,0.23124596421728993
1264,18.526,74.632,0.062843,0.16602819310144
1265,18.526,75.259,0.17540999999999998,0.21704106041589677
1266,18.526,74.183,0.1755,0.1625337066088548
1267,18.527,74.256,0.1624,0.16046459838053206
1268,18.527,74.483,0.12044,0.1606474158506348
1269,18.528,74.206,0.12047999999999999,0.16184244655796098
1270,18.528,74.242,0.20432,0.16082562971536596
1271,18.529,75.157,0.16288,0.20716646485227863
1272,18.53,75.39699999999999,0.15711,0.228765872377239
1273,18.531,75.398,0.08117200000000001,0.22873049321018746
1274,18.531,75.34100000000001,0.17540999999999998,0.22388427864662308
1275,18.531,75.222,0.13364,0.21307939768624173
1276,18.532,75.439,0.09428099999999999,0.23190516419318896
1277,18.533,74.484,0.18794,0.16067209514253045
1278,18.533,74.95,0.17792,0.18787869304637494
1279,18.534000000000002,74.01899999999999,0.16204000000000002,0.17169654848227478
1280,18.534000000000002,74.17399999999999,0.24559,0.16326150050363597
1281,18.534000000000002,75.209,0.084347,0.2115664366271659
1282,18.535,74.237,0.19384,0.16123011039369972
1283,18.535,74.252,0.1755,0.16085173142040932
1284,18.535999999999998,74.818,0.14144,0.17712835495267798
1285,18.535999999999998,74.24600000000001,0.14406,0.16103704383761852
1286,18.535999999999998,74.592,0.083762,0.1640449388272891
1287,18.535999999999998,74.564,0.20690999999999998,0.16297437655419222
1288,18.537,75.22,0.11692999999999999,0.21229366360355673
1289,18.539,74.182,0.49121000000000004,0.16320190852316152
1290,18.539,74.23,0.19646,0.16159100900744827
1291,18.539,74.033,0.18377000000000002,0.17110338446264772
1292,18.54,75.23100000000001,0.14282999999999998,0.2130147791096948
1293,18.541,75.207,0.16037,0.21070069413217174
1294,18.541,74.141,0.40349,0.1650548718992988
1295,18.541,74.039,0.1562,0.17084541150080845
1296,18.541,74.237,0.1624,0.16147832035031284
1297,18.542,74.14699999999999,0.24559,0.16483350848663558
1298,18.543,74.242,0.15192,0.1614256065148234
1299,18.543,74.414,0.16764,0.15973501967213244
1300,18.543,74.245,0.12834,0.16134561300210692
1301,18.544,74.14699999999999,0.38594,0.16494597929843224
1302,18.544,74.154,0.17625,0.16462832888522083
1303,18.547,74.17699999999999,0.31577,0.163809828231668
1304,18.547,75.042,0.5789300000000001,0.19499690704284245
1305,18.55,74.48100000000001,0.12829000000000002,0.1606778264449943
1306,18.55,74.95,0.084347,0.18677847359460198
1307,18.55,75.275,0.25895999999999997,0.21602719598224285
1308,18.551,74.153,0.42103,0.16506713882188973
1309,18.551,75.163,0.14951,0.20572583800136035
1310,18.551,75.26100000000001,0.20799,0.21467280616558693
1311,18.552,74.205,0.16121,0.16299658243368464
1312,18.552,74.153,0.50876,0.16512427498900595
1313,18.552,74.154,0.15787,0.16507829508584015
1314,18.552,74.597,0.12047999999999999,0.16404183560370744
1315,18.553,74.247,0.1886,0.16171511237074154
1316,18.553,76.047,0.091866,0.24152328442186022
1317,18.553,74.16,0.35086,0.16486287965567803
1318,18.553,74.592,0.13614,0.16383928038355022
1319,18.553,75.206,0.06513200000000001,0.20949250227317384
1320,18.554000000000002,74.169,0.28068000000000004,0.16452251462632195
1321,18.555,74.039,0.18377000000000002,0.17186887577844978
1322,18.555,74.301,0.20382,0.16059307623381813
1323,18.555999999999997,75.293,0.10022,0.2170361441786266
1324,18.557000000000002,74.22,0.20215,0.16272185211321877
1325,18.558,74.187,0.54384,0.16398917435954596
1326,18.558,75.419,0.38594,0.22737468867401023
1327,18.559,75.21600000000001,0.08017,0.20986345550069851
1328,18.559,75.607,0.10022,0.23972881674923663
1329,18.56,74.321,0.15787,0.16045896614636135
1330,18.56,74.153,0.1562,0.16558892966284067
1331,18.561,74.308,0.23221999999999998,0.1606907887597423
1332,18.561,74.74,0.11787,0.17097203274186024
1333,18.562,74.154,0.2105,0.1656597323184732
1334,18.562,75.155,0.26564,0.20407036176772175
1335,18.562,74.171,0.35086,0.16488329264898172
1336,18.562,74.176,0.43858,0.16466581815507453
1337,18.562,75.1,0.17374,0.19909425237437228
1338,18.563,75.029,0.19045,0.19271984530680486
1339,18.563,74.169,0.35086,0.16502877092644674
1340,18.563,74.176,0.71929,0.16472189269120596
1341,18.564,74.877,0.050595,0.18018645462644778
1342,18.564,75.089,0.10189,0.19795858000617228
1343,18.565,73.564,0.44209,0.22423782499211697
1344,18.565,75.1,0.067137,0.19887028050720945
1345,18.566,75.28399999999999,0.16037,0.2152927193375015
1346,18.566,74.169,0.24559,0.16520134196178682
1347,18.566,75.152,0.1186,0.2034770745680773
1348,18.566,75.036,0.14365999999999998,0.19313158071207437
1349,18.567,76.251,0.15035,0.22131654386223104
1350,18.567999999999998,74.327,0.15035,0.160651231266688
1351,18.567999999999998,74.166,0.43858,0.16545411931145548
1352,18.569000000000003,74.156,0.3684,0.16598279740995459
1353,18.569000000000003,74.156,0.59648,0.16598279740995459
1354,18.57,74.018,0.24559,0.17453075088977565
1355,18.57,75.12100000000001,0.095208,0.20038070735734625
1356,18.57,75.209,0.16037,0.20828234389037859
1357,18.570999999999998,74.16199999999999,0.22804000000000002,0.16581788534540287
1358,18.570999999999998,75.73899999999999,0.088524,0.24347270275442345
1359,18.570999999999998,74.16199999999999,0.35086,0.16581788534540287
1360,18.572,74.888,0.38594,0.18065111274700896
1361,18.572,75.561,0.56139,0.23567311674103486
1362,18.572,75.139,0.20131,0.20184257814335305
1363,18.573,74.16,0.12278,0.1660332271018251
1364,18.574,74.574,0.35086,0.16310899655137223
1365,18.574,74.01899999999999,0.61402,0.1747768466295221
1366,18.574,74.33800000000001,0.23055,0.1607156354895577
1367,18.575,74.02600000000001,0.22804000000000002,0.17433619340566064
1368,18.575,74.029,0.33331,0.17411559379861385
1369,18.575,74.55,0.10732,0.16239916488065953
1370,18.576,74.021,0.38594,0.17478805902727457
1371,18.576,74.863,0.10022,0.17862609529546947
1372,18.577,75.55199999999999,0.40349,0.23458871749599397
1373,18.577,74.492,0.1562,0.16113313462380496
1374,18.578,74.031,0.5263,0.17420735573586743
1375,18.578,74.027,0.22804000000000002,0.17450199758277662
1376,18.579,74.175,0.7719199999999999,0.16569345341159303
1377,18.579,75.56,0.33331,0.2348480087773026
1378,18.579,74.729,0.26313000000000003,0.1698906323479541
1379,18.581,75.133,0.12361,0.20064666690747435
1380,18.581,75.544,0.26313000000000003,0.23367509415704346
1381,18.581,74.242,0.19212,0.16318025066840802
1382,18.582,74.156,0.54384,0.16678470345618257
1383,18.582,74.165,0.12278,0.16634420600456945
1384,18.582,74.021,0.5263,0.17527452158055923
1385,18.582,74.175,0.7017399999999999,0.16587348636098964
1386,18.582,74.166,0.20047,0.1662962464855713
1387,18.582,74.313,0.23055,0.1614057597508446
1388,18.583,75.205,0.086018,0.20687386825568033
1389,18.584,74.154,0.21550999999999998,0.16701174627140603
1390,18.586,75.166,0.10774,0.2032028277871064
1391,18.587,75.507,0.31577,0.23070183008151401
1392,18.587,74.248,0.1704,0.16328989542574457
1393,18.587,75.604,0.2105,0.23641107822164809
1394,18.587,75.658,0.7017399999999999,0.23891827320874504
1395,18.587,74.192,0.16455,0.1654107747652005
1396,18.588,75.532,0.43858,0.23220440380686103
1397,18.588,75.523,0.35086,0.23163702566108857
1398,18.589000000000002,75.07300000000001,0.066803,0.1948689819324727
1399,18.59,75.542,0.28068000000000004,0.23261622335615795
1400,18.590999999999998,74.892,0.35086,0.18015034359334137
1401,18.592,74.16199999999999,0.28068000000000004,0.1671210655808475
1402,18.592,74.15899999999999,0.35086,0.1672721000004208
1403,18.593,74.179,0.15703,0.166360569388336
1404,18.593,75.038,0.083512,0.1916529743355342
1405,18.593,75.556,0.45611999999999997,0.23314687328815675
1406,18.593,75.559,0.22804000000000002,0.2333219877306425
1407,18.594,74.363,0.18074,0.16113627924526153
1408,18.594,75.539,0.47367,0.23202877936679667
1409,18.595,74.086,0.17959,0.17171243887281606
1410,18.595,74.751,0.1186,0.17080343821857935
1411,18.595,74.851,0.10189,0.1770875598451095
1412,18.597,75.554,0.17540999999999998,0.23262689255436375
1413,18.597,75.585,0.47367,0.23437203670161744
1414,18.599,75.07300000000001,0.16037,0.1942718410020975
1415,18.599,75.971,0.12445,0.23947537341323477
1416,18.6,74.141,0.19212,0.16875838225431972
1417,18.6,75.111,0.13530999999999999,0.1974629110317322
1418,18.6,75.62,0.28068000000000004,0.23584774071386005
1419,18.601,74.773,0.16764,0.17195263666184402
1420,18.601,75.24,0.21550999999999998,0.20855033150195035
1421,18.602,74.101,0.15285,0.17127240045745484
1422,18.602999999999998,74.958,0.084347,0.1846630732067004
1423,18.602999999999998,75.528,0.11692999999999999,0.23046995056827158
1424,18.604,75.542,0.59648,0.23122905763738888
1425,18.604,75.608,0.28068000000000004,0.2348597901162125
1426,18.604,75.623,0.17540999999999998,0.23558601773447774
1427,18.604,74.888,0.28068000000000004,0.17938745288912195
1428,18.605,75.585,0.56139,0.2335745135315085
1429,18.605999999999998,74.98899999999999,0.1988,0.1869740546345291
1430,18.605999999999998,74.101,0.16539,0.17157153647209644
1431,18.605999999999998,75.563,0.54384,0.23226402519980482
1432,18.609,74.07600000000001,0.20715999999999998,0.17346222933518285
1433,18.609,74.316,0.20715999999999998,0.1625169974104903
1434,18.61,74.116,0.17625,0.17093029087008427
1435,18.61,74.15,0.20382,0.16895299691489374
1436,18.61,75.184,0.075291,0.20310979853813016
1437,18.611,74.693,0.11025,0.16763548992354216
1438,18.611,75.167,0.29822,0.20158821554906503
1439,18.613,75.242,0.050527999999999997,0.20785680156900488
1440,18.614,74.429,0.1231,0.16145104710546043
1441,18.614,75.178,0.25144,0.20233944267351023
1442,18.617,74.665,0.17540999999999998,0.16640427481186437
1443,18.617,74.11399999999999,0.15452,0.17157717887004154
1444,18.618,74.113,0.15787,0.17171568416169702
1445,18.618,75.627,0.24559,0.23440948923630978
1446,18.619,74.111,0.17374,0.17191831016415626
1447,18.619,75.608,0.22804000000000002,0.23341518415095341
1448,18.619,74.11,0.16037,0.17198198946668963
1449,18.619,74.111,0.16371,0.17191831016415626
1450,18.619,74.533,0.20047,0.1625024398966578
1451,18.619,75.608,0.24559,0.23341518415095341
1452,18.62,74.09100000000001,0.15787,0.17330707815931934
1453,18.62,74.911,0.14032,0.18051618241056577
1454,18.621,74.09899999999999,0.17625,0.17285093643095129
1455,18.621,74.1,0.17123,0.1727848959111633
1456,18.621,74.268,0.2222,0.1644495867890713
1457,18.621,74.907,0.17123,0.18019952324069366
1458,18.621,74.097,0.15452,0.1729835892436945
1459,18.622,75.517,0.42103,0.22804948999857477
1460,18.622,75.624,0.22804000000000002,0.23389774866299096
1461,18.622,74.093,0.17207,0.17333013561274446
1462,18.622,74.594,0.15711,0.16396989021783015
1463,18.623,74.092,0.1729,0.17347689545721823
1464,18.623,75.45,0.17812,0.22350550834078275
1465,18.623,75.61,0.33331,0.23314349342828933
1466,18.624000000000002,75.613,0.2105,0.23319672700001215
1467,18.624000000000002,76.115,0.044245,0.2288479068311029
1468,18.624000000000002,75.607,0.42103,0.232906219742137
1469,18.624000000000002,74.124,0.21802,0.17148275888921727
1470,18.625,75.52600000000001,0.6842,0.2283455306450144
1471,18.625,75.189,0.1186,0.20259561701009743
1472,18.625,75.561,0.12278,0.23039778771960018
1473,18.625,75.893,0.11692999999999999,0.23860125083561146
1474,18.625999999999998,74.197,0.19379000000000002,0.16762562247616508
1475,18.625999999999998,75.625,0.22804000000000002,0.23357684315326233
1476,18.628,74.906,0.14617,0.17992616160556174
1477,18.629,74.457,0.29822,0.16195807891004366
1478,18.629,75.539,0.17540999999999998,0.2287833794191666
1479,18.63,74.202,0.19212,0.16765321357021168
1480,18.631,75.089,0.1328,0.19392397319593468
1481,18.631,74.107,0.15202000000000002,0.1731075335622625
1482,18.633,75.5,0.45611999999999997,0.22604845850427047
1483,18.633,74.183,0.1988,0.16879526812820056
1484,18.634,74.25399999999999,0.23306,0.16569895190914696
1485,18.637,74.033,0.5789300000000001,0.17902999644691087
1486,18.637,75.306,0.14617,0.2115154308238143
1487,18.637,75.60600000000001,0.40349,0.23171176447486186
1488,18.637999999999998,74.031,0.5263,0.17928057901022076
1489,18.639,75.202,0.11785,0.2028721387863064
1490,18.64,74.031,0.47367,0.17945962700825835
1491,18.64,75.589,0.47367,0.23061242936335913
1492,18.641,75.60600000000001,0.5263,0.23137366539662285
1493,18.642,74.452,0.50876,0.16239053992068342
1494,18.642,75.292,0.16371,0.21006880229623015
1495,18.643,75.62100000000001,0.17540999999999998,0.23191157064212076
1496,18.644000000000002,75.60600000000001,0.17540999999999998,0.23112449872392948
1497,18.644000000000002,76.005,0.15035,0.23363770057102307
1498,18.646,75.134,0.16037,0.19690649153673534
1499,18.646,74.22800000000001,0.21300999999999998,0.16752322600754088
1500,18.646,74.173,0.2222,0.17025545993587254
1501,18.649,75.737,0.081841,0.23546307892683893
1502,18.651,75.285,0.087689,0.20896183396949164
1503,18.651,75.97800000000001,0.13614,0.23410000928843822
1504,18.652,75.274,0.066936,0.2080222550535178
1505,18.653,74.044,0.31577,0.1795783463255125
1506,18.653,74.236,0.2222,0.1676366325183275
1507,18.655,74.92399999999999,0.15035,0.18052771807419277
1508,18.658,75.209,0.10022,0.202449164962483
1509,18.658,75.044,0.1729,0.18925437314200144
1510,18.659000000000002,74.021,0.7719199999999999,0.1820341069818916
1511,18.659000000000002,74.907,0.29822,0.1793003337481891
1512,18.659000000000002,74.854,0.015005000000000001,0.175908575353401
1513,18.66,74.009,0.2105,0.18316474866354326
1514,18.66,74.01899999999999,0.10522999999999999,0.18229889333606497
1515,18.660999999999998,75.214,0.16037,0.20270727604884975
1516,18.660999999999998,75.294,0.16037,0.2091070020988054
1517,18.665,75.265,0.1044,0.2065972552011801
1518,18.666,75.51100000000001,0.24559,0.22426179899393361
1519,18.666,74.227,0.56139,0.16893445779286376
1520,18.666,75.054,0.1587,0.1897695802410333
1521,18.667,74.196,0.22386999999999999,0.1705595914373158
1522,18.668,74.2,0.15787,0.1704223437920811
1523,18.674,75.071,0.22554000000000002,0.19083287389098202
1524,18.677,74.315,0.24241,0.16622495500961776
1525,18.678,75.457,0.15787,0.22005944624051454
1526,18.683,74.329,0.21969,0.1661725224563625
1527,18.686,74.32300000000001,0.26313000000000003,0.16653717358454034
1528,18.689,74.251,0.18293,0.16946389859427402
1529,18.69,75.108,0.050211,0.1932128006479552
1530,18.691,74.219,0.15118,0.17115831730770603
1531,18.697,75.023,0.058548,0.18672004355240202
1532,18.7,73.667,0.35086,0.22755198348504924
1533,18.701,74.432,0.66666,0.1651213558079282
1534,18.701,74.74600000000001,0.1807,0.17038484269699372
1535,18.704,75.056,0.10022,0.18899197753393282
1536,18.704,74.21600000000001,0.59648,0.17232190590439833
1537,18.706,75.064,0.15202000000000002,0.18954192441285977
1538,18.706,75.133,0.041881,0.1947016768797296
1539,18.708,74.333,0.22804000000000002,0.16764134689075239
1540,18.708,74.749,0.38594,0.17062169237218194
1541,18.714000000000002,74.215,0.24559,0.1731728521596263
1542,18.714000000000002,74.24600000000001,0.61402,0.1715617906658653
1543,18.715999999999998,74.098,0.71929,0.18110136774548935
1544,18.717,75.064,0.087689,0.18936473234547802
1545,18.72,74.421,0.12854000000000002,0.16632325304569406
1546,18.721,73.73899999999999,0.17332,0.22034934351378777
1547,18.723,74.743,0.51126,0.17066537041059815
1548,18.723,75.872,0.29822,0.23123337905734564
1549,18.724,74.62899999999999,0.11517999999999999,0.16720269129696208
1550,18.726,74.82300000000001,0.14668,0.17429330759458783
1551,18.726,74.36399999999999,0.16121,0.16792082004492848
1552,18.729,75.882,0.088524,0.23079920926975273
1553,18.73,75.418,0.13358,0.21491869527594254
1554,18.730999999999998,74.189,0.087689,0.1761110953193742
1555,18.732,74.164,0.14032,0.1778056309460443
1556,18.733,74.908,0.29822,0.1789864509839464
1557,18.734,75.157,0.11442000000000001,0.19591981239884138
1558,18.734,74.152,0.22804000000000002,0.17880079335519716
1559,18.734,74.73,0.26313000000000003,0.1704377605352132
1560,18.737000000000002,73.971,0.12695,0.19464318495365907
1561,18.737000000000002,73.986,0.1044,0.1931337377111636
1562,18.739,74.653,0.19384,0.16827886012900162
1563,18.741,74.847,0.09951900000000001,0.1757226087052005
1564,18.744,74.944,0.11787,0.18121366775748227
1565,18.749000000000002,74.572,0.16502,0.1673723693100454
1566,18.753,74.14699999999999,0.22386999999999999,0.18090927948405378
1567,18.753,74.21300000000001,0.61402,0.17656577779088922
1568,18.756,74.132,0.1988,0.18229824650250925
1569,18.756,74.235,0.71929,0.17555890178761147
1570,18.756,74.60600000000001,0.2105,0.16808890925438869
1571,18.756,73.392,0.12737,0.2773882689939484
1572,18.756,74.71,0.20669,0.1704357483277078
1573,18.757,74.439,0.16572,0.16830083727509904
1574,18.757,74.624,0.1755,0.16841217384276375
1575,18.759,74.53399999999999,0.17288,0.16769515958506664
1576,18.762999999999998,75.673,0.11524000000000001,0.22671573321940441
1577,18.765,75.736,0.15035,0.22831467969836794
1578,18.765,75.102,0.16136,0.19167901068470183
1579,18.768,73.959,0.38594,0.19933210324289896
1580,18.768,74.209,0.59648,0.17814098110136745
1581,18.77,74.589,0.15716,0.16856652945004758
1582,18.771,74.983,0.5263,0.18384396640801026
1583,18.772000000000002,74.595,0.15716,0.16872821558362316
1584,18.774,74.926,0.12996,0.1805162257434827
1585,18.779,74.571,0.12044,0.16890881894562582
1586,18.781,74.17399999999999,0.54384,0.18165004154711195
1587,18.781,74.458,0.0063828,0.16957770194088417
1588,18.784000000000002,74.892,0.19212,0.17888109887035042
1589,18.785,74.342,0.13598,0.17295489726811064
1590,18.785999999999998,74.723,0.12303,0.1719613459150322
1591,18.787,74.318,0.17123,0.17408473328723195
1592,18.789,74.684,0.11259000000000001,0.1710578775321837
1593,18.791,74.241,0.20715999999999998,0.17830648157540352
1594,18.791,74.443,0.1231,0.17052784568550283
1595,18.793,75.582,0.10189,0.22224591351998368
1596,18.793,74.69,0.14140999999999998,0.1713833269634698
1597,18.794,75.155,0.16539,0.19537606834684784
1598,18.798,73.532,0.16548,0.2610868183757221
1599,18.798,74.711,0.1755,0.1721420845859042
1600,18.801,74.404,0.14406,0.17217835280685378
1601,18.801,74.172,0.16121,0.18373276680363326
1602,18.801,74.293,0.16037,0.17642072235526152
1603,18.801,74.899,0.20799,0.17967868322971992
1604,18.802,73.829,0.22303,0.2187044020218304
1605,18.803,74.40899999999999,0.1231,0.1721956593937497
1606,18.803,74.41,0.10135,0.17216892141103168
1607,18.804000000000002,74.418,0.13358,0.1720376991174789
1608,18.804000000000002,74.807,0.1624,0.17558828787918246
1609,18.804000000000002,74.411,0.18336,0.17221889915441657
1610,18.805999999999997,74.801,0.15716,0.1754291164409295
1611,18.808,74.369,0.16764,0.17382642309492957
1612,18.809,74.361,0.16764,0.1741944500942969
1613,18.812,74.755,0.1362,0.17405618775891085
1614,18.814,74.696,0.14406,0.17254120527525152
1615,18.817999999999998,74.135,0.20883000000000002,0.18826772297734395
1616,18.819000000000003,74.752,0.16365,0.1742817767145548
1617,18.819000000000003,74.488,0.1886,0.1717922635669744
1618,18.820999999999998,74.877,0.14144,0.1792374362244682
1619,18.823,74.72,0.12612,0.17357690688169403
1620,18.823,74.41199999999999,0.1624,0.17368042824704977
1621,18.824,74.255,0.1362,0.18055055951406662
1622,18.832,74.62100000000001,0.18074,0.17237126664389046
1623,18.832,75.046,0.16756,0.18877711064937364
1624,18.834,73.834,0.087689,0.22208081426888915
1625,18.834,74.134,0.31953000000000004,0.19002764730689348
1626,18.834,74.135,0.20047,0.18994611011663975
1627,18.834,74.607,0.18598,0.17239214937567826
1628,18.834,75.134,0.1963,0.1943876513269467
1629,18.834,73.834,0.012498,0.22208081426888915
1630,18.834,74.601,0.1755,0.17235783005632
1631,18.835,75.161,0.15536,0.19617465554958569
1632,18.836,73.835,0.012498,0.2222038876476774
1633,18.836,74.15100000000001,0.10022,0.1888756790487912
1634,18.836,74.20100000000001,0.12528,0.1851715299186203
1635,18.839000000000002,74.98,0.12695,0.18512191502558506
1636,18.840999999999998,74.712,0.15716,0.17434260672786528
1637,18.842,73.437,0.17123,0.28239261207175415
1638,18.843,74.869,0.54384,0.1797289479673675
1639,18.844,74.752,0.12445,0.17552560102952464
1640,18.844,75.972,0.29822,0.22498113741813308
1641,18.846,76.064,0.16706,0.22071699566104452
1642,18.851,74.13600000000001,0.30282,0.19167975478431343
1643,18.851,73.834,0.10022,0.22423436310003608
1644,18.854,74.83,0.20799,0.1786289164242203
1645,18.855,74.783,0.19379000000000002,0.17703735803998166
1646,18.862000000000002,74.536,0.17800000000000002,0.17444488814133907
1647,18.863,74.868,0.18074,0.18058084853752854
1648,18.864,74.91199999999999,0.19713,0.1825808844071316
1649,18.865,74.518,0.1362,0.17486626109787817
1650,18.865,74.74,0.35086,0.17638136400136628
1651,18.865,74.748,0.12044,0.17658359927861045
1652,18.874000000000002,74.70100000000001,0.10732,0.17610288457174839
1653,18.874000000000002,74.666,0.10022,0.17556965120290713
1654,18.877,73.922,0.12278,0.21647746185000172
1655,18.879,75.018,0.14667,0.1886422040327035
1656,18.882,74.467,0.11692999999999999,0.17716379056638143
1657,18.883,76.016,0.16706,0.2230506288165417
1658,18.889,74.298,0.11524000000000001,0.18443791049657166
1659,18.893,74.884,0.1755,0.18276153153550523
1660,18.895,74.87899999999999,0.19212,0.18266470573769866
1661,18.898,73.72399999999999,0.38594,0.24554719964673366
1662,18.901,74.758,0.057613,0.17906394188350827
1663,18.901,74.824,0.11025,0.1809716237600758
1664,18.907,74.305,0.19646,0.18587262989030484
1665,18.907,74.829,0.1624,0.1815035370949344
1666,18.908,73.938,0.27734000000000003,0.21841569752019885
1667,18.908,74.766,0.54384,0.17972299998410257
1668,18.908,74.961,0.12863,0.1870055923066566
1669,18.91,75.904,0.18377000000000002,0.22666850989218634
1670,18.91,74.347,0.18336,0.18401019250945394
1671,18.910999999999998,74.844,0.20965999999999999,0.18226305380613994
1672,18.913,74.735,0.2148,0.1793690510465955
1673,18.913,74.702,0.09951900000000001,0.17879304945833185
1674,18.918,75.801,0.12445,0.2273604497921421
1675,18.918,74.513,0.14440999999999998,0.17936605019110752
1676,18.918,74.88600000000001,0.17457999999999999,0.18425567195216452
1677,18.919,75.859,0.1587,0.22731967644586504
1678,18.919,76.225,0.10273,0.20792892580303468
1679,18.921,74.555,0.19379000000000002,0.17904497405673914
1680,18.921,74.839,0.15319000000000002,0.18271482644208603
1681,18.923,74.843,0.2222,0.18297799142363114
1682,18.924,74.256,0.081423,0.1906244301232024
1683,18.930999999999997,74.829,0.18074,0.18304018885263063
1684,18.933,74.15100000000001,0.16539,0.199562673411398
1685,18.935,74.684,0.15703,0.18022873950205787
1686,18.936,74.581,0.13882,0.18011403170072282
1687,18.936,75.979,0.15454,0.22508748948715152
1688,18.938,74.566,0.17800000000000002,0.1804112932112949
1689,18.939,74.758,0.18878,0.18171365109197601
1690,18.939,74.681,0.09428099999999999,0.18051475187738653
1691,18.942,74.884,0.18544000000000002,0.18567403478919786
1692,18.942,73.479,0.15244000000000002,0.28934738842678953
1693,18.944000000000003,73.891,0.11944,0.22873928457020787
1694,18.945999999999998,74.464,0.19053,0.18308340309886428
1695,18.951,74.61,0.09604299999999999,0.18127262812675637
1696,18.952,74.654,0.09951900000000001,0.18138920437793282
1697,18.954,74.839,0.15703,0.184939341067355
1698,18.957,74.736,0.14668,0.18266951326628322
1699,18.957,73.582,0.5789300000000001,0.27496561286126164
1700,18.959,73.578,0.74736,0.2758607038311901
1701,18.959,73.664,0.44209,0.2625711884826869
1702,18.959,74.692,0.10477,0.1822426240396996
1703,18.959,75.282,0.13832,0.20747180837054735
1704,18.96,73.807,0.0856,0.24194266340575343
1705,18.96,74.71300000000001,0.19212,0.1825660684820054
1706,18.961,73.59899999999999,0.53683,0.27283978826625543
1707,18.965999999999998,73.598,0.55788,0.2736618878076279
1708,18.968,74.639,0.10214,0.18272645827164968
1709,18.969,76.215,0.15285,0.21020828685080584
1710,18.972,73.666,0.18585,0.2639935620843422
1711,18.974,74.952,0.18544000000000002,0.19053345215420636
1712,18.975,74.483,0.2017,0.18539771313888787
1713,18.977,74.57300000000001,0.1493,0.1838841070135151
1714,18.979,74.604,0.12047999999999999,0.18380706279156322
1715,18.98,75.118,0.12445,0.19910080692955234
1716,18.980999999999998,74.789,0.088524,0.1856273603477655
1717,18.985,74.286,0.17959,0.19539486556055374
1718,18.987000000000002,74.913,0.19212,0.18987713672521378
1719,18.988,74.891,0.11525999999999999,0.18914729825905885
1720,18.989,74.631,0.11492000000000001,0.1846209724224409
1721,18.99,74.319,0.50876,0.19394371998408744
1722,18.992,74.891,0.17792,0.189447585661511
1723,18.993,74.473,0.12046,0.18750078756041033
1724,18.995,74.88600000000001,0.5789300000000001,0.18950241383020028
1725,18.996,74.9,0.14701,0.19006843070606716
1726,18.996,74.392,0.20669,0.19084418621724708
1727,18.997,74.956,0.50876,0.19231253007768212
1728,18.997,74.544,0.09951900000000001,0.18622520973039314
1729,19.0,74.577,0.091615,0.1860357010711461
1730,19.002,74.889,0.31577,0.19014422804638798
1731,19.002,74.69,0.15703,0.18594648552755366
1732,19.003,74.70100000000001,0.06179,0.1861192827394853
1733,19.003,75.21,0.35086,0.20557289791972744
1734,19.006,75.388,0.18711,0.21570739389710147
1735,19.006,74.613,0.61402,0.186291545571872
1736,19.007,74.862,0.24140999999999999,0.18966522182267975
1737,19.008,74.93,0.040068,0.19209169477951848
1738,19.01,74.873,0.18878,0.1902489797671416
1739,19.012,74.764,0.16789,0.1877255753192162
1740,19.012,74.859,0.17792,0.18997916488402444
1741,19.015,74.706,0.23055,0.1872496987458867
1742,19.017,75.297,0.15035,0.21129141896856896
1743,19.019000000000002,74.118,0.1399,0.21278903269877636
1744,19.022000000000002,74.873,0.20965999999999999,0.19122608739684843
1745,19.023,74.863,0.16789,0.19100542327074033
1746,19.023,74.876,0.1988,0.19140211791796136
1747,19.024,74.185,0.42103,0.20740664641479856
1748,19.024,74.207,0.082175,0.2056067813445982
1749,19.024,74.694,0.5263,0.18799808755111425
1750,19.024,74.882,0.14701,0.19167435639967112
1751,19.026,74.123,0.8947299999999999,0.21317470176916986
1752,19.026,74.741,0.0045198,0.18862978478391113
1753,19.028,74.778,0.12044,0.18938862053187255
1754,19.029,73.90899999999999,0.66081,0.23736014818188644
1755,19.031,75.708,0.12528,0.22969134751720255
1756,19.035999999999998,74.681,0.14140999999999998,0.1890804236127196
1757,19.035999999999998,74.745,0.17792,0.1896020199960935
1758,19.035999999999998,75.16199999999999,0.12027,0.20505092032474848
1759,19.037,73.943,0.61402,0.23415098832209202
1760,19.038,74.648,0.31577,0.18925896705411727
1761,19.04,74.157,0.11484000000000001,0.21177035433890345
1762,19.041,75.07600000000001,0.14533,0.20100377225912502
1763,19.041,75.237,0.35086,0.20945583270373225
1764,19.043,74.666,0.17792,0.18973548684882957
1765,19.044,75.184,0.33331,0.20678240259919933
1766,19.045,73.942,0.43858,0.23529852695044873
1767,19.049,75.553,0.08017,0.22585974692680655
1768,19.051,74.119,0.1399,0.2166433069458794
1769,19.051,74.283,0.079334,0.20321725726737228
1770,19.052,74.767,0.19429000000000002,0.19140770717866784
1771,19.063,74.361,0.18074,0.19989184909351676
1772,19.069000000000003,74.64399999999999,0.40349,0.19240486299507453
1773,19.07,73.862,0.11524000000000001,0.2487577374054617
1774,19.070999999999998,73.854,0.12577,0.24995521169808899
1775,19.074,73.862,0.1362,0.24927345380563526
1776,19.075,73.859,0.11524000000000001,0.2498022151584065
1777,19.076,74.736,0.1755,0.19334954246386493
1778,19.076,73.854,0.14668,0.25059989108000646
1779,19.076,73.86399999999999,0.15716,0.2492652042989666
1780,19.076,73.85300000000001,0.14668,0.25073399573400135
1781,19.077,74.361,0.12352,0.20152637904634563
1782,19.077,73.876,0.1362,0.24780786779584496
1783,19.078,74.681,0.17792,0.19326498309229556
1784,19.08,74.181,0.45611999999999997,0.21458608354262887
1785,19.081,74.53399999999999,0.16764,0.19523305581190342
1786,19.081,74.675,0.15703,0.19357189456532142
1787,19.082,74.64699999999999,0.15787,0.19374462067159182
1788,19.084,74.717,0.1988,0.19400610738345603
1789,19.087,73.85300000000001,0.1362,0.25215057289630727
1790,19.09,74.66,0.16789,0.19453525922105797
1791,19.09,76.518,0.35086,0.1733251081561752
1792,19.090999999999998,75.404,0.15035,0.22172628779560843
1793,19.090999999999998,74.727,0.074322,0.19478706207899277
1794,19.092,74.429,0.16764,0.19996896293291688
1795,19.094,74.075,0.2105,0.2264395627185486
1796,19.095,73.866,0.10477,0.25144438879051756
1797,19.095,74.141,0.98246,0.22004919206537799
1798,19.098,74.793,0.17792,0.19628413243966558
1799,19.1,74.687,0.18878,0.1955583279033024
1800,19.102999999999998,74.673,0.15703,0.19588156548360924
1801,19.105,74.666,0.16789,0.1961101647800415
1802,19.105999999999998,74.585,0.10477,0.19697941033487376
1803,19.105999999999998,74.593,0.077663,0.19685579369410722
1804,19.108,75.271,0.060119000000000006,0.21615820676714692
1805,19.109,76.109,0.24559,0.22602956969882926
1806,19.113,75.012,0.5263,0.20415476265075794
1807,19.113,74.293,0.80701,0.21000386614252586
1808,19.124000000000002,74.70100000000001,0.17792,0.19813380127547797
1809,19.124000000000002,75.582,0.0001838,0.23177270091553148
1810,19.131,75.71600000000001,0.14365999999999998,0.2358344038040997
1811,19.132,74.145,0.59648,0.22432971438437832
1812,19.132,74.611,0.081941,0.19950463559238263
1813,19.133,73.71,0.2907,0.2782062973112033
1814,19.134,73.835,0.13782,0.2605976843423047
1815,19.135,74.153,0.012498,0.2239658578726036
1816,19.137,73.956,0.8992399999999999,0.24537242328346698
1817,19.137999999999998,74.736,0.18878,0.1997898375247269
1818,19.137999999999998,74.859,0.17792,0.20164675180721792
1819,19.139,75.975,0.09019500000000001,0.23475383824479534
1820,19.14,73.943,0.5289699999999999,0.24734620281999387
1821,19.14,74.789,0.1988,0.20054813119710646
1822,19.141,75.601,0.35086,0.23366920093163768
1823,19.142,74.681,0.16789,0.20010256878855437
1824,19.144000000000002,74.031,0.23806999999999998,0.2375349138980304
1825,19.144000000000002,74.877,0.058565,0.20269735440691672
1826,19.146,74.74,0.015005000000000001,0.20068315110581603
1827,19.149,74.516,0.10472999999999999,0.20347590154739803
1828,19.152,76.11,0.1587,0.22902951306195907
1829,19.152,74.947,0.16756,0.20553533516074607
1830,19.154,74.192,0.47367,0.22288623154531995
1831,19.156,75.892,0.09479,0.23798697234058352
1832,19.158,73.709,0.5029100000000001,0.281463743930643
1833,19.158,74.623,0.15787,0.2023094124786181
1834,19.160999999999998,74.045,0.1851,0.23815896309952955
1835,19.160999999999998,74.056,0.79348,0.2369670919933904
1836,19.160999999999998,74.89399999999999,0.09019500000000001,0.20489343118891612
1837,19.163,74.737,0.01066,0.20253162020600712
1838,19.163,74.764,0.007569199999999999,0.20273604320788896
1839,19.168,73.87100000000001,0.5289699999999999,0.2600874789601748
1840,19.17,73.92,0.2557,0.254028471183109
1841,19.17,74.17699999999999,0.45611999999999997,0.22621833342849085
1842,19.171,74.676,0.0018881,0.20337757893730335
1843,19.171,73.867,0.13197,0.2609932078917163
1844,19.172,74.76100000000001,0.00050127,0.20370206521491074
1845,19.172,73.714,0.0526,0.2824565190048235
1846,19.172,73.796,0.052867,0.27075477258566316
1847,19.172,74.774,0.0084046,0.20382755215324677
1848,19.173,73.876,0.5289699999999999,0.26006163381054836
1849,19.173,74.632,0.0076527,0.20393495161633612
1850,19.173,74.708,0.026417000000000003,0.20355661944727355
1851,19.173,74.76899999999999,0.0096578,0.20388716033499132
1852,19.174,73.877,0.26447,0.2600567602406447
1853,19.174,75.21300000000001,0.43858,0.21893838861297255
1854,19.174,74.564,0.14667,0.20517958148474524
1855,19.174,73.829,0.21156999999999998,0.26646360156755666
1856,19.175,73.752,0.2648,0.2773364569463145
1857,19.175,73.876,0.1587,0.2603137222927109
1858,19.175,74.767,0.0038097,0.20408967430521874
1859,19.176,74.7,0.13222,0.20389475410722813
1860,19.176,74.768,0.001721,0.20421028696637333
1861,19.177,73.933,0.50249,0.25328912613048304
1862,19.177,74.672,0.16789,0.20408142856568134
1863,19.178,74.757,0.013334,0.204336895338182
1864,19.179000000000002,74.74600000000001,0.004478,0.20437056033413725
1865,19.179000000000002,74.553,0.31735,0.2060280652991423
1866,19.18,73.82600000000001,0.21156999999999998,0.2676223948778217
1867,19.18,73.898,0.2648,0.2580905700412308
1868,19.180999999999997,74.26899999999999,0.47367,0.22014082141391456
1869,19.182000000000002,73.717,0.0526,0.28324369312885345
1870,19.182000000000002,73.92699999999999,0.44961,0.2546692568153627
1871,19.182000000000002,74.27,0.26313000000000003,0.22019309952306498
1872,19.183,74.271,0.19296,0.22024554824111864
1873,19.183,74.545,0.052867,0.20670479026285116
1874,19.183,74.77600000000001,0.0041438000000000004,0.20506988110893964
1875,19.183,74.76100000000001,0.0089059,0.20492922619258036
1876,19.184,73.90100000000001,0.44943999999999995,0.2582101658791509
1877,19.184,74.3,0.61402,0.21832126454786005
1878,19.185,73.709,0.0526,0.28477446264897066
1879,19.185,73.74,0.66164,0.28028649440246656
1880,19.185,73.86399999999999,0.37006999999999995,0.2631494326001099
1881,19.188,74.625,0.5554600000000001,0.20576660263663882
1882,19.188,73.91,0.10572999999999999,0.257567037662339
1883,19.188,74.388,0.052867,0.21348509174383945
1884,19.189,74.52600000000001,0.11787,0.2079458165550474
1885,19.189,75.992,0.10774,0.2380012009364414
1886,19.189,74.56,0.21156999999999998,0.20705320624963353
1887,19.19,73.922,0.58186,0.2563050436710166
1888,19.19,74.768,0.013835,0.2057769047872925
1889,19.191,74.562,0.052867,0.20724574909531868
1890,19.192999999999998,73.875,0.10572999999999999,0.2627055348218744
1891,19.192999999999998,73.933,0.31737,0.25531099591275175
1892,19.192999999999998,73.873,0.71344,0.2629673504907327
1893,19.192999999999998,74.0,0.045916000000000005,0.2472836576704186
1894,19.194000000000003,73.748,0.23806999999999998,0.2802421366624359
1895,19.194000000000003,74.575,0.10214,0.20731738497045893
1896,19.194000000000003,73.908,0.1851,0.2585759850600524
1897,19.194000000000003,74.376,0.34375,0.2148787549770459
1898,19.194000000000003,74.68,0.17792,0.2060085024735211
1899,19.194000000000003,73.91199999999999,0.079318,0.25806875873894164
1900,19.195,74.362,0.026417000000000003,0.21579340198257568
1901,19.195999999999998,74.734,0.47607,0.2062367460108092
1902,19.195999999999998,74.757,0.004227399999999999,0.20636609852125065
1903,19.197,73.695,0.9523799999999999,0.2882719977000444
1904,19.198,75.207,0.33331,0.22093837252417636
1905,19.198,73.892,0.2907,0.26112489077516143
1906,19.199,73.918,0.37027,0.25794021620163543
1907,19.2,74.502,0.20432,0.21003043854529824
1908,19.202,74.703,0.66123,0.2068802412373505
1909,19.202,74.736,0.01726,0.2069331716781534
1910,19.204,75.218,0.3684,0.22204952530419686
1911,19.205,74.58,0.079318,0.20853083174169085
1912,19.205,73.65899999999999,0.0526,0.29453056555574564
1913,19.206,73.892,0.34417,0.2621255874477343
1914,19.207,73.896,0.37006999999999995,0.26173676033474114
1915,19.207,74.817,0.065967,0.2082865474136052
1916,19.207,74.703,0.011914,0.2074618633208135
1917,19.208,73.89399999999999,0.2648,0.2621182593535424
1918,19.208,73.911,0.6875399999999999,0.2599517905773202
1919,19.208,74.722,0.87284,0.20758546642016062
1920,19.208,73.891,0.79364,0.2625039891780033
1921,19.209,75.041,0.3684,0.21475953153492744
1922,19.209,73.77600000000001,0.39671999999999996,0.27811331067527534
1923,19.209,73.89399999999999,0.5029100000000001,0.26224308363293225
1924,19.21,73.908,0.34417,0.26058181832296956
1925,19.21,74.697,0.18878,0.2078213655066845
1926,19.21,75.831,0.13364,0.24287229763888774
1927,19.211,73.744,0.37024,0.2828779404991383
1928,19.211,73.903,0.39681,0.2613420229214616
1929,19.212,73.74600000000001,0.7017399999999999,0.282713853956852
1930,19.212,73.758,0.11692999999999999,0.28101122254698374
1931,19.212,74.017,0.47608999999999996,0.24774844790144712
1932,19.212,74.587,0.10858,0.20923238224097107
1933,19.214000000000002,74.67399999999999,0.17792,0.20838001580156895
1934,19.218,74.76100000000001,0.012916,0.20891834559821287
1935,19.219,74.2,0.59648,0.23042920976250758
1936,19.223,75.206,0.40349,0.22337172130824923
1937,19.224,74.892,0.28068000000000004,0.2116621880462206
1938,19.224,74.671,0.1988,0.20958336711045888
1939,19.226,74.597,0.15949000000000002,0.21073395848146625
1940,19.227,74.61,0.7401800000000001,0.21063097968456024
1941,19.227,74.697,0.15703,0.20982299351789213
1942,19.227999999999998,75.01100000000001,0.15787,0.2156705966391652
1943,19.235,74.704,0.074322,0.2107575111824832
1944,19.238,74.685,0.15703,0.21117599968567324
1945,19.239,74.666,0.15703,0.21141269040566268
1946,19.24,73.896,0.31735,0.26583282206963976
1947,19.242,75.722,0.14668,0.24502915067280484
1948,19.242,75.78399999999999,0.38594,0.2456504866133309
1949,19.243,75.37,0.13530999999999999,0.23312058338396602
1950,19.245,75.002,0.081841,0.21721737831351073
1951,19.245,75.773,0.24559,0.24585956805248044
1952,19.246,74.679,0.15703,0.21216770696889897
1953,19.247,75.109,0.15035,0.22154178850660566
1954,19.248,73.844,0.66123,0.27357892211165435
1955,19.249000000000002,74.669,0.16789,0.2125957027176094
1956,19.249000000000002,75.453,0.31577,0.23740860778205564
1957,19.249000000000002,74.899,0.20983000000000002,0.2146572906958003
1958,19.250999999999998,73.846,0.81996,0.27367770550684334
1959,19.250999999999998,73.847,0.026417000000000003,0.27354536176479693
1960,19.253,75.712,0.1755,0.2458916590833391
1961,19.256,74.694,0.10022,0.2133015572002004
1962,19.257,75.045,0.23389000000000001,0.2200859654170344
1963,19.259,74.126,0.63477,0.24224840343948673
1964,19.26,75.39399999999999,0.081983,0.2359105814472212
1965,19.261,75.76899999999999,0.0061489,0.247316533921905
1966,19.264,75.808,0.50876,0.2477569398733691
1967,19.268,74.524,0.17549,0.21771317688792025
1968,19.269000000000002,75.983,0.3684,0.2454075338436834
1969,19.269000000000002,75.211,0.33331,0.22838728714930134
1970,19.271,74.068,0.16037,0.2496167295343179
1971,19.273,74.194,0.13113,0.23779766884457
1972,19.273,74.55199999999999,0.030143,0.2175275602113309
1973,19.275,74.755,0.15192,0.2156230178754377
1974,19.275,75.885,0.13113,0.24831095243500023
1975,19.279,74.755,0.11609000000000001,0.2161057503499606
1976,19.283,73.628,0.34334000000000003,0.3079746077819967
1977,19.285999999999998,75.304,0.19713,0.23448058011681128
1978,19.288,74.017,0.44961,0.25726544853592415
1979,19.288,74.514,0.11787,0.22054202606134254
1980,19.289,74.96300000000001,0.12996,0.22096999562667852
1981,19.289,76.118,0.38594,0.2405790308775786
1982,19.29,74.789,0.14701,0.21766461212646027
1983,19.291,74.52199999999999,0.15949000000000002,0.22065939994202022
1984,19.292,74.354,0.31577,0.22849720698962595
1985,19.293,74.501,0.08017,0.22161690476498064
1986,19.295,74.742,0.14282999999999998,0.21800497456969925
1987,19.298,75.555,0.030143,0.24622965040975187
1988,19.302,75.438,0.2105,0.24214394903312497
1989,19.304000000000002,73.842,0.71344,0.2805263366325774
1990,19.305999999999997,74.039,0.26447,0.2570686584942681
1991,19.308,74.366,0.11225,0.22982201633107013
1992,19.31,74.074,0.22119,0.25385511884060297
1993,19.311,75.883,0.38594,0.25186340123133477
1994,19.317,74.523,0.14701,0.22390739106841362
1995,19.317,76.117,0.33331,0.24346358486727282
1996,19.317,76.133,0.31577,0.24237787597594784
1997,19.317999999999998,74.048,0.39597,0.25757862081131355
1998,19.325,75.439,0.12829000000000002,0.2446264723823115
1999,19.328,75.77600000000001,0.14032,0.2539654253073913
2000,19.329,75.438,0.12044,0.24501528513449722
2001,19.331,75.994,0.13614,0.2511553056994511
2002,19.331,74.027,0.9782799999999999,0.26143983969971696
2003,19.331,74.028,0.58186,0.2613306253423321
2004,19.332,74.02600000000001,0.21134,0.2616709018048523
2005,19.342,76.453,0.24559,0.20894615655612958
2006,19.344,74.888,0.35086,0.22567105957845246
2007,19.349,75.39,0.15202000000000002,0.24516922443936762
2008,19.35,75.687,0.1562,0.25516141702965267
2009,19.352999999999998,74.602,0.07014400000000001,0.2264314542316116
2010,19.358,74.423,0.15319000000000002,0.23314246194936417
2011,19.36,74.007,0.31744,0.2671393006140065
2012,19.36,74.56,0.12445,0.2282816042138247
2013,19.363,75.014,0.015005000000000001,0.23129974595599023
2014,19.364,75.691,0.28068000000000004,0.25672587523328927
2015,19.365,74.694,0.17792,0.22679042682407347
2016,19.369,74.53399999999999,0.08936000000000001,0.23016295314587687
2017,19.369,75.317,0.24559,0.2442298882422793
2018,19.371,76.125,0.40349,0.24861878629064227
2019,19.373,74.395,0.16706,0.23646937723681216
2020,19.373,75.264,0.35086,0.24235630258700103
2021,19.374000000000002,75.804,0.24559,0.2588872230264345
2022,19.378,74.566,0.058448,0.2304143259361201
2023,19.386,74.441,0.14376,0.23585482116282297
2024,19.387999999999998,74.465,0.093955,0.23506470438806815
2025,19.392,74.087,0.15035,0.2625501804029996
2026,19.392,74.59100000000001,0.088524,0.231608699305338
2027,19.394000000000002,74.118,0.11025,0.25977378226898007
2028,19.395,74.274,0.37024,0.2468184259529277
2029,19.395,74.691,0.13614,0.23059986397833
2030,19.396,74.257,0.63477,0.24819020379132484
2031,19.396,74.274,0.13222,0.24694314092274194
2032,19.397000000000002,74.274,0.66123,0.2470678184450399
2033,19.397000000000002,74.493,0.10782,0.23510868061699175
2034,19.397000000000002,75.066,0.35086,0.23716494355563678
2035,19.399,74.782,0.088524,0.23109899311457305
2036,19.401,75.867,0.24225,0.2615090204678775
2037,19.403,75.314,0.1186,0.24802086436069803
2038,19.406,75.167,0.45611999999999997,0.24211516053876048
2039,19.409000000000002,75.209,0.31577,0.24421336521305193
2040,19.409000000000002,75.071,0.067362,0.23879958094603038
2041,19.41,75.804,0.38594,0.26280050089130735
2042,19.413,74.722,0.17792,0.23274683924552575
2043,19.418,74.742,0.17792,0.23336409824544713
2044,19.419,75.628,0.23556,0.2614146313180583
2045,19.425,74.798,0.18878,0.23448924651266534
2046,19.426,75.09,0.33331,0.241554579314606
2047,19.432000000000002,76.018,0.2105,0.26109173149464315
2048,19.435,75.058,0.3684,0.2415284970199978
2049,19.439,75.218,0.24559,0.24818058755478456
2050,19.439,75.22800000000001,0.33331,0.2485990446560311
2051,19.439,75.244,0.33331,0.24927291465418489
2052,19.441,74.694,0.20965999999999999,0.23641812026532338
2053,19.441,75.939,0.066936,0.26468177330799714
2054,19.442,75.20100000000001,0.29822,0.24783695322436095
2055,19.442,75.707,0.50876,0.26558964041614397
2056,19.45,75.271,0.40349,0.25173398001468994
2057,19.453,75.256,0.3684,0.2514594086030578
2058,19.457,75.244,0.29822,0.2514359267412454
2059,19.458,75.256,0.42103,0.25206062866608947
2060,19.458,75.27199999999999,0.31577,0.2527356315695477
2061,19.459,74.584,0.12445,0.24027709076311798
2062,19.46,75.278,0.22804000000000002,0.2532293137748306
2063,19.461,74.344,0.2105,0.25039242311130927
2064,19.461,75.255,0.35086,0.25237974760378734
2065,19.462,74.51,0.14667,0.24273994125353626
2066,19.463,75.286,0.45611999999999997,0.25392744304287473
2067,19.463,75.258,0.28068000000000004,0.2527467813357327
2068,19.465999999999998,74.618,0.0031246,0.2404871187736819
2069,19.471,75.321,0.42103,0.2563623868105107
2070,19.471,75.321,0.31577,0.2563623868105107
2071,19.472,75.267,0.28068000000000004,0.2542097235707095
2072,19.474,75.271,0.35086,0.2546188455515558
2073,19.475,75.275,0.3684,0.2549073766902451
2074,19.476,74.939,0.14144,0.24317085038516528
2075,19.48,75.27,0.24559,0.255301023688701
2076,19.480999999999998,73.61399999999999,0.1988,0.32906094403267927
2077,19.482,74.25399999999999,0.052867,0.2589256708199622
2078,19.483,75.35,0.33331,0.259009484395756
2079,19.485,74.252,0.079318,0.259430597718591
2080,19.485,74.25,0.18512,0.25957703191270987
2081,19.485,74.92,0.13865,0.2438740643578977
2082,19.487000000000002,74.668,0.18878,0.2424644781833304
2083,19.488,76.252,0.28068000000000004,0.2513619082244567
2084,19.489,75.347,0.33331,0.25960300671801884
2085,19.491,75.22,0.22804000000000002,0.25456298286739554
2086,19.492,75.296,0.29822,0.2578376835568159
2087,19.493,75.625,0.13614,0.26980095942779425
2088,19.494,74.475,0.11787,0.2480227882078221
2089,19.494,75.35600000000001,0.28068000000000004,0.26057363878946693
2090,19.494,75.294,0.3684,0.25799549120370135
2091,19.495,75.226,0.38594,0.25529585213204353
2092,19.496,75.33,0.35086,0.25973725941215464
2093,19.497,75.335,0.28068000000000004,0.2600650093655301
2094,19.498,75.32600000000001,0.45611999999999997,0.2598115114141629
2095,19.499000000000002,74.447,0.15319000000000002,0.24979052102651933
2096,19.5,74.285,0.052867,0.2589009575605
2097,19.500999999999998,74.30199999999999,0.13222,0.2578912565158811
2098,19.500999999999998,75.14699999999999,0.42103,0.25288965702241506
2099,19.500999999999998,74.30199999999999,0.026417000000000003,0.2578912565158811
2100,19.500999999999998,75.737,0.15787,0.27269923507226246
2101,19.503,75.845,0.13782,0.27314796309746003
2102,19.503,75.318,0.26313000000000003,0.26008109272697866
2103,19.503,74.3,0.13222,0.25826174840415794
2104,19.504,74.289,0.1587,0.25910963706254586
2105,19.504,75.683,0.5263,0.27229120363094905
2106,19.505,74.286,0.31735,0.2594306485432466
2107,19.505,74.306,0.34384000000000003,0.25811201896022085
2108,19.506,74.291,0.10572999999999999,0.259214848564556
2109,19.507,74.667,0.37575,0.24500007588724737
2110,19.507,75.78399999999999,0.45611999999999997,0.27370948765213066
2111,19.507,75.749,0.40349,0.2735025109470449
2112,19.508,74.309,0.23799,0.25827911910365187
2113,19.508,74.30199999999999,0.58186,0.2587300983092954
2114,19.508,75.359,0.33331,0.2623748553289015
2115,19.509,75.1,0.1374,0.25213651816783145
2116,19.51,74.306,0.29236999999999996,0.2587108306057503
2117,19.51,74.31,0.13222,0.2584548642167658
2118,19.511,75.35300000000001,0.24559,0.26248920907823015
2119,19.512,75.145,0.42103,0.2541678559036391
2120,19.512,75.289,0.42103,0.2599639863940031
2121,19.517,75.267,0.35086,0.2596600031769133
2122,19.518,75.367,0.24559,0.26390088605502227
2123,19.518,75.74600000000001,0.33331,0.27474387348369145
2124,19.52,75.369,0.40349,0.26422202048847165
2125,19.52,75.372,0.28068000000000004,0.2643435119354475
2126,19.523,75.35600000000001,0.29822,0.26405389887103514
2127,19.524,73.94800000000001,0.1186,0.2919193681186164
2128,19.525,76.134,0.38594,0.26539786221751516
2129,19.525,74.23899999999999,0.052867,0.26510072007496355
2130,19.526,75.377,0.24559,0.2652649768994163
2131,19.526,75.842,0.054388,0.275806085500955
2132,19.527,75.843,0.16037,0.2759145579603456
2133,19.527,74.804,0.11692999999999999,0.2474245265566647
2134,19.529,74.889,0.30130999999999997,0.24879449748931537
2135,19.532,74.595,0.044245,0.24922197896968135
2136,19.533,75.138,0.47367,0.2564925600696776
2137,19.533,75.233,0.38594,0.2602165757297322
2138,19.533,75.283,0.43858,0.2622623075085364
2139,19.534000000000002,75.423,0.29822,0.2680387319866223
2140,19.534000000000002,75.686,0.31577,0.2758188858328846
2141,19.535,75.94800000000001,0.2105,0.2751417449651521
2142,19.535999999999998,75.938,0.28068000000000004,0.2755081998727964
2143,19.535999999999998,75.343,0.22804000000000002,0.2650886409744141
2144,19.537,75.084,0.26313000000000003,0.2550436650160097
2145,19.537,75.52,0.19296,0.27190019565022894
2146,19.537,75.312,0.15787,0.26393975045446505
2147,19.538,75.715,0.47367,0.2767161175724986
2148,19.538,75.392,0.38594,0.2673029348591758
2149,19.538,75.681,0.33331,0.2761979096131316
2150,19.539,75.372,0.43858,0.26662426632074443
2151,19.541,76.64399999999999,0.29822,0.19864549659154596
2152,19.542,75.28699999999999,0.19296,0.2635187259174754
2153,19.543,75.561,0.29822,0.2739003774821839
2154,19.544,75.751,0.28068000000000004,0.2777894400113906
2155,19.544,75.703,0.45611999999999997,0.2772463184908174
2156,19.546,76.078,0.15035,0.2712287048627413
2157,19.548,75.459,0.26313000000000003,0.2710647704986753
2158,19.55,75.521,0.24559,0.27346807043677923
2159,19.55,75.669,0.31577,0.27737646524793613
2160,19.553,75.744,0.45611999999999997,0.27877161814418816
2161,19.555,74.544,0.13097,0.2532800568799465
2162,19.557000000000002,75.775,0.22804000000000002,0.2794394850554749
2163,19.558,75.454,0.24559,0.27207006022716296
2164,19.559,74.33,0.043828,0.2630253142190203
2165,19.56,75.709,0.47367,0.27918740968377964
2166,19.56,75.732,0.42103,0.2794655007310378
2167,19.56,75.124,0.075157,0.25930500388234123
2168,19.56,75.196,0.37006999999999995,0.2620395324178175
2169,19.564,73.998,0.35503,0.2906825938697316
2170,19.567999999999998,75.557,0.19296,0.27672092025613837
2171,19.569000000000003,75.023,0.26313000000000003,0.2570437647022277
2172,19.569000000000003,75.584,0.45611999999999997,0.2776137842073746
2173,19.57,74.843,0.11192,0.25321997218313774
2174,19.57,74.343,0.22002,0.2635549040680315
2175,19.572,76.126,0.2105,0.2713702226397514
2176,19.575,75.607,0.14032,0.27892356923355044
2177,19.58,74.873,0.16789,0.25489753131612336
2178,19.581,74.715,0.14701,0.25393329630800254
2179,19.583,75.583,0.3684,0.27922748998372693
2180,19.584,75.685,0.07014400000000001,0.28161141115753385
2181,19.587,75.918,0.20965999999999999,0.28181173384894387
2182,19.587,75.80199999999999,0.24559,0.28295795708084914
2183,19.59,76.369,0.40349,0.2502580191344571
2184,19.59,75.374,0.22804000000000002,0.2728236671759924
2185,19.590999999999998,76.005,0.2105,0.27975480591194146
2186,19.590999999999998,75.589,0.26313000000000003,0.280326808221243
2187,19.596,74.868,0.15703,0.25680141310108184
2188,19.597,74.465,0.14144,0.2609337440278766
2189,19.6,74.98,0.15945,0.2596660734068098
2190,19.6,76.486,0.28068000000000004,0.23472784853950424
2191,19.601,75.594,0.40349,0.2816280236929579
2192,19.602,75.584,0.33331,0.28147806786746665
2193,19.602999999999998,75.59899999999999,0.2105,0.2819912449593396
2194,19.605,75.494,0.24559,0.2790587358336132
2195,19.605999999999998,75.6,0.35086,0.2823667327755617
2196,19.605999999999998,75.734,0.40349,0.2848048177155036
2197,19.605999999999998,75.264,0.24559,0.2703403607284538
2198,19.61,75.657,0.22804000000000002,0.28412257507460814
2199,19.61,74.62899999999999,0.38594,0.25821760145019956
2200,19.611,75.625,0.3684,0.28355665240504824
2201,19.613,75.586,0.3684,0.2828157990557948
2202,19.613,75.77199999999999,0.29822,0.2858823067248937
2203,19.613,75.805,0.24559,0.28594405749782836
2204,19.613,75.293,0.22804000000000002,0.27234690220072855
2205,19.614,75.82,0.3684,0.28603022997880256
2206,19.615,75.635,0.3684,0.2842457589808134
2207,19.615,75.608,0.29822,0.2836157179020653
2208,19.617,75.605,0.43858,0.2837737064038508
2209,19.617,75.609,0.35086,0.28387283315244416
2210,19.618,74.01,0.22554000000000002,0.29476425479028845
2211,19.62,76.027,0.08017,0.28218880907458255
2212,19.62,75.654,0.42103,0.28522123360753804
2213,19.621,74.619,0.43858,0.25969084088534544
2214,19.621,75.61,0.38594,0.28436191354719453
2215,19.621,75.602,0.15787,0.284163231386262
2216,19.623,75.808,0.45611999999999997,0.28708569700583497
2217,19.624000000000002,75.616,0.33331,0.2848546779986384
2218,19.625,75.14699999999999,0.2105,0.26810233695048835
2219,19.625,75.616,0.42103,0.2849705884761434
2220,19.625999999999998,75.618,0.33331,0.2851338392895719
2221,19.627,75.59899999999999,0.28068000000000004,0.2847837887673875
2222,19.627,75.62,0.45611999999999997,0.2852966093220368
2223,19.628,75.63,0.45611999999999997,0.2856408067981535
2224,19.628,76.262,0.12695,0.2667629484156231
2225,19.629,75.593,0.24559,0.2848615004542875
2226,19.63,75.584,0.2105,0.284739906092323
2227,19.631,75.465,0.21550999999999998,0.2811116867685832
2228,19.633,76.473,0.15787,0.24074868040388075
2229,19.633,75.649,0.38594,0.2866223926872419
2230,19.635,75.619,0.12278,0.2861985459361527
2231,19.636,75.71600000000001,0.38594,0.2880554910685501
2232,19.637,76.491,0.42103,0.2384047251942234
2233,19.637,75.221,0.42103,0.27237015384176766
2234,19.639,75.753,0.08518200000000001,0.2887513192602774
2235,19.64,75.617,0.38594,0.28672890161073206
2236,19.64,75.65100000000001,0.31577,0.28746860937352003
2237,19.641,74.905,0.45611999999999997,0.2629651991280153
2238,19.641,75.60600000000001,0.29822,0.28657944961146475
2239,19.641,75.693,0.22804000000000002,0.28831748723200834
2240,19.641,75.62,0.29822,0.28691437271685427
2241,19.642,74.35600000000001,0.010042,0.2710320823202108
2242,19.642,75.625,0.22804000000000002,0.2871444195279953
2243,19.643,75.332,0.42103,0.27748473297296894
2244,19.643,75.688,0.35086,0.28847035254239517
2245,19.644000000000002,75.592,0.26313000000000003,0.28657205085317206
2246,19.644000000000002,75.627,0.26313000000000003,0.28741990881751966
2247,19.645,75.653,0.050244,0.2880827350656885
2248,19.645,74.622,0.37006999999999995,0.2625055880164885
2249,19.646,75.611,0.19296,0.2872778363511084
2250,19.646,75.718,0.29822,0.28922276753149356
2251,19.646,75.71,0.29822,0.28912498156231403
2252,19.648,75.593,0.33331,0.2870595471951918
2253,19.648,75.592,0.35086,0.2870337187115951
2254,19.648,75.593,0.33331,0.2870595471951918
2255,19.65,75.587,0.35086,0.2871338877735852
2256,19.651,75.655,0.09019500000000001,0.2888097835436113
2257,19.651,75.65899999999999,0.3684,0.28888630945627414
2258,19.652,75.67699999999999,0.3684,0.2893221444126791
2259,19.652,75.59899999999999,0.3684,0.28767324899258107
2260,19.653,75.596,0.35086,0.2877124124593695
2261,19.654,75.518,0.40349,0.28558144304583355
2262,19.656,75.29,0.49121000000000004,0.27736152633438926
2263,19.656,75.558,0.2105,0.2870266016019699
2264,19.656,75.622,0.40349,0.28868537082371337
2265,19.656,75.666,0.35086,0.289587449692842
2266,19.657,75.695,0.38594,0.29017482723141375
2267,19.657,75.273,0.38594,0.2768066254902084
2268,19.657,75.625,0.49121000000000004,0.2888680854732535
2269,19.658,75.604,0.35086,0.2884873505724991
2270,19.658,75.696,0.35086,0.2903031737643238
2271,19.66,75.6,0.42103,0.28861762665209734
2272,19.66,75.604,0.28068000000000004,0.28871680911526454
2273,19.660999999999998,75.452,0.31577,0.28415895268298685
2274,19.663,75.884,0.42103,0.29104069645597497
2275,19.666,75.264,0.40349,0.2775173698177045
2276,19.667,75.706,0.29822,0.29146283793939
2277,19.668,75.568,0.29822,0.28869002049348247
2278,19.669,75.256,0.35086,0.2775571298863033
2279,19.669,75.638,0.42103,0.29052231592075584
2280,19.671,75.189,0.24559,0.27519763936586183
2281,19.671,75.64,0.3684,0.29079181526111186
2282,19.671,74.268,0.11025,0.2792321239028108
2283,19.672,75.25,0.43858,0.2776759671572656
2284,19.674,75.194,0.28068000000000004,0.27574361522701507
2285,19.675,75.289,0.49121000000000004,0.2795649184750062
2286,19.675,75.71,0.28068000000000004,0.2924187181490815
2287,19.676,75.616,0.10522999999999999,0.2908316629690405
2288,19.676,74.527,0.15163,0.26807637462001677
2289,19.677,75.727,0.38594,0.2928373991476332
2290,19.677,75.214,0.31577,0.2768653478179608
2291,19.677,75.653,0.38594,0.29173392237612716
2292,19.678,75.764,0.49121000000000004,0.29323417182491496
2293,19.679000000000002,75.214,0.31577,0.27710154887421845
2294,19.680999999999997,75.27,0.40349,0.2795214511768872
2295,19.680999999999997,75.625,0.35086,0.2916044471138419
2296,19.684,75.265,0.17540999999999998,0.2796770491524828
2297,19.685,75.643,0.15787,0.2924408652626559
2298,19.685,74.184,0.2907,0.28637180535465423
2299,19.686,74.252,0.1846,0.28179163084477155
2300,19.686,73.847,0.31744,0.3171269173659188
2301,19.686,75.641,0.19296,0.29251295619320083
2302,19.686,73.845,0.44943999999999995,0.317338037529593
2303,19.686,75.25399999999999,0.43858,0.27948040784018713
2304,19.687,73.844,0.21134,0.3175167210977573
2305,19.687,73.845,0.13197,0.3174111525600216
2306,19.688,74.607,0.40349,0.26773980174140555
2307,19.69,76.04,0.13113,0.2894942924541464
2308,19.69,75.71300000000001,0.33331,0.29414206494532424
2309,19.691,74.639,0.59648,0.2676512407836936
2310,19.692,74.639,0.19296,0.2677661084136219
2311,19.692,75.718,0.24559,0.29442402790807043
2312,19.692,74.619,0.5263,0.26801937533635345
2313,19.692999999999998,75.642,0.15787,0.29332257275983864
2314,19.695,75.748,0.31577,0.29503695668823715
2315,19.698,75.618,0.3684,0.2933667362607574
2316,19.698,75.22399999999999,0.29822,0.2797182972109271
2317,19.698,75.226,0.24559,0.27979551339425934
2318,19.698,75.373,0.061999,0.28551795161583426
2319,19.701,75.339,0.43858,0.28455441614085086
2320,19.701,75.521,0.26313000000000003,0.29106862480920115
2321,19.703,75.27199999999999,0.17540999999999998,0.28216794501125764
2322,19.703,74.618,0.33331,0.2692859375890355
2323,19.705,74.63,0.3684,0.26935610985356606
2324,19.709,74.24600000000001,0.21216999999999997,0.28447404653155095
2325,19.709,74.62100000000001,0.35086,0.26992384839855954
2326,19.71,75.622,0.38594,0.2948017757168677
2327,19.711,74.642,0.50876,0.2698994004231564
2328,19.712,75.339,0.63157,0.28582064889907566
2329,19.714000000000002,75.717,0.31577,0.29685798392278273
2330,19.724,74.645,0.56139,0.27133252655419426
2331,19.725,74.85600000000001,0.18878,0.2720816685987082
2332,19.733,75.434,0.24559,0.2917582387172589
2333,19.734,74.03399999999999,0.37006999999999995,0.302808566128702
2334,19.734,74.002,0.29091999999999996,0.30562551552264183
2335,19.734,74.01899999999999,0.34384000000000003,0.3041169818878624
2336,19.736,75.747,0.28068000000000004,0.2995402808961891
2337,19.739,75.446,0.081841,0.29285392902081797
2338,19.742,75.102,0.15035,0.2803362110763197
2339,19.747,75.256,0.2105,0.2865846546391837
2340,19.750999999999998,73.817,0.71411,0.32460235811375704
2341,19.750999999999998,74.185,0.60817,0.29248603315556254
2342,19.750999999999998,74.186,0.1587,0.2924170667927557
2343,19.750999999999998,74.186,0.34384000000000003,0.2924170667927557
2344,19.750999999999998,74.068,0.079334,0.3013329434830423
2345,19.750999999999998,75.976,0.25845,0.2985587553862772
2346,19.752,74.186,0.29095,0.29250663488935535
2347,19.752,74.641,0.78947,0.2744676761380396
2348,19.753,73.825,0.79348,0.32391563204507
2349,19.753,74.633,0.12278,0.2746582182178007
2350,19.753,75.50399999999999,0.13865,0.296342129546008
2351,19.754,75.6,0.29822,0.29914074774351507
2352,19.755,74.615,0.3684,0.27508801619395284
2353,19.756,74.623,0.38594,0.27509675308411785
2354,19.757,75.255,0.40349,0.2876707110999064
2355,19.757,75.821,0.3684,0.3019074204839931
2356,19.758,75.10600000000001,0.09855,0.28228956111929526
2357,19.762,74.64,0.31577,0.27556295028473354
2358,19.764,74.626,0.35086,0.2759246373557004
2359,19.766,74.39399999999999,0.1044,0.2822741573838534
2360,19.766,74.615,0.26313000000000003,0.27627086091976905
2361,19.767,75.434,0.31577,0.29552554714461243
2362,19.77,75.25399999999999,0.31577,0.28908137106885545
2363,19.772000000000002,75.245,0.35086,0.2889578214495465
2364,19.774,75.241,0.3684,0.2890261317740096
2365,19.774,75.392,0.065967,0.29477482370126096
2366,19.775,75.73899999999999,0.31577,0.3036506396203317
2367,19.775,76.339,0.29822,0.27490683011072325
2368,19.777,75.237,0.40349,0.28920480992612685
2369,19.779,75.26,0.35086,0.29030581541626754
2370,19.779,75.34100000000001,0.40349,0.2934109539017816
2371,19.779,75.822,0.33331,0.3042158323507457
2372,19.78,74.64699999999999,0.12027,0.27742895965871617
2373,19.78,75.238,0.43858,0.2895736726222582
2374,19.781,75.248,0.26313000000000003,0.29006582894780575
2375,19.782,75.24,0.40349,0.28986997205126597
2376,19.782,75.248,0.29822,0.29017569617852834
2377,19.783,75.26,0.38594,0.29074509063753806
2378,19.784000000000002,74.184,0.58144,0.29543683959747147
2379,19.785,75.242,0.31577,0.29027550242443834
2380,19.787,75.21300000000001,0.35086,0.28939382290362525
2381,19.788,74.62100000000001,0.07014400000000001,0.2785265516962897
2382,19.79,75.249,0.38594,0.29108936649566985
2383,19.793,75.238,0.24559,0.29099665199122393
2384,19.795,75.638,0.28068000000000004,0.30433688629796707
2385,19.799,75.702,0.081841,0.30578042393274973
2386,19.801,75.29,0.35086,0.29385002221648926
2387,19.802,75.289,0.47367,0.29391932043289326
2388,19.807000000000002,75.288,0.31577,0.2944173437654154
2389,19.807000000000002,75.461,0.50876,0.30074793801761224
2390,19.809,74.75399999999999,0.10607,0.2803429634679778
2391,19.81,75.293,0.28068000000000004,0.29492872999243025
2392,19.811,74.616,0.50876,0.28095735409123923
2393,19.812,75.293,0.28068000000000004,0.29514179729998935
2394,19.812,75.289,0.19296,0.2949891792679402
2395,19.813,75.289,0.40349,0.2950955898073053
2396,19.813,75.289,0.38594,0.2950955898073053
2397,19.814,75.218,0.2105,0.2925039820027274
2398,19.816,75.297,0.33331,0.2957190797793301
2399,19.817,75.288,0.31577,0.29548205088891233
2400,19.817,75.3,0.24559,0.2959392305801821
2401,19.817,75.29899999999999,0.28068000000000004,0.29590115695920893
2402,19.817999999999998,75.288,0.42103,0.2955879368043697
2403,19.817999999999998,75.311,0.29822,0.29646328034092995
2404,19.82,75.296,0.2105,0.2961040278647149
2405,19.820999999999998,75.709,0.00078532,0.30810608854450294
2406,19.826,75.311,0.33331,0.29730480954834926
2407,19.827,75.309,0.28068000000000004,0.2973336935647367
2408,19.842,76.089,0.38594,0.3028460147091687
2409,19.842,75.59100000000001,0.2105,0.3081119295651543
2410,19.845,75.064,0.15285,0.29034475616826616
2411,19.846,75.064,0.033593,0.29044854815645516
2412,19.846,75.586,0.22804000000000002,0.3083903225953406
2413,19.852999999999998,74.30199999999999,0.17808,0.2943917432514951
2414,19.855,75.654,0.19296,0.31068977084994864
2415,19.855999999999998,75.834,0.38594,0.3118366679323331
2416,19.858,75.868,0.0038264,0.3116925034519319
2417,19.862000000000002,75.251,0.35086,0.298739434041818
2418,19.862000000000002,75.257,0.42103,0.2989655837242412
2419,19.862000000000002,75.277,0.42103,0.2997203618521578
2420,19.862000000000002,75.256,0.35086,0.2989278782616498
2421,19.862000000000002,75.257,0.28068000000000004,0.2989655837242412
2422,19.862000000000002,75.259,0.43858,0.2990410091056739
2423,19.863,75.257,0.3684,0.2990665472698828
2424,19.863,75.258,0.15787,0.2991042498900728
2425,19.863,75.257,0.31577,0.2990665472698828
2426,19.863,75.258,0.28068000000000004,0.2991042498900728
2427,19.867,76.452,0.3684,0.2695232788491233
2428,19.869,74.85,0.24140999999999999,0.2875200957219224
2429,19.871,75.721,0.35086,0.31311335319035183
2430,19.872,76.10300000000001,0.45611999999999997,0.30486250490471467
2431,19.875999999999998,75.695,0.42103,0.3133076319436118
2432,19.88,75.207,0.35086,0.29889646574230533
2433,19.882,75.825,0.12278,0.3143289940118109
2434,19.883,75.37,0.38594,0.3052634611679109
2435,19.883,76.48100000000001,0.14406,0.26676827621814014
2436,19.884,75.90100000000001,0.31577,0.3135931968729767
2437,19.899,74.757,0.025531,0.2893454191483811
2438,19.899,74.757,0.001721,0.2893454191483811
2439,19.9,76.368,0.42103,0.2837062487893093
2440,19.901,74.168,0.50207,0.30538474174450736
2441,19.906,73.61399999999999,0.091866,0.35023677039180556
2442,19.909000000000002,75.581,0.31577,0.3142776903716382
2443,19.91,75.792,0.1562,0.3169684356794167
2444,19.918,74.085,0.71344,0.3117870547971696
2445,19.921,75.222,0.3684,0.30340268327015374
2446,19.924,76.654,0.2017,0.24067057688668192
2447,19.927,75.471,0.22804000000000002,0.3128378235099982
2448,19.928,76.325,0.24559,0.29112304386894483
2449,19.94,75.929,0.31577,0.3178560154206328
2450,19.942,74.755,0.20432,0.2932426034394824
2451,19.945,74.134,0.2148,0.3102042970965061
2452,19.95,74.017,0.87284,0.31818550683012925
2453,19.95,74.01899999999999,0.63474,0.3180444543796226
2454,19.952,74.85,0.0015372,0.2953185362281572
2455,19.952,74.018,0.13222,0.3182099495590467
2456,19.956,75.959,0.28068000000000004,0.31834699170711367
2457,19.957,75.22399999999999,0.24559,0.30675032927897994
2458,19.958,74.627,0.28068000000000004,0.2944380232898077
2459,19.96,75.367,0.28068000000000004,0.31224329474458457
2460,19.969,74.9,0.20432,0.297766531571122
2461,20.003,75.40100000000001,0.5263,0.31698634419890637
2462,20.004,76.625,0.43858,0.25285117133387736
2463,20.021,76.64399999999999,0.42103,0.25055491768207494
2464,20.031,75.38600000000001,0.29822,0.3186320836576234
2465,20.043,75.608,0.19296,0.3256568728140896
2466,20.048,75.477,0.60817,0.322766831804148
2467,20.054000000000002,74.635,0.0022474,0.3015839270096412
2468,20.076,74.806,0.18878,0.30428724285329856
2469,20.08,74.646,0.56139,0.3032695385763925
2470,20.082,75.706,0.42103,0.32952651644681086
2471,20.087,75.795,0.28068000000000004,0.3300045073419863
2472,20.092,75.32300000000001,0.35086,0.32070806706783406
2473,20.095,75.598,0.38594,0.32880789894226625
2474,20.099,74.566,0.2039,0.3046796302717506
2475,20.099,74.789,0.15703,0.305540572364404
2476,20.11,75.608,0.35086,0.32986287625569743
2477,20.166,76.007,0.29822,0.3291621252285232
2478,20.192999999999998,74.031,0.6349100000000001,0.3241955188319725
2479,20.208,74.039,0.23806999999999998,0.3239242553198616
2480,20.22,74.096,0.5555399999999999,0.321452330730969
2481,20.222,74.059,0.89891,0.3230902862337307
2482,20.224,74.05,0.21134,0.32350730698784436
2483,20.226,74.094,0.1587,0.32158905748835387
2484,20.226,74.10600000000001,0.23806999999999998,0.3210848259276602
2485,20.233,74.175,0.13197,0.31847274462600095
2486,20.234,73.97,0.34417,0.32728451516490187
2487,20.236,73.94800000000001,0.6876800000000001,0.3283565870558368
2488,20.236,74.062,0.079334,0.32302577207881134
2489,20.236,73.858,0.63477,0.33296747805690463
2490,20.239,75.376,0.42103,0.3297745366668521
2491,20.242,74.09100000000001,0.21134,0.3218194997671848
2492,20.243,73.908,0.31735,0.3303016173617557
2493,20.244,74.065,0.23806999999999998,0.3229222833745822
2494,20.244,74.071,0.42353999999999997,0.3226663744534697
2495,20.249000000000002,74.085,0.10607,0.32209715202543
2496,20.254,76.35,0.24559,0.3051214640639984
2497,20.254,74.065,0.13197,0.3229411856064721
2498,20.255,74.055,0.13197,0.3233647715507487
2499,20.255,74.072,0.60817,0.3226498354710089
2500,20.256,74.45100000000001,0.16706,0.31221802012847144
2501,20.262,74.063,0.2648,0.3230272280457239
2502,20.262,75.926,0.09951900000000001,0.33452837767182975
2503,20.262,74.071,0.89891,0.32269680607669304
2504,20.265,75.675,0.28068000000000004,0.336829244591364
2505,20.271,73.887,0.1851,0.3309603717764259
2506,20.305,74.571,0.1851,0.3126528281712967
2507,20.317,75.21600000000001,0.3684,0.32674354679011597
2508,20.317999999999998,75.403,0.50876,0.3325644042065017
2509,20.32,75.54899999999999,0.5263,0.3360522333582777
2510,20.326,75.962,0.15978,0.3339147145681066
2511,20.351,73.99,0.47617,0.32499505289056074
2512,20.351,74.028,0.7669100000000001,0.323577814222032
2513,20.355,73.832,0.31735,0.33128385253673653
2514,20.355999999999998,74.061,0.89891,0.32232259114357564
2515,20.357,74.1,0.5029100000000001,0.3210044719475542
2516,20.364,74.065,0.23806999999999998,0.32205344566163974
2517,20.367,74.056,0.71428,0.32230455422114357
2518,20.371,74.127,0.8462799999999999,0.3199739996412402
2519,20.371,74.038,0.13197,0.32284298541437895
2520,20.375,74.056,0.079334,0.32215332526017015
2521,20.375999999999998,73.833,0.10572999999999999,0.33047823240689134
2522,20.378,74.042,0.079318,0.3225619568336642
2523,20.378,74.092,0.34381999999999996,0.32093462269089634
2524,20.385,74.097,0.47617,0.32065521364493077
2525,20.385,74.02600000000001,0.39681,0.32294810626307924
2526,20.385,74.251,0.44961999999999996,0.316645914537924
2527,20.386,74.225,0.26447,0.3172083568637146
2528,20.387,74.22399999999999,0.15867,0.31722089299805367
2529,20.387,74.263,0.23801999999999998,0.3163810646487484
2530,20.387999999999998,74.07600000000001,0.58228,0.321247880610365
2531,20.39,73.72399999999999,0.29236999999999996,0.3342251662443889
2532,20.391,74.05199999999999,0.2648,0.3219489045049573
2533,20.399,73.84899999999999,0.079318,0.3289565039261806
2534,20.399,75.538,0.26313000000000003,0.3360717384101858
2535,20.4,74.328,0.42317,0.315138603227215
2536,20.4,74.275,0.23801999999999998,0.31603098926747486
2537,20.401,73.84899999999999,0.79348,0.32887638902125793
2538,20.401,73.84899999999999,0.029191,0.32887638902125793
2539,20.413,74.377,0.079318,0.3144149931107325
2540,20.418,74.095,0.23806999999999998,0.3200216993030077
2541,20.421,75.227,0.35086,0.32800018874682013
2542,20.434,73.851,0.10572999999999999,0.32740016418026785
2543,20.435,73.969,0.21134,0.3233668950054327
2544,20.438,76.388,0.2105,0.29879861044263656
2545,20.451,74.01100000000001,0.00028405,0.3215033432909443
2546,20.47,73.586,0.34381999999999996,0.33401798302652763
2547,20.471,74.744,0.79348,0.3152043598731078
2548,20.483,73.833,0.31737,0.3255920514423649
2549,20.484,73.851,0.10572999999999999,0.32498138713988245
2550,20.484,74.001,0.34417,0.32054797736523866
2551,20.484,73.99,0.1587,0.3208541493299636
2552,20.484,74.025,0.0526,0.31989387668319313
2553,20.484,74.755,0.26447,0.31525276353167986
2554,20.485,74.07300000000001,0.10607,0.31861359011320733
2555,20.489,74.57,0.079318,0.3131251674522251
2556,20.491999999999997,73.85300000000001,0.1851,0.3245015147345659
2557,20.491999999999997,74.74600000000001,0.052867,0.3150061764393465
2558,20.494,74.74600000000001,0.23799,0.3149796662722374
2559,20.504,74.765,0.29091999999999996,0.31515566942151685
2560,20.506,74.751,0.42321000000000003,0.3148863889967073
2561,20.506,74.767,0.052867,0.3151594208003442
2562,20.508000000000003,75.53699999999999,0.29822,0.33390614974076127
2563,20.509,75.684,0.40349,0.3348756303031124
2564,20.517,73.863,0.079318,0.32285658533010786
2565,20.518,73.88,0.44961999999999996,0.32232538586378134
2566,20.531999999999996,73.997,0.39671999999999996,0.31853337033107754
2567,20.535999999999998,74.467,0.10572999999999999,0.3119241925331092
2568,20.537,75.803,0.24559,0.3326344519637463
2569,20.54,74.529,0.39671999999999996,0.3119265774155213
2570,20.541,74.529,0.39671999999999996,0.31190144269993536
2571,20.544,73.999,0.1587,0.3179026096830738
2572,20.544,74.362,0.5554600000000001,0.31206635486884704
2573,20.554000000000002,75.14399999999999,0.15787,0.32331420956505075
2574,20.561,74.539,0.5289699999999999,0.31140471528456126
2575,20.57,74.44,0.31737,0.3109510006959486
2576,20.574,73.829,0.15867,0.3202950964438991
2577,20.59,73.99600000000001,0.81996,0.3155458458642627
2578,20.594,73.933,0.37024,0.31665082712276205
2579,20.594,74.74600000000001,0.0022223000000000004,0.3126469674306719
2580,20.596,75.148,0.18336,0.321927275832249
