,lat,long,actual,predicted
0,17.895,73.404,0.82105,0.17263201346503462
1,17.895,73.40899999999999,0.9263100000000001,0.1723201405788302
2,17.947,74.875,0.50876,0.2883761342506008
3,17.955,74.835,0.40349,0.2782330546847982
4,17.955,74.862,0.15787,0.28339051618474664
5,17.957,74.876,0.19296,0.2854569891415122
6,17.957,74.85300000000001,0.22804000000000002,0.28105978381231367
7,17.957,74.86,0.26313000000000003,0.28239597588944965
8,17.959,74.888,0.2105,0.2871354367335822
9,17.959,74.857,0.40349,0.28121482796364805
10,17.96,74.874,0.35086,0.2841501768814807
11,17.961,74.875,0.42103,0.28403378268507695
12,17.961,74.85300000000001,0.14032,0.27984886192001346
13,17.962,74.859,0.3684,0.28068534563891334
14,17.962,74.885,0.14032,0.28563245864642717
15,17.963,74.88600000000001,0.087689,0.28551428862461625
16,17.964000000000002,74.87,0.29822,0.28216562895365527
17,17.965999999999998,74.918,0.26313000000000003,0.29067674392018317
18,17.965999999999998,74.918,0.5263,0.29067674392018317
19,17.967,74.867,0.14032,0.2806872415427979
20,17.969,74.914,0.22804000000000002,0.2889757345203673
21,17.969,74.868,0.26313000000000003,0.28027178240130024
22,17.969,74.874,0.17540999999999998,0.2814034764010943
23,17.97,74.904,0.31577,0.2867690786597643
24,17.971,74.896,0.47367,0.2849474824300251
25,17.974,74.899,0.35086,0.28459241477192865
26,17.975,74.87,0.15787,0.27884367114586617
27,17.976,74.87100000000001,0.17540999999999998,0.2787313567150167
28,17.976,74.872,0.10522999999999999,0.27891836339067755
29,17.977,74.866,0.5789300000000001,0.27749898529107686
30,17.979,74.87100000000001,0.8771899999999999,0.27783552183055493
31,17.98,74.908,0.45611999999999997,0.2844443911681397
32,17.98,74.865,0.35086,0.276422143403514
33,17.98,74.923,0.5263,0.2872542920751068
34,17.980999999999998,74.87899999999999,0.35086,0.2787283695193926
35,17.982,74.889,0.2105,0.2802902745427712
36,17.983,74.898,0.38594,0.2816648659815364
37,17.983,74.907,0.50876,0.28334213805003294
38,17.984,74.906,0.12278,0.2828517851037341
39,17.984,74.881,0.2105,0.27820471253499934
40,17.986,74.90100000000001,0.33331,0.2813168157420427
41,17.986,74.868,0.29822,0.2752072339829299
42,17.987000000000002,74.875,0.29822,0.2762046153873575
43,17.988,74.89,0.17540999999999998,0.2786790387778434
44,17.988,74.90100000000001,0.59397,0.2807144902653802
45,17.988,74.89,0.22804000000000002,0.2786790387778434
46,17.989,74.876,0.28068000000000004,0.27579920742764163
47,17.99,74.876,0.19296,0.275504877244401
48,17.99,74.905,0.31577,0.2808531806997071
49,17.99,74.867,0.45611999999999997,0.2738509555906594
50,17.991,74.865,0.35086,0.27319251358801033
51,17.992,74.878,0.26313000000000003,0.27528461814342364
52,17.993,74.888,0.31577,0.27682624994195226
53,17.994,74.885,0.5263,0.2759807976782489
54,17.995,74.878,0.2105,0.2744056965761973
55,17.995,74.877,0.15787,0.2742228442691155
56,17.996,74.903,0.31577,0.27869029750218144
57,17.997,74.892,0.14032,0.2763793029304119
58,17.998,74.873,0.47367,0.27262041056160624
59,17.998,74.875,0.26313000000000003,0.2729844742830102
60,17.998,74.89699999999999,0.07014400000000001,0.2769987199907713
61,17.998,74.87100000000001,0.49121000000000004,0.2722565055137549
62,17.998,74.888,0.49121000000000004,0.27535453246089836
63,17.998,74.89699999999999,0.29822,0.2769987199907713
64,17.998,74.899,0.31577,0.2773644344107862
65,17.998,74.902,0.26313000000000003,0.27791322311214617
66,17.999000000000002,74.862,0.22804000000000002,0.2703339489777502
67,18.0,74.896,0.31075,0.2762267932894864
68,18.0,74.954,0.38594,0.2868410102680913
69,18.002,74.878,0.54384,0.27237076823899364
70,18.003,74.89,0.14032,0.2742570863241163
71,18.004,74.869,0.28068000000000004,0.2701676888781982
72,18.006,74.863,0.45611999999999997,0.26851708045054123
73,18.007,74.969,0.2105,0.28743361174749726
74,18.008,74.881,0.33331,0.2711841593288776
75,18.009,74.866,0.33331,0.26820484139110323
76,18.009,74.862,0.45611999999999997,0.2674884707705404
77,18.01,74.86,0.5789300000000001,0.26684895592070734
78,18.012,74.866,0.16789,0.2673572695791382
79,18.012999999999998,74.866,0.12278,0.2670756511358727
80,18.014,74.866,0.14032,0.26679448546356055
81,18.017,74.868,0.15787,0.2663085103026386
82,18.017,74.869,0.17792,0.26648597992281886
83,18.017,74.861,0.12278,0.2650674940662572
84,18.019000000000002,74.971,0.35086,0.2841439495661193
85,18.02,74.859,0.31577,0.26388141930184605
86,18.021,74.968,0.49706000000000006,0.2830044456990761
87,18.022000000000002,74.86399999999999,0.76858,0.2642091120462893
88,18.023,75.003,0.2506,0.2886559650622609
89,18.024,74.86399999999999,0.76858,0.2636562924763055
90,18.025,74.863,0.7903,0.2632051381543402
91,18.028,74.863,0.29822,0.2623813416480051
92,18.029,74.85300000000001,0.33331,0.2603652030289555
93,18.032,74.975,0.42103,0.2809685547751507
94,18.033,74.867,0.22804000000000002,0.2617121407542251
95,18.033,74.86399999999999,0.47367,0.2611910115559417
96,18.034000000000002,75.01100000000001,0.2298,0.2867232955236555
97,18.035,75.558,0.43858,0.3689833157345924
98,18.035,74.97800000000001,0.2105,0.28060969945270053
99,18.035999999999998,74.861,0.6491100000000001,0.2598587393633681
100,18.035999999999998,74.858,0.26313000000000003,0.25934053097080145
101,18.037,74.96600000000001,0.17540999999999998,0.2779110316758241
102,18.038,74.861,0.22804000000000002,0.25931994729250385
103,18.04,74.87100000000001,0.38594,0.2605045427365068
104,18.041,74.858,0.22804000000000002,0.2580003270714075
105,18.041,74.965,0.31577,0.2765710122731364
106,18.041,74.85600000000001,0.35086,0.2576573708938652
107,18.041,75.555,0.49121000000000004,0.36637595648675414
108,18.043,74.852,0.3684,0.2564418878666843
109,18.044,74.955,0.50876,0.27396131710180793
110,18.051,74.457,0.13530999999999999,0.1956249123020707
111,18.052,74.792,0.38594,0.2440693579876572
112,18.052,75.071,0.2105,0.29166981422746174
113,18.053,74.908,0.54384,0.2633308450005889
114,18.054000000000002,74.458,0.21468,0.1952575930233205
115,18.054000000000002,75.408,0.2105,0.3438976248550931
116,18.054000000000002,74.46600000000001,0.050194,0.19621886353693177
117,18.055999999999997,74.46300000000001,0.012565,0.19553132200485537
118,18.058,73.417,0.075157,0.18760718788029088
119,18.058,74.461,0.14533,0.19496896108708575
120,18.058,74.90100000000001,0.35086,0.26078529293652664
121,18.059,74.891,0.26313000000000003,0.2588239284707575
122,18.059,74.446,0.21384,0.19304870921405318
123,18.06,74.46300000000001,0.14365999999999998,0.194884525205582
124,18.06,74.89,0.5789300000000001,0.25838925139746727
125,18.061,74.454,0.13364,0.19366480595166793
126,18.061,74.444,0.053644000000000004,0.19250549809495068
127,18.061,74.896,0.17540999999999998,0.25913650972519353
128,18.062,74.459,0.15369000000000002,0.19409202780576898
129,18.062,74.452,0.014269,0.19327404616115765
130,18.062,74.885,0.5263,0.2570179798851111
131,18.063,74.46300000000001,0.012833,0.1944034782437736
132,18.064,73.641,0.1044,0.17006096075303265
133,18.067,74.454,0.20883000000000002,0.1927227886955646
134,18.067999999999998,74.893,0.26313000000000003,0.25678225368174534
135,18.07,74.452,0.09019500000000001,0.19202839534547947
136,18.072,74.09100000000001,0.26313000000000003,0.1640794100941129
137,18.073,74.898,0.2105,0.2563072533455323
138,18.074,74.183,0.33331,0.16826771835519097
139,18.074,74.89399999999999,0.3684,0.255382114120262
140,18.075,74.906,0.35086,0.257114429765425
141,18.075,75.584,0.14032,0.35656633513954894
142,18.076,74.454,0.015288999999999999,0.19133564206308865
143,18.076,74.89699999999999,0.14032,0.255360095465603
144,18.076,75.575,0.7017399999999999,0.35534361308816054
145,18.078,74.994,0.56139,0.2710065007469207
146,18.082,74.45,0.11192,0.18998432703365267
147,18.085,75.14,0.12278,0.29312718227589285
148,18.086,74.45,0.21384,0.18939112725899035
149,18.088,73.69,0.13364,0.16851124880918014
150,18.088,74.77,0.12278,0.23204971806442456
151,18.102999999999998,74.896,0.49121000000000004,0.2483576776079031
152,18.112000000000002,73.751,0.16873,0.16638021148075263
153,18.113,74.024,0.29822,0.16082845060249265
154,18.117,75.064,0.5263,0.2716713086319392
155,18.117,75.071,0.055942,0.272786165585546
156,18.123,75.062,0.29822,0.2697212722112976
157,18.128,74.90899999999999,0.015005000000000001,0.2443379228033077
158,18.142,73.417,0.066803,0.19728589346036066
159,18.142,76.167,0.11692999999999999,0.3342357525707085
160,18.142,74.90899999999999,0.29822,0.24104566684408882
161,18.15,74.017,0.20883000000000002,0.160056194062192
162,18.15,74.042,0.20047,0.16011100333325493
163,18.152,74.428,0.1231,0.17848454597480604
164,18.154,74.431,0.10214,0.17851599639188567
165,18.155,76.007,0.1587,0.3409121995670469
166,18.158,73.997,0.15661,0.160052516889749
167,18.158,74.009,0.23389000000000001,0.15998222199992365
168,18.158,74.014,0.17332,0.15996262427861854
169,18.158,74.015,0.1963,0.1599593893584962
170,18.158,74.085,0.1963,0.16030106890727217
171,18.159000000000002,74.012,0.12111,0.15995943171795604
172,18.160999999999998,74.453,0.10472999999999999,0.17966295483936692
173,18.163,75.185,0.31577,0.2776442371588679
174,18.163,74.467,0.1755,0.18071050741401998
175,18.168,74.417,0.12044,0.17573863188093944
176,18.168,74.668,0.12996,0.20203337249303802
177,18.168,75.165,0.31577,0.2733660524410977
178,18.168,74.418,0.13832,0.17582117706852032
179,18.17,74.426,0.099469,0.1762677734628776
180,18.171,74.384,0.13832,0.17282598295300602
181,18.171,74.843,0.13832,0.22496818203027016
182,18.172,74.418,0.094205,0.17538890083808448
183,18.172,74.422,0.13832,0.17571711164947726
184,18.172,73.473,0.037562,0.1943821240278403
185,18.174,74.405,0.14667,0.17413634330202757
186,18.174,74.64399999999999,0.11517999999999999,0.19811549954647537
187,18.175,74.017,0.1963,0.1597937042389548
188,18.175,75.193,0.14032,0.27556935789723414
189,18.176,74.384,0.13355999999999998,0.17233373108935082
190,18.176,74.542,0.19384,0.186411024850948
191,18.176,74.377,0.16764,0.17182129190331621
192,18.177,74.385,0.13355999999999998,0.17231012112224212
193,18.177,74.374,0.1231,0.17150979539607195
194,18.177,75.192,0.35086,0.274891842402628
195,18.178,74.468,0.15163,0.1790024138189709
196,18.178,74.031,0.1044,0.15968973358518104
197,18.178,75.187,0.24559,0.2739070217906052
198,18.179000000000002,74.419,0.10477,0.17472649877226978
199,18.179000000000002,74.683,0.11692999999999999,0.20205161024791954
200,18.180999999999997,75.123,0.23139,0.26382459479230136
201,18.180999999999997,74.498,0.10774,0.18140640857016624
202,18.180999999999997,73.83800000000001,0.39471999999999996,0.16483788399017932
203,18.180999999999997,74.42699999999999,0.1231,0.1751607077710308
204,18.184,74.497,0.24225,0.1809443227345692
205,18.184,74.953,0.45611999999999997,0.23808333881403002
206,18.184,74.38600000000001,0.11517999999999999,0.17170898850118513
207,18.184,74.768,0.1755,0.21210520926082657
208,18.184,74.20100000000001,0.13832,0.1619280331635128
209,18.185,74.393,0.16238,0.17212373476373347
210,18.185,74.476,0.23389000000000001,0.17890119033834243
211,18.185,74.928,0.28068000000000004,0.23423190387260065
212,18.185,74.78,0.10477,0.21352071645575313
213,18.186,74.028,0.1044,0.15964094838477563
214,18.187,74.415,0.11325,0.17358659940139734
215,18.187,74.37100000000001,0.14901,0.1703733568034758
216,18.187,74.414,0.14400000000000002,0.1735092777683336
217,18.188,74.528,0.094205,0.18341853343313433
218,18.188,74.414,0.19646,0.17340853948114202
219,18.189,74.971,0.43858,0.23959609789806982
220,18.189,74.991,0.26313000000000003,0.24251176506024877
221,18.189,75.163,0.26313000000000003,0.2675918992156856
222,18.189,74.485,0.16037,0.17924282417941098
223,18.189,74.49600000000001,0.1587,0.1802468184929127
224,18.19,74.439,0.14440999999999998,0.17518180661647179
225,18.191,74.39399999999999,0.16473,0.17162307216253306
226,18.191,75.15899999999999,0.3684,0.2665077732163731
227,18.191,74.932,0.49121000000000004,0.23351757922513697
228,18.191,74.97399999999999,0.19296,0.2395874585885245
229,18.191,74.46,0.1587,0.1768221840962422
230,18.191,74.972,0.42103,0.2392970569969516
231,18.192,73.633,0.087689,0.17991781243290064
232,18.192,74.39399999999999,0.12303,0.17152860621847457
233,18.192,74.426,0.16764,0.17393555609761638
234,18.192,74.445,0.14703,0.1754596667206865
235,18.192,74.49,0.24225,0.17934289653406157
236,18.192,74.50399999999999,0.15035,0.18062725037558428
237,18.192,74.885,0.13355999999999998,0.22661512338074277
238,18.192,74.95,0.28068000000000004,0.23589355793244918
239,18.192,74.922,0.22804000000000002,0.23187087568889778
240,18.192,74.422,0.1516,0.17362363040466514
241,18.192,74.459,0.09687899999999999,0.17662704465541804
242,18.192999999999998,74.969,0.2105,0.2384200706433726
243,18.194000000000003,74.42,0.17549,0.17326845203294564
244,18.194000000000003,74.431,0.14775,0.1741241808217159
245,18.194000000000003,74.494,0.14617,0.179470518454145
246,18.194000000000003,73.493,0.11442000000000001,0.19459015023084428
247,18.195,74.89699999999999,0.77276,0.22769253162248151
248,18.195,74.39699999999999,0.13358,0.1714621741651913
249,18.195,74.485,0.14784,0.17854622359232522
250,18.195999999999998,74.385,0.14140999999999998,0.17052286736791047
251,18.195999999999998,74.929,0.31577,0.2320242751306393
252,18.195999999999998,74.942,0.1755,0.23388178693550535
253,18.195999999999998,74.97800000000001,0.47367,0.23905962150624152
254,18.197,74.40100000000001,0.10525999999999999,0.17156232249703143
255,18.198,74.395,0.1204,0.1710399782502691
256,18.198,74.931,0.2105,0.23188700054216174
257,18.199,75.15899999999999,0.56139,0.2644891427498953
258,18.199,74.38600000000001,0.12829000000000002,0.17032100546513798
259,18.199,74.917,0.35086,0.22969159137913467
260,18.2,74.579,0.20047,0.18699788558216782
261,18.2,73.633,0.16915,0.18059929451140214
262,18.2,73.926,0.1775,0.16180524747713423
263,18.2,73.926,0.24015999999999998,0.16180524747713423
264,18.2,73.959,0.15452,0.16082743551753512
265,18.2,74.9,0.49121000000000004,0.22709103689465074
266,18.2,74.926,0.36255,0.23075727135251325
267,18.201,74.395,0.13358,0.17076440360500247
268,18.201,75.188,0.43858,0.2680818211634478
269,18.202,73.928,0.25478,0.1617807841937209
270,18.202,74.37899999999999,0.09690399999999999,0.16958187319471954
271,18.202,74.926,0.26313000000000003,0.2303402775662358
272,18.202,75.158,0.43858,0.2635984272726173
273,18.202,76.22399999999999,0.078499,0.3083109804137547
274,18.203,74.93,0.38594,0.2306972523565828
275,18.203,74.922,0.5263,0.2295684484399049
276,18.203,73.935,0.20256,0.16157254610620378
277,18.203,74.922,0.087689,0.2295684484399049
278,18.204,73.923,0.24641999999999997,0.16199514222362402
279,18.204,74.404,0.16472,0.17112429616443817
280,18.204,74.711,0.10214,0.2013688986528305
281,18.204,74.036,0.38594,0.15947904339335475
282,18.204,74.929,0.29822,0.23034804329777905
283,18.204,74.93,0.28068000000000004,0.23048912084998344
284,18.205,74.972,0.22804000000000002,0.23623665539187735
285,18.205,74.497,0.23389000000000001,0.17846627089149583
286,18.206,74.706,0.13614,0.20043752489429958
287,18.206,74.92699999999999,0.5263,0.22965228128970985
288,18.206,75.194,0.43858,0.2676546587766082
289,18.206,74.38600000000001,0.15711,0.16970054482507227
290,18.206,73.923,0.21718,0.1620410914714087
291,18.206,74.377,0.11259000000000001,0.16910529370541508
292,18.207,74.44,0.15711,0.17351254062378887
293,18.207,74.919,0.43858,0.22832462648033827
294,18.207,74.479,0.12445,0.17668076419465764
295,18.207,74.008,0.091866,0.15984431283512593
296,18.208,74.918,0.49121000000000004,0.22798066204583148
297,18.208,73.892,0.20256,0.16330398974652263
298,18.208,73.923,0.24641999999999997,0.16208800337735865
299,18.208,74.845,0.10477,0.2179441441250978
300,18.209,74.4,0.13097,0.17038845896448787
301,18.209,74.388,0.15425,0.16957300609423867
302,18.209,74.485,0.21475999999999998,0.1769733288374248
303,18.209,74.947,0.31577,0.23184433358021808
304,18.21,74.441,0.16472,0.1732914366826808
305,18.211,74.408,0.1516,0.17076571432929102
306,18.211,74.922,0.26313000000000003,0.22792838158730513
307,18.211,74.405,0.14400000000000002,0.17055575354952293
308,18.211,74.942,0.5263,0.23072541511214986
309,18.211,74.922,0.0526,0.22792838158730513
310,18.214000000000002,74.65,0.1204,0.19269436334312576
311,18.215999999999998,74.733,0.15716,0.20210088034002874
312,18.215999999999998,74.416,0.12829000000000002,0.1708750499504811
313,18.215999999999998,74.416,0.13614,0.1708750499504811
314,18.217,73.725,0.056359000000000006,0.1739904917643991
315,18.217,73.758,0.15661,0.17148227070093583
316,18.217,73.767,0.2506,0.17083580388239708
317,18.217,74.615,0.17288,0.18846589118538107
318,18.218,74.907,0.15787,0.22445276303415776
319,18.219,74.525,0.1755,0.17936913103627797
320,18.219,74.911,0.6491100000000001,0.22480431454243047
321,18.22,74.42,0.10022,0.1707946321401516
322,18.22,74.91,0.5789300000000001,0.22447004236063864
323,18.221,74.821,0.067638,0.21236865881598813
324,18.222,75.206,0.45611999999999997,0.2653162415353023
325,18.222,73.934,0.1399,0.16202723928278853
326,18.224,74.42399999999999,0.14376,0.17071559270340023
327,18.224,74.49600000000001,0.089042,0.1762831364542057
328,18.224,74.33800000000001,0.13358,0.16540735552166277
329,18.225,74.414,0.1587,0.16993402806151328
330,18.225,75.2,0.24559,0.2637643937613763
331,18.225,73.792,0.31326,0.16957389710479978
332,18.225,73.925,0.25895999999999997,0.16244640819222847
333,18.226,74.319,0.09687899999999999,0.16431123031338848
334,18.227,74.40899999999999,0.088524,0.16942405667480812
335,18.227,74.375,0.094205,0.16727198510527988
336,18.227999999999998,74.41,0.13782,0.16940541030704628
337,18.229,74.663,0.16756,0.19197922366222023
338,18.229,74.40899999999999,0.058598000000000004,0.16925394069102287
339,18.229,74.41,0.16706,0.16932029624333625
340,18.229,74.618,0.16473,0.1871674784060551
341,18.229,74.748,0.21475999999999998,0.20182562532135376
342,18.229,74.868,0.14667,0.21709147374121876
343,18.230999999999998,74.411,0.072651,0.16921721985759833
344,18.230999999999998,74.734,0.1755,0.1998275485202247
345,18.230999999999998,74.8,0.15454,0.2079300377857787
346,18.230999999999998,74.406,0.075157,0.16888876952056456
347,18.230999999999998,74.82,0.11787,0.21047405250767673
348,18.232,74.315,0.08380399999999999,0.16374340892533726
349,18.233,73.65,0.087689,0.18185371123989238
350,18.234,74.57300000000001,0.12829000000000002,0.18206029630374057
351,18.234,73.681,0.12528,0.17902844056830705
352,18.234,74.59899999999999,0.099469,0.18459228968881028
353,18.234,74.889,0.11259000000000001,0.21895122557512384
354,18.235,73.867,0.075157,0.16550490728915082
355,18.236,74.336,0.11692999999999999,0.1644947186654341
356,18.236,74.469,0.18594000000000002,0.17290115952106513
357,18.236,74.675,0.13097,0.19230819122413836
358,18.236,74.342,0.075157,0.16479623260316736
359,18.238,74.89,0.21475999999999998,0.21834085787331084
360,18.238,74.843,0.09428099999999999,0.21220316547073273
361,18.238,74.846,0.10477,0.2125897949837681
362,18.238,75.34100000000001,0.050194,0.2787662744125291
363,18.24,73.827,0.13530999999999999,0.16809613266636295
364,18.241,73.869,0.37592,0.16565370850388142
365,18.241,74.32600000000001,0.10022,0.16369863367346962
366,18.241,74.304,0.11192,0.16273066481677126
367,18.241,74.347,0.11192,0.16471838544524856
368,18.242,73.658,0.15035,0.18186940879314242
369,18.242,73.917,0.14617,0.1632961647907222
370,18.242,74.343,0.095208,0.16445195451111974
371,18.242,74.957,0.15503,0.22654925137881646
372,18.242,74.271,0.13364,0.1614255836376817
373,18.242,74.313,0.034053,0.16305609597464168
374,18.242,75.0,0.12044,0.23239627994188175
375,18.243,74.786,0.10477,0.20419482041143347
376,18.244,74.354,0.099469,0.16487714707616422
377,18.244,74.558,0.1755,0.17949953352097717
378,18.244,74.372,0.16764,0.16583845120911492
379,18.244,75.32,0.21384,0.2746698167448596
380,18.244,74.51899999999999,0.15711,0.1761012789963128
381,18.244,74.70100000000001,0.11262,0.1940567078496476
382,18.245,74.624,0.083762,0.18570428493883887
383,18.245,74.27199999999999,0.10022,0.16131631690998507
384,18.245,74.265,0.13364,0.16108511763335834
385,18.245,74.816,0.1585,0.2075761108334088
386,18.247,74.359,0.20131,0.16493528088504952
387,18.248,74.267,0.091866,0.16101278891406803
388,18.248,74.324,0.030043,0.16318898792707906
389,18.248,74.359,0.075157,0.16486857617893771
390,18.249000000000002,74.316,0.033401,0.16278498093352692
391,18.249000000000002,74.676,0.08380399999999999,0.19060508300394077
392,18.249000000000002,74.281,0.020017,0.16143386969735454
393,18.249000000000002,74.681,0.091615,0.19114542373162105
394,18.25,74.318,0.033401,0.16281354366900672
395,18.250999999999998,74.26100000000001,0.075157,0.1606944158914181
396,18.250999999999998,74.344,0.11692999999999999,0.16392949794027437
397,18.250999999999998,74.491,0.18377000000000002,0.1731508364360929
398,18.250999999999998,74.328,0.075157,0.1631911944916267
399,18.252,74.292,0.040068,0.16167926014854586
400,18.252,74.317,0.11192,0.16265937082790063
401,18.253,73.752,0.089777,0.1743435155552551
402,18.253,74.296,0.058598000000000004,0.16177650870061247
403,18.254,74.946,0.1912,0.22277294975002462
404,18.254,74.322,0.15716,0.16275874604001708
405,18.254,74.446,0.1562,0.1696208569514537
406,18.254,74.816,0.074322,0.20608680674614335
407,18.254,74.312,0.088524,0.16234451620627335
408,18.255,74.414,0.10774,0.1674746056566652
409,18.255,75.678,0.16706,0.30567249952352904
410,18.255,74.313,0.13364,0.1623311855692007
411,18.255,74.467,0.09690399999999999,0.1709984483493642
412,18.256,74.933,0.35086,0.22068356460014207
413,18.256,74.303,0.15035,0.1618873298635989
414,18.256,74.306,0.10022,0.1620021947995516
415,18.257,74.808,0.1231,0.20462056476031845
416,18.257,74.946,0.13364,0.22221015215869314
417,18.257,76.21300000000001,0.15035,0.29328271561194996
418,18.257,75.191,0.24225,0.25502026101128084
419,18.258,74.523,0.12829000000000002,0.1749996675459006
420,18.258,74.82300000000001,0.18636,0.20629506784668064
421,18.258,75.322,0.29822,0.27144669263312726
422,18.258,74.454,0.083762,0.16982793136227484
423,18.259,74.454,0.10732,0.16974343635844183
424,18.259,74.95,0.18335,0.2223640047558644
425,18.259,74.407,0.050244,0.16675295316773112
426,18.26,74.66,0.14901,0.1874558835953646
427,18.26,74.291,0.040068,0.161256789459872
428,18.26,74.704,0.15711,0.19212897600342174
429,18.26,74.26899999999999,0.050261,0.16055110047917845
430,18.26,74.722,0.10737999999999999,0.19411566370963276
431,18.26,76.101,0.16706,0.30281570435307925
432,18.261,74.348,0.15035,0.1635093564828696
433,18.261,74.297,0.058548,0.1614192775959771
434,18.261,74.672,0.11785,0.1885722573206288
435,18.261,74.336,0.09019500000000001,0.16296789859013286
436,18.261,74.498,0.10737999999999999,0.17274189777991536
437,18.261,74.54899999999999,0.16238,0.17685732958407233
438,18.262,74.6,0.1204,0.18130744786492006
439,18.262,74.38600000000001,0.13355999999999998,0.1653539818469462
440,18.262,73.431,0.073068,0.2106811549815333
441,18.262,73.527,0.0856,0.1983067187099347
442,18.262,74.343,0.11692999999999999,0.16322173161655998
443,18.262,74.82300000000001,0.13097,0.20564570365040938
444,18.262999999999998,74.77199999999999,0.16238,0.19938860626183633
445,18.262999999999998,74.514,0.083762,0.1737895119562968
446,18.262999999999998,75.993,0.17540999999999998,0.3077513420951852
447,18.264,74.789,0.19471,0.2012365815103391
448,18.264,73.69800000000001,0.1963,0.17993214003465766
449,18.264,73.74600000000001,0.21300999999999998,0.17563750569298955
450,18.264,74.691,0.15064,0.190181612663077
451,18.265,74.27600000000001,0.091866,0.16055047217072096
452,18.265,74.28699999999999,0.10355999999999999,0.16089438176160223
453,18.265,74.335,0.043410000000000004,0.1627000736183322
454,18.265,74.782,0.11,0.2002575019300983
455,18.265,74.28699999999999,0.11787,0.16089438176160223
456,18.265,74.491,0.089026,0.1718492951987615
457,18.266,74.298,0.11275,0.16121771095657547
458,18.266,74.446,0.15787,0.1686349213645896
459,18.267,74.294,0.09687899999999999,0.16103543547483393
460,18.267,74.408,0.15703,0.16623163075502836
461,18.267,74.40100000000001,0.09270199999999999,0.16583504149958464
462,18.268,74.38,0.13097,0.16464026050929606
463,18.268,74.625,0.10472999999999999,0.18297733323011736
464,18.268,74.624,0.10737999999999999,0.1828812339921774
465,18.268,74.741,0.1755,0.19510313641044266
466,18.268,74.767,0.24559,0.19806136648416398
467,18.269000000000002,74.295,0.11192,0.16097843531517445
468,18.269000000000002,74.531,0.094205,0.17455797999493064
469,18.269000000000002,74.922,0.11262,0.21689950898638857
470,18.269000000000002,74.404,0.15787,0.165863969124916
471,18.271,73.738,0.19379000000000002,0.17685550627015703
472,18.271,74.332,0.15686,0.1622506877422121
473,18.271,74.404,0.10774,0.1657255228376339
474,18.271,74.668,0.12572,0.18687174048001334
475,18.271,74.99600000000001,0.13097,0.22616369946516826
476,18.272000000000002,74.898,0.14144,0.21331715870194182
477,18.272000000000002,74.708,0.12996,0.1909270573140416
478,18.272000000000002,74.407,0.15035,0.1658240288495422
479,18.273,74.304,0.075157,0.16110116185276238
480,18.273,74.42699999999999,0.14199,0.16691140672554253
481,18.273,74.655,0.14634,0.1853121592275825
482,18.273,74.697,0.16473,0.18962363343415736
483,18.273,74.72399999999999,0.06808099999999999,0.19252240483593233
484,18.273,74.67,0.094205,0.18682327925004574
485,18.273,74.324,0.075157,0.16183037255372193
486,18.273,74.597,0.10732,0.17978868069623424
487,18.274,74.327,0.14199,0.1618963638893596
488,18.274,74.578,0.15319000000000002,0.1779893595765303
489,18.274,73.721,0.19212,0.17861724130448933
490,18.274,74.32,0.075291,0.16162851064732833
491,18.274,73.581,0.24225,0.19320414579571957
492,18.274,74.586,0.086352,0.17869326388288312
493,18.275,74.309,0.050261,0.1611823473786981
494,18.276,73.72399999999999,0.21927,0.17850348983494915
495,18.276,74.291,0.060119000000000006,0.16054624198541137
496,18.277,74.32600000000001,0.11192,0.16170783027108007
497,18.277,74.536,0.11517999999999999,0.1741829973511844
498,18.277,74.288,0.041856,0.1604136771055447
499,18.278,74.413,0.09270199999999999,0.16574686595380564
500,18.278,74.608,0.13355999999999998,0.1802363790187166
501,18.278,74.743,0.10472999999999999,0.1939186782685476
502,18.278,74.415,0.13355999999999998,0.1658590865653509
503,18.278,74.58,0.14901,0.17774149684668875
504,18.278,74.69,0.16238,0.1882425796933769
505,18.279,74.43,0.13782,0.16665414044487595
506,18.279,73.745,0.22303,0.17685366355371493
507,18.279,74.944,0.094205,0.21795064432637581
508,18.279,74.298,0.00056811,0.16063855955774145
509,18.279,74.89,0.35086,0.21112919408644984
510,18.28,74.954,0.10774,0.2190539504148851
511,18.28,75.66199999999999,0.33331,0.29793772567259735
512,18.28,74.673,0.11262,0.1862533388559159
513,18.28,75.666,0.47367,0.29817751885926813
514,18.281,75.16,0.07014400000000001,0.24570710644445717
515,18.281,74.336,0.074322,0.16189579577439508
516,18.282,74.328,0.11025,0.16153940410414006
517,18.282,74.569,0.16764,0.17638955407366078
518,18.283,73.689,0.11025,0.18243356319831375
519,18.284000000000002,74.656,0.13355999999999998,0.18408290037286448
520,18.284000000000002,74.88600000000001,0.11,0.20980636875114392
521,18.284000000000002,74.60300000000001,0.1362,0.17912934910051184
522,18.285,74.52,0.10737999999999999,0.1722076330517888
523,18.285999999999998,74.722,0.14144,0.1905625493586022
524,18.287,74.968,0.094205,0.21960120225599736
525,18.287,74.717,0.094205,0.1899029362227457
526,18.288,75.26100000000001,0.42103,0.2569862634701068
527,18.288,75.373,0.17540999999999998,0.2702016784216701
528,18.288,74.429,0.10774,0.16596432807859943
529,18.288,74.316,0.075157,0.1608381871989594
530,18.289,74.681,0.19889,0.1859518824149287
531,18.289,74.622,0.08017,0.18030212105873591
532,18.289,74.795,0.13882,0.1982040205578907
533,18.29,74.329,0.11025,0.16119993043556027
534,18.29,74.71,0.13832,0.1887848582472115
535,18.29,74.995,0.1755,0.22251807117431158
536,18.29,74.545,0.12044,0.17366542614904337
537,18.291,73.494,0.12695,0.20596952553100725
538,18.291,73.875,0.20883000000000002,0.16770342839395028
539,18.291,73.857,0.1963,0.1688946146039995
540,18.291,74.442,0.1303,0.1665081484899236
541,18.292,74.622,0.050094,0.1799750862786225
542,18.292,74.40100000000001,0.11442000000000001,0.16420280789447841
543,18.292,74.47,0.14140999999999998,0.16815479813203452
544,18.292,74.858,0.1968,0.2051270419656386
545,18.292,74.964,0.18335,0.21821338341898125
546,18.292,75.264,0.29822,0.2564701593094755
547,18.293,74.839,0.11,0.2027181170201883
548,18.293,75.664,0.42103,0.2946615356269977
549,18.293,74.65899999999999,0.15454,0.18331879352281347
550,18.293,74.377,0.15397,0.16299642510469595
551,18.293,74.847,0.12047999999999999,0.20366323429508185
552,18.294,74.362,0.12027,0.16228877570702208
553,18.294,74.41199999999999,0.11025,0.16464329595579444
554,18.294,74.369,0.10189,0.16258742052158506
555,18.294,74.486,0.12044,0.169045094085618
556,18.294,74.735,0.08380399999999999,0.19089574784829003
557,18.295,74.664,0.12047999999999999,0.18356841230347745
558,18.295,74.42699999999999,0.09270199999999999,0.16538281339468677
559,18.296,74.414,0.067638,0.1646224114388394
560,18.296,74.483,0.19384,0.16869048391746091
561,18.297,74.574,0.12278,0.1753226628747653
562,18.297,75.154,0.26313000000000003,0.24162570336501812
563,18.297,74.372,0.1328,0.162558085846548
564,18.297,74.405,0.074322,0.16410084818283424
565,18.298,74.376,0.10189,0.16267947880809455
566,18.298,74.706,0.13832,0.1873716483677277
567,18.298,75.02,0.16764,0.22426735008912937
568,18.299,74.382,0.07014400000000001,0.16289232471467766
569,18.299,74.876,0.11262,0.2061943279345029
570,18.3,74.954,0.1231,0.2155828955065661
571,18.3,73.771,0.25895999999999997,0.17617237227212926
572,18.3,74.389,0.088524,0.16315640504530807
573,18.301,75.649,0.56139,0.2917081363311669
574,18.301,74.438,0.16764,0.16559742019107151
575,18.301,74.40899999999999,0.11025,0.16406144528412128
576,18.302,74.406,0.12445,0.16385330983322657
577,18.302,74.627,0.055942,0.17935501517839994
578,18.302,75.319,0.38594,0.26082528648121617
579,18.302,74.391,0.081841,0.16313765695591467
580,18.302,74.42,0.074322,0.16456236326741283
581,18.303,73.686,0.24641999999999997,0.1845409645907964
582,18.303,74.48899999999999,0.12047999999999999,0.16854529917636288
583,18.304000000000002,74.41199999999999,0.1186,0.16403303388185334
584,18.304000000000002,74.62899999999999,0.15945,0.17932282734242846
585,18.304000000000002,73.737,0.20631999999999998,0.1795763073332828
586,18.304000000000002,75.089,0.088524,0.23196046199656498
587,18.305,75.638,0.43858,0.29000594236291966
588,18.305,74.39699999999999,0.060119000000000006,0.16324968664130504
589,18.305,74.493,0.10214,0.16865438679631287
590,18.305,74.661,0.070704,0.18214640374238147
591,18.305,74.995,0.15716,0.21985925207303872
592,18.305999999999997,75.30199999999999,0.40349,0.25795704122900176
593,18.305999999999997,74.887,0.28068000000000004,0.2064245991390982
594,18.305999999999997,75.64699999999999,0.31577,0.2903259655109218
595,18.305999999999997,75.65,0.24559,0.29051187020896097
596,18.305999999999997,74.567,0.074322,0.1739148550899874
597,18.307000000000002,74.362,0.044245,0.1616434649643558
598,18.307000000000002,74.366,0.060119000000000006,0.16180153496237185
599,18.307000000000002,74.304,0.050227,0.15973065172333337
600,18.307000000000002,74.375,0.10022,0.1621693606677275
601,18.307000000000002,74.564,0.17549,0.17358881065926038
602,18.307000000000002,75.298,0.28068000000000004,0.25726907157366474
603,18.308,74.89399999999999,0.42103,0.20695144804135326
604,18.308,75.32600000000001,0.45611999999999997,0.260307328265894
605,18.308,75.34100000000001,0.61402,0.2620197857247123
606,18.308,73.884,0.079334,0.16803019673119082
607,18.308,74.704,0.11787,0.18596017247329713
608,18.308,74.604,0.10472999999999999,0.1767434579699029
609,18.308,74.65899999999999,0.11785,0.181627699351863
610,18.309,73.869,0.17540999999999998,0.16909938852487763
611,18.309,74.358,0.10022,0.16139612511061643
612,18.309,74.527,0.12829000000000002,0.17065973801477544
613,18.309,74.626,0.18594000000000002,0.17853749940054234
614,18.31,75.642,0.28068000000000004,0.2890161771178623
615,18.31,74.38600000000001,0.15035,0.1624851218583804
616,18.31,74.408,0.12278,0.16348996838717025
617,18.311,74.361,0.081841,0.16141796492152896
618,18.311,75.265,0.49121000000000004,0.2524921372821822
619,18.311,74.35600000000001,0.11609000000000001,0.16123044288644742
620,18.311,74.818,0.14668,0.19768312149533343
621,18.311,75.658,0.12278,0.28974968667595824
622,18.311,73.547,0.20047,0.20150622634021156
623,18.311,74.336,0.07014400000000001,0.1605328958783039
624,18.311,74.418,0.11025,0.163920794606945
625,18.312,73.77199999999999,0.22554000000000002,0.17700035548566742
626,18.312,74.357,0.040068,0.16122258375346135
627,18.312,74.749,0.11262,0.19006028161128777
628,18.312,74.406,0.06179,0.16328324077249415
629,18.313,74.438,0.12528,0.16483072494248566
630,18.314,73.748,0.12695,0.17936255063514275
631,18.314,74.384,0.1044,0.1621963138350925
632,18.314,74.361,0.088524,0.1612815252189789
633,18.315,74.381,0.11262,0.16202166169417367
634,18.315,74.88,0.15716,0.20422880039221494
635,18.315,74.366,0.09855,0.1614251424800888
636,18.316,74.571,0.17549,0.17332514304889216
637,18.316,74.581,0.19045,0.17410647675104976
638,18.316,74.389,0.07014400000000001,0.16230832057481162
639,18.316,74.655,0.18594000000000002,0.1803974580501271
640,18.317,73.887,0.15244000000000002,0.16832723575256417
641,18.317,74.345,0.13865,0.16058706116667934
642,18.317,74.664,0.10477,0.1811133664098248
643,18.317,74.514,0.12044,0.1691288006726778
644,18.317,74.582,0.13530999999999999,0.17409475102556807
645,18.317,74.51899999999999,0.17549,0.1694658063955479
646,18.317,75.285,0.15787,0.25359974418676257
647,18.317,74.421,0.11692999999999999,0.16372375526039687
648,18.317999999999998,75.333,0.11025,0.258923962128901
649,18.319000000000003,74.718,0.15716,0.18605215475114958
650,18.319000000000003,74.73,0.17549,0.1872513385395758
651,18.319000000000003,75.642,0.17540999999999998,0.2868064727343853
652,18.319000000000003,74.367,0.12612,0.1612822759662769
653,18.319000000000003,74.428,0.24893,0.1639559569308682
654,18.32,73.89399999999999,0.21927,0.16802714871161342
655,18.320999999999998,74.408,0.13364,0.16288976941806435
656,18.320999999999998,75.64399999999999,0.26313000000000003,0.28644561771158383
657,18.320999999999998,74.36,0.11025,0.16093881428358184
658,18.322,74.37899999999999,0.071815,0.16160785535955216
659,18.322,74.403,0.10607,0.16261300662392666
660,18.322,74.413,0.12027,0.16306651458335633
661,18.322,74.347,0.11777,0.16045322033581524
662,18.322,74.387,0.10022,0.16192976517893556
663,18.322,74.404,0.088524,0.1626574444480651
664,18.322,74.432,0.10022,0.16398368441973601
665,18.323,74.788,0.14252,0.19278075507991002
666,18.323,75.251,0.2105,0.24832953202250121
667,18.323,74.789,0.17917,0.19288774300957193
668,18.323,74.429,0.050094,0.1637774128193387
669,18.323,74.797,0.19254000000000002,0.19374762130202275
670,18.323,75.643,0.43858,0.2858999591129303
671,18.323,76.191,0.1069,0.27814708042145986
672,18.324,74.807,0.16288,0.19469985754275612
673,18.324,74.758,0.11787,0.18950129686907305
674,18.325,74.567,0.16539,0.17224149842153683
675,18.325,74.791,0.20768000000000003,0.1928437406562478
676,18.325,73.883,0.16079000000000002,0.16905626011364064
677,18.325,74.42399999999999,0.10022,0.16342292406575923
678,18.326,74.749,0.2199,0.1883354394963969
679,18.327,74.307,0.1493,0.15916343178701378
680,18.328,74.431,0.11525999999999999,0.1635962726174647
681,18.328,74.558,0.018087,0.17132944702678168
682,18.328,75.657,0.43858,0.28554420374530554
683,18.328,74.72,0.13097,0.1852088668878014
684,18.328,74.319,0.11,0.1594249422809946
685,18.328,74.404,0.11692999999999999,0.16235431263736058
686,18.328,74.36,0.088524,0.16064930696263638
687,18.328,74.811,0.06513200000000001,0.19460765253327908
688,18.329,74.421,0.076828,0.1630662529272721
689,18.329,74.435,0.06513200000000001,0.16373682530680914
690,18.329,75.17699999999999,0.10774,0.23819948520816506
691,18.329,74.567,0.24225,0.1719062920400312
692,18.329,75.288,0.086853,0.25145262939820456
693,18.329,74.717,0.14144,0.18480332696285698
694,18.33,74.753,0.044772,0.1882622677303051
695,18.33,74.753,0.097714,0.1882622677303051
696,18.33,74.813,0.16696,0.1945624502580451
697,18.33,75.008,0.14901,0.2172351182326602
698,18.33,74.609,0.1362,0.1750692829026195
699,18.33,74.714,0.11259000000000001,0.18440055496190702
700,18.331,74.755,0.18732000000000001,0.18834583429248222
701,18.332,74.508,0.14926,0.16764244847721135
702,18.332,74.426,0.041739,0.16314133006617196
703,18.332,74.759,0.15711,0.18863299306541528
704,18.332,75.139,0.046033,0.23298332948273817
705,18.332,74.541,0.15686,0.1698119226326981
706,18.333,74.756,0.056986,0.18820894105689037
707,18.333,74.658,0.14703,0.17891708133831388
708,18.334,74.972,0.12361,0.21223845034554414
709,18.334,74.556,0.10022,0.17070420642001574
710,18.334,74.967,0.11787,0.2116400420412541
711,18.335,74.388,0.13355999999999998,0.16137318936911196
712,18.335,74.781,0.13097,0.1905324577752028
713,18.335,74.391,0.19045,0.16148969020660967
714,18.335,74.434,0.08518200000000001,0.1633607987922572
715,18.335,74.586,0.11517999999999999,0.17282686993894728
716,18.336,74.556,0.13197,0.17054698031274354
717,18.336,74.585,0.12215,0.17266669639379276
718,18.336,74.765,0.12215,0.18876569090302256
719,18.336,74.804,0.069209,0.1928247119732717
720,18.336,74.59899999999999,0.086352,0.1737412961801851
721,18.336,74.618,0.091866,0.17525157063647404
722,18.336,73.887,0.15244000000000002,0.16942394072428305
723,18.336,74.696,0.19384,0.1820425047133978
724,18.337,74.574,0.17374,0.17176389290805252
725,18.338,74.768,0.081423,0.18883270894827367
726,18.339000000000002,74.469,0.065967,0.16491579790578062
727,18.339000000000002,74.57600000000001,0.091866,0.17174811314275232
728,18.339000000000002,74.84100000000001,0.10477,0.19642878792368593
729,18.34,74.764,0.061063,0.1881906230815721
730,18.340999999999998,74.936,0.16873,0.20691338478848245
731,18.340999999999998,75.27,0.082024,0.24695239951731443
732,18.340999999999998,74.438,0.050094,0.16323414307367015
733,18.340999999999998,74.77,0.10994000000000001,0.1886800163151782
734,18.343,74.545,0.1204,0.16925817638085808
735,18.343,74.77199999999999,0.19546,0.1886468065390803
736,18.343,74.437,0.11025,0.16308344236810138
737,18.343,74.771,0.06513200000000001,0.18854552632141777
738,18.343,74.95,0.13882,0.20825251184002105
739,18.343,74.558,0.19296,0.17014686558763528
740,18.343,74.66,0.14926,0.1781100801976744
741,18.343,74.748,0.26877,0.186249477169833
742,18.343,74.767,0.061063,0.18814159584068005
743,18.344,74.77199999999999,0.077346,0.1885292178653243
744,18.344,74.779,0.069209,0.18924017428636478
745,18.344,74.44,0.15035,0.16317285099710402
746,18.344,74.484,0.15454,0.16543778000146117
747,18.344,74.797,0.073277,0.1910942559733612
748,18.344,74.388,0.083512,0.16099192236679175
749,18.344,74.768,0.0855,0.18812555725466676
750,18.345,74.611,0.094205,0.17389942367409175
751,18.345,74.749,0.22804000000000002,0.18612179874690507
752,18.345,74.768,0.14659,0.18800912141055162
753,18.345,74.774,0.061063,0.18861420626463846
754,18.346,74.425,0.1362,0.16239131857933312
755,18.346,74.612,0.094205,0.17389164165841633
756,18.346,74.75,0.24434,0.1861073596531119
757,18.346,74.607,0.19546,0.17350332937111193
758,18.346,74.385,0.088524,0.160803018960373
759,18.347,74.586,0.20768000000000003,0.1718372736381696
760,18.348,74.608,0.20768000000000003,0.1734114326647556
761,18.348,74.77199999999999,0.12215,0.1880629303688898
762,18.348,74.78399999999999,0.061063,0.1892763050681099
763,18.349,75.143,0.31577,0.2304028761972147
764,18.349,74.36399999999999,0.10525999999999999,0.15999645050652303
765,18.349,74.389,0.13364,0.16082726479031387
766,18.349,74.696,0.13097,0.18069617784527706
767,18.35,74.764,0.10994000000000001,0.18703575641562067
768,18.351,74.559,0.060119000000000006,0.1696177432935926
769,18.351,74.567,0.20768000000000003,0.1701679807192711
770,18.351,74.786,0.077346,0.18912694991128157
771,18.351,74.387,0.28151,0.16067857765966567
772,18.351,74.764,0.10178999999999999,0.18692249645183825
773,18.351,74.628,0.16288,0.17472154515348873
774,18.351,74.559,0.060119000000000006,0.1696177432935926
775,18.351,74.786,0.11692999999999999,0.18912694991128157
776,18.352,74.556,0.15452,0.16934169795983414
777,18.352,74.59100000000001,0.10994000000000001,0.17180554171983622
778,18.352,74.608,0.040185000000000005,0.17307745878300243
779,18.352,74.568,0.25248000000000004,0.17016254654343047
780,18.352,74.78699999999999,0.13437000000000002,0.18911139307039596
781,18.352,75.203,0.050261,0.2370159269963106
782,18.352999999999998,74.38600000000001,0.13364,0.16056793658719828
783,18.352999999999998,74.613,0.2199,0.17337711999903896
784,18.352999999999998,74.561,0.024596,0.16960740921264097
785,18.354,74.593,0.10586,0.17179384324089855
786,18.354,74.753,0.19139,0.18551091592747618
787,18.354,74.768,0.044772,0.1869794445440708
788,18.354,74.191,0.23212,0.1579217887375817
789,18.354,74.616,0.08017,0.17352465830134325
790,18.354,75.637,0.78947,0.27830116038931185
791,18.354,74.594,0.22398,0.17186726455883108
792,18.354,75.433,0.10189,0.2618126033766701
793,18.355,74.632,0.18325,0.17469318303670514
794,18.355,74.83,0.14926,0.19320185257468328
795,18.355,75.64,0.29822,0.27825984995823705
796,18.355,75.664,0.35086,0.2796574983634642
797,18.355999999999998,74.608,0.030043,0.17274945773339725
798,18.355999999999998,74.616,0.18325,0.17335826394454848
799,18.355999999999998,74.76,0.077346,0.18597138097644575
800,18.355999999999998,74.90899999999999,0.11,0.20168697430641816
801,18.355999999999998,75.642,0.38594,0.27815649038393353
802,18.355999999999998,74.627,0.10022,0.17421238060496394
803,18.355999999999998,74.718,0.16764,0.18198998195179686
804,18.355999999999998,74.77,0.09364600000000001,0.18695221748439875
805,18.355999999999998,74.86,0.13097,0.19628244408497034
806,18.355999999999998,74.905,0.35086,0.20123858920004936
807,18.357,74.694,0.32172,0.17972330459727606
808,18.357,75.649,0.3684,0.27834916815766275
809,18.357,74.808,0.11,0.19066745776862595
810,18.357,74.57600000000001,0.10586,0.17034624979662052
811,18.357,74.764,0.15454,0.1862514149809307
812,18.357,75.65899999999999,0.42103,0.27892603021731466
813,18.358,74.574,0.16288,0.17013290055730393
814,18.358,74.771,0.0855,0.186827111366783
815,18.358,74.597,0.24026999999999998,0.1717721661565538
816,18.358,74.77199999999999,0.10586,0.1869256129321464
817,18.358,75.02199999999999,0.30073,0.2144439519470899
818,18.359,74.492,0.23212,0.1649940492277351
819,18.359,74.391,0.12863,0.16051679530775256
820,18.359,74.575,0.25656,0.17012845603896667
821,18.359,74.619,0.21583000000000002,0.17334071789176567
822,18.359,74.773,0.056986,0.1869125448555147
823,18.359,74.39,0.23389000000000001,0.160482716647833
824,18.359,74.392,0.21175,0.16055107982308994
825,18.359,74.637,0.14901,0.1747466284865943
826,18.359,74.794,0.35431,0.18900686407722103
827,18.359,75.64,0.42103,0.2773648281820885
828,18.359,74.493,0.281,0.16504835087532324
829,18.359,74.64,0.08518200000000001,0.17498596227362753
830,18.36,74.57600000000001,0.044772,0.17012415430725472
831,18.36,74.62,0.22398,0.1733351619117516
832,18.36,74.689,0.19139,0.17899468133202914
833,18.36,74.795,0.11262,0.18899255908316206
834,18.36,75.675,0.42103,0.2791277191884578
835,18.36,74.59899999999999,0.061063,0.17176219310670762
836,18.36,74.633,0.060361,0.17434490734393973
837,18.36,74.922,0.47367,0.20259944496984586
838,18.36,75.65899999999999,0.2105,0.2782536883236766
839,18.361,74.774,0.15880999999999998,0.18678856872038477
840,18.361,74.775,0.23212,0.18688687861247058
841,18.361,75.057,0.17457999999999999,0.21811030964866632
842,18.361,74.584,0.16472,0.17060881381937112
843,18.361,74.699,0.17102,0.17977687520365307
844,18.361,74.866,0.14144,0.1962914851972051
845,18.362000000000002,74.578,0.16696,0.170115980613216
846,18.362000000000002,75.058,0.1729,0.21807016859015907
847,18.362000000000002,74.71600000000001,0.060203,0.18120086356674284
848,18.362000000000002,74.766,0.20360999999999999,0.18589721963058295
849,18.362000000000002,74.77600000000001,0.30543000000000003,0.18687428104505135
850,18.362000000000002,75.649,0.35086,0.2772340296609209
851,18.362000000000002,74.579,0.19954000000000002,0.17018527169048528
852,18.363,74.602,0.17102,0.17174832316062952
853,18.363,74.7,0.25656,0.179672005473865
854,18.363,74.717,0.070646,0.18119186095241105
855,18.363,74.798,0.20360999999999999,0.18895059220502866
856,18.363,74.862,0.13882,0.19560831259535996
857,18.363,75.00399999999999,0.23723000000000002,0.21157414833857582
858,18.364,74.79899999999999,0.22804000000000002,0.18893692026074485
859,18.364,75.153,0.17457999999999999,0.228984302409763
860,18.364,74.763,0.17102,0.1853903849674933
861,18.364,74.498,0.28506,0.16503551681018883
862,18.364,74.702,0.2199,0.1797522289716246
863,18.364,74.76899999999999,0.1751,0.1859707905373901
864,18.364,74.935,0.16238,0.2035130154299716
865,18.365,74.643,0.13355999999999998,0.17471183412090377
866,18.365,74.702,0.21175,0.17965612998047978
867,18.365,74.931,0.14144,0.20292580667871643
868,18.365,74.581,0.21583000000000002,0.1701047997183566
869,18.366,74.626,0.036618,0.17330492314276028
870,18.366,74.72,0.094205,0.18116578135580866
871,18.366,74.771,0.19546,0.1859478293424445
872,18.366,74.801,0.15067,0.18891005365197147
873,18.366,74.742,0.18853,0.18318753560258774
874,18.367,74.704,0.18732000000000001,0.17964087082952487
875,18.367,74.604,0.13197,0.17158627944049468
876,18.367,74.705,0.048839999999999995,0.17972896722537027
877,18.367,74.501,0.26877,0.16502944977307024
878,18.367,74.584,0.14252,0.1701672394409194
879,18.367,74.77199999999999,0.18732000000000001,0.18593658588154696
880,18.367,74.785,0.13358,0.187206546368495
881,18.367,75.118,0.17540999999999998,0.22435218078630928
882,18.368,74.84,0.14667,0.1926688909143143
883,18.368,74.757,0.11,0.1843914624496076
884,18.368,74.77199999999999,0.24434,0.18582870816668653
885,18.368,74.487,0.12829000000000002,0.16423452592281532
886,18.369,74.665,0.1362,0.17614201359404272
887,18.369,74.768,0.21175,0.18533599899084155
888,18.369,74.495,0.17026,0.16459783164544764
889,18.369,74.774,0.21583000000000002,0.18591457472580944
890,18.369,74.821,0.13097,0.19059098156721602
891,18.37,74.609,0.19954000000000002,0.17172109280923867
892,18.37,74.707,0.12623,0.17961914324916353
893,18.37,74.503,0.2199,0.16497043718391316
894,18.37,74.509,0.19384,0.1652983492135013
895,18.371,74.439,0.16789,0.16185944496888696
896,18.371,74.421,0.18209,0.16114517689708788
897,18.371,74.819,0.15454,0.1901563952224226
898,18.371,74.709,0.18732000000000001,0.1797001199054772
899,18.371,75.653,0.28068000000000004,0.27548874071035934
900,18.371,74.429,0.18209,0.16145460473530152
901,18.371,74.505,0.2199,0.16502328650488365
902,18.372,74.575,0.18126,0.1692017388652445
903,18.372,74.807,0.24434,0.1888332929233915
904,18.372,74.71,0.34615999999999997,0.17969329736313547
905,18.372,74.71,0.20768000000000003,0.17969329736313547
906,18.372,74.72800000000001,0.16238,0.18129834213818455
907,18.373,75.31,0.0094573,0.2452950958538637
908,18.373,75.04899999999999,0.15452,0.21530821670096692
909,18.373,74.568,0.23212,0.16867151371671266
910,18.373,75.665,0.33331,0.2757229094054009
911,18.374000000000002,75.14399999999999,0.14365999999999998,0.2262463412057845
912,18.374000000000002,74.46,0.10189,0.16263601861737878
913,18.374000000000002,74.613,0.14252,0.17170879379353923
914,18.374000000000002,74.778,0.20360999999999999,0.18576591112738153
915,18.374000000000002,74.809,0.20768000000000003,0.18880899337888493
916,18.374000000000002,74.809,0.24841,0.18880899337888493
917,18.375,74.779,0.22804000000000002,0.18575600499208025
918,18.375,75.19,0.11692999999999999,0.2314202847983086
919,18.375,74.508,0.34208,0.1649652128624375
920,18.375,75.135,0.13364,0.22503197873144856
921,18.375999999999998,74.775,0.10994000000000001,0.1852665358973841
922,18.375999999999998,74.551,0.17026,0.16739659505185925
923,18.375999999999998,74.56,0.14115,0.1679593052850822
924,18.375999999999998,74.615,0.15473,0.17170354243812516
925,18.375999999999998,74.77600000000001,0.1751,0.1853622411283137
926,18.377,74.571,0.19954000000000002,0.16859998637051646
927,18.377,74.608,0.15035,0.17112490239496284
928,18.377,74.686,0.14901,0.1771775861291857
929,18.377,74.447,0.16789,0.16193974110702095
930,18.377,74.77600000000001,0.26063000000000003,0.18525725363157833
931,18.377,74.781,0.2647,0.18573667537670338
932,18.377,74.51100000000001,0.13614,0.16501821614027126
933,18.377,74.616,0.17102,0.17170114246593707
934,18.377,74.971,0.08380399999999999,0.20577835229279098
935,18.378,74.829,0.13358,0.19037025967002189
936,18.379,74.595,0.26877,0.17007001268250146
937,18.379,74.618,0.1751,0.17169679559325093
938,18.379,74.615,0.13865,0.17147962821468313
939,18.379,74.618,0.22804000000000002,0.17169679559325093
940,18.379,74.71600000000001,0.10994000000000001,0.17956239927289488
941,18.379,74.291,0.13355999999999998,0.15788378730135158
942,18.379,74.609,0.12027,0.17104974402907883
943,18.379,74.437,0.16789,0.16145156992145795
944,18.379,74.513,0.281,0.16501765075249478
945,18.38,74.919,0.12829000000000002,0.1996110981266425
946,18.38,74.939,0.15716,0.20180404181738823
947,18.38,74.835,0.11787,0.19075126885547314
948,18.38,74.80199999999999,0.12623,0.18745568573022955
949,18.381,74.737,0.15425,0.18123614342691655
950,18.381,74.62,0.23212,0.17169305501386314
951,18.381,74.719,0.081423,0.17963896660736647
952,18.381,74.719,0.16696,0.17963896660736647
953,18.381,74.597,0.15880999999999998,0.17006741589097632
954,18.381,74.786,0.097714,0.18579595243605132
955,18.381,74.971,0.14926,0.20522959584395142
956,18.382,74.598,0.2647,0.1700663428113797
957,18.382,74.804,0.24434,0.1874357138387335
958,18.382,74.331,0.12834,0.1583618056533417
959,18.383,74.805,0.15880999999999998,0.18742597311903
960,18.384,74.721,0.10994000000000001,0.1795364054017257
961,18.384,75.296,0.086853,0.24175541087844302
962,18.384,74.583,0.14659,0.16892144456526173
963,18.384,74.514,0.14901,0.16480364115416749
964,18.384,74.579,0.15473,0.16865965040050881
965,18.385,74.624,0.16288,0.1716874032565662
966,18.385,74.626,0.12829000000000002,0.1718326775200292
967,18.385,74.847,0.35086,0.19140237296311127
968,18.386,74.581,0.2647,0.1686594235179634
969,18.386,74.625,0.15064,0.17168637334722195
970,18.386,74.665,0.10572999999999999,0.17471171731962223
971,18.386,74.791,0.15711,0.1857534066576845
972,18.386,74.581,0.12623,0.1686594235179634
973,18.387,74.935,0.14668,0.2004572275436647
974,18.387,75.05,0.31577,0.21333844042253483
975,18.387,74.50399999999999,0.1755,0.16412804201423706
976,18.387,74.544,0.15711,0.16631441933739047
977,18.387,74.587,0.15067,0.16898692308729982
978,18.387,74.654,0.1729,0.17377605862730452
979,18.387,74.675,0.09687899999999999,0.17542422921259795
980,18.387999999999998,74.762,0.15454,0.18283017664516635
981,18.387999999999998,74.52199999999999,0.24434,0.16502216578792875
982,18.387999999999998,74.67399999999999,0.12047999999999999,0.17526220314283794
983,18.389,74.628,0.15067,0.1716842080943727
984,18.389,74.633,0.17549,0.17204807298573113
985,18.389,74.589,0.10994000000000001,0.16898740967474082
986,18.39,74.585,0.048839999999999995,0.16866077434494456
987,18.39,75.26,0.08518200000000001,0.2367527696296459
988,18.39,74.444,0.16789,0.1613048731563427
989,18.39,74.628,0.081423,0.1716115338094997
990,18.39,74.824,0.1493,0.18853931908612956
991,18.39,75.123,0.59648,0.22125420824922773
992,18.39,75.22800000000001,0.12215,0.2331932909011797
993,18.391,74.585,0.06513200000000001,0.168596602430674
994,18.391,74.594,0.16764,0.16918676225052112
995,18.391,74.586,0.17917,0.16866148995713728
996,18.391,74.586,0.27285,0.16866148995713728
997,18.391,74.59100000000001,0.0855,0.16898850267490154
998,18.392,74.73,0.24434,0.17959008370695997
999,18.392,74.64399999999999,0.094205,0.17263676734279068
1000,18.392,74.79899999999999,0.12829000000000002,0.18589877165092963
1001,18.392,75.107,0.17540999999999998,0.21911520105058338
1002,18.393,74.611,0.15185,0.1702018708547606
1003,18.393,74.696,0.1204,0.17662770044279888
1004,18.393,75.032,0.1587,0.21043463777800522
1005,18.396,74.46,0.15064,0.16171436441758283
1006,18.396,74.59,0.16696,0.16860255376106428
1007,18.396,74.734,0.18732000000000001,0.17957715829468915
1008,18.396,74.59100000000001,0.19139,0.16866735207420572
1009,18.396,74.937,0.18636,0.1995380712470967
1010,18.397000000000002,74.592,0.18732000000000001,0.16866898361821173
1011,18.398,74.593,0.18732000000000001,0.1686707689681424
1012,18.398,75.013,0.1018,0.20761371063368908
1013,18.399,74.598,0.077346,0.16893339521220632
1014,18.399,75.12,0.22804000000000002,0.21953656954453296
1015,18.399,74.533,0.1303,0.1650436550417386
1016,18.399,74.586,0.12044,0.16815953677631226
1017,18.399,74.594,0.097714,0.16867270845072382
1018,18.399,74.737,0.15067,0.17956918023995352
1019,18.4,74.59899999999999,0.13844,0.16893541810278348
1020,18.4,74.738,0.27285,0.17956684928340552
1021,18.4,74.492,0.10994000000000001,0.1629419340800297
1022,18.4,74.595,0.056986,0.1686748023928535
1023,18.401,75.009,0.24559,0.20676573317290473
1024,18.401,74.898,0.09428099999999999,0.19481193168564773
1025,18.401,74.493,0.27285,0.16294508534749977
1026,18.402,74.834,0.12047999999999999,0.18824419420977637
1027,18.402,74.502,0.094205,0.16332363806755093
1028,18.403,75.532,0.13865,0.2606563582502067
1029,18.404,74.805,0.12834,0.18525667026126028
1030,18.404,75.184,0.12111,0.2259831162851436
1031,18.404,74.742,0.19139,0.17955917506020683
1032,18.404,74.604,0.24841,0.16901057037113512
1033,18.404,75.155,0.10774,0.2227302774925847
1034,18.405,74.497,0.1303,0.16295914413639437
1035,18.405,74.59899999999999,0.0855,0.16862295717290102
1036,18.405,74.887,0.5263,0.19322130636833393
1037,18.406,74.744,0.29320999999999997,0.179556331680271
1038,18.406,75.119,0.1186,0.21838095066823818
1039,18.406,74.337,0.11259000000000001,0.15811077404397758
1040,18.406,74.498,0.14252,0.16296302401222165
1041,18.406,74.572,0.29729,0.16688612695830676
1042,18.406,74.744,0.22804000000000002,0.179556331680271
1043,18.407,74.585,0.21583000000000002,0.16761863855774553
1044,18.407,74.745,0.28914,0.17955515940788871
1045,18.407,74.626,0.093537,0.17029465731523433
1046,18.407,74.657,0.062792,0.17250132171853474
1047,18.407,74.92699999999999,0.14032,0.19714011634446485
1048,18.408,75.12899999999999,0.081841,0.219208584672591
1049,18.409000000000002,74.501,0.17102,0.1629755456526171
1050,18.409000000000002,74.631,0.11148,0.17050725995926588
1051,18.409000000000002,74.64699999999999,0.011663,0.17163401832969996
1052,18.409000000000002,74.65,0.066803,0.17184983353841735
1053,18.41,74.65899999999999,0.099469,0.17243475773352582
1054,18.410999999999998,74.422,0.18209,0.15988396765131377
1055,18.410999999999998,74.695,0.15454,0.17509889140701954
1056,18.414,74.764,0.10472999999999999,0.18059305400051498
1057,18.415,74.824,0.15454,0.18596545855377647
1058,18.416,74.882,0.14667,0.19150754598665234
1059,18.416,74.295,0.13882,0.1577138247363821
1060,18.416,74.508,0.16696,0.16300995221766082
1061,18.416,74.76100000000001,0.1257,0.18015675254366117
1062,18.417,74.48899999999999,0.10472999999999999,0.16213046658119637
1063,18.417,74.695,0.12829000000000002,0.17464388906186604
1064,18.417,74.7,0.1231,0.1750336176270986
1065,18.417,74.559,0.11,0.16555487893791146
1066,18.418,74.749,0.11787,0.17895569153602
1067,18.418,74.767,0.10732,0.18050524178143082
1068,18.418,73.72399999999999,0.10522999999999999,0.1915228560690825
1069,18.419,74.331,0.17959,0.1579274337089747
1070,18.42,74.76100000000001,0.12572,0.17981299414291377
1071,18.421,74.108,0.61402,0.16122865487173657
1072,18.421,74.617,0.11262,0.16881957512773063
1073,18.421,74.513,0.12623,0.16303902781462024
1074,18.422,74.688,0.1755,0.1737418536048865
1075,18.422,74.753,0.11,0.17896131530539308
1076,18.422,76.203,0.10273,0.2548477418857451
1077,18.423,74.627,0.21384,0.16935296523300494
1078,18.424,74.559,0.1493,0.1652141065913503
1079,18.424,74.25,0.16915,0.15789101046225643
1080,18.424,74.638,0.09855,0.17002593754610565
1081,18.425,74.242,0.21300999999999998,0.1579795729572904
1082,18.425,74.252,0.17540999999999998,0.15788438002794516
1083,18.425,74.638,0.09687899999999999,0.16996423724922274
1084,18.425,74.633,0.09687899999999999,0.1696294941200769
1085,18.426,75.058,0.47367,0.20885333774855033
1086,18.428,75.61399999999999,0.12278,0.2616514645711058
1087,18.428,74.52,0.09364600000000001,0.16308612302556372
1088,18.428,74.812,0.11262,0.18362720332801388
1089,18.429000000000002,74.411,0.13614,0.15918375300989787
1090,18.429000000000002,74.733,0.63157,0.17674562945068442
1091,18.43,74.58,0.14144,0.16608673660848974
1092,18.430999999999997,74.32600000000001,0.073068,0.15783903992784246
1093,18.430999999999997,74.559,0.14140999999999998,0.16489030942027397
1094,18.430999999999997,75.044,0.032048,0.20669905852783446
1095,18.430999999999997,74.676,0.16238,0.17223481651363517
1096,18.430999999999997,75.82600000000001,0.18209,0.26924404512561995
1097,18.430999999999997,74.883,0.10737999999999999,0.19004409992697582
1098,18.433,74.312,0.18853,0.15777209058525335
1099,18.433,74.33800000000001,0.11275,0.15792424725575574
1100,18.433,74.572,0.14901,0.1654972283655666
1101,18.434,73.528,0.047587,0.2195375070496909
1102,18.434,75.031,0.15035,0.20493277414995806
1103,18.434,75.124,0.26313000000000003,0.21497455722538586
1104,18.434,74.668,0.13355999999999998,0.17146928201802472
1105,18.436,74.63,0.14667,0.1687915794614039
1106,18.436,74.785,0.16255,0.18053772845319663
1107,18.436,75.072,0.33331,0.2090819016832313
1108,18.438,74.327,0.13573,0.15783902852773082
1109,18.438,74.81,0.18336,0.1825615415425579
1110,18.439,74.312,0.14199,0.1577858049686475
1111,18.439,74.56,0.19379000000000002,0.16459233392337927
1112,18.439,75.1,0.050094,0.21171328588390373
1113,18.439,74.683,0.16104000000000002,0.1722173855253816
1114,18.44,74.575,0.13355999999999998,0.16533978808730512
1115,18.44,74.873,0.067638,0.1881923553082351
1116,18.441,74.889,0.42103,0.1896308904888864
1117,18.442,74.913,0.42103,0.19187308394830574
1118,18.442,74.435,0.24559,0.15956330262778332
1119,18.442,75.014,0.12047999999999999,0.2021765444939785
1120,18.442,74.21300000000001,0.12834,0.1587189453207634
1121,18.442,74.825,0.09428099999999999,0.1835572507249559
1122,18.442,75.028,0.10472999999999999,0.2036495016580632
1123,18.442999999999998,74.229,0.21300999999999998,0.15844451007617724
1124,18.444000000000003,74.468,0.09690399999999999,0.16051597494183925
1125,18.444000000000003,74.627,0.17708,0.16816687700219726
1126,18.445,74.46300000000001,0.13681,0.16032917968066843
1127,18.445999999999998,74.587,0.1362,0.16572449208854959
1128,18.445999999999998,74.938,0.5789300000000001,0.19394249243114772
1129,18.448,74.569,0.16238,0.1646799847445604
1130,18.449,74.569,0.14639000000000002,0.1646391426801759
1131,18.451,74.498,0.25478,0.16140228435264717
1132,18.451,75.17,0.12528,0.21762624188711835
1133,18.451,75.281,0.21216999999999997,0.2292289080507979
1134,18.451,74.883,0.12829000000000002,0.1881020402493844
1135,18.451,74.818,0.15397,0.1821698483766049
1136,18.452,74.582,0.15185,0.16519368326987574
1137,18.452,74.814,0.099469,0.18173773638079885
1138,18.452,75.158,0.091866,0.21621951989543733
1139,18.453,75.102,0.16288,0.21014740543357216
1140,18.453,74.778,0.13097,0.17860018688029236
1141,18.453,75.221,0.42103,0.2227327518872633
1142,18.454,74.98899999999999,0.10214,0.19824346487474212
1143,18.454,75.031,0.09855,0.20256773444218593
1144,18.454,74.77600000000001,0.16497,0.1783602695841128
1145,18.455,74.82600000000001,0.13832,0.1825432454329088
1146,18.456,74.204,0.19384,0.15926761770994471
1147,18.456,75.266,0.47367,0.2269703495500031
1148,18.457,75.028,0.15949000000000002,0.20191745793058283
1149,18.458,74.314,0.24015999999999998,0.15789409944760804
1150,18.459,74.212,0.12834,0.15915670378914473
1151,18.459,74.868,0.1755,0.185982476567802
1152,18.459,75.23100000000001,0.35086,0.22294344796672297
1153,18.46,75.079,0.18377000000000002,0.20687833659820912
1154,18.461,75.263,0.26313000000000003,0.22595529804526385
1155,18.463,74.626,0.11262,0.16717030951417725
1156,18.464000000000002,74.7,0.10472999999999999,0.17189332223796774
1157,18.465999999999998,74.204,0.1624,0.15955431093960484
1158,18.467,74.692,0.12044,0.17116813936778877
1159,18.467,74.475,0.18961,0.1602551007314447
1160,18.467,74.903,0.47367,0.18852289143124415
1161,18.467,75.186,0.42103,0.21720569983723562
1162,18.469,74.325,0.14144,0.15798003081466896
1163,18.469,74.205,0.14406,0.15961840105817207
1164,18.469,75.343,0.13865,0.23274063605835885
1165,18.469,75.26100000000001,0.49121000000000004,0.22464433824804778
1166,18.469,75.19,0.2105,0.2173636251310496
1167,18.47,74.669,0.11262,0.16948019612190693
1168,18.47,74.98899999999999,0.1204,0.19657020814965434
1169,18.47,74.23100000000001,0.15454,0.15902388232099576
1170,18.47,75.191,0.10022,0.21733897692583906
1171,18.471,74.968,0.16497,0.19439419960888774
1172,18.471,75.263,0.5263,0.22457392835045079
1173,18.473,74.48899999999999,0.49121000000000004,0.16058381534633284
1174,18.473,74.221,0.15192,0.1593318105240701
1175,18.473,75.517,0.29822,0.24719671192138673
1176,18.474,74.76,0.13882,0.1756973235811277
1177,18.474,75.21,0.08024500000000001,0.21878285950512957
1178,18.475,74.987,0.1362,0.19587157842398897
1179,18.475,74.492,0.24225,0.16064358132230708
1180,18.475,75.27,0.37006999999999995,0.22473569841995925
1181,18.475,75.211,0.13530999999999999,0.21875699057223122
1182,18.477,74.319,0.16288,0.1580796908877036
1183,18.477,75.051,0.1587,0.20208025646465447
1184,18.477,75.27,0.084347,0.2244669342177106
1185,18.477999999999998,74.333,0.047587,0.15806323514917844
1186,18.477999999999998,75.223,0.31577,0.2195967723568744
1187,18.48,74.962,0.12695,0.19295088449268785
1188,18.48,74.543,0.11259000000000001,0.16240991944869457
1189,18.480999999999998,74.343,0.041739,0.1580950725442656
1190,18.484,75.381,0.048423,0.23413918812233872
1191,18.484,74.889,0.40349,0.18578725435166712
1192,18.485,74.67399999999999,0.11692999999999999,0.16907107546018332
1193,18.485,75.204,0.22804000000000002,0.2167885774862586
1194,18.486,74.21600000000001,0.20956,0.15985982343203478
1195,18.486,74.47399999999999,0.083762,0.15994276464181248
1196,18.486,75.25399999999999,0.43858,0.22169191358564913
1197,18.486,74.578,0.094205,0.1637773469138413
1198,18.488,75.206,0.5789300000000001,0.21662388634551358
1199,18.488,75.21,0.33331,0.21702764259245247
1200,18.488,75.09100000000001,0.071815,0.20495295766668079
1201,18.489,75.268,0.49121000000000004,0.2226950218859163
1202,18.489,75.191,0.13358,0.21498678569812382
1203,18.489,75.259,0.22804000000000002,0.22180537002433157
1204,18.489,74.976,0.1303,0.19346709423242772
1205,18.49,74.212,0.1493,0.1601066491014003
1206,18.49,74.21300000000001,0.14144,0.1600779416945294
1207,18.491,74.521,0.1493,0.16132818334410462
1208,18.491,75.708,0.17540999999999998,0.2554419565624101
1209,18.492,74.55,0.2105,0.1624031457611708
1210,18.492,75.245,0.2105,0.2200389717639514
1211,18.492,74.21600000000001,0.17288,0.16006126461584438
1212,18.492,75.221,0.59648,0.2176451951853531
1213,18.492,75.176,0.16706,0.21311576604377838
1214,18.493,75.222,0.56139,0.21762365080602034
1215,18.493,75.233,0.24559,0.21872163252257806
1216,18.494,74.48100000000001,0.094205,0.16004166967791247
1217,18.494,74.77,0.10477,0.17522807389604814
1218,18.494,75.234,0.24559,0.21869868320115785
1219,18.495,74.219,0.24361999999999998,0.16007991720734263
1220,18.495,74.426,0.081799,0.1588576349088429
1221,18.496,75.226,0.63157,0.2176596718698486
1222,18.497,74.74,0.086352,0.17287792091120005
1223,18.497,75.85300000000001,0.16706,0.2576926448180271
1224,18.498,75.248,0.22804000000000002,0.21959598372478542
1225,18.498,76.185,0.1186,0.24304633811989249
1226,18.5,74.42,0.12829000000000002,0.15877090814193098
1227,18.503,74.44,0.22303,0.15908248683177398
1228,18.503,75.233,0.14365999999999998,0.21751694752586662
1229,18.504,75.241,0.42103,0.2181851261022514
1230,18.504,74.21600000000001,0.20956,0.16049072006611956
1231,18.504,75.19,0.22804000000000002,0.21314242021726196
1232,18.506,75.241,0.40349,0.21794860064823088
1233,18.508,74.225,0.2017,0.1603717271414631
1234,18.508,74.755,0.12044,0.17336767637817677
1235,18.508,74.428,0.12044,0.15889911340261878
1236,18.508,75.188,0.43858,0.21249615676859648
1237,18.509,74.214,0.14406,0.16074273804840758
1238,18.509,75.339,0.1303,0.22693015087124227
1239,18.51,74.638,0.21475999999999998,0.1660203681495789
1240,18.51,74.676,0.086352,0.16814366321922095
1241,18.51,75.195,0.13782,0.21296615326718485
1242,18.51,74.207,0.1624,0.1610091655785675
1243,18.511,75.23899999999999,0.07014400000000001,0.2171701786790501
1244,18.511,75.135,0.16706,0.20692652002952452
1245,18.512,74.75,0.1493,0.17281733563617244
1246,18.512999999999998,74.87100000000001,0.28068000000000004,0.18208337459615623
1247,18.512999999999998,75.094,0.075157,0.20268840789488954
1248,18.512999999999998,75.26,0.16622,0.21897388907033447
1249,18.514,74.452,0.16764,0.15929073821546771
1250,18.515,74.23899999999999,0.16764,0.16023365415791216
1251,18.516,74.389,0.12044,0.15859076950601372
1252,18.516,74.58800000000001,0.15319000000000002,0.16345858694617424
1253,18.517,74.22800000000001,0.18074,0.16062162643350378
1254,18.517,75.069,0.12027,0.19987317078959368
1255,18.517,75.25,0.066803,0.21754822328748738
1256,18.517,74.29899999999999,0.19964,0.15904784410134512
1257,18.518,75.28,0.16238,0.2203045674977631
1258,18.519000000000002,74.59,0.14926,0.16348158552597516
1259,18.52,74.236,0.1493,0.16050220408360896
1260,18.52,74.986,0.18293,0.19174485984285475
1261,18.52,74.567,0.14400000000000002,0.16252053756525722
1262,18.521,75.236,0.11777,0.21574884040786493
1263,18.521,74.635,0.11785,0.16554111061544632
1264,18.521,74.23899999999999,0.1755,0.1604548385959881
1265,18.522000000000002,74.225,0.12834,0.1609097574339157
1266,18.523,74.24600000000001,0.15716,0.16033671752393233
1267,18.524,74.89699999999999,0.16037,0.18354449295318212
1268,18.524,75.14699999999999,0.12194,0.2067862791190163
1269,18.525,74.22399999999999,0.1624,0.1610631189505484
1270,18.525,75.27600000000001,0.066936,0.21912118461422905
1271,18.526,74.421,0.2506,0.15892197057110527
1272,18.527,74.839,0.50876,0.17862147235261464
1273,18.527,75.038,0.17540999999999998,0.19602528921561982
1274,18.528,75.395,0.19379000000000002,0.22954589607197665
1275,18.528,74.664,0.041739,0.16685934555902684
1276,18.529,75.422,0.10737999999999999,0.2317013993518057
1277,18.529,74.587,0.13358,0.16316645752964867
1278,18.531,74.175,0.1624,0.16319024670407048
1279,18.532,74.244,0.14144,0.16073633744133978
1280,18.532,74.236,0.17288,0.16097380430992717
1281,18.532,75.119,0.09604299999999999,0.20330959666780782
1282,18.535999999999998,74.252,0.12834,0.1606673817113771
1283,18.535999999999998,74.363,0.14926,0.15891095459914475
1284,18.535999999999998,75.054,0.24559,0.19677713491460538
1285,18.535999999999998,74.229,0.18074,0.1613623426434059
1286,18.538,75.403,0.19646,0.22901326226612298
1287,18.539,75.007,0.18794,0.192190295189718
1288,18.54,74.158,0.29822,0.16444840050872514
1289,18.54,74.03699999999999,0.1704,0.1719132102458331
1290,18.54,74.03699999999999,0.14701,0.1719132102458331
1291,18.54,74.038,0.17625,0.17183877071398937
1292,18.54,74.60300000000001,0.10472999999999999,0.1636484582141761
1293,18.541,74.03399999999999,0.18377000000000002,0.17221172073119032
1294,18.541,74.036,0.18209,0.17206149539771212
1295,18.541,74.247,0.1624,0.1610115040019741
1296,18.541,74.038,0.16539,0.17191210808702287
1297,18.541,74.042,0.15954000000000002,0.17161585021534212
1298,18.541,74.042,0.16204000000000002,0.17161585021534212
1299,18.541,74.235,0.1624,0.16138232455496973
1300,18.541,74.03399999999999,0.16371,0.17221172073119032
1301,18.542,73.83,0.0016375,0.1918810055448942
1302,18.543,74.154,0.14032,0.16481255245419804
1303,18.543,74.16,0.15787,0.16451620120851
1304,18.544,74.142,0.28068000000000004,0.16548671101730786
1305,18.544,74.237,0.15716,0.1614476493046362
1306,18.544,74.023,0.2105,0.17328070982159496
1307,18.545,74.32,0.15716,0.15954404706424755
1308,18.546,74.16,0.12278,0.16468294633825034
1309,18.546,74.173,0.5263,0.1640615018802998
1310,18.546,75.14699999999999,0.12111,0.20470398003414517
1311,18.547,74.251,0.15787,0.16114228845528114
1312,18.549,74.156,0.40349,0.165052041047586
1313,18.549,74.318,0.12111,0.15969918658320095
1314,18.55,74.172,0.43858,0.16432597889602055
1315,18.55,74.931,0.1562,0.18476182277004574
1316,18.55,74.958,0.1704,0.18706574643789267
1317,18.55,74.98100000000001,0.12027,0.18907214253038931
1318,18.55,74.172,0.40349,0.16432597889602055
1319,18.55,74.492,0.10472999999999999,0.16013488119079303
1320,18.551,75.219,0.10858,0.21103378046310842
1321,18.551,74.918,0.47367,0.183615076559319
1322,18.551,75.105,0.10022,0.20031397632900774
1323,18.552,74.545,0.19212,0.16145187075829728
1324,18.553,74.035,0.16121,0.17303625647517953
1325,18.553,74.22,0.16037,0.16245147625099723
1326,18.553,74.792,0.40349,0.17389667612488072
1327,18.554000000000002,75.267,0.17625,0.21519723897619727
1328,18.555999999999997,74.15,0.7017399999999999,0.1657709201644191
1329,18.555999999999997,74.351,0.94737,0.1594922702865035
1330,18.555999999999997,74.193,0.26313000000000003,0.1636959627737067
1331,18.557000000000002,74.923,0.24559,0.18368024679973075
1332,18.557000000000002,74.445,0.15185,0.1595087079768727
1333,18.558,74.035,0.35086,0.17341888674100683
1334,18.558,74.183,0.15787,0.16425246530568197
1335,18.558,75.146,0.21384,0.20356023985221153
1336,18.558,75.20100000000001,0.16622,0.20869705542712272
1337,18.559,74.165,0.7017399999999999,0.16517466532580974
1338,18.559,74.038,0.31577,0.173263635465465
1339,18.56,73.47,0.14617,0.24629303273688244
1340,18.56,74.217,0.17540999999999998,0.1629106837907132
1341,18.561,74.368,0.19713,0.1594896825651714
1342,18.561,74.883,0.02503,0.1802467179357138
1343,18.563,74.222,0.1988,0.16286770533255793
1344,18.563,74.245,0.20465,0.16204110368682015
1345,18.566,74.252,0.21852,0.16195004784221148
1346,18.566,74.17,0.85964,0.16533235815949535
1347,18.566,74.303,0.20382,0.16057643498937316
1348,18.567,75.126,0.041221,0.20096796995886937
1349,18.567,74.16199999999999,0.087689,0.16579992163392024
1350,18.567,74.165,0.7719199999999999,0.16564501857091576
1351,18.567999999999998,74.153,0.61402,0.1663377734095405
1352,18.567999999999998,74.153,0.2105,0.1663377734095405
1353,18.567999999999998,74.15899999999999,0.42103,0.16601740128934087
1354,18.569000000000003,74.153,0.43858,0.16639951254976507
1355,18.569000000000003,74.171,0.7719199999999999,0.16545894661561292
1356,18.57,74.171,0.5263,0.16551822768410476
1357,18.57,75.05,0.11692999999999999,0.19383594473693092
1358,18.57,75.237,0.083512,0.21093361741754837
1359,18.570999999999998,74.245,0.5263,0.16242198107158914
1360,18.572,75.294,0.12695,0.21589049911546834
1361,18.572,74.146,0.1562,0.16697364319901256
1362,18.572,75.564,0.14533,0.23685494875720617
1363,18.573,74.176,0.2105,0.1654454786784311
1364,18.574,74.259,0.17875,0.16209795323920864
1365,18.574,74.02,0.33331,0.1758948719871252
1366,18.575,74.021,0.31577,0.17589384677152967
1367,18.576,74.025,0.31577,0.17564529498256634
1368,18.576,74.025,0.26313000000000003,0.17564529498256634
1369,18.576,74.176,0.15787,0.1656242856819006
1370,18.576,74.157,0.5263,0.1666183377315086
1371,18.577,75.289,0.11359000000000001,0.21498004018590958
1372,18.578,74.36399999999999,0.14406,0.1600297880974854
1373,18.578,74.857,0.17540999999999998,0.17750671772982898
1374,18.579,75.064,0.09687899999999999,0.19447446954907013
1375,18.579,75.675,0.15787,0.24182886395039896
1376,18.579,74.02600000000001,0.42103,0.17580819385958693
1377,18.58,74.301,0.16956,0.16118735667341447
1378,18.58,74.02199999999999,0.33331,0.1762221816697426
1379,18.58,75.023,0.11692999999999999,0.19080622218263835
1380,18.58,75.035,0.18209,0.19185178191475263
1381,18.581,74.175,0.3684,0.1659776427279447
1382,18.582,74.348,0.12044,0.1603637427876469
1383,18.583,74.157,0.5263,0.16706232462339357
1384,18.584,76.016,0.083512,0.2422801234648472
1385,18.584,74.175,0.28068000000000004,0.16616194700424639
1386,18.584,75.53399999999999,0.3684,0.23360533472206982
1387,18.584,75.55,0.2105,0.23463164625327573
1388,18.584,75.559,0.26313000000000003,0.23519259404990148
1389,18.585,75.535,0.5789300000000001,0.2335622411105807
1390,18.585,75.538,0.35086,0.23375684351767104
1391,18.587,75.561,0.31577,0.23498724986267097
1392,18.589000000000002,74.727,0.49121000000000004,0.16881868810944692
1393,18.589000000000002,74.92,0.055105999999999995,0.18180523792298356
1394,18.590999999999998,74.074,0.24058000000000002,0.1730060466550605
1395,18.590999999999998,74.16,0.35086,0.16741340367648808
1396,18.590999999999998,74.416,0.12996,0.16010944291041598
1397,18.590999999999998,74.204,0.22386999999999999,0.16516214517384922
1398,18.592,74.166,0.33331,0.16714656750207627
1399,18.592,74.411,0.21325999999999998,0.160148672469732
1400,18.592,75.553,0.5263,0.23395707726695406
1401,18.592,75.556,0.43858,0.23414261746244483
1402,18.593,75.565,0.5263,0.2345846692691527
1403,18.594,74.375,0.18936,0.16045052783035932
1404,18.594,75.55199999999999,0.31577,0.2336837854400783
1405,18.595,74.311,0.20215,0.16159630825172636
1406,18.598,75.078,0.16037,0.19449372984605065
1407,18.598,75.507,0.33331,0.2303422771262165
1408,18.598,75.469,0.35086,0.22766931128015347
1409,18.599,74.185,0.22386999999999999,0.16658417952279994
1410,18.6,75.053,0.095208,0.1922107829932819
1411,18.6,74.168,0.22136,0.16755931615083455
1412,18.601,74.196,0.23306,0.16615303221324343
1413,18.601,75.118,0.11275,0.19781358059040458
1414,18.601,74.37,0.19379000000000002,0.16076003518120555
1415,18.602,74.112,0.17374,0.17114632004862254
1416,18.602,74.28,0.2222,0.16279428210470406
1417,18.602,74.186,0.23055,0.16672344027047273
1418,18.602999999999998,75.59899999999999,0.31577,0.23548261523052985
1419,18.604,74.29899999999999,0.17625,0.16232582091423822
1420,18.604,75.594,0.28068000000000004,0.23510549733244238
1421,18.605,75.497,0.17540999999999998,0.22896762580213728
1422,18.605999999999998,75.626,0.24559,0.23657655764197907
1423,18.607,75.536,0.50876,0.23135521389717276
1424,18.607,75.61,0.49121000000000004,0.23565670661973273
1425,18.609,74.15899999999999,0.15118,0.16868069576594305
1426,18.609,74.101,0.15285,0.1724374903535332
1427,18.609,74.116,0.15452,0.17139763828999746
1428,18.61,74.093,0.1846,0.17308959716443165
1429,18.611,75.123,0.14868,0.19762544640764793
1430,18.611,75.238,0.07527400000000001,0.20769082170820466
1431,18.611,75.277,0.09855,0.2110681433451497
1432,18.612000000000002,75.153,0.12361,0.20018238752849263
1433,18.612000000000002,75.289,0.16037,0.2120196159817971
1434,18.613,75.059,0.15703,0.19200656763568938
1435,18.614,74.891,0.43858,0.1786686597614602
1436,18.614,74.547,0.14140999999999998,0.1618815034474748
1437,18.615,74.107,0.1846,0.17247622223295536
1438,18.615,74.257,0.1988,0.16429941548631546
1439,18.616,75.13600000000001,0.088524,0.19845266659316677
1440,18.617,75.62100000000001,0.29822,0.23521295472664175
1441,18.618,74.199,0.21468,0.167087156403276
1442,18.618,75.612,0.22804000000000002,0.23465799485530672
1443,18.619,74.155,0.22386999999999999,0.1696229673130311
1444,18.619,74.209,0.17207,0.16664883777892794
1445,18.619,75.616,0.28068000000000004,0.2347646759883514
1446,18.619,76.133,0.10022,0.23145726033859773
1447,18.62,74.11,0.15703,0.17265247214648263
1448,18.62,74.09,0.16037,0.17410403620311668
1449,18.62,74.209,0.20715999999999998,0.16671317239222752
1450,18.621,74.09899999999999,0.17540999999999998,0.17351977748094208
1451,18.621,75.517,0.33331,0.22880429638436364
1452,18.621,74.096,0.16288,0.1737394817530922
1453,18.621,75.57,0.31577,0.23207129001869145
1454,18.622,74.097,0.15787,0.1737458006324998
1455,18.622,75.181,0.061907000000000004,0.20198768849481355
1456,18.622,74.094,0.17875,0.17396715466741955
1457,18.623,74.093,0.15703,0.17412182106497767
1458,18.624000000000002,74.407,0.087689,0.16123769733307572
1459,18.624000000000002,74.17699999999999,0.1988,0.16868171143007551
1460,18.624000000000002,74.28699999999999,0.20883000000000002,0.16372237024038097
1461,18.624000000000002,75.604,0.49121000000000004,0.23366429137828829
1462,18.625999999999998,75.57,0.22804000000000002,0.23160520548080513
1463,18.627,74.406,0.23715,0.16136085013674553
1464,18.629,73.98100000000001,0.71929,0.18432212063959977
1465,18.63,74.13,0.23221999999999998,0.17204551625638645
1466,18.63,74.382,0.05427100000000001,0.16175937641609686
1467,18.632,75.458,0.49121000000000004,0.223810792268523
1468,18.633,75.263,0.06513200000000001,0.2083047510724733
1469,18.634,75.471,0.26564,0.22456400717573324
1470,18.636,75.111,0.09270199999999999,0.19521455635022214
1471,18.636,74.54899999999999,0.16764,0.16232004218736298
1472,18.637,75.597,0.22804000000000002,0.23210201374825637
1473,18.637,75.615,0.45611999999999997,0.23302845769387162
1474,18.637999999999998,75.582,0.35086,0.23120335952216867
1475,18.637999999999998,74.031,0.59648,0.1804814683109819
1476,18.639,75.497,0.19296,0.22592625359040033
1477,18.64,74.032,0.61402,0.18057427963915798
1478,18.64,74.031,0.47367,0.1806635430778322
1479,18.64,74.30199999999999,0.2222,0.16411449105770762
1480,18.641,75.598,0.28068000000000004,0.2318028397842893
1481,18.641,74.097,0.16371,0.17529454162806182
1482,18.642,75.584,0.24559,0.23096600368266498
1483,18.642,75.57300000000001,0.43858,0.23035596378399018
1484,18.643,75.046,0.041856,0.18953817180322854
1485,18.643,74.187,0.19546,0.16945644743942848
1486,18.643,74.77600000000001,0.11692999999999999,0.17079734799732763
1487,18.643,75.589,0.6491100000000001,0.23115125637902648
1488,18.644000000000002,75.578,0.5263,0.2304650312066129
1489,18.646,74.435,0.05427100000000001,0.16189436894579437
1490,18.646,74.15100000000001,0.29822,0.17188414982967806
1491,18.647000000000002,75.117,0.1988,0.19518724715892624
1492,18.648,74.86399999999999,0.13614,0.17599557781949218
1493,18.648,75.036,0.087689,0.1885444647694459
1494,18.651,75.041,0.20131,0.18883151610127483
1495,18.652,75.571,0.54384,0.22941171320643408
1496,18.653,74.888,0.31577,0.17748819409592478
1497,18.653,75.014,0.11025,0.18664089189917357
1498,18.653,74.498,0.14617,0.16216416393723046
1499,18.654,74.016,0.8421,0.1833435428090602
1500,18.654,74.008,0.3684,0.1841024626374599
1501,18.654,74.014,0.6842,0.18353207382406247
1502,18.655,74.117,0.19546,0.1749638376114541
1503,18.655,75.143,0.10774,0.19697575004402082
1504,18.655,75.273,0.14784,0.20776690122127642
1505,18.657,74.01100000000001,0.31577,0.18410402686684194
1506,18.657,75.148,0.20465,0.19729812945349715
1507,18.658,74.021,0.3684,0.18325487079122818
1508,18.658,74.179,0.15954000000000002,0.171037602380704
1509,18.658,74.22800000000001,0.71929,0.16831143485525105
1510,18.658,75.006,0.1445,0.18586725780853988
1511,18.658,75.028,0.13865,0.18756662811984584
1512,18.66,74.271,0.22386999999999999,0.16646744811505512
1513,18.66,75.574,0.35086,0.2289433743775973
1514,18.666,75.098,0.20215,0.19284149737709713
1515,18.667,74.456,0.15787,0.16264783804304242
1516,18.669,73.991,0.6842,0.18724286034065254
1517,18.669,74.281,0.1988,0.16663986430893077
1518,18.67,75.024,0.13782,0.18689668391069128
1519,18.67,74.218,0.056777,0.1696914690149456
1520,18.67,74.28399999999999,0.12111,0.16658383329113938
1521,18.671,74.329,0.63157,0.16505223188162702
1522,18.671,74.118,0.20047,0.17623918785376871
1523,18.674,74.642,0.11262,0.16531895401065835
1524,18.676,75.184,0.17123,0.19941876645363402
1525,18.677,74.312,0.2105,0.16597869715311322
1526,18.68,73.873,0.14868,0.20170434913991245
1527,18.686,76.08,0.058515,0.22893847059601083
1528,18.686,74.281,0.15703,0.16777676453870352
1529,18.688,74.21600000000001,0.75438,0.17115391223325518
1530,18.688,75.664,0.11108,0.23114610129279248
1531,18.689,74.88600000000001,0.050294,0.1769380323502612
1532,18.689,74.392,0.2105,0.16449041228508068
1533,18.689,74.366,0.1988,0.1650784143983303
1534,18.691,74.298,0.20047,0.1674159734894131
1535,18.691,75.14,0.1729,0.1953305247976446
1536,18.692,74.243,0.15452,0.1699961436373252
1537,18.694000000000003,74.743,0.20956,0.16934240749452947
1538,18.694000000000003,74.372,0.15118,0.1652230351344857
1539,18.695,74.155,0.1562,0.17559730567657786
1540,18.698,74.229,0.16539,0.171197582409552
1541,18.699,74.218,0.16121,0.17189557276318737
1542,18.701,74.362,0.22386999999999999,0.16590794190631145
1543,18.702,73.734,0.13530999999999999,0.2233740343289207
1544,18.704,74.432,0.47367,0.1646401787955191
1545,18.706,74.507,0.1562,0.16426762865305103
1546,18.707,74.298,0.1988,0.16852309872946883
1547,18.712,73.936,0.14365999999999998,0.197744213342841
1548,18.713,74.686,0.10189,0.16755803617892187
1549,18.715,75.2,0.16873,0.19931245780069065
1550,18.715999999999998,74.32300000000001,0.20382,0.1681652455456392
1551,18.715999999999998,74.07,0.21216999999999997,0.18434869822543
1552,18.717,74.26100000000001,0.052182000000000006,0.1709707309826939
1553,18.718,73.976,0.12278,0.1939098350098847
1554,18.718,74.39699999999999,0.94737,0.166079750859668
1555,18.721,74.398,0.3684,0.16624225821772268
1556,18.725,74.757,0.31577,0.1704595553771351
1557,18.725,75.209,0.14032,0.19973468069466307
1558,18.727,74.899,0.15035,0.177727611086151
1559,18.730999999999998,74.82600000000001,0.20432,0.1737484246557919
1560,18.733,75.043,0.037219,0.18718830424591384
1561,18.735,74.782,0.13097,0.1717386197299228
1562,18.737000000000002,73.441,0.1186,0.27729093124888926
1563,18.742,75.092,0.091031,0.1906345181042083
1564,18.75,73.75,0.35086,0.22715897761635553
1565,18.750999999999998,75.541,0.21802,0.2218303910295887
1566,18.752,74.681,0.2148,0.16863029884946992
1567,18.753,75.15899999999999,0.15285,0.1954376614426057
1568,18.753,74.382,0.61402,0.1687812643080239
1569,18.753,74.354,0.56139,0.16968797992066034
1570,18.756,74.209,0.78947,0.17725303850549748
1571,18.756,74.222,0.2222,0.17641612638627616
1572,18.756,73.413,0.19296,0.2851958191352606
1573,18.756,74.865,0.50876,0.17616543289319678
1574,18.758,74.749,0.07014400000000001,0.171001700003679
1575,18.759,74.19800000000001,0.08936000000000001,0.1782613570159887
1576,18.765,74.72399999999999,0.18336,0.1703729515609468
1577,18.766,73.635,0.088524,0.24748373273543992
1578,18.766,74.116,1.0,0.1852537225516885
1579,18.767,73.484,0.27734000000000003,0.27384056242606303
1580,18.767,74.03699999999999,0.31577,0.19276410100381938
1581,18.768,74.726,0.1755,0.17054556678045488
1582,18.769000000000002,75.111,0.16706,0.19185029908675968
1583,18.771,75.919,0.09855,0.229770699943074
1584,18.773,74.904,0.17374,0.178583102549314
1585,18.776,74.584,0.13614,0.16804917365971886
1586,18.776,75.124,0.14951,0.1927640467983525
1587,18.777,74.694,0.14144,0.1699641080563661
1588,18.778,74.942,0.09855,0.18083537020507714
1589,18.78,75.919,0.10022,0.22940651866917708
1590,18.781,74.17,0.19212,0.182358652297864
1591,18.785999999999998,74.693,0.15837,0.17032942926922737
1592,18.787,76.157,0.050094,0.21805346326068345
1593,18.788,74.293,0.17875,0.17514275048741637
1594,18.789,74.311,0.15285,0.1743337192815744
1595,18.791,74.304,0.16121,0.17484547703392708
1596,18.793,73.623,0.14775,0.2531917752470101
1597,18.794,74.914,0.17708,0.17958957492973807
1598,18.796,74.03699999999999,0.61402,0.1959324763523305
1599,18.796,74.42699999999999,0.15716,0.17067549248488093
1600,18.798,74.425,0.14926,0.1708756364906077
1601,18.798,74.90100000000001,0.18544000000000002,0.17900017072221244
1602,18.798,74.107,0.20047,0.1893351789336102
1603,18.799,74.64699999999999,0.099469,0.17001434325208778
1604,18.801,74.402,0.14144,0.17174906976800822
1605,18.802,74.146,0.17207,0.18636583752106398
1606,18.802,74.917,0.15787,0.1799561448880367
1607,18.805999999999997,75.806,0.12572,0.22888481867412505
1608,18.805999999999997,74.413,0.13358,0.17181347037075115
1609,18.808,74.385,0.19646,0.1728587258265362
1610,18.809,74.642,0.2252,0.17048068495540183
1611,18.81,74.403,0.1755,0.17242796241037597
1612,18.81,74.671,0.086352,0.17101731722336003
1613,18.81,74.688,0.12044,0.1713645739772162
1614,18.812,74.023,0.10022,0.19921267485369534
1615,18.814,75.829,0.11787,0.22882926013628727
1616,18.817999999999998,73.634,0.07369500000000001,0.25476592235778517
1617,18.817999999999998,74.134,0.2318,0.18904628486164402
1618,18.817999999999998,73.818,0.02503,0.22589589435755933
1619,18.819000000000003,74.835,0.068891,0.17655997384646374
1620,18.820999999999998,74.402,0.17288,0.1733479781418055
1621,18.822,74.542,0.15192,0.17082078316001728
1622,18.822,75.672,0.088524,0.225609571613995
1623,18.825,74.41,0.1886,0.1734210584103091
1624,18.829,74.407,0.12047999999999999,0.17384531319756782
1625,18.832,74.634,0.09579299999999999,0.1717343417477553
1626,18.834,74.20100000000001,0.064714,0.18529541926258355
1627,18.835,73.835,0.018764,0.2256333868103159
1628,18.836,74.683,0.13358,0.1726879730807738
1629,18.838,74.344,0.43858,0.1770758476821034
1630,18.838,74.911,0.18336,0.18080263720544845
1631,18.840999999999998,74.815,0.088524,0.17670783720983144
1632,18.843,74.92699999999999,0.19379000000000002,0.18179606199144407
1633,18.844,74.67699999999999,0.16502,0.17305767129202712
1634,18.844,74.707,0.15711,0.17363316876379623
1635,18.848,74.758,0.017611,0.1751521165006055
1636,18.852,73.835,0.018764,0.22780817430517955
1637,18.852,74.51100000000001,0.15716,0.17330977772990677
1638,18.858,74.574,0.15454,0.17325009673856032
1639,18.858,74.497,0.29822,0.17399906102630083
1640,18.859,74.76,0.1044,0.1758187559837329
1641,18.86,74.457,0.29822,0.17500312127240683
1642,18.861,74.59,0.12303,0.1734489294068923
1643,18.861,74.582,0.18336,0.1734540010751279
1644,18.862000000000002,75.204,0.1587,0.19911946888884316
1645,18.865,74.737,0.13358,0.1755621010106775
1646,18.868,75.38,0.15192,0.21067050468823803
1647,18.869,74.183,0.28736,0.19036433649281007
1648,18.874000000000002,74.48100000000001,0.12303,0.17562496235735495
1649,18.877,74.543,0.11262,0.1748981566360355
1650,18.878,74.87899999999999,0.13358,0.18109987483300075
1651,18.878,76.002,0.084347,0.22524346885363092
1652,18.879,73.918,0.079334,0.21983422594891558
1653,18.887,74.342,0.12047999999999999,0.18178549052713525
1654,18.89,76.116,0.18336,0.21943906484157918
1655,18.891,74.852,0.20465,0.18070772519800818
1656,18.892,75.688,0.084347,0.22569829581431058
1657,18.893,74.86399999999999,0.18074,0.18128741526169181
1658,18.893,74.82600000000001,0.17123,0.17987465738570266
1659,18.894000000000002,74.536,0.12047999999999999,0.17636700802242491
1660,18.896,74.44,0.12834,0.17864866213534983
1661,18.902,74.842,0.16789,0.18097826550720456
1662,18.902,74.77199999999999,0.43858,0.17878278835889885
1663,18.904,74.40100000000001,0.19384,0.1807845293581062
1664,18.906,75.931,0.10022,0.22726249106950794
1665,18.909000000000002,74.426,0.18074,0.1803275197076071
1666,18.909000000000002,74.73,0.20465,0.17829332638372578
1667,18.910999999999998,73.904,0.15035,0.22573620710515643
1668,18.921,74.88600000000001,0.38594,0.18380597326440898
1669,18.922,74.735,0.12829000000000002,0.1793271451360138
1670,18.925,74.808,0.18074,0.18133604998814593
1671,18.926,74.875,0.17288,0.18368671722264088
1672,18.926,74.902,0.17708,0.18476377121009727
1673,18.926,74.892,0.1886,0.1843549535359104
1674,18.928,74.788,0.15703,0.18097977992145933
1675,18.929000000000002,74.891,0.14140999999999998,0.18450198355790773
1676,18.930999999999997,74.737,0.15716,0.18003268653363794
1677,18.932000000000002,74.895,0.5263,0.1848512853734369
1678,18.935,74.759,0.12044,0.1807806019017261
1679,18.935,74.777,0.16238,0.1811992734367747
1680,18.938,74.953,0.2105,0.18772538472323233
1681,18.94,74.483,0.12047999999999999,0.18153333047887246
1682,18.941,74.53399999999999,0.16238,0.18053238722275813
1683,18.942999999999998,76.638,0.22528,0.1472193665967034
1684,18.945,74.70100000000001,0.11525999999999999,0.1805621059276913
1685,18.945999999999998,74.691,0.12445,0.18052972511439283
1686,18.947,74.71,0.12834,0.18083867067180395
1687,18.948,75.368,0.07014400000000001,0.2118863960229679
1688,18.952,74.72399999999999,0.11524000000000001,0.1814421385309644
1689,18.955,73.934,0.11902,0.22733523508866663
1690,18.961,73.59899999999999,0.82105,0.28021007951956056
1691,18.961,74.729,0.13614,0.1822486521432687
1692,18.961,74.874,0.1755,0.18600868091612668
1693,18.962,73.59899999999999,0.6420899999999999,0.28034345356689905
1694,18.963,74.964,0.20465,0.1898016853680319
1695,18.965999999999998,74.807,0.14668,0.1842925020739771
1696,18.97,74.818,0.20956,0.18490034146427373
1697,18.971,74.421,0.1231,0.1867046445803673
1698,18.973,74.825,0.15703,0.18532942303578306
1699,18.974,75.382,0.095208,0.21373089923781677
1700,18.976,74.681,0.18074,0.18298875908910475
1701,18.976,74.743,0.2222,0.1837141162889873
1702,18.976,74.899,0.35086,0.18800580328954944
1703,18.976,74.322,0.09951900000000001,0.19221710322226396
1704,18.977999999999998,76.24600000000001,0.11692999999999999,0.21025539623617054
1705,18.982,74.762,0.13614,0.1845538814685255
1706,18.983,74.58,0.2017,0.1838436666336362
1707,18.983,74.593,0.12303,0.1837137525629399
1708,18.986,74.7,0.13848,0.18402241125286925
1709,18.992,74.896,0.21969,0.18909292048405738
1710,18.993,74.661,0.094205,0.18443242199391355
1711,18.994,74.642,0.12044,0.18451331429853515
1712,18.995,74.861,0.20965999999999999,0.188140650320076
1713,18.996,74.719,0.10189,0.18510691042717667
1714,18.996,74.122,0.40349,0.2106100511100865
1715,18.996,74.89699999999999,0.25144,0.18943716441533823
1716,19.000999999999998,74.691,0.20799,0.18530431206644296
1717,19.003,74.35,0.13364,0.19360320001968692
1718,19.003,74.85,0.18878,0.18844897367835348
1719,19.011,74.873,0.13614,0.18981692281712917
1720,19.012,74.176,0.63157,0.2074173855840085
1721,19.012999999999998,74.567,0.11524000000000001,0.18697916426279051
1722,19.017,74.778,0.092559,0.1878833412811959
1723,19.02,75.693,0.13113,0.22916876603794936
1724,19.024,74.876,0.1988,0.19099534028443657
1725,19.024,74.877,0.20965999999999999,0.19102707973288105
1726,19.026,74.80199999999999,0.19379000000000002,0.18917861728937527
1727,19.026,75.90899999999999,0.20956,0.23072788340490638
1728,19.029,73.91199999999999,0.39764,0.2398009535092678
1729,19.031,75.753,0.08518200000000001,0.23085937559255912
1730,19.032,74.68,0.71929,0.18819048853834355
1731,19.034000000000002,74.836,0.11,0.190706696845842
1732,19.038,75.214,0.40349,0.2077510505135526
1733,19.04,74.694,0.20131,0.189028936031744
1734,19.04,74.65100000000001,0.37224,0.188972836788062
1735,19.041,74.942,0.12047999999999999,0.19473516638815294
1736,19.041,74.755,0.16238,0.18970993277914808
1737,19.043,74.347,0.12834,0.1983542552015596
1738,19.044,74.563,0.12996,0.1902628619056436
1739,19.046,74.688,0.16764,0.18959696899686654
1740,19.049,74.105,0.6842,0.21892379456652702
1741,19.05,73.817,0.15035,0.2562164869165491
1742,19.055,74.361,0.09951900000000001,0.19894985057771644
1743,19.055999999999997,74.574,0.5789300000000001,0.19135275512812425
1744,19.055999999999997,74.593,0.45611999999999997,0.1910715156882277
1745,19.057000000000002,73.771,0.35086,0.26420012433816586
1746,19.058,75.58,0.11400999999999999,0.2275293065226525
1747,19.061,74.593,0.50876,0.19160362593703154
1748,19.061,74.571,0.43858,0.1919407705057579
1749,19.064,74.72399999999999,0.18878,0.1916066106762956
1750,19.064,74.743,0.020836,0.19179058795953155
1751,19.067999999999998,74.017,0.8730100000000001,0.2312638443305203
1752,19.07,74.184,0.7669100000000001,0.21381374640480957
1753,19.07,74.23,0.66666,0.20983457843615919
1754,19.07,74.344,0.85964,0.20171192327031187
1755,19.072,75.72800000000001,0.16288,0.23258736585348508
1756,19.073,73.855,0.12577,0.2535527486253405
1757,19.074,73.872,0.09428099999999999,0.25122418973268335
1758,19.076,74.415,0.13355999999999998,0.19861343616605445
1759,19.076,74.67399999999999,0.18878,0.19263901140825104
1760,19.081,73.867,0.1362,0.2528448293635891
1761,19.081,73.854,0.11524000000000001,0.25472954220604593
1762,19.081,73.86399999999999,0.14668,0.2532776703248172
1763,19.081,74.574,0.14032,0.19406959889881895
1764,19.082,74.046,0.31735,0.2296199059554568
1765,19.082,73.858,0.062843,0.2542758870625682
1766,19.083,73.858,0.08380399999999999,0.2544046208202454
1767,19.084,73.855,0.11524000000000001,0.2549699139240965
1768,19.084,74.732,0.12445,0.193705295353684
1769,19.086,73.862,0.15716,0.2542105030431805
1770,19.088,74.669,0.14701,0.19391226386219054
1771,19.088,73.862,0.12572,0.25446774644475123
1772,19.09,75.257,0.24559,0.21388307141379084
1773,19.090999999999998,76.17699999999999,0.35086,0.22186407088200202
1774,19.092,74.669,0.16789,0.19433974977333293
1775,19.093,74.564,0.17549,0.19559265653639726
1776,19.093,75.337,0.044245,0.21837047472862262
1777,19.094,73.86,0.07331900000000001,0.25552856121770384
1778,19.096,74.311,0.71929,0.20695564184994755
1779,19.098,73.855,0.15716,0.2567686793051349
1780,19.101,73.878,0.12577,0.2538395964898562
1781,19.102,74.313,0.31577,0.20755386015225277
1782,19.104,74.791,0.18878,0.19648962689858387
1783,19.107,75.503,0.38594,0.22753557499338697
1784,19.108,73.859,0.11524000000000001,0.2574683886747895
1785,19.112000000000002,74.176,0.12111,0.21981050049883602
1786,19.112000000000002,75.025,0.54384,0.20434645004208654
1787,19.113,75.832,0.78947,0.2360800264405
1788,19.115,74.67,0.18878,0.1968356219526817
1789,19.117,75.977,0.14617,0.2342384104368306
1790,19.121,73.859,0.11524000000000001,0.25912905509428197
1791,19.122,74.678,0.15703,0.19758887817803675
1792,19.125,75.64,0.40349,0.23391263765966966
1793,19.125,73.64399999999999,0.09604299999999999,0.2935347679306738
1794,19.125,74.738,0.0090646,0.19808520891308515
1795,19.127,74.546,0.12996,0.19988340642055916
1796,19.128,74.727,0.17540999999999998,0.19834033460529246
1797,19.129,74.704,0.1988,0.19836333683389887
1798,19.129,74.53699999999999,0.15319000000000002,0.2003463310442121
1799,19.129,74.74,0.061623000000000004,0.19853432180224242
1800,19.131,74.714,0.16789,0.19861082459916926
1801,19.131,75.86399999999999,0.08017,0.2371986010844627
1802,19.134,74.737,0.12612,0.1990586495278304
1803,19.134,74.676,0.17708,0.19892976061454806
1804,19.135,74.13600000000001,0.09813200000000001,0.22660895671317163
1805,19.135,73.817,0.089777,0.26710738170917836
1806,19.136,74.694,0.14701,0.19912993341952348
1807,19.137,73.934,0.31737,0.25069781566089966
1808,19.137,75.374,0.18074,0.2237325855297905
1809,19.137999999999998,73.96600000000001,0.44961999999999996,0.2466100286389046
1810,19.139,74.686,0.18878,0.19947068273546856
1811,19.139,75.061,0.14951,0.20843414837019195
1812,19.139,74.69,0.14701,0.19946671893878679
1813,19.14,73.944,0.76703,0.2497467819465641
1814,19.143,74.252,0.63157,0.2171382590078296
1815,19.143,74.748,0.08017,0.20012976200295754
1816,19.143,74.244,0.40349,0.2177824005822784
1817,19.148,74.193,0.61402,0.22280078932381422
1818,19.151,74.683,0.17792,0.20083262149657935
1819,19.151,74.722,0.16789,0.2008642543553786
1820,19.154,74.232,0.8421,0.2201607966087277
1821,19.156,73.952,0.29091999999999996,0.25073022855642624
1822,19.156,74.572,0.18336,0.20269383819962608
1823,19.157,73.831,0.29091999999999996,0.26778890547115597
1824,19.157,74.631,0.12695,0.20186670300978263
1825,19.157,75.03699999999999,0.11262,0.20918145118651135
1826,19.162,74.727,0.25144,0.2021251136973328
1827,19.163,75.893,0.08518200000000001,0.2392708960863831
1828,19.165,74.74,0.0025565,0.20253125859225843
1829,19.167,74.815,0.081841,0.20361128907096118
1830,19.168,75.208,0.35086,0.21810031049945924
1831,19.169,73.86,0.1587,0.26505733415689325
1832,19.169,75.21,0.08518200000000001,0.21829366326968272
1833,19.169,73.891,0.21159,0.2606543603359547
1834,19.169,74.34899999999999,0.34381999999999996,0.21351753301878676
1835,19.17,73.891,0.34384000000000003,0.260780338554626
1836,19.17,73.875,0.34334000000000003,0.2630364137550024
1837,19.171,74.72,0.17792,0.20312657597892939
1838,19.171,73.972,0.12469000000000001,0.2500432189041387
1839,19.172,73.92699999999999,0.79348,0.25608719489148446
1840,19.172,73.842,0.8462799999999999,0.26804709567499707
1841,19.173,73.876,0.47608999999999996,0.26327123410236086
1842,19.173,74.742,0.0031413,0.2034521173131866
1843,19.173,74.765,0.0049793,0.20362969531029454
1844,19.174,73.90100000000001,0.15244000000000002,0.2598922923451399
1845,19.175,73.922,0.58186,0.2571419585578617
1846,19.175,74.757,0.016258,0.20378626685362736
1847,19.176,74.702,0.026417000000000003,0.20367926313206478
1848,19.176,74.717,0.23801999999999998,0.20369387805077335
1849,19.176,75.279,0.24559,0.2223883428687399
1850,19.177,73.845,0.34417,0.2682326682657369
1851,19.177,73.559,0.7017399999999999,0.31422249902185684
1852,19.178,74.704,0.34381999999999996,0.20391084190357148
1853,19.178,74.743,0.0061489,0.20402949449078125
1854,19.178,73.79899999999999,0.10572999999999999,0.27519718744910393
1855,19.179000000000002,73.89699999999999,0.026701,0.2610761066578614
1856,19.18,73.855,0.026701,0.26715486572837177
1857,19.18,74.544,0.10572999999999999,0.2062388957321262
1858,19.18,74.777,0.047169,0.20454462100970675
1859,19.18,75.21,0.42103,0.21934510314772185
1860,19.18,75.98899999999999,0.16706,0.238477214903031
1861,19.18,74.641,0.29091999999999996,0.2044594152276015
1862,19.180999999999997,74.543,0.18512,0.20638700434259763
1863,19.180999999999997,74.779,0.020268,0.20468011913358589
1864,19.182000000000002,73.566,0.31735,0.313590856512478
1865,19.182000000000002,73.79899999999999,0.37024,0.27569052679220407
1866,19.182000000000002,73.902,0.026701,0.26076028116526484
1867,19.182000000000002,74.565,0.21159,0.20595746548345986
1868,19.182000000000002,74.57300000000001,0.29095,0.20577812159281653
1869,19.183,74.271,0.2105,0.22070536562129664
1870,19.183,74.755,0.004478,0.204683864060117
1871,19.183,73.929,0.34384000000000003,0.25720686385427605
1872,19.183,73.893,0.026701,0.2621348708010659
1873,19.184,73.863,0.052867,0.26650214922839466
1874,19.184,73.888,0.10522999999999999,0.26295882979090734
1875,19.184,73.891,0.39597,0.26253927039958347
1876,19.184,75.554,0.16371,0.23569069013579005
1877,19.185,73.83800000000001,0.0526,0.2702511480765215
1878,19.185,74.707,0.0039767,0.20472497993902952
1879,19.186,73.844,0.2648,0.26949822965374315
1880,19.186,74.559,0.39671999999999996,0.20658368927281626
1881,19.186,73.938,0.26447,0.2563820857263226
1882,19.186,74.67699999999999,0.17792,0.2049047698043215
1883,19.187,74.676,0.16789,0.2050270570583286
1884,19.188,73.92,0.079318,0.25905071408364755
1885,19.188,73.936,0.79348,0.2569003812402231
1886,19.188,74.57600000000001,0.26447,0.2064378855876248
1887,19.188,73.90899999999999,0.1587,0.2605501640011354
1888,19.189,73.854,0.39681,0.2684197007534911
1889,19.189,73.84,0.9523799999999999,0.2704542291661388
1890,19.189,73.85600000000001,0.39681,0.26813109115404854
1891,19.189,74.845,0.17792,0.206604485384052
1892,19.19,74.594,0.23801999999999998,0.20632201468851544
1893,19.19,73.66,0.13197,0.29868903263849644
1894,19.191,73.96600000000001,0.55542,0.2533481676862792
1895,19.191,73.958,0.44961999999999996,0.2543831599228261
1896,19.191,73.92399999999999,0.29091999999999996,0.2588867933656074
1897,19.191,74.781,0.17792,0.20584299238785544
1898,19.191,76.1,0.13188,0.23438261466852509
1899,19.192,73.874,0.60817,0.2659308047931317
1900,19.192,74.67399999999999,0.17792,0.2056271183041886
1901,19.192,74.764,0.0063995,0.20579129450125225
1902,19.192999999999998,74.38600000000001,0.052867,0.21434603050778692
1903,19.192999999999998,74.76100000000001,0.0082375,0.20588170181905555
1904,19.192999999999998,73.694,0.0526,0.29348999304878975
1905,19.192999999999998,73.874,0.44943999999999995,0.26605531205740296
1906,19.192999999999998,74.76,0.12612,0.2058736758176444
1907,19.194000000000003,74.562,0.052867,0.20748347768583622
1908,19.194000000000003,73.67699999999999,0.079334,0.29637159563482496
1909,19.194000000000003,74.351,0.5554600000000001,0.21653576772964514
1910,19.194000000000003,74.711,0.11525999999999999,0.2057790419366167
1911,19.195,74.551,0.1587,0.20787982292062793
1912,19.195999999999998,73.77,0.079334,0.2818334993647369
1913,19.195999999999998,74.37,0.052867,0.21563909644858328
1914,19.198,73.747,0.18544000000000002,0.28564870346655646
1915,19.198,74.667,0.17792,0.2063799879449533
1916,19.199,73.76100000000001,0.0526,0.2835881882962358
1917,19.2,73.714,0.1587,0.2911067987009317
1918,19.201,74.384,0.34384000000000003,0.2154643828813584
1919,19.201,74.532,0.1755,0.20914101624864626
1920,19.203,73.594,0.1587,0.3112120467443863
1921,19.203,74.678,0.15035,0.2069134526854213
1922,19.203,73.806,0.066803,0.2772106823575635
1923,19.203,74.33800000000001,0.13949,0.21849891566847326
1924,19.204,73.918,0.29095,0.26132672442837745
1925,19.204,74.017,0.23723000000000002,0.24862805137293645
1926,19.205,74.67,0.15703,0.20719646529523209
1927,19.206,73.893,0.31744,0.26500596575611657
1928,19.206,74.38600000000001,0.1587,0.2159825925756941
1929,19.206,74.676,0.17792,0.20728166137004725
1930,19.207,73.892,0.7669100000000001,0.26526910601492315
1931,19.207,74.68,0.1988,0.20738131840434484
1932,19.207,75.337,0.23890999999999998,0.22818730102632692
1933,19.208,73.58,0.50249,0.3141440212871006
1934,19.208,74.547,0.26447,0.20958008693818433
1935,19.209,73.893,0.37006999999999995,0.26537843720861654
1936,19.209,75.625,0.43858,0.24024811591886544
1937,19.21,74.544,0.6875399999999999,0.2099082778851701
1938,19.212,73.758,0.40934,0.28561595683834595
1939,19.212,74.67,0.18878,0.20803589791240187
1940,19.213,74.715,0.1493,0.20802631541717956
1941,19.213,73.904,0.52881,0.2643566504354591
1942,19.215,74.671,0.23055,0.20839052948153183
1943,19.215,74.671,0.17792,0.20839052948153183
1944,19.217,74.221,0.10189,0.22911268624528272
1945,19.217,74.907,0.11517999999999999,0.2111818468067185
1946,19.217,75.167,0.33331,0.2210051308764497
1947,19.218,74.675,0.11525999999999999,0.2087278719070589
1948,19.22,74.756,0.010744,0.2090035170693925
1949,19.222,74.67399999999999,0.17792,0.20921681290101948
1950,19.223,74.535,0.11787,0.21177458387903805
1951,19.223,74.67399999999999,0.18878,0.20933778928456073
1952,19.224,74.69,0.1988,0.20938151346941106
1953,19.224,74.69800000000001,0.16789,0.2093578817545431
1954,19.224,75.453,0.14144,0.23520444508707675
1955,19.224,74.777,0.018965,0.20964317590409845
1956,19.225,74.695,0.15703,0.2094861385795607
1957,19.225,74.667,0.17792,0.20962674029380404
1958,19.225,74.757,0.013334,0.2096029658486707
1959,19.226,74.609,0.44943999999999995,0.21044245711312418
1960,19.227,73.90899999999999,0.58228,0.26540660094484814
1961,19.227,74.609,0.39681,0.21056539875587268
1962,19.230999999999998,74.699,0.17792,0.2102005155830228
1963,19.232,74.686,0.18878,0.2103658220787731
1964,19.234,74.692,0.16789,0.21058478689614138
1965,19.234,75.257,0.09019500000000001,0.22701536490827104
1966,19.237000000000002,75.666,0.24559,0.24388211107575877
1967,19.237000000000002,74.671,0.28803,0.2110597735026424
1968,19.237000000000002,74.692,0.18878,0.21094937904107638
1969,19.239,74.686,0.14701,0.21121762478001452
1970,19.241,74.67,0.1988,0.2115561867270084
1971,19.244,74.696,0.14701,0.21178886415225043
1972,19.244,74.681,0.17792,0.2118539229434743
1973,19.244,75.7,0.16473,0.24526747009117236
1974,19.246,74.891,0.26313000000000003,0.21411937745133794
1975,19.246,74.70100000000001,0.18878,0.21201898928043952
1976,19.247,74.783,0.013166999999999998,0.21243863544435962
1977,19.25,73.848,0.42317,0.27673935727609333
1978,19.25,75.726,0.19384,0.24628175938719035
1979,19.25,75.883,0.38594,0.24675290409040287
1980,19.250999999999998,74.77600000000001,0.14701,0.21285682080468274
1981,19.250999999999998,73.846,0.63474,0.2771461581710063
1982,19.253,74.579,0.15035,0.21438053152680783
1983,19.253,73.84899999999999,0.026417000000000003,0.2769560575049246
1984,19.253,75.208,0.54384,0.2267042576437304
1985,19.254,73.84899999999999,0.079318,0.27707589154495216
1986,19.254,73.84899999999999,0.63474,0.27707589154495216
1987,19.254,76.221,0.084347,0.2312067554297539
1988,19.254,73.84899999999999,0.21159,0.27707589154495216
1989,19.254,73.85,0.079318,0.27693291559000877
1990,19.256,74.673,0.17792,0.2133798457980647
1991,19.256,74.206,0.076828,0.23540526621211447
1992,19.261,74.263,0.083512,0.23127884653741362
1993,19.262,74.946,0.54384,0.2174262430607106
1994,19.266,74.428,0.1755,0.2213967165002584
1995,19.272000000000002,73.875,0.2907,0.27556040490596345
1996,19.273,76.27600000000001,0.35086,0.22786616069584334
1997,19.279,74.193,0.17549,0.2395013045392295
1998,19.28,74.712,0.17792,0.21618517127862383
1999,19.282,74.028,0.4227,0.25709478139737274
2000,19.283,73.532,0.043828,0.33018109025020037
2001,19.283,75.167,0.43858,0.2281431854852435
2002,19.284000000000002,75.926,0.26145999999999997,0.24933313957630335
2003,19.285999999999998,73.683,0.079334,0.30585619772734607
2004,19.285999999999998,75.817,0.35086,0.2504974573204224
2005,19.289,74.863,0.16789,0.21865170539724302
2006,19.289,74.781,0.010076,0.2175333783939111
2007,19.29,75.9,0.40349,0.25035125394144897
2008,19.296,74.499,0.13355999999999998,0.22219342337266304
2009,19.299,73.77199999999999,0.31744,0.29358817171522467
2010,19.3,74.887,0.43858,0.2204712606431837
2011,19.302,75.922,0.40349,0.2511795013785113
2012,19.303,74.796,0.0020636,0.21940006885413357
2013,19.305,74.734,0.074322,0.21929990988586404
2014,19.311,75.173,0.1587,0.23158651115179277
2015,19.315,75.316,0.16873,0.2384809018318065
2016,19.320999999999998,74.69,0.02503,0.22141229001334597
2017,19.320999999999998,75.436,0.091615,0.24444358291964066
2018,19.320999999999998,75.922,0.15454,0.25309497390071667
2019,19.322,74.333,0.6491100000000001,0.234033776930497
2020,19.324,76.286,0.10022,0.2320591544963452
2021,19.331,74.92399999999999,0.093537,0.22511795954165661
2022,19.339000000000002,74.04,0.58186,0.2626873663915801
2023,19.34,74.038,0.34334000000000003,0.26303635711350937
2024,19.34,74.72399999999999,0.1587,0.22371554133798302
2025,19.340999999999998,75.179,0.19296,0.23533432718350913
2026,19.344,75.62,0.14701,0.2534840881532704
2027,19.351,74.094,0.026701,0.2582282196437806
2028,19.352,74.442,0.24559,0.23176392518390168
2029,19.352999999999998,76.2,0.12278,0.24300509687538355
2030,19.355999999999998,75.617,0.1988,0.25470338485304733
2031,19.362000000000002,74.626,0.14926,0.22734257619335355
2032,19.372,75.587,0.22804000000000002,0.2556001497025626
2033,19.373,73.61399999999999,0.15703,0.3255621773174032
2034,19.374000000000002,75.414,0.079334,0.24946055773968548
2035,19.389,74.842,0.1988,0.23077812703778502
2036,19.39,75.646,0.23055,0.25920044429726885
2037,19.391,74.449,0.16764,0.23645469153239787
2038,19.391,75.658,0.17540999999999998,0.25958839459512206
2039,19.395,74.274,0.39671999999999996,0.24744892977351277
2040,19.395,74.256,0.39671999999999996,0.24882071282657162
2041,19.396,74.274,0.47608999999999996,0.24757407672316004
2042,19.396,74.638,0.33331,0.23154387690347447
2043,19.398,74.274,0.81996,0.24782424333321498
2044,19.399,75.686,0.35086,0.2610585974468814
2045,19.4,74.86399999999999,0.07014400000000001,0.2325229253643514
2046,19.403,75.283,0.24559,0.24721540248686716
2047,19.406,74.807,0.18878,0.23252654671531106
2048,19.406,75.406,0.43858,0.25284223013124507
2049,19.407,74.578,0.07014400000000001,0.23409657711516121
2050,19.409000000000002,75.21300000000001,0.43858,0.2449247952999868
2051,19.41,75.717,0.38594,0.26281055853950475
2052,19.410999999999998,74.789,0.15703,0.2330129339722912
2053,19.413,75.376,0.095208,0.2524121709096019
2054,19.417,75.237,0.16706,0.24691860672907143
2055,19.417,75.233,0.31577,0.24674785333799834
2056,19.418,75.126,0.8195399999999999,0.2424763130325385
2057,19.419,75.395,0.13364,0.25391807728868465
2058,19.421,75.598,0.45611999999999997,0.261460153306475
2059,19.421,75.15100000000001,0.40349,0.24383425085291535
2060,19.421,75.301,0.11192,0.2501562695360001
2061,19.425,75.23899999999999,0.31577,0.24797736256197403
2062,19.426,74.01100000000001,0.23139,0.276203176979094
2063,19.426,75.615,0.086853,0.2624998503043102
2064,19.426,75.626,0.08518200000000001,0.2627851518906832
2065,19.429000000000002,75.26899999999999,0.22804000000000002,0.24974684493665558
2066,19.43,75.093,0.055942,0.2427167122113936
2067,19.43,76.645,0.24893,0.1909187248064075
2068,19.430999999999997,75.339,0.11275,0.2529891843040899
2069,19.433,74.418,0.06513200000000001,0.24328604453993932
2070,19.434,75.25,0.26313000000000003,0.2495436137512165
2071,19.436,74.62100000000001,0.12829000000000002,0.23697056187361545
2072,19.436,75.434,0.15787,0.2575173000156764
2073,19.438,75.243,0.15035,0.24973507894194683
2074,19.441,76.061,0.18042,0.2615034625810909
2075,19.445999999999998,76.342,0.28068000000000004,0.23957090113829962
2076,19.445999999999998,74.852,0.11692999999999999,0.23822036004189065
2077,19.445999999999998,75.779,0.093537,0.2675091940832981
2078,19.447,75.258,0.31577,0.2514733476774965
2079,19.448,74.62899999999999,0.29822,0.23838882143241394
2080,19.45,75.2,0.31577,0.24941138197978455
2081,19.453,75.717,0.29822,0.267698271737455
2082,19.453,75.751,0.38594,0.2680999257597284
2083,19.454,75.717,0.28068000000000004,0.267813216338755
2084,19.457,75.506,0.2105,0.2627121367512264
2085,19.458,75.271,0.35086,0.25337266667221015
2086,19.461,75.271,0.40349,0.2537407932587876
2087,19.463,75.237,0.47367,0.25255591444964365
2088,19.467,75.217,0.28068000000000004,0.2522183406954056
2089,19.467,73.81,0.13364,0.30571611041662683
2090,19.467,73.819,0.16455,0.3045046999706116
2091,19.468,75.32300000000001,0.14032,0.2567947425684616
2092,19.469,73.885,0.13949,0.2960713952290793
2093,19.469,75.32300000000001,0.26313000000000003,0.2569168065590085
2094,19.469,74.7,0.45946000000000004,0.24037546611878205
2095,19.473,75.292,0.47367,0.2561006276263167
2096,19.473,73.874,0.16455,0.29787735296100504
2097,19.476,75.304,0.38594,0.25697397432720903
2098,19.477999999999998,75.34100000000001,0.35086,0.25876922336956076
2099,19.479,74.247,0.052867,0.25979098552057145
2100,19.48,75.202,0.11025,0.2532170914359696
2101,19.480999999999998,73.627,0.20965999999999999,0.3328727230278613
2102,19.483,75.014,0.11692999999999999,0.2467323874648474
2103,19.484,75.336,0.45611999999999997,0.2592939133420693
2104,19.484,74.236,0.18512,0.26123635734747463
2105,19.484,74.78399999999999,0.12737,0.24238052240072308
2106,19.486,75.26100000000001,0.35086,0.2564013663749063
2107,19.486,75.291,0.22804000000000002,0.25765704063146844
2108,19.487000000000002,75.295,0.28068000000000004,0.2579477448988897
2109,19.487000000000002,75.308,0.33331,0.25849211530311333
2110,19.487000000000002,75.419,0.45611999999999997,0.26303670598993134
2111,19.487000000000002,75.436,0.26313000000000003,0.2637003561729243
2112,19.487000000000002,74.75,0.09604299999999999,0.2426225325156728
2113,19.487000000000002,75.339,0.43858,0.25978563765298235
2114,19.489,73.9,0.10022,0.2961927633084541
2115,19.489,74.72399999999999,0.16789,0.24287336300727516
2116,19.492,75.317,0.2105,0.2594823685772072
2117,19.492,75.721,0.38594,0.27226739921550214
2118,19.496,75.69,0.3684,0.2722658273102021
2119,19.496,75.704,0.28068000000000004,0.2724922445658098
2120,19.496,75.33800000000001,0.24559,0.2608460944765353
2121,19.497,74.617,0.42103,0.24487291032614614
2122,19.499000000000002,75.32,0.28068000000000004,0.26046736847105756
2123,19.5,74.30199999999999,0.079318,0.25836628605376
2124,19.5,75.2,0.22804000000000002,0.25563018238937096
2125,19.5,75.83,0.14032,0.2737744275437498
2126,19.500999999999998,74.308,0.1851,0.25808817262379935
2127,19.502,74.30199999999999,0.1851,0.25860646661788156
2128,19.502,75.304,0.35086,0.2601710724093933
2129,19.502,74.903,0.24559,0.24631257581528246
2130,19.503,75.83,0.16037,0.27412144267797
2131,19.503,74.306,0.23389000000000001,0.2584606115938225
2132,19.504,74.301,0.052867,0.2589131893749692
2133,19.505,74.308,0.26447,0.25856884987535766
2134,19.506,74.309,0.9356700000000001,0.2586232130629701
2135,19.506,74.31,0.13222,0.25855774148645416
2136,19.507,74.242,0.052867,0.2634887540410019
2137,19.507,74.305,0.026417000000000003,0.25900650970058214
2138,19.508,75.387,0.2105,0.26431398427526553
2139,19.509,74.301,0.39671999999999996,0.25951151184624766
2140,19.509,75.345,0.35086,0.26272878821128287
2141,19.509,74.3,0.23799,0.2595783071045852
2142,19.509,75.337,0.33331,0.2623996257142034
2143,19.511,75.32,0.31577,0.2619435761526745
2144,19.514,74.84,0.050094,0.24679214457891277
2145,19.517,75.317,0.40349,0.26255861922947654
2146,19.517,75.681,0.29822,0.27457188055765214
2147,19.518,75.744,0.42103,0.27556436928131955
2148,19.518,74.32300000000001,0.052867,0.25916212903364455
2149,19.519000000000002,75.69,0.47367,0.2749628288018232
2150,19.52,75.74,0.17540999999999998,0.2757582159932903
2151,19.521,75.768,0.3684,0.27610712218031674
2152,19.524,73.958,0.32579,0.29274236235104245
2153,19.524,75.747,0.15787,0.2762941672035669
2154,19.525,75.35600000000001,0.3684,0.26514103891588126
2155,19.526,75.267,0.35086,0.2616071592018234
2156,19.533,74.783,0.17792,0.24866304138000786
2157,19.534000000000002,75.633,0.24140999999999999,0.2755930998548659
2158,19.534000000000002,75.165,0.35086,0.2585029472498358
2159,19.535999999999998,76.117,0.14032,0.26940681515088805
2160,19.537,75.804,0.28068000000000004,0.2781004377192715
2161,19.538,74.77,0.0079034,0.24922877338069985
2162,19.538,75.286,0.33331,0.2638759885931441
2163,19.538,75.472,0.29822,0.2712093131680109
2164,19.541,76.044,0.29822,0.2737219328799475
2165,19.542,75.435,0.22804000000000002,0.2703271775964142
2166,19.543,75.358,0.33331,0.2674306881772107
2167,19.543,75.365,0.29822,0.2677122212481803
2168,19.543,75.721,0.45611999999999997,0.27823709643605155
2169,19.548,75.249,0.22804000000000002,0.2636036902991403
2170,19.548,76.127,0.15787,0.2701927893528854
2171,19.55,76.087,0.14032,0.27270176963900294
2172,19.552,75.789,0.3684,0.27982246333769645
2173,19.553,75.813,0.26313000000000003,0.279964741314517
2174,19.553,75.92699999999999,0.26313000000000003,0.27879800989217973
2175,19.554000000000002,75.8,0.19296,0.2800784565859753
2176,19.555,75.705,0.26313000000000003,0.2794315066716515
2177,19.558,75.777,0.15787,0.28047813474983285
2178,19.558,75.72399999999999,0.42103,0.2800352647962534
2179,19.561,76.014,0.11025,0.2772389844083788
2180,19.562,74.624,0.45611999999999997,0.252978730001561
2181,19.567,75.283,0.3684,0.2673430467349699
2182,19.569000000000003,75.734,0.29822,0.28143850903254974
2183,19.569000000000003,75.598,0.47367,0.27888937081732346
2184,19.57,75.732,0.060119000000000006,0.2815344829285492
2185,19.570999999999998,74.69800000000001,0.18878,0.2533938573569058
2186,19.573,75.453,0.067638,0.2747571662987105
2187,19.574,75.194,0.12278,0.2646416424920205
2188,19.574,75.767,0.15787,0.2822954498808319
2189,19.575,75.734,0.26313000000000003,0.282141930489787
2190,19.576,75.354,0.35086,0.2713183121436238
2191,19.582,76.529,0.15787,0.2301943857178406
2192,19.584,75.118,0.17540999999999998,0.26301469659790355
2193,19.584,75.604,0.10106,0.2808266422783364
2194,19.585,74.743,0.030043,0.2550901227715816
2195,19.586,75.39699999999999,0.24559,0.27422899246601384
2196,19.587,75.256,0.28068000000000004,0.26872486851368216
2197,19.588,75.911,0.40349,0.28314865187434435
2198,19.590999999999998,76.461,0.33331,0.24152229253541327
2199,19.592,75.762,0.14032,0.28436673678971036
2200,19.592,75.641,0.3684,0.28263971383707376
2201,19.593,75.707,0.3684,0.28392528142576245
2202,19.595,74.616,0.10092999999999999,0.2571900170786241
2203,19.597,74.843,0.17792,0.25738357369519804
2204,19.599,74.87100000000001,0.17792,0.2580630528898422
2205,19.6,74.702,0.12044,0.25699760030598384
2206,19.602999999999998,75.598,0.40349,0.28292786713860585
2207,19.602999999999998,75.60600000000001,0.24559,0.2831296097054956
2208,19.604,74.609,0.15787,0.2584033064747091
2209,19.604,75.19,0.3684,0.2682166857316596
2210,19.604,75.786,0.49121000000000004,0.28587521116373826
2211,19.605,75.377,0.34417,0.2757653688447965
2212,19.612000000000002,75.791,0.3684,0.286815764277888
2213,19.613,75.805,0.50876,0.28694511387511723
2214,19.614,75.604,0.31577,0.2843805519768068
2215,19.615,75.17699999999999,0.15945,0.2690779409780635
2216,19.615,75.796,0.3684,0.28717148356098776
2217,19.615,75.58800000000001,0.2105,0.2840888054957772
2218,19.617,75.611,0.42103,0.28490625240091594
2219,19.618,74.62100000000001,0.33331,0.2599237390010902
2220,19.618,75.604,0.35086,0.2848527559573224
2221,19.618,75.62100000000001,0.26313000000000003,0.285260722674499
2222,19.619,75.597,0.24559,0.284794744729848
2223,19.619,75.637,0.24559,0.28573574104948885
2224,19.62,75.61399999999999,0.42103,0.2853318206890223
2225,19.62,75.664,0.50876,0.28639416679804075
2226,19.621,75.681,0.33331,0.28680979110128957
2227,19.622,75.751,0.38594,0.28778118692396426
2228,19.623,75.59899999999999,0.29822,0.2853173670029876
2229,19.623,75.617,0.43858,0.2857559819068438
2230,19.624000000000002,75.604,0.38594,0.28556014816214004
2231,19.624000000000002,75.66,0.2105,0.2867875923529858
2232,19.625,75.607,0.3684,0.2857516882547023
2233,19.625999999999998,75.59100000000001,0.19296,0.28546645202470755
2234,19.625999999999998,75.611,0.31577,0.2859663364057424
2235,19.627,74.889,0.43858,0.26187958287839974
2236,19.627,76.005,0.29822,0.28515310320509724
2237,19.627,75.766,0.47367,0.28845897457314607
2238,19.628,76.17399999999999,0.28068000000000004,0.27629163890464425
2239,19.628,75.592,0.26313000000000003,0.2857280659588679
2240,19.633,75.612,0.33331,0.28681286706381626
2241,19.637,75.27600000000001,0.2105,0.2756642615503847
2242,19.637,75.211,0.15503,0.27310022302365555
2243,19.637,75.696,0.31577,0.2889079523820087
2244,19.637,75.58800000000001,0.38594,0.2866836032078104
2245,19.637,75.618,0.22804000000000002,0.28742308473651224
2246,19.637999999999998,75.673,0.28068000000000004,0.2886574404354596
2247,19.639,75.602,0.17540999999999998,0.28727396142280304
2248,19.639,75.624,0.33331,0.28779456577406504
2249,19.639,75.643,0.29822,0.2882049407943603
2250,19.64,75.275,0.22804000000000002,0.2759896265201647
2251,19.641,75.262,0.066936,0.2755956965735391
2252,19.641,75.61399999999999,0.31577,0.2877979676414161
2253,19.643,75.58800000000001,0.22804000000000002,0.28738821017124283
2254,19.645,75.697,0.35086,0.28985025644600415
2255,19.646,75.735,0.29822,0.29042069978666174
2256,19.648,75.627,0.26313000000000003,0.2889127143808513
2257,19.649,75.589,0.40349,0.2881171596295794
2258,19.649,75.604,0.3684,0.288493737702888
2259,19.65,75.692,0.3684,0.29035574934422403
2260,19.65,75.58800000000001,0.42103,0.2882083499979964
2261,19.65,75.604,0.2105,0.28861055242962985
2262,19.651,75.586,0.26313000000000003,0.28827343764135716
2263,19.651,75.642,0.3684,0.28958230780268546
2264,19.651,75.672,0.28068000000000004,0.2901498692880963
2265,19.651,76.12,0.31577,0.2824417990103807
2266,19.652,75.655,0.11025,0.28995648013649244
2267,19.652,75.58800000000001,0.35086,0.28844227918542475
2268,19.652,75.598,0.3684,0.28869617148907045
2269,19.653,75.20100000000001,0.40349,0.2746663429310021
2270,19.653,75.03399999999999,0.33331,0.26875743890587234
2271,19.653,75.58800000000001,0.2105,0.28855917544819243
2272,19.654,75.431,0.42103,0.28370001491674945
2273,19.656,75.709,0.31577,0.2912833196810084
2274,19.658,75.67399999999999,0.42103,0.29099379895820676
2275,19.659000000000002,75.7,0.29822,0.2915092007524087
2276,19.66,75.57,0.22804000000000002,0.28889852241586245
2277,19.66,75.617,0.22804000000000002,0.29008333927476204
2278,19.66,75.221,0.31577,0.2762921006459754
2279,19.663,75.634,0.24559,0.2908072889069163
2280,19.663,75.7,0.40349,0.291969325320828
2281,19.665,75.687,0.19296,0.2920101236752872
2282,19.665,75.693,0.42103,0.29209986633720686
2283,19.666,75.648,0.2105,0.29144082048617437
2284,19.666,75.281,0.26313000000000003,0.27937202454231336
2285,19.668,75.34100000000001,0.35086,0.28196604460559194
2286,19.671,75.27199999999999,0.40349,0.27961840580606456
2287,19.674,75.256,0.38594,0.27934989529411625
2288,19.674,76.146,0.091031,0.2834071267462912
2289,19.674,75.179,0.35086,0.2763721784563349
2290,19.675,75.17699999999999,0.42103,0.2764172875149504
2291,19.675,75.632,0.17540999999999998,0.2921504206159041
2292,19.676,75.13,0.18336,0.2747998928689127
2293,19.676,75.357,0.22804000000000002,0.2835380722244858
2294,19.677,75.227,0.33331,0.2785771530982909
2295,19.679000000000002,75.69800000000001,0.3684,0.29377400715851176
2296,19.682000000000002,75.705,0.3684,0.2942094835116239
2297,19.683,75.31,0.42103,0.28254437649068775
2298,19.684,75.256,0.49121000000000004,0.28054737910377503
2299,19.684,74.83,0.12111,0.26790127366539973
2300,19.685,76.335,0.35086,0.2682364687545611
2301,19.685,74.168,0.0028739,0.2881890172075491
2302,19.685,76.175,0.24559,0.2826510709526935
2303,19.686,73.843,0.079334,0.31958566062898064
2304,19.686,73.844,0.44943999999999995,0.31947268190094646
2305,19.686,73.846,0.2648,0.3192469742065719
2306,19.686,75.255,0.47367,0.28074701594443197
2307,19.686,73.845,0.52881,0.31935978635852336
2308,19.687,74.85,0.17792,0.26854320564740375
2309,19.688,74.617,0.22804000000000002,0.2682723864200204
2310,19.688,75.24,0.33331,0.2804002197233839
2311,19.688,75.292,0.13698,0.2824342055475647
2312,19.689,75.37899999999999,0.15192,0.2859144643644933
2313,19.69,75.21600000000001,0.35086,0.27970843108465837
2314,19.691,75.708,0.33331,0.2952693092641082
2315,19.695999999999998,75.21300000000001,0.3684,0.2803081922191948
2316,19.697,74.646,0.15369000000000002,0.26899068208604326
2317,19.704,75.686,0.24559,0.2964360701972736
2318,19.705,74.63,0.38594,0.2700669954790027
2319,19.706,75.563,0.33331,0.29402242106273135
2320,19.707,75.286,0.3684,0.2844456438254791
2321,19.709,75.27,0.2105,0.284057290588273
2322,19.709,75.258,0.35086,0.2835901160911818
2323,19.711,75.319,0.54384,0.28619725699958387
2324,19.714000000000002,75.226,0.42103,0.2829386526454457
2325,19.715,75.703,0.28068000000000004,0.2979053063135878
2326,19.715999999999998,74.77600000000001,0.07014400000000001,0.2711238067094678
2327,19.717,75.434,0.29822,0.2911903014265915
2328,19.718,75.48100000000001,0.12829000000000002,0.29291254259104305
2329,19.719,75.435,0.40349,0.2914556678272312
2330,19.723,75.273,0.33331,0.2858125432789659
2331,19.723,73.97800000000001,0.37006999999999995,0.3080129594905928
2332,19.726,75.709,0.24559,0.29920234593107775
2333,19.727999999999998,75.434,0.17540999999999998,0.29245173081270237
2334,19.730999999999998,74.611,0.42103,0.2732152412260106
2335,19.730999999999998,75.719,0.26313000000000003,0.2998669802340447
2336,19.730999999999998,75.594,0.28068000000000004,0.2976468507117087
2337,19.730999999999998,75.64,0.24559,0.2986596255739721
2338,19.736,75.89,0.13530999999999999,0.30014872330777864
2339,19.736,75.593,0.15787,0.29818088963410794
2340,19.737000000000002,75.63600000000001,0.19296,0.29924618433511707
2341,19.739,76.018,0.29822,0.2971001613443558
2342,19.739,73.61399999999999,0.16789,0.3492383714188926
2343,19.739,74.876,0.10022,0.27509732387199315
2344,19.74,74.63,0.29822,0.27399719757197083
2345,19.741,74.972,0.074322,0.27750089701194214
2346,19.746,74.52199999999999,0.17288,0.276478035377674
2347,19.748,74.632,0.15787,0.2748582191423098
2348,19.750999999999998,74.017,0.5289699999999999,0.3064323526624647
2349,19.750999999999998,74.301,0.26447,0.2856825181215267
2350,19.750999999999998,75.704,0.3684,0.30188539680042914
2351,19.757,75.581,0.3684,0.30020869466273636
2352,19.759,74.017,0.29095,0.3070146905169344
2353,19.764,75.438,0.31577,0.2966489947391435
2354,19.764,75.468,0.35086,0.2976642085747968
2355,19.765,74.595,0.12046,0.2771216350715414
2356,19.766,74.6,0.1186,0.27716162987919435
2357,19.767,75.27199999999999,0.22804000000000002,0.2908176509995487
2358,19.767,74.168,0.4227,0.2954808447418519
2359,19.767,75.76100000000001,0.14032,0.3040888681268016
2360,19.769000000000002,75.259,0.47367,0.2905436733006711
2361,19.769000000000002,75.435,0.17540999999999998,0.2970994756122082
2362,19.771,75.256,0.24559,0.29065355648651403
2363,19.772000000000002,75.238,0.43858,0.29007676912683555
2364,19.772000000000002,75.247,0.28068000000000004,0.29042106526783884
2365,19.772000000000002,75.244,0.3684,0.29030622952499474
2366,19.772000000000002,75.258,0.42103,0.29084259196092355
2367,19.773,75.929,0.15787,0.3033570898064133
2368,19.776,75.24600000000001,0.22804000000000002,0.2908315207859591
2369,19.776,75.248,0.29822,0.29090803514196983
2370,19.778,75.243,0.004478,0.2909406231630265
2371,19.778,75.243,0.3684,0.2909406231630265
2372,19.78,74.806,0.064296,0.2786660656679013
2373,19.781,75.266,0.28068000000000004,0.29215540104176385
2374,19.783,75.241,0.31577,0.29142208177386364
2375,19.783,74.789,0.13614,0.2788084236561159
2376,19.784000000000002,75.242,0.35086,0.29157150584256364
2377,19.784000000000002,75.617,0.40349,0.30396751429239277
2378,19.785,74.184,0.50249,0.2958556261097699
2379,19.785999999999998,75.434,0.31577,0.29893198464696547
2380,19.785999999999998,75.215,0.38594,0.29076748143252085
2381,19.79,75.33,0.26313000000000003,0.29558873149006715
2382,19.792,76.59899999999999,0.29822,0.24291414582767704
2383,19.793,75.275,0.33331,0.2938275576267454
2384,19.794,75.248,0.35086,0.2929070368030867
2385,19.799,74.564,0.14432999999999999,0.2811208455047173
2386,19.801,75.286,0.22804000000000002,0.29512326685111223
2387,19.802,76.01100000000001,0.43858,0.30390123144413794
2388,19.802,74.183,0.71344,0.2972914616003406
2389,19.805,75.288,0.38594,0.2956346686322884
2390,19.805999999999997,75.291,0.29822,0.29585724868051777
2391,19.805999999999997,75.294,0.33331,0.29597123019013505
2392,19.808,75.293,0.31577,0.29614990200208213
2393,19.809,75.29,0.2105,0.29614414620547547
2394,19.811,75.296,0.26313000000000003,0.2965878575415437
2395,19.812,75.292,0.3684,0.2965439477192412
2396,19.812,75.292,0.3684,0.2965439477192412
2397,19.814,75.297,0.3684,0.29694881247801164
2398,19.814,75.297,0.35086,0.29694881247801164
2399,19.816,75.29899999999999,0.31577,0.29723932296234
2400,19.819000000000003,75.29899999999999,0.19296,0.2975606039188914
2401,19.820999999999998,75.289,0.22804000000000002,0.29739578000712374
2402,19.820999999999998,74.877,0.2148,0.2842268615493525
2403,19.820999999999998,75.297,0.3684,0.2976985946045678
2404,19.820999999999998,75.313,0.49121000000000004,0.29830243616764274
2405,19.823,75.295,0.28068000000000004,0.29783616327385865
2406,19.823,75.328,0.40349,0.2990781273012315
2407,19.823,75.289,0.26313000000000003,0.29760911576205495
2408,19.827,75.291,0.31577,0.29811002832433253
2409,19.828,75.309,0.47367,0.298895069368865
2410,19.831,75.306,0.3684,0.29909901853537313
2411,19.833,75.626,0.22804000000000002,0.3092465186499277
2412,19.833,75.969,0.49121000000000004,0.30836395171513464
2413,19.834,74.083,0.9523799999999999,0.3067546796771381
2414,19.839000000000002,75.059,0.11525999999999999,0.29097000002094275
2415,19.839000000000002,75.066,0.17959,0.29119857479391553
2416,19.84,74.983,0.091866,0.28877075169873845
2417,19.845,74.982,0.033811,0.28926693213699806
2418,19.845,74.972,0.15285,0.28899107537371094
2419,19.846,75.066,0.13530999999999999,0.2919346453495555
2420,19.857,75.059,0.050211,0.29285002936695004
2421,19.858,74.679,0.15703,0.2860431075977956
2422,19.86,76.172,0.35086,0.3008478283165764
2423,19.86,75.25399999999999,0.10022,0.30015257911995274
2424,19.861,75.251,0.3684,0.30014193044944415
2425,19.862000000000002,75.256,0.33331,0.30043217147468193
2426,19.863,75.253,0.35086,0.30042128416454494
2427,19.863,75.25399999999999,0.15787,0.3004588991335253
2428,19.863,75.255,0.31577,0.3004965155360587
2429,19.863,75.256,0.38594,0.3005341331085746
2430,19.863,75.255,0.087689,0.3004965155360587
2431,19.863,75.257,0.3684,0.300571751586738
2432,19.863,75.255,0.26313000000000003,0.3004965155360587
2433,19.863,75.258,0.3684,0.3006093707083506
2434,19.865,75.26899999999999,0.28068000000000004,0.3012264734823277
2435,19.867,75.719,0.38594,0.31392879618501823
2436,19.868,73.99600000000001,0.31735,0.3156390170553759
2437,19.872,75.251,0.33331,0.30125815921653065
2438,19.884,75.719,0.29822,0.3155296152299675
2439,19.908,75.77600000000001,0.28068000000000004,0.31797320365293
2440,19.923,73.61399999999999,0.14826,0.3523830746908657
2441,19.934,74.017,0.39671999999999996,0.31719504744565374
2442,19.934,75.71600000000001,0.38594,0.319968880048659
2443,19.935,74.392,0.09428099999999999,0.2972419212135895
2444,19.938,74.942,0.16764,0.29730452674862673
2445,19.942,74.734,0.14701,0.2939987298355051
2446,19.942,74.22,0.11263,0.30487266222427745
2447,19.945,75.808,0.40349,0.3210744617154063
2448,19.955,75.204,0.29822,0.30739890498344535
2449,19.957,75.717,0.50876,0.3218987812906551
2450,19.961,75.24,0.35086,0.30925432402057795
2451,19.964000000000002,75.29,0.14400000000000002,0.3113546815192232
2452,19.967,75.53399999999999,0.21718,0.3195361523851282
2453,19.97,75.993,0.45611999999999997,0.3194673412367982
2454,19.972,74.729,0.16789,0.2964807895312209
2455,19.972,73.831,0.23799,0.33305395793080506
2456,19.976,75.967,0.28068000000000004,0.3207766171221509
2457,19.989,74.893,0.20965999999999999,0.30052588035479577
2458,19.989,75.421,0.31577,0.3180235674246398
2459,19.992,74.89699999999999,0.1988,0.3008652977239372
2460,19.993,74.88600000000001,0.15703,0.3006933494894596
2461,19.994,75.236,0.49121000000000004,0.3119136720843454
2462,20.018,74.169,0.39597,0.311393604356193
2463,20.027,74.639,0.45611999999999997,0.300212743285139
2464,20.038,75.92,0.28068000000000004,0.3263339934565568
2465,20.072,75.165,0.28068000000000004,0.31524728300966853
2466,20.077,75.01100000000001,0.20965999999999999,0.3103940189711246
2467,20.08,74.118,0.7669100000000001,0.3161575626232179
2468,20.081,74.61399999999999,0.5263,0.3036585428755756
2469,20.088,75.421,0.28068000000000004,0.32516146035765303
2470,20.093,74.077,0.18878,0.3185945516469052
2471,20.1,76.66199999999999,0.2105,0.2568845585836582
2472,20.105,75.238,0.40349,0.32001467193523725
2473,20.112000000000002,75.278,0.35086,0.3218584427820359
2474,20.149,74.639,0.14144,0.30734458522753083
2475,20.189,75.53399999999999,0.28068000000000004,0.3333285763308106
2476,20.202,75.956,0.09604299999999999,0.33280224461093955
2477,20.218,74.048,0.13197,0.3210826317548158
2478,20.218,74.05,0.8462799999999999,0.320995594985225
2479,20.225,74.086,0.13197,0.31947065331159863
2480,20.225,74.089,0.13197,0.319350395279127
2481,20.225,74.09100000000001,0.10607,0.31927059602973085
2482,20.234,74.093,0.10607,0.3191737696222672
2483,20.236,74.094,0.5029100000000001,0.3191292581740459
2484,20.236,74.07,0.39681,0.3200775151759463
2485,20.238,74.084,0.44943999999999995,0.31951110492703516
2486,20.238,74.09,0.31744,0.31927728102425923
2487,20.238,74.084,0.1587,0.31951110492703516
2488,20.239,73.896,0.23799,0.32801362332299844
2489,20.24,74.04,0.31744,0.32128759822313113
2490,20.24,74.071,0.13197,0.32001549068867186
2491,20.242,74.079,0.5029100000000001,0.31968770301944727
2492,20.242,74.113,0.5555399999999999,0.3183973007844898
2493,20.244,74.093,0.58228,0.31913731412588475
2494,20.246,73.899,0.1587,0.3277012337692339
2495,20.247,74.09899999999999,0.42353999999999997,0.31889772301683605
2496,20.248,74.077,0.0526,0.3197293676836136
2497,20.25,74.096,0.71428,0.31899464852010884
2498,20.256,74.061,0.52881,0.3202885737197655
2499,20.257,74.071,0.8195399999999999,0.319891191363989
2500,20.259,74.056,0.60817,0.3204546348678581
2501,20.267,74.065,0.23806999999999998,0.3200202400546439
2502,20.273,74.03,0.18544000000000002,0.3213000292959626
2503,20.273,74.069,0.34417,0.3198008681561493
2504,20.275,74.066,0.58228,0.3198879176303391
2505,20.301,76.096,0.49121000000000004,0.32766962730752947
2506,20.307000000000002,75.422,0.45611999999999997,0.33378848366781344
2507,20.325,75.222,0.54384,0.32798713748463104
2508,20.325,76.141,0.24559,0.3246855495271631
2509,20.33,75.85600000000001,0.45611999999999997,0.33685291688873553
2510,20.337,75.929,0.43858,0.334979211460007
2511,20.35,75.998,0.29095,0.3323128448720618
2512,20.351,74.06,0.6349100000000001,0.3186064265170713
2513,20.354,76.40899999999999,0.21134,0.2988840364781108
2514,20.355,74.02600000000001,0.34417,0.3195716760819113
2515,20.361,73.505,0.3684,0.3403296364549284
2516,20.364,73.999,0.47608999999999996,0.3201694383828374
2517,20.368,74.084,0.18544000000000002,0.31744053704514263
2518,20.368,74.25,0.74058,0.3136955714413526
2519,20.371,74.02600000000001,0.47617,0.31906650041852924
2520,20.375,74.002,0.39671999999999996,0.3196870235450636
2521,20.375999999999998,74.045,0.079334,0.3183266391852292
2522,20.379,74.257,0.23799,0.31340842159906523
2523,20.379,74.257,0.21159,0.31340842159906523
2524,20.379,74.257,0.23799,0.31340842159906523
2525,20.379,74.258,0.37027,0.313392932196235
2526,20.385,73.99,0.18544000000000002,0.3196981605301056
2527,20.385,74.255,0.37027,0.31333579798808653
2528,20.387,73.832,0.31737,0.3251378060730401
2529,20.387999999999998,74.263,0.39671999999999996,0.3131630409974442
2530,20.387999999999998,74.045,0.52881,0.3179281894159883
2531,20.387999999999998,74.07600000000001,0.5029100000000001,0.3170685949393286
2532,20.387999999999998,74.263,0.23801,0.3131630409974442
2533,20.391,73.725,0.11692999999999999,0.32903862786618476
2534,20.392,73.847,0.47608999999999996,0.32431058240977284
2535,20.394000000000002,73.384,0.71413,0.3416365263107948
2536,20.401,74.024,0.2648,0.3180578419625081
2537,20.406,73.84899999999999,0.39671999999999996,0.3234774256549495
2538,20.412,74.37100000000001,0.21156999999999998,0.3116923661378469
2539,20.414,75.487,0.28068000000000004,0.3353140663677271
2540,20.417,73.969,0.39681,0.31899558749853785
2541,20.417,73.98899999999999,0.37006999999999995,0.31840762463924577
2542,20.418,74.03699999999999,0.18544000000000002,0.3170342036222342
2543,20.422,74.23100000000001,0.18512,0.3128780833542144
2544,20.435,75.167,0.35086,0.326431816032539
2545,20.435,73.97,0.8462799999999999,0.31811677731834487
2546,20.442999999999998,76.29,0.19296,0.3092147767532769
2547,20.444000000000003,75.632,0.2105,0.33652653014337697
2548,20.454,74.87,0.2907,0.31729790356469934
2549,20.465999999999998,74.593,0.026417000000000003,0.3116313174947596
2550,20.474,75.486,0.40349,0.3340056586457274
2551,20.476,75.627,0.45611999999999997,0.3355242978754124
2552,20.479,74.352,0.18512,0.31023622376951354
2553,20.488000000000003,74.758,0.58186,0.3140565304750561
2554,20.498,76.303,0.50876,0.3050892290834911
2555,20.5,74.494,0.1755,0.3099119955355967
2556,20.5,75.161,0.31577,0.32506505424507315
2557,20.505,73.722,0.7017399999999999,0.32064450076746953
2558,20.526,73.882,0.21159,0.31495069127563347
2559,20.531999999999996,73.888,0.21159,0.31438958560586416
2560,20.534000000000002,73.862,0.8199299999999999,0.31483443417850443
2561,20.541,74.529,0.66123,0.3089342387325883
2562,20.541999999999998,76.24600000000001,0.13364,0.3077142299874772
2563,20.551,73.968,0.23799,0.3114392140374984
2564,20.552,73.78399999999999,0.66123,0.3152001789203619
2565,20.555,75.942,0.076828,0.32644463954173997
2566,20.555,73.809,0.74059,0.31439866693870633
2567,20.557,73.795,0.079318,0.3145413865253941
2568,20.558000000000003,73.791,0.13222,0.3145458697060538
2569,20.561,74.407,0.92564,0.30730394012142204
2570,20.561,74.539,0.23799,0.3083119204123401
2571,20.561,74.539,0.1851,0.3083119204123401
2572,20.568,73.998,0.8730100000000001,0.3097780063280723
2573,20.573,74.406,0.31737,0.3067762344413052
2574,20.576,74.017,0.079318,0.30894594087231786
2575,20.590999999999998,73.997,0.18512,0.30820583171147076
2576,20.590999999999998,73.997,0.079318,0.30820583171147076
2577,20.593000000000004,73.999,0.66123,0.308035428725681
2578,20.593000000000004,73.998,0.58186,0.308049697210521
2579,20.594,73.998,0.1851,0.3079786331423099
2580,20.594,73.933,0.21159,0.3089670377755305
