,lat,long,actual,predicted
0,17.895,73.40100000000001,0.63157,0.16947312668757591
1,17.913,74.64,0.16764,0.25161620017258457
2,17.947,74.874,0.22804000000000002,0.28639809695181656
3,17.951,74.846,0.14032,0.2798516174585441
4,17.951,74.848,0.5263,0.2802316214250392
5,17.952,74.848,0.54384,0.27993494601567137
6,17.952,74.851,0.54384,0.28050449195132
7,17.955,74.861,0.2105,0.2815084067959972
8,17.956,74.873,0.49121000000000004,0.28348350351461143
9,17.956,74.874,0.26313000000000003,0.2836730919951947
10,17.956,74.877,0.15787,0.2842419950469915
11,17.958,74.891,0.28068000000000004,0.2862907126548911
12,17.958,74.872,0.49121000000000004,0.28269411871662037
13,17.959,74.854,0.22804000000000002,0.2789998434283545
14,17.96,74.859,0.29822,0.2796461758086474
15,17.96,74.914,0.07014400000000001,0.2900347839511865
16,17.962,74.903,0.14032,0.28734262315740844
17,17.963,74.867,0.40349,0.2802628971354699
18,17.964000000000002,74.857,0.19296,0.2780927773410503
19,17.964000000000002,74.874,0.19296,0.281280597287953
20,17.964000000000002,74.867,0.24559,0.27996698845063733
21,17.965,74.88,0.31577,0.2821090338283748
22,17.965,74.892,0.38594,0.28436238955781096
23,17.968,74.868,0.24559,0.2789743742790452
24,17.968,74.89399999999999,0.31577,0.2838358091140175
25,17.969,74.905,0.35086,0.285593979804693
26,17.97,74.891,0.17540999999999998,0.2826761262053767
27,17.971,74.887,0.31577,0.2816318900397526
28,17.971,74.913,0.45611999999999997,0.28648463770819327
29,17.974,74.876,0.28068000000000004,0.27870031391889644
30,17.976,74.86399999999999,0.19296,0.2758959380230613
31,17.976,74.872,0.19296,0.2773744723889014
32,17.977,74.887,0.22804000000000002,0.2798564582655942
33,17.977,74.862,0.35086,0.27523753138583673
34,17.977,74.891,0.087689,0.28059688265697474
35,17.977999999999998,74.906,0.45611999999999997,0.28307735953324853
36,17.979,74.866,0.2105,0.27539672102292406
37,17.98,74.863,0.38594,0.2745566656354056
38,17.98,74.893,0.17540999999999998,0.2800813576663014
39,17.982,74.907,0.22804000000000002,0.28207144848725696
40,17.983,74.885,0.17540999999999998,0.27772950416765274
41,17.984,74.902,0.42103,0.28055956170662383
42,17.984,74.882,0.19296,0.2768880429679572
43,17.985,74.892,0.15787,0.27843038356360045
44,17.986,74.891,0.22971999999999998,0.27795528891608495
45,17.986,74.884,0.24559,0.2766740435328229
46,17.987000000000002,74.869,0.17540999999999998,0.27364632771359604
47,17.987000000000002,74.904,0.24559,0.2800431215127714
48,17.987000000000002,74.906,0.24559,0.28040939831604555
49,17.988,74.88600000000001,0.42103,0.2764600865962173
50,17.992,74.865,0.19296,0.2714968987795693
51,17.992,74.889,0.43858,0.2758505880941259
52,17.993,74.88,0.50876,0.27392993066369026
53,17.994,74.884,0.22804000000000002,0.27436857121525954
54,17.995,74.89,0.28068000000000004,0.2751683331569205
55,17.996,74.887,0.3684,0.27433880463576066
56,17.996,74.895,0.29822,0.2757857010078928
57,17.996,74.869,0.28068000000000004,0.2710892724474513
58,17.996,74.873,0.3684,0.2718105879795527
59,17.997,74.896,0.26313000000000003,0.27567864738564823
60,17.998,74.863,0.22804000000000002,0.2694475835814234
61,17.999000000000002,74.86399999999999,0.35086,0.2693473023754397
62,17.999000000000002,74.889,0.3684,0.27384237610785966
63,17.999000000000002,74.873,0.5989800000000001,0.2709634003742939
64,18.0,74.89399999999999,0.29822,0.27445714566216783
65,18.0,74.896,0.29822,0.27481725861755024
66,18.0,73.5,0.21300999999999998,0.17217577716877525
67,18.002,74.868,0.29822,0.2692254098507627
68,18.004,74.907,0.5789300000000001,0.27564720561578115
69,18.007,74.866,0.56139,0.2674790531752329
70,18.008,74.865,0.19296,0.2670252078131865
71,18.009,74.87100000000001,0.28068000000000004,0.26781314954622604
72,18.01,74.872,0.35086,0.26771364993009106
73,18.011,74.967,0.38594,0.284336792437925
74,18.012,74.869,0.45611999999999997,0.266631092944113
75,18.014,74.868,0.5263,0.2659055454618895
76,18.015,74.867,0.43858,0.26545582963547754
77,18.016,74.161,0.22804000000000002,0.1705565479363219
78,18.017,74.859,0.50876,0.2635076233155973
79,18.018,74.97399999999999,0.22804000000000002,0.28350624466414487
80,18.019000000000002,74.959,0.42103,0.2805638288969535
81,18.021,74.97399999999999,0.12278,0.2826226671551251
82,18.022000000000002,74.865,0.33331,0.26320449815030555
83,18.024,74.862,0.26313000000000003,0.2621444815344698
84,18.024,74.866,0.5263,0.26283951183284404
85,18.026,74.85600000000001,0.3684,0.2605701189730132
86,18.027,74.85,0.35086,0.2592684734782357
87,18.028,74.854,0.17540999999999998,0.2596938840987264
88,18.029,74.97800000000001,0.45611999999999997,0.2809838001126367
89,18.029,74.995,0.5263,0.2839457882685549
90,18.029,74.869,0.26313000000000003,0.2620173722625704
91,18.03,74.855,0.5789300000000001,0.25933731108093727
92,18.03,74.85,0.25895999999999997,0.2584776356661659
93,18.031,74.971,0.31577,0.2791849215314852
94,18.031,74.855,0.61402,0.2590734437859945
95,18.032,74.857,0.33331,0.259153286417264
96,18.032,74.86,0.40349,0.2596685114496412
97,18.035,74.967,0.56139,0.27734107621767345
98,18.035999999999998,75.554,0.42103,0.3627774455924021
99,18.035999999999998,74.861,0.29822,0.2587856063254317
100,18.035999999999998,75.54899999999999,0.5263,0.36230803283979485
101,18.037,74.857,0.56139,0.25784044984065646
102,18.037,74.965,0.24559,0.27642432086229685
103,18.038,74.859,0.19296,0.25791994786926153
104,18.04,75.21300000000001,0.38594,0.3170712622682664
105,18.041,74.862,0.31577,0.25764690615481756
106,18.041,74.85600000000001,0.2105,0.2566284151590804
107,18.043,74.074,0.2105,0.16374890145922316
108,18.044,74.851,0.56139,0.25500770359461733
109,18.044,74.958,0.28068000000000004,0.2732428847508487
110,18.044,75.561,0.29822,0.3604467192248493
111,18.051,74.801,0.43858,0.24492876503531202
112,18.051,74.889,0.19296,0.25960151316892255
113,18.052,74.803,0.29822,0.24501453038029752
114,18.054000000000002,74.183,0.45611999999999997,0.16882234865866375
115,18.054000000000002,75.571,0.45611999999999997,0.35765614814126667
116,18.055999999999997,74.889,0.42103,0.2582951659316186
117,18.055999999999997,74.889,0.14032,0.2582951659316186
118,18.058,74.461,0.11192,0.19420188568117125
119,18.06,74.899,0.17540999999999998,0.2589268579244476
120,18.061,74.446,0.20549,0.19197530077712144
121,18.063,74.45,0.05184,0.19213969225294147
122,18.063,74.462,0.14365999999999998,0.19354878882400517
123,18.063,74.891,0.42103,0.25681705900751073
124,18.063,74.903,0.26313000000000003,0.25881301068015106
125,18.065,74.447,0.0024729,0.19149280295384896
126,18.067,74.45,0.14533,0.1915407295690763
127,18.067999999999998,74.446,0.09019500000000001,0.19093319789866248
128,18.07,74.46300000000001,0.09019500000000001,0.19259917395148418
129,18.070999999999998,74.807,0.24559,0.2411203491111198
130,18.072,74.453,0.21468,0.19114309434461696
131,18.074,74.45,0.20549,0.19050672699231808
132,18.074,74.44800000000001,0.14365999999999998,0.1902801541512984
133,18.075,74.888,0.31577,0.25326833167386875
134,18.076,74.45,0.057913,0.19021461004512763
135,18.077,74.46,0.11275,0.19120491887472402
136,18.079,74.086,0.22804000000000002,0.162368719729172
137,18.079,74.803,0.17549,0.23861765219569342
138,18.079,74.449,0.14365999999999998,0.1896671204209719
139,18.08,74.458,0.20549,0.19053576388139226
140,18.085,75.571,0.40349,0.34655848558909463
141,18.085,74.449,0.091031,0.1888077652449437
142,18.090999999999998,74.893,0.43858,0.2501007476962548
143,18.099,75.509,0.11192,0.3360510938866753
144,18.105,74.878,0.10522999999999999,0.24435137217719283
145,18.105999999999998,75.119,0.10022,0.2821509624764137
146,18.111,75.065,0.14365999999999998,0.2723495162974926
147,18.118,74.359,0.11818,0.1759054780311473
148,18.125999999999998,73.734,0.060119000000000006,0.16615456876912493
149,18.128,74.99600000000001,0.26313000000000003,0.25717695914071215
150,18.128,75.87100000000001,0.10858,0.34331132386092766
151,18.142,74.43,0.14926,0.17950988013916758
152,18.145,75.999,0.062625,0.33319946913780374
153,18.148,75.03699999999999,0.31577,0.25846009661667557
154,18.15,73.876,0.16915,0.16107075952828054
155,18.15,75.007,0.14032,0.25345191002850864
156,18.152,74.422,0.16756,0.1776476946276654
157,18.152,74.437,0.15454,0.17899552059505675
158,18.155,74.426,0.13832,0.17766827521074158
159,18.157,74.431,0.13097,0.17788911229405557
160,18.157,74.848,0.15163,0.2283095202763784
161,18.158,74.01,0.17332,0.15899106522394912
162,18.158,74.015,0.17123,0.1589838378252446
163,18.158,74.016,0.23389000000000001,0.1589830699697532
164,18.158,74.017,0.27149,0.15898252804370017
165,18.159000000000002,74.436,0.14926,0.17811117889328576
166,18.162,75.194,0.26313000000000003,0.277847342191737
167,18.167,73.984,0.22554000000000002,0.1591282134447075
168,18.167,73.984,0.15035,0.1591282134447075
169,18.167,73.994,0.17959,0.15903891175657436
170,18.168,74.763,0.13097,0.21426757102801053
171,18.168,75.161,0.47367,0.27159590726878124
172,18.169,75.188,0.31577,0.27514680455739293
173,18.17,74.79,0.17549,0.217567348959526
174,18.17,74.40899999999999,0.12996,0.1746290719357645
175,18.172,74.42699999999999,0.14140999999999998,0.1759164000658502
176,18.173,73.903,0.10858,0.1608069156377412
177,18.174,75.166,0.5789300000000001,0.2707523186948223
178,18.175,73.758,0.18794,0.16743982908346677
179,18.175,73.95,0.24015999999999998,0.15968936979313764
180,18.175,73.995,0.1963,0.1590348378529317
181,18.175,73.997,0.14199,0.15901626588295803
182,18.175,74.0,0.22971999999999998,0.1589900917949103
183,18.175,74.025,0.12111,0.15885067202226544
184,18.176,74.785,0.16764,0.21575992586474846
185,18.176,75.188,0.42103,0.2733153116484386
186,18.177,74.029,0.083512,0.1588284941815934
187,18.177,75.179,0.3684,0.27180232764624435
188,18.177,74.03,0.16288,0.15882626266445288
189,18.178,74.017,0.12111,0.15886965881856574
190,18.178,74.381,0.099469,0.1716762167323267
191,18.179000000000002,74.281,0.10477,0.16522247863282902
192,18.179000000000002,74.61399999999999,0.13555999999999999,0.19376388740995887
193,18.179000000000002,74.032,0.14199,0.158809142642253
194,18.18,75.172,0.26313000000000003,0.2700544541419134
195,18.18,75.17699999999999,0.2105,0.270751677103522
196,18.180999999999997,74.028,0.21635,0.15880918274609557
197,18.180999999999997,74.421,0.16764,0.17449296879224185
198,18.180999999999997,75.175,0.35086,0.27021714006775566
199,18.182000000000002,74.029,0.17959,0.1588007308426762
200,18.182000000000002,74.031,0.1963,0.15879408626644842
201,18.182000000000002,74.029,0.21718,0.1588007308426762
202,18.182000000000002,74.031,0.006650199999999999,0.15879408626644842
203,18.182000000000002,74.506,0.18794,0.1819434403401865
204,18.183,74.47,0.15035,0.17847240090741678
205,18.183,73.742,0.2506,0.16891908566631753
206,18.183,74.021,0.15035,0.1588334571714809
207,18.184,74.025,0.1963,0.15880935407279362
208,18.184,74.417,0.15454,0.1738724055110341
209,18.184,74.903,0.45611999999999997,0.23058626711975683
210,18.184,74.483,0.18794,0.17954112063254424
211,18.184,74.49600000000001,0.15452,0.18075159640836336
212,18.184,75.226,0.31577,0.27643090160515793
213,18.185,74.439,0.11262,0.1755677973648867
214,18.185,74.903,0.07014400000000001,0.2303798926085283
215,18.185,74.501,0.18377000000000002,0.18110663812028094
216,18.185,74.888,0.31577,0.22826214025453284
217,18.185,73.986,0.20674,0.15917825664427687
218,18.185,74.179,0.18336,0.16067953109761524
219,18.185,74.928,0.50876,0.23393178812611304
220,18.186,74.498,0.18794,0.18070530204658974
221,18.186,74.464,0.1587,0.17760750043271456
222,18.186,74.48100000000001,0.10774,0.17913044297943304
223,18.186,75.16,0.49121000000000004,0.26686001373179047
224,18.187,74.488,0.1587,0.1796580131701151
225,18.187,75.17,0.28068000000000004,0.26799939261466066
226,18.188,74.48899999999999,0.19128,0.17963569165467308
227,18.188,74.98,0.3684,0.24072405365419547
228,18.189,74.49,0.16539,0.17961343956422382
229,18.189,74.403,0.10469,0.17230401844525112
230,18.19,74.436,0.091615,0.17480801854390426
231,18.19,74.487,0.16789,0.17922482719180732
232,18.191,74.122,0.11066,0.15921044824219688
233,18.191,74.488,0.15035,0.1792029459497223
234,18.191,74.485,0.18794,0.1789301684907113
235,18.191,74.972,0.38594,0.23892599630850508
236,18.191,74.953,0.22804000000000002,0.23621961640221045
237,18.191,74.967,0.31577,0.23821301338677803
238,18.191,74.979,0.10522999999999999,0.2399249559901423
239,18.191,74.457,0.15945,0.17646274153604546
240,18.191,75.169,0.22804000000000002,0.2668570358111325
241,18.192,73.958,0.24015999999999998,0.15975030413859548
242,18.192,74.438,0.13355999999999998,0.17476974592153516
243,18.192,74.459,0.10477,0.17652822517756328
244,18.192,74.918,0.35086,0.2310552537831848
245,18.192,74.97,0.19296,0.23842471136241328
246,18.192,74.405,0.094205,0.17217547648348153
247,18.192,74.972,0.17540999999999998,0.23870959437552597
248,18.192999999999998,74.212,0.12834,0.16139341723449085
249,18.192999999999998,74.414,0.16572,0.17276725896039946
250,18.192999999999998,74.97399999999999,0.35086,0.23877823084499972
251,18.194000000000003,74.421,0.17800000000000002,0.1732142902808801
252,18.194000000000003,74.422,0.14144,0.17329243614426604
253,18.194000000000003,73.993,0.26313000000000003,0.15913660801047103
254,18.194000000000003,74.429,0.13848,0.1738448271798282
255,18.194000000000003,74.908,0.43858,0.22924176429048393
256,18.194000000000003,74.45100000000001,0.15035,0.17564147431401356
257,18.194000000000003,74.493,0.18209,0.17932012592983848
258,18.195,74.96,0.49121000000000004,0.23636171168358622
259,18.195,75.653,0.5263,0.31652309783168225
260,18.195,74.48100000000001,0.12047999999999999,0.17812631088682052
261,18.195,74.495,0.16622,0.1793898231747475
262,18.195,74.49,0.19045,0.17893455381149714
263,18.195,74.922,0.6491100000000001,0.23100062407727473
264,18.195999999999998,74.37899999999999,0.13358,0.16993670439995812
265,18.195999999999998,75.171,0.5263,0.26588775488428185
266,18.197,74.92699999999999,0.28068000000000004,0.23129131583951223
267,18.197,75.16,0.19296,0.26412821002964604
268,18.198,75.184,0.35086,0.2671674466735007
269,18.198,74.381,0.094205,0.16990475320213505
270,18.199,74.93,0.24559,0.23130090596853692
271,18.2,74.931,0.21468,0.23123572250941382
272,18.2,74.971,0.29822,0.2368535231304666
273,18.2,73.936,0.18794,0.16044716577330942
274,18.2,74.0,0.19212,0.15907561725479502
275,18.2,74.96300000000001,0.47367,0.2357264807688525
276,18.201,74.928,0.15787,0.23061228801626033
277,18.202,74.931,0.5263,0.23082670838507402
278,18.202,74.92,0.5263,0.22929525226039615
279,18.203,73.92699999999999,0.25478,0.16078409264066285
280,18.203,74.70100000000001,0.20724,0.20035981462965524
281,18.203,74.922,0.2105,0.22937120259151578
282,18.203,75.17699999999999,0.49121000000000004,0.2649799719029611
283,18.203,74.92699999999999,0.49121000000000004,0.23006617902526738
284,18.203,74.40100000000001,0.11262,0.170884115182239
285,18.203,75.195,0.5263,0.2674128856351864
286,18.204,74.488,0.12111,0.1777640779348333
287,18.204,74.972,0.2105,0.23614769322040852
288,18.204,74.991,0.38594,0.238815828724957
289,18.205,74.40100000000001,0.17026,0.17070836117551436
290,18.205,74.419,0.16472,0.17202789146496844
291,18.205,74.97800000000001,0.31577,0.23677790362331974
292,18.205,74.938,0.1069,0.2311894771522539
293,18.205,74.943,0.14668,0.23188551581823602
294,18.205,75.163,0.2105,0.2625867362023011
295,18.206,73.923,0.25478,0.1609868277054758
296,18.206,74.443,0.16238,0.17378716067849231
297,18.206,74.443,0.19646,0.17378716067849231
298,18.206,73.925,0.24641999999999997,0.16092181800797956
299,18.206,73.934,0.26313000000000003,0.16064009188808648
300,18.206,74.839,0.19384,0.2174661398256481
301,18.206,74.388,0.09690399999999999,0.16971059938813704
302,18.206,74.407,0.13848,0.1710524036818304
303,18.207,74.899,0.12445,0.22540172003448877
304,18.207,75.175,0.31577,0.2637312787261705
305,18.207,74.54899999999999,0.11787,0.1830999993077802
306,18.208,73.633,0.15035,0.17935537996353212
307,18.208,73.726,0.16915,0.17167109401776193
308,18.208,75.664,0.33331,0.31325468369067694
309,18.209,74.404,0.15064,0.17057366334958368
310,18.209,74.92699999999999,0.43858,0.228856899829052
311,18.21,74.415,0.59648,0.17127931868401003
312,18.21,74.42699999999999,0.16764,0.17217048145850777
313,18.21,74.024,0.26313000000000003,0.1588183459363116
314,18.21,74.921,0.26313000000000003,0.22783100123210975
315,18.211,74.309,0.11262,0.16459023441418896
316,18.211,73.686,0.1892,0.1750144261806007
317,18.211,74.922,0.56139,0.22776992422848785
318,18.212,74.40899999999999,0.12044,0.17066947676452493
319,18.212,75.185,0.14032,0.2638631392832457
320,18.212,74.431,0.20164,0.17228864458387472
321,18.213,74.388,0.15454,0.16913011917238874
322,18.213,74.932,0.24559,0.2287460385920309
323,18.214000000000002,74.914,0.40349,0.22608359725047467
324,18.214000000000002,74.922,0.2105,0.2271766907068664
325,18.215999999999998,74.91199999999999,0.29822,0.22542125968886317
326,18.215999999999998,74.91199999999999,0.5263,0.22542125968886317
327,18.217,73.642,0.19421,0.1793290535593457
328,18.217,73.858,0.1963,0.16402827147394317
329,18.217,73.875,0.12111,0.16322335644366526
330,18.217,74.91199999999999,0.43858,0.22522715906656965
331,18.217,74.94800000000001,0.35086,0.2301431066904246
332,18.218,75.175,0.22804000000000002,0.26108359469136133
333,18.218,74.25399999999999,0.11517999999999999,0.16173922887749048
334,18.218,74.93,0.35086,0.22748165452399616
335,18.218,74.907,0.45611999999999997,0.22435605104244238
336,18.219,74.908,0.31577,0.2242989749972868
337,18.219,74.956,0.060228,0.2308386232826688
338,18.221,74.41,0.17457999999999999,0.16996967882931646
339,18.221,75.189,0.50876,0.2622303429240048
340,18.223,74.42399999999999,0.16764,0.17078837904754118
341,18.223,74.817,0.06021900000000001,0.21154849576000057
342,18.224,74.332,0.060119000000000006,0.16495561442534357
343,18.224,74.417,0.16706,0.17020551611419454
344,18.225,74.442,0.050094,0.17193093042897367
345,18.225,75.416,0.38594,0.28855805765590203
346,18.226,74.376,0.12044,0.167341895296923
347,18.226,74.876,0.17549,0.21870651000544206
348,18.226,74.415,0.18377000000000002,0.16989755091666225
349,18.226,74.683,0.15165,0.19479684305064704
350,18.226,74.889,0.13355999999999998,0.2204291398347491
351,18.226,75.211,0.5263,0.2639200385192796
352,18.227,74.913,0.29822,0.22344409706842194
353,18.227999999999998,74.329,0.050227,0.1645428671581355
354,18.227999999999998,74.517,0.11787,0.17773881468869412
355,18.227999999999998,74.416,0.16037,0.16980001750678786
356,18.227999999999998,74.891,0.13882,0.22032395174482922
357,18.229,74.722,0.15319000000000002,0.19886391819212856
358,18.229,74.33,0.14199,0.16453151884523687
359,18.23,74.387,0.10131,0.16772638650451654
360,18.23,74.336,0.07014400000000001,0.1647803603745449
361,18.23,74.78699999999999,0.16472,0.20657850779920117
362,18.230999999999998,74.571,0.15425,0.18237123850892922
363,18.233,73.73,0.21300999999999998,0.17314659775767993
364,18.234,74.342,0.09687899999999999,0.16484067984637396
365,18.236,74.748,0.13355999999999998,0.20087793095180684
366,18.236,73.869,0.043828,0.16430495695923397
367,18.236,74.28,0.081841,0.16186697359162805
368,18.236,74.73899999999999,0.12044,0.19981024946206616
369,18.236,74.868,0.11259000000000001,0.21585752389891266
370,18.237000000000002,74.332,0.050144,0.16413883853986266
371,18.237000000000002,74.837,0.15454,0.2117000640226292
372,18.238,74.271,0.050762,0.16142832793288386
373,18.238,74.735,0.1231,0.19903813045378904
374,18.239,74.335,0.058548,0.16416784167772303
375,18.239,74.383,0.20690999999999998,0.16681627496683704
376,18.239,73.872,0.21927,0.16428500073894658
377,18.239,74.937,0.10732,0.2243734322308394
378,18.239,74.322,0.11192,0.1635321770568432
379,18.24,74.982,0.19384,0.2301864019904506
380,18.241,74.3,0.11192,0.16243235394103028
381,18.242,75.081,0.16873,0.24306811203964818
382,18.242,74.27199999999999,0.066853,0.16128178634857449
383,18.244,74.37899999999999,0.13097,0.16622728891435834
384,18.244,74.27600000000001,0.013334,0.161336683369094
385,18.244,73.538,0.052182000000000006,0.19268757676951098
386,18.244,73.747,0.23389000000000001,0.1726178249620426
387,18.246,74.27,0.066803,0.16103288903747437
388,18.246,73.58,0.20631999999999998,0.18827407212973968
389,18.246,74.273,0.091866,0.1611385373947508
390,18.246,74.719,0.13358,0.19601732480396594
391,18.246,74.628,0.16238,0.18619932109375847
392,18.246,74.83800000000001,0.16764,0.21030531740307523
393,18.246,74.357,0.10022,0.16487037590358633
394,18.247,74.242,0.10214,0.16010344934617882
395,18.247,74.316,0.040068,0.16280977562890997
396,18.247,74.372,0.15949000000000002,0.1656240934046045
397,18.247,75.999,0.17540999999999998,0.3018851010484433
398,18.248,74.314,0.13355999999999998,0.16266808230041285
399,18.248,74.328,0.08518200000000001,0.16330173622725608
400,18.249000000000002,74.32600000000001,0.11192,0.16315304555249988
401,18.249000000000002,74.27199999999999,0.066903,0.16097232107647086
402,18.25,74.28,0.08017,0.16121145259151282
403,18.25,74.28399999999999,0.058582,0.16135764825261933
404,18.250999999999998,74.312,0.067304,0.16242450217258952
405,18.252,74.34100000000001,0.15202000000000002,0.16369231197842782
406,18.252,74.824,0.15454,0.20757576680310963
407,18.253,74.304,0.09687899999999999,0.16199071159815748
408,18.253,74.508,0.11517999999999999,0.1744629041809943
409,18.253,74.631,0.18336,0.18564121404392275
410,18.253,74.693,0.12996,0.192145638722647
411,18.254,74.72,0.15711,0.19499589044957222
412,18.254,74.696,0.09428099999999999,0.19233790294148556
413,18.254,74.437,0.10774,0.16912260860368977
414,18.254,74.467,0.13264,0.17122502007452023
415,18.254,74.906,0.15716,0.21757925294222258
416,18.255,74.301,0.041856,0.16177361044854421
417,18.255,74.643,0.15454,0.1866099355471995
418,18.256,74.389,0.11192,0.16598384961768864
419,18.256,74.486,0.083762,0.17246417631729594
420,18.256,74.439,0.12361,0.16909918841169125
421,18.256,74.609,0.11787,0.18311468325744062
422,18.256,75.319,0.14032,0.27001559746918635
423,18.257,74.507,0.15452,0.17400524693891672
424,18.257,74.85,0.14032,0.2099784470183086
425,18.257,74.274,0.093537,0.1607030811871928
426,18.257,73.593,0.058448,0.18801984400154015
427,18.257,74.579,0.15945,0.18017639552479336
428,18.258,74.32300000000001,0.15202000000000002,0.16253530716412723
429,18.258,73.825,0.20883000000000002,0.16797989993453766
430,18.258,74.75399999999999,0.20039,0.1982927155438644
431,18.26,74.801,0.099469,0.2035172452990316
432,18.26,74.293,0.050236,0.16123825866353014
433,18.26,74.37899999999999,0.1493,0.16516163928909644
434,18.26,75.404,0.22804000000000002,0.278352873485997
435,18.261,74.955,0.16764,0.22264831749194403
436,18.261,74.833,0.065466,0.20723206882329603
437,18.261,74.34,0.15035,0.16313731543403598
438,18.261,74.342,0.11692999999999999,0.16323025800670632
439,18.261,74.41199999999999,0.14282999999999998,0.16699663976632972
440,18.262,74.446,0.11692999999999999,0.169098079229406
441,18.262,74.786,0.12044,0.2014314936020447
442,18.262,74.889,0.13355999999999998,0.21402710100518518
443,18.262,74.264,0.091866,0.16019086691359252
444,18.262,74.408,0.18209,0.16668499644046353
445,18.262,74.277,0.10022,0.1605984614880882
446,18.262,74.602,0.15978,0.1817608300140573
447,18.262,74.994,0.15716,0.22753341068955735
448,18.262999999999998,74.406,0.12278,0.16649659884438084
449,18.262999999999998,73.697,0.39471999999999996,0.17829600852047267
450,18.264,74.415,0.1729,0.16696632796086475
451,18.264,74.346,0.030043,0.1632514752241785
452,18.264,74.415,0.16037,0.16696632796086475
453,18.266,73.69,0.12278,0.17919134992701669
454,18.266,74.411,0.10774,0.16658603964252683
455,18.266,74.681,0.16338,0.1891553039445767
456,18.266,74.682,0.13355999999999998,0.1892601803517654
457,18.267,74.426,0.14951,0.16742820217860266
458,18.267,74.267,0.050344,0.1600953054432268
459,18.268,74.488,0.094205,0.17156515819481855
460,18.268,74.40899999999999,0.1729,0.16633072529230963
461,18.268,74.459,0.14668,0.16950633897147227
462,18.268,74.64399999999999,0.19384,0.18513202694645392
463,18.269000000000002,74.604,0.15711,0.18116899878960024
464,18.269000000000002,74.771,0.14032,0.1986536672885263
465,18.269000000000002,74.557,0.21735,0.17697000611256464
466,18.269000000000002,74.965,0.08380399999999999,0.2224850963865319
467,18.27,74.311,0.09687899999999999,0.1614613246923372
468,18.27,74.618,0.10172,0.18237416072810164
469,18.27,74.649,0.13358,0.18539078092914274
470,18.271,75.168,0.16037,0.24824217623839906
471,18.271,75.36,0.54384,0.2710358851359398
472,18.271,74.404,0.12278,0.16584067783425271
473,18.271,74.41199999999999,0.14282999999999998,0.1663030153159497
474,18.271,73.719,0.16288,0.1769981479405074
475,18.272000000000002,75.001,0.12044,0.22656862395224753
476,18.272000000000002,75.335,0.40181999999999995,0.26805084040633
477,18.273,74.297,0.09687899999999999,0.16082190600386315
478,18.273,74.329,0.088524,0.16203545742182723
479,18.274,74.332,0.12044,0.16211117246495987
480,18.274,74.671,0.1755,0.18712284496944387
481,18.275,75.32600000000001,0.54384,0.26634734166625196
482,18.275,74.47,0.13882,0.169706676253093
483,18.275,74.506,0.11259000000000001,0.17230313678635545
484,18.276,74.315,0.02503,0.16134309039315609
485,18.276,74.616,0.094205,0.1815170007559035
486,18.276,74.67,0.15949000000000002,0.18677763422686378
487,18.276,74.889,0.18335,0.2116875499918015
488,18.276,73.721,0.17959,0.17723027311832207
489,18.276,74.305,0.041856,0.1609768243013131
490,18.276,75.665,0.26313000000000003,0.2945257794112278
491,18.277,74.41199999999999,0.15035,0.16590291367332344
492,18.277,74.711,0.094205,0.1909115718612041
493,18.278,74.33,0.13447,0.1618368572196962
494,18.278,74.41199999999999,0.12695,0.16583739854232027
495,18.278,74.421,0.12278,0.16635865686555007
496,18.278,74.297,0.058548,0.16061866028446414
497,18.278,74.665,0.15711,0.18603319317902456
498,18.278,75.501,0.093537,0.2830398843378462
499,18.28,74.293,0.034053,0.16040926761967755
500,18.28,74.801,0.13355999999999998,0.20051694370499085
501,18.28,74.286,0.06513200000000001,0.16018953632633437
502,18.281,74.85300000000001,0.13882,0.20650238997838133
503,18.281,74.556,0.14926,0.175711683753217
504,18.281,74.609,0.1755,0.18032816418388298
505,18.282,74.402,0.13364,0.16502700221596567
506,18.282,74.311,0.14406,0.16093796392869164
507,18.282,74.574,0.08380399999999999,0.1771293130001126
508,18.282,74.719,0.08380399999999999,0.191117208185151
509,18.283,74.855,0.11787,0.20643208859257478
510,18.283,74.699,0.075157,0.1888892389235527
511,18.284000000000002,74.57300000000001,0.15954000000000002,0.17684698584141778
512,18.284000000000002,74.715,0.20039,0.19043703153906222
513,18.285,74.433,0.17625,0.16659677463470302
514,18.285,74.535,0.16764,0.17364948614615983
515,18.285,74.619,0.050094,0.1808166221984694
516,18.285,74.863,0.11262,0.20708146505863312
517,18.285,74.562,0.10472999999999999,0.17582691126469052
518,18.285999999999998,74.42699999999999,0.10774,0.16617653620306683
519,18.285999999999998,74.667,0.10472999999999999,0.18528649529345365
520,18.285999999999998,75.669,0.54384,0.29214893012445453
521,18.287,74.422,0.12278,0.16582318173646482
522,18.287,74.958,0.15425,0.2184261582890834
523,18.287,74.425,0.15787,0.1659951336054486
524,18.288,74.752,0.14144,0.1938877539931083
525,18.288,74.921,0.13097,0.21366276968874565
526,18.288,74.819,0.11099,0.20143439584790512
527,18.289,74.421,0.10774,0.16563828634980649
528,18.289,74.547,0.18853,0.1742360746042284
529,18.289,74.362,0.15035,0.16265725453244861
530,18.289,75.665,0.47367,0.291203679141114
531,18.29,73.874,0.15035,0.16668889352302696
532,18.29,74.468,0.14144,0.16842828477423644
533,18.29,74.727,0.065466,0.1909406059111679
534,18.29,75.161,0.49121000000000004,0.24342769278675058
535,18.292,74.40899999999999,0.12047999999999999,0.16479407926701173
536,18.292,74.471,0.15163,0.16847708493568436
537,18.292,74.66,0.1624,0.18391263021385795
538,18.293,74.441,0.12278,0.16653579469868418
539,18.293,73.725,0.11902,0.17828051749551643
540,18.293,74.648,0.1493,0.1826532984023742
541,18.294,75.055,0.16473,0.22937369823123033
542,18.295,74.33800000000001,0.081841,0.16137940090795877
543,18.295,74.372,0.09604299999999999,0.162801197484723
544,18.295,74.417,0.09604299999999999,0.1650435748363498
545,18.296,74.419,0.1054,0.1650915266433829
546,18.296,74.418,0.15035,0.16503714077849463
547,18.296,74.439,0.11692999999999999,0.16622023971822752
548,18.296,74.312,0.23890999999999998,0.1604162226027971
549,18.296,74.725,0.10214,0.1899744403880892
550,18.297,74.991,0.10732,0.22082115979124572
551,18.297,73.771,0.15452,0.17459386652410036
552,18.297,74.585,0.11262,0.17660149857100316
553,18.297,74.405,0.09604299999999999,0.16429036165300137
554,18.297,74.642,0.088524,0.18165461013758033
555,18.298,75.333,0.24559,0.26193077024874367
556,18.298,73.77199999999999,0.18168,0.17458654845071087
557,18.298,74.361,0.13865,0.1621707269480256
558,18.298,74.846,0.13355999999999998,0.20310543761670052
559,18.299,74.66199999999999,0.10214,0.18332066906616928
560,18.299,75.429,0.09604299999999999,0.27153908789028025
561,18.299,74.62899999999999,0.13097,0.18024932765634516
562,18.3,74.41199999999999,0.1328,0.16448008616792842
563,18.3,74.979,0.13358,0.21881917791747962
564,18.3,73.638,0.15452,0.1875699003600616
565,18.3,73.867,0.12111,0.16768913945580155
566,18.3,74.392,0.11025,0.16347494327392065
567,18.3,73.868,0.0856,0.16762457082430848
568,18.301,74.40899999999999,0.064296,0.16426699831102898
569,18.301,75.018,0.11787,0.2234835953196257
570,18.301,75.67699999999999,0.33331,0.2887504787483043
571,18.302,74.376,0.09855,0.16262861194929812
572,18.302,74.444,0.18336,0.16612291004718371
573,18.302,74.61399999999999,0.15945,0.17860527668020088
574,18.302,74.419,0.11442000000000001,0.16473215002296648
575,18.302,75.275,0.15787,0.25458167074410176
576,18.302,74.58,0.16473,0.1757133313628425
577,18.302,74.741,0.14926,0.19090016246749975
578,18.303,74.404,0.13614,0.16390094317021842
579,18.303,73.64,0.22554000000000002,0.18765691669598972
580,18.303,74.34899999999999,0.10607,0.1614552085308647
581,18.303,73.706,0.009992000000000001,0.18092379949285597
582,18.303,74.643,0.13358,0.1811078727488793
583,18.304000000000002,74.722,0.1231,0.18868229008333914
584,18.304000000000002,74.812,0.10214,0.1983623808003463
585,18.304000000000002,75.118,0.13530999999999999,0.23535985191357045
586,18.305,74.36399999999999,0.19384,0.16196832026404395
587,18.305,75.29,0.24559,0.2556497228612924
588,18.305,74.406,0.15035,0.1638904530147942
589,18.305,75.657,0.28068000000000004,0.28685554613953956
590,18.305,75.296,0.14032,0.25632413648674957
591,18.305,75.334,0.19296,0.2605068170171715
592,18.305999999999997,74.381,0.11692999999999999,0.16265380500330506
593,18.305999999999997,74.892,0.15454,0.20730959888354028
594,18.305999999999997,74.422,0.033401,0.16465706820279202
595,18.305999999999997,75.34,0.22804000000000002,0.26093459409685393
596,18.307000000000002,74.543,0.17808,0.17235925594109014
597,18.308,73.547,0.12111,0.1989293693376908
598,18.308,74.367,0.088524,0.1619549320222119
599,18.308,75.445,0.093537,0.27098087017571804
600,18.308,74.382,0.11787,0.1625999871507985
601,18.308,73.883,0.16079000000000002,0.16712256995909236
602,18.308,74.362,0.07599299999999999,0.16175010957373737
603,18.308,75.041,0.12278,0.22510327294231147
604,18.309,74.744,0.086352,0.1903439414409771
605,18.309,74.817,0.15425,0.1982345187846395
606,18.309,74.598,0.12303,0.17655383702690475
607,18.309,74.876,0.09428099999999999,0.20498005250299023
608,18.31,74.39699999999999,0.1186,0.16318675364798196
609,18.31,74.53399999999999,0.13358,0.17144744529486955
610,18.31,74.354,0.08017,0.16134767029640962
611,18.31,74.676,0.13355999999999998,0.18344340649666713
612,18.31,75.668,0.12278,0.28615437492957774
613,18.311,75.657,0.35086,0.28540210056632154
614,18.311,74.375,0.09855,0.16215215954508055
615,18.312,74.819,0.1308,0.19804789790217925
616,18.312,74.432,0.15035,0.16483991403819587
617,18.313,73.77199999999999,0.20631999999999998,0.17574246899622892
618,18.313,74.383,0.11192,0.1624024805427784
619,18.314,73.89399999999999,0.10189,0.1667689846578948
620,18.314,74.388,0.13097,0.16257477815928612
621,18.314,74.363,0.088524,0.16152670423765614
622,18.314,74.42399999999999,0.055105999999999995,0.1643046697225118
623,18.315,74.378,0.060119000000000006,0.16209422702220833
624,18.316,75.642,0.19296,0.2834639463428287
625,18.316,75.007,0.09690399999999999,0.21955958883099913
626,18.316,74.38,0.11609000000000001,0.16213288797861336
627,18.316,74.383,0.09604299999999999,0.16226104422162846
628,18.317,75.203,0.11359000000000001,0.24313744453628383
629,18.317999999999998,73.88600000000001,0.1232,0.1674986201051274
630,18.317999999999998,75.301,0.09855,0.25414802090040234
631,18.317999999999998,75.638,0.6491100000000001,0.2827837535878479
632,18.319000000000003,75.641,0.12278,0.2827027557894556
633,18.319000000000003,74.354,0.084347,0.16097892926568835
634,18.319000000000003,74.376,0.081841,0.16183074497746563
635,18.32,74.36,0.07014400000000001,0.16116072230201695
636,18.32,74.517,0.10472999999999999,0.1694815876736535
637,18.32,74.828,0.15454,0.1979647455050556
638,18.32,74.421,0.060236000000000005,0.16382436720406746
639,18.320999999999998,74.57300000000001,0.17457999999999999,0.17346814534517385
640,18.320999999999998,75.65,0.24559,0.28268290697046705
641,18.320999999999998,74.65,0.12044,0.17989155600076412
642,18.320999999999998,74.577,0.087689,0.17377855329746272
643,18.322,75.14,0.47367,0.23467069707608024
644,18.322,74.355,0.07014400000000001,0.1608975727819164
645,18.322,74.52600000000001,0.16338,0.16994917256240927
646,18.322,74.568,0.16037,0.17300046126858593
647,18.322,74.74600000000001,0.26877,0.188979285146193
648,18.323,73.873,0.21927,0.16865413465091594
649,18.323,74.847,0.1493,0.19967309386973742
650,18.323,75.112,0.046902,0.23111285509849355
651,18.323,75.661,0.17540999999999998,0.28273636021914195
652,18.324,74.277,0.16238,0.15867923735772949
653,18.324,74.789,0.077346,0.1932106991551974
654,18.324,74.748,0.28506,0.18894634005077826
655,18.325,74.37899999999999,0.22136,0.16169111068415365
656,18.325,73.878,0.1232,0.16843708396070256
657,18.325,74.568,0.09428099999999999,0.17275237319087655
658,18.325,74.729,0.06805599999999999,0.18692157219928585
659,18.325,74.544,0.12829000000000002,0.17098623768358856
660,18.326,75.661,0.42103,0.2820339286582988
661,18.326,74.593,0.13097,0.17460761862480145
662,18.327,74.686,0.11010999999999999,0.1825631218312982
663,18.327,74.71300000000001,0.14376,0.18512912748054733
664,18.327,75.142,0.066953,0.2339919409981196
665,18.327,75.668,0.6842,0.2821167642042792
666,18.327,74.81,0.052917,0.19507701697100388
667,18.328,74.571,0.15454,0.1727333043147271
668,18.328,74.747,0.1231,0.18837649080188812
669,18.328,73.89,0.22554000000000002,0.16781869009253092
670,18.328,74.752,0.10994000000000001,0.1888820301556191
671,18.328,75.661,0.22804000000000002,0.28156815034597815
672,18.329,74.797,0.30543000000000003,0.19343276219175753
673,18.329,74.432,0.018346,0.16389542447448968
674,18.329,74.798,0.22398,0.1935389466249946
675,18.33,74.42699999999999,0.10522999999999999,0.1635961677637332
676,18.33,74.798,0.26877,0.19341374421075508
677,18.33,74.664,0.13097,0.18024545867054864
678,18.331,74.506,0.1755,0.16798439574434942
679,18.331,74.813,0.19139,0.19488821309097326
680,18.331,74.916,0.11,0.20639539580904576
681,18.331,74.755,0.15067,0.1888351910745275
682,18.332,74.801,0.28506,0.19348205184115885
683,18.332,74.703,0.12047999999999999,0.18363116371034882
684,18.332,74.46600000000001,0.15163,0.16553009797887996
685,18.332,74.756,0.10586,0.1888198452276939
686,18.332,74.756,0.32987,0.1888198452276939
687,18.332,74.824,0.1755,0.1959457637822194
688,18.333,74.374,0.13614,0.16116695399013392
689,18.333,74.439,0.075291,0.16403616843868718
690,18.334,74.459,0.15064,0.16502908142053063
691,18.334,74.757,0.11400999999999999,0.18868864690222642
692,18.334,74.757,0.0855,0.18868864690222642
693,18.334,74.942,0.09428099999999999,0.20896819533321154
694,18.335,74.758,0.15067,0.18867377645246386
695,18.335,74.764,0.15880999999999998,0.189280519262917
696,18.336,74.759,0.08956900000000001,0.1886590410892942
697,18.336,74.759,0.069209,0.1886590410892942
698,18.337,74.363,0.85964,0.16061965937479872
699,18.337,74.76,0.2647,0.18864444114155643
700,18.337,74.806,0.048839999999999995,0.19338995566081363
701,18.338,74.807,0.048839999999999995,0.19337194858357154
702,18.339000000000002,74.347,0.1231,0.16002906325055755
703,18.339000000000002,74.768,0.0855,0.18922065355121398
704,18.339000000000002,74.56,0.11777,0.17106023972380402
705,18.339000000000002,74.642,0.058448,0.1774686880483094
706,18.339000000000002,74.774,0.22804000000000002,0.1898297068306134
707,18.339000000000002,74.76899999999999,0.10994000000000001,0.18932188316308185
708,18.34,74.686,0.12047999999999999,0.1812312120022972
709,18.34,74.561,0.16037,0.17105619027035068
710,18.34,74.63,0.14400000000000002,0.17637528184954365
711,18.340999999999998,74.809,0.073277,0.19321356159366299
712,18.340999999999998,74.393,0.11025,0.16158173263080533
713,18.340999999999998,74.442,0.11192,0.1637710937468122
714,18.340999999999998,75.308,0.075491,0.25025467013157754
715,18.342,74.567,0.1493,0.17133522015893365
716,18.342,74.771,0.15880999999999998,0.1891771883222425
717,18.342,74.777,0.13437000000000002,0.18978491630645633
718,18.342,74.777,0.12623,0.18978491630645633
719,18.343,74.554,0.054328999999999995,0.17034008594266337
720,18.343,74.778,0.14252,0.1897702615741449
721,18.343,74.793,0.048839999999999995,0.19130558530401975
722,18.344,74.748,0.28506,0.18666429578372545
723,18.344,74.55199999999999,0.084347,0.1701288389808454
724,18.344,74.749,0.25656,0.1867622814963732
725,18.344,74.768,0.048839999999999995,0.18864625249572964
726,18.345,74.586,0.15064,0.17249651937922617
727,18.345,74.78,0.22398,0.18974136720039148
728,18.345,74.78,0.2199,0.18974136720039148
729,18.346,74.66199999999999,0.15503,0.17852905279341835
730,18.346,74.562,0.16288,0.17068045594922088
731,18.346,74.377,0.2105,0.16078710736457902
732,18.346,74.763,0.10178999999999999,0.18792127543146842
733,18.346,74.77,0.10994000000000001,0.18861923817523685
734,18.346,74.774,0.22398,0.18902055535258222
735,18.346,74.442,0.12528,0.16352074268455352
736,18.347,74.59899999999999,0.20164,0.17331845070970153
737,18.347,74.775,0.036618,0.18900696822288576
738,18.347,74.782,0.077346,0.18971302841405713
739,18.347,74.752,0.22398,0.1867259233292674
740,18.347,74.775,0.10178999999999999,0.18900696822288576
741,18.347,74.807,0.1755,0.19227735076070784
742,18.347,74.444,0.13355999999999998,0.1635685726616103
743,18.347,74.764,0.22804000000000002,0.18790847114527265
744,18.348,74.54,0.095208,0.16903612745652052
745,18.348,74.578,0.17549,0.17167559254480236
746,18.348,74.777,0.26063000000000003,0.1890939833093509
747,18.348,74.817,0.18636,0.19319952708981414
748,18.348,74.783,0.18325,0.18969906816362703
749,18.348,74.777,0.18732000000000001,0.1890939833093509
750,18.349,74.726,0.15945,0.18401384746191607
751,18.349,74.765,0.077346,0.18778423556043655
752,18.349,74.779,0.14659,0.1891811031855527
753,18.349,74.544,0.10774,0.1692332591645005
754,18.349,74.61,0.20360999999999999,0.1740031640470192
755,18.349,74.67699999999999,0.15454,0.17955143850021393
756,18.349,74.78399999999999,0.23212,0.18968524776363715
757,18.349,74.918,0.11349000000000001,0.2040682410794381
758,18.349,74.61,0.26877,0.1740031640470192
759,18.349,74.766,0.10586,0.187883278997802
760,18.35,74.75399999999999,0.19954000000000002,0.1865932248146711
761,18.35,74.773,0.077346,0.18846711300467212
762,18.35,74.664,0.10022,0.17833072347546153
763,18.351,74.764,0.044772,0.18746371212657076
764,18.351,73.694,0.037562,0.18662942340196964
765,18.351,74.465,0.1362,0.16442093769024002
766,18.351,74.59100000000001,0.23212,0.17240046701275102
767,18.351,74.612,0.06513200000000001,0.1739950242282
768,18.351,74.628,0.2199,0.17525691879305538
769,18.351,74.765,0.11400999999999999,0.18756227367750455
770,18.352,74.569,0.281,0.17073444067186905
771,18.352,74.757,0.19139,0.18666809299342668
772,18.352,75.84100000000001,0.18377000000000002,0.27993611280889286
773,18.352999999999998,74.63,0.19954000000000002,0.17524807229036732
774,18.352999999999998,74.766,0.18325,0.18744019082060526
775,18.352999999999998,74.767,0.13437000000000002,0.18753861466859145
776,18.352999999999998,74.454,0.11262,0.16376246051431298
777,18.352999999999998,74.563,0.16037,0.17024383067412996
778,18.352999999999998,74.61399999999999,0.18325,0.17398740587892525
779,18.354,74.691,0.052917,0.18031048333535127
780,18.354,74.753,0.06513200000000001,0.18606380136193745
781,18.354,74.91199999999999,0.14406,0.20271281711431444
782,18.354,74.961,0.15454,0.20823632453295782
783,18.354,74.611,0.11025,0.17367505028081742
784,18.354,74.29899999999999,0.19905,0.15849472849943447
785,18.354,74.69,0.13358,0.18022182244562346
786,18.355,74.692,0.18732000000000001,0.18030364583630043
787,18.355,73.74,0.22971999999999998,0.18226261620018502
788,18.355,74.62100000000001,0.15454,0.17436960299228277
789,18.355,74.75399999999999,0.061063,0.18605333032065718
790,18.355,75.67399999999999,0.42103,0.276035755056969
791,18.355,74.594,0.28914,0.17231465787717937
792,18.355,74.75399999999999,0.18732000000000001,0.18605333032065718
793,18.355,74.79,0.19546,0.18960527991534326
794,18.355,74.936,0.09364600000000001,0.20526271301232113
795,18.355999999999998,74.755,0.17102,0.18604299967122495
796,18.355999999999998,74.791,0.10586,0.1895924472939201
797,18.355999999999998,74.755,0.15880999999999998,0.18604299967122495
798,18.355999999999998,74.848,0.15503,0.19548859583041223
799,18.355999999999998,75.64,0.31577,0.27426849580870694
800,18.355999999999998,75.656,0.2105,0.27503146050135485
801,18.355999999999998,74.579,0.10355999999999999,0.1711505931186581
802,18.357,74.596,0.22398,0.1723096072246627
803,18.357,74.627,0.095208,0.17467661103564558
804,18.357,74.771,0.17917,0.18749298489913013
805,18.357,74.884,0.09690399999999999,0.19923306965013343
806,18.357,74.762,0.22398,0.1866137557741987
807,18.358,74.695,0.2647,0.1802839565529628
808,18.358,74.61,0.11359000000000001,0.17328084780400255
809,18.358,74.61,0.11692999999999999,0.17328084780400255
810,18.358,74.757,0.19954000000000002,0.18602276081410019
811,18.358,74.575,0.13314,0.17072253380508107
812,18.358,74.696,0.056986,0.18037254694695937
813,18.359,74.389,0.16037,0.16075549207780904
814,18.359,74.794,0.077346,0.1895548048337481
815,18.359,74.819,0.15716,0.19209612013383637
816,18.359,74.949,0.13358,0.2061702593120599
817,18.359,74.575,0.06513200000000001,0.17065090395781912
818,18.359,74.619,0.18325,0.17389046668025243
819,18.359,75.646,0.087689,0.2739109559419124
820,18.359,74.794,0.14659,0.1895548048337481
821,18.359,75.64699999999999,0.71929,0.2739588469528098
822,18.36,74.627,0.14140999999999998,0.17443139801852459
823,18.36,74.774,0.032549,0.18746024972805497
824,18.36,75.661,0.35086,0.27438777259942293
825,18.36,74.57600000000001,0.13882,0.17064952748865758
826,18.36,75.675,0.33331,0.274985549313146
827,18.361,74.62100000000001,0.15880999999999998,0.17388503445881975
828,18.361,74.682,0.12044,0.17886920408178275
829,18.361,74.61399999999999,0.075942,0.1733492553739172
830,18.361,74.62100000000001,0.10994000000000001,0.17388503445881975
831,18.361,74.626,0.14668,0.17427243991123686
832,18.361,74.578,0.15880999999999998,0.1707183206860755
833,18.361,74.61399999999999,0.13355999999999998,0.1733492553739172
834,18.361,74.796,0.34615999999999997,0.18953042578824175
835,18.361,74.622,0.20360999999999999,0.17396220316520605
836,18.361,74.796,0.19546,0.18953042578824175
837,18.362000000000002,74.495,0.27285,0.16544047716626709
838,18.362000000000002,74.699,0.28506,0.18025963734651163
839,18.362000000000002,74.48899999999999,0.14140999999999998,0.16511207446916387
840,18.362000000000002,74.623,0.20360999999999999,0.1739596515149452
841,18.363,74.49600000000001,0.27692,0.16544119861794948
842,18.363,74.678,0.12829000000000002,0.17834534765200283
843,18.363,74.692,0.12215,0.17955214462602753
844,18.363,75.067,0.11692999999999999,0.2190778512425986
845,18.363,75.128,0.12612,0.22610366202270382
846,18.363,74.602,0.24841,0.17229760429703034
847,18.363,74.798,0.14659,0.1895066223550934
848,18.364,74.673,0.17800000000000002,0.17783236340034947
849,18.364,74.60300000000001,0.16288,0.17229606672180486
850,18.364,74.764,0.30543000000000003,0.1860615211373664
851,18.365,74.138,0.54384,0.15863262619278373
852,18.365,74.154,0.3684,0.15834878312155465
853,18.365,74.626,0.052917,0.17395280310326144
854,18.365,74.82300000000001,0.15949000000000002,0.19180859390061
855,18.365,75.671,0.26313000000000003,0.27374142593259054
856,18.365,74.23899999999999,0.17288,0.15777912685813134
857,18.365,74.62899999999999,0.08214099999999999,0.1741848112678328
858,18.366,74.582,0.10994000000000001,0.17064400888935716
859,18.366,74.627,0.29729,0.17395079028811278
860,18.366,74.771,0.16696,0.18652487805105267
861,18.366,74.585,0.16539,0.17085421157439495
862,18.367,74.604,0.093537,0.17214546907546335
863,18.367,74.61,0.10172,0.17258775328049425
864,18.367,75.263,0.030143,0.24052169857553973
865,18.367,74.80199999999999,0.28506,0.1894607520878262
866,18.367,74.501,0.32172,0.16550063359450007
867,18.367,73.69,0.50876,0.1886515766791027
868,18.367,74.97399999999999,0.10255999999999998,0.20786761347798566
869,18.368,74.705,0.077346,0.18022734371896
870,18.368,74.773,0.21583000000000002,0.1865067048983553
871,18.369,74.422,0.18209,0.16163641695029551
872,18.369,74.608,0.11807999999999999,0.17229038363305138
873,18.369,74.768,0.18732000000000001,0.18592162066958684
874,18.369,75.11399999999999,0.093537,0.22352728019094492
875,18.369,75.15899999999999,0.13447,0.22864691239455182
876,18.369,74.608,0.040695,0.17229038363305138
877,18.369,74.654,0.095208,0.17583662209004713
878,18.369,74.953,0.17812,0.2052431895230129
879,18.37,74.753,0.09690399999999999,0.1843981818694136
880,18.37,74.76899999999999,0.077346,0.18591328858769207
881,18.37,74.774,0.19954000000000002,0.1863928558730703
882,18.371,74.984,0.17539000000000002,0.20843207943529884
883,18.371,75.654,0.35086,0.2717243702585388
884,18.371,74.682,0.12044,0.17797488042743848
885,18.371,74.775,0.2647,0.18638434261529657
886,18.371,74.806,0.15067,0.1894172134265335
887,18.371,74.60600000000001,0.15978,0.17199662273611183
888,18.371,74.58800000000001,0.32579,0.17071280220734875
889,18.371,74.639,0.14365999999999998,0.17448476088856602
890,18.371,75.65,0.24559,0.2715403743409728
891,18.371,75.665,0.19296,0.27221083266161594
892,18.372,74.979,0.1755,0.20773254022095766
893,18.372,74.58800000000001,0.13844,0.17064324274831
894,18.372,74.422,0.15787,0.1615244300908264
895,18.372,74.488,0.20164,0.16454227597456805
896,18.372,74.611,0.077346,0.17228859004367847
897,18.372,74.589,0.24026999999999998,0.17071298074202435
898,18.372,74.64,0.075157,0.17448331408996365
899,18.372,74.753,0.11787,0.1841969526747057
900,18.373,74.612,0.10994000000000001,0.1722882636201526
901,18.373,74.612,0.20360999999999999,0.1722882636201526
902,18.374000000000002,74.66,0.15425,0.17590659883631066
903,18.374000000000002,74.806,0.17549,0.18908876603296076
904,18.374000000000002,74.437,0.18209,0.16205730607132873
905,18.374000000000002,74.613,0.073277,0.17228807348685637
906,18.374000000000002,75.65,0.20965999999999999,0.2709113274401187
907,18.374000000000002,75.673,0.6842,0.2719141167452086
908,18.375,74.712,0.19954000000000002,0.18019609898816646
909,18.375,74.81,0.19139,0.18937602555738897
910,18.375,74.61399999999999,0.13844,0.17228801998177024
911,18.375,74.81,0.18732000000000001,0.18937602555738897
912,18.375999999999998,74.63,0.17549,0.17340496068147537
913,18.375999999999998,74.486,0.14667,0.16424321313014112
914,18.375999999999998,74.94,0.16473,0.20287729637811913
915,18.375999999999998,74.692,0.10219,0.17838226190858852
916,18.375999999999998,74.714,0.24434,0.18027987412103008
917,18.377,74.657,0.08117200000000001,0.17542193084615598
918,18.377,74.781,0.20360999999999999,0.18633633172194985
919,18.377,74.661,0.055105999999999995,0.1757412913052011
920,18.377,74.57,0.20164,0.16909128079671865
921,18.377,74.637,0.11192,0.17386107010430363
922,18.377,74.812,0.09364600000000001,0.18935631910560624
923,18.378,74.664,0.18594000000000002,0.17590055688094564
924,18.378,75.00399999999999,0.40349,0.20969499504371902
925,18.378,74.57300000000001,0.044772,0.1692245023539969
926,18.378,74.57300000000001,0.16288,0.1692245023539969
927,18.379,74.512,0.24841,0.16546974430993866
928,18.379,74.648,0.063536,0.17455481991797395
929,18.379,74.66199999999999,0.12027,0.17565900983512595
930,18.379,74.595,0.10994000000000001,0.1706484560321576
931,18.379,74.653,0.07014400000000001,0.17494581680210297
932,18.379,74.78399999999999,0.2647,0.18641716735801328
933,18.38,74.609,0.09604299999999999,0.17156626982548584
934,18.38,74.619,0.12215,0.17228981378794472
935,18.38,74.661,0.17549,0.1754986657693014
936,18.38,74.78399999999999,0.18732000000000001,0.18631431258329978
937,18.38,74.619,0.081423,0.17228981378794472
938,18.38,74.655,0.11787,0.17502387504275374
939,18.38,74.718,0.11262,0.18026554396637506
940,18.38,74.61,0.06513200000000001,0.17163790449991967
941,18.38,74.619,0.10994000000000001,0.17228981378794472
942,18.38,74.676,0.16497,0.17670874072737253
943,18.38,74.718,0.12623,0.18026554396637506
944,18.381,74.991,0.1755,0.2078317333850489
945,18.381,74.57600000000001,0.281,0.1692299022723074
946,18.381,74.786,0.21525,0.1864028010856854
947,18.381,74.459,0.11259000000000001,0.16272860690755975
948,18.381,74.786,0.052917,0.1864028010856854
949,18.381,74.994,0.12278,0.2081648109723202
950,18.382,74.515,0.22804000000000002,0.16547872906372796
951,18.382,74.786,0.22398,0.18630037432103297
952,18.382,74.72,0.25248000000000004,0.18025924829784723
953,18.383,74.59899999999999,0.2199,0.17065443094251853
954,18.383,75.039,0.15425,0.21290730105337285
955,18.383,74.788,0.097714,0.1863890295018733
956,18.383,74.517,0.27285,0.16553709562857766
957,18.384,74.90899999999999,0.5263,0.19852391857472929
958,18.384,74.899,0.31577,0.19746598463319154
959,18.385,74.793,0.15945,0.18666232233806757
960,18.386,74.624,0.22398,0.17222365586198563
961,18.386,75.117,0.083512,0.2212092335636825
962,18.386,74.586,0.19139,0.16957277979217167
963,18.386,74.63,0.10477,0.17266334862713473
964,18.386,74.77600000000001,0.11325,0.1849530795254064
965,18.387,74.857,0.10525999999999999,0.19276638889568642
966,18.387,74.48100000000001,0.10472999999999999,0.16349184560702035
967,18.387,74.664,0.066803,0.17518085732111732
968,18.387,74.725,0.20360999999999999,0.18024606493110895
969,18.387,74.839,0.06021900000000001,0.19095228596891145
970,18.389,74.561,0.08117200000000001,0.16778277669201724
971,18.389,74.583,0.10586,0.16918462270541113
972,18.389,74.672,0.075257,0.17565645001317198
973,18.389,74.432,0.11259000000000001,0.1613131282653526
974,18.389,74.523,0.15067,0.16555930672342123
975,18.389,75.016,0.26313000000000003,0.20950721161506147
976,18.39,74.523,0.15067,0.16550843931388404
977,18.39,74.756,0.099469,0.1827262285681409
978,18.39,74.524,0.13437000000000002,0.165563470952951
979,18.39,74.89,0.43858,0.19581219367285485
980,18.391,74.725,0.1755,0.1798912965578352
981,18.391,74.756,0.16764,0.18263257676472733
982,18.392,75.304,0.075291,0.24040173278531507
983,18.392,74.851,0.12572,0.19160613911268776
984,18.392,74.73,0.11400999999999999,0.18023656359395435
985,18.392,74.52600000000001,0.12215,0.16557219891927855
986,18.392,74.818,0.17288,0.1883500155395933
987,18.392,75.13600000000001,0.28068000000000004,0.2224074601729764
988,18.393,74.527,0.10178999999999999,0.1655767633663262
989,18.394000000000002,74.58800000000001,0.15067,0.16920195116382775
990,18.394000000000002,74.594,0.15067,0.16959779088712812
991,18.395,74.544,0.083762,0.16643237765160512
992,18.395,74.60300000000001,0.10022,0.1701383916565269
993,18.395,74.781,0.13853,0.1845399647734327
994,18.396,74.595,0.09364600000000001,0.16953909630098052
995,18.396,74.678,0.15454,0.17558406720004704
996,18.396,74.7,0.08380399999999999,0.1773587932602705
997,18.396,75.668,0.33331,0.2672107683820246
998,18.396,74.596,0.15067,0.16960543998083566
999,18.396,74.444,0.21134,0.161539912625561
1000,18.397000000000002,74.592,0.281,0.16927951824308685
1001,18.398,74.531,0.1751,0.16554665852976358
1002,18.399,75.12100000000001,0.24559,0.21970104702763993
1003,18.399,74.533,0.15473,0.1656069786138199
1004,18.4,74.623,0.20724,0.1711911471754125
1005,18.4,74.59899999999999,0.081423,0.16955617590117966
1006,18.401,74.626,0.15064,0.17133556729674304
1007,18.401,75.006,0.47367,0.20680792065711395
1008,18.401,74.83,0.14667,0.18858476719275719
1009,18.401,74.493,0.13437000000000002,0.16346785879791437
1010,18.401,74.601,0.17917,0.16962703558528514
1011,18.401,74.73899999999999,0.22398,0.18022886144286387
1012,18.401,74.805,0.16238,0.1861980015390281
1013,18.402,74.65899999999999,0.13097,0.1736691058735207
1014,18.402,74.741,0.27285,0.18031525147367866
1015,18.403,74.741,0.2647,0.1802288087857975
1016,18.404,74.59899999999999,0.20768000000000003,0.1693124863231933
1017,18.406,74.605,0.13844,0.16958606857507585
1018,18.406,74.498,0.22398,0.16349953186774857
1019,18.407,74.60600000000001,0.10994000000000001,0.16959155346206134
1020,18.407,74.74600000000001,0.12215,0.18031677582732653
1021,18.408,74.74600000000001,0.19139,0.18023134397796137
1022,18.409000000000002,74.501,0.13437000000000002,0.16352014672085513
1023,18.409000000000002,74.635,0.078499,0.17144303686902085
1024,18.409000000000002,75.01899999999999,0.13358,0.20717598636400303
1025,18.409000000000002,74.747,0.0855,0.1802323105273339
1026,18.41,74.502,0.061063,0.16352728895199897
1027,18.41,74.84,0.16764,0.18863659672602395
1028,18.41,74.502,0.17102,0.16352728895199897
1029,18.41,74.748,0.12215,0.18023343092391797
1030,18.410999999999998,74.569,0.17549,0.1670504267267997
1031,18.412,74.75,0.17102,0.18023613441484365
1032,18.412,74.50399999999999,0.14252,0.16354198143702237
1033,18.412,74.804,0.11787,0.18505000103181035
1034,18.413,74.64399999999999,0.13097,0.17181794677172746
1035,18.413,74.65,0.10172,0.1722464620222327
1036,18.413,74.866,0.14376,0.19085635989367622
1037,18.413,74.505,0.17917,0.16354953238882075
1038,18.414,74.506,0.24026999999999998,0.16355722027552488
1039,18.415,74.76100000000001,0.09687899999999999,0.180931601258966
1040,18.416,75.29,0.09855,0.23499094478121074
1041,18.416,74.611,0.14375,0.16938539238472838
1042,18.418,74.422,0.1044,0.1601608155080282
1043,18.418,74.439,0.09855,0.1607065418801017
1044,18.419,74.623,0.066803,0.1699996420212383
1045,18.419,75.25,0.12361,0.2304599003917548
1046,18.42,74.75,0.14901,0.17957274199128814
1047,18.42,74.469,0.13355999999999998,0.16174533588037654
1048,18.42,74.512,0.11807999999999999,0.16360624268655632
1049,18.421,74.736,0.42103,0.17832253688291122
1050,18.421,74.626,0.13530999999999999,0.17008098279347927
1051,18.422,74.433,0.12829000000000002,0.16041156268652912
1052,18.422,74.516,0.14400000000000002,0.1637186231504929
1053,18.423,74.421,0.058448,0.1600226841557092
1054,18.423,74.625,0.14400000000000002,0.16989700629712423
1055,18.423,74.637,0.050094,0.17070256241620274
1056,18.423,75.225,0.10774,0.2272709685986165
1057,18.424,74.66,0.083512,0.1722447135542322
1058,18.424,74.418,0.24641999999999997,0.1599156415916485
1059,18.425,74.649,0.13882,0.17140609814313934
1060,18.425,75.487,0.14315999999999998,0.2510296253735944
1061,18.426,74.89399999999999,0.31577,0.1922639202987294
1062,18.427,74.632,0.14432999999999999,0.17012861964489312
1063,18.428,74.52,0.15880999999999998,0.16367942236668043
1064,18.428,74.35600000000001,0.14617,0.1585057813258789
1065,18.429000000000002,74.459,0.14140999999999998,0.161116008331758
1066,18.429000000000002,75.09,0.26313000000000003,0.21218195346197988
1067,18.429000000000002,74.232,0.2105,0.1582609322807086
1068,18.43,73.737,0.66666,0.18978814841906255
1069,18.43,74.52,0.12044,0.16360495019302423
1070,18.43,74.682,0.16764,0.17344988279174345
1071,18.430999999999997,74.377,0.12111,0.15883748422561839
1072,18.430999999999997,74.958,0.14668,0.1981413137250414
1073,18.430999999999997,75.243,0.091866,0.22792643560753467
1074,18.433,73.529,0.12278,0.21684873981395336
1075,18.433,75.26100000000001,0.11692999999999999,0.2294481145684617
1076,18.434,74.88600000000001,0.10214,0.1906799930786245
1077,18.435,74.646,0.14376,0.1706018916124633
1078,18.436,75.155,0.09604299999999999,0.21810914224025924
1079,18.436,73.564,0.068473,0.2122975357515221
1080,18.437,74.21,0.1886,0.1587317092480789
1081,18.437,74.889,0.13358,0.19067466566825908
1082,18.438,74.84899999999999,0.14926,0.18680531046369075
1083,18.438,74.727,0.18636,0.1763274805751669
1084,18.438,75.172,0.11692999999999999,0.21961017314783782
1085,18.438,74.69800000000001,0.17282,0.17410792691295107
1086,18.438,74.6,0.09690399999999999,0.16752427994069963
1087,18.439,74.543,0.1699,0.1643751380346874
1088,18.439,74.956,0.15035,0.19706766745141935
1089,18.44,75.14699999999999,0.032757999999999995,0.21673578187987175
1090,18.441,74.21600000000001,0.16764,0.15871691301869262
1091,18.441,74.596,0.11262,0.16714552667318117
1092,18.441,73.579,0.12946,0.2108496268330443
1093,18.442,73.866,0.13614,0.17780371326544164
1094,18.442,73.583,0.062625,0.21042414340612137
1095,18.442,74.947,0.50876,0.19584985188619686
1096,18.442,73.567,0.062625,0.21263786908863858
1097,18.442999999999998,74.655,0.12829000000000002,0.17075001104533816
1098,18.442999999999998,75.226,0.15369000000000002,0.22446310575562245
1099,18.444000000000003,75.048,0.010493,0.20591258464767337
1100,18.444000000000003,74.62899999999999,0.13530999999999999,0.16899997024102686
1101,18.445,75.76,0.17540999999999998,0.26061816763127166
1102,18.445,74.23100000000001,0.20956,0.1585663888546519
1103,18.448,74.567,0.062792,0.16524370879650863
1104,18.448,75.259,0.17540999999999998,0.2270583718807505
1105,18.449,74.569,0.18335,0.16530850229958782
1106,18.45,75.252,0.49121000000000004,0.22608186262063612
1107,18.45,74.454,0.17288,0.16048174514346414
1108,18.451,74.42,0.16238,0.1595349536237619
1109,18.451,75.113,0.11692999999999999,0.21179252796367276
1110,18.451,74.824,0.10214,0.18342587660544318
1111,18.451,73.559,0.075157,0.21490673363575552
1112,18.451,75.26899999999999,0.35086,0.22761525353846312
1113,18.451,75.26899999999999,0.38594,0.22761525353846312
1114,18.452,75.184,0.10774,0.21896126349011102
1115,18.453,74.777,0.06808099999999999,0.17926704923138714
1116,18.453,75.24600000000001,0.31577,0.225067407231051
1117,18.453,75.253,0.31577,0.22575989888199965
1118,18.454,74.455,0.1846,0.1604399648118301
1119,18.454,74.538,0.15163,0.16360837371875092
1120,18.454,74.57600000000001,0.11,0.16547883234222394
1121,18.457,74.618,0.11787,0.16769712531345582
1122,18.457,75.222,0.5263,0.22213155290009545
1123,18.457,75.251,0.42103,0.22500804245189998
1124,18.458,74.484,0.15064,0.1613110964729353
1125,18.458,75.241,0.38594,0.22388478249326726
1126,18.458,74.558,0.15192,0.16442022520561506
1127,18.458,74.95,0.22888000000000003,0.19452020427370176
1128,18.458,75.104,0.10022,0.21001428507163478
1129,18.459,75.23,0.29822,0.2226594998306547
1130,18.459,74.266,0.09687899999999999,0.15841475108100156
1131,18.46,75.264,0.6491100000000001,0.22586700186207886
1132,18.46,75.258,0.40349,0.22528210871680576
1133,18.461,75.238,0.40349,0.22318250717834054
1134,18.461,75.171,0.13364,0.21647451891827296
1135,18.461,74.808,0.16238,0.18125791229357047
1136,18.461,75.252,0.38594,0.22455879375642618
1137,18.462,75.199,0.29822,0.21916842430196837
1138,18.462,74.51899999999999,0.064296,0.1625482055300378
1139,18.465,74.667,0.14667,0.17036266453996396
1140,18.465,74.696,0.1231,0.17232143987306914
1141,18.465999999999998,75.241,0.22804000000000002,0.22280972543074518
1142,18.468,75.22399999999999,0.26313000000000003,0.22087619008720838
1143,18.469,74.22800000000001,0.18336,0.15918598664745665
1144,18.469,75.234,0.40349,0.22172902494608615
1145,18.469,75.256,0.49121000000000004,0.22387255134120898
1146,18.47,75.081,0.11777,0.20629038979243808
1147,18.471,74.95,0.15163,0.19327282128169265
1148,18.472,74.354,0.12044,0.15845172008530062
1149,18.473,75.211,0.050211,0.21895421540109583
1150,18.473,74.554,0.22528,0.16375530061000754
1151,18.473,75.204,0.26313000000000003,0.2182632003621049
1152,18.473,75.252,0.17540999999999998,0.22295838807644053
1153,18.474,75.458,0.33331,0.24091501538536886
1154,18.474,74.928,0.050144,0.1909199426822581
1155,18.475,74.404,0.13882,0.1590388021602106
1156,18.475,75.263,0.43858,0.22375490496750283
1157,18.475,74.543,0.14140999999999998,0.1632131734703013
1158,18.476,74.642,0.12572,0.16828243154256006
1159,18.476,75.266,0.24559,0.22391085684244683
1160,18.476,75.237,0.26313000000000003,0.22111755205646388
1161,18.477,74.70100000000001,0.13614,0.17201691815660658
1162,18.477,75.217,0.50876,0.21904086494420083
1163,18.477,75.25399999999999,0.38594,0.22263131687976867
1164,18.477999999999998,73.808,0.33331,0.18677251112120918
1165,18.477999999999998,75.113,0.17540999999999998,0.2086015907231663
1166,18.479,75.235,0.10522999999999999,0.22054250403483155
1167,18.48,74.498,0.13364,0.16136952339222987
1168,18.480999999999998,75.24,0.54384,0.22077351319155059
1169,18.480999999999998,74.56,0.054980999999999995,0.1638008950329064
1170,18.480999999999998,74.671,0.17026,0.16984353415217535
1171,18.480999999999998,75.244,0.22804000000000002,0.22115874288441595
1172,18.480999999999998,75.056,0.1704,0.20261182309058923
1173,18.482,75.24,0.49121000000000004,0.22064780347926594
1174,18.483,74.434,0.17549,0.15957209843610698
1175,18.484,74.243,0.1362,0.15931265366169467
1176,18.484,74.494,0.14667,0.16117188525339188
1177,18.484,75.203,0.29154,0.21681195482421523
1178,18.484,75.225,0.42103,0.21895103069356403
1179,18.484,75.34100000000001,0.11192,0.22977787148126694
1180,18.486,74.225,0.1362,0.15974752261412506
1181,18.486,75.221,0.26313000000000003,0.21831929128464111
1182,18.486,75.222,0.15452,0.21841600774138814
1183,18.486,73.998,0.7017399999999999,0.1704623605014126
1184,18.486,74.921,0.31577,0.18923986264011572
1185,18.487000000000002,74.972,0.13355999999999998,0.19389470865558556
1186,18.487000000000002,74.211,0.2017,0.16012385868226064
1187,18.487000000000002,74.21600000000001,0.1624,0.15999596367347713
1188,18.488,74.21,0.1493,0.16018461282598828
1189,18.488,74.206,0.18074,0.16029232808810945
1190,18.488,74.403,0.20531999999999997,0.15901907721332997
1191,18.489,74.229,0.1624,0.15975138116112375
1192,18.489,74.211,0.23051999999999997,0.1601928197715573
1193,18.489,75.252,0.49121000000000004,0.22092304460275147
1194,18.49,74.21300000000001,0.15192,0.16017483834162083
1195,18.491,74.854,0.10522999999999999,0.1829471432281624
1196,18.492,73.714,0.12695,0.19912893757994543
1197,18.492,74.483,0.15711,0.1607287928804375
1198,18.494,74.922,0.49121000000000004,0.18867660317310542
1199,18.494,73.825,0.1973,0.18651379774890275
1200,18.494,74.92699999999999,0.11232,0.1891285799548219
1201,18.494,75.242,0.49121000000000004,0.2193632231478977
1202,18.495,75.226,0.20965999999999999,0.21771985276372685
1203,18.496,74.211,0.20956,0.1604416405133835
1204,18.498,74.21600000000001,0.22528,0.16037769736118668
1205,18.498,74.634,0.15425,0.16697569122355094
1206,18.498,75.095,0.15202000000000002,0.20468464083956872
1207,18.499000000000002,75.211,0.11359000000000001,0.21581864307901055
1208,18.5,75.102,0.13782,0.20516089721954578
1209,18.500999999999998,75.219,0.17540999999999998,0.21635221801386462
1210,18.500999999999998,75.194,0.2105,0.21396149784205254
1211,18.502,74.936,0.15949000000000002,0.18930109043320453
1212,18.503,74.697,0.09428099999999999,0.17051639423989462
1213,18.503,74.459,0.19646,0.16002960772288877
1214,18.503,74.915,0.14140999999999998,0.18734932539481608
1215,18.503,74.223,0.19646,0.1603718227768245
1216,18.505,74.53399999999999,0.14140999999999998,0.16222703693996288
1217,18.506,75.0,0.07245,0.19484855345102337
1218,18.507,74.806,0.12829000000000002,0.17801961255773835
1219,18.507,74.877,0.28068000000000004,0.18377253550299677
1220,18.51,74.755,0.16764,0.17408759289624376
1221,18.511,74.324,0.28068000000000004,0.15896972002404985
1222,18.511,74.543,0.11927,0.16246551748367344
1223,18.512,74.229,0.20956,0.1605431264797763
1224,18.512,75.09100000000001,0.10022,0.20291697750317328
1225,18.512,75.218,0.095208,0.21501906558130301
1226,18.512999999999998,74.247,0.19384,0.16013623812116562
1227,18.515,74.238,0.1362,0.16042198947017872
1228,18.515,75.181,0.1562,0.21120107040892766
1229,18.517,74.23100000000001,0.14144,0.1606777756311043
1230,18.517,75.319,0.42103,0.22366350362433574
1231,18.519000000000002,74.233,0.19646,0.16070038759525507
1232,18.522000000000002,74.191,0.1886,0.16214674740699897
1233,18.523,74.984,0.26313000000000003,0.19198635453852597
1234,18.523,74.24,0.1624,0.16066850806708477
1235,18.524,74.208,0.09951900000000001,0.16164892193916924
1236,18.524,74.248,0.1624,0.1605050958326798
1237,18.524,75.157,0.3425,0.20801803356926885
1238,18.525,74.192,0.17288,0.16224803140532607
1239,18.526,74.89699999999999,0.14032,0.18418837923223463
1240,18.527,73.509,0.24641999999999997,0.23248210509037726
1241,18.527,75.421,0.17282,0.23089347172752972
1242,18.528,75.058,0.10189,0.1983645746021483
1243,18.528,74.234,0.19384,0.16102513925957074
1244,18.528,75.145,0.14365999999999998,0.20650241494683141
1245,18.528,75.396,0.21735,0.2288143143395135
1246,18.531,74.23899999999999,0.1493,0.16100693162335644
1247,18.532,75.333,0.091866,0.2231431775594167
1248,18.532,75.439,0.10477,0.23164600740515995
1249,18.533,75.399,0.13614,0.22845774213232006
1250,18.533,74.529,0.20631999999999998,0.1617566871713918
1251,18.533,75.399,0.11517999999999999,0.22845774213232006
1252,18.535,74.251,0.16764,0.16084795646077998
1253,18.535999999999998,74.556,0.071815,0.16262779338230415
1254,18.535999999999998,75.064,0.28068000000000004,0.19824820302381652
1255,18.535999999999998,76.203,0.075157,0.2245468263566356
1256,18.537,74.405,0.1624,0.15944583825241998
1257,18.537,74.8,0.40349,0.17600067804492014
1258,18.538,75.139,0.10022,0.20501276801459734
1259,18.538,74.362,0.26371999999999995,0.15938586159864276
1260,18.54,74.038,0.14868,0.17144798578950238
1261,18.54,75.28399999999999,0.10774,0.21802123633778336
1262,18.541,74.038,0.1562,0.17152090094257733
1263,18.541,74.141,0.14032,0.1652773590848685
1264,18.541,74.15899999999999,0.33331,0.16441550813566153
1265,18.541,74.289,0.18417999999999998,0.16023577724654647
1266,18.541,74.039,0.15787,0.17144966426835584
1267,18.541,74.153,0.3684,0.16469515473088736
1268,18.541,74.37899999999999,0.09604299999999999,0.1594295884385566
1269,18.541,74.03399999999999,0.18377000000000002,0.17180790382544076
1270,18.541,74.03699999999999,0.18377000000000002,0.1715923433235379
1271,18.542,74.807,0.06021900000000001,0.17627457437407634
1272,18.543,74.15,0.35086,0.16495051833811192
1273,18.543,74.237,0.09428099999999999,0.16156245138643055
1274,18.543,74.15899999999999,0.2105,0.16452542039362772
1275,18.543,74.171,0.10522999999999999,0.16398537011853975
1276,18.543,74.146,0.10522999999999999,0.1651449645761892
1277,18.543,75.167,0.17540999999999998,0.20714248640917354
1278,18.544,74.411,0.09019500000000001,0.15959132533263587
1279,18.544,74.158,0.35086,0.164627228074248
1280,18.544,74.592,0.081841,0.16390274394694015
1281,18.544,74.23899999999999,0.19384,0.16154636978960502
1282,18.544,75.056,0.1988,0.1968733108329771
1283,18.545,74.28699999999999,0.14157999999999998,0.1604138276976993
1284,18.547,74.34899999999999,0.17549,0.15966540544004648
1285,18.547,74.25,0.16037,0.16136041660087863
1286,18.547,74.166,0.19296,0.16442471985107798
1287,18.547,75.123,0.091866,0.2027470871264545
1288,18.547,75.311,0.075291,0.21963356736052553
1289,18.548,74.253,0.15703,0.16132031672037161
1290,18.549,74.156,0.28068000000000004,0.16500270451054766
1291,18.549,74.156,0.33331,0.16500270451054766
1292,18.55,75.14399999999999,0.10022,0.20441143119451777
1293,18.55,74.168,0.26313000000000003,0.16449915886651345
1294,18.55,75.226,0.15202000000000002,0.21185691004802032
1295,18.551,75.149,0.072751,0.2047814411272375
1296,18.552,73.539,0.18585,0.23124431549061042
1297,18.552,74.16,0.26313000000000003,0.1649828030889221
1298,18.553,73.506,0.083512,0.2365543460950752
1299,18.553,74.108,0.20465,0.1678000351478015
1300,18.553,74.166,0.28068000000000004,0.16475807768355755
1301,18.554000000000002,74.166,0.24559,0.16481436746622502
1302,18.554000000000002,74.169,0.54384,0.16467591849293062
1303,18.555,75.262,0.15035,0.21457673658129528
1304,18.555999999999997,74.17,0.59648,0.16474218966540433
1305,18.555999999999997,74.84899999999999,0.5263,0.17871468930560142
1306,18.555999999999997,74.172,0.22804000000000002,0.1646507708445496
1307,18.555999999999997,74.154,0.33331,0.16550404369481508
1308,18.557000000000002,74.035,0.24559,0.17293348666953623
1309,18.557000000000002,75.067,0.15202000000000002,0.19686989558544332
1310,18.558,74.036,0.35086,0.17293550164824445
1311,18.558,74.03699999999999,0.42103,0.17286138755700564
1312,18.558,74.786,0.081841,0.17414658863724652
1313,18.558,75.206,0.083512,0.20932390403086443
1314,18.559,74.153,0.22804000000000002,0.16573065671610976
1315,18.56,75.27600000000001,0.16706,0.21531739003290706
1316,18.561,74.318,0.26313000000000003,0.16043777619818123
1317,18.561,74.166,0.2105,0.1652142002851551
1318,18.562,74.782,0.12278,0.17373478118832797
1319,18.562,74.17699999999999,0.17540999999999998,0.16476061661457964
1320,18.563,74.175,0.26313000000000003,0.16490852622490004
1321,18.564,74.253,0.1562,0.1620174978094987
1322,18.566,75.146,0.14115999999999998,0.20326191742495014
1323,18.567,74.165,0.45611999999999997,0.16561346082441852
1324,18.567999999999998,74.163,0.43858,0.1657707381754172
1325,18.569000000000003,75.087,0.11692999999999999,0.19777010205032686
1326,18.569000000000003,74.64699999999999,0.21384,0.16594968982018454
1327,18.57,74.164,0.33331,0.1658412023921455
1328,18.57,74.95,0.17540999999999998,0.18594374806224667
1329,18.57,74.233,0.15703,0.16294505305524232
1330,18.570999999999998,74.738,0.5789300000000001,0.17069956866807168
1331,18.570999999999998,75.28399999999999,0.12361,0.21497337748329237
1332,18.572,74.169,0.38594,0.1657163766042935
1333,18.573,74.03699999999999,0.59648,0.17402271349202758
1334,18.574,74.01899999999999,0.29822,0.1755071115769964
1335,18.574,74.01899999999999,0.38594,0.1755071115769964
1336,18.574,74.025,0.40349,0.17503128232924026
1337,18.574,74.154,0.54384,0.16659184160199147
1338,18.574,74.582,0.13364,0.16331142564382084
1339,18.575,74.155,0.38594,0.16660217654790144
1340,18.575,74.17399999999999,0.20799,0.16565414532345146
1341,18.576,74.024,0.40349,0.17527173928865858
1342,18.576,74.02600000000001,0.31577,0.1751137921868079
1343,18.577,74.196,0.21550999999999998,0.1647647139526216
1344,18.577,74.157,0.54384,0.16662320597795666
1345,18.578,74.024,0.42103,0.17543405483986474
1346,18.578,74.145,0.17540999999999998,0.1673238127389146
1347,18.578,74.161,0.21468,0.1664797438325638
1348,18.579,74.024,0.43858,0.1755154587338782
1349,18.579,75.554,0.6491100000000001,0.23371122580801973
1350,18.579,74.176,0.3684,0.1657973730402127
1351,18.579,74.24600000000001,0.2017,0.1629515509333126
1352,18.579,75.553,0.26313000000000003,0.23365632339983222
1353,18.58,75.553,0.43858,0.23354874085220612
1354,18.58,76.384,0.16789,0.19218804836284076
1355,18.58,74.027,0.45611999999999997,0.17535876756785262
1356,18.581,74.967,0.1988,0.18673925445856687
1357,18.581,75.551,0.17540999999999998,0.23333151467755642
1358,18.581,75.501,0.36589,0.23037697406658386
1359,18.581,74.348,0.12111,0.1607223225461979
1360,18.583,74.215,0.23055,0.16430323399542457
1361,18.584,75.547,0.12278,0.23279156098365483
1362,18.585,75.536,0.22804000000000002,0.23206491303472943
1363,18.586,75.50399999999999,0.54886,0.23004933597670185
1364,18.587,74.87100000000001,0.13364,0.179015324175699
1365,18.587,75.14699999999999,0.14282999999999998,0.2017569217140026
1366,18.587,75.508,0.35086,0.2301945210467924
1367,18.588,75.551,0.24559,0.2325945148688242
1368,18.589000000000002,74.158,0.1988,0.1673329074636246
1369,18.589000000000002,74.169,0.15787,0.16675960709569715
1370,18.589000000000002,74.396,0.11262,0.1606050625432679
1371,18.589000000000002,75.002,0.16037,0.1891910530315103
1372,18.589000000000002,74.17399999999999,0.24559,0.16650743172250293
1373,18.589000000000002,75.04899999999999,0.23556,0.19314384353063896
1374,18.589000000000002,75.07600000000001,0.14868,0.19545561139941903
1375,18.59,74.172,0.8245600000000001,0.16667041237760172
1376,18.59,74.164,0.20715999999999998,0.1670809209019558
1377,18.590999999999998,75.561,0.49121000000000004,0.23282391578496575
1378,18.590999999999998,75.554,0.26313000000000003,0.23244852638372937
1379,18.592,75.493,0.6491100000000001,0.22875754343522636
1380,18.592,75.553,0.54384,0.23229191677483807
1381,18.592,75.559,0.28068000000000004,0.23261483689682572
1382,18.594,75.263,0.25895999999999997,0.2112161528203741
1383,18.594,75.494,0.61402,0.22862399010129708
1384,18.596,75.499,0.50876,0.22874169710581194
1385,18.596,74.21300000000001,0.22053000000000003,0.16512386706741855
1386,18.596,75.539,0.43858,0.2311139905594486
1387,18.596,75.158,0.12695,0.20207731921752747
1388,18.599,74.32,0.21325999999999998,0.16189076180133288
1389,18.6,75.008,0.084347,0.1891046253391354
1390,18.6,74.079,0.20715999999999998,0.17303654475030505
1391,18.6,74.258,0.21802,0.16362541810178144
1392,18.602,75.036,0.20131,0.19131103921216985
1393,18.602,74.123,0.18126,0.17024583176592156
1394,18.604,75.327,0.17540999999999998,0.21565128943448775
1395,18.605,74.465,0.03046,0.16118601917888165
1396,18.607,74.096,0.17207,0.17238660071173129
1397,18.607,75.555,0.45611999999999997,0.23091576760350452
1398,18.608,75.45,0.19296,0.22443309237251086
1399,18.608,75.101,0.16371,0.19643118657500147
1400,18.608,75.586,0.40349,0.2323899081941646
1401,18.608,75.206,0.1328,0.2053516570416829
1402,18.609,75.025,0.16037,0.19004229536584027
1403,18.609,75.616,0.26313000000000003,0.2336543374139337
1404,18.609,75.047,0.1729,0.19185261809442544
1405,18.61,75.435,0.24559,0.22322786857898724
1406,18.612000000000002,74.23899999999999,0.1988,0.1649850175803046
1407,18.613,74.173,0.22971999999999998,0.16811428356137736
1408,18.614,75.59,0.24559,0.2320066983499579
1409,18.615,75.237,0.061999,0.2074672289920253
1410,18.615,74.157,0.2222,0.16913556580801292
1411,18.615,75.157,0.3425,0.20074647352744712
1412,18.618,74.294,0.18936,0.1634374361816563
1413,18.618,74.90899999999999,0.14032,0.18067363892271204
1414,18.618,75.241,0.066803,0.20759181778318414
1415,18.619,74.109,0.15035,0.17242114750973492
1416,18.619,74.39399999999999,0.23389000000000001,0.16163379999517313
1417,18.619,75.166,0.14868,0.20125862042996356
1418,18.621,74.873,0.10022,0.1780401774900212
1419,18.621,75.547,0.07014400000000001,0.2291926287214915
1420,18.621,75.627,0.10522999999999999,0.23296674837866616
1421,18.622,74.094,0.17374,0.17369523087058136
1422,18.622,74.119,0.18878,0.1719831588496069
1423,18.622,75.014,0.1562,0.18854680897938558
1424,18.622,75.067,0.012724,0.19283895035887844
1425,18.623,74.18,0.17875,0.16841741548544142
1426,18.623,74.292,0.13358,0.16375732764750273
1427,18.623,74.455,0.23556,0.1616189743343368
1428,18.624000000000002,74.095,0.1846,0.17378304465618766
1429,18.624000000000002,74.188,0.15703,0.1680645629016596
1430,18.624000000000002,75.51899999999999,0.0526,0.22736628218918975
1431,18.624000000000002,75.561,0.26313000000000003,0.2296619522512363
1432,18.624000000000002,75.617,0.49121000000000004,0.23228017050443883
1433,18.625999999999998,74.399,0.20265,0.16186025845928276
1434,18.625999999999998,74.084,0.15452,0.17473988240953153
1435,18.625999999999998,75.065,0.095208,0.1924802207495272
1436,18.627,73.73,0.15787,0.2128315383088737
1437,18.627,75.51899999999999,0.59648,0.22710846628162606
1438,18.627,75.57600000000001,0.33331,0.23014869379204084
1439,18.63,74.566,0.13364,0.16327054490465165
1440,18.631,75.592,0.07014400000000001,0.23055675013217647
1441,18.633,75.243,0.10774,0.20676901129034164
1442,18.633,75.539,0.59648,0.2277212233736643
1443,18.634,74.139,0.20382,0.17160084895319538
1444,18.635,75.615,0.49121000000000004,0.23121942698161357
1445,18.636,74.157,0.15787,0.17064145151740195
1446,18.637,75.243,0.11692999999999999,0.20652048904890397
1447,18.637,75.624,0.3684,0.23141569077367852
1448,18.637,74.17399999999999,0.20715999999999998,0.1697255413072194
1449,18.637,75.09100000000001,0.16706,0.19407735766514678
1450,18.637,75.115,0.16037,0.19603406442680538
1451,18.637999999999998,74.032,0.61402,0.17990717693776737
1452,18.639,74.031,0.43858,0.18008273722852242
1453,18.643,75.569,0.6842,0.22845162096027816
1454,18.644000000000002,75.627,0.54384,0.23094324615100836
1455,18.644000000000002,74.289,0.2222,0.16501606173595929
1456,18.645,74.40100000000001,0.11262,0.16261946181407483
1457,18.645,75.093,0.16622,0.19387743020817216
1458,18.646,74.117,0.23221999999999998,0.17399758527879305
1459,18.647000000000002,73.79899999999999,0.1562,0.2060104271350216
1460,18.649,74.4,0.22119,0.16280487189238135
1461,18.649,74.196,0.20883000000000002,0.1693728569181865
1462,18.649,74.294,0.21468,0.1651406600222518
1463,18.649,75.036,0.050094,0.1891998469231818
1464,18.65,75.571,0.33331,0.22799193688963848
1465,18.651,74.98,0.044245,0.18486868447882665
1466,18.652,74.023,0.8421,0.18197045126883138
1467,18.652,75.584,0.85964,0.2284534074631287
1468,18.652,75.574,0.47367,0.2279811444447689
1469,18.653,75.072,0.12612,0.19187335169079878
1470,18.653,73.999,0.78947,0.18425941645004107
1471,18.653,74.021,0.17540999999999998,0.18224201391145423
1472,18.654,74.53,0.086352,0.16314895489966785
1473,18.654,74.625,0.1624,0.16523460762841657
1474,18.654,74.032,0.56139,0.18136082981241086
1475,18.656,75.577,0.49121000000000004,0.22781722003744742
1476,18.656,74.22,0.16371,0.16863136181119232
1477,18.657,75.127,0.16789,0.19608591514688323
1478,18.657,74.138,0.70004,0.1734525392878873
1479,18.659000000000002,75.11,0.12361,0.19464733666595824
1480,18.665,74.227,0.8947299999999999,0.1689146838841773
1481,18.667,73.667,0.48536,0.2269377365988844
1482,18.667,73.875,0.062625,0.19888382661696336
1483,18.667,74.67,0.19296,0.16691335474437097
1484,18.669,74.172,0.18209,0.17223215117239343
1485,18.67,74.11399999999999,0.23221999999999998,0.17619469258302012
1486,18.676,75.131,0.17540999999999998,0.19565201739887905
1487,18.677,74.26,0.23448000000000002,0.16821745546678202
1488,18.679000000000002,74.233,0.16121,0.1696143867811335
1489,18.679000000000002,74.377,0.20265,0.16463718968136165
1490,18.680999999999997,74.96600000000001,0.082041,0.18315700904607302
1491,18.680999999999997,75.032,0.1729,0.1879238821497785
1492,18.684,74.699,0.71929,0.16823042830273227
1493,18.684,74.324,0.22386999999999999,0.16627823635086525
1494,18.689,74.653,0.18598,0.16673755272259083
1495,18.69,74.21600000000001,0.42103,0.1713114049478266
1496,18.691,74.28399999999999,0.20465,0.16816493240880537
1497,18.691,75.156,0.10774,0.19707424390264328
1498,18.691,74.88600000000001,0.31577,0.17776312854054133
1499,18.694000000000003,74.21300000000001,0.17875,0.1717825296522979
1500,18.695999999999998,75.078,0.11525999999999999,0.19099138644392644
1501,18.698,74.23899999999999,0.22386999999999999,0.17070975677579647
1502,18.702,74.707,0.18074,0.1688370419746904
1503,18.703,75.17699999999999,0.15787,0.1983016159075196
1504,18.703,75.973,0.2105,0.22688402269281538
1505,18.704,74.29899999999999,0.15703,0.168461743175222
1506,18.705,74.176,0.15118,0.17488030733648185
1507,18.707,74.37100000000001,0.15118,0.16638077614999547
1508,18.708,74.385,0.13358,0.16611782170457234
1509,18.713,74.343,0.40349,0.16753405082653483
1510,18.714000000000002,75.97,0.38594,0.2263481257266159
1511,18.715,74.127,0.18794,0.17917140774652707
1512,18.715999999999998,74.312,0.20047,0.16879697192171816
1513,18.715999999999998,74.822,0.19384,0.17418808093526128
1514,18.715999999999998,74.377,0.54384,0.16678821950203382
1515,18.717,73.675,0.08518200000000001,0.2322454465379602
1516,18.718,74.745,0.40349,0.1706348104799993
1517,18.719,74.986,0.050595,0.18406983531191357
1518,18.722,74.334,0.19546,0.16842707259374234
1519,18.725,74.749,0.14144,0.17093834110361805
1520,18.732,74.646,0.1886,0.16775860458827574
1521,18.734,74.792,0.18074,0.17298077069300566
1522,18.736,74.752,0.40349,0.17130297928853688
1523,18.737000000000002,73.806,0.32329,0.21585432569371565
1524,18.738,76.38600000000001,0.47367,0.18160132194899908
1525,18.739,75.089,0.13865,0.19106580238318416
1526,18.746,74.33,0.29822,0.17027150877521247
1527,18.746,74.828,0.040068,0.1749095707638436
1528,18.746,74.586,0.13355999999999998,0.16721736305595947
1529,18.747,74.743,0.5263,0.17123436346769838
1530,18.747,74.774,0.19646,0.172468323106588
1531,18.748,74.25399999999999,0.19713,0.17385630719021294
1532,18.748,74.236,0.19797,0.17484358259264843
1533,18.75,74.301,0.1988,0.17174551994586518
1534,18.75,74.972,0.14376,0.18312124969564691
1535,18.753,74.786,0.18336,0.1731243845198127
1536,18.753,74.346,0.24559,0.1702083408147237
1537,18.754,74.243,0.15787,0.17495396615956638
1538,18.756,75.459,0.11692999999999999,0.2162059193219319
1539,18.756,76.141,0.1362,0.2130276612861739
1540,18.757,74.865,0.35086,0.17698216241404052
1541,18.757,74.53399999999999,0.19646,0.16739508468691666
1542,18.759,74.851,0.12863,0.1762996036507205
1543,18.761,74.187,0.20047,0.17903699407920448
1544,18.761,74.53399999999999,0.10298,0.16761000428937867
1545,18.762,74.29,0.16956,0.17319286982643944
1546,18.765,74.168,0.17540999999999998,0.18073830480287445
1547,18.767,74.3,0.18209,0.1731322613111015
1548,18.768,75.11,0.11944,0.19236266513190348
1549,18.771,74.098,0.16204000000000002,0.1868876891934642
1550,18.773,75.056,0.13698,0.18869055909221522
1551,18.773,74.17399999999999,0.15118,0.18105639030182574
1552,18.774,74.34,0.08641900000000001,0.17201007810210245
1553,18.775,73.483,0.20465,0.2717104304872543
1554,18.776,74.098,0.16037,0.18739389084669256
1555,18.776,74.895,0.18544000000000002,0.17892879818501262
1556,18.779,74.22800000000001,0.20382,0.17800938838735214
1557,18.781,74.756,0.070161,0.17278499674974113
1558,18.782,75.137,0.081941,0.19421488425749622
1559,18.784000000000002,74.186,0.068891,0.18124007060008485
1560,18.785,75.178,0.09604299999999999,0.19704888618051764
1561,18.785999999999998,74.808,0.14533,0.1749914500616392
1562,18.785999999999998,75.214,0.1186,0.19954371115425995
1563,18.788,75.415,0.13698,0.21283082144937127
1564,18.788,75.87,0.50876,0.2259265852556226
1565,18.789,74.914,0.19212,0.18022895130626138
1566,18.79,74.648,0.2252,0.17022378188196507
1567,18.791,74.406,0.13358,0.17115933306357278
1568,18.791,74.417,0.015005000000000001,0.17087769858587742
1569,18.792,74.837,0.11262,0.17645298620881833
1570,18.792,74.854,0.30073,0.17724384853467667
1571,18.792,75.16,0.11692999999999999,0.19580499463383216
1572,18.794,74.566,0.12044,0.1695412372022861
1573,18.795,74.125,0.2222,0.18701749417826508
1574,18.795,74.83800000000001,0.1886,0.1765906791383245
1575,18.796,74.855,0.20465,0.1774082262486505
1576,18.798,74.34,0.14901,0.1739255311624447
1577,18.801,74.416,0.11262,0.17164279453771047
1578,18.805,74.146,0.15118,0.18630898561284304
1579,18.809,74.256,0.12834,0.17904923105054338
1580,18.81,74.377,0.15711,0.17351370510684405
1581,18.81,74.385,0.09951900000000001,0.17324534927512514
1582,18.81,74.617,0.12047999999999999,0.17083163578958882
1583,18.812,74.717,0.11609000000000001,0.17284685822970136
1584,18.814,74.378,0.11262,0.17380249471404585
1585,18.815,74.227,0.10737999999999999,0.1814028183838522
1586,18.816,74.66,0.1624,0.171777193180786
1587,18.819000000000003,73.851,0.07098,0.2198754960949656
1588,18.819000000000003,74.135,0.19421,0.18864272508307312
1589,18.820999999999998,74.682,0.09951900000000001,0.17246523102158218
1590,18.823,74.83,0.1755,0.17723269719869028
1591,18.828,74.40100000000001,0.1231,0.1741837817120978
1592,18.829,74.531,0.12047999999999999,0.17183015266513768
1593,18.83,74.389,0.14406,0.1747388074434636
1594,18.83,74.712,0.11259000000000001,0.17361712824281894
1595,18.83,74.85600000000001,0.17374,0.17862408702410282
1596,18.831,74.767,0.14144,0.17523810339435164
1597,18.834,73.419,0.11275,0.2912343870032539
1598,18.834,73.922,0.047587,0.21253797392526275
1599,18.834,74.134,0.27775,0.1902948969460071
1600,18.834,73.836,0.16915,0.22378526726654335
1601,18.834,73.852,0.18794,0.2216045565578877
1602,18.835,73.834,0.12528,0.22418616161886995
1603,18.835,74.384,0.19384,0.1753295509133419
1604,18.836,74.20100000000001,0.089777,0.1852378427289757
1605,18.836,75.166,0.10189,0.19657642743216408
1606,18.836,75.89399999999999,0.31577,0.22450733478069418
1607,18.837,75.405,0.10189,0.21183991785118716
1608,18.839000000000002,76.212,0.15787,0.2042200613597348
1609,18.840999999999998,74.567,0.14406,0.17252710675397687
1610,18.842,74.749,0.11517999999999999,0.1752314413675523
1611,18.842,74.21600000000001,0.6491100000000001,0.1847768667121953
1612,18.843,74.773,0.19296,0.17601680633178673
1613,18.844,74.954,0.12027,0.18392950223443394
1614,18.845,74.633,0.19384,0.17310372244436567
1615,18.848,74.337,0.14406,0.17837166629383572
1616,18.848,74.91199999999999,0.19713,0.1819321335233105
1617,18.851,73.834,0.037562,0.22620064137748608
1618,18.851,74.285,0.2105,0.18130926914721435
1619,18.857,74.47,0.18377000000000002,0.17474806572613688
1620,18.857,74.622,0.12572,0.17378804976694973
1621,18.857,76.219,0.13364,0.2034449132552112
1622,18.858,76.24,0.16706,0.2010412420282044
1623,18.859,74.648,0.066853,0.17416512267665885
1624,18.861,74.07,0.47367,0.19914713943108264
1625,18.862000000000002,74.91199999999999,0.18544000000000002,0.18250319049294628
1626,18.864,74.685,0.1624,0.17501577680079916
1627,18.864,74.777,0.22804000000000002,0.17724216550015015
1628,18.87,74.548,0.17288,0.17470080343685712
1629,18.871,76.043,0.08017,0.21841802229917961
1630,18.873,74.873,0.14701,0.18124872831154792
1631,18.875999999999998,74.752,0.16789,0.17721249264739258
1632,18.878,74.65899999999999,0.20694,0.17555780829380963
1633,18.879,74.425,0.15185,0.1777627566590846
1634,18.88,74.718,0.1755,0.17665484169684087
1635,18.884,74.785,0.13614,0.17862276615967576
1636,18.885,75.229,0.1587,0.20161328931482836
1637,18.886,75.197,0.11692999999999999,0.19964044762222533
1638,18.886,74.443,0.26313000000000003,0.17784680247284002
1639,18.887,75.09100000000001,0.13698,0.1931890122207881
1640,18.887,74.947,0.14667,0.18530838568696517
1641,18.889,74.859,0.1624,0.18149698178865592
1642,18.89,74.634,0.16764,0.17617627025070337
1643,18.893,74.699,0.2148,0.17715104178802998
1644,18.896,74.783,0.1624,0.17928684650584203
1645,18.897000000000002,74.649,0.15454,0.17679848756422867
1646,18.899,74.608,0.19646,0.1767481120566281
1647,18.901,74.821,0.20465,0.18078656567272866
1648,18.901,73.749,0.10649000000000002,0.2450192199391572
1649,18.903,74.902,0.18598,0.18403249389637633
1650,18.904,74.473,0.22528,0.17865582739966446
1651,18.904,74.78699999999999,0.20965999999999999,0.17990320674174587
1652,18.904,74.399,0.13097,0.1809425680914054
1653,18.905,75.08,0.06179,0.19323982426145547
1654,18.914,74.806,0.20465,0.18110785005553331
1655,18.918,74.512,0.10737999999999999,0.17908494016878473
1656,18.923,76.057,0.10189,0.2181598726732693
1657,18.924,73.83800000000001,0.3684,0.23492349736532425
1658,18.929000000000002,74.49600000000001,0.2017,0.1803793871958832
1659,18.933,75.611,0.14365999999999998,0.22260846250890975
1660,18.934,74.694,0.18544000000000002,0.1800511473881452
1661,18.936,75.01899999999999,0.066176,0.19138433392877607
1662,18.936,74.45,0.12044,0.18222491392243467
1663,18.938,74.80199999999999,0.1988,0.1825949505879133
1664,18.941,74.921,0.19053,0.1870454634896629
1665,18.942,74.91199999999999,0.16037,0.18673016545585686
1666,18.947,75.067,0.14617,0.19450532767556672
1667,18.948,74.827,0.20965999999999999,0.18403646302132293
1668,18.95,74.445,0.15192,0.18373454332836658
1669,18.951,74.536,0.12834,0.1816498357878501
1670,18.955,74.738,0.17026,0.1823578362662961
1671,18.956,73.594,0.53683,0.2772402930360027
1672,18.956,73.578,0.55788,0.27994848389960214
1673,18.961,76.066,0.22554000000000002,0.21858599755646624
1674,18.965,73.598,0.6420899999999999,0.2777463608644216
1675,18.965999999999998,75.086,0.075333,0.19657419888864858
1676,18.973,75.267,0.14926,0.20717382899762193
1677,18.974,74.898,0.084347,0.1883114768351386
1678,18.977,74.488,0.12834,0.18512815247879189
1679,18.977999999999998,74.166,0.13832,0.20359711837939543
1680,18.98,74.874,0.09951900000000001,0.18787719669484892
1681,18.983,74.76,0.17708,0.18500662001063561
1682,18.984,75.487,0.10273,0.21933951301537458
1683,18.985,73.755,0.10649000000000002,0.25503168016155975
1684,18.986,74.322,0.16764,0.19307667708677378
1685,18.989,74.771,0.19212,0.18571861552655444
1686,18.989,74.807,0.1988,0.18654886959907158
1687,18.996,74.702,0.17374,0.1852641672762657
1688,18.996,74.251,0.09951900000000001,0.19885510994212652
1689,18.996,74.483,0.15716,0.18717112753764897
1690,19.0,74.167,0.18544000000000002,0.2061034491469771
1691,19.000999999999998,74.877,0.21969,0.18957006253296083
1692,19.003,74.58800000000001,0.11262,0.18588523239444166
1693,19.006,75.084,0.093537,0.1989355829466285
1694,19.009,75.02199999999999,0.15716,0.19608350700846444
1695,19.009,74.866,0.17540999999999998,0.18984254725517535
1696,19.009,74.891,0.17792,0.19067325225804665
1697,19.009,74.85600000000001,0.15703,0.18953102102325314
1698,19.01,74.839,0.16789,0.18911155372006228
1699,19.011,74.876,0.1988,0.19032544745750823
1700,19.012,74.889,0.21969,0.19084110656218012
1701,19.014,74.134,0.38594,0.21081918280573386
1702,19.02,73.94800000000001,0.10607,0.23234122066384955
1703,19.02,74.762,0.19713,0.18819828162794505
1704,19.021,74.71600000000001,0.16789,0.1876506773074228
1705,19.022000000000002,74.882,0.15703,0.19141121372332204
1706,19.024,74.859,0.25144,0.190853375056243
1707,19.024,74.509,0.15503,0.18936089134476497
1708,19.024,75.042,0.10022,0.19810749898660274
1709,19.026,74.899,0.14509,0.19231050941362082
1710,19.027,74.421,0.15716,0.1926126706230047
1711,19.028,74.646,0.5789300000000001,0.18798667336047503
1712,19.028,75.46,0.097714,0.22022300759035962
1713,19.029,74.395,0.11262,0.19398083418289613
1714,19.03,74.671,0.24208000000000002,0.18819771681123365
1715,19.031,75.51100000000001,0.18074,0.22265260952040278
1716,19.035,74.39,0.8771899999999999,0.19488419627401832
1717,19.035999999999998,73.965,0.072651,0.23222075667245978
1718,19.037,75.37899999999999,0.00060988,0.21675211860364207
1719,19.038,74.51899999999999,0.10477,0.1905817476198578
1720,19.039,75.37,0.084347,0.21640868131419777
1721,19.041,74.539,0.099469,0.19045146058607076
1722,19.042,75.184,0.40349,0.2066376943697963
1723,19.042,74.768,0.50876,0.19028799030540056
1724,19.042,75.464,0.19296,0.22119664496423086
1725,19.051,74.207,0.75438,0.2087623252063956
1726,19.051,74.524,0.11262,0.19184103340090997
1727,19.052,74.758,0.12834,0.19106126526470935
1728,19.053,73.65100000000001,0.24559,0.2802721291668998
1729,19.055999999999997,75.87899999999999,0.11692999999999999,0.23005144240542252
1730,19.06,74.987,0.09604299999999999,0.1984639521245346
1731,19.061,74.67399999999999,0.044245,0.1912423722582961
1732,19.07,73.859,0.10477,0.2506375953822966
1733,19.070999999999998,74.37100000000001,0.26313000000000003,0.19994070255868623
1734,19.070999999999998,73.87899999999999,0.10477,0.24797934758913542
1735,19.073,73.878,0.11524000000000001,0.24837167060757903
1736,19.076,74.554,0.15716,0.1938784248225639
1737,19.076,73.854,0.1362,0.2521054249700564
1738,19.077,73.863,0.15716,0.2509663543842916
1739,19.077,73.855,0.10477,0.25209131349424774
1740,19.077,74.664,0.14701,0.19286669502268072
1741,19.079,74.59100000000001,0.31577,0.1935926992256597
1742,19.081,74.53699999999999,0.13594,0.19478478847622316
1743,19.081,73.862,0.10477,0.2516147225410422
1744,19.084,74.571,0.15202000000000002,0.1944342586829152
1745,19.085,74.687,0.15703,0.19370684377654335
1746,19.085,74.232,0.80701,0.21084242622091942
1747,19.085,74.696,0.1988,0.19373412262983114
1748,19.087,75.085,0.38594,0.20507584403294254
1749,19.088,74.142,0.5789300000000001,0.21912515871730964
1750,19.089000000000002,76.067,0.15716,0.22491230951727936
1751,19.090999999999998,75.483,0.1044,0.2251563603270509
1752,19.093,74.672,0.15703,0.1945244321746986
1753,19.093,73.852,0.12577,0.25454565236245397
1754,19.097,74.632,0.10607,0.19510086168870222
1755,19.098,74.73899999999999,0.061999,0.19535532042245718
1756,19.098,74.26100000000001,0.47367,0.21018537793003478
1757,19.101,74.054,0.43858,0.22989009347429046
1758,19.101,74.312,0.45611999999999997,0.20697950008653054
1759,19.102999999999998,74.67399999999999,0.18878,0.195578057732961
1760,19.102999999999998,74.719,0.16789,0.1957101425048957
1761,19.108,74.747,0.0071515,0.1964638762379317
1762,19.11,74.686,0.12612,0.1963241119508351
1763,19.11,74.141,0.096845,0.22195927493389178
1764,19.112000000000002,75.61,0.16706,0.2312690876038488
1765,19.113,75.804,0.086853,0.23426857794240963
1766,19.116,74.686,0.11609000000000001,0.19696504844070994
1767,19.118,75.023,0.18878,0.20504226116041735
1768,19.119,75.997,0.16873,0.2306065845949562
1769,19.12,74.699,0.13848,0.19741507146557657
1770,19.122,74.779,0.1988,0.1983096705247155
1771,19.123,74.714,0.58127,0.1977909835800351
1772,19.127,74.587,0.15716,0.19892542920013923
1773,19.127,74.709,0.18878,0.1981985074766398
1774,19.131,73.707,0.10607,0.28101244967998484
1775,19.131,73.706,0.13197,0.2811694172393614
1776,19.134,74.737,0.27232,0.19911239777778744
1777,19.135,74.779,0.15703,0.19967105038089628
1778,19.135,73.852,0.09813200000000001,0.2598391565594038
1779,19.135,74.20100000000001,0.068891,0.2195807438247982
1780,19.136,74.20100000000001,0.089777,0.21970530275222888
1781,19.137,73.941,0.18512,0.2480537210872833
1782,19.137,74.689,0.13614,0.1992438645421939
1783,19.139,74.715,0.12612,0.19952109365611947
1784,19.139,73.94800000000001,0.31737,0.24740575606224824
1785,19.144000000000002,74.679,0.17792,0.20002222740528774
1786,19.145,73.944,0.10577,0.24867516596409656
1787,19.147000000000002,73.944,0.13222,0.24892697272743158
1788,19.151,73.851,0.0062325,0.26197997478178425
1789,19.156,74.49,0.17174,0.20471872165984895
1790,19.158,74.72,0.16789,0.2016295205513121
1791,19.16,74.736,0.47241000000000005,0.2019368464252127
1792,19.16,76.203,0.11692999999999999,0.2197125077887334
1793,19.160999999999998,74.55199999999999,0.16756,0.20352687052764806
1794,19.163,74.723,0.14701,0.20219808752038226
1795,19.165,74.786,0.043158999999999996,0.20298816244069517
1796,19.165,74.745,0.025698000000000002,0.2025537084883815
1797,19.166,74.29899999999999,0.38594,0.21580276225069506
1798,19.166,74.753,0.0050628,0.20273008634423884
1799,19.168,73.699,0.34384000000000003,0.2867528357223549
1800,19.169,73.874,0.37024,0.2610135720604322
1801,19.17,74.76899999999999,0.0018881,0.20332956648826317
1802,19.17,73.71600000000001,0.079334,0.28434526822482975
1803,19.17,74.726,0.39671999999999996,0.20299350475697087
1804,19.171,73.827,0.15867,0.26787407359254967
1805,19.171,73.874,0.13222,0.2612620459000897
1806,19.172,73.566,0.17540999999999998,0.30866307867306375
1807,19.173,73.711,0.13197,0.2854809208063893
1808,19.173,74.765,0.0016375,0.20361920540616663
1809,19.173,73.858,0.47617,0.26373027677170213
1810,19.174,73.829,0.15867,0.2679568827878608
1811,19.174,73.829,0.55542,0.2679568827878608
1812,19.174,73.836,0.39671999999999996,0.2669573483713975
1813,19.174,74.256,0.07014400000000001,0.21994626264247774
1814,19.174,74.718,0.26447,0.20341114229040802
1815,19.176,73.876,0.23723000000000002,0.2616073610161469
1816,19.176,74.714,0.16789,0.20362510299266767
1817,19.178,74.751,0.0035590000000000005,0.2040484492420328
1818,19.179000000000002,74.605,0.1587,0.20462316242590284
1819,19.179000000000002,74.734,0.18512,0.20404546285654768
1820,19.179000000000002,73.562,0.23799,0.3101176242489915
1821,19.18,74.56,0.10572999999999999,0.2055832850397189
1822,19.18,75.214,0.35086,0.21958317559882734
1823,19.180999999999997,73.877,0.1846,0.26208961106795026
1824,19.180999999999997,73.877,0.21134,0.26208961106795026
1825,19.180999999999997,74.778,0.0063995,0.20465115727263006
1826,19.182000000000002,73.854,0.39681,0.2654016928767474
1827,19.182000000000002,73.896,0.1851,0.2596300183944902
1828,19.182000000000002,74.755,0.005981800000000001,0.2045300073303047
1829,19.183,73.842,0.23801999999999998,0.26721383384233055
1830,19.183,73.903,0.7669100000000001,0.25881430760460555
1831,19.183,73.833,0.50252,0.26849175054781826
1832,19.184,73.736,0.5029100000000001,0.2829489187419826
1833,19.184,74.711,0.079318,0.20452695538697752
1834,19.185,73.734,0.18544000000000002,0.28337418491277344
1835,19.185,74.688,0.030143,0.20463869946702362
1836,19.186,74.271,0.45611999999999997,0.22030875752727208
1837,19.186,74.756,0.0029741999999999998,0.20498841579340077
1838,19.186,74.445,0.7669100000000001,0.21007166744338024
1839,19.187,73.85,0.34417,0.2665781118756224
1840,19.187,73.848,0.5029100000000001,0.2668591679653417
1841,19.188,73.854,0.52881,0.2661404429947958
1842,19.188,74.564,0.1587,0.20644462329168556
1843,19.189,73.85300000000001,0.58228,0.26640332863309757
1844,19.19,73.92,0.5554600000000001,0.2574296540351112
1845,19.19,74.515,0.15454,0.20797741676705928
1846,19.19,74.672,0.18878,0.20526405173194873
1847,19.19,73.898,0.42353999999999997,0.260352843378554
1848,19.191,74.72800000000001,0.63477,0.2053777646867908
1849,19.191,74.611,0.92564,0.20594611670581653
1850,19.191,74.707,0.37027,0.205322412711479
1851,19.192,73.676,0.18544000000000002,0.293205323311468
1852,19.192,73.89399999999999,0.23806999999999998,0.26113859895496716
1853,19.192,74.778,0.0036843,0.20588263429373488
1854,19.192999999999998,73.892,0.5029100000000001,0.2615320644726594
1855,19.192999999999998,73.682,0.7669100000000001,0.2923791900166146
1856,19.192999999999998,74.361,0.68771,0.21519515516619903
1857,19.192999999999998,75.093,0.18598,0.2152681069709833
1858,19.192999999999998,73.767,0.31744,0.27934664965267963
1859,19.192999999999998,74.13600000000001,0.61402,0.23287340643244303
1860,19.194000000000003,74.679,0.1988,0.20570118820633576
1861,19.194000000000003,73.91,0.052867,0.25924635115233385
1862,19.195,73.887,0.026701,0.2624557242729627
1863,19.195,73.96300000000001,0.31737,0.2525308877850466
1864,19.195999999999998,73.668,0.7669100000000001,0.2949330494323128
1865,19.195999999999998,73.801,0.0526,0.27469034357388833
1866,19.195999999999998,74.389,0.026417000000000003,0.21400169660752233
1867,19.197,74.54899999999999,0.8462799999999999,0.20787461795188777
1868,19.198,73.862,0.2648,0.2662541837497505
1869,19.198,74.67,0.18878,0.20620425650302765
1870,19.202,73.888,0.5029100000000001,0.2631828166297645
1871,19.202,74.426,0.052867,0.21288918358141495
1872,19.203,74.736,0.31737,0.20679056005202856
1873,19.203,75.642,0.26313000000000003,0.23939853432280844
1874,19.204,74.551,0.026417000000000003,0.2086679094123436
1875,19.204,73.71600000000001,0.31744,0.2883877324917363
1876,19.204,74.164,0.78947,0.2315756375593533
1877,19.205,74.722,0.74058,0.2069665450212942
1878,19.206,74.672,0.17792,0.20713132439667703
1879,19.206,74.673,0.1988,0.2071265566395889
1880,19.207,74.372,0.50249,0.2163024632287177
1881,19.207,75.487,0.6491100000000001,0.2347058898699952
1882,19.207,74.34100000000001,0.43858,0.21814514469898794
1883,19.208,73.913,0.66164,0.2605802231197347
1884,19.209,73.779,0.31735,0.27948230292521115
1885,19.209,73.77199999999999,0.026417000000000003,0.28051827664747575
1886,19.209,73.892,0.5029100000000001,0.26350339221807206
1887,19.209,74.898,0.17540999999999998,0.21004572161662927
1888,19.209,73.774,0.39671999999999996,0.2802217822634102
1889,19.209,73.906,0.079334,0.26163047318699295
1890,19.209,73.773,0.052867,0.28036997951638065
1891,19.209,75.568,0.43858,0.23783333444389765
1892,19.21,73.904,0.37006999999999995,0.2620195670577131
1893,19.21,76.47,0.28068000000000004,0.18913166278266735
1894,19.21,73.92399999999999,0.5289699999999999,0.25938357458812
1895,19.21,74.726,0.18512,0.20755864360784448
1896,19.211,74.211,0.13113,0.2282533468639365
1897,19.212,73.74600000000001,0.10572999999999999,0.28476284721048195
1898,19.212,73.905,0.34417,0.26213259481349427
1899,19.214000000000002,74.222,0.10607,0.22770258211926386
1900,19.214000000000002,73.90100000000001,0.9782799999999999,0.2629110653376763
1901,19.215,74.673,0.1988,0.20818674062806186
1902,19.217,75.64699999999999,0.43858,0.24077057343760333
1903,19.217,74.689,0.16789,0.2083630448659025
1904,19.217,74.883,0.16037,0.21056007330416104
1905,19.218,75.685,0.29822,0.24164383963590097
1906,19.221,74.671,0.15703,0.20890796234778541
1907,19.222,73.64399999999999,0.15787,0.30170612574102307
1908,19.223,75.362,0.10649000000000002,0.23078638751978442
1909,19.224,74.998,0.20047,0.21477085001010965
1910,19.225,74.73,0.16789,0.2093237160632644
1911,19.225,74.666,0.16789,0.20941333798533002
1912,19.226,74.609,0.37006999999999995,0.210155369870618
1913,19.226,74.609,0.2648,0.210155369870618
1914,19.226,74.61,0.8195399999999999,0.21013989236175223
1915,19.227,74.609,0.079334,0.2102761798585121
1916,19.227999999999998,74.676,0.17792,0.2097150194839028
1917,19.229,74.67699999999999,0.17792,0.2098294459272545
1918,19.23,74.505,0.10607,0.21317843862715424
1919,19.233,74.69800000000001,0.18878,0.21023971013988296
1920,19.234,75.65,0.38594,0.24240556458323015
1921,19.234,75.73899999999999,0.11692999999999999,0.24386082650034113
1922,19.235,75.755,0.2105,0.2440882222181212
1923,19.236,74.666,0.18878,0.21072949518409712
1924,19.236,76.357,0.13614,0.20914598278711827
1925,19.238,74.672,0.17792,0.21093255849008052
1926,19.238,75.399,0.7719199999999999,0.2339299596783082
1927,19.238,76.083,0.11609000000000001,0.23618867980357539
1928,19.239,74.501,0.17549,0.21442584246547003
1929,19.239,74.652,0.11509000000000001,0.21119935850163096
1930,19.241,75.658,0.40349,0.24323981819378016
1931,19.241,74.227,0.094372,0.23069378866236934
1932,19.242,74.705,0.1988,0.21130480743623947
1933,19.242,74.678,0.1988,0.2113812394460335
1934,19.243,74.78,0.23055,0.2117767254928088
1935,19.247,73.844,0.079318,0.27468588061266863
1936,19.250999999999998,74.26899999999999,0.42103,0.22863895930745903
1937,19.252,75.241,0.11108,0.22805989555633832
1938,19.256,74.671,0.17792,0.21311218265819531
1939,19.256,75.337,0.18627,0.23293518101947075
1940,19.257,74.689,0.17792,0.21314430939719875
1941,19.258,74.206,0.10189,0.23461270032724713
1942,19.258,74.675,0.15703,0.2133308764314633
1943,19.259,75.19,0.35086,0.226456491087613
1944,19.262,75.219,0.35086,0.22809964945435846
1945,19.262999999999998,75.207,0.28068000000000004,0.22765740974200488
1946,19.262999999999998,75.709,0.31577,0.24626176220065288
1947,19.267,75.15,0.24559,0.2255398857316815
1948,19.267,75.729,0.18335,0.24690483625577808
1949,19.268,74.501,0.00071013,0.21803735751746411
1950,19.269000000000002,76.282,0.3684,0.22197581796499022
1951,19.27,75.843,0.42103,0.24738842546323692
1952,19.272000000000002,74.706,0.088524,0.2149233233308454
1953,19.272000000000002,74.067,0.16789,0.24993324837852615
1954,19.273,74.192,0.14784,0.2377260080448801
1955,19.274,75.204,0.42103,0.22870634152539715
1956,19.278,74.734,0.088524,0.21567133438134878
1957,19.282,74.028,0.23723000000000002,0.2555131870163948
1958,19.289,74.794,0.0032248000000000003,0.21740954879913021
1959,19.289,75.936,0.43858,0.24765645420903382
1960,19.29,73.59100000000001,0.14701,0.31740006653001096
1961,19.292,74.645,0.14282999999999998,0.2177610338913939
1962,19.293,74.312,0.1186,0.23087417728103965
1963,19.293,74.775,0.21969,0.21771561543429685
1964,19.298,74.719,0.15703,0.2180976055961823
1965,19.299,75.92699999999999,0.35086,0.24890902584262053
1966,19.303,75.95,0.33331,0.24869178395889358
1967,19.307000000000002,74.406,0.19384,0.2270483891999301
1968,19.313,75.053,0.074322,0.2267999199052707
1969,19.314,73.998,0.58144,0.2628830351134894
1970,19.316,75.205,0.11525999999999999,0.23340417258778223
1971,19.317,75.22399999999999,0.093537,0.23436015897746088
1972,19.317999999999998,74.048,0.68771,0.2576704552434751
1973,19.32,74.775,0.022022,0.2210226762157088
1974,19.322,75.415,0.17540999999999998,0.2433592972273645
1975,19.323,75.439,0.11517999999999999,0.24445831900812842
1976,19.324,75.439,0.094205,0.24456700487084593
1977,19.326,74.003,0.31735,0.26373931584793897
1978,19.327,75.485,0.13614,0.24669713746103283
1979,19.331,74.014,0.92564,0.26306737190893803
1980,19.334,75.342,0.15787,0.24153726670086473
1981,19.338,75.15899999999999,0.11944,0.2339355383412397
1982,19.339000000000002,75.092,0.1624,0.23132732486097762
1983,19.342,75.421,0.42103,0.24580771366278864
1984,19.349,75.673,0.42103,0.25454422925312603
1985,19.35,75.255,0.081841,0.2394936767136001
1986,19.352,75.38600000000001,0.25227,0.24545987438091887
1987,19.355999999999998,75.618,0.23055,0.25409887346872106
1988,19.36,75.626,0.1988,0.2547350509537183
1989,19.363,75.243,0.5263,0.24046923003365828
1990,19.364,75.685,0.28068000000000004,0.25639121508665563
1991,19.365,74.789,0.15163,0.226731462616782
1992,19.366,74.793,0.0068173,0.22689244367536754
1993,19.373,74.75,0.08017,0.22750270706872877
1994,19.375999999999998,74.508,0.19471,0.2314697481687329
1995,19.378,74.666,0.08936000000000001,0.22836397979048972
1996,19.38,74.563,0.13355999999999998,0.23035663785203042
1997,19.385,75.653,0.43858,0.258112782448466
1998,19.385,76.564,0.24559,0.19319734061728666
1999,19.386,75.3,0.42103,0.24564655997890306
2000,19.387,75.203,0.24559,0.2415633639516005
2001,19.389,74.6,0.1044,0.23068727552725088
2002,19.39,75.255,0.54384,0.24415777475667289
2003,19.392,74.344,0.1044,0.24131693324223535
2004,19.394000000000002,75.592,0.38594,0.25764154091698654
2005,19.394000000000002,74.594,0.082776,0.23144249442696474
2006,19.394000000000002,74.796,0.12612,0.23044117610713355
2007,19.395,74.274,0.1587,0.24638954156914317
2008,19.395,74.141,0.31744,0.2574988911823124
2009,19.396,74.274,0.68771,0.24651386362659633
2010,19.396,74.274,0.23799,0.24651386362659633
2011,19.396,74.274,0.10572999999999999,0.24651386362659633
2012,19.396,74.645,0.16873,0.23087565335126026
2013,19.397000000000002,74.641,0.2105,0.23105305543692822
2014,19.398,74.508,0.19471,0.23427260158522223
2015,19.398,74.64699999999999,0.12612,0.23110644525125357
2016,19.401,74.486,0.15949000000000002,0.2354409724447173
2017,19.402,74.793,0.0063912,0.23142493325520275
2018,19.403,74.39399999999999,0.13782,0.23985000260776423
2019,19.404,74.538,0.10472999999999999,0.23409260325891457
2020,19.408,75.666,0.2105,0.26096117807382724
2021,19.41,74.792,0.13614,0.23242885211617903
2022,19.416,74.484,0.18336,0.23742338889374082
2023,19.418,75.475,0.49121000000000004,0.2565669659156806
2024,19.42,74.846,0.16789,0.23433561282362558
2025,19.42,73.819,0.26898,0.2973991827617438
2026,19.421,73.892,0.37006999999999995,0.28805658508071696
2027,19.424,75.22800000000001,0.22804000000000002,0.24705791679112887
2028,19.424,75.23100000000001,0.26313000000000003,0.24718524034818323
2029,19.425,76.561,0.16037,0.19899432427553387
2030,19.426,74.438,0.3684,0.24059891072298667
2031,19.426,75.758,0.59648,0.2641797672869045
2032,19.428,75.238,0.38594,0.24796493518656382
2033,19.43,74.08,0.10022,0.2676128862997069
2034,19.43,75.992,0.33331,0.2612423197085173
2035,19.430999999999997,76.149,0.35086,0.2526724606229023
2036,19.434,75.233,0.33331,0.24847764064699618
2037,19.436,75.109,0.10189,0.24369596016116646
2038,19.437,75.218,0.24559,0.24820865554500138
2039,19.437,75.243,0.40349,0.24926428466083816
2040,19.438,75.22399999999999,0.45611999999999997,0.24858230461066622
2041,19.439,76.138,0.31577,0.2544128491277766
2042,19.439,75.242,0.22804000000000002,0.24946389432579374
2043,19.442,75.775,0.0083211,0.2660931217350393
2044,19.442,73.87100000000001,0.13113,0.2929183161475367
2045,19.442999999999998,75.203,0.13614,0.2483116998633086
2046,19.444000000000003,75.861,0.38594,0.26599785720302216
2047,19.447,74.54,0.15425,0.2395094523341178
2048,19.449,75.253,0.42103,0.2511415875330758
2049,19.45,75.167,0.35086,0.24769276740071966
2050,19.451,75.27,0.45611999999999997,0.25210450973060283
2051,19.453,74.766,0.064296,0.23772207363321773
2052,19.453,75.262,0.28068000000000004,0.2520078533076935
2053,19.453,75.256,0.40349,0.25175393520642264
2054,19.453,75.719,0.28068000000000004,0.2669368591891952
2055,19.453,75.719,0.2105,0.2669368591891952
2056,19.456,75.27199999999999,0.24559,0.25279518920932
2057,19.458,75.268,0.22804000000000002,0.2528685597773698
2058,19.458,75.248,0.3684,0.25202402992260997
2059,19.461,74.785,0.24140999999999999,0.2388565128970348
2060,19.461,76.36,0.31577,0.2350544889845576
2061,19.462,76.12,0.35086,0.25836876214175486
2062,19.465999999999998,74.844,0.15503,0.24013822633715876
2063,19.467,75.167,0.35086,0.24978405327948816
2064,19.467,73.815,0.20631999999999998,0.30261964163735977
2065,19.468,76.492,0.3684,0.21666379842353778
2066,19.469,73.541,0.14784,0.3408055635548115
2067,19.47,75.27,0.26313000000000003,0.25441213530902607
2068,19.47,74.586,0.60817,0.24129307822546053
2069,19.471,75.529,0.45611999999999997,0.2646613251306146
2070,19.475,75.298,0.45611999999999997,0.25619923527585364
2071,19.477,73.873,0.091866,0.2962332523246143
2072,19.477,75.318,0.35086,0.2572813204439247
2073,19.480999999999998,74.043,0.79364,0.2771920165460504
2074,19.483,75.233,0.26313000000000003,0.2544523541193251
2075,19.485,75.328,0.42103,0.2586692480309344
2076,19.487000000000002,75.256,0.45611999999999997,0.2559010910748114
2077,19.489,74.396,0.16764,0.25049336495653163
2078,19.49,75.667,0.2105,0.2704709947005305
2079,19.492,75.315,0.42103,0.2589784645758648
2080,19.493,75.322,0.43858,0.2593915501669163
2081,19.494,75.296,0.22804000000000002,0.25842928739581505
2082,19.494,75.325,0.28068000000000004,0.2596378487500137
2083,19.495,75.312,0.38594,0.2592187622695069
2084,19.496,75.348,0.33331,0.2608316782883636
2085,19.497,75.331,0.38594,0.26025148079353155
2086,19.498,75.685,0.31577,0.2717204523266561
2087,19.498,75.325,0.24559,0.26012447094597857
2088,19.5,75.267,0.35086,0.2579527007198743
2089,19.502,74.28399999999999,0.13222,0.2587415208624523
2090,19.502,75.85,0.16037,0.27285866777613144
2091,19.502,74.306,0.1587,0.2572796493804639
2092,19.502,75.68,0.3684,0.2721097735626966
2093,19.503,74.306,0.29095,0.2573996160835188
2094,19.503,74.308,0.47608999999999996,0.25727053344512973
2095,19.503,75.07300000000001,0.23473000000000002,0.2507153542801569
2096,19.503,75.294,0.3684,0.2594450868529822
2097,19.503,75.288,0.33331,0.2591951465080483
2098,19.503,75.289,0.33331,0.25923680789919934
2099,19.503,74.306,0.10572999999999999,0.2573996160835188
2100,19.504,74.308,0.81871,0.2573905047452938
2101,19.504,74.308,0.29091999999999996,0.2573905047452938
2102,19.504,74.309,0.1851,0.2573262314887469
2103,19.505,74.306,0.10572999999999999,0.25763936233471874
2104,19.505,74.305,0.39671999999999996,0.25770407103935133
2105,19.505,74.807,0.14144,0.24464636858059208
2106,19.505,74.286,0.1851,0.25896315717651475
2107,19.505,74.301,0.13222,0.2579644673651157
2108,19.506,74.308,0.026417000000000003,0.2576302600689113
2109,19.506,74.301,0.13222,0.25808407646325104
2110,19.506,74.306,0.13222,0.2577591413314041
2111,19.506,75.33800000000001,0.12278,0.2616352032214012
2112,19.507,74.237,0.66123,0.2627022065505018
2113,19.507,74.303,0.34384000000000003,0.2580732481584259
2114,19.507,75.77600000000001,0.42103,0.2736629449241148
2115,19.508,75.223,0.33331,0.2571152757334286
2116,19.508,74.808,0.12047999999999999,0.24503759916594792
2117,19.508,74.29899999999999,0.5289699999999999,0.25845403127340083
2118,19.509,74.301,0.13222,0.25844252044652016
2119,19.509,74.30199999999999,0.1851,0.25837732454284046
2120,19.51,75.688,0.26313000000000003,0.273180985218926
2121,19.51,75.351,0.22804000000000002,0.2626549541860218
2122,19.514,75.376,0.40349,0.26415423370801716
2123,19.514,75.844,0.1587,0.27431950358766954
2124,19.516,75.68,0.29822,0.2737606602634094
2125,19.517,75.25,0.35086,0.2593353638433735
2126,19.517,76.192,0.1186,0.2595979955834983
2127,19.518,74.93,0.12829000000000002,0.2483747790397609
2128,19.519000000000002,75.35,0.35086,0.2637087956492903
2129,19.519000000000002,75.20100000000001,0.35086,0.25757833778000216
2130,19.519000000000002,75.375,0.45611999999999997,0.26472066106086367
2131,19.52,75.722,0.42103,0.27481070101827376
2132,19.52,75.745,0.40349,0.27502492825917213
2133,19.521,75.361,0.42103,0.2643990193555755
2134,19.522000000000002,75.237,0.35086,0.2594157942329588
2135,19.522000000000002,75.35,0.26313000000000003,0.2640739339871214
2136,19.524,75.666,0.29822,0.2744630198162088
2137,19.527,75.358,0.26313000000000003,0.2650072867050851
2138,19.527,74.24600000000001,0.10577,0.2643670153092005
2139,19.527,76.46600000000001,0.42103,0.22845432869095594
2140,19.528,73.935,0.24391999999999997,0.2939171630066293
2141,19.529,75.757,0.49121000000000004,0.2761665699002749
2142,19.531,75.157,0.12528,0.25732181957201683
2143,19.532,76.001,0.081841,0.27286149854462094
2144,19.533,75.267,0.33331,0.2620044050292414
2145,19.534000000000002,75.175,0.40349,0.2583989233449525
2146,19.535,75.90100000000001,0.38594,0.27603795725445557
2147,19.537,75.73899999999999,0.26313000000000003,0.27698076936358773
2148,19.538,75.253,0.26313000000000003,0.26204362844981377
2149,19.538,75.3,0.10522999999999999,0.26397777995595073
2150,19.538,75.593,0.35086,0.2744973242167549
2151,19.539,74.90100000000001,0.28068000000000004,0.2503953520827782
2152,19.542,75.377,0.38594,0.2675939802370717
2153,19.547,75.32300000000001,0.33331,0.2660220995941407
2154,19.551,75.693,0.2105,0.2781007975014491
2155,19.552,76.084,0.26313000000000003,0.27130661971649306
2156,19.553,75.571,0.22804000000000002,0.2756890233153966
2157,19.554000000000002,75.123,0.14032,0.2588918872379796
2158,19.555999999999997,75.208,0.35086,0.26243648466162195
2159,19.558,75.618,0.11944,0.2774945584511844
2160,19.558,75.619,0.26313000000000003,0.2775178710704883
2161,19.558,75.756,0.33331,0.27958077584293084
2162,19.558,75.625,0.29822,0.2776555155745142
2163,19.558,75.84100000000001,0.10472999999999999,0.27952284242245196
2164,19.559,75.78399999999999,0.40349,0.27980545670271084
2165,19.56,75.25399999999999,0.35086,0.26479199363989825
2166,19.56,75.752,0.43858,0.2797918810902148
2167,19.561,75.743,0.38594,0.2798456018133303
2168,19.562,75.175,0.40349,0.2618712376567901
2169,19.567,75.57600000000001,0.17540999999999998,0.2774968287631343
2170,19.57,76.169,0.11025,0.2678294553401839
2171,19.570999999999998,74.696,0.16789,0.2526533625730675
2172,19.575,75.311,0.22804000000000002,0.26895486604736263
2173,19.576,74.046,0.39681,0.2869223995696787
2174,19.576,75.569,0.1886,0.27837535997937557
2175,19.577,74.652,0.15192,0.25371459569868904
2176,19.582,74.899,0.3684,0.25576692133752
2177,19.583,75.82300000000001,0.38594,0.2825742634491374
2178,19.583,74.679,0.15703,0.2542356274629415
2179,19.584,75.774,0.3684,0.28272538478359555
2180,19.586,76.054,0.13614,0.27693533887108845
2181,19.586,76.642,0.2105,0.20507643254453645
2182,19.587,75.598,0.28068000000000004,0.28045466999808355
2183,19.588,76.308,0.15787,0.257051489301224
2184,19.588,74.627,0.31577,0.2553691362702518
2185,19.59,75.729,0.14032,0.28314237819947374
2186,19.592,76.19,0.14365999999999998,0.2688241489825536
2187,19.594,75.583,0.086018,0.2808982036871779
2188,19.597,75.218,0.31577,0.2678883496973994
2189,19.597,75.271,0.45611999999999997,0.2700199210298855
2190,19.598,74.914,0.091866,0.25807863774088347
2191,19.599,75.407,0.087689,0.27566772516986204
2192,19.602999999999998,75.634,0.28068000000000004,0.2831859674905096
2193,19.604,75.645,0.38594,0.2835312571363995
2194,19.604,75.104,0.29822,0.2644076847045863
2195,19.605,75.624,0.19296,0.2832041624972217
2196,19.613,75.59899999999999,0.33331,0.28355955479134154
2197,19.615,75.79,0.59648,0.28639015713865346
2198,19.615,75.586,0.28068000000000004,0.2834652900468737
2199,19.617,75.587,0.38594,0.283727607309317
2200,19.619,75.64699999999999,0.24559,0.2853375176822128
2201,19.621,75.324,0.33331,0.2750713228021523
2202,19.621,75.308,0.29822,0.2744308517103782
2203,19.622,74.343,0.23715,0.2690380718262194
2204,19.623,75.66,0.31577,0.28605344362698304
2205,19.624000000000002,75.613,0.40349,0.2851934300071197
2206,19.625,75.337,0.088524,0.2760720554591336
2207,19.625,75.596,0.35086,0.2849004781533069
2208,19.625,75.61,0.35086,0.2852407264829899
2209,19.625999999999998,75.69,0.091031,0.28689604900373833
2210,19.625999999999998,74.611,0.33331,0.26022336510694377
2211,19.625999999999998,75.582,0.24559,0.284659124631379
2212,19.627,75.572,0.24559,0.2845094040458904
2213,19.627,74.792,0.15703,0.259811922258809
2214,19.627,75.756,0.33331,0.28768421628580665
2215,19.627,75.791,0.3684,0.2877900621218208
2216,19.628,75.218,0.28068000000000004,0.27167922455864657
2217,19.63,75.646,0.22804000000000002,0.2866088077387895
2218,19.63,75.369,0.31577,0.2779331587393795
2219,19.631,74.632,0.42103,0.26054027200342533
2220,19.631,75.648,0.17540999999999998,0.2867651641387028
2221,19.631,75.61399999999999,0.38594,0.28603946417215365
2222,19.632,75.616,0.28068000000000004,0.2862029239644944
2223,19.635,75.592,0.38594,0.2859762550251992
2224,19.635,75.584,0.40349,0.28577095269081676
2225,19.636,75.616,0.35086,0.28667206316472815
2226,19.636,75.59100000000001,0.26313000000000003,0.28606838166182535
2227,19.637,74.631,0.007452199999999999,0.2612734719790667
2228,19.637,75.605,0.26313000000000003,0.28653137197586565
2229,19.637,75.605,0.29822,0.28653137197586565
2230,19.637999999999998,74.031,0.96491,0.2943767001551385
2231,19.639,75.656,0.31577,0.28785267163300543
2232,19.641,75.62100000000001,0.29822,0.2873705572809294
2233,19.642,75.638,0.38594,0.28785165101647414
2234,19.642,75.60600000000001,0.40349,0.28714111755632776
2235,19.642,76.392,0.1186,0.2535241150430979
2236,19.643,75.59,0.2105,0.2868641275715258
2237,19.644000000000002,75.278,0.28068000000000004,0.2760075907440048
2238,19.644000000000002,75.292,0.47367,0.2765670136200905
2239,19.644000000000002,75.538,0.2105,0.28554009148170956
2240,19.646,75.57600000000001,0.24559,0.28685111580171774
2241,19.646,75.609,0.3684,0.28768000447567355
2242,19.647000000000002,75.703,0.29822,0.28952050263656415
2243,19.648,75.57,0.2105,0.2869238811627587
2244,19.649,75.61,0.28068000000000004,0.28805382399167867
2245,19.649,75.595,0.50876,0.287691867786777
2246,19.649,75.711,0.17540999999999998,0.28985010519207965
2247,19.65,75.654,0.12863,0.28909726373326117
2248,19.651,75.653,0.2105,0.2891948308175122
2249,19.651,75.577,0.35086,0.28746300884219933
2250,19.651,75.69,0.38594,0.28980848762204425
2251,19.653,75.65100000000001,0.12278,0.2893895352902124
2252,19.654,75.574,0.31577,0.28773373380856426
2253,19.655,75.58800000000001,0.28068000000000004,0.28821622023630944
2254,19.656,75.27600000000001,0.33331,0.2773704955047811
2255,19.657,75.569,0.43858,0.2879492210362957
2256,19.657,75.582,0.26313000000000003,0.28829503148073465
2257,19.657,75.577,0.26313000000000003,0.28816383320035555
2258,19.658,75.634,0.3684,0.28963202328193205
2259,19.658,75.743,0.31577,0.29119468479354316
2260,19.66,75.627,0.33331,0.28971597753770506
2261,19.660999999999998,74.797,0.13364,0.2639977818526963
2262,19.660999999999998,75.274,0.22804000000000002,0.27789005878386863
2263,19.662,75.109,0.0,0.27168605726053685
2264,19.663,75.52,0.29822,0.28722008838254265
2265,19.663,75.62,0.40349,0.28991078626006794
2266,19.664,76.093,0.15787,0.2839907403411238
2267,19.665,74.268,0.083512,0.2781262975163077
2268,19.665,75.452,0.2105,0.2851899335907536
2269,19.666,74.268,0.13113,0.27823071757114226
2270,19.668,75.709,0.3684,0.2920202009210392
2271,19.671,75.692,0.31577,0.2921459876857173
2272,19.672,75.257,0.38594,0.27852979326532445
2273,19.675,75.805,0.3684,0.29331365944990084
2274,19.677,75.63600000000001,0.35086,0.29186926529178325
2275,19.677,76.005,0.2105,0.2896741832154044
2276,19.677,75.693,0.3684,0.29284837327224034
2277,19.678,75.765,0.49121000000000004,0.29361301094904146
2278,19.68,76.164,0.1562,0.28120069199454434
2279,19.68,75.678,0.38594,0.29297164226903405
2280,19.680999999999997,75.367,0.38594,0.2839222621261448
2281,19.682000000000002,75.706,0.17540999999999998,0.2935884994825637
2282,19.685,74.168,0.23723000000000002,0.28708713471819136
2283,19.685,76.036,0.35086,0.28929705211306656
2284,19.685,74.169,0.44961,0.28701165924433847
2285,19.685,73.836,0.39681,0.3184082696251298
2286,19.686,74.169,0.26447,0.2871080299570259
2287,19.686,75.36399999999999,0.29822,0.2843945192799364
2288,19.686,73.843,0.71428,0.3177105440129856
2289,19.687,73.844,0.5555399999999999,0.31767171966391483
2290,19.688,73.837,0.21134,0.31850795974073565
2291,19.688,73.842,0.44943999999999995,0.3179605652867229
2292,19.688,73.836,0.5029100000000001,0.3186176574204197
2293,19.689,73.847,0.37006999999999995,0.31748555225398056
2294,19.689,73.844,0.2648,0.3178123792194454
2295,19.689,75.282,0.12829000000000002,0.28153684814969804
2296,19.689,75.265,0.42103,0.2808652265897752
2297,19.689,75.653,0.38594,0.29357505154794306
2298,19.692,75.221,0.49121000000000004,0.27949120206492273
2299,19.692999999999998,75.708,0.29822,0.29486450430657796
2300,19.694000000000003,75.21600000000001,0.3684,0.27953314820867936
2301,19.695999999999998,74.468,0.11517999999999999,0.2718000965176607
2302,19.695999999999998,75.274,0.43858,0.28204611272641744
2303,19.697,74.619,0.45611999999999997,0.2684721273055358
2304,19.7,75.571,0.35086,0.292972276143015
2305,19.7,75.65100000000001,0.29822,0.29479021792508164
2306,19.7,75.723,0.24559,0.29581808928044306
2307,19.703,75.624,0.24559,0.2945901111723891
2308,19.703,75.757,0.35086,0.2964083423013385
2309,19.703,75.227,0.35086,0.2810236379735126
2310,19.706,75.104,0.11500999999999999,0.27677534255265246
2311,19.709,76.09899999999999,0.31577,0.28876516508143846
2312,19.709,75.21,0.42103,0.2810681643339298
2313,19.71,74.619,0.42103,0.269958011991034
2314,19.711,74.672,0.17792,0.2696186812375928
2315,19.713,75.215,0.35086,0.28173048636533804
2316,19.713,74.64699999999999,0.2105,0.27001502434800073
2317,19.714000000000002,75.257,0.31577,0.28348617980473945
2318,19.714000000000002,75.35,0.19296,0.2871196475811191
2319,19.717,75.434,0.2105,0.2905925258714991
2320,19.718,75.21300000000001,0.40349,0.2822373629505086
2321,19.719,75.44,0.10522999999999999,0.29103419516741835
2322,19.722,74.641,0.47367,0.2710890108913674
2323,19.723,75.28699999999999,0.47367,0.2857080320238091
2324,19.725,75.21300000000001,0.33331,0.2830522683866942
2325,19.730999999999998,76.117,0.28068000000000004,0.2901293113346387
2326,19.732,74.579,0.0,0.2730017710109529
2327,19.732,75.02600000000001,0.18878,0.2772524143381826
2328,19.734,75.633,0.24559,0.2982603163065596
2329,19.734,75.693,0.14032,0.2992710220696826
2330,19.734,74.0,0.42321000000000003,0.3054650810120564
2331,19.734,74.018,0.8462799999999999,0.3038374687445513
2332,19.736,75.355,0.17540999999999998,0.2898378798326964
2333,19.74,76.359,0.31577,0.2692332006612097
2334,19.742,75.221,0.13530999999999999,0.28532369975139527
2335,19.742,75.673,0.31577,0.2998635089891081
2336,19.743,75.509,0.25811999999999996,0.29604209423934436
2337,19.749000000000002,74.635,0.28068000000000004,0.27415895535887636
2338,19.750999999999998,75.79899999999999,0.24559,0.30178632995035937
2339,19.750999999999998,74.01899999999999,0.29091999999999996,0.3050742987000924
2340,19.750999999999998,74.185,0.13222,0.2919882565190579
2341,19.753,74.184,0.63407,0.2922355553047232
2342,19.753,75.32,0.31577,0.29042191049155974
2343,19.754,75.77,0.42103,0.3020901932865454
2344,19.756,75.639,0.15787,0.30080192125237315
2345,19.756,75.798,0.33331,0.302327806252515
2346,19.756,75.71,0.086018,0.3018870918222374
2347,19.757,75.487,0.35086,0.2969030213720403
2348,19.764,74.548,0.012423,0.27703698678703437
2349,19.767,75.434,0.0526,0.29622110226075626
2350,19.768,75.65,0.28068000000000004,0.3023096834244545
2351,19.768,75.282,0.35086,0.2906365334838925
2352,19.772000000000002,75.23899999999999,0.26313000000000003,0.28941901834483763
2353,19.772000000000002,75.222,0.38594,0.2887645072967391
2354,19.773,75.23899999999999,0.28068000000000004,0.2895308824292002
2355,19.773,75.627,0.42103,0.3024060623762521
2356,19.774,75.247,0.35086,0.28995154046686944
2357,19.774,75.24,0.22804000000000002,0.2896812333397617
2358,19.775,74.669,0.091866,0.2767822666855325
2359,19.775,74.611,0.47367,0.27722577438384355
2360,19.775,75.516,0.28068000000000004,0.299783303787981
2361,19.776,75.243,0.40349,0.29002021908507936
2362,19.777,74.639,0.29822,0.2771737703827388
2363,19.777,75.25,0.42103,0.2904019632838315
2364,19.781,75.322,0.50876,0.2936242471392396
2365,19.782,75.24600000000001,0.28068000000000004,0.29080314648559813
2366,19.785999999999998,74.626,0.17540999999999998,0.27824351797098024
2367,19.787,74.778,0.11525999999999999,0.2783720472427631
2368,19.789,75.248,0.26313000000000003,0.29165400852552015
2369,19.789,75.25,0.28068000000000004,0.2917310712343051
2370,19.79,75.27,0.24559,0.29261255067186387
2371,19.791,76.361,0.5263,0.27460836149511814
2372,19.792,75.249,0.38594,0.29202260103123234
2373,19.8,75.469,0.19296,0.3009944163580933
2374,19.801,75.309,0.28068000000000004,0.2953135441114906
2375,19.802,74.183,0.15787,0.2965012894395397
2376,19.805,75.295,0.17540999999999998,0.295210009017011
2377,19.805,75.295,0.29822,0.295210009017011
2378,19.805,75.28699999999999,0.31577,0.2949028856157746
2379,19.807000000000002,75.295,0.19296,0.29542601372909616
2380,19.81,75.29,0.31577,0.29555754541195345
2381,19.81,75.62,0.22804000000000002,0.3061759910435623
2382,19.811,75.288,0.15787,0.29558841830440374
2383,19.811,75.617,0.15787,0.3062171359541308
2384,19.812,75.30199999999999,0.2105,0.29623203790464214
2385,19.812,75.295,0.38594,0.295964145672323
2386,19.812,75.291,0.22804000000000002,0.29581089706001484
2387,19.813,75.29,0.3684,0.2958799172637151
2388,19.813,75.296,0.35086,0.2961097319436138
2389,19.815,75.292,0.33331,0.29617088046147244
2390,19.816,75.293,0.3684,0.296316159341655
2391,19.816,75.297,0.19296,0.2964691991078281
2392,19.816,75.298,0.45611999999999997,0.29650743978925953
2393,19.817,75.292,0.40349,0.2963847723523365
2394,19.817,75.313,0.29822,0.2971865880163146
2395,19.820999999999998,75.42399999999999,0.49121000000000004,0.30169141169032343
2396,19.823,75.30199999999999,0.17540999999999998,0.29740554500896577
2397,19.824,75.297,0.3684,0.2973208266858125
2398,19.824,75.743,0.42103,0.3092966980040057
2399,19.825,75.314,0.33331,0.2980740496714611
2400,19.825,75.294,0.42103,0.2973122645199293
2401,19.828,75.289,0.38594,0.2974386615598882
2402,19.828,75.313,0.43858,0.29835275457537747
2403,19.829,75.322,0.22804000000000002,0.2987990961386927
2404,19.829,75.312,0.38594,0.29842013168647274
2405,19.833,75.314,0.24559,0.2989161774799505
2406,19.842,75.593,0.35086,0.30885338267480644
2407,19.842,74.616,0.59648,0.2840770889977188
2408,19.845,74.96600000000001,0.07527400000000001,0.2880660695078163
2409,19.859,75.25399999999999,0.11342,0.2993279040025637
2410,19.86,75.25,0.14032,0.2992782723688542
2411,19.86,75.899,0.12046,0.3119271458856768
2412,19.86,75.251,0.45611999999999997,0.2993162179739781
2413,19.862000000000002,75.253,0.29822,0.2995961004784633
2414,19.862000000000002,75.253,0.33331,0.2995961004784633
2415,19.862000000000002,75.257,0.45611999999999997,0.2997478649981161
2416,19.863,75.257,0.47367,0.29984963235321493
2417,19.864,75.25399999999999,0.3684,0.29983749900010326
2418,19.867,73.986,0.6876800000000001,0.31563260716332897
2419,19.868,73.991,0.21159,0.3152861201793712
2420,19.869,73.99600000000001,0.5554600000000001,0.31494256415282695
2421,19.869,75.441,0.38594,0.3071685525360017
2422,19.871,76.657,0.15787,0.23690856515784386
2423,19.873,76.505,0.45611999999999997,0.263349569835162
2424,19.874000000000002,75.889,0.3684,0.31341806632833147
2425,19.894000000000002,76.509,0.31577,0.26475340725241947
2426,19.896,74.737,0.15954000000000002,0.2892268992692122
2427,19.902,74.76,0.0015706,0.2899782329936287
2428,19.902,75.436,0.3684,0.3101927772993668
2429,19.902,73.991,0.79348,0.3171354201224157
2430,19.904,76.587,0.26313000000000003,0.252932284336447
2431,19.908,75.876,0.12528,0.31669901719504423
2432,19.908,75.358,0.33331,0.3080392908404632
2433,19.914,73.998,0.1851,0.3172135682099061
2434,19.916,74.774,0.005981800000000001,0.29143309811225837
2435,19.918,74.919,0.44943999999999995,0.2941699165727608
2436,19.929000000000002,76.124,0.2105,0.30911963244878427
2437,19.935,74.017,0.60834,0.31685423180172434
2438,19.945,76.378,0.26313000000000003,0.28725876712691845
2439,19.945999999999998,76.308,0.1886,0.29522044858368024
2440,19.945999999999998,75.26899999999999,0.3684,0.30827157233995717
2441,19.952,75.265,0.11524000000000001,0.3086605444700211
2442,19.953,75.26899999999999,0.54384,0.3088978809241072
2443,19.955,75.294,0.59648,0.3099993631590715
2444,19.961,75.21,0.24559,0.30742311153042634
2445,19.961,75.277,0.28068000000000004,0.3099000349276747
2446,19.971,76.39,0.1624,0.28786779496846215
2447,19.972,76.303,0.3684,0.29778342684500225
2448,19.974,75.056,0.1493,0.30316657041706907
2449,19.979,74.89,0.22846,0.2990058601493186
2450,19.994,74.87100000000001,0.15703,0.29986048005621024
2451,19.996,74.89699999999999,0.23055,0.30059253666875896
2452,20.005,75.093,0.16502,0.30701042838900183
2453,20.005,75.67,0.5263,0.32459222269430854
2454,20.006,75.317,0.19296,0.31512600936550084
2455,20.015,75.39399999999999,0.47367,0.31851317663418
2456,20.017,74.645,0.54384,0.29921354568992586
2457,20.019000000000002,75.844,0.29822,0.3258365182788887
2458,20.026,75.835,0.33331,0.326406631784359
2459,20.026,75.092,0.15192,0.3086593671415835
2460,20.029,74.619,0.75438,0.3001151385020393
2461,20.039,75.994,0.08017,0.32360127456742316
2462,20.054000000000002,74.642,0.29822,0.3018481198992744
2463,20.06,75.221,0.31577,0.31574764823074086
2464,20.072,75.23899999999999,0.1624,0.3172357723399787
2465,20.079,74.646,0.19296,0.30350562143388937
2466,20.08,75.149,0.15035,0.31458905982172714
2467,20.081,76.518,0.33331,0.27753756618957415
2468,20.086,76.172,0.31577,0.31654440952846785
2469,20.087,75.976,0.40349,0.32702046520464423
2470,20.088,74.807,0.12612,0.30566814816261156
2471,20.092,73.89399999999999,0.29095,0.33008717555511047
2472,20.093,73.89399999999999,0.29091999999999996,0.33009817253717544
2473,20.093,73.993,0.34417,0.32394194692952116
2474,20.098,75.163,0.12044,0.3162793614548458
2475,20.108,75.541,0.3684,0.3289890472431505
2476,20.108,74.79,0.1044,0.30667241818894686
2477,20.111,75.509,0.9523799999999999,0.32838437614078775
2478,20.125,75.273,0.38594,0.32181548937659177
2479,20.174,75.373,0.42103,0.32772292380077606
2480,20.187,74.057,0.7669100000000001,0.3220513486802834
2481,20.201,74.031,0.1587,0.32337866306123986
2482,20.208,74.214,0.23974,0.3161372981299012
2483,20.215999999999998,73.887,0.84636,0.3305566103576003
2484,20.218,74.051,0.5029100000000001,0.3225641456729952
2485,20.226,74.055,0.0526,0.32242532792719514
2486,20.229,74.0,0.39681,0.32488315918424526
2487,20.234,73.858,0.55542,0.3318404202201122
2488,20.235,74.081,0.21134,0.32137543287845016
2489,20.236,73.93,0.079318,0.3281779406283143
2490,20.241,74.07600000000001,0.23806999999999998,0.32160134517645655
2491,20.243,74.01,0.5029100000000001,0.3244012033394119
2492,20.248,74.09,0.0526,0.3210673004419865
2493,20.250999999999998,74.10300000000001,0.21134,0.3205780639209904
2494,20.253,74.714,0.13614,0.31256772266706556
2495,20.254,74.001,0.13197,0.3247514154214559
2496,20.257,74.044,0.21134,0.3229140296363353
2497,20.258,74.053,0.9523799999999999,0.32254502472270796
2498,20.26,73.906,0.13222,0.3290432719592289
2499,20.261,73.89,0.63477,0.3297932277031279
2500,20.268,75.373,0.020017,0.3311206089001274
2501,20.271,73.887,0.5289699999999999,0.3297558100738457
2502,20.273,74.055,0.52881,0.3224230355917276
2503,20.315,75.441,0.33331,0.33385906580336155
2504,20.317,75.992,0.50876,0.33223158224505156
2505,20.319000000000003,75.26,0.40349,0.3287652794899
2506,20.324,75.172,0.43858,0.32606739545229724
2507,20.325,75.399,0.29822,0.3329086742502646
2508,20.351,74.047,0.18544000000000002,0.32186534113510945
2509,20.354,75.967,0.47367,0.3328924792750333
2510,20.354,73.832,0.10572999999999999,0.3298292279563547
2511,20.357,74.116,0.0526,0.3196314458856887
2512,20.361,74.047,0.0526,0.3216806364606146
2513,20.361,74.07,0.2907,0.32095091451562574
2514,20.364,75.02199999999999,0.21159,0.32203802597609044
2515,20.372,74.04899999999999,0.18544000000000002,0.32139573266609023
2516,20.375,74.058,0.079334,0.3210542681430525
2517,20.375999999999998,73.99600000000001,0.47608999999999996,0.32302074592294683
2518,20.379,74.257,0.29095,0.3160575969697197
2519,20.381,74.26100000000001,0.5289699999999999,0.31596905599801817
2520,20.384,73.988,0.23806999999999998,0.3230720260010711
2521,20.386,74.262,0.37027,0.3159097261066107
2522,20.386,74.22399999999999,0.8199299999999999,0.31662956564996914
2523,20.387,74.263,0.34381999999999996,0.3158833520723212
2524,20.387,73.832,0.37024,0.32851295868596486
2525,20.387,74.263,0.50252,0.3158833520723212
2526,20.387999999999998,73.721,0.11692999999999999,0.33267263357102805
2527,20.387999999999998,74.265,0.5289699999999999,0.31583959890091806
2528,20.39,73.72399999999999,0.17540999999999998,0.33245151937232054
2529,20.399,73.84899999999999,0.95221,0.32738063676232
2530,20.4,74.32,0.079318,0.31490573354454765
2531,20.4,73.84899999999999,0.1587,0.327338031670503
2532,20.402,74.036,0.39681,0.32107514896741995
2533,20.412,74.336,0.18512,0.31460798549245117
2534,20.417,74.07600000000001,0.13197,0.3195540204454562
2535,20.417,74.112,0.31744,0.318629451393441
2536,20.417,74.051,0.31744,0.32023330198098077
2537,20.421,74.235,0.58187,0.3159443106062074
2538,20.421,74.26899999999999,0.23801999999999998,0.3153891797977241
2539,20.429000000000002,74.257,0.21159,0.31545012621513346
2540,20.434,76.501,0.43858,0.2828429816613076
2541,20.435,73.995,0.34417,0.3212452307708671
2542,20.435,74.0,0.18544000000000002,0.3211023749397238
2543,20.436,76.527,0.40349,0.27894693516197866
2544,20.442,75.42,0.45611999999999997,0.3330703174662353
2545,20.45,74.01100000000001,0.13197,0.3202632979413881
2546,20.451,74.059,0.2907,0.31898558154400114
2547,20.469,74.765,0.37024,0.3159821591970947
2548,20.47,75.351,0.24559,0.33094447714039144
2549,20.476,75.275,0.3684,0.328904474777037
2550,20.480999999999998,73.832,0.47608999999999996,0.32388697123718113
2551,20.484,74.774,0.079318,0.3159752473293844
2552,20.485,73.832,0.50252,0.3236622045944517
2553,20.487,74.759,0.13222,0.31566429556391484
2554,20.491,76.311,0.3684,0.30350887855881203
2555,20.495,74.781,0.44961,0.3159504057625182
2556,20.502,74.747,0.29095,0.31522823682657963
2557,20.506,75.63600000000001,0.28068000000000004,0.33382439856466894
2558,20.517,75.586,0.3684,0.33315190514670767
2559,20.517,75.717,0.3684,0.33308070347881147
2560,20.518,73.88,0.39671999999999996,0.320516022974322
2561,20.523000000000003,75.507,0.10607,0.33215700084065325
2562,20.537,74.02600000000001,0.079318,0.3162153707478832
2563,20.538,74.02600000000001,0.31744,0.3161667563621249
2564,20.545,74.431,0.47608999999999996,0.3115228643750362
2565,20.551,73.964,0.42321000000000003,0.3167548887091469
2566,20.57,74.44,0.37024,0.31073144934949615
2567,20.573,74.545,0.31735,0.31106324457904444
2568,20.574,74.007,0.052867,0.3146554476526252
2569,20.578000000000003,74.112,0.13113,0.31273713469337994
2570,20.583000000000002,73.922,0.29095,0.31571183414379544
2571,20.585,74.529,0.60832,0.31055304628666225
2572,20.587,73.788,0.34384000000000003,0.3180665251257009
2573,20.590999999999998,73.998,0.58144,0.31384833033383
2574,20.590999999999998,75.505,0.38594,0.3286943559218174
2575,20.592,73.932,0.29095,0.31495952143185335
2576,20.593000000000004,73.999,0.34384000000000003,0.3137145678293157
2577,20.593000000000004,73.998,0.76771,0.31373150614601886
2578,20.593000000000004,73.999,0.10572999999999999,0.3137145678293157
2579,20.594,73.99600000000001,0.1851,0.3137066976914732
2580,20.594,73.999,0.66123,0.313656011764906
