,lat,long,actual,predicted
0,17.895,73.404,0.88421,0.16541022343348247
1,17.895,73.406,0.88421,0.1653152735397507
2,17.895,73.407,0.97895,0.16526801764486018
3,17.95,74.847,0.43858,0.27937908328711825
4,17.95,74.852,0.56139,0.280319229765537
5,17.951,74.876,0.10522999999999999,0.2845438460572637
6,17.952,74.865,0.38594,0.28217517531628566
7,17.956,74.873,0.31577,0.2824939114763503
8,17.959,74.877,0.76858,0.28235540991119734
9,17.961,74.861,0.35086,0.2787875969552499
10,17.961,74.865,0.087689,0.2795313720145499
11,17.961,75.09100000000001,0.21969,0.32150381126934224
12,17.961,74.874,0.14032,0.28120657222149514
13,17.962,74.903,0.22804000000000002,0.28631714190125845
14,17.962,74.86399999999999,0.45611999999999997,0.27905399871183156
15,17.962,74.858,0.45611999999999997,0.27794008053302655
16,17.962,74.877,0.10522999999999999,0.2814711267643242
17,17.963,74.865,0.38594,0.27894857845594545
18,17.963,74.88600000000001,0.28068000000000004,0.2828511315214608
19,17.963,74.89699999999999,0.15787,0.2848993382538766
20,17.967,74.865,0.33331,0.27778814189910983
21,17.967,74.867,0.40349,0.2781574850978127
22,17.968,74.87899999999999,0.24559,0.28008374986064843
23,17.969,74.919,0.38594,0.28719103503745425
24,17.969,74.913,0.42103,0.28607965839316885
25,17.97,74.861,0.31577,0.2761867337867422
26,17.97,74.88,0.17540999999999998,0.27968502194448086
27,17.97,74.873,0.61402,0.278394975755328
28,17.97,74.92,0.3684,0.2870758981206203
29,17.971,74.874,0.087689,0.27828940830487225
30,17.971,74.881,0.17540999999999998,0.27957806699178933
31,17.972,74.896,0.25094,0.2820491236689989
32,17.973,74.90100000000001,0.5263,0.28267585440806964
33,17.974,74.861,0.15787,0.27504194793893677
34,17.974,74.862,0.35086,0.27522488950248425
35,17.977,74.907,0.33331,0.28260041486875176
36,17.977999999999998,74.89,0.17540999999999998,0.27919527384485465
37,17.977999999999998,74.90899999999999,0.28068000000000004,0.2826726706631496
38,17.979,74.905,0.35086,0.28164686335186895
39,17.980999999999998,74.903,0.33331,0.280696867407477
40,17.980999999999998,74.86399999999999,0.35086,0.27359927802264694
41,17.980999999999998,74.98100000000001,0.49121000000000004,0.29494469797163847
42,17.982,74.889,0.50876,0.2778563415700894
43,17.982,74.907,0.31577,0.2811343839118735
44,17.982,74.874,0.43858,0.27513027201048623
45,17.982,74.906,0.28068000000000004,0.2809521150888715
46,17.982,74.90899999999999,0.35086,0.2814989679395925
47,17.986,74.881,0.31577,0.2752596141110373
48,17.989,74.906,0.26313000000000003,0.2789194749828394
49,17.991,74.874,0.43858,0.2725843283099495
50,17.991,74.86399999999999,0.45611999999999997,0.2707906917373143
51,17.991,74.869,0.33331,0.2716870988733112
52,17.991,74.869,0.26313000000000003,0.2716870988733112
53,17.991,74.884,0.43858,0.27438104792010576
54,17.992,74.89699999999999,0.10522999999999999,0.2764349092966325
55,17.994,74.872,0.43858,0.2713857951902595
56,17.994,74.88600000000001,0.31326,0.2738918716908706
57,17.994,74.893,0.5029100000000001,0.2751469163118426
58,17.995,74.882,0.35086,0.27289407079306505
59,17.996,74.867,0.49121000000000004,0.2699369224316791
60,17.997,74.875,0.28068000000000004,0.2710846580885653
61,17.997,74.878,0.49121000000000004,0.27161946629284806
62,17.997,74.885,0.42103,0.2728683868150549
63,18.0,74.88,0.50876,0.27113906472223714
64,18.000999999999998,74.89,0.40349,0.27263724545026
65,18.000999999999998,74.882,0.31577,0.271215942537129
66,18.002,74.875,0.45611999999999997,0.2696971930952283
67,18.003,74.878,0.17540999999999998,0.2699518249032584
68,18.003,74.876,0.54384,0.26959790734466615
69,18.004,74.867,0.56139,0.2677329103332986
70,18.004,74.882,0.5789300000000001,0.2703827220575319
71,18.005,74.874,0.19296,0.26869346148818374
72,18.008,74.866,0.26313000000000003,0.2664657540845874
73,18.009,74.87100000000001,0.47367,0.26707087274674346
74,18.01,74.863,0.49121000000000004,0.265398018416506
75,18.01,74.87,0.19296,0.26662338552580567
76,18.014,74.869,0.2105,0.26536514678569445
77,18.018,74.969,0.35086,0.28174312804910695
78,18.021,74.859,0.21969,0.2617611136455176
79,18.023,74.865,0.43858,0.26226465533431353
80,18.025,74.858,0.45611999999999997,0.26053441399352506
81,18.025,74.865,0.14032,0.2617352341855378
82,18.025,74.865,0.33331,0.2617352341855378
83,18.026,74.86399999999999,0.28068000000000004,0.261299722222039
84,18.027,74.867,0.22804000000000002,0.26155011561739305
85,18.03,74.971,0.2105,0.27864749950375445
86,18.031,74.97399999999999,0.26313000000000003,0.27888029002953163
87,18.031,74.851,0.19296,0.25777627435859807
88,18.032,74.851,0.49121000000000004,0.25751787736028264
89,18.032,74.854,0.45611999999999997,0.2580267149461657
90,18.034000000000002,74.958,0.19296,0.2752803624226168
91,18.034000000000002,74.857,0.2105,0.2580178105303622
92,18.034000000000002,74.861,0.2105,0.2586956598843445
93,18.034000000000002,74.85300000000001,0.5789300000000001,0.25734066926713517
94,18.035,74.85600000000001,0.42103,0.2575902489112938
95,18.037,74.86399999999999,0.31577,0.25842590280335653
96,18.037,74.869,0.42103,0.2592715153632966
97,18.037,74.968,0.17540999999999998,0.2761536712860174
98,18.038,75.55199999999999,0.35086,0.3605466661683473
99,18.039,74.962,0.15787,0.2745685880506995
100,18.041,74.869,0.35086,0.2582350769020769
101,18.043,74.851,0.33331,0.2547038654375965
102,18.043,74.96300000000001,0.33331,0.27362746891263634
103,18.047,74.851,0.49121000000000004,0.253693477847174
104,18.05,74.464,0.066067,0.1959946005788968
105,18.053,74.888,0.42438000000000003,0.25832384483864745
106,18.053,75.074,0.2105,0.289439516731106
107,18.055,74.456,0.008438,0.1942645808497894
108,18.055999999999997,74.895,0.80701,0.25871622253264814
109,18.058,74.03399999999999,0.091031,0.16183997036002604
110,18.059,74.44800000000001,0.13364,0.19272488784629663
111,18.061,74.44800000000001,0.017486,0.19242673042786243
112,18.061,74.449,0.0083211,0.1925419354401218
113,18.061,74.888,0.17540999999999998,0.2562807292435062
114,18.063,74.902,0.50876,0.2580788324118386
115,18.063,74.454,0.16789,0.1928207913240179
116,18.064,74.444,0.15202000000000002,0.1915262798294655
117,18.064,74.44800000000001,0.08518200000000001,0.191982231850973
118,18.066,74.452,0.14365999999999998,0.19214442877588303
119,18.067,74.458,0.20131,0.19268546035769077
120,18.069000000000003,74.999,0.45611999999999997,0.27250390025731785
121,18.069000000000003,74.455,0.22136,0.19204436322607146
122,18.07,74.445,0.033460000000000004,0.19076549787974986
123,18.072,75.593,0.35086,0.3518585295470492
124,18.073,74.828,0.49121000000000004,0.24361430249860752
125,18.073,74.46,0.20631999999999998,0.1920253555136844
126,18.073,74.461,0.22386999999999999,0.19213956963663284
127,18.074,74.44800000000001,0.066084,0.19052427228441562
128,18.074,74.459,0.20215,0.19176433915993232
129,18.074,75.186,0.42103,0.3011235095164567
130,18.075,74.454,0.14533,0.1910527089910902
131,18.075,74.456,0.066084,0.19127819187740994
132,18.076,74.452,0.05184,0.1906834751731107
133,18.08,74.452,0.091031,0.19010930888177394
134,18.08,74.454,0.20215,0.19033153308631204
135,18.08,74.46,0.11525999999999999,0.19100241907506701
136,18.082,74.46,0.14784,0.19071344535383342
137,18.086,74.453,0.20549,0.18936848498818218
138,18.087,74.449,0.014419999999999999,0.188791877640649
139,18.089000000000002,74.455,0.06687799999999999,0.18916547601481318
140,18.09,74.453,0.091031,0.18880786891175375
141,18.092,74.092,0.17540999999999998,0.16230471693439244
142,18.094,74.904,0.59648,0.2506778428882961
143,18.105999999999998,74.916,0.12445,0.2496727489893076
144,18.108,74.42399999999999,0.033385000000000005,0.1834154285466704
145,18.109,74.64399999999999,0.24559,0.20902194742445138
146,18.112000000000002,75.075,0.00059317,0.2730489331426187
147,18.115,75.069,0.16288,0.27132202511958436
148,18.124000000000002,75.051,0.22804000000000002,0.26619747937441285
149,18.141,74.679,0.15454,0.2079858044611861
150,18.142,73.667,0.2506,0.16979082450244545
151,18.145,74.043,0.21468,0.1595212044308961
152,18.15,73.875,0.25687,0.16082018198723932
153,18.151,74.014,0.1963,0.15923783475991007
154,18.158,74.422,0.099469,0.17740537264024406
155,18.158,73.992,0.17959,0.15919965811162942
156,18.158,74.008,0.1963,0.15917437860385467
157,18.158,74.009,0.043828,0.1591746086225738
158,18.158,74.01100000000001,0.20883000000000002,0.15917570842565323
159,18.158,74.016,0.13573,0.159182192101434
160,18.16,74.889,0.28068000000000004,0.2334399965166605
161,18.165,75.186,0.43858,0.2754599988694898
162,18.165,74.449,0.13917000000000002,0.179008411604786
163,18.167,73.76899999999999,0.2318,0.16551228952209304
164,18.167,73.985,0.17332,0.15923362354928502
165,18.167,74.008,0.26313000000000003,0.1591304688711637
166,18.167,74.40100000000001,0.094205,0.17473149948588454
167,18.168,74.413,0.1231,0.1756028577250858
168,18.169,74.94800000000001,0.13882,0.240058064266955
169,18.17,74.385,0.14376,0.17319182763159505
170,18.17,74.367,0.16764,0.1718519791121729
171,18.171,75.184,0.7017399999999999,0.2736253955886915
172,18.171,75.76899999999999,0.11692999999999999,0.32775939880217986
173,18.172,74.40899999999999,0.09428099999999999,0.17487585491796356
174,18.172,75.16,0.19296,0.2700047026916689
175,18.173,75.183,0.17540999999999998,0.2729719314236284
176,18.174,73.985,0.24850999999999998,0.15925228151868162
177,18.174,74.403,0.08430499999999999,0.17420223647237046
178,18.174,74.421,0.11,0.1756489831205125
179,18.174,74.459,0.13097,0.17890112006230677
180,18.175,75.189,0.49121000000000004,0.27329200706164114
181,18.175,73.95,0.16497,0.15969353718118964
182,18.175,73.992,0.24850999999999998,0.15919937013186594
183,18.175,74.02600000000001,0.15035,0.159072307754599
184,18.175,74.426,0.15978,0.17595904191827474
185,18.176,74.388,0.13355999999999998,0.17285692826475366
186,18.177,74.03,0.17959,0.1590602590808393
187,18.177,74.38600000000001,0.14390999999999998,0.1726142980726512
188,18.177,74.408,0.14926,0.17430402319301178
189,18.178,74.77,0.1755,0.21340463538483415
190,18.178,74.031,0.13573,0.15905413955658085
191,18.179000000000002,74.487,0.11787,0.18088273598452134
192,18.179000000000002,74.944,0.21971999999999997,0.23732305409552715
193,18.179000000000002,75.187,0.22804000000000002,0.2719938913191232
194,18.18,75.157,0.45611999999999997,0.2675722586851589
195,18.18,75.158,0.45611999999999997,0.26771211851838883
196,18.18,75.172,0.14032,0.2696635712238332
197,18.180999999999997,74.028,0.24015999999999998,0.15903866764337257
198,18.180999999999997,74.029,0.017302,0.1590376526733334
199,18.180999999999997,74.44,0.14376,0.1765075980143094
200,18.182000000000002,74.517,0.15503,0.18338003126106409
201,18.182000000000002,74.277,0.16238,0.1653245009916449
202,18.183,73.667,0.15661,0.1727895231867045
203,18.183,74.002,0.12111,0.15914281494443103
204,18.184,74.385,0.10472999999999999,0.17190427031881153
205,18.184,73.976,0.029207,0.1594072766410671
206,18.185,74.02600000000001,0.089777,0.15902588729660908
207,18.185,74.381,0.14376,0.17152603533583935
208,18.186,74.42399999999999,0.14667,0.17469328131993425
209,18.186,73.994,0.12111,0.1592187130395453
210,18.186,75.189,0.45611999999999997,0.27049892272806486
211,18.186,73.619,0.17332,0.17668260508797998
212,18.186,74.384,0.12829000000000002,0.17165352104872258
213,18.186,74.498,0.15452,0.1810973451528756
214,18.187,74.47800000000001,0.17540999999999998,0.1791591125901232
215,18.187,74.392,0.11259000000000001,0.17214659962684245
216,18.187,74.85,0.10607,0.22251388705400657
217,18.187,74.973,0.40349,0.2397487508447024
218,18.188,74.439,0.1493,0.17570834092888413
219,18.188,74.425,0.11,0.17457710005712637
220,18.188,74.48899999999999,0.18794,0.18004023336099587
221,18.188,73.622,0.0856,0.17661616111671943
222,18.188,74.461,0.16706,0.17755891508903013
223,18.188,74.97399999999999,0.22804000000000002,0.23967600064866637
224,18.188,74.471,0.18377000000000002,0.17842908321525466
225,18.188,74.501,0.10477,0.1811458764922508
226,18.189,74.372,0.15454,0.17054565006986913
227,18.189,74.46300000000001,0.16288,0.17762508949636582
228,18.189,74.929,0.49121000000000004,0.23309730842090895
229,18.189,74.491,0.12361,0.18010982559674618
230,18.189,74.49,0.15202000000000002,0.1800187027685858
231,18.189,74.968,0.2105,0.23860969453568096
232,18.19,75.161,0.5263,0.26565526002759
233,18.191,74.95100000000001,0.24559,0.23578174596513427
234,18.191,75.15899999999999,0.24559,0.26513415150522046
235,18.191,74.486,0.18377000000000002,0.1794334755199131
236,18.191,74.858,0.14926,0.2228416464446711
237,18.191,74.92399999999999,0.2105,0.23198477006921495
238,18.191,74.958,0.5263,0.23676994652677744
239,18.192,73.959,0.24015999999999998,0.15976052682963185
240,18.192,74.903,0.26313000000000003,0.22885123906404406
241,18.192,74.439,0.10214,0.175307242803638
242,18.192,75.176,0.3684,0.2672258175775175
243,18.192999999999998,75.183,0.43858,0.2679347707304047
244,18.192999999999998,74.403,0.15978,0.17241554998807232
245,18.192999999999998,74.979,0.40349,0.23931370552994383
246,18.194000000000003,74.933,0.49121000000000004,0.2326315371205311
247,18.195,74.494,0.16037,0.17970998433750554
248,18.195,74.408,0.099469,0.1726055216053857
249,18.195,74.49600000000001,0.17457999999999999,0.17989102221893485
250,18.195,74.757,0.094205,0.20875586322039677
251,18.195,74.487,0.19128,0.17908184947310382
252,18.195,75.30199999999999,0.17540999999999998,0.2830018960434645
253,18.195999999999998,74.788,0.16473,0.2125755741683503
254,18.195999999999998,74.532,0.2017,0.18314704882867175
255,18.195999999999998,74.921,0.35086,0.23055126482462043
256,18.195999999999998,74.932,0.2105,0.23208349498635375
257,18.197,74.384,0.14140999999999998,0.1706986641688714
258,18.197,75.19,0.43858,0.267897517244836
259,18.197,74.977,0.22804000000000002,0.23818163065948098
260,18.197,75.347,0.5263,0.28793921655199717
261,18.198,74.40100000000001,0.13853,0.17182035315204405
262,18.198,74.934,0.28068000000000004,0.23195543688207257
263,18.198,75.186,0.5263,0.2671107959589645
264,18.2,74.738,0.13355999999999998,0.20553295068909364
265,18.2,74.92,0.49121000000000004,0.22961014134808014
266,18.2,73.959,0.1775,0.1598807618211023
267,18.2,74.688,0.13614,0.19945982355782158
268,18.2,74.98,0.10522999999999999,0.23796953384995925
269,18.2,74.919,0.12278,0.22947188660409182
270,18.2,74.932,0.56139,0.23127242726981792
271,18.201,74.435,0.15945,0.17411044755433705
272,18.201,73.92699999999999,0.25478,0.16065299814934617
273,18.202,74.925,0.49121000000000004,0.22990173477186696
274,18.202,73.929,0.03965,0.16062274949317593
275,18.203,74.414,0.11517999999999999,0.1723264138869283
276,18.203,74.706,0.19053,0.20114436182214548
277,18.203,74.42699999999999,0.094205,0.17330324483583484
278,18.203,74.434,0.13848,0.17384237312950182
279,18.203,74.931,0.31577,0.23053050261135447
280,18.203,74.491,0.10774,0.1785664231395279
281,18.204,74.22,0.09690399999999999,0.1616799881347897
282,18.204,74.923,0.49121000000000004,0.22922776025817063
283,18.204,73.939,0.18794,0.1604081520976857
284,18.205,74.44,0.12044,0.17412050911083723
285,18.205,74.699,0.12996,0.2000000474764896
286,18.206,74.389,0.12829000000000002,0.17028750894549818
287,18.206,74.477,0.10774,0.17704002379956554
288,18.206,74.97800000000001,0.40349,0.2364353311536508
289,18.206,75.197,0.12278,0.2666342508574604
290,18.206,74.392,0.12303,0.1704936460822807
291,18.206,73.934,0.18794,0.16058215401321643
292,18.206,74.889,0.29822,0.2241912263113012
293,18.207,74.931,0.38594,0.22973233453999423
294,18.207,74.888,0.17026,0.2238648519101523
295,18.208,73.758,0.12528,0.1684625053288085
296,18.208,73.883,0.20883000000000002,0.16227388220914488
297,18.208,73.975,0.19839,0.15969229768503604
298,18.208,73.983,0.18377000000000002,0.15955027298736638
299,18.208,74.392,0.12834,0.17032676838822072
300,18.209,74.918,0.29822,0.2275576823106529
301,18.209,74.456,0.15454,0.17500418613644855
302,18.209,74.419,0.15945,0.17215800039243415
303,18.21,74.428,0.086352,0.17273589709133322
304,18.21,74.421,0.19296,0.1722159931812615
305,18.21,74.97399999999999,0.61402,0.23505512002551446
306,18.211,74.416,0.15945,0.17176247289386873
307,18.211,74.929,0.17540999999999998,0.22866782057333493
308,18.212,74.923,0.22804000000000002,0.22765372181862678
309,18.212,74.92,0.17540999999999998,0.22724542889989477
310,18.213,74.92399999999999,0.24559,0.22759491087797326
311,18.213,74.933,0.24559,0.2288207919325266
312,18.213,74.92,0.24559,0.22705117664110577
313,18.214000000000002,74.915,0.26313000000000003,0.22617962591533627
314,18.214000000000002,74.425,0.13355999999999998,0.17215442366218695
315,18.214000000000002,74.9,0.13832,0.22415363182287965
316,18.214000000000002,74.637,0.15716,0.1916401717371369
317,18.215999999999998,75.078,0.1704,0.24814438162246724
318,18.215999999999998,74.461,0.14926,0.1747258008609183
319,18.215999999999998,74.78699999999999,0.13355999999999998,0.20902446970481273
320,18.215999999999998,74.915,0.35086,0.2257951391512947
321,18.215999999999998,74.923,0.49121000000000004,0.22687707252874248
322,18.217,73.717,0.31953000000000004,0.1717663359309133
323,18.217,73.72,0.18168,0.1715560695694154
324,18.217,73.758,0.24434,0.1690290562045839
325,18.217,74.911,0.12278,0.22506443488489716
326,18.218,74.90899999999999,0.15787,0.22460512323902396
327,18.218,74.919,0.22804000000000002,0.22595149067715584
328,18.218,75.211,0.26313000000000003,0.2655849522488023
329,18.219,74.763,0.16764,0.20554441783115365
330,18.219,74.86399999999999,0.11262,0.21843220732489846
331,18.22,74.317,0.067137,0.16497640642874048
332,18.221,74.41,0.10022,0.17048571240697666
333,18.222,73.877,0.20674,0.16303153955418467
334,18.222,74.73,0.18636,0.2010822746312443
335,18.223,74.41,0.19384,0.17032067989222047
336,18.223,74.796,0.22804000000000002,0.2089909091243182
337,18.223,73.934,0.24641999999999997,0.16100832509410848
338,18.223,74.439,0.16288,0.17238780905622889
339,18.223,74.982,0.18711,0.23351251983065072
340,18.224,74.301,0.16473,0.1639594000374636
341,18.224,75.184,0.26313000000000003,0.26062689848910503
342,18.224,74.413,0.10022,0.1704444458758392
343,18.224,74.442,0.067087,0.17252134799953425
344,18.224,74.018,0.26313000000000003,0.1591895597279636
345,18.224,74.318,0.02503,0.16478210953019726
346,18.225,74.187,0.24559,0.15996325736692898
347,18.225,73.658,0.13782,0.17688832872767332
348,18.225,73.72399999999999,0.30699,0.17185054592630514
349,18.225,73.917,0.25269,0.16161704182476336
350,18.225,73.933,0.21927,0.1610938119853669
351,18.225,74.415,0.16706,0.170499770557809
352,18.226,73.58800000000001,0.26313000000000003,0.18308598468600687
353,18.227,74.388,0.12044,0.1685535882592483
354,18.227,74.968,0.31577,0.23081943145424968
355,18.227,74.32,0.1231,0.16470080465370332
356,18.227,74.793,0.1755,0.20795731348961302
357,18.23,74.465,0.18067,0.17371994827525664
358,18.23,74.657,0.13355999999999998,0.19164218793967083
359,18.230999999999998,74.336,0.15978,0.16527134488799802
360,18.233,74.322,0.10022,0.16444282148890424
361,18.233,73.725,0.19421,0.17236191436205492
362,18.233,74.502,0.15064,0.17639917407514497
363,18.233,74.91,0.14926,0.22193749647719643
364,18.234,73.78699999999999,0.050094,0.1682832919146889
365,18.234,74.322,0.12194,0.16438425926647174
366,18.235,74.331,0.067137,0.16476993675753585
367,18.236,74.267,0.10022,0.16192791636419493
368,18.236,74.494,0.15454,0.1754482758835492
369,18.236,74.736,0.12303,0.1996794541864512
370,18.237000000000002,74.322,0.13197,0.16421048361621107
371,18.237000000000002,74.779,0.14668,0.2046381041901462
372,18.237000000000002,74.497,0.07331900000000001,0.17559510670963965
373,18.238,73.764,0.13782,0.1700079008809113
374,18.238,74.663,0.18636,0.19121998880612082
375,18.239,74.267,0.066853,0.16179373614702833
376,18.239,74.503,0.099469,0.17589058088994772
377,18.239,74.921,0.12046,0.22228284471554619
378,18.239,75.22800000000001,0.15035,0.26281546636817543
379,18.24,74.774,0.18594000000000002,0.2035689608524818
380,18.241,73.83800000000001,0.10607,0.16575065012481296
381,18.242,74.258,0.091866,0.16135126887350562
382,18.243,74.354,0.13197,0.16546583817180519
383,18.243,74.282,0.066853,0.16217152986088104
384,18.243,74.268,0.13364,0.1616544791940713
385,18.243,74.601,0.10477,0.184255407303941
386,18.244,74.807,0.14400000000000002,0.2069375974546446
387,18.245,74.455,0.099469,0.171646048880886
388,18.245,74.933,0.15716,0.22275590344501509
389,18.245,74.725,0.14667,0.1971034164459761
390,18.246,74.52199999999999,0.15716,0.176775745892539
391,18.246,74.619,0.15319000000000002,0.18566653137918013
392,18.247,74.351,0.033552,0.16506176167550116
393,18.247,74.92399999999999,0.16572,0.2212214550365024
394,18.248,74.73100000000001,0.13358,0.19735693867155782
395,18.248,74.673,0.12829000000000002,0.19097109105487323
396,18.249000000000002,74.263,0.020017,0.16123232635448817
397,18.249000000000002,74.495,0.12834,0.17430021298011125
398,18.249000000000002,74.735,0.13882,0.1976690924256155
399,18.249000000000002,74.375,0.13274,0.16622405092800632
400,18.249000000000002,74.543,0.16764,0.17826124998136264
401,18.25,74.678,0.12829000000000002,0.19124191783522196
402,18.25,74.707,0.11787,0.1943890968094665
403,18.250999999999998,73.83800000000001,0.043828,0.16627733798981528
404,18.250999999999998,74.85600000000001,0.56139,0.21185817282971234
405,18.250999999999998,74.488,0.17625,0.17357534117063114
406,18.250999999999998,74.312,0.088524,0.16299966827561255
407,18.252,73.881,0.25269,0.16411715552595327
408,18.252,74.304,0.15035,0.16261545934224544
409,18.252,74.332,0.10022,0.1638401816811397
410,18.252,74.40899999999999,0.10022,0.1680177017059952
411,18.253,74.316,0.075157,0.16306958672700547
412,18.254,74.274,0.075157,0.16139855394496674
413,18.254,74.307,0.066853,0.16264100796980388
414,18.254,74.317,0.041856,0.16306169996731093
415,18.255,74.64399999999999,0.1231,0.18707889661826108
416,18.255,74.29899999999999,0.058582,0.16227245376716462
417,18.256,74.301,0.034053,0.16230434157998844
418,18.256,74.601,0.12829000000000002,0.18275981344441775
419,18.256,74.876,0.12572,0.213528050544234
420,18.257,74.266,0.067471,0.16101421941763785
421,18.257,74.824,0.13358,0.2069484748154409
422,18.258,74.438,0.16037,0.16942419589497595
423,18.258,74.957,0.14144,0.22350808410282733
424,18.258,73.917,0.1587,0.16276904495003416
425,18.258,75.383,0.18042,0.2764515437670896
426,18.259,74.292,0.11192,0.16182562549123017
427,18.259,74.749,0.15978,0.1978355772818652
428,18.259,74.421,0.15035,0.16825727832462703
429,18.259,74.642,0.16764,0.1863938033106424
430,18.259,74.999,0.14376,0.22877412363774155
431,18.26,73.757,0.20674,0.17201349175612077
432,18.26,74.331,0.030043,0.1633660930183999
433,18.261,74.274,0.13364,0.16111704043735478
434,18.262,74.34899999999999,0.040068,0.16408970566698014
435,18.262,74.414,0.15787,0.16761286280250057
436,18.262,75.045,0.14926,0.23419310639310312
437,18.262,74.408,0.1729,0.16725310899717363
438,18.262,74.26899999999999,0.10022,0.16091840399886173
439,18.262,74.328,0.058598000000000004,0.16313082721736474
440,18.262,74.689,0.10455999999999999,0.1908513234838172
441,18.262,75.319,0.24977,0.26843471990613144
442,18.262999999999998,74.41199999999999,0.16037,0.16742283621301804
443,18.262999999999998,74.932,0.15787,0.21941079300438396
444,18.264,74.347,0.11692999999999999,0.16388497488460987
445,18.264,74.528,0.094205,0.17552915412625394
446,18.264,74.781,0.06021900000000001,0.2007854849149794
447,18.264,74.314,0.058598000000000004,0.1624462961611595
448,18.264,74.41,0.09019500000000001,0.16723479255243892
449,18.264,74.403,0.14282999999999998,0.1668242323430197
450,18.264,74.41199999999999,0.12278,0.167353829309163
451,18.264,74.415,0.10774,0.1675338247995757
452,18.264,74.734,0.15397,0.19545669948683456
453,18.265,74.407,0.09270199999999999,0.166990107530297
454,18.265,74.413,0.14868,0.16734474201649566
455,18.266,74.28699999999999,0.10607,0.1613528103006945
456,18.266,74.414,0.12695,0.1673357399710124
457,18.266,74.27199999999999,0.15035,0.16086235960806586
458,18.266,74.416,0.15536,0.1674554329405498
459,18.266,74.337,0.21885,0.16332186582898314
460,18.267,74.707,0.14144,0.19211673675246546
461,18.267,74.405,0.14282999999999998,0.1667401658072111
462,18.267,74.578,0.14140999999999998,0.17946709263113061
463,18.267,74.24600000000001,0.19384,0.16009190100568152
464,18.267,74.291,0.040068,0.16145020010690928
465,18.267,74.684,0.086352,0.1896915507453059
466,18.267,74.986,0.16238,0.2256102085155728
467,18.267,74.318,0.033401,0.16246621103817951
468,18.267,74.553,0.1362,0.17730603946883142
469,18.267,74.955,0.10217999999999999,0.22163882211505495
470,18.268,74.684,0.13882,0.18956605669371132
471,18.268,74.293,0.11192,0.1614789205656019
472,18.268,74.763,0.19053,0.1981489496669653
473,18.268,74.328,0.11192,0.16283118286848555
474,18.269000000000002,74.296,0.033401,0.16154322483284259
475,18.269000000000002,74.294,0.041856,0.16147275267907682
476,18.269000000000002,74.66199999999999,0.1231,0.18719529675411276
477,18.27,74.545,0.14400000000000002,0.17634777874967403
478,18.27,74.324,0.09687899999999999,0.16256837746021138
479,18.27,74.403,0.13197,0.1664290396216537
480,18.271,74.3,0.041856,0.1616022727730784
481,18.271,74.377,0.1912,0.1649628134392134
482,18.271,74.774,0.10477,0.19897292279484505
483,18.271,74.796,0.13882,0.20150105110459762
484,18.271,74.316,0.058548,0.16220170571245354
485,18.271,74.828,0.16764,0.2052609949165153
486,18.272000000000002,74.646,0.14929,0.1852541827242488
487,18.272000000000002,74.494,0.14926,0.1721980417327809
488,18.272000000000002,74.77199999999999,0.11787,0.1986041173086777
489,18.273,75.417,0.088524,0.27634907600134195
490,18.274,74.855,0.1516,0.20803194327379262
491,18.274,74.414,0.12278,0.16679747289480742
492,18.274,74.547,0.099469,0.17613175911391413
493,18.274,75.664,0.49121000000000004,0.2947356397575994
494,18.275,74.418,0.16037,0.16696396556859497
495,18.275,74.42699999999999,0.14282999999999998,0.16749778889282566
496,18.275,74.648,0.07331900000000001,0.18510236206874223
497,18.276,74.524,0.14400000000000002,0.1741138309012267
498,18.276,74.847,0.14144,0.2067614078553163
499,18.276,74.891,0.14667,0.2120944475854505
500,18.276,73.723,0.20256,0.17584050033942286
501,18.276,74.329,0.088524,0.16248977962476766
502,18.277,74.321,0.058548,0.16212629850406315
503,18.277,74.329,0.1445,0.16244322482368137
504,18.277,74.405,0.24225,0.16609364039281996
505,18.277,74.72,0.10737999999999999,0.19220704918400502
506,18.277,75.126,0.35086,0.2416512470182888
507,18.278,74.297,0.033552,0.16121472974052134
508,18.279,74.509,0.16764,0.17271387887459203
509,18.279,74.711,0.19471,0.19099972863959283
510,18.279,74.609,0.11787,0.18098929896702057
511,18.28,74.918,0.13358,0.21476654273693
512,18.281,74.976,0.06689400000000001,0.22183897222344587
513,18.281,74.348,0.15716,0.1630481724019537
514,18.282,74.405,0.15035,0.16578273567999027
515,18.282,74.51899999999999,0.15716,0.17320693555311187
516,18.282,74.44,0.13097,0.16780536602430232
517,18.282,75.265,0.26313000000000003,0.25767203376563796
518,18.284000000000002,74.374,0.1044,0.16408052199302772
519,18.285,74.301,0.058582,0.16107887286521985
520,18.285,74.441,0.10774,0.16766069037926581
521,18.285999999999998,74.699,0.09690399999999999,0.18888975618786022
522,18.287,74.423,0.10774,0.16647160951001563
523,18.287,74.429,0.1729,0.16681593949415133
524,18.287,74.692,0.11517999999999999,0.18805852483602206
525,18.289,74.429,0.10774,0.16668684237516188
526,18.289,74.602,0.12695,0.17933291863549075
527,18.289,75.65,0.35086,0.2902674765279524
528,18.29,74.568,0.17549,0.17635051385876624
529,18.29,74.78699999999999,0.14144,0.19778765500909182
530,18.291,74.503,0.14140999999999998,0.17129474497117994
531,18.291,74.55,0.16764,0.17481140011495747
532,18.291,74.74600000000001,0.13097,0.19317713841360032
533,18.291,74.596,0.10782,0.17861174791104553
534,18.292,75.671,0.45611999999999997,0.2905146895635672
535,18.292,74.569,0.075909,0.17624647813787367
536,18.293,74.42399999999999,0.17457999999999999,0.16615163835837612
537,18.293,74.429,0.12361,0.16643263366817443
538,18.293,75.005,0.13097,0.2233802701972444
539,18.294,74.362,0.10189,0.16302170898072757
540,18.294,74.406,0.09604299999999999,0.1651219578904937
541,18.294,74.425,0.1729,0.16614558608791044
542,18.294,73.804,0.11902,0.17105245960880686
543,18.294,74.413,0.081841,0.16549099405955117
544,18.294,74.413,0.088524,0.16549099405955117
545,18.294,74.443,0.10774,0.16717897946258212
546,18.295,74.541,0.16238,0.1737625040403459
547,18.295,74.936,0.14376,0.21452498797479982
548,18.295,74.655,0.10472999999999999,0.18352910600499586
549,18.295,74.301,0.033485,0.16071595146326315
550,18.296,74.464,0.14376,0.16832230038749876
551,18.296,74.992,0.10472999999999999,0.221246841783201
552,18.296,73.67399999999999,0.1232,0.18184237995873012
553,18.296,73.596,0.26063000000000003,0.18951613555326627
554,18.296,75.36,0.28068000000000004,0.2652176071744101
555,18.296,74.402,0.067638,0.16480241201676563
556,18.296,74.426,0.10774,0.16607820702393486
557,18.296,74.722,0.06808099999999999,0.190031751027566
558,18.297,74.372,0.15035,0.16331584138422509
559,18.297,74.388,0.10858,0.1640568174911661
560,18.297,74.752,0.10477,0.19304866675391633
561,18.298,74.446,0.1303,0.16709513907211163
562,18.298,73.727,0.1587,0.17732543955362148
563,18.299,74.407,0.12278,0.16488887543275524
564,18.299,74.686,0.10214,0.1860619326585309
565,18.299,74.41199999999999,0.064296,0.16514714287456336
566,18.3,74.411,0.09604299999999999,0.16503818557220087
567,18.3,74.368,0.13447,0.1629942989033817
568,18.3,74.604,0.1362,0.17841950529130493
569,18.3,74.73,0.16756,0.1903686705111667
570,18.301,74.30199999999999,0.10732,0.16054235306508893
571,18.301,74.773,0.16472,0.19478466825622645
572,18.301,75.319,0.5263,0.25971515730370354
573,18.301,74.415,0.11609000000000001,0.1651892159261579
574,18.301,74.668,0.19889,0.184103624146757
575,18.301,74.774,0.14144,0.1948926611472687
576,18.301,74.59899999999999,0.14144,0.17789706304604805
577,18.301,75.672,0.17540999999999998,0.2883463028684907
578,18.301,73.874,0.1963,0.16696957136728266
579,18.302,74.378,0.12445,0.1633383334415456
580,18.302,74.415,0.07014400000000001,0.16513210331927045
581,18.302,75.32600000000001,0.33331,0.2602658759962919
582,18.303,74.8,0.10135,0.19746811414927037
583,18.303,73.742,0.066803,0.17648512674348896
584,18.304000000000002,74.486,0.12303,0.1691633127526693
585,18.304000000000002,75.653,0.22804000000000002,0.28674352591229524
586,18.304000000000002,73.737,0.23556,0.1769845928692502
587,18.305,73.872,0.17959,0.1673155827819585
588,18.305,74.751,0.19471,0.19193711058697774
589,18.305,74.946,0.15454,0.214132683944854
590,18.305999999999997,75.28699999999999,0.42103,0.2551002585839597
591,18.307000000000002,74.608,0.1204,0.17808801755884499
592,18.308,74.756,0.10189,0.19208887500024122
593,18.308,74.36,0.081841,0.16229729503712656
594,18.308,75.654,0.28068000000000004,0.28583096511049566
595,18.308,73.743,0.08518200000000001,0.17681326292780555
596,18.308,73.87100000000001,0.11692999999999999,0.1675493705097433
597,18.308,74.89699999999999,0.08380399999999999,0.2078316175247569
598,18.309,74.622,0.14406,0.17909669340487502
599,18.309,75.282,0.45611999999999997,0.2539153758055752
600,18.309,76.097,0.17812,0.27726716771351034
601,18.31,74.012,0.21885,0.1610106100888589
602,18.31,74.337,0.074322,0.16135416152802087
603,18.31,74.343,0.16764,0.16156745080775284
604,18.31,74.508,0.11692999999999999,0.17018712390587767
605,18.31,74.69,0.14667,0.1852169234002379
606,18.31,75.65100000000001,0.28068000000000004,0.2852088493922458
607,18.311,74.429,0.21885,0.1653541634823306
608,18.311,75.3,0.24559,0.2555113195426505
609,18.311,75.65100000000001,0.17540999999999998,0.2849710184578075
610,18.311,74.749,0.14667,0.19099271896716144
611,18.311,75.13,0.14617,0.23559286845459906
612,18.311,75.671,0.49121000000000004,0.28589141657862294
613,18.311,73.756,0.052182000000000006,0.17598157950890778
614,18.311,74.37899999999999,0.081841,0.16295243322752886
615,18.311,74.389,0.15035,0.16339372847871428
616,18.312,74.396,0.12445,0.16366447878535031
617,18.312,74.541,0.15454,0.1723545172479636
618,18.312,75.297,0.2105,0.2549719928939036
619,18.312,74.281,0.1624,0.1596663378942114
620,18.312,74.362,0.15452,0.16220500677838603
621,18.313,74.955,0.15716,0.21394807437651955
622,18.313,74.35600000000001,0.084347,0.16193018727728617
623,18.314,74.336,0.13614,0.1611711008013558
624,18.314,74.359,0.1186,0.16200406117205104
625,18.314,74.376,0.047587,0.1626878917119922
626,18.314,74.923,0.12047999999999999,0.20998890918766147
627,18.314,74.351,0.088524,0.16170225189429524
628,18.315,74.365,0.074322,0.1621964416025881
629,18.315,75.274,0.50876,0.2517874406480496
630,18.315,75.294,0.45611999999999997,0.2540221027226194
631,18.315,74.355,0.09604299999999999,0.16181126293799733
632,18.315,74.383,0.1328,0.1629399859924521
633,18.315,74.391,0.12278,0.16329102759198358
634,18.315,74.303,0.18336,0.16013422038130434
635,18.315,74.661,0.15064,0.18196605091533571
636,18.316,74.366,0.074322,0.1621937712113021
637,18.316,74.41,0.081841,0.16412350288378622
638,18.316,74.366,0.088524,0.1621937712113021
639,18.316,74.577,0.15185,0.17474501800402611
640,18.317,74.583,0.13355999999999998,0.17513025330456503
641,18.317,74.42,0.033886,0.16456156629537835
642,18.317,75.624,0.24559,0.2821634649120893
643,18.317,74.686,0.094205,0.18407532058966583
644,18.317,74.822,0.19379000000000002,0.19802424256448883
645,18.317999999999998,74.553,0.089026,0.17275521272044217
646,18.319000000000003,74.44800000000001,0.08118099999999999,0.16591618995498172
647,18.319000000000003,74.708,0.11259000000000001,0.18596020103885916
648,18.319000000000003,74.571,0.11262,0.1740269646677818
649,18.319000000000003,74.85300000000001,0.1587,0.20119817444471946
650,18.319000000000003,74.361,0.07014400000000001,0.16187689004441033
651,18.319000000000003,75.168,0.050227,0.23867790783293655
652,18.32,74.362,0.074322,0.16187467018159743
653,18.32,74.404,0.09855,0.16364019591392856
654,18.32,74.758,0.15064,0.19083603315054323
655,18.32,74.741,0.13832,0.18910685234897276
656,18.32,74.381,0.14617,0.16263018069309645
657,18.32,74.566,0.1231,0.1735638225128419
658,18.320999999999998,75.257,0.14032,0.2486649315266413
659,18.322,74.68,0.14406,0.18298784846255514
660,18.322,74.355,0.09604299999999999,0.16153794648977052
661,18.322,74.95,0.11787,0.21195811462627825
662,18.323,74.74600000000001,0.081423,0.18926185652579156
663,18.323,74.877,0.13614,0.20335205807683535
664,18.323,74.403,0.037562,0.16344976951213022
665,18.323,74.806,0.14252,0.19550777076284256
666,18.324,74.806,0.18732000000000001,0.1953807615762251
667,18.324,74.945,0.13358,0.21106561983017005
668,18.324,75.671,0.56139,0.28283089096337677
669,18.324,74.506,0.14926,0.16905935660726548
670,18.325,74.748,0.12623,0.18923139863219354
671,18.325,74.375,0.07014400000000001,0.1621739720360468
672,18.325,74.791,0.25248000000000004,0.19366204639562892
673,18.325,74.808,0.20768000000000003,0.19546813987639247
674,18.325,74.53399999999999,0.06805599999999999,0.17085824780077222
675,18.325,74.734,0.11262,0.1878345795687595
676,18.326,74.559,0.16789,0.17256132260668947
677,18.326,74.617,0.063461,0.17708082547516393
678,18.326,74.809,0.23212,0.19544852561454298
679,18.326,75.17399999999999,0.1755,0.23808730482127086
680,18.326,74.62899999999999,0.15949000000000002,0.17808217222858716
681,18.326,75.20100000000001,0.1044,0.24125387140265434
682,18.327,74.558,0.14617,0.17241004779171612
683,18.327,74.809,0.13844,0.195322168409541
684,18.327,74.671,0.2252,0.18165487276101303
685,18.327,74.751,0.14659,0.18930199256917682
686,18.328,74.571,0.14868,0.17329038431665525
687,18.328,75.028,0.14400000000000002,0.22029225040971082
688,18.329,74.366,0.09604299999999999,0.16167246612538236
689,18.329,74.752,0.056986,0.18917206503284004
690,18.331,74.53699999999999,0.18336,0.1706258960671381
691,18.331,74.73899999999999,0.15716,0.18765362019010148
692,18.331,74.128,0.16238,0.1587728609589623
693,18.331,74.76100000000001,0.14659,0.18984734704492526
694,18.331,74.79899999999999,0.12215,0.19376466290375163
695,18.331,75.001,0.13358,0.21659789546322475
696,18.331,74.392,0.10774,0.16261009788492545
697,18.331,74.8,0.1751,0.1938698160106265
698,18.332,74.607,0.075942,0.17574109071004643
699,18.332,74.661,0.17174,0.18027203223965474
700,18.332,74.755,0.15880999999999998,0.1891289593510729
701,18.332,74.396,0.20131,0.16273433787426309
702,18.332,74.762,0.12215,0.18983262082473598
703,18.332,74.80199999999999,0.11787,0.19395732758690468
704,18.332,74.509,0.079468,0.16871134518398814
705,18.333,75.184,0.088524,0.23797243886731737
706,18.333,74.59899999999999,0.14376,0.1750236280436153
707,18.334,74.56,0.1328,0.17201587680493227
708,18.334,74.583,0.16037,0.17371020308555732
709,18.335,73.883,0.10858,0.1684155294428973
710,18.335,74.758,0.13844,0.18908705851529575
711,18.335,74.56,0.16539,0.17194011956321878
712,18.336,74.626,0.09687899999999999,0.17692932773475792
713,18.336,74.35600000000001,0.051848000000000005,0.16107001161488657
714,18.336,74.757,0.17026,0.18887390707926469
715,18.336,74.766,0.12623,0.18977506109501732
716,18.336,74.904,0.26313000000000003,0.20459600124141822
717,18.337,74.403,0.12445,0.16281410731634385
718,18.337,74.634,0.08017,0.17750016197948806
719,18.337,74.76100000000001,0.281,0.18915962873910233
720,18.338,74.762,0.15432,0.18914613237868996
721,18.339000000000002,74.392,0.1587,0.16227764650410673
722,18.339000000000002,74.763,0.039883999999999996,0.18913277182567337
723,18.339000000000002,74.78,0.14140999999999998,0.19084475841342788
724,18.339000000000002,74.808,0.13437000000000002,0.19373233060453823
725,18.34,74.76899999999999,0.12624000000000002,0.18961936631575285
726,18.34,74.808,0.08956900000000001,0.19361132485984892
727,18.34,74.66,0.094205,0.17942575325766488
728,18.34,74.71300000000001,0.16473,0.1841909033912186
729,18.34,74.781,0.22804000000000002,0.19083032478893694
730,18.34,74.937,0.11787,0.20778561177928592
731,18.340999999999998,74.384,0.10858,0.16188808484566422
732,18.340999999999998,74.648,0.14140999999999998,0.178310756945978
733,18.340999999999998,74.809,0.048839999999999995,0.1935949744486433
734,18.340999999999998,74.76899999999999,0.061063,0.18950580987038737
735,18.340999999999998,74.771,0.16696,0.18970616152242006
736,18.340999999999998,74.438,0.08518200000000001,0.16422029768312033
737,18.340999999999998,74.765,0.061063,0.1891064593839135
738,18.340999999999998,74.771,0.12215,0.18970616152242006
739,18.342,74.408,0.066803,0.16281184012596553
740,18.342,74.57300000000001,0.16288,0.17234597137147425
741,18.342,74.777,0.044772,0.19019526798404598
742,18.342,74.51,0.10214,0.16812585402286864
743,18.342,74.765,0.040695,0.18899402319013617
744,18.342,74.245,0.16037,0.15856558590138228
745,18.343,74.778,0.23212,0.1901816801947153
746,18.343,74.442,0.11359000000000001,0.16431641809062095
747,18.343,74.477,0.13097,0.16613823034367317
748,18.344,74.551,0.1328,0.1706529528225609
749,18.344,74.464,0.11,0.16538136007596319
750,18.344,74.468,0.13358,0.16559364910096067
751,18.344,74.767,0.1751,0.18896867003528664
752,18.344,75.013,0.1303,0.21598987340863354
753,18.344,74.649,0.050094,0.1781242254274025
754,18.345,74.377,0.0361,0.16148362276710518
755,18.345,74.76899999999999,0.10586,0.1890554778360626
756,18.345,74.775,0.16696,0.18965350612794088
757,18.346,74.554,0.15035,0.17071667183043396
758,18.346,74.57600000000001,0.14365999999999998,0.17226141833510158
759,18.346,74.79899999999999,0.048839999999999995,0.19196786871067809
760,18.346,74.839,0.16473,0.19614303895399446
761,18.346,74.563,0.30543000000000003,0.17133881322871927
762,18.346,74.751,0.281,0.1871777223568664
763,18.346,74.77600000000001,0.16696,0.18964068710035578
764,18.346,74.775,0.16696,0.18954080656791408
765,18.347,74.797,0.17174,0.19164700647227365
766,18.348,74.634,0.066803,0.17653867851758512
767,18.348,74.783,0.032549,0.19011581490766397
768,18.348,74.618,0.16472,0.17526475780244946
769,18.348,74.753,0.85526,0.18715587317494167
770,18.348,74.441,0.055858000000000005,0.1640269054524142
771,18.348,74.565,0.17102,0.17133418772680256
772,18.349,74.763,0.2199,0.18802176586018773
773,18.349,74.773,0.073277,0.18900670381728693
774,18.349,74.539,0.1044,0.1695091775906117
775,18.349,74.566,0.081423,0.17133206216955046
776,18.35,74.785,0.081423,0.19009044216255813
777,18.351,74.59,0.15067,0.17290254387525086
778,18.351,74.767,0.16696,0.18819537535690636
779,18.351,74.611,0.15067,0.1744785500679427
780,18.351,74.483,0.17288,0.16602450923835324
781,18.352,74.618,0.12194,0.17493832955079883
782,18.352,74.756,0.22804000000000002,0.1870172110096691
783,18.352,74.53399999999999,0.084347,0.16899015482739035
784,18.352,74.59100000000001,0.15067,0.17290013388832318
785,18.352,74.654,0.10022,0.17783144927645647
786,18.352,75.02,0.14868,0.21558486731567808
787,18.352,74.375,0.13614,0.16117545210102227
788,18.352,74.53399999999999,0.16539,0.16899015482739035
789,18.352,74.564,0.16622,0.17097995762329113
790,18.352,74.613,0.22398,0.17455219007437475
791,18.352,74.766,0.12623,0.1879886746891937
792,18.352999999999998,74.592,0.17102,0.17289785219053136
793,18.352999999999998,74.61399999999999,0.10732,0.17454916595196981
794,18.352999999999998,74.632,0.09019500000000001,0.1759567201917737
795,18.352999999999998,74.634,0.066803,0.17611618498281625
796,18.354,73.38600000000001,0.091866,0.22216216541625647
797,18.354,74.465,0.19379000000000002,0.16491564305829334
798,18.354,74.753,0.17102,0.18651644745511178
799,18.354,74.38600000000001,0.13865,0.1614908693342977
800,18.355,74.59899999999999,0.14703,0.17326186667129864
801,18.355999999999998,74.628,0.088524,0.17539390674935332
802,18.355999999999998,74.392,0.11787,0.1616378763202904
803,18.355999999999998,74.693,0.24841,0.1808020008828463
804,18.355999999999998,74.77,0.16696,0.18794650977623342
805,18.355999999999998,74.791,0.19954000000000002,0.19001769243378977
806,18.355999999999998,74.486,0.11,0.16591702838882097
807,18.355999999999998,74.76100000000001,0.08956900000000001,0.18707402177025625
808,18.357,74.596,0.097714,0.17289001517812988
809,18.357,74.76100000000001,0.15473,0.1869681179546772
810,18.357,75.317,0.13782,0.24823552201982715
811,18.357,74.596,0.077346,0.17289001517812988
812,18.357,74.703,0.10578,0.18159169482851203
813,18.358,75.66,0.42103,0.27475145104029275
814,18.358,74.574,0.15880999999999998,0.1712491477676771
815,18.358,74.691,0.16572,0.18044088335287048
816,18.358,74.574,0.26877,0.1712491477676771
817,18.358,74.574,0.15067,0.1712491477676771
818,18.358,74.683,0.091615,0.17974788306198033
819,18.358,74.757,0.0855,0.18647928394402127
820,18.358,74.77600000000001,0.12044,0.18831647660650833
821,18.359,74.575,0.24434,0.17124831824561174
822,18.359,74.575,0.12623,0.17124831824561174
823,18.359,74.824,0.11692999999999999,0.1930164051855975
824,18.359,74.49,0.09604299999999999,0.1659739410477882
825,18.359,74.598,0.20768000000000003,0.17288687536880445
826,18.359,74.64,0.15949000000000002,0.17609632540495737
827,18.359,74.375,0.16764,0.16095338651484017
828,18.359,75.188,0.10774,0.23381951123972258
829,18.359,75.642,0.38594,0.2737088662513444
830,18.359,75.658,0.22804000000000002,0.274448563607115
831,18.359,74.59899999999999,0.17917,0.1729600656654319
832,18.359,74.67699999999999,0.14144,0.17914426616312276
833,18.359,74.747,0.10994000000000001,0.18542667921808512
834,18.36,74.59899999999999,0.097714,0.17288550133844452
835,18.36,74.67699999999999,0.10477,0.1790549300029122
836,18.36,74.44,0.3684,0.1634367371106852
837,18.36,74.57600000000001,0.20360999999999999,0.17124761740875508
838,18.36,74.69,0.06513200000000001,0.18016988889226207
839,18.36,74.69,0.10994000000000001,0.18016988889226207
840,18.36,75.221,0.31577,0.2373441755404269
841,18.36,75.65,0.24559,0.2738726262710931
842,18.36,75.66,0.26313000000000003,0.2743223951455376
843,18.361,74.577,0.056986,0.1712470456074008
844,18.361,74.65,0.13358,0.17673213770997467
845,18.361,74.494,0.19954000000000002,0.16608550406958536
846,18.362000000000002,74.578,0.15067,0.17124660318810006
847,18.362000000000002,74.64,0.091866,0.175850275395409
848,18.362000000000002,74.77600000000001,0.22398,0.18788749438294852
849,18.362000000000002,74.435,0.18209,0.1631302965204177
850,18.362000000000002,74.699,0.048839999999999995,0.18076969176322957
851,18.362000000000002,74.797,0.19139,0.18995004529794104
852,18.363,74.579,0.16037,0.17124629049460752
853,18.363,74.623,0.32172,0.17444978476183062
854,18.363,74.77600000000001,0.2647,0.187781216586441
855,18.363,74.602,0.28506,0.17288216684897298
856,18.363,74.612,0.081841,0.1736199843099843
857,18.363,74.624,0.24841,0.17452615616280168
858,18.363,74.664,0.12044,0.17770528716892567
859,18.363,74.497,0.35023000000000004,0.1661430719857632
860,18.363,74.693,0.10586,0.18015579592080436
861,18.363,74.846,0.14376,0.19481990639933125
862,18.364,74.497,0.22804000000000002,0.16608967382185505
863,18.364,74.76899999999999,0.12215,0.18700115980806523
864,18.364,74.79899999999999,0.28506,0.18992864111087618
865,18.364,74.79899999999999,0.15880999999999998,0.18992864111087618
866,18.365,74.024,0.19296,0.16251075767024661
867,18.365,74.764,0.0081122,0.18641967984206678
868,18.365,74.432,0.1846,0.16287852352567514
869,18.365,74.917,0.17808,0.20214559709610416
870,18.366,74.703,0.073277,0.1807509228365131
871,18.366,74.766,0.15473,0.18650688473734758
872,18.366,74.583,0.14252,0.1713153805042478
873,18.366,74.771,0.18732000000000001,0.18698436694834888
874,18.367,74.705,0.08956900000000001,0.1808339229027525
875,18.367,75.09100000000001,0.067304,0.22145906386735695
876,18.368,74.607,0.11400999999999999,0.17287925508746263
877,18.368,74.77199999999999,0.21583000000000002,0.18687254927137234
878,18.369,75.655,0.31577,0.27219613458199865
879,18.369,74.503,0.30136,0.16615389630109426
880,18.369,74.608,0.044772,0.172879072633259
881,18.37,74.66199999999999,0.1231,0.1769529247114189
882,18.37,74.805,0.30543000000000003,0.18986789551998776
883,18.37,74.882,0.15178,0.19775645186884686
884,18.37,74.609,0.048839999999999995,0.1728790242648123
885,18.37,74.625,0.15949000000000002,0.17406352390008153
886,18.37,74.775,0.19546,0.18695250496123564
887,18.37,74.916,0.24559,0.20139545424870156
888,18.37,75.00399999999999,0.35086,0.21112893366828492
889,18.37,75.671,0.33331,0.27266750420884855
890,18.371,74.50399999999999,0.29320999999999997,0.16610369455839682
891,18.371,74.77,0.19546,0.1863741593265569
892,18.371,74.806,0.25248000000000004,0.18985827985705386
893,18.371,75.661,0.19296,0.27204046960114114
894,18.371,74.771,0.22804000000000002,0.18646899738870762
895,18.371,75.676,0.22804000000000002,0.27265761215882167
896,18.372,74.468,0.07599299999999999,0.16420752495892357
897,18.372,74.807,0.2647,0.18984881026685244
898,18.372,74.505,0.18732000000000001,0.16610619327534873
899,18.372,74.569,0.11259000000000001,0.1699680797708382
900,18.372,74.633,0.11262,0.17451688040051674
901,18.372,74.369,0.07014400000000001,0.16040493045461204
902,18.372,74.626,0.2095,0.17398767847756516
903,18.373,74.654,0.1069,0.17606887244015282
904,18.373,74.71,0.24434,0.18072347876630604
905,18.373,74.777,0.24434,0.18683484500815475
906,18.373,75.65899999999999,0.49121000000000004,0.2715377204316758
907,18.374000000000002,74.498,0.16764,0.1656268718094567
908,18.374000000000002,74.569,0.26063000000000003,0.16983987105919288
909,18.374000000000002,74.687,0.13097,0.178672580256403
910,18.374000000000002,74.485,0.10472999999999999,0.16495279208725525
911,18.374000000000002,74.569,0.23212,0.16983987105919288
912,18.374000000000002,74.64,0.060236000000000005,0.17489857067300976
913,18.374000000000002,75.092,0.12278,0.2204968564160467
914,18.375,74.61399999999999,0.11807999999999999,0.17288080536164077
915,18.375999999999998,73.536,0.16455,0.2056805716148369
916,18.375999999999998,74.51,0.15949000000000002,0.16617217428638278
917,18.375999999999998,74.571,0.16288,0.1698435631765263
918,18.375999999999998,74.615,0.16288,0.17288156849931294
919,18.375999999999998,74.429,0.17708,0.16233643520515165
920,18.375999999999998,74.434,0.17708,0.16253740135303776
921,18.375999999999998,74.446,0.21134,0.16303927490270445
922,18.377,74.812,0.24434,0.18980366324629552
923,18.377,74.442,0.18544000000000002,0.16283050204011787
924,18.377,74.665,0.10477,0.17662230874549126
925,18.378,74.782,0.1751,0.18680077691227673
926,18.378,75.671,0.28068000000000004,0.2710053373246206
927,18.378,75.16199999999999,0.09604299999999999,0.22774895985010582
928,18.378,74.749,0.09428099999999999,0.18373151379429567
929,18.379,74.39399999999999,0.12834,0.1609793143121734
930,18.379,74.436,0.16789,0.1625083176438559
931,18.379,74.574,0.15473,0.16985009696654854
932,18.379,74.653,0.1069,0.17551676770152438
933,18.379,74.77600000000001,0.21175,0.18613323586336075
934,18.379,75.964,0.14199,0.27059021969092045
935,18.38,74.513,0.12215,0.16613071387413939
936,18.38,74.718,0.14252,0.1807897064539761
937,18.38,74.771,0.14144,0.1855655266674299
938,18.38,74.726,0.20164,0.1814880523886722
939,18.38,74.785,0.040695,0.1868830138059098
940,18.381,74.718,0.073277,0.1807006493551512
941,18.381,74.514,0.13844,0.16613435066135454
942,18.381,74.433,0.18209,0.1623166289535797
943,18.381,74.57600000000001,0.17102,0.16985512054001364
944,18.381,74.719,0.24841,0.1807873070550036
945,18.382,74.564,0.18636,0.16902315346803257
946,18.382,74.719,0.13844,0.18069844313030572
947,18.382,74.529,0.12047999999999999,0.1669195200154139
948,18.382,74.631,0.19471,0.17362094081852167
949,18.382,74.804,0.09364600000000001,0.18849763329637673
950,18.383,74.97800000000001,0.08380399999999999,0.20646889190522213
951,18.383,74.622,0.30543000000000003,0.1728907483952873
952,18.383,74.804,0.19546,0.18839419873183652
953,18.383,74.578,0.24841,0.1698606814479833
954,18.384,74.578,0.30543000000000003,0.16979849536326755
955,18.384,74.665,0.16497,0.1760663135810893
956,18.384,74.413,0.1729,0.1614724002859387
957,18.384,74.722,0.17102,0.18078097787364658
958,18.385,74.918,0.11787,0.19974513326978963
959,18.386,74.51100000000001,0.12695,0.16572403986372777
960,18.387,74.626,0.1303,0.1728990383426028
961,18.387,74.807,0.16756,0.1882720354808836
962,18.387999999999998,74.67399999999999,0.07014400000000001,0.17646420040806246
963,18.387999999999998,74.675,0.10022,0.17654354807384878
964,18.387999999999998,74.726,0.12215,0.1807745778105804
965,18.387999999999998,74.726,0.12215,0.1807745778105804
966,18.387999999999998,75.202,0.12278,0.2305506036709332
967,18.389,74.828,0.17549,0.1901010399596176
968,18.389,74.52199999999999,0.22398,0.16616809087413545
969,18.389,74.493,0.20047,0.16466366359900866
970,18.389,74.523,0.25656,0.1662226640438467
971,18.39,74.493,0.1445,0.1646195929339125
972,18.39,74.867,0.26313000000000003,0.19387691021974288
973,18.39,74.538,0.11,0.1670098943833709
974,18.39,74.613,0.14144,0.17177188090793197
975,18.39,74.82600000000001,0.13648,0.18980108381266128
976,18.391,74.669,0.13097,0.17583892993087727
977,18.391,74.96300000000001,0.19384,0.20380951643686687
978,18.391,75.183,0.23389000000000001,0.2280053111928362
979,18.391,76.207,0.11692999999999999,0.2464039338402382
980,18.392,74.624,0.089042,0.1724115048884616
981,18.392,74.52600000000001,0.15473,0.16623743494982327
982,18.392,75.124,0.24559,0.221366984216993
983,18.393,74.52600000000001,0.10994000000000001,0.16618809472136833
984,18.393,74.73100000000001,0.20768000000000003,0.1807698810359544
985,18.394000000000002,74.324,0.1912,0.15902190729271917
986,18.394000000000002,74.546,0.13782,0.16725934784143995
987,18.395,74.59,0.26063000000000003,0.16990548114998308
988,18.395,74.881,0.15949000000000002,0.19474049867197077
989,18.395,74.595,0.14252,0.17023262948087894
990,18.396,74.529,0.1303,0.16620448688066417
991,18.396,74.53,0.06513200000000001,0.1662589816958472
992,18.397000000000002,74.953,0.14926,0.20199658553865155
993,18.397000000000002,74.47399999999999,0.15425,0.16344671592281237
994,18.398,74.597,0.11807999999999999,0.17018092650667163
995,18.398,74.532,0.19139,0.16627055508060032
996,18.399,74.531,0.08118099999999999,0.16616779399510898
997,18.399,74.648,0.16037,0.1736643050445155
998,18.399,74.737,0.09364600000000001,0.1807691379029535
999,18.399,74.919,0.15716,0.1981889261300739
1000,18.401,74.617,0.093537,0.1713338849041949
1001,18.401,74.683,0.11,0.1761744726261413
1002,18.402,74.494,0.061213,0.16416296021957957
1003,18.402,74.649,0.20799,0.17352983571377104
1004,18.402,74.814,0.11133,0.18743959435052296
1005,18.402,75.082,0.17540999999999998,0.21530955684362987
1006,18.403,74.597,0.077346,0.16988165657685175
1007,18.403,74.814,0.1755,0.1873421945185665
1008,18.403,74.598,0.12623,0.16994643163339787
1009,18.403,74.652,0.15202000000000002,0.1736805217198202
1010,18.403,74.741,0.15880999999999998,0.18077163672043908
1011,18.404,74.623,0.16539,0.17155467960983098
1012,18.404,74.742,0.11767000000000001,0.18077263831279924
1013,18.404,74.49600000000001,0.13844,0.16417675218429553
1014,18.404,74.604,0.15473,0.17027840026499266
1015,18.405,74.793,0.15425,0.18520339013272705
1016,18.405,74.66,0.13882,0.17413180698577027
1017,18.405,74.683,0.1231,0.17587633782097092
1018,18.405,74.743,0.19954000000000002,0.18077379122544882
1019,18.406,74.637,0.10214,0.17240041642631435
1020,18.406,74.89699999999999,0.17288,0.1951462132362052
1021,18.408,74.648,0.06179,0.1730515322531019
1022,18.409000000000002,74.57,0.17282,0.16787713032045773
1023,18.409000000000002,74.748,0.24434,0.18086536488792418
1024,18.41,74.598,0.13097,0.16954064021871787
1025,18.41,74.656,0.081841,0.17349583051714648
1026,18.41,74.801,0.1231,0.18547231493877073
1027,18.410999999999998,74.855,0.15067,0.19046341260669344
1028,18.412,74.75,0.21175,0.18078612202022773
1029,18.412,74.73899999999999,0.13355999999999998,0.17985607706690002
1030,18.413,74.622,0.038523,0.17093134969396487
1031,18.413,75.008,0.3684,0.2058751704314208
1032,18.413,74.66,0.11517999999999999,0.17358553752302933
1033,18.415,74.507,0.29320999999999997,0.1642621084089704
1034,18.415,74.209,0.94737,0.1589320161422502
1035,18.416,74.508,0.2647,0.1642706749772929
1036,18.416,75.086,0.15035,0.2138375159525672
1037,18.417,74.602,0.18853,0.16940222326819845
1038,18.418,74.542,0.11517999999999999,0.16588130174653606
1039,18.418,74.495,0.13355999999999998,0.1636050024644833
1040,18.418,74.53399999999999,0.099469,0.16546594886746027
1041,18.419,74.707,0.086352,0.1767200080362721
1042,18.419,75.19800000000001,0.10189,0.22536411611504162
1043,18.419,74.69,0.13882,0.1754070684463789
1044,18.419,75.062,0.35086,0.21087335008842947
1045,18.421,74.694,0.11262,0.1755716856361438
1046,18.421,74.752,0.15425,0.18022233950435998
1047,18.422,74.862,0.14376,0.190044515104873
1048,18.422,74.408,0.14400000000000002,0.16040042559391512
1049,18.422,74.972,0.1755,0.20102792015426532
1050,18.424,74.918,0.35086,0.19531737301100674
1051,18.426,74.633,0.14432999999999999,0.17089962136022122
1052,18.426,74.352,0.11275,0.15917908839647202
1053,18.426,74.899,0.26313000000000003,0.19322972053319856
1054,18.427,74.51899999999999,0.097714,0.1643739558843287
1055,18.428,74.506,0.10732,0.16374537082142396
1056,18.428,74.749,0.12829000000000002,0.1794240634993494
1057,18.43,74.911,0.11787,0.19399993425297848
1058,18.430999999999997,74.30199999999999,0.045916000000000005,0.15870287620199555
1059,18.430999999999997,74.781,0.12829000000000002,0.18187857345156846
1060,18.432000000000002,74.545,0.12044,0.1654503831756259
1061,18.432000000000002,74.523,0.15711,0.16437966284652564
1062,18.433,74.484,0.11,0.16266756362655635
1063,18.433,74.66199999999999,0.054939,0.17245772074529955
1064,18.433,74.613,0.14668,0.16923551466600031
1065,18.433,74.814,0.094205,0.18459846481300415
1066,18.433,74.661,0.13882,0.17238827109618385
1067,18.435,74.383,0.11609000000000001,0.15964256061028528
1068,18.435,74.66199999999999,0.11,0.17233810797214824
1069,18.435,74.77600000000001,0.16502,0.18113314022883012
1070,18.436,74.63600000000001,0.10022,0.1705360848939689
1071,18.436,74.325,0.1232,0.158849161465787
1072,18.437,74.362,0.1186,0.15926580592081643
1073,18.438,74.678,0.12044,0.17327889281353595
1074,18.438,75.127,0.09687899999999999,0.21529044138194822
1075,18.438,75.175,0.13782,0.22028682458598728
1076,18.439,73.618,0.12027,0.2032473043876369
1077,18.439,74.667,0.11262,0.17244738818702546
1078,18.439,74.721,0.089026,0.176396251304522
1079,18.439,74.699,0.12044,0.174737680229238
1080,18.44,74.795,0.27149,0.18235535875577927
1081,18.441,74.74,0.1516,0.17773928942210163
1082,18.442999999999998,76.087,0.16288,0.24983829797587434
1083,18.444000000000003,74.885,0.10214,0.19013159270073401
1084,18.445,74.889,0.43858,0.19041571688351758
1085,18.445,74.748,0.08380399999999999,0.17809119575892654
1086,18.445999999999998,75.273,0.30073,0.22907442574873418
1087,18.445999999999998,74.80199999999999,0.11787,0.18247925541034463
1088,18.445999999999998,74.914,0.16238,0.19270253639377213
1089,18.445999999999998,74.61399999999999,0.16572,0.16865335263243
1090,18.445999999999998,74.918,0.12278,0.1930877159909639
1091,18.447,74.711,0.25227,0.17511413826764136
1092,18.448,74.539,0.14400000000000002,0.16457163002552436
1093,18.448,73.578,0.14617,0.20939060292221942
1094,18.448,74.535,0.14376,0.1643862158039914
1095,18.448,74.541,0.094205,0.16466540073989325
1096,18.448,73.757,0.15452,0.18836451524938605
1097,18.448,74.626,0.14667,0.16928420371437128
1098,18.449,74.22399999999999,0.1755,0.15940673795490615
1099,18.45,75.273,0.00046785,0.2285056452507024
1100,18.45,74.98899999999999,0.054328999999999995,0.19967038653158578
1101,18.451,74.65899999999999,0.065466,0.17123287042681415
1102,18.451,74.937,0.11787,0.19443855577854466
1103,18.453,74.702,0.12047999999999999,0.17408615961944165
1104,18.453,75.259,0.6842,0.2267171905605251
1105,18.454,74.646,0.14667,0.17023611746151482
1106,18.454,74.736,0.15716,0.17654580527547917
1107,18.454,75.267,0.17540999999999998,0.22736046612551544
1108,18.454,74.905,0.22804000000000002,0.19109246626731993
1109,18.454,75.277,0.16539,0.22833152252372926
1110,18.455,74.539,0.18853,0.16434463766792098
1111,18.455,75.271,0.17540999999999998,0.22761057075501515
1112,18.456,75.26899999999999,0.22804000000000002,0.22727782777457975
1113,18.456,74.59100000000001,0.14926,0.16690473906785477
1114,18.457,74.556,0.10858,0.16507535996419434
1115,18.457,75.257,0.35086,0.22597132306478276
1116,18.459,75.109,0.11692999999999999,0.21083248003729196
1117,18.459,75.10600000000001,0.14365999999999998,0.21052693425270277
1118,18.459,74.524,0.11262,0.16357034418119779
1119,18.46,74.37,0.09019500000000001,0.15931740667817554
1120,18.46,74.696,0.12044,0.17325331632310895
1121,18.46,75.262,0.24559,0.22605004240327578
1122,18.46,74.57600000000001,0.094205,0.16596253488356563
1123,18.461,74.21300000000001,0.19638,0.15990872016607907
1124,18.461,75.256,0.35086,0.22533133231362015
1125,18.461,75.273,0.43858,0.22697777929507693
1126,18.461,74.7,0.11259000000000001,0.17347714422516983
1127,18.462,74.227,0.19384,0.1596750875923514
1128,18.462,74.949,0.10477,0.19453551055344068
1129,18.463,74.82600000000001,0.1362,0.18321550558238245
1130,18.464000000000002,75.056,0.074823,0.20489440127908579
1131,18.465,75.217,0.56139,0.22097448797117705
1132,18.465999999999998,74.506,0.13614,0.16267974750312722
1133,18.465999999999998,74.87,0.12572,0.1868322975278716
1134,18.465999999999998,75.123,0.083512,0.21142824363341342
1135,18.465999999999998,73.47,0.16706,0.22641711599669836
1136,18.467,74.667,0.06021900000000001,0.17093415039682505
1137,18.467,75.243,0.17123,0.2232687372390091
1138,18.468,74.812,0.094205,0.1816611439970053
1139,18.468,74.668,0.15716,0.1709495217413304
1140,18.469,75.259,0.13364,0.22455711637518652
1141,18.469,74.524,0.15716,0.16331201405861887
1142,18.47,75.09,0.093537,0.20764874095052058
1143,18.47,75.15,0.066803,0.21367312472235314
1144,18.471,75.23899999999999,0.31577,0.22236098407191154
1145,18.471,75.755,0.094372,0.256117243522065
1146,18.471,74.607,0.19384,0.16719020112295382
1147,18.472,74.656,0.12044,0.17000132250391745
1148,18.472,74.743,0.13614,0.17594748604705093
1149,18.474,75.303,0.49121000000000004,0.22805777636089533
1150,18.474,75.314,0.11692999999999999,0.22907391888192788
1151,18.474,74.672,0.070704,0.1709166801714073
1152,18.475,75.472,0.38594,0.2421444720663826
1153,18.475,75.498,0.5789300000000001,0.24400539152220194
1154,18.475,74.65100000000001,0.15185,0.16956033404559903
1155,18.475,74.749,0.13355999999999998,0.17621510626536155
1156,18.476,75.521,0.31577,0.2454104980325014
1157,18.476,75.539,0.38594,0.24656514736190152
1158,18.476,74.68,0.13355999999999998,0.1713369042709755
1159,18.476,74.71,0.18067,0.17335053011795457
1160,18.476,75.342,0.083512,0.23133988086105498
1161,18.477,75.241,0.28068000000000004,0.22179077625957758
1162,18.477,75.263,0.35086,0.22390038169372142
1163,18.477,74.627,0.16764,0.16806917252489964
1164,18.477,75.21300000000001,0.11692999999999999,0.21907074915301186
1165,18.477999999999998,74.336,0.25478,0.15916396738009522
1166,18.477999999999998,75.226,0.31577,0.2202137056192385
1167,18.479,75.225,0.26313000000000003,0.21999283585548204
1168,18.480999999999998,75.23899999999999,0.38594,0.22109746314844406
1169,18.480999999999998,75.243,0.14032,0.22148168709409735
1170,18.480999999999998,74.745,0.08380399999999999,0.17556896021096216
1171,18.483,75.0,0.10774,0.19745060845219023
1172,18.483,74.967,0.084347,0.1943089324820663
1173,18.484,75.237,0.50458,0.22053502675078443
1174,18.485,75.24,0.19296,0.2206997984496263
1175,18.486,74.425,0.14617,0.16014823089726773
1176,18.486,74.64399999999999,0.10858,0.16869027195361244
1177,18.486,74.79899999999999,0.13614,0.17938190982537797
1178,18.486,75.245,0.5263,0.2210546554903621
1179,18.486,74.205,0.2148,0.16088458709322476
1180,18.486,75.245,0.091866,0.2210546554903621
1181,18.487000000000002,75.248,0.63157,0.22121758558779805
1182,18.489,74.487,0.089026,0.16164714518936843
1183,18.49,74.857,0.12834,0.18386502141554542
1184,18.491,74.21600000000001,0.23576,0.16078230487861403
1185,18.492,74.416,0.10472999999999999,0.1599884321311648
1186,18.492,74.665,0.15163,0.16969037342994756
1187,18.492,74.944,0.25811999999999996,0.19139516936886405
1188,18.492,75.235,0.19296,0.21937688583194184
1189,18.492,74.367,0.15711,0.15944108291478412
1190,18.494,74.227,0.1624,0.16062495698338555
1191,18.494,74.922,0.56139,0.18923890496109844
1192,18.494,74.28399999999999,0.14617,0.15966552069564613
1193,18.495,75.257,0.6491100000000001,0.22109647192011941
1194,18.495,74.226,0.19384,0.1606816134287982
1195,18.495,75.251,0.086853,0.22053306390581776
1196,18.496,74.939,0.10189,0.19061270419532797
1197,18.497,74.223,0.15192,0.16082120685745385
1198,18.497,75.223,0.26313000000000003,0.21764804861048373
1199,18.497,75.208,0.056777,0.21621633338454363
1200,18.497,75.321,0.20799,0.22671219711199134
1201,18.497,74.77,0.10214,0.17650942708390807
1202,18.497,75.21600000000001,0.081841,0.21698096934710712
1203,18.498,74.922,0.35086,0.18892615291208528
1204,18.499000000000002,74.223,0.22266,0.16089153339775955
1205,18.499000000000002,74.57,0.17026,0.16453651432591346
1206,18.5,75.24,0.010326,0.2189090331524655
1207,18.5,74.561,0.09951900000000001,0.16413161510702315
1208,18.500999999999998,75.307,0.058582,0.22496282628710365
1209,18.502,74.575,0.14400000000000002,0.16468715844247353
1210,18.504,74.217,0.18336,0.16122644193861282
1211,18.504,74.627,0.16756,0.16713271707300684
1212,18.505,76.156,0.18377000000000002,0.23287247246236667
1213,18.505,74.238,0.20437,0.16075082969179014
1214,18.505,74.245,0.2017,0.16059996889473174
1215,18.506,75.218,0.33331,0.21615286399330383
1216,18.507,75.235,0.2105,0.2176387702170012
1217,18.508,74.453,0.23715,0.1606690561708735
1218,18.509,74.509,0.31577,0.1621058022169907
1219,18.509,74.227,0.17288,0.16115483839176695
1220,18.51,74.54,0.12303,0.16313680457760496
1221,18.51,74.59,0.06808099999999999,0.16517473918666062
1222,18.511,74.343,0.23981999999999998,0.15965228055777883
1223,18.511,75.247,0.12111,0.21830607991511378
1224,18.512,74.235,0.1624,0.1610682441067585
1225,18.512,74.946,0.15035,0.18999321612427203
1226,18.512999999999998,74.209,0.23576,0.16180389524287167
1227,18.512999999999998,74.218,0.23576,0.16154613790038244
1228,18.512999999999998,74.237,0.17288,0.16105685937634598
1229,18.514,74.247,0.1755,0.16086414874904645
1230,18.514,75.422,0.1362,0.23300554886592786
1231,18.516,75.095,0.09019500000000001,0.20343621986114427
1232,18.517,74.501,0.006650199999999999,0.16180892685282025
1233,18.517,75.274,0.06513200000000001,0.22010510970752575
1234,18.521,74.183,0.14144,0.16301068062934035
1235,18.521,74.211,0.1231,0.16207752411276813
1236,18.522000000000002,74.676,0.10214,0.1692476902275543
1237,18.522000000000002,75.033,0.10189,0.1971029497783944
1238,18.523,74.192,0.09951900000000001,0.1627845765272851
1239,18.524,75.158,0.16037,0.20862032017909107
1240,18.524,74.178,0.19384,0.1633384417978582
1241,18.525,74.24,0.19384,0.1614343431375083
1242,18.526,75.419,0.18594000000000002,0.2312853022919186
1243,18.526,75.42,0.15711,0.23136203823265347
1244,18.526,74.237,0.16764,0.16154993248308472
1245,18.527,75.186,0.09019500000000001,0.21094312308189225
1246,18.527,75.393,0.2252,0.22913049675561517
1247,18.529,75.39699999999999,0.18594000000000002,0.2292108555464171
1248,18.529,75.226,0.067471,0.2144380217898885
1249,18.53,75.904,0.15035,0.24632259227118317
1250,18.53,76.047,0.091866,0.2392667314649907
1251,18.532,74.232,0.14406,0.16192756769532404
1252,18.533,74.954,0.17457999999999999,0.18918409871008804
1253,18.533,75.186,0.1562,0.210355888917008
1254,18.534000000000002,74.594,0.19889,0.1648955518215102
1255,18.535,74.452,0.29822,0.16074306822056686
1256,18.535999999999998,75.40100000000001,0.13614,0.2287065863513519
1257,18.537,75.40100000000001,0.16238,0.22859122012244928
1258,18.539,74.249,0.12834,0.16176174454665518
1259,18.54,74.249,0.20956,0.16180242366197664
1260,18.54,74.613,0.19003,0.165618146709596
1261,18.54,75.171,0.074472,0.2083125716667457
1262,18.54,74.038,0.16539,0.17175279900414922
1263,18.54,74.042,0.1562,0.17148110058586222
1264,18.54,74.155,0.2105,0.16511921105379115
1265,18.541,74.038,0.14868,0.171825883243139
1266,18.541,74.24,0.2017,0.16208376886216638
1267,18.541,75.584,0.5263,0.2400912303790577
1268,18.541,74.033,0.17959,0.17217063064585494
1269,18.541,74.033,0.15285,0.17217063064585494
1270,18.541,74.036,0.17625,0.1719631978401062
1271,18.541,74.033,0.16371,0.17217063064585494
1272,18.541,74.14699999999999,0.24559,0.16554171098919626
1273,18.541,74.584,0.11259000000000001,0.1643950732345211
1274,18.542,75.156,0.066836,0.20675236591202242
1275,18.542,75.4,0.14533,0.22794321013620425
1276,18.542,74.16,0.2105,0.16500684858990747
1277,18.543,74.16199999999999,0.40349,0.1649736887411081
1278,18.543,75.039,0.17540999999999998,0.19598386575898666
1279,18.543,74.146,0.40349,0.16570283764779595
1280,18.544,74.157,0.24559,0.16525174472129237
1281,18.544,75.025,0.091866,0.19465535176387097
1282,18.546,74.255,0.17288,0.16189563005212784
1283,18.546,75.078,0.12361,0.1992765532269262
1284,18.547,75.171,0.10022,0.20767745557587172
1285,18.549,74.992,0.1587,0.19139544421066304
1286,18.55,74.586,0.18598,0.16437791408024918
1287,18.551,74.175,0.2105,0.16484997127496562
1288,18.551,75.14399999999999,0.015388999999999998,0.20487073457028607
1289,18.553,74.166,0.29822,0.1653531868732804
1290,18.554000000000002,74.157,0.2222,0.16582108997750392
1291,18.555,75.26100000000001,0.10022,0.2150034203352992
1292,18.555,74.153,0.26313000000000003,0.16606788411770948
1293,18.555999999999997,74.175,0.38594,0.16512572734767342
1294,18.558,74.316,0.20531999999999997,0.16112977407509957
1295,18.559,74.654,0.16764,0.16719196492428515
1296,18.561,74.263,0.19997,0.162325624210136
1297,18.563,74.169,0.14032,0.16579003951356788
1298,18.564,74.119,0.17708,0.16838521189621006
1299,18.565,74.376,0.22971999999999998,0.16079562194321764
1300,18.565,74.498,0.15035,0.16180758867808823
1301,18.565,74.16199999999999,0.45611999999999997,0.16623222702685628
1302,18.565,75.312,0.09019500000000001,0.21841640750202287
1303,18.566,74.173,0.3684,0.16578275488236408
1304,18.566,75.186,0.06692000000000001,0.2073886303594791
1305,18.566,75.22800000000001,0.074472,0.2111029833496514
1306,18.567,74.17,0.96491,0.16597772822857573
1307,18.567,74.301,0.1988,0.16171573632136052
1308,18.567,74.165,0.28068000000000004,0.16620984413472586
1309,18.567999999999998,74.16,0.59648,0.1665072968252668
1310,18.570999999999998,74.263,0.18961,0.16277170312471337
1311,18.570999999999998,74.161,0.26313000000000003,0.16664085117908814
1312,18.570999999999998,75.362,0.08017,0.22190924577138096
1313,18.572,75.189,0.087689,0.20716117999341957
1314,18.572,74.01899999999999,0.3684,0.17559819970786397
1315,18.573,74.579,0.27149,0.16400681530386121
1316,18.573,74.023,0.42103,0.17537425259533937
1317,18.574,74.025,0.33331,0.1753033990986739
1318,18.574,74.152,0.33331,0.16727129238163455
1319,18.574,75.176,0.21718,0.20585393644038666
1320,18.574,74.025,0.28068000000000004,0.1753033990986739
1321,18.574,74.154,0.5263,0.1671705227549697
1322,18.574,74.02600000000001,0.19296,0.17522781814857805
1323,18.575,75.183,0.15202000000000002,0.2063916510447246
1324,18.575,74.158,0.12278,0.16703336413553996
1325,18.576,74.207,0.1562,0.164905854172564
1326,18.576,74.023,0.40349,0.17561739518947408
1327,18.576,74.024,0.35086,0.17554115642100312
1328,18.577,75.051,0.24391999999999997,0.19466839249304727
1329,18.578,74.024,0.40349,0.1757037990487095
1330,18.578,74.17,0.12278,0.16663558313700425
1331,18.578,74.031,0.19296,0.17517356948504417
1332,18.58,74.266,0.22386999999999999,0.16310690097140337
1333,18.58,75.508,0.5789300000000001,0.23134514283718924
1334,18.581,74.165,0.8771899999999999,0.16706153011318828
1335,18.581,74.12899999999999,0.17374,0.16895512461108733
1336,18.581,75.505,0.50876,0.23105730826675167
1337,18.582,75.571,0.59648,0.2346726644402181
1338,18.583,74.182,0.21300999999999998,0.16637840352852787
1339,18.583,75.181,0.14365999999999998,0.20559528000251884
1340,18.584,74.15899999999999,0.12278,0.1675491437605713
1341,18.584,74.173,0.35086,0.16686045445565525
1342,18.584,74.438,0.32579,0.16133404138794952
1343,18.585,74.17399999999999,0.17540999999999998,0.16687442651637854
1344,18.587,74.17399999999999,0.22804000000000002,0.16699831633495757
1345,18.587,75.551,0.5263,0.23309722052065254
1346,18.587,74.169,0.31577,0.1672408487528069
1347,18.588,75.517,0.45611999999999997,0.23106626455626536
1348,18.588,75.405,0.31577,0.22357018129093534
1349,18.588,75.539,0.26313000000000003,0.2323344637601025
1350,18.59,75.505,0.14032,0.2301433662194288
1351,18.59,75.558,0.47367,0.23316157516130256
1352,18.592,74.161,0.23221999999999998,0.167961833341894
1353,18.592,74.175,0.47367,0.1672629176583831
1354,18.592,75.55199999999999,0.33331,0.2326385916883247
1355,18.593,75.12100000000001,0.11525999999999999,0.19967592008896776
1356,18.593,75.57600000000001,0.07014400000000001,0.23377418131528419
1357,18.596,75.557,0.22804000000000002,0.23250111548497113
1358,18.599,74.26899999999999,0.22386999999999999,0.16395412555617098
1359,18.601,75.467,0.5789300000000001,0.2266799014328055
1360,18.601,75.086,0.11275,0.19618590796226934
1361,18.601,75.55,0.38594,0.23163639319777254
1362,18.602,75.186,0.18293,0.2046497750649006
1363,18.602999999999998,75.127,0.067446,0.19954883754862876
1364,18.602999999999998,75.293,0.09019500000000001,0.21353659644562564
1365,18.605,75.17399999999999,0.074472,0.20342442520407147
1366,18.605,75.594,0.61402,0.23342986080678166
1367,18.605,75.23899999999999,0.1729,0.20891943191538168
1368,18.605999999999998,75.53399999999999,0.5263,0.23028299616842376
1369,18.605999999999998,75.544,0.75438,0.23083230875842156
1370,18.605999999999998,74.208,0.20799,0.16660916477924473
1371,18.605999999999998,75.472,0.28068000000000004,0.2265465306004081
1372,18.607,75.08800000000001,0.17457999999999999,0.19600759834543194
1373,18.608,75.12899999999999,0.10273,0.19941034694067852
1374,18.608,75.054,0.08936000000000001,0.19311453883235155
1375,18.609,74.092,0.15118,0.17327426980687202
1376,18.609,74.183,0.22386999999999999,0.1679617516695471
1377,18.609,75.158,0.16037,0.2018057435319144
1378,18.61,74.101,0.17540999999999998,0.1727519193629096
1379,18.611,75.405,0.11944,0.22152385032036562
1380,18.611,74.093,0.17625,0.1733620920106144
1381,18.611,74.124,0.16956,0.17136481870350076
1382,18.611,74.153,0.22721,0.16966920255779286
1383,18.613,75.222,0.06042,0.2069337500344466
1384,18.613,75.59100000000001,0.22804000000000002,0.23252287770775917
1385,18.613,75.238,0.11692999999999999,0.20826586287339813
1386,18.614,74.971,0.12361,0.18615742352786227
1387,18.614,74.225,0.21384,0.16637134653827138
1388,18.614,73.934,0.067638,0.1867949728743569
1389,18.617,74.221,0.2222,0.1667226060711733
1390,18.618,74.112,0.16371,0.1726462524198367
1391,18.619,75.555,0.49121000000000004,0.2302108762587828
1392,18.619,75.199,0.10774,0.20461879341570835
1393,18.62,74.09,0.15787,0.1742755676422111
1394,18.621,74.089,0.15536,0.1744247981287709
1395,18.621,74.096,0.17374,0.173942551888895
1396,18.622,74.112,0.17540999999999998,0.17295343105918307
1397,18.622,75.569,0.22804000000000002,0.2306480096684708
1398,18.622,74.092,0.17625,0.1742966079498213
1399,18.622,74.111,0.17959,0.1730187217170728
1400,18.622,75.618,0.31577,0.23285288709284682
1401,18.624000000000002,74.223,0.22512,0.16707198135751092
1402,18.624000000000002,75.528,0.47367,0.22831920252853613
1403,18.624000000000002,75.547,0.56139,0.2293488753800799
1404,18.624000000000002,75.619,0.31577,0.2327105654811922
1405,18.624000000000002,75.619,0.2105,0.2327105654811922
1406,18.624000000000002,76.20100000000001,0.23389000000000001,0.21346778363586874
1407,18.625,75.27199999999999,0.11777,0.21022272241592746
1408,18.625,75.57600000000001,0.5263,0.23072080996763003
1409,18.625,75.578,0.3684,0.23081631636598346
1410,18.625,75.627,0.49121000000000004,0.2329360567986323
1411,18.625,75.563,0.2105,0.23008365464759287
1412,18.625999999999998,75.206,0.38594,0.20476154656619186
1413,18.627,75.065,0.11025,0.19307084426129986
1414,18.627,75.602,0.14032,0.23172961263125882
1415,18.627,73.888,0.1069,0.19282807138427074
1416,18.627,74.089,0.16455,0.1749076035771935
1417,18.627,75.624,0.3684,0.23263816876431345
1418,18.628,74.704,0.066945,0.16887941347862281
1419,18.63,75.541,0.54384,0.2285134957457924
1420,18.63,74.232,0.24058000000000002,0.1670641750941997
1421,18.63,75.571,0.19296,0.23004236347612553
1422,18.631,75.1,0.22888000000000003,0.19573142810032954
1423,18.631,75.111,0.081841,0.19663243347049722
1424,18.633,75.317,0.14951,0.2132372826282475
1425,18.634,75.48899999999999,0.0526,0.22521570813262962
1426,18.635,75.618,0.2907,0.231695306904416
1427,18.635,74.15100000000001,0.004478,0.1715131461597981
1428,18.636,75.582,0.54384,0.23005256967518709
1429,18.636,75.655,0.2105,0.23296027476278572
1430,18.637,74.03399999999999,0.50876,0.17995579611802096
1431,18.637999999999998,74.59,0.020853,0.1648152339122956
1432,18.639,74.259,0.15118,0.16653940353116117
1433,18.639,75.119,0.042157,0.1968923753408294
1434,18.639,75.192,0.12047999999999999,0.20285242831252695
1435,18.64,74.032,0.7719199999999999,0.18039017398098625
1436,18.64,74.171,0.20047,0.1707312612323483
1437,18.64,74.538,0.068473,0.1637421628430036
1438,18.641,74.031,0.5263,0.18056347875106818
1439,18.641,74.032,0.22804000000000002,0.18048036720292773
1440,18.641,74.032,0.22804000000000002,0.18048036720292773
1441,18.641,74.031,0.8771899999999999,0.18056347875106818
1442,18.641,74.03,0.54384,0.1806467781598289
1443,18.642,75.056,0.048289,0.19169478057645398
1444,18.642,74.435,0.26313000000000003,0.16309811648195274
1445,18.644000000000002,74.399,0.56139,0.16342320913344835
1446,18.644000000000002,74.764,0.15945,0.1717722495058344
1447,18.645,74.197,0.19212,0.16969721901089976
1448,18.645,74.688,0.09428099999999999,0.1682048147459835
1449,18.646,74.45100000000001,0.29822,0.16321835097265483
1450,18.646,74.251,0.21885,0.16728832244914385
1451,18.646,75.53,0.055482000000000004,0.22662319038374149
1452,18.647000000000002,74.236,0.25144,0.16798342454052476
1453,18.649,75.709,0.044245,0.233317741477896
1454,18.651,74.242,0.083512,0.16798616700084715
1455,18.653,74.016,0.5263,0.18294920115389238
1456,18.654,74.986,0.11192,0.18590775817171393
1457,18.655,74.131,0.22804000000000002,0.17430925041198256
1458,18.655,74.997,0.16622,0.18669658079364984
1459,18.655,74.013,0.5263,0.18340109025849485
1460,18.656,75.169,0.13782,0.20012556215321034
1461,18.658,74.294,0.23055,0.16644428183322538
1462,18.658,75.619,0.29822,0.22985979408500382
1463,18.658,74.043,0.9298200000000001,0.18111189740628444
1464,18.659000000000002,74.009,0.66666,0.1841364763532988
1465,18.66,74.042,0.73683,0.1813783801902378
1466,18.66,74.146,0.17540999999999998,0.17374159354319466
1467,18.660999999999998,75.07,0.24893,0.19207585156767684
1468,18.663,75.172,0.13364,0.2000460198989993
1469,18.665,74.554,0.079334,0.1646489352624402
1470,18.666,75.164,0.010393000000000001,0.19928112363719766
1471,18.668,75.237,0.23389000000000001,0.20494423118947172
1472,18.668,74.219,0.29822,0.17021992863427973
1473,18.668,74.003,0.49121000000000004,0.18554768759893306
1474,18.67,76.329,0.31326,0.19143889369364256
1475,18.671,74.532,0.06179,0.16452686762357696
1476,18.672,73.877,0.16121,0.19892114858317436
1477,18.675,75.036,0.08518200000000001,0.18905069022612356
1478,18.676,74.22800000000001,0.20047,0.17035187612640615
1479,18.676,75.233,0.16037,0.20425929483135855
1480,18.677,74.639,0.20883000000000002,0.16688243463968325
1481,18.678,74.14699999999999,0.17875,0.17513230638778002
1482,18.680999999999997,74.459,0.13614,0.1646211865493691
1483,18.682000000000002,74.245,0.17540999999999998,0.1699734648231215
1484,18.684,74.264,0.16121,0.16926981160572455
1485,18.685,74.89399999999999,0.09687899999999999,0.17902921030181654
1486,18.687,74.357,0.26313000000000003,0.16634775220479783
1487,18.689,74.304,0.2105,0.1680494638492275
1488,18.694000000000003,74.921,0.14951,0.18067625152492808
1489,18.695,74.18,0.21468,0.17444266034043512
1490,18.695999999999998,73.878,0.19296,0.20150485442394797
1491,18.695999999999998,75.431,0.16706,0.21751007680195303
1492,18.695999999999998,74.306,0.22386999999999999,0.16844014311134417
1493,18.697,75.05,0.075291,0.18956890476284108
1494,18.697,75.077,0.24391999999999997,0.19156183215271264
1495,18.698,74.648,0.24225,0.16761998240646817
1496,18.698,74.245,0.1988,0.17113653459864556
1497,18.7,75.087,0.12834,0.192236782943245
1498,18.7,73.75,0.35086,0.21805806615214943
1499,18.7,74.967,0.086018,0.1836594503657363
1500,18.701,74.19,0.18209,0.17432872503774535
1501,18.701,74.339,0.1973,0.16768778107842944
1502,18.702,75.192,0.08518200000000001,0.2001109543492873
1503,18.703,75.125,0.10858,0.19500964860989747
1504,18.703,74.215,0.14032,0.17306125711902978
1505,18.705,74.191,0.15118,0.17459468634840627
1506,18.706,74.207,0.61402,0.17374459179634075
1507,18.711,76.078,0.06930900000000001,0.21926756276492312
1508,18.711,74.817,0.09604299999999999,0.17464536418467783
1509,18.711,74.567,0.22971999999999998,0.16636464788893737
1510,18.714000000000002,75.281,0.21718,0.2063548722524098
1511,18.714000000000002,74.20100000000001,0.14032,0.17473904425269762
1512,18.717,74.73100000000001,0.1624,0.17084678935685463
1513,18.718,75.918,0.47367,0.22756155321649132
1514,18.719,74.757,0.12278,0.1719419944237596
1515,18.721,74.744,0.31577,0.17144304282077819
1516,18.722,74.205,0.24559,0.17516375963341382
1517,18.722,74.247,0.09951900000000001,0.17286730482054327
1518,18.723,74.62899999999999,0.15454,0.16788248724872448
1519,18.727,75.16199999999999,0.14951,0.1972113348747873
1520,18.727999999999998,74.68,0.12572,0.16936773494071236
1521,18.727999999999998,74.154,0.21550999999999998,0.1789551622911664
1522,18.729,73.819,0.22721,0.21257388401608426
1523,18.73,74.186,0.33331,0.17700288170991355
1524,18.733,74.362,0.17708,0.1691089888960822
1525,18.735,74.40899999999999,0.08641900000000001,0.16809706415207817
1526,18.735,74.954,0.14282999999999998,0.18265201082196827
1527,18.737000000000002,73.804,0.1044,0.21548690683359575
1528,18.738,74.307,0.1988,0.1713642921805464
1529,18.739,74.646,0.13364,0.16882901720193136
1530,18.743,74.234,0.66666,0.1752521959044893
1531,18.752,74.248,0.61402,0.17523909799465823
1532,18.752,74.765,0.16376,0.1730102443686692
1533,18.753,74.215,0.29822,0.17720115374532822
1534,18.754,74.22399999999999,0.24559,0.17675348971651864
1535,18.756,74.234,0.94737,0.17634868954886376
1536,18.756,74.319,0.1562,0.1722412667798239
1537,18.757,76.27199999999999,0.06692000000000001,0.1958829326263383
1538,18.761,74.236,0.0054053999999999994,0.1766636195040591
1539,18.761,74.317,0.15787,0.17270704218198266
1540,18.765,74.20100000000001,0.5789300000000001,0.17913420714645925
1541,18.766,74.179,1.0,0.18068538360784872
1542,18.769000000000002,74.961,0.093537,0.18331041533846051
1543,18.769000000000002,74.367,0.15703,0.17149825503678076
1544,18.772000000000002,74.305,0.1704,0.17408895515115289
1545,18.774,74.3,0.20549,0.17447602498202056
1546,18.778,75.001,0.084347,0.18586572131721138
1547,18.779,74.553,0.15452,0.16948096430850948
1548,18.783,74.785,0.19646,0.17472566866652553
1549,18.785,74.536,0.19384,0.1698149359832231
1550,18.785999999999998,75.036,0.06714500000000001,0.18816320348004115
1551,18.787,74.656,0.14668,0.1710483229322697
1552,18.788,74.923,0.20465,0.1814286125392879
1553,18.789,74.577,0.13358,0.17014232648971364
1554,18.79,74.723,0.07014400000000001,0.17283777594917252
1555,18.791,75.829,0.11692999999999999,0.22613664199946573
1556,18.792,74.405,0.1624,0.17208893342727064
1557,18.793,74.226,0.1988,0.18010667127395144
1558,18.794,74.693,0.18544000000000002,0.17219201375456453
1559,18.797,74.368,0.12047999999999999,0.1736022504747429
1560,18.799,74.692,0.10522999999999999,0.17239683809894105
1561,18.8,74.135,0.29864,0.18725550821067874
1562,18.802,75.408,0.15035,0.21275004724810467
1563,18.802,74.608,0.18598,0.1711122406461876
1564,18.804000000000002,74.656,0.12047999999999999,0.17188650609723602
1565,18.805,74.376,0.14668,0.17396320776096566
1566,18.805999999999997,74.516,0.15185,0.17121025794515934
1567,18.807000000000002,74.399,0.18598,0.17339582654489885
1568,18.809,74.381,0.2148,0.17411483547063358
1569,18.809,74.501,0.15716,0.1715385261755156
1570,18.81,74.388,0.11524000000000001,0.1739673382504308
1571,18.81,74.423,0.09951900000000001,0.1729738724573087
1572,18.811,74.387,0.16502,0.17407862620870854
1573,18.812,74.366,0.094205,0.17487697368021562
1574,18.814,74.751,0.14144,0.17472253039721145
1575,18.814,74.556,0.099469,0.17158011376324125
1576,18.815,74.756,0.09690399999999999,0.17492600134872252
1577,18.816,74.377,0.17549,0.1748136643351437
1578,18.817999999999998,73.835,0.1562,0.22147674289060584
1579,18.817999999999998,73.834,0.029207,0.2216084979194685
1580,18.817999999999998,74.44800000000001,0.1362,0.17300240729644825
1581,18.819000000000003,74.15,0.22345,0.18799468444465486
1582,18.819000000000003,73.852,0.09604299999999999,0.2193824276621175
1583,18.819000000000003,74.20100000000001,0.093955,0.1842158988881544
1584,18.819000000000003,74.243,0.12829000000000002,0.18148031240521648
1585,18.820999999999998,74.419,0.12047999999999999,0.17392487759294442
1586,18.822,74.383,0.2017,0.17509787443222327
1587,18.822,74.744,0.17374,0.17487443951266615
1588,18.826,74.682,0.19646,0.17353506791554943
1589,18.828,74.723,0.12829000000000002,0.17458181153263244
1590,18.828,74.695,0.09951900000000001,0.17391268626103853
1591,18.828,74.209,0.31577,0.18454852881412123
1592,18.829,74.38600000000001,0.19384,0.17557207011543666
1593,18.831,74.905,0.22804000000000002,0.18168673723928533
1594,18.832,74.176,0.56139,0.18731720482944583
1595,18.834,74.405,0.11524000000000001,0.17536882625555897
1596,18.834,74.39399999999999,0.09428099999999999,0.17571876007220746
1597,18.834,73.834,0.087689,0.22361734797243285
1598,18.835,73.834,0.18126,0.2237432513417497
1599,18.835,74.20100000000001,0.089777,0.18579881848586924
1600,18.836,74.135,0.16706,0.19097644601974387
1601,18.836,74.385,0.16764,0.17619029378834697
1602,18.837,74.404,0.2017,0.1756463631435863
1603,18.837,73.437,0.083512,0.284791671647076
1604,18.839000000000002,74.403,0.13358,0.17584318991716244
1605,18.839000000000002,76.236,0.1587,0.1991609663673263
1606,18.840999999999998,74.432,0.15192,0.17516921392089893
1607,18.840999999999998,74.687,0.16764,0.17446566660028032
1608,18.840999999999998,76.382,0.11692999999999999,0.17730224636840122
1609,18.842,74.76100000000001,0.18067,0.17636058841422667
1610,18.843,74.529,0.1493,0.17366497943617468
1611,18.845,74.671,0.15711,0.17441405987190964
1612,18.847,74.65899999999999,0.12834,0.1743515186152577
1613,18.847,74.618,0.11517999999999999,0.17391025274539076
1614,18.848,74.821,0.10214,0.1787029586153525
1615,18.849,74.416,0.19384,0.17627510976073427
1616,18.851,74.936,0.093537,0.18395405980823068
1617,18.851,73.835,0.075157,0.22562926582153234
1618,18.851,76.343,0.13882,0.18387280903246486
1619,18.854,74.73,0.12572,0.17614692907264531
1620,18.855,74.775,0.20799,0.1774589359503114
1621,18.855,74.85300000000001,0.11692999999999999,0.1802928498069062
1622,18.86,74.548,0.18594000000000002,0.17476883255546075
1623,18.861,74.61399999999999,0.10737999999999999,0.1748148327102387
1624,18.863,74.77600000000001,0.38594,0.17791589740962557
1625,18.866,74.53,0.12044,0.17536559975327973
1626,18.867,74.758,0.09604299999999999,0.17761348933208768
1627,18.868,74.689,0.20669,0.1761222790293341
1628,18.87,74.73100000000001,0.13355999999999998,0.1770979711230838
1629,18.87,74.891,0.17708,0.1826081878513062
1630,18.871,74.696,0.09951900000000001,0.17643404424114476
1631,18.872,74.594,0.14400000000000002,0.17552321179986666
1632,18.873,74.92399999999999,0.20465,0.18426211257940242
1633,18.874000000000002,74.539,0.087689,0.17589482642542578
1634,18.874000000000002,74.699,0.1624,0.17667787351242906
1635,18.881,74.916,0.13355999999999998,0.18425130222851197
1636,18.885,75.97,0.16706,0.221326488908166
1637,18.887,74.668,0.15711,0.17706763211196655
1638,18.889,74.446,0.11517999999999999,0.17883441587496365
1639,18.891,74.582,0.17288,0.17695005016041257
1640,18.894000000000002,74.809,0.15454,0.1807053120940705
1641,18.898,73.657,0.12695,0.25760750846076086
1642,18.899,74.404,0.1755,0.18108183504815503
1643,18.899,75.124,0.17540999999999998,0.1962207570312077
1644,18.9,74.904,0.20465,0.18465923387328412
1645,18.901,75.206,0.055942,0.2012515218105925
1646,18.903,75.191,0.067479,0.20040075505995905
1647,18.905,74.359,0.099953,0.1834955185366858
1648,18.908,74.804,0.12445,0.18139480958926982
1649,18.915,74.751,0.2148,0.1804350033888791
1650,18.918,74.829,0.19212,0.18281730354853634
1651,18.92,74.771,0.22528,0.18125248529158536
1652,18.923,74.896,0.5263,0.18560304234899153
1653,18.923,74.053,0.54384,0.2084507453585335
1654,18.926,74.96600000000001,0.19379000000000002,0.18887176295809274
1655,18.928,74.858,0.16764,0.184446976055663
1656,18.929000000000002,74.89399999999999,0.12044,0.18587913584916707
1657,18.929000000000002,73.615,0.71578,0.2683402694166678
1658,18.932000000000002,74.764,0.14144,0.1819123013867067
1659,18.932000000000002,74.586,0.19646,0.1802356163908502
1660,18.932000000000002,74.797,0.17792,0.18275628098402877
1661,18.932000000000002,74.561,0.18636,0.1804243989343434
1662,18.935,74.77,0.13097,0.18226588420293957
1663,18.938,75.532,0.093537,0.22009344570323322
1664,18.939,74.696,0.14365999999999998,0.18120982847623493
1665,18.941,74.714,0.15703,0.1816117621015856
1666,18.944000000000003,74.711,0.14868,0.18179729835338612
1667,18.948,74.69800000000001,0.16502,0.18193618531016612
1668,18.951,74.888,0.22804000000000002,0.18703147910731768
1669,18.952,74.641,0.15716,0.18183895703413358
1670,18.955,73.578,0.0062826,0.2777196762703853
1671,18.956,73.579,0.51577,0.2776907910626687
1672,18.956,75.102,0.094205,0.1975029996346326
1673,18.957,73.593,0.76841,0.27557158548968586
1674,18.957,74.858,0.17708,0.1863593160719961
1675,18.958,74.699,0.16789,0.18274492124024613
1676,18.959,74.691,0.23723000000000002,0.18273873579582792
1677,18.96,75.98100000000001,0.17708,0.22211326636622666
1678,18.961,74.723,0.17374,0.18330467891396388
1679,18.965999999999998,74.619,0.16764,0.18303299544608012
1680,18.965999999999998,74.806,0.12047999999999999,0.18542990095109005
1681,18.968,75.02600000000001,0.11025,0.19419740439735703
1682,18.969,74.37,0.18074,0.1894345573428712
1683,18.969,74.788,0.1362,0.18520126365849823
1684,18.97,74.89699999999999,0.35086,0.18865300011921451
1685,18.971,74.57300000000001,0.17026,0.18376826571578722
1686,18.972,75.028,0.11325,0.19453952967527446
1687,18.972,73.73,0.1044,0.2562381318387602
1688,18.974,74.705,0.15703,0.18412393672372276
1689,18.975,74.02199999999999,0.039233,0.2180662854694503
1690,18.977,74.774,0.17457999999999999,0.18550546433425177
1691,18.979,74.71300000000001,0.18878,0.1846353316312699
1692,18.98,75.76,0.055942,0.22699179976848785
1693,18.980999999999998,74.874,0.16789,0.1886112114621518
1694,18.983,74.697,0.17792,0.18479859506490573
1695,18.983,74.733,0.18627,0.1852417578022071
1696,18.983,74.67,0.20694,0.18459940121160415
1697,18.985,75.465,0.088524,0.2187537900106077
1698,18.985,74.85600000000001,0.1988,0.18831421351657865
1699,18.986,74.306,0.18074,0.19474099824014615
1700,18.987000000000002,74.01,0.11902,0.22089373569736018
1701,18.992,74.861,0.17792,0.1890032116078341
1702,18.994,74.842,0.20465,0.1885744027088562
1703,18.995,74.741,0.10737999999999999,0.1863689790628024
1704,18.995,74.877,0.17792,0.18975563654923214
1705,18.996,74.255,0.18598,0.19922605229166993
1706,18.996,74.483,0.12047999999999999,0.18791688910016904
1707,18.997,74.626,0.18636,0.18580600005184858
1708,18.998,74.892,0.19212,0.19049850330084486
1709,18.998,74.608,0.12044,0.1859806142934555
1710,19.007,74.76100000000001,0.11259000000000001,0.18772047211880907
1711,19.007,74.854,0.29320999999999997,0.18995555186396854
1712,19.007,74.889,0.20965999999999999,0.19108276392229565
1713,19.01,74.874,0.20965999999999999,0.19081804953287299
1714,19.012,74.876,0.25144,0.19104110674773436
1715,19.017,74.017,0.23799,0.22382224357112304
1716,19.018,74.521,0.14926,0.1891814213816582
1717,19.018,73.834,0.079334,0.24715047516102998
1718,19.018,74.15100000000001,0.075157,0.21023071057930745
1719,19.019000000000002,74.918,0.19379000000000002,0.1930460505305396
1720,19.023,75.194,0.29822,0.2064357597749457
1721,19.024,74.657,0.34551,0.18829311003949648
1722,19.026,74.555,0.12047999999999999,0.189318588552874
1723,19.029,74.661,0.55696,0.1887707760194728
1724,19.031,75.706,0.15035,0.22860006829788218
1725,19.032,74.704,0.088524,0.18923567751470052
1726,19.033,76.292,0.19908,0.19745096797793896
1727,19.033,73.711,0.34417,0.26701396816220346
1728,19.033,74.73899999999999,0.17812,0.18968508372368711
1729,19.035,74.118,0.13364,0.21539301747990205
1730,19.035999999999998,74.648,0.73174,0.18944896602811936
1731,19.035999999999998,74.66,0.1755,0.18944087466984352
1732,19.037,74.171,0.6491100000000001,0.21072313285204516
1733,19.038,74.207,0.49121000000000004,0.20778726275067164
1734,19.041,76.189,0.11692999999999999,0.21017491293775484
1735,19.043,74.90100000000001,0.1044,0.19439250052490956
1736,19.046,73.939,0.040904,0.2368016837510223
1737,19.046,74.142,0.45611999999999997,0.21444474869346167
1738,19.046,74.381,0.50876,0.19725475435254794
1739,19.046,75.294,0.45611999999999997,0.21330533493615159
1740,19.048,74.355,0.47367,0.19884179323643839
1741,19.054000000000002,74.69,0.16238,0.19125142476410575
1742,19.057000000000002,74.366,0.66666,0.19927200670175962
1743,19.058,74.637,0.5789300000000001,0.19166130143466634
1744,19.059,74.21,0.43858,0.21005321057392726
1745,19.061,75.021,0.17540999999999998,0.20055295753222582
1746,19.063,74.259,0.17540999999999998,0.20673200372947334
1747,19.064,74.51100000000001,0.13882,0.19425789120606554
1748,19.064,74.626,0.18636,0.19233389373162782
1749,19.065,75.672,0.067638,0.2298514601268913
1750,19.066,74.669,0.13097,0.19239310931824108
1751,19.067999999999998,74.16199999999999,0.63157,0.21528532572653938
1752,19.067999999999998,74.431,0.13358,0.19743540655047878
1753,19.069000000000003,74.64399999999999,0.16789,0.19274604372389817
1754,19.07,73.855,0.11524000000000001,0.2508952349192035
1755,19.07,74.743,0.17792,0.19321857934653078
1756,19.072,73.854,0.10477,0.2512865290513806
1757,19.073,73.858,0.09428099999999999,0.250866366698559
1758,19.075,74.986,0.044245,0.2002408763716719
1759,19.076,73.858,0.15716,0.25124753854404536
1760,19.077,73.83800000000001,0.10477,0.25413009724600377
1761,19.077,74.682,0.16789,0.19351240771039604
1762,19.078,74.671,0.17792,0.19360580048747625
1763,19.078,73.854,0.10477,0.25204885739286764
1764,19.079,73.862,0.10477,0.25108308650393607
1765,19.079,74.14399999999999,0.94737,0.2182959090337129
1766,19.087,73.878,0.14668,0.2499354790197185
1767,19.087,73.862,0.14668,0.2520978148476841
1768,19.089000000000002,75.84100000000001,0.16706,0.23208204961830273
1769,19.092,74.202,0.59648,0.21471511821266556
1770,19.093,74.521,0.18636,0.19716314172701968
1771,19.098,73.854,0.07331900000000001,0.25458298564245274
1772,19.098,74.935,0.29822,0.20037338151922515
1773,19.099,74.207,0.85964,0.2151501512452139
1774,19.102999999999998,74.63600000000001,0.28068000000000004,0.19634059524943417
1775,19.102999999999998,74.638,0.42103,0.19632680342536082
1776,19.104,73.881,0.1362,0.251684269565452
1777,19.105,74.711,0.10147,0.196471840545455
1778,19.105,75.171,0.09855,0.21124937086149223
1779,19.105999999999998,74.66,0.8229,0.196535850471705
1780,19.113,74.273,0.54384,0.21171124315966408
1781,19.115,75.377,0.1755,0.22239411770226294
1782,19.118,73.944,0.21156999999999998,0.2452750574567413
1783,19.118,74.807,0.18878,0.19891201032713748
1784,19.118,75.722,0.065967,0.23402517185662156
1785,19.12,74.081,0.20432,0.2296735510189806
1786,19.122,74.132,0.45611999999999997,0.22476514504654646
1787,19.125,75.78399999999999,0.11192,0.23485094589490754
1788,19.127,74.736,0.071815,0.19892419515366014
1789,19.128,74.703,0.1044,0.19886243163756948
1790,19.129,74.741,0.11025,0.1991744022755875
1791,19.13,76.191,0.6491100000000001,0.21605194663414987
1792,19.132,74.55,0.035891,0.20081994613777945
1793,19.132,73.706,0.21134,0.28023439703572606
1794,19.134,73.819,0.1044,0.263969136655826
1795,19.134,74.714,0.13614,0.19954019589024088
1796,19.135,73.834,0.089777,0.26199577853466804
1797,19.135,73.834,0.65371,0.26199577853466804
1798,19.136,73.819,0.22345,0.26421847389593967
1799,19.136,73.852,0.12946,0.259635742712521
1800,19.136,74.20100000000001,0.089777,0.22020686332891062
1801,19.136,74.778,0.14701,0.20030808619794174
1802,19.14,74.72399999999999,0.15703,0.20022990517800346
1803,19.149,74.247,0.6842,0.21806035792370318
1804,19.151,73.727,0.47617,0.27940984335245855
1805,19.152,74.601,0.15454,0.20212738320570914
1806,19.157,75.745,0.14282999999999998,0.23713041580072128
1807,19.16,74.52,0.18878,0.2048262045369821
1808,19.162,74.55199999999999,0.19053,0.20421690664714556
1809,19.162,73.61399999999999,0.16789,0.29797860109312835
1810,19.164,74.74,0.008154,0.2029296100083561
1811,19.164,74.778,0.005647600000000001,0.20328784196514063
1812,19.167,74.76899999999999,0.0051464,0.2035103404470017
1813,19.167,75.058,0.09855,0.21162003552166234
1814,19.167,75.206,0.31577,0.21838278281156856
1815,19.168,74.738,0.0016375,0.20335613012588752
1816,19.169,73.796,0.47608999999999996,0.27155205342021793
1817,19.17,73.875,0.15787,0.2607495814853562
1818,19.171,74.743,0.013166999999999998,0.20371943459093203
1819,19.171,75.64,0.1562,0.23667097561782915
1820,19.171,73.882,0.10522999999999999,0.2599387179337679
1821,19.172,73.744,0.34417,0.27944442157529303
1822,19.173,73.796,0.58186,0.27204114823833647
1823,19.174,75.21300000000001,0.28068000000000004,0.21936948886512245
1824,19.174,73.817,0.21156999999999998,0.2691969943885071
1825,19.174,73.82600000000001,0.26447,0.26793933434111805
1826,19.174,73.876,0.44961999999999996,0.26111070829395144
1827,19.174,74.687,0.18512,0.20390753442669232
1828,19.174,74.69800000000001,0.18878,0.20389800875185507
1829,19.175,73.67399999999999,0.8462799999999999,0.29027650353690126
1830,19.176,74.495,0.10214,0.20750073351755452
1831,19.176,73.558,0.57309,0.3083661787189931
1832,19.177,75.255,0.12528,0.22168359898110293
1833,19.177,73.931,0.58186,0.2543084188303725
1834,19.177,74.70100000000001,0.18512,0.20423545192885154
1835,19.178,74.792,0.008488200000000001,0.20498936609620624
1836,19.178,73.933,0.052867,0.25417897640961296
1837,19.179000000000002,74.60600000000001,0.052867,0.2051484610108141
1838,19.179000000000002,73.79899999999999,0.50252,0.2723468580524282
1839,19.179000000000002,74.27,0.22804000000000002,0.22002057530155375
1840,19.179000000000002,74.57300000000001,0.1587,0.20573349156839463
1841,19.180999999999997,74.72,0.16789,0.20471726305957053
1842,19.180999999999997,73.757,0.2907,0.278629038173414
1843,19.182000000000002,74.62899999999999,0.079318,0.20519371233063036
1844,19.183,73.895,0.23806999999999998,0.25970410432421054
1845,19.183,74.538,0.15452,0.20702830728023539
1846,19.183,74.572,0.10577,0.2062221195173203
1847,19.183,73.9,0.79364,0.2590486885206682
1848,19.184,74.726,0.10577,0.20507481644038608
1849,19.184,75.939,0.16706,0.2369471808591659
1850,19.186,73.859,0.60817,0.2648781621128017
1851,19.186,74.562,0.15867,0.20679142121419683
1852,19.186,74.444,0.23801999999999998,0.21066712707896165
1853,19.188,73.83800000000001,0.026701,0.2679919252862021
1854,19.188,73.742,0.18544000000000002,0.28166268990466514
1855,19.188,73.844,0.13197,0.26716753445474994
1856,19.189,73.847,0.1587,0.2668791495533761
1857,19.189,74.762,0.0054806,0.2058661129156322
1858,19.189,74.34100000000001,0.7669100000000001,0.216435208967399
1859,19.19,74.486,0.13882,0.2094873116910491
1860,19.19,73.858,0.1587,0.2655041989921998
1861,19.191,74.76,0.009073000000000001,0.20607193273346583
1862,19.191,74.416,0.1587,0.21255519328082798
1863,19.192,73.793,0.21134,0.27477638095856083
1864,19.192,73.89399999999999,0.10607,0.2609454914267383
1865,19.192,74.529,0.10572999999999999,0.2083436100939016
1866,19.192,75.192,0.38594,0.22007528150657432
1867,19.192999999999998,73.874,0.50207,0.26371858722890396
1868,19.192999999999998,73.96300000000001,0.55542,0.2523012047685538
1869,19.192999999999998,73.964,0.66123,0.25217864469149853
1870,19.192999999999998,74.587,0.39671999999999996,0.20710031245513175
1871,19.194000000000003,74.77600000000001,0.24140999999999999,0.20656203556883593
1872,19.194000000000003,73.964,0.5289699999999999,0.2523027609228775
1873,19.194000000000003,74.545,0.68771,0.20814808790296482
1874,19.194000000000003,75.97399999999999,0.42103,0.2365108963932722
1875,19.195,73.77199999999999,0.2907,0.27814157345021895
1876,19.195999999999998,74.673,0.15703,0.2064583420248142
1877,19.195999999999998,74.676,0.18878,0.20644512462948097
1878,19.197,73.79899999999999,0.23806999999999998,0.27452955414706237
1879,19.198,73.89,0.6875399999999999,0.26220918635112467
1880,19.198,73.675,0.7669100000000001,0.2928275839088026
1881,19.198,73.887,0.5029100000000001,0.2626048330408399
1882,19.198,74.782,0.0015539000000000002,0.2070755301635198
1883,19.199,73.893,0.5029100000000001,0.26193737093755254
1884,19.199,74.39399999999999,0.55542,0.21463996961025558
1885,19.199,73.668,0.58228,0.29400288528937535
1886,19.199,73.765,0.079334,0.2796300593110005
1887,19.2,74.55199999999999,0.37024,0.20868489672618742
1888,19.202,74.382,0.1587,0.2156498723899867
1889,19.203,73.73100000000001,0.2907,0.285061824061015
1890,19.203,73.763,0.21134,0.2803963821245895
1891,19.203,74.707,0.21156999999999998,0.20719145568317157
1892,19.203,75.21,0.33331,0.22199569754500173
1893,19.204,74.67399999999999,0.1988,0.2073778677558388
1894,19.204,73.706,0.13197,0.2888787239942412
1895,19.204,73.908,0.18544000000000002,0.2605953097445417
1896,19.204,74.017,0.37024,0.24724873938008066
1897,19.204,75.362,0.067638,0.22929317374135608
1898,19.204,74.017,0.5554600000000001,0.24724873938008066
1899,19.205,74.676,0.18878,0.20748456998896972
1900,19.205,74.681,0.17792,0.20746428773216244
1901,19.205,73.73,0.18512,0.2854449091721458
1902,19.205,74.575,0.21156999999999998,0.20875491853565178
1903,19.206,74.35300000000001,0.39671999999999996,0.21780105465716074
1904,19.206,74.37,0.052867,0.2168100966960246
1905,19.206,74.671,0.14701,0.20762485123682564
1906,19.206,73.557,0.29095,0.31188635771405604
1907,19.206,73.92699999999999,0.74059,0.2584040416903248
1908,19.207,73.9,0.14617,0.26200242896597536
1909,19.207,74.68,0.18878,0.20769975332639992
1910,19.208,73.89,0.23806999999999998,0.26343404645086566
1911,19.209,75.247,0.12445,0.22433774768953776
1912,19.209,75.168,0.31577,0.22062950783566285
1913,19.209,73.774,0.39671999999999996,0.27952805245978907
1914,19.209,73.684,0.31744,0.29274997384764667
1915,19.21,74.387,0.4227,0.21636228027203333
1916,19.211,73.904,0.58228,0.26197186055966815
1917,19.212,73.681,0.5555399999999999,0.2935473040589627
1918,19.212,74.671,0.14701,0.20832317102571032
1919,19.213,75.21300000000001,0.26313000000000003,0.22312250144808468
1920,19.214000000000002,75.215,0.35086,0.22331581979377993
1921,19.215,74.939,0.16706,0.21226846384219414
1922,19.215,73.67699999999999,0.58228,0.2944938749762982
1923,19.215999999999998,74.756,0.49121000000000004,0.20886957691771615
1924,19.217,75.834,0.16288,0.24205069974114748
1925,19.222,74.686,0.17792,0.2094254925343441
1926,19.225,74.61,0.1587,0.2104965919184382
1927,19.226,74.669,0.17792,0.20997617039620223
1928,19.226,74.609,0.6349100000000001,0.21063160296498365
1929,19.227,74.609,0.21134,0.21075100636364089
1930,19.227,74.609,0.7669100000000001,0.21075100636364089
1931,19.227,74.22800000000001,0.18544000000000002,0.2292689415084567
1932,19.227999999999998,75.685,0.29822,0.2425212466437713
1933,19.229,74.683,0.17792,0.2102582449640278
1934,19.230999999999998,74.671,0.17792,0.21055407541439244
1935,19.233,75.413,0.041881,0.23434017208783023
1936,19.234,74.686,0.16789,0.21083588323381822
1937,19.236,74.702,0.17792,0.21103150713891264
1938,19.236,74.669,0.1988,0.2111583470020089
1939,19.236,74.672,0.15703,0.21113985284727213
1940,19.237000000000002,74.91,0.1988,0.21387945100726916
1941,19.237000000000002,74.208,0.33415,0.23218589652516378
1942,19.238,75.09100000000001,0.18336,0.22024593656686078
1943,19.239,74.67699999999999,0.16789,0.21146766545087206
1944,19.239,74.721,0.13865,0.2113857909789887
1945,19.241,74.705,0.18878,0.2116175599762611
1946,19.243,74.705,0.16789,0.21185383225023605
1947,19.243,75.212,0.43858,0.22611839235694844
1948,19.245,75.78699999999999,0.42103,0.2448937187368905
1949,19.247,73.91199999999999,0.37024,0.2653141888067786
1950,19.247,74.206,0.11275,0.23360528244788728
1951,19.249000000000002,73.844,0.052867,0.27451447091992354
1952,19.249000000000002,74.21300000000001,0.54384,0.23326145000738377
1953,19.253,73.847,0.079318,0.2745821409253737
1954,19.256,74.676,0.17792,0.2135003020694263
1955,19.256,75.403,0.18794,0.23618096211330056
1956,19.256,74.67699999999999,0.16789,0.21349459173154098
1957,19.258,74.208,0.047587,0.23480807609315893
1958,19.261,74.226,0.1186,0.23367935005889598
1959,19.266,74.52199999999999,0.15319000000000002,0.21753140112012784
1960,19.266,75.722,0.13355999999999998,0.24661730576517507
1961,19.269000000000002,74.281,0.63157,0.2304224871690155
1962,19.271,74.227,0.08936000000000001,0.23484559844946654
1963,19.271,76.282,0.3684,0.21919449182723785
1964,19.271,73.87,0.39671999999999996,0.2736355292312971
1965,19.278,75.915,0.16873,0.24639180899282412
1966,19.281,74.98100000000001,0.013166999999999998,0.22092487348990456
1967,19.281,74.243,0.16706,0.23480627899924236
1968,19.284000000000002,76.05199999999999,0.16288,0.24121378266055485
1969,19.285999999999998,75.983,0.40349,0.24488424774018572
1970,19.285999999999998,74.206,0.16342,0.23846773784639144
1971,19.291,74.557,0.15945,0.2196268079861731
1972,19.292,74.243,0.060119000000000006,0.23617809175994411
1973,19.293,74.139,0.064296,0.24539588511802693
1974,19.296,75.22399999999999,0.29822,0.2323210446632046
1975,19.298,74.48899999999999,0.15163,0.22262647724913867
1976,19.302,74.054,0.5289699999999999,0.25516610207071155
1977,19.302,74.054,0.29095,0.25516610207071155
1978,19.304000000000002,75.984,0.3684,0.2467093353940857
1979,19.305,75.344,0.19296,0.23871052962228792
1980,19.305999999999997,74.041,0.66123,0.2570664546568703
1981,19.309,74.916,0.11692999999999999,0.2223286759315253
1982,19.314,73.998,0.4227,0.2628678905006606
1983,19.314,73.84,0.079318,0.2825796232381592
1984,19.32,74.06,0.37006999999999995,0.25669792620064735
1985,19.32,74.72800000000001,0.18512,0.22113322916403536
1986,19.320999999999998,74.416,0.12044,0.22866855036795533
1987,19.323,74.77600000000001,0.0030577,0.2216996743246046
1988,19.326,74.036,0.55471,0.26001865324738005
1989,19.326,73.585,0.06742100000000001,0.3201040253076838
1990,19.326,74.562,0.09604299999999999,0.22385103557592392
1991,19.33,75.22399999999999,0.12445,0.23611304903696653
1992,19.335,74.726,0.18336,0.222976862104909
1993,19.339000000000002,75.093,0.08518200000000001,0.23163522431184172
1994,19.342,74.048,0.34384000000000003,0.2606200105305305
1995,19.343,75.611,0.1988,0.25260927443136993
1996,19.343,75.617,0.1988,0.2527565905068023
1997,19.344,75.6,0.12612,0.2524371279126719
1998,19.35,74.936,0.19053,0.2277391724062933
1999,19.351,74.355,0.1562,0.23576134082141711
2000,19.352999999999998,75.325,0.26313000000000003,0.24319604400769826
2001,19.354,75.684,0.00080203,0.25529069426850803
2002,19.359,75.631,0.18878,0.25483387941027824
2003,19.359,76.639,0.42103,0.16784032326368895
2004,19.37,74.65100000000001,0.09195,0.22774015687126417
2005,19.374000000000002,76.49600000000001,0.38594,0.198939202406807
2006,19.375999999999998,75.783,0.15787,0.2585007142799435
2007,19.378,74.566,0.2506,0.23026566262023287
2008,19.378,74.566,0.042575,0.23026566262023287
2009,19.38,75.634,0.28068000000000004,0.25723680230238866
2010,19.383,75.638,0.31577,0.25766051718702165
2011,19.384,74.08800000000001,0.16706,0.2614150844818207
2012,19.385,74.08800000000001,0.18377000000000002,0.26153270383142924
2013,19.386,75.737,0.47367,0.25945110819851036
2014,19.387,75.169,0.3684,0.24037092463361612
2015,19.387,75.439,0.38594,0.251851490591121
2016,19.394000000000002,74.28399999999999,0.23799,0.24572980052147567
2017,19.395,74.273,0.42321000000000003,0.24664087376662971
2018,19.395,75.164,0.07014400000000001,0.24111670148709355
2019,19.396,74.274,0.26447,0.24669072890072133
2020,19.397000000000002,74.62100000000001,0.1257,0.23153704428625102
2021,19.397000000000002,74.275,0.42321000000000003,0.24674074774115198
2022,19.399,75.803,0.40349,0.26105552690738176
2023,19.402,75.975,0.42103,0.2579130874152339
2024,19.405,74.118,0.16706,0.26093157849831417
2025,19.408,74.77600000000001,0.030143,0.23222316769115195
2026,19.409000000000002,75.07,0.067187,0.2391314166290889
2027,19.416,74.806,0.1988,0.23347582753040344
2028,19.42,74.616,0.50876,0.23451061371655504
2029,19.421,75.217,0.3684,0.24645914354106893
2030,19.422,75.22,0.42103,0.2467068956423634
2031,19.423,75.05199999999999,0.08518200000000001,0.24020029868297335
2032,19.423,75.82600000000001,0.15202000000000002,0.2636815092862873
2033,19.424,75.221,0.28068000000000004,0.24698988984629913
2034,19.426,74.454,0.38594,0.24004730160103863
2035,19.428,76.417,0.33331,0.21928908940761208
2036,19.433,75.202,0.28068000000000004,0.2472724009710007
2037,19.434,75.714,0.35086,0.2647353928454854
2038,19.434,75.468,0.35086,0.2584226920597986
2039,19.436,75.283,0.40349,0.25108770135418434
2040,19.439,74.976,0.09604299999999999,0.23974779037089813
2041,19.44,74.686,0.16789,0.23622609566590294
2042,19.44,75.396,0.28068000000000004,0.25632714481675545
2043,19.441,75.691,0.1303,0.26526206661906593
2044,19.441,75.392,0.16365,0.256283226528641
2045,19.442,75.22,0.35086,0.24912063115824293
2046,19.445999999999998,74.51,0.10264000000000001,0.24041673712933012
2047,19.447,75.2,0.24559,0.24888720193371786
2048,19.448,74.774,0.13882,0.23723028754499445
2049,19.45,75.339,0.077663,0.25515606079079156
2050,19.45,74.617,0.31577,0.23826363351127747
2051,19.451,75.788,0.061999,0.2671057977689407
2052,19.452,75.265,0.15716,0.25224562605442513
2053,19.453,74.061,0.2105,0.2720603911272239
2054,19.457,75.263,0.28068000000000004,0.25276602479449084
2055,19.46,74.275,0.072651,0.25435308596031747
2056,19.463,74.779,0.20965999999999999,0.23914760397767046
2057,19.467,73.804,0.17123,0.3032491278456543
2058,19.467,75.333,0.26313000000000003,0.25695074849024524
2059,19.469,73.872,0.13364,0.2949704772606947
2060,19.469,74.249,0.21156999999999998,0.25730156009191296
2061,19.469,75.293,0.24559,0.25549928445224246
2062,19.47,74.087,0.079334,0.2713630138767116
2063,19.47,75.718,0.38594,0.2690040109886367
2064,19.472,75.726,0.29822,0.2693186330274313
2065,19.473,75.745,0.3684,0.26958321558936105
2066,19.474,74.786,0.23055,0.24057990679428778
2067,19.474,75.024,0.097714,0.24556426145754287
2068,19.475,75.282,0.35086,0.2557612081681244
2069,19.476,75.275,0.28068000000000004,0.2555858149381517
2070,19.477,75.29,0.24559,0.25634411645730415
2071,19.477999999999998,75.255,0.3684,0.2549819310110879
2072,19.479,74.253,0.26447,0.25818164734485605
2073,19.480999999999998,74.49600000000001,0.10255999999999998,0.2452378993920872
2074,19.483,74.237,0.15867,0.2598396496825871
2075,19.483,75.183,0.2105,0.25259110801482876
2076,19.484,74.57300000000001,0.12829000000000002,0.24338232105560423
2077,19.485,74.247,0.079318,0.25932505215569357
2078,19.487000000000002,75.757,0.28068000000000004,0.27131119902987133
2079,19.487000000000002,76.134,0.31577,0.25913408056442766
2080,19.487000000000002,75.304,0.26313000000000003,0.25815443657069637
2081,19.487000000000002,75.741,0.56139,0.2712211868163409
2082,19.489,75.308,0.24559,0.25856698446353066
2083,19.489,73.875,0.13364,0.29656582502145945
2084,19.492,74.76899999999999,0.011738,0.24273300027476322
2085,19.494,75.352,0.3684,0.261017239088301
2086,19.494,75.292,0.3684,0.25850158573224724
2087,19.496,74.20100000000001,0.13364,0.26414479313337114
2088,19.497,74.738,0.49121000000000004,0.24325951123157977
2089,19.497,75.324,0.31577,0.2602150206144037
2090,19.5,75.283,0.43858,0.2588553276251876
2091,19.500999999999998,74.308,0.29091999999999996,0.25698742089174864
2092,19.500999999999998,75.22800000000001,0.29822,0.25666557470717766
2093,19.500999999999998,74.306,0.60834,0.2571159435003978
2094,19.500999999999998,75.271,0.40349,0.25847159368218176
2095,19.502,74.306,0.9356700000000001,0.2572335170500496
2096,19.503,74.306,0.37024,0.257351023996392
2097,19.503,74.308,0.5289699999999999,0.25722263607487905
2098,19.503,74.308,0.10572999999999999,0.25722263607487905
2099,19.503,75.322,0.35086,0.2608632027752934
2100,19.503,75.753,0.0018965,0.2732044658080406
2101,19.503,74.307,0.23799,0.2572867531312013
2102,19.504,75.293,0.40349,0.2597665175480802
2103,19.504,74.304,0.1851,0.25759739893429623
2104,19.504,75.316,0.40349,0.26073379379998785
2105,19.504,75.752,0.31577,0.27331916217030316
2106,19.506,74.301,0.10572999999999999,0.25802628780550885
2107,19.506,74.308,0.13222,0.2575749583588707
2108,19.506,74.309,0.58478,0.25751109674776895
2109,19.506,74.859,0.1988,0.24547473609868178
2110,19.507,73.94,0.18961,0.2907623289228195
2111,19.507,74.311,0.26447,0.25750124289907117
2112,19.508,74.307,0.31735,0.25787344970428405
2113,19.508,74.308,0.29091999999999996,0.25780950295994165
2114,19.508,75.28399999999999,0.22804000000000002,0.25987728326448967
2115,19.509,74.3,0.37024,0.2584422615690627
2116,19.509,74.301,0.29095,0.2583772772604316
2117,19.509,74.307,0.5289699999999999,0.2579905856626059
2118,19.509,74.305,0.44961,0.2581188702072901
2119,19.509,75.301,0.38594,0.26071518954849493
2120,19.509,74.3,0.23799,0.2584422615690627
2121,19.511,74.28399999999999,0.052867,0.2597351888739038
2122,19.511,75.351,0.26313000000000003,0.2630461484587928
2123,19.512,75.396,0.33331,0.2649974275852909
2124,19.512999999999998,74.25,0.13222,0.2623443682043396
2125,19.517,75.17399999999999,0.40349,0.25642213694130134
2126,19.517,75.036,0.16789,0.25131507656056007
2127,19.517,75.372,0.3684,0.2646387430020173
2128,19.517,74.253,0.079318,0.262586316481103
2129,19.518,76.485,0.3684,0.22021333493691045
2130,19.519000000000002,75.138,0.29822,0.2552457374278101
2131,19.52,75.37100000000001,0.42103,0.2649638990757731
2132,19.52,75.521,0.3684,0.2705471094785077
2133,19.521,75.756,0.28068000000000004,0.2753802093778007
2134,19.521,74.00399999999999,0.079334,0.2852033192719563
2135,19.522000000000002,75.12,0.38594,0.2549268052540693
2136,19.522000000000002,75.20100000000001,0.22804000000000002,0.25813693281914074
2137,19.522000000000002,75.325,0.42103,0.2633114470151793
2138,19.525,76.169,0.00080203,0.26110824041963054
2139,19.526,74.245,0.37027,0.26419038321012367
2140,19.527,75.759,0.35086,0.2761157348146497
2141,19.53,75.351,0.22804000000000002,0.26536704166245906
2142,19.53,75.367,0.31577,0.2660218385727027
2143,19.532,75.735,0.28068000000000004,0.2765742195356734
2144,19.534000000000002,75.362,0.14032,0.26630683307578074
2145,19.534000000000002,75.35600000000001,0.31577,0.26606146371889217
2146,19.535999999999998,75.71600000000001,0.31577,0.27688102992991326
2147,19.535999999999998,75.375,0.26313000000000003,0.2670794307881861
2148,19.535999999999998,75.67699999999999,0.29822,0.27636101878795094
2149,19.537,75.467,0.24559,0.27074787458417804
2150,19.538,75.777,0.35086,0.2774915113925853
2151,19.538,75.76,0.45611999999999997,0.2774462940630169
2152,19.538,75.986,0.15787,0.273775540743063
2153,19.542,75.392,0.24559,0.2684944517597504
2154,19.544,75.718,0.093537,0.27786727808487555
2155,19.545,74.564,0.10264000000000001,0.2511087691946926
2156,19.547,74.857,0.24140999999999999,0.2505743913719548
2157,19.551,74.759,0.16789,0.2500596085789073
2158,19.553,75.718,0.40349,0.2789542937272109
2159,19.554000000000002,75.75399999999999,0.3684,0.27935215463845886
2160,19.554000000000002,75.27,0.081958,0.2649437216218301
2161,19.554000000000002,75.288,0.14032,0.2656946219629214
2162,19.554000000000002,76.571,0.38594,0.20947328242503374
2163,19.558,75.219,0.29822,0.26332197947596747
2164,19.559,75.747,0.3684,0.27991801378319237
2165,19.564,76.623,0.15787,0.2004036702419543
2166,19.567,75.333,0.29822,0.26915821971575604
2167,19.567,75.58800000000001,0.3684,0.2782104150238529
2168,19.567,75.45100000000001,0.13358,0.2738128790324952
2169,19.569000000000003,75.23,0.050094,0.26513158752149124
2170,19.572,75.293,0.2105,0.26811483723975715
2171,19.577,75.766,0.26313000000000003,0.2821834165126649
2172,19.578,75.601,0.24559,0.2798743139756268
2173,19.578,73.532,0.36506,0.34671026516763703
2174,19.58,75.619,0.38594,0.2805462567089737
2175,19.58,74.66,0.1624,0.2538423883531814
2176,19.581,75.083,0.38594,0.2608894098452309
2177,19.584,74.896,0.13364,0.2558879382309993
2178,19.587,75.637,0.17540999999999998,0.28178685289637795
2179,19.588,75.32600000000001,0.29822,0.27144283490392584
2180,19.589000000000002,73.61399999999999,0.17792,0.3370228119683192
2181,19.593,75.592,0.28068000000000004,0.28146211502495033
2182,19.595,74.98100000000001,0.075383,0.25933488644581115
2183,19.596,76.04899999999999,0.29822,0.2780503488419931
2184,19.597,75.85300000000001,0.10022,0.2842584198199035
2185,19.599,75.76899999999999,0.31577,0.28485351261919
2186,19.599,76.4,0.24559,0.24455308356259278
2187,19.6,74.873,0.12612,0.2574202178441275
2188,19.6,75.64399999999999,0.3684,0.28350106104321515
2189,19.602,75.75399999999999,0.38594,0.28515710287725093
2190,19.604,75.737,0.35086,0.2852903079300244
2191,19.605,75.609,0.35086,0.28333504953838085
2192,19.605999999999998,74.60600000000001,0.29822,0.25764088507679317
2193,19.605999999999998,75.64699999999999,0.35086,0.284285008262819
2194,19.608,75.624,0.40349,0.2840439911516508
2195,19.609,75.63,0.19296,0.2842963712627983
2196,19.609,75.617,0.2105,0.28400599658500236
2197,19.611,75.67399999999999,0.15787,0.2853739627718326
2198,19.612000000000002,74.73899999999999,0.10472999999999999,0.257485188037879
2199,19.617,75.611,0.38594,0.28483088718606575
2200,19.619,74.793,0.13614,0.2586481078140147
2201,19.619,75.634,0.38594,0.2855877292131931
2202,19.621,75.711,0.06687799999999999,0.2870924176310139
2203,19.622,75.605,0.24559,0.2852894968972436
2204,19.622,75.972,0.16455,0.28457981346609906
2205,19.622,75.623,0.29822,0.28570980020023906
2206,19.622,75.60300000000001,0.3684,0.28524066050516694
2207,19.623,75.613,0.24559,0.2856010600112966
2208,19.624000000000002,75.757,0.56139,0.28782553019783674
2209,19.625999999999998,75.34100000000001,0.45611999999999997,0.2766934031178555
2210,19.625999999999998,76.376,0.29822,0.25148246024913756
2211,19.625999999999998,75.786,0.13364,0.288136843501839
2212,19.625999999999998,76.54899999999999,0.38594,0.223737251079445
2213,19.627,75.607,0.28068000000000004,0.28593997474996713
2214,19.628,75.723,0.33331,0.28806129034928896
2215,19.633,75.579,0.31577,0.2859472642953913
2216,19.633,75.291,0.26313000000000003,0.2754929916297427
2217,19.633,75.654,0.33331,0.2876712678298864
2218,19.634,76.535,0.28068000000000004,0.22740010034152383
2219,19.634,75.274,0.28068000000000004,0.27491346063515143
2220,19.636,75.60600000000001,0.43858,0.2869979495479321
2221,19.636,75.684,0.2105,0.2885388619644774
2222,19.637,76.375,0.28068000000000004,0.2530617382527506
2223,19.637,75.586,0.31577,0.28661396685069596
2224,19.637,75.653,0.28068000000000004,0.28813270011538517
2225,19.637,75.57600000000001,0.31577,0.2863469749142581
2226,19.637999999999998,75.612,0.42103,0.28738124748787486
2227,19.639,74.60600000000001,0.26313000000000003,0.2615362383371076
2228,19.639,75.585,0.29822,0.28682790996722973
2229,19.639,75.60300000000001,0.45611999999999997,0.2872851670537534
2230,19.639,75.835,0.35086,0.28951066632811795
2231,19.64,75.602,0.29822,0.28738064638741967
2232,19.64,74.78399999999999,0.12612,0.261106670629498
2233,19.64,75.624,0.3684,0.2878958715773583
2234,19.64,75.638,0.26313000000000003,0.2881960504237354
2235,19.642,76.456,0.28068000000000004,0.24185029527457538
2236,19.642,75.622,0.28068000000000004,0.288091055743393
2237,19.642,75.59,0.38594,0.2873182371741426
2238,19.642,75.611,0.40349,0.28783758067474996
2239,19.642,75.036,0.088524,0.26678412974138643
2240,19.643,75.66199999999999,0.3684,0.28901722342802394
2241,19.643,75.658,0.40349,0.28894509680731717
2242,19.643,75.624,0.28068000000000004,0.2882556029936041
2243,19.644000000000002,75.62,0.29822,0.28828568748226047
2244,19.644000000000002,75.737,0.42103,0.2901039747155617
2245,19.645,75.612,0.28068000000000004,0.28822076945760877
2246,19.645,75.52600000000001,0.1886,0.285836981469372
2247,19.646,75.641,0.24559,0.2889764926314423
2248,19.646,75.616,0.31577,0.2884337998439024
2249,19.647000000000002,75.587,0.40349,0.28783984297950416
2250,19.649,75.611,0.31577,0.28867621357288276
2251,19.65,74.859,0.17792,0.263265508014203
2252,19.65,75.649,0.40349,0.2896137374829818
2253,19.651,75.65100000000001,0.14951,0.28977177371456264
2254,19.651,75.681,0.28068000000000004,0.2902900981741904
2255,19.651,75.65899999999999,0.28068000000000004,0.28992081913543766
2256,19.651,75.585,0.42103,0.28826644980737137
2257,19.651,75.622,0.42103,0.2891688111393733
2258,19.652,75.618,0.29822,0.2891978057899687
2259,19.652,75.708,0.38594,0.2907775321655962
2260,19.653,74.671,0.081841,0.2624966023675682
2261,19.653,75.645,0.19296,0.28989403986558016
2262,19.654,75.649,0.42103,0.2900918366734735
2263,19.654,75.655,0.35086,0.2902057632656654
2264,19.655,75.578,0.2105,0.28855862596768167
2265,19.655,75.601,0.35086,0.2891523344363178
2266,19.655,75.593,0.2105,0.28895181105666445
2267,19.656,74.45,0.11517999999999999,0.26753768838264047
2268,19.656,75.234,0.35086,0.2759374626596537
2269,19.656,75.626,0.3684,0.28985514487493935
2270,19.656,74.756,0.38594,0.2628281450735428
2271,19.657,75.61399999999999,0.3684,0.28970290283485
2272,19.657,75.616,0.47367,0.28974926099692966
2273,19.658,75.65100000000001,0.42103,0.2906077939493755
2274,19.658,75.694,0.38594,0.29131521853096964
2275,19.658,75.829,0.3684,0.2918352694410269
2276,19.659000000000002,75.623,0.35086,0.29014677499878083
2277,19.66,75.61,0.3684,0.28996692233584165
2278,19.66,75.4,0.28068000000000004,0.28315163224558626
2279,19.66,75.592,0.28068000000000004,0.28952336981134497
2280,19.66,75.622,0.24559,0.29024369370368486
2281,19.660999999999998,75.684,0.24559,0.291529300726341
2282,19.660999999999998,75.27199999999999,0.40349,0.2780998830755762
2283,19.662,75.585,0.3684,0.28958061019005543
2284,19.664,75.544,0.22804000000000002,0.2886646323156088
2285,19.667,75.656,0.29822,0.2917738793362019
2286,19.668,75.631,0.28068000000000004,0.2913936164600627
2287,19.668,75.645,0.15787,0.2916821164104554
2288,19.669,75.635,0.31577,0.2915972194293125
2289,19.669,75.64399999999999,0.35086,0.29178113775657843
2290,19.669,75.59100000000001,0.35086,0.29056999400415273
2291,19.669,75.632,0.28068000000000004,0.2915338584110251
2292,19.67,75.325,0.43858,0.28135548868906746
2293,19.67,75.421,0.38594,0.2851552330881031
2294,19.67,75.702,0.40349,0.2928491767499032
2295,19.671,75.226,0.28068000000000004,0.2774190027346979
2296,19.672,75.61399999999999,0.3684,0.29148921939980166
2297,19.672,75.67699999999999,0.38594,0.29272944006212787
2298,19.673,75.27,0.3684,0.27946029609102563
2299,19.674,75.23899999999999,0.38594,0.27830936099376924
2300,19.674,75.97,0.1624,0.2909468535024383
2301,19.675,75.935,0.07098,0.29212081218628105
2302,19.676,75.625,0.29822,0.2922131868586463
2303,19.677,75.653,0.28068000000000004,0.29290501118632695
2304,19.677,75.22399999999999,0.35086,0.27805768422941624
2305,19.68,75.22,0.28068000000000004,0.27825455269279065
2306,19.684,75.256,0.40349,0.2802020112078093
2307,19.684,74.26899999999999,0.58144,0.27943515856812395
2308,19.685,74.184,0.26397,0.2852369063592157
2309,19.686,73.845,0.44943999999999995,0.31626083384436887
2310,19.687,74.721,0.14701,0.2663476076429019
2311,19.688,75.737,0.6842,0.29533868009752684
2312,19.689,75.714,0.42103,0.29524006642671796
2313,19.691,75.024,0.26313000000000003,0.27229683020835516
2314,19.692,76.101,0.31577,0.2868369646556719
2315,19.694000000000003,75.215,0.22804000000000002,0.2797221812338643
2316,19.695,75.267,0.35086,0.2819626777497072
2317,19.697,75.718,0.24559,0.29622458185020006
2318,19.698,75.654,0.07014400000000001,0.2954011288856252
2319,19.699,75.308,0.24559,0.28411706830411054
2320,19.701,74.653,0.074322,0.2681413366617742
2321,19.704,74.825,0.10858,0.2691311409061449
2322,19.706,75.72,0.29822,0.29730024816251743
2323,19.709,74.84100000000001,0.15703,0.26994917668689433
2324,19.71,75.22,0.35086,0.28181888539675115
2325,19.714000000000002,75.32,0.29822,0.2863747146999981
2326,19.714000000000002,74.72,0.17792,0.2694380419127206
2327,19.714000000000002,75.212,0.38594,0.28196624230505773
2328,19.719,74.722,0.17207,0.2700076443742362
2329,19.722,75.21600000000001,0.24559,0.28306653850811925
2330,19.722,75.275,0.35086,0.2854729443288374
2331,19.724,75.21,0.35086,0.2830581765987016
2332,19.726,74.523,0.1516,0.27290308117625695
2333,19.729,74.623,0.3684,0.2715152006950091
2334,19.730999999999998,74.64,0.10522999999999999,0.2715787076252295
2335,19.730999999999998,75.587,0.33331,0.2977414404918618
2336,19.733,75.592,0.26313000000000003,0.2981004528642992
2337,19.734,75.68,0.24559,0.30003373019331536
2338,19.734,74.001,0.79348,0.30430900205472133
2339,19.736,75.584,0.20715999999999998,0.29823968158567515
2340,19.736,75.1,0.2105,0.2801956387537019
2341,19.736,75.40100000000001,0.017511000000000002,0.29215947784764673
2342,19.737000000000002,75.4,0.24559,0.2922365406411396
2343,19.745,75.40100000000001,0.3684,0.2931971253405824
2344,19.746,75.281,0.14432999999999999,0.28850459442983434
2345,19.750999999999998,74.021,0.65153,0.30379770120914174
2346,19.750999999999998,74.186,0.26397,0.29101623591106507
2347,19.752,74.186,0.1846,0.2911015756700869
2348,19.753,73.752,0.79348,0.329955516815989
2349,19.753,75.17399999999999,0.47367,0.28497929464219207
2350,19.753,74.625,0.33331,0.2740914368787235
2351,19.756,75.868,0.35086,0.3029212643608664
2352,19.759,74.641,0.49121000000000004,0.2746019577280754
2353,19.76,75.484,0.0526,0.29794020387884235
2354,19.764,75.153,0.099385,0.28541255821588896
2355,19.764,74.631,0.16764,0.27520977838839455
2356,19.769000000000002,74.185,0.5289699999999999,0.29259820405619175
2357,19.771,75.805,0.40349,0.3051056623926047
2358,19.773,75.27600000000001,0.45611999999999997,0.2913799644375177
2359,19.774,75.242,0.3684,0.29010409961349415
2360,19.774,75.24600000000001,0.3684,0.29026717769773314
2361,19.78,75.237,0.2105,0.2905759534329714
2362,19.784000000000002,75.718,0.3684,0.30618875792255096
2363,19.785999999999998,74.184,0.1587,0.29405232802276693
2364,19.789,75.469,0.29822,0.300678348994626
2365,19.79,75.249,0.38594,0.29218348662243765
2366,19.791,74.773,0.14701,0.2782337112534188
2367,19.801,74.183,0.23723000000000002,0.295306993306806
2368,19.801,75.295,0.40349,0.2952813129984223
2369,19.801,75.293,0.28068000000000004,0.2951997509762989
2370,19.802,74.752,0.012081,0.2792151937348948
2371,19.802,75.289,0.33331,0.29514678507668546
2372,19.802,75.291,0.28068000000000004,0.2952283962914146
2373,19.803,76.62100000000001,0.19296,0.23381859078600356
2374,19.804000000000002,75.29,0.40349,0.29540776649083655
2375,19.805,75.305,0.15787,0.29612892185128814
2376,19.805999999999997,75.308,0.42103,0.29636073792802464
2377,19.808,75.289,0.3684,0.29580611089632025
2378,19.808,75.87899999999999,0.3684,0.308571033681904
2379,19.809,75.288,0.28068000000000004,0.29587483890515776
2380,19.809,75.29,0.38594,0.29595644935295173
2381,19.81,75.288,0.22804000000000002,0.29598427439079156
2382,19.811,75.29,0.15787,0.2961752153188475
2383,19.811,75.642,0.38594,0.3079815827249701
2384,19.812,75.794,0.14144,0.3096507652909556
2385,19.812,76.07300000000001,0.19646,0.3024299291141229
2386,19.812,75.291,0.31577,0.2963252392695236
2387,19.813,75.292,0.38594,0.29647515281897174
2388,19.813,75.286,0.22804000000000002,0.2962303430360602
2389,19.814,75.30199999999999,0.40349,0.29699162177801475
2390,19.816,75.288,0.29822,0.2966387381720649
2391,19.817,75.721,0.3684,0.3098326088172221
2392,19.819000000000003,75.29899999999999,0.40349,0.29741300666491277
2393,19.819000000000003,75.293,0.31577,0.2971685133853923
2394,19.819000000000003,75.295,0.2105,0.29725004241148023
2395,19.82,75.293,0.19296,0.29727691183537985
2396,19.822,75.141,0.15787,0.29138066327131695
2397,19.823,75.288,0.17540999999999998,0.297397548417486
2398,19.823,75.289,0.22804000000000002,0.297438346154
2399,19.823,75.306,0.38594,0.2981307582061117
2400,19.824,75.289,0.26313000000000003,0.2975463245482516
2401,19.824,75.293,0.29822,0.2977094500992542
2402,19.825,75.291,0.3684,0.2977357708461771
2403,19.826,75.229,0.66164,0.2953138748579671
2404,19.826,75.292,0.15787,0.2978843111067987
2405,19.826,75.312,0.3684,0.298698012642695
2406,19.827,75.303,0.28068000000000004,0.29843998350416023
2407,19.828,75.626,0.35086,0.30947747481036825
2408,19.829,75.305,0.22804000000000002,0.29873628698132704
2409,19.834,75.312,0.31577,0.29955608119624977
2410,19.834,74.083,0.3166,0.3046006524166309
2411,19.834,74.169,0.50207,0.29869229236956896
2412,19.84,75.059,0.016751,0.29027396515015547
2413,19.84,75.066,0.11609000000000001,0.29052034071059174
2414,19.851,74.017,0.23799,0.3106365372927602
2415,19.851,75.28399999999999,0.16502,0.30021633255363234
2416,19.862000000000002,75.253,0.40349,0.3000972344889129
2417,19.862000000000002,75.255,0.33331,0.30017891542019726
2418,19.862000000000002,75.25399999999999,0.38594,0.300138073428335
2419,19.862000000000002,75.257,0.33331,0.3002606074419846
2420,19.862000000000002,75.259,0.19296,0.3003423083145338
2421,19.863,75.258,0.28068000000000004,0.3004050230940144
2422,19.863,75.25399999999999,0.42103,0.3002416377702667
2423,19.867,76.441,0.2017,0.2722463765831675
2424,19.872,75.262,0.3684,0.3014951068230943
2425,19.872,75.28399999999999,0.2105,0.3023936418282951
2426,19.875,75.27600000000001,0.15302000000000002,0.3023737557467069
2427,19.875,75.66,0.35086,0.31504020629902585
2428,19.875999999999998,74.874,0.17792,0.28860227220206847
2429,19.877,74.218,0.19646,0.2988146322576414
2430,19.879,75.783,0.22804000000000002,0.31665914055952427
2431,19.89,75.748,0.13113,0.31762350989282784
2432,19.901,76.562,0.47367,0.25660403739410653
2433,19.904,74.77199999999999,0.16789,0.28952213117853476
2434,19.904,74.773,0.21969,0.2895346851019568
2435,19.907,74.218,0.24100000000000002,0.30082478166467064
2436,19.91,76.002,0.15978,0.3159070673036837
2437,19.910999999999998,75.334,0.29822,0.30831688501318744
2438,19.913,75.672,0.40349,0.31899583472091675
2439,19.92,74.22800000000001,0.047119,0.30113623489743446
2440,19.922,75.274,0.43858,0.30694588697864966
2441,19.925,76.203,0.075157,0.3053374002661371
2442,19.930999999999997,75.551,0.28068000000000004,0.31794248572429573
2443,19.936,74.017,0.31735,0.31489689139148613
2444,19.947,74.958,0.12044,0.2975028145904077
2445,19.95,74.756,0.58127,0.29342438941011795
2446,19.951,74.017,0.63474,0.3155236031001678
2447,19.951,74.017,0.37024,0.3155236031001678
2448,19.957,74.622,0.31577,0.2933278903248421
2449,19.958,75.23899999999999,0.49121000000000004,0.3088738922192975
2450,19.959,75.475,0.42103,0.31812351679317663
2451,19.96,75.442,0.50876,0.3170553696498001
2452,19.965999999999998,74.682,0.23055,0.294127340564902
2453,19.988,75.985,0.1755,0.32363517287432253
2454,19.992,75.654,0.29822,0.3258194624581765
2455,20.008,74.888,0.17792,0.30075032650580336
2456,20.026,75.39,0.13355999999999998,0.320729449973832
2457,20.026,75.83800000000001,0.31577,0.32970099815018095
2458,20.028,74.428,0.24363,0.30057880590323316
2459,20.034000000000002,75.678,0.38594,0.3296039568751029
2460,20.037,75.837,0.19296,0.33055358066171303
2461,20.041,76.31,0.24559,0.3055086038527136
2462,20.069000000000003,74.658,0.18535,0.3014086369775767
2463,20.101,75.848,0.29822,0.3349297979135285
2464,20.102999999999998,75.434,0.26313000000000003,0.32795943827068486
2465,20.108,75.222,0.50876,0.31994678129729803
2466,20.108,75.399,0.31577,0.3270026052935616
2467,20.111,75.434,0.22804000000000002,0.32847768212173645
2468,20.129,75.46300000000001,0.49121000000000004,0.330608759357898
2469,20.156,74.806,0.14144,0.3085647575743433
2470,20.199,75.258,0.22804000000000002,0.3265585837770806
2471,20.209,74.039,0.79364,0.3192070042834778
2472,20.217,74.067,0.58228,0.31801973383707005
2473,20.218,74.024,0.13197,0.3198142317475354
2474,20.22,73.96600000000001,0.92564,0.32238447591521735
2475,20.221,74.092,0.34417,0.3170286927608167
2476,20.223,74.062,0.18544000000000002,0.3182070872300512
2477,20.223,74.054,0.21134,0.3185314330357337
2478,20.226,74.10600000000001,0.34417,0.3164997889962182
2479,20.227999999999998,73.898,0.23799,0.3254676618045662
2480,20.233,73.89,0.42321000000000003,0.3257486220824036
2481,20.234,74.115,0.18544000000000002,0.31617055077797107
2482,20.236,73.858,0.079318,0.32722510140496197
2483,20.236,73.889,0.052867,0.3257307572154161
2484,20.237000000000002,74.092,0.10607,0.31700287256334814
2485,20.237000000000002,74.047,0.18544000000000002,0.3187372472544666
2486,20.239,75.236,0.40349,0.3273945098011054
2487,20.24,74.07600000000001,0.13197,0.3175904278296834
2488,20.241,73.97,0.47617,0.3219246645598042
2489,20.241,74.021,0.21134,0.3197571602249111
2490,20.241,74.08800000000001,0.6875399999999999,0.3171366819026793
2491,20.243,74.065,0.026701,0.3179921562572777
2492,20.247,73.858,0.052867,0.32693488740659327
2493,20.247,73.998,0.10607,0.3206405917481273
2494,20.247,74.08,0.6349100000000001,0.31740261280655113
2495,20.248,73.97,0.58228,0.321815400307227
2496,20.249000000000002,74.096,0.42353999999999997,0.31680975517062093
2497,20.25,73.873,0.15867,0.32614712083736297
2498,20.25,74.069,0.10607,0.31779201973340854
2499,20.25,75.986,0.22804000000000002,0.3390668114690263
2500,20.253,73.89699999999999,0.37027,0.32496157727883
2501,20.254,74.003,0.60817,0.3203375286270964
2502,20.254,74.093,0.37006999999999995,0.31688953161356626
2503,20.257,74.072,0.13197,0.31762569276012875
2504,20.258,74.069,0.7401800000000001,0.31772710121810255
2505,20.258,73.896,0.26447,0.3248828862316552
2506,20.261,74.044,0.5029100000000001,0.3186302437440566
2507,20.272000000000002,76.27600000000001,0.35086,0.32137269952561787
2508,20.284000000000002,76.331,0.14617,0.3161350546911216
2509,20.303,74.568,0.18512,0.3101090003309901
2510,20.308,76.027,0.28068000000000004,0.33886572440098695
2511,20.323,74.01,0.6349100000000001,0.31870314609935924
2512,20.324,75.486,0.42103,0.33909198613245173
2513,20.325,75.475,0.28068000000000004,0.3387700714246601
2514,20.326,75.639,0.31577,0.342834250993299
2515,20.327,75.26,0.54384,0.33096240420747436
2516,20.351,73.99,0.23806999999999998,0.31856003138249134
2517,20.351,74.081,0.8462799999999999,0.3157974211541682
2518,20.355999999999998,73.832,0.5289699999999999,0.32389695102535876
2519,20.355999999999998,74.031,0.58228,0.31711911123532543
2520,20.355999999999998,73.832,0.37024,0.32389695102535876
2521,20.364,75.999,0.23799,0.34045633772464123
2522,20.367,74.051,0.39681,0.31620972887431364
2523,20.37,74.127,0.1587,0.3141493964471632
2524,20.371,74.056,0.079318,0.3159509177754475
2525,20.372,75.89399999999999,0.20965999999999999,0.34332831088525273
2526,20.378,74.02199999999999,0.74059,0.31668538563385207
2527,20.378,74.257,0.66123,0.31148875038472223
2528,20.379,74.257,0.71411,0.3114728345968161
2529,20.382,74.25,0.84636,0.31152542475371703
2530,20.384,74.015,0.58228,0.31667631458563317
2531,20.384,73.988,0.13197,0.3174612707328047
2532,20.385,74.071,0.1587,0.3151239886461158
2533,20.385,74.031,0.18544000000000002,0.3161919212624368
2534,20.385,74.258,0.66123,0.3113594863650536
2535,20.386,74.02600000000001,0.23806999999999998,0.31629586590415515
2536,20.389,73.723,0.11692999999999999,0.3259111121759245
2537,20.389,73.72399999999999,0.11692999999999999,0.3258771258920058
2538,20.389,73.847,0.50252,0.32171127456844983
2539,20.392,74.067,0.39681,0.31500298248234404
2540,20.393,73.726,0.46781999999999996,0.3255493491022796
2541,20.393,73.847,0.29095,0.3215010753647024
2542,20.397000000000002,74.101,0.7669100000000001,0.3140211350627099
2543,20.4,74.322,0.26447,0.3103999117736017
2544,20.401,74.33,0.55542,0.31032021259985676
2545,20.401,74.024,0.23806999999999998,0.3158036241991705
2546,20.409000000000002,74.35300000000001,0.31737,0.31004447901690746
2547,20.421,75.226,0.40349,0.3304848643187399
2548,20.428,74.414,0.23799,0.30958201141717445
2549,20.435,73.97,0.42353999999999997,0.3157585638996183
2550,20.441,74.453,0.11517999999999999,0.30944520263301656
2551,20.449,76.551,0.28068000000000004,0.288123764101724
2552,20.45,74.059,0.79364,0.31298717038643653
2553,20.451,74.042,0.7669100000000001,0.3133053191604971
2554,20.451,76.218,0.33331,0.3269040187572344
2555,20.456,73.89699999999999,0.42353999999999997,0.31653515071426497
2556,20.457,74.563,0.39671999999999996,0.31008239729483855
2557,20.468,74.061,0.31744,0.3121431026688889
2558,20.47,74.564,0.34384000000000003,0.30988119370861666
2559,20.472,74.759,0.5289699999999999,0.3136780798122326
2560,20.474,74.578,0.60834,0.30999885531049853
2561,20.477999999999998,74.748,0.13222,0.3133126492746038
2562,20.483,76.083,0.15454,0.3350213900162544
2563,20.493000000000002,74.768,0.71411,0.3135938614783872
2564,20.494,75.459,0.21885,0.33790363561246894
2565,20.495,74.57,0.13222,0.3094603885211584
2566,20.509,74.758,0.37024,0.3130210485526348
2567,20.517,73.903,0.71413,0.31257448356574746
2568,20.517,73.869,0.6876800000000001,0.31327551712970747
2569,20.52,74.439,0.66123,0.3074503610060816
2570,20.531999999999996,74.031,0.1851,0.30930703737533016
2571,20.533,73.862,0.39671999999999996,0.3122713792716961
2572,20.54,74.444,0.21159,0.3068050256409014
2573,20.552,74.528,0.92564,0.30724753223289514
2574,20.555,76.028,0.18878,0.33479173072691815
2575,20.558000000000003,73.90899999999999,0.21159,0.30959663443584806
2576,20.576999999999998,73.999,0.89891,0.3069037850785006
2577,20.590999999999998,73.931,0.74059,0.3068126324394491
2578,20.590999999999998,73.99600000000001,0.8462799999999999,0.3059681727741347
2579,20.592,73.999,0.1587,0.30586104017753146
2580,20.596999999999998,74.475,0.10572999999999999,0.3047905164806428
