,lat,long,actual,predicted
0,17.895,73.40100000000001,0.65262,0.1632534603535178
1,17.895,73.434,0.39998,0.16198720767190328
2,17.895,73.48100000000001,0.88421,0.16046079430365268
3,17.954,74.84899999999999,0.35086,0.2806505331275952
4,17.955,74.861,0.40349,0.28261567736007964
5,17.956,74.85600000000001,0.28068000000000004,0.28136956834243126
6,17.956,74.867,0.12278,0.28344621949304005
7,17.956,74.876,0.45611999999999997,0.28514822525350564
8,17.956,74.872,0.5789300000000001,0.2843914744136324
9,17.957,74.855,0.50876,0.28088015110272657
10,17.957,74.85,0.43858,0.27993901898999524
11,17.958,74.85600000000001,0.31577,0.28076785819784644
12,17.959,74.865,0.47367,0.2821601282021197
13,17.96,74.895,0.17540999999999998,0.2875108605548514
14,17.961,74.911,0.2105,0.2902222554709741
15,17.961,74.859,0.29404,0.28043105938452667
16,17.961,74.916,0.17540999999999998,0.2911667870603634
17,17.962,74.87899999999999,0.14032,0.2838842041958926
18,17.962,74.893,0.19296,0.28651803729838377
19,17.963,74.88600000000001,0.31577,0.2848951404488118
20,17.963,74.916,0.7017399999999999,0.29054201813990443
21,17.964000000000002,74.868,0.2105,0.28121665024579084
22,17.965999999999998,74.883,0.19296,0.2834202362005758
23,17.968,74.881,0.11777,0.28244163951750995
24,17.969,74.883,0.2105,0.2825129691552099
25,17.973,74.863,0.1988,0.2776050835704671
26,17.976,74.87100000000001,0.59648,0.2781957153985332
27,17.977,74.90100000000001,0.31577,0.28344089979844656
28,17.977999999999998,74.873,0.38594,0.2779729943996744
29,17.977999999999998,74.908,0.66666,0.28443341194240385
30,17.979,74.89699999999999,0.31577,0.28209899092745716
31,17.979,74.863,0.54384,0.27584100509700765
32,17.980999999999998,74.888,0.19296,0.2798432517233255
33,17.985,74.881,0.43858,0.2773769422164285
34,17.985,74.907,0.24559,0.2821376218748973
35,17.988,74.887,0.31577,0.27758957653489164
36,17.988,74.957,0.22804000000000002,0.2903951161078505
37,17.988,74.873,0.22804000000000002,0.27504120308986535
38,17.991,74.878,0.26313000000000003,0.275076404248655
39,17.991,74.891,0.22804000000000002,0.2774357638581755
40,17.992,74.872,0.19296,0.2737001771009923
41,17.993,74.888,0.24559,0.27630576594507456
42,17.994,74.875,0.31577,0.2736645863475663
43,17.995,74.898,0.2105,0.27753089214333637
44,17.996,74.875,0.38594,0.2730880856684574
45,17.997,74.88,0.35086,0.2737000445225909
46,17.997,74.887,0.47367,0.2749607891968335
47,17.999000000000002,74.87899999999999,0.10522999999999999,0.27294445357024566
48,18.000999999999998,74.878,0.31577,0.27219159834352824
49,18.003,74.929,0.49121000000000004,0.2807640320740788
50,18.003,74.876,0.28068000000000004,0.27126296175310055
51,18.006,74.884,0.59648,0.2718340510785234
52,18.008,74.875,0.28068000000000004,0.2696668118495065
53,18.009,74.895,0.24559,0.2729337697419751
54,18.009,75.571,0.17540999999999998,0.3776039522122907
55,18.011,74.865,0.35086,0.26705694212997455
56,18.011,74.87,0.33331,0.2679387777735723
57,18.011,74.87100000000001,0.5263,0.2681152652437967
58,18.012,74.87,0.26313000000000003,0.2676590657580187
59,18.014,74.86399999999999,0.2105,0.26604697232103103
60,18.015,74.86,0.10522999999999999,0.2650690302993811
61,18.016,74.868,0.50876,0.266194103646071
62,18.016,74.868,0.35086,0.266194103646071
63,18.017,74.861,0.22804000000000002,0.2646928726200256
64,18.017,74.96300000000001,0.2105,0.2826747104343569
65,18.018,74.89,0.20965999999999999,0.2694956724473005
66,18.019000000000002,74.97800000000001,0.35086,0.2847317155871309
67,18.019000000000002,74.968,0.22804000000000002,0.28296436352635695
68,18.02,74.971,0.33331,0.28319659108689327
69,18.022000000000002,74.971,0.31577,0.2826020032953356
70,18.028,74.85300000000001,0.35086,0.26031602873688614
71,18.031,74.84899999999999,0.19296,0.2588281579520935
72,18.031,74.868,0.33331,0.2620859500318023
73,18.033,74.86,0.38594,0.26017563832805657
74,18.034000000000002,74.962,0.12278,0.2775107884741491
75,18.034000000000002,74.96600000000001,0.22804000000000002,0.2782051882345223
76,18.034000000000002,74.969,0.31577,0.27872603476210583
77,18.035,74.975,0.3684,0.27947591789704623
78,18.035999999999998,74.857,0.2105,0.2588631329953769
79,18.035999999999998,74.969,0.19296,0.2781452102082871
80,18.04,74.87100000000001,0.5263,0.2601794125714041
81,18.04,74.865,0.2105,0.25916004284909705
82,18.041,75.55199999999999,0.47367,0.36339132336940577
83,18.042,74.861,0.29822,0.2579524416309175
84,18.042,74.857,0.087689,0.25727631779485344
85,18.044,74.85300000000001,0.54384,0.2560774095174799
86,18.044,74.995,0.24559,0.28030126449634596
87,18.045,74.96300000000001,0.17540999999999998,0.2745263565072139
88,18.049,74.86399999999999,0.2105,0.25661821543305385
89,18.051,74.962,0.14032,0.27265724983429795
90,18.052,74.89,0.12278,0.26019407789914256
91,18.054000000000002,74.891,0.35086,0.2598309466051301
92,18.054000000000002,74.461,0.013183000000000002,0.19588686476611705
93,18.055,74.888,0.35086,0.2590634597202364
94,18.055999999999997,75.57,0.5263,0.35954484150560323
95,18.055999999999997,74.907,0.19296,0.26198352403977904
96,18.057000000000002,74.88600000000001,0.43858,0.2582022091155772
97,18.057000000000002,74.89,0.29822,0.2588702470857062
98,18.058,74.458,0.14533,0.1948912914033593
99,18.058,74.45100000000001,0.12863,0.19406622696592585
100,18.059,75.566,0.42103,0.3580588579182705
101,18.061,74.455,0.16873,0.19406585907929047
102,18.062,74.899,0.17540999999999998,0.2590533310714248
103,18.063,74.893,0.17540999999999998,0.25779411253898254
104,18.063,74.458,0.14951,0.19410458825120985
105,18.063,74.891,0.35086,0.25746237118950965
106,18.066,74.462,0.12863,0.19410399467917716
107,18.067,74.988,0.49121000000000004,0.2725501811476466
108,18.069000000000003,74.905,0.22804000000000002,0.25821099174405604
109,18.069000000000003,74.46300000000001,0.08518200000000001,0.1937531959319
110,18.069000000000003,74.889,0.45611999999999997,0.25557465175829275
111,18.07,74.82600000000001,0.31577,0.24506670509142342
112,18.073,74.462,0.066552,0.1930192964446461
113,18.074,74.459,0.21134,0.19252172615912055
114,18.075,75.419,0.40349,0.33600105845361106
115,18.075,74.903,0.15787,0.256323129390853
116,18.075,75.42,0.29822,0.33612669245445836
117,18.077,74.455,0.015122,0.19161274397272304
118,18.077,74.453,0.20215,0.19138713111068195
119,18.078,74.454,0.051830999999999995,0.19135001873612373
120,18.079,74.461,0.14784,0.19199082886994778
121,18.084,74.454,0.06686900000000001,0.19045898602938321
122,18.085,76.21300000000001,0.10022,0.34146297239493756
123,18.086,74.459,0.14701,0.19071955465500623
124,18.087,74.455,0.21384,0.19012888532083755
125,18.089000000000002,74.887,0.24559,0.25018460958822575
126,18.104,74.641,0.16873,0.21021318111238674
127,18.112000000000002,75.071,0.8813700000000001,0.27355376620600147
128,18.118,73.741,0.22971999999999998,0.16348889876086792
129,18.13,74.889,0.22804000000000002,0.24067566264871065
130,18.139,74.422,0.14668,0.17990971431559755
131,18.139,76.163,0.24308000000000002,0.3283765847828399
132,18.141,74.878,0.33331,0.23652741556395218
133,18.144000000000002,73.554,0.14525,0.17634895127097283
134,18.15,73.675,0.12528,0.16861409907045444
135,18.151,74.436,0.13355999999999998,0.17976546922356956
136,18.152,74.018,0.15035,0.1591021169916761
137,18.153,74.42399999999999,0.13614,0.1784593016462066
138,18.153,75.046,0.2105,0.25895862801373637
139,18.154,74.423,0.17026,0.1782575387952321
140,18.154,74.376,0.13113,0.17433943779454342
141,18.154,74.436,0.13614,0.1794137324859656
142,18.156,74.832,0.19296,0.2265923213106117
143,18.158,74.442,0.12854000000000002,0.17948801969343275
144,18.158,73.683,0.093955,0.16868204879387194
145,18.158,73.992,0.20883000000000002,0.1589871396737792
146,18.158,74.01100000000001,0.1587,0.15900474600826908
147,18.158,74.013,0.14199,0.15901095403645843
148,18.16,74.666,0.11259000000000001,0.2035093182467873
149,18.16,74.423,0.13882,0.1775831337967091
150,18.160999999999998,74.021,0.2105,0.15900958182704034
151,18.162,74.422,0.16238,0.1772755566111438
152,18.163,74.421,0.12996,0.17708014271078354
153,18.164,74.44,0.14400000000000002,0.17861731349131266
154,18.165,75.047,0.42103,0.25613766565451856
155,18.165,75.182,0.2105,0.27589980735101327
156,18.167,73.759,0.21927,0.16511018275019385
157,18.167,73.767,0.2506,0.16472779248686248
158,18.167,73.992,0.1587,0.15895488995130108
159,18.167,73.99600000000001,0.26313000000000003,0.15894358952433724
160,18.167,74.42399999999999,0.09690399999999999,0.1768975490870408
161,18.167,74.411,0.10472999999999999,0.17581149655725908
162,18.168,74.385,0.15949000000000002,0.17363500909463553
163,18.168,75.044,0.17540999999999998,0.25496227998195287
164,18.168,75.16,0.24559,0.2719437255985231
165,18.169,75.175,0.45611999999999997,0.2738344596651745
166,18.169,74.384,0.15503,0.1734592257395231
167,18.171,75.17399999999999,0.22804000000000002,0.2731640705598367
168,18.171,75.186,0.17540999999999998,0.2748734451531081
169,18.172,74.42,0.12044,0.17602442184664974
170,18.172,74.414,0.10732,0.17553102202981402
171,18.173,74.414,0.19384,0.1754264412414291
172,18.174,74.01899999999999,0.22763000000000003,0.15888672059713654
173,18.174,74.429,0.12353,0.17656093985244015
174,18.174,74.452,0.13355999999999998,0.17854046078501634
175,18.174,74.006,0.25478,0.15889583296193627
176,18.174,74.442,0.14144,0.17766798139061946
177,18.175,73.828,0.19421,0.16249695018856858
178,18.175,73.95100000000001,0.21718,0.15932861926624908
179,18.175,73.959,0.21718,0.15922670787470744
180,18.175,73.986,0.20256,0.1589790618412275
181,18.175,74.042,0.11275,0.15894401255502733
182,18.176,74.78,0.13358,0.2154471316398191
183,18.177,74.387,0.11787,0.17290771171763464
184,18.178,74.388,0.11,0.1728867030848133
185,18.178,74.932,0.11,0.23627588540296163
186,18.179000000000002,75.157,0.54384,0.2686591038289313
187,18.179000000000002,75.911,0.16288,0.33069145837412417
188,18.18,75.123,0.087689,0.2635343089118576
189,18.182000000000002,74.032,0.1044,0.15883964252998722
190,18.183,74.962,0.09374600000000001,0.23950062075334966
191,18.183,75.16,0.45611999999999997,0.2680619358551929
192,18.183,73.767,0.15661,0.16556597355780944
193,18.183,73.959,0.25478,0.15929625290397503
194,18.183,74.372,0.11787,0.17124842516351524
195,18.184,74.393,0.12047999999999999,0.17268699705874718
196,18.184,74.925,0.6491100000000001,0.2339807073791378
197,18.184,74.02600000000001,0.21718,0.15882229974965478
198,18.185,74.502,0.15202000000000002,0.18181453363623468
199,18.185,74.472,0.14617,0.17906330455453973
200,18.185,74.48899999999999,0.14617,0.1806031376299107
201,18.185,75.169,0.15425,0.268823270498986
202,18.186,74.485,0.15703,0.18011943329900515
203,18.186,74.906,0.35086,0.2308628203753259
204,18.186,75.17,0.1231,0.2687086540835246
205,18.186,74.433,0.13358,0.17562075851169962
206,18.186,74.47399999999999,0.14784,0.17912759107335585
207,18.186,74.922,0.26313000000000003,0.23312865846365438
208,18.186,75.175,0.14032,0.2694115770212495
209,18.187,74.375,0.16473,0.17109968778552176
210,18.187,74.418,0.13614,0.17431380970814664
211,18.187,74.936,0.31577,0.23490634640009755
212,18.188,74.434,0.16764,0.1754943508856604
213,18.188,74.684,0.14144,0.20109234726164527
214,18.188,73.639,0.25895999999999997,0.17386034275789658
215,18.188,74.467,0.18377000000000002,0.17828347834253827
216,18.188,74.964,0.35086,0.23868806259101039
217,18.188,74.377,0.16764,0.17115108495597176
218,18.188,74.465,0.10472999999999999,0.17810886142457039
219,18.188,74.878,0.16756,0.2265241919977714
220,18.189,74.378,0.08380399999999999,0.17113179726476108
221,18.189,74.387,0.11,0.17177626757966263
222,18.189,74.42,0.12996,0.17427088897885318
223,18.189,74.435,0.11262,0.17547211074283148
224,18.189,74.475,0.14140999999999998,0.17887568427638406
225,18.19,74.955,0.54384,0.23696717037255566
226,18.19,74.486,0.16539,0.17974605853667908
227,18.19,74.402,0.14140999999999998,0.1727891222969637
228,18.19,74.435,0.13358,0.17536862194939712
229,18.19,74.467,0.23389000000000001,0.1780609165800761
230,18.191,74.768,0.18336,0.2111203530250264
231,18.191,74.413,0.14943,0.17352850526367053
232,18.191,74.455,0.14400000000000002,0.17692175109741004
233,18.191,74.79899999999999,0.14901,0.2151877381991244
234,18.191,73.782,0.045916000000000005,0.16523817272787006
235,18.191,74.479,0.18209,0.17900426028397842
236,18.191,75.164,0.29822,0.266597518512245
237,18.192,73.639,0.087689,0.17419233140310902
238,18.192,73.708,0.15661,0.16947159480688861
239,18.192,73.959,0.19212,0.1593939825021422
240,18.192,74.92,0.33331,0.23158372508852287
241,18.192,74.464,0.14432999999999999,0.17758101608630478
242,18.192,75.17699999999999,0.22804000000000002,0.2681628140072596
243,18.192,74.447,0.13097,0.17614490365089386
244,18.192,74.938,0.47367,0.23412418201899643
245,18.192,74.961,0.73683,0.23738863060756055
246,18.192,74.971,0.35086,0.23881327549117937
247,18.192999999999998,74.37,0.13355999999999998,0.1702225028788037
248,18.192999999999998,74.87100000000001,0.18636,0.22455151918699723
249,18.192999999999998,74.983,0.40349,0.24030586368099038
250,18.192999999999998,74.407,0.11517999999999999,0.17287863116579588
251,18.192999999999998,74.00399999999999,0.11275,0.15888327182718565
252,18.192999999999998,74.42399999999999,0.18594000000000002,0.17418585547030685
253,18.192999999999998,75.686,0.11944,0.3216578270817859
254,18.194000000000003,74.933,0.35086,0.2329953828791288
255,18.195,75.171,0.24559,0.266569903306904
256,18.195,74.493,0.16873,0.17980225951054202
257,18.195,75.184,0.31577,0.26837568332501605
258,18.195999999999998,74.48100000000001,0.18377000000000002,0.17861780330367538
259,18.195999999999998,75.207,0.35086,0.2712881541384593
260,18.195999999999998,74.929,0.17540999999999998,0.23201359882755979
261,18.195999999999998,75.169,0.14032,0.26604067435156376
262,18.197,74.5,0.16706,0.1802064092954621
263,18.197,74.931,0.31577,0.23208552913377856
264,18.197,74.988,0.5263,0.24013874816908432
265,18.198,74.395,0.13614,0.1715296298413031
266,18.198,75.203,0.5263,0.2702302859666541
267,18.198,75.221,0.5789300000000001,0.27268150753687326
268,18.199,74.484,0.01584,0.1785463927118821
269,18.199,75.158,0.24559,0.26376216018409127
270,18.199,75.158,0.28068000000000004,0.26376216018409127
271,18.2,74.372,0.11262,0.1697577866636351
272,18.2,73.992,0.11275,0.1590198740864578
273,18.201,74.421,0.12044,0.17317163149415604
274,18.201,74.437,0.19122,0.17441174058954478
275,18.201,74.392,0.13355999999999998,0.17104597207329625
276,18.201,74.406,0.15716,0.1720523464015345
277,18.201,74.931,0.43858,0.23125439508507317
278,18.201,74.48100000000001,0.16622,0.17806247729280716
279,18.201,74.907,0.030118000000000002,0.2279195004829897
280,18.201,74.922,0.26313000000000003,0.2300005975879974
281,18.202,73.928,0.24641999999999997,0.16019053813241557
282,18.202,74.922,0.5263,0.2297956539194157
283,18.202,74.479,0.15285,0.17777954171958793
284,18.202,74.712,0.17812,0.20221740267503252
285,18.203,74.39699999999999,0.17549,0.1712211732252571
286,18.203,74.895,0.13882,0.2258640374538171
287,18.203,74.932,0.42103,0.23098068256236237
288,18.203,74.973,0.5263,0.236718840284885
289,18.204,74.417,0.12044,0.17258542488348627
290,18.204,74.968,0.14668,0.2358033815607793
291,18.204,74.449,0.14703,0.17506648029153216
292,18.204,74.437,0.15319000000000002,0.17411396411341118
293,18.204,74.889,0.14668,0.22484351673944658
294,18.204,74.922,0.29822,0.22938711249935662
295,18.204,74.97,0.13885999999999998,0.23608403995868255
296,18.205,74.947,0.2105,0.23265587117643782
297,18.205,74.949,0.17540999999999998,0.23293476026452564
298,18.205,74.395,0.11517999999999999,0.17090190386988724
299,18.205,74.38600000000001,0.11259000000000001,0.1702780519303843
300,18.205,74.944,0.17540999999999998,0.23223782214029065
301,18.206,74.387,0.13355999999999998,0.1702602323630713
302,18.206,74.485,0.11692999999999999,0.1778607571931614
303,18.206,73.923,0.24015999999999998,0.1604089992492962
304,18.206,73.935,0.0010944000000000001,0.16010614292741687
305,18.207,74.393,0.11259000000000001,0.17058669853051928
306,18.207,74.389,0.15845,0.1703109416553903
307,18.208,73.748,0.030043,0.16808052691003733
308,18.208,74.928,0.19296,0.2294028810368075
309,18.208,74.929,0.47367,0.22954095425226018
310,18.208,75.182,0.28068000000000004,0.26485311245071086
311,18.209,74.919,0.56139,0.22796108083871958
312,18.209,74.38,0.15452,0.1695340164059153
313,18.21,74.42699999999999,0.16472,0.17276870263255706
314,18.21,74.372,0.13355999999999998,0.16892792367711745
315,18.21,74.613,0.012498,0.18973860795829645
316,18.21,74.68,0.15538,0.19717466248006488
317,18.21,74.42699999999999,0.19646,0.17276870263255706
318,18.21,74.964,0.11787,0.23398033151782038
319,18.211,74.649,0.1257,0.19351239110260876
320,18.212,74.483,0.15536,0.1770423680519696
321,18.212,74.93,0.43858,0.22886848255237924
322,18.212,74.931,0.26313000000000003,0.22900589091079315
323,18.212,74.919,0.26313000000000003,0.22736006260922437
324,18.212,74.931,0.29822,0.22900589091079315
325,18.212,74.932,0.42103,0.22914334416828108
326,18.213,74.872,0.13865,0.22079810046545345
327,18.213,74.632,0.13832,0.19136213474408026
328,18.214000000000002,74.931,0.50876,0.2286029129328282
329,18.215999999999998,74.926,0.24559,0.2275189120436727
330,18.217,73.658,0.15035,0.17485675013840224
331,18.217,73.91,0.16915,0.16107859349257764
332,18.217,74.594,0.1755,0.18682777003704076
333,18.218,74.78699999999999,0.19379000000000002,0.20883154906010593
334,18.218,74.933,0.5263,0.22807503982303456
335,18.218,74.911,0.35086,0.22508591413634094
336,18.219,76.17699999999999,0.1328,0.3011390700236283
337,18.219,75.193,0.47367,0.2636523856713403
338,18.219,75.20100000000001,0.5263,0.26472537924561523
339,18.22,74.959,0.45611999999999997,0.23122739120332425
340,18.22,73.992,0.24850999999999998,0.1591972780052024
341,18.222,75.014,0.1303,0.23838267187831585
342,18.222,74.46600000000001,0.14668,0.17462050429591303
343,18.222,74.633,0.15163,0.1902253996638006
344,18.223,73.936,0.25478,0.1604716850048844
345,18.223,74.639,0.16502,0.19072928528202526
346,18.224,74.444,0.16037,0.17273138752406875
347,18.224,74.958,0.28068000000000004,0.23028054841709555
348,18.224,74.408,0.050762,0.17015520387193034
349,18.224,74.415,0.16706,0.17063713951992
350,18.224,74.815,0.16764,0.21134281650999698
351,18.225,74.905,0.14406,0.2229255888420203
352,18.227,74.455,0.16764,0.1732809420862842
353,18.227,74.85600000000001,0.15503,0.2160886568123439
354,18.227,74.218,0.067103,0.16063448229482047
355,18.227,74.253,0.10732,0.16179355334046697
356,18.227999999999998,74.944,0.14926,0.22758379961722552
357,18.227999999999998,74.324,0.043410000000000004,0.16485047944939824
358,18.229,74.422,0.15954000000000002,0.17069243477387147
359,18.229,74.555,0.14639000000000002,0.1815480177832729
360,18.229,74.55,0.14926,0.18108494249114593
361,18.23,75.05,0.16238,0.24162405365837614
362,18.230999999999998,74.751,0.10275999999999999,0.20227267250122793
363,18.232,74.387,0.12044,0.16813693979009103
364,18.232,75.135,0.16371,0.2527673946069293
365,18.233,74.407,0.093537,0.16934012651022984
366,18.233,73.722,0.31953000000000004,0.1714646096865985
367,18.234,74.339,0.11692999999999999,0.1652381068126973
368,18.234,74.671,0.14400000000000002,0.19266424674654425
369,18.237000000000002,74.59100000000001,0.094205,0.18401619445865924
370,18.238,74.983,0.15716,0.23085786377413353
371,18.238,74.328,0.095208,0.1644243676508711
372,18.238,74.859,0.14144,0.21450924040421226
373,18.239,74.33800000000001,0.11192,0.16486432921496735
374,18.239,74.873,0.11787,0.21613128280250704
375,18.239,74.57300000000001,0.14376,0.18206207153289156
376,18.24,74.457,0.13882,0.17222845508211004
377,18.241,74.903,0.10477,0.21966162381056464
378,18.241,74.939,0.10477,0.22439584243853616
379,18.241,74.335,0.043410000000000004,0.16458702363909
380,18.241,74.718,0.12829000000000002,0.19689801136496876
381,18.242,75.039,0.14668,0.23759362929032457
382,18.243,74.325,0.12027,0.1639774591696977
383,18.243,73.764,0.11484000000000001,0.16936601305303245
384,18.243,74.301,0.033552,0.16289265865759373
385,18.243,74.653,0.13358,0.1895123595545274
386,18.243,74.732,0.070704,0.1982019558817707
387,18.244,74.344,0.11692999999999999,0.16485465016455053
388,18.245,74.805,0.16376,0.2065551546046317
389,18.246,74.267,0.088524,0.16141956456212753
390,18.246,74.334,0.030043,0.16423193335223113
391,18.246,74.314,0.06513200000000001,0.16329761054626135
392,18.246,74.328,0.10858,0.1639432401904829
393,18.247,74.78399999999999,0.10214,0.20369282976518843
394,18.247,74.352,0.14199,0.1650767620115951
395,18.247,74.28399999999999,0.075157,0.16199852573635698
396,18.248,74.348,0.14376,0.16480723384831053
397,18.249000000000002,74.317,0.11192,0.1632652521826286
398,18.249000000000002,74.639,0.10737999999999999,0.18728916574964072
399,18.25,73.917,0.25269,0.16190960144438832
400,18.25,74.438,0.12278,0.17002000402092832
401,18.250999999999998,74.26100000000001,0.11692999999999999,0.16099911293291885
402,18.252,74.308,0.091866,0.16271347748915876
403,18.253,74.414,0.14784,0.16821554333984445
404,18.253,74.66,0.1912,0.18892884863954207
405,18.253,74.837,0.1624,0.2091710442739012
406,18.253,74.83800000000001,0.08380399999999999,0.20929458396032052
407,18.253,75.655,0.31577,0.30247428931635256
408,18.253,74.903,0.13097,0.2174882348308721
409,18.253,74.331,0.11692999999999999,0.1636782342464434
410,18.253,74.352,0.11192,0.1646988591534871
411,18.253,74.807,0.20690999999999998,0.20550545640874585
412,18.254,74.319,0.11692999999999999,0.16308016117760987
413,18.254,74.32,0.09687899999999999,0.16312414669600522
414,18.255,74.312,0.10022,0.16272551266576313
415,18.256,74.28399999999999,0.09687899999999999,0.1615760432145491
416,18.256,74.626,0.075909,0.1851206394733933
417,18.258,74.471,0.14376,0.17165155439191226
418,18.258,74.615,0.12044,0.18381241073536203
419,18.258,74.27600000000001,0.091866,0.16120499492214208
420,18.258,74.735,0.1204,0.19634723566659573
421,18.259,74.416,0.14617,0.16788859166894488
422,18.259,74.27600000000001,0.091866,0.1611621013484409
423,18.26,74.355,0.041856,0.16442134518030044
424,18.26,74.696,0.15425,0.19179361624048363
425,18.26,74.30199999999999,0.17708,0.1620674581435787
426,18.26,74.945,0.11,0.22163281241677668
427,18.26,75.317,0.6842,0.2694682170909657
428,18.261,74.57,0.15716,0.17932069305969944
429,18.261,74.445,0.11692999999999999,0.16959602868125
430,18.261,74.27199999999999,0.091866,0.16094454955321286
431,18.262,74.29899999999999,0.050227,0.16185644083892503
432,18.262999999999998,74.414,0.14784,0.16747250361267219
433,18.262999999999998,74.266,0.034053,0.16067256889069487
434,18.264,74.414,0.15787,0.16740010626862922
435,18.264,74.26,0.050094,0.16045202937041542
436,18.265,74.337,0.16037,0.16328191351844668
437,18.265,74.312,0.02503,0.16221961958751613
438,18.265,74.346,0.015005000000000001,0.16369487968655155
439,18.265,74.405,0.15787,0.16679589460644573
440,18.265,74.416,0.17457999999999999,0.1674484044021417
441,18.265,74.64699999999999,0.11262,0.18609447481120034
442,18.265,74.81,0.20724,0.20397070707939402
443,18.266,74.289,0.11192,0.16130982392463028
444,18.266,74.646,0.15185,0.18587312792410526
445,18.266,74.90899999999999,0.17800000000000002,0.21596159295253647
446,18.267,74.312,0.02503,0.16212232274148997
447,18.267,75.66199999999999,0.42103,0.29908087944418593
448,18.268,74.343,0.020017,0.16338904963323025
449,18.268,74.404,0.10774,0.16653033064173683
450,18.268,74.40899999999999,0.16037,0.16681976971035206
451,18.269000000000002,73.722,0.24850999999999998,0.17422901909578886
452,18.27,74.851,0.14400000000000002,0.20810327678829077
453,18.27,73.597,0.11692999999999999,0.18507252034712662
454,18.27,74.332,0.02503,0.16279614139723714
455,18.27,74.544,0.11262,0.17617403019031674
456,18.27,74.666,0.11262,0.1873783737064677
457,18.27,74.813,0.12047999999999999,0.20355180115268667
458,18.271,74.289,0.09687899999999999,0.1610964763033601
459,18.272000000000002,74.657,0.12645,0.1862313866772457
460,18.273,74.666,0.13882,0.1870065168456393
461,18.273,75.111,0.2105,0.24072280583989292
462,18.273,74.648,0.11259000000000001,0.18522427971879551
463,18.273,74.324,0.058598000000000004,0.16231088456388393
464,18.274,73.581,0.2481,0.1870383308468841
465,18.274,74.52600000000001,0.086352,0.17434574165740657
466,18.274,74.541,0.083762,0.17553907402537217
467,18.274,74.635,0.15454,0.1838491493615536
468,18.275,74.501,0.13355999999999998,0.1723550627514634
469,18.275,74.592,0.15686,0.17976779442298307
470,18.276,74.575,0.10214,0.17817598275707747
471,18.277,73.743,0.22303,0.17327327182996638
472,18.277,74.556,0.1362,0.1764726130543628
473,18.277,74.313,0.058548,0.16169255604348942
474,18.277,74.568,0.1257,0.17747659960973283
475,18.278,73.428,0.16288,0.20389488662094174
476,18.278,73.722,0.00071849,0.17495623064708044
477,18.278,74.40899999999999,0.1362,0.16613965579179624
478,18.278,74.795,0.13832,0.2002510018083098
479,18.279,74.506,0.14667,0.17237436699723285
480,18.279,74.598,0.14667,0.17987374278004187
481,18.279,74.657,0.14668,0.18538783063416164
482,18.279,74.827,0.14144,0.20382019988564193
483,18.279,74.336,0.08017,0.1625077851665181
484,18.279,74.72,0.19889,0.19181669907966292
485,18.279,74.715,0.09428099999999999,0.19128758379948463
486,18.28,74.292,0.050644999999999996,0.16082919333589846
487,18.28,74.944,0.17808,0.21793524678849574
488,18.28,74.462,0.1912,0.16922499255065693
489,18.281,74.322,0.10355999999999999,0.16185138673859667
490,18.281,74.696,0.094205,0.18905237018473098
491,18.281,74.797,0.09428099999999999,0.20003982710460189
492,18.282,74.343,0.064296,0.16265169359016196
493,18.282,74.34,0.12027,0.162525420367162
494,18.283,74.40899999999999,0.10774,0.16581244425247554
495,18.284000000000002,74.55,0.13355999999999998,0.17530709853792326
496,18.284000000000002,74.855,0.14901,0.2063623164496291
497,18.285,74.666,0.15711,0.1855546741825913
498,18.285,74.794,0.1277,0.1991174106578525
499,18.285999999999998,74.82600000000001,0.18377000000000002,0.2026437363852801
500,18.285999999999998,75.27,0.2105,0.2578833357456368
501,18.285999999999998,74.408,0.12695,0.16556591848466606
502,18.285999999999998,74.44,0.11609000000000001,0.1673975232178676
503,18.285999999999998,74.836,0.13882,0.20381038325176104
504,18.285999999999998,75.373,0.2105,0.2696814498899236
505,18.285999999999998,74.73100000000001,0.16756,0.1920622852970173
506,18.287,74.34,0.074322,0.1622809361033648
507,18.288,74.30199999999999,0.00041772,0.1608398520732346
508,18.289,74.415,0.13113,0.1657569043765822
509,18.289,74.75,0.10472999999999999,0.19369593361429138
510,18.289,73.691,0.19421,0.17842826849505244
511,18.289,74.329,0.16706,0.16175475282621832
512,18.289,74.428,0.12111,0.1664864039320194
513,18.29,74.328,0.07014400000000001,0.16167216567263448
514,18.29,74.329,0.088524,0.1617098977887026
515,18.29,74.598,0.13097,0.17872183639322925
516,18.291,74.41199999999999,0.10774,0.16546740305212237
517,18.291,75.07,0.074322,0.23190806152102805
518,18.292,73.689,0.1232,0.1788687939228203
519,18.292,74.48899999999999,0.12829000000000002,0.17009166080707117
520,18.292,74.558,0.16473,0.1751941620226073
521,18.292,74.822,0.16473,0.20129302920884518
522,18.292,74.648,0.19905,0.18302213582905535
523,18.293,74.637,0.1624,0.18188923275789115
524,18.293,74.411,0.14617,0.16528970586524727
525,18.293,74.648,0.16764,0.18291013592135552
526,18.293,74.667,0.06808099999999999,0.18471454914224017
527,18.293,75.671,0.19296,0.2927786753797672
528,18.294,74.55199999999999,0.19384,0.1745345063071515
529,18.294,74.367,0.09604299999999999,0.16308176298407806
530,18.295,74.438,0.13530999999999999,0.16666236065436613
531,18.295,74.62,0.16473,0.1801353517730634
532,18.295,74.416,0.081841,0.1654336025283203
533,18.295,74.42699999999999,0.12278,0.16603654831056713
534,18.295,74.921,0.15035,0.2125600951058707
535,18.295,73.712,0.0026818000000000002,0.1771902894135155
536,18.295,74.672,0.16764,0.18496525653812157
537,18.295,75.043,0.18336,0.22774127591753512
538,18.296,74.417,0.14617,0.16542539596482964
539,18.296,74.406,0.081841,0.16484578164369545
540,18.296,74.722,0.11262,0.18983723694596955
541,18.296,74.314,0.040068,0.16092232905914966
542,18.296,75.35300000000001,0.2105,0.2651960393122216
543,18.297,74.388,0.1587,0.1638920326339346
544,18.297,73.77199999999999,0.052182000000000006,0.17264963287080642
545,18.297,74.712,0.12829000000000002,0.188690284195683
546,18.297,75.671,0.14032,0.29176451358277
547,18.298,74.40899999999999,0.14868,0.1648819040736368
548,18.298,74.359,0.064296,0.16253484881043634
549,18.299,73.77199999999999,0.24015999999999998,0.1728004882448943
550,18.299,75.161,0.19296,0.2418037924765889
551,18.299,74.446,0.09690399999999999,0.16686049863767294
552,18.3,74.418,0.17123,0.1652334930404895
553,18.3,74.729,0.14668,0.19005687194382082
554,18.3,73.872,0.12278,0.16632517053925083
555,18.301,75.122,0.1186,0.2365467863346078
556,18.301,74.41,0.16706,0.16475618292347305
557,18.302,75.057,0.00069342,0.22821660733105464
558,18.302,74.41,0.15035,0.16469765952521065
559,18.302,74.419,0.10607,0.16516539725913093
560,18.302,73.742,0.20674,0.175340780656577
561,18.302,74.37899999999999,0.1587,0.16320588878808528
562,18.302,74.408,0.15035,0.1645958212264811
563,18.303,74.83800000000001,0.06808099999999999,0.2015211186131176
564,18.304000000000002,74.37,0.1186,0.16270900636984065
565,18.304000000000002,73.774,0.11692999999999999,0.17303116951966274
566,18.304000000000002,74.044,0.10607,0.1595293426533727
567,18.304000000000002,74.492,0.20432,0.16936849376365526
568,18.305,74.692,0.13832,0.18574516179848066
569,18.305999999999997,74.377,0.12445,0.16291374267425562
570,18.305999999999997,74.362,0.09604299999999999,0.1622779262426457
571,18.305999999999997,74.366,0.064296,0.1624431515787771
572,18.307000000000002,73.90100000000001,0.087689,0.1651200344014202
573,18.307000000000002,74.308,0.15716,0.16032402191565198
574,18.307000000000002,74.35300000000001,0.088524,0.16187313468281062
575,18.307000000000002,74.377,0.15716,0.1628639892563557
576,18.307000000000002,74.578,0.14926,0.1754002856488106
577,18.307000000000002,75.372,0.050094,0.26478497312505667
578,18.308,74.414,0.11692999999999999,0.16455443146562032
579,18.308,74.414,0.13614,0.16455443146562032
580,18.308,74.67,0.17288,0.1833039656290626
581,18.308,74.816,0.10477,0.1983342274458505
582,18.308,73.876,0.10231,0.16654851639649976
583,18.309,73.743,0.22303,0.17583756580247617
584,18.31,74.653,0.15469000000000002,0.18151813811351436
585,18.31,75.235,0.13530999999999999,0.2485919670427752
586,18.311,74.36,0.13865,0.16196927617027168
587,18.311,75.65899999999999,0.5263,0.2876513441069848
588,18.311,74.381,0.1044,0.16284097818268106
589,18.311,74.382,0.088524,0.16288464452269802
590,18.311,74.696,0.070704,0.18544205455240015
591,18.311,74.76,0.15185,0.1918898474898928
592,18.312,74.449,0.18336,0.16618533228504317
593,18.312,74.37899999999999,0.064296,0.16270569517001665
594,18.312,74.723,0.12834,0.1879803803174036
595,18.312,75.304,0.31577,0.2562058423930853
596,18.314,73.771,0.17959,0.17403192746752716
597,18.314,74.384,0.088524,0.16282473581890722
598,18.314,74.373,0.084347,0.16235791218162454
599,18.314,74.90899999999999,0.13355999999999998,0.2081191055685675
600,18.315,75.293,0.28068000000000004,0.2543212496948226
601,18.315,75.656,0.31577,0.2865150116068653
602,18.316,74.561,0.11787,0.17328225037933997
603,18.316,74.434,0.050194,0.1651235467012342
604,18.316,74.38,0.081841,0.16255704382249003
605,18.316,74.36,0.074322,0.16175017253380142
606,18.316,74.578,0.09270199999999999,0.17458663652478845
607,18.317,73.883,0.14617,0.16665844612008524
608,18.317,74.86,0.15163,0.2020095954518406
609,18.317,74.48100000000001,0.081841,0.16773724079657715
610,18.317,74.89699999999999,0.1186,0.20626155439683602
611,18.317,74.34100000000001,0.13347,0.16101807238615407
612,18.317999999999998,74.84,0.10472999999999999,0.19961850917648094
613,18.319000000000003,74.384,0.11025,0.16258494482461983
614,18.319000000000003,74.503,0.10472999999999999,0.1689817801890373
615,18.319000000000003,74.91,0.099469,0.2074764861838957
616,18.319000000000003,74.36,0.12863,0.16162259568698767
617,18.32,74.634,0.11262,0.1788128578690813
618,18.32,74.574,0.07849099999999999,0.1739267493920983
619,18.32,75.32300000000001,0.31577,0.2566392022253188
620,18.320999999999998,74.354,0.088524,0.16131886098953885
621,18.320999999999998,74.248,0.15192,0.158620817591776
622,18.320999999999998,74.568,0.13614,0.1733847709704761
623,18.320999999999998,74.788,0.089026,0.1935621860091019
624,18.322,74.391,0.12445,0.16274249649874029
625,18.322,74.343,0.11025,0.16089591378415224
626,18.322,74.567,0.1587,0.17322493901544467
627,18.322,74.805,0.12623,0.19524575024544233
628,18.322,75.29899999999999,0.40349,0.2535414001238717
629,18.324,75.666,0.19296,0.2848794912602729
630,18.324,74.421,0.060236000000000005,0.1640175659946438
631,18.324,74.422,0.15035,0.16406619709312176
632,18.324,74.748,0.048839999999999995,0.18905787198682455
633,18.324,74.79,0.14659,0.19339063201468965
634,18.325,74.362,0.16706,0.16144948071450604
635,18.325,74.376,0.071815,0.16198483408470776
636,18.325,74.571,0.17282,0.1732730181773301
637,18.325,74.689,0.16756,0.18322500132199515
638,18.326,73.888,0.18961,0.1668862412496082
639,18.326,73.9,0.22554000000000002,0.16619458330325032
640,18.326,75.643,0.33331,0.28316174210608547
641,18.327,74.37899999999999,0.081841,0.16201698591679858
642,18.327,74.421,0.08017,0.16385922145525766
643,18.327,75.30199999999999,0.0526,0.2528470641257652
644,18.327,74.42699999999999,0.058565,0.16415009150420878
645,18.327,74.793,0.26877,0.19332616289017446
646,18.327,74.638,0.13355999999999998,0.17847212884539176
647,18.327,75.3,0.22554000000000002,0.2526233059568693
648,18.328,74.47,0.15163,0.16637064641383292
649,18.328,74.569,0.2506,0.1728739903415557
650,18.328,74.815,0.15945,0.19553664436816864
651,18.328,74.568,0.16037,0.17279987239176342
652,18.328,74.426,0.14667,0.16404798053510605
653,18.328,74.743,0.18636,0.18808555950941241
654,18.328,74.479,0.08518200000000001,0.16688997126749094
655,18.328,75.006,0.1493,0.21745753916335753
656,18.329,74.42399999999999,0.050762,0.16389865792363734
657,18.329,74.428,0.05011,0.16409242206856733
658,18.33,74.301,0.11787,0.15943798973102297
659,18.33,74.82600000000001,0.10732,0.19645975888197198
660,18.331,74.433,0.067304,0.16423134658890526
661,18.331,74.75399999999999,0.12630999999999998,0.18883128627651735
662,18.331,74.76899999999999,0.13882,0.19034631450889572
663,18.333,74.757,0.1303,0.18889664148418672
664,18.333,73.972,0.10022,0.16291322161821203
665,18.334,75.638,0.4603,0.28100547801514353
666,18.334,74.715,0.10477,0.18469070835317747
667,18.335,74.556,0.15035,0.17137349523595435
668,18.335,74.683,0.075942,0.18162560967862285
669,18.336,74.92399999999999,0.16473,0.2065730017133759
670,18.336,74.449,0.12027,0.1647655454844168
671,18.336,74.759,0.12623,0.188745648751802
672,18.337,74.581,0.081841,0.17302702637551726
673,18.337,74.806,0.061063,0.1934346053234558
674,18.338,74.544,0.17026,0.1703153498597999
675,18.338,74.437,0.11025,0.1640586323095513
676,18.338,74.465,0.1186,0.16549460341609956
677,18.338,74.915,0.35086,0.2052540357551873
678,18.338,74.96600000000001,0.13358,0.21114110066245506
679,18.339000000000002,74.491,0.11259000000000001,0.16689497688356336
680,18.339000000000002,74.575,0.08518200000000001,0.17242376932521697
681,18.339000000000002,74.694,0.16756,0.182211037616273
682,18.339000000000002,74.441,0.10022,0.16420220568024158
683,18.339000000000002,74.768,0.11400999999999999,0.1892954957080477
684,18.339000000000002,74.781,0.15067,0.19060851929510203
685,18.34,74.384,0.07022,0.16166718004770553
686,18.34,74.395,0.023359,0.16209750587270777
687,18.34,74.638,0.13097,0.1772471035870783
688,18.34,74.809,0.073277,0.19337513801485617
689,18.340999999999998,74.524,0.16255,0.16878280350976538
690,18.340999999999998,74.643,0.1069,0.17757002096719277
691,18.340999999999998,74.459,0.19384,0.16500678027394777
692,18.340999999999998,74.792,0.16696,0.19149216380542966
693,18.342,74.77,0.11400999999999999,0.18914591491657284
694,18.342,75.093,0.10774,0.22554866716159017
695,18.342,74.437,0.11525999999999999,0.16385367108489257
696,18.342,74.689,0.08380399999999999,0.181453559257991
697,18.342,74.388,0.036058,0.1617393513428954
698,18.342,74.747,0.15473,0.1868783584172109
699,18.343,74.559,0.16037,0.17097450840597972
700,18.343,74.77199999999999,0.20360999999999999,0.1892296732283434
701,18.343,74.541,0.18074,0.16975079670187299
702,18.343,74.645,0.099469,0.17755210565720392
703,18.343,74.778,0.069209,0.18983159798047078
704,18.343,74.844,0.1493,0.19670515681608125
705,18.344,74.559,0.10189,0.17089968914349707
706,18.344,74.773,0.10994000000000001,0.18921358633503793
707,18.345,74.77199999999999,0.13355999999999998,0.18899819762141334
708,18.345,74.87,0.15949000000000002,0.19926076304067963
709,18.345,74.75,0.27692,0.18683498873537452
710,18.345,74.775,0.19546,0.1892975434637737
711,18.345,74.78,0.21175,0.18979871995937259
712,18.346,74.446,0.10022,0.16408484632337972
713,18.346,75.086,0.15787,0.22404062052129714
714,18.346,74.585,0.15067,0.17259912616626205
715,18.346,74.607,0.11400999999999999,0.17424903706992056
716,18.346,74.751,0.061063,0.18682082556317992
717,18.346,74.763,0.061063,0.18799290098235621
718,18.346,75.586,0.26877,0.27502065950959864
719,18.347,74.586,0.10994000000000001,0.17259332519342774
720,18.347,74.751,0.19546,0.18670997984553894
721,18.347,74.78,0.13614,0.18956591374556642
722,18.347,74.59899999999999,0.1362,0.17355841424900587
723,18.347,74.608,0.24434,0.17424242626451625
724,18.347,74.38,0.1988,0.1612482649041731
725,18.347,74.45100000000001,0.050527999999999997,0.16427882466712473
726,18.347,74.587,0.15473,0.1726665915640061
727,18.347,74.752,0.26877,0.1868068096257759
728,18.348,74.764,0.18325,0.18786523220831808
729,18.348,74.608,0.078499,0.17415935298687713
730,18.348,74.609,0.23212,0.17423595104670464
731,18.348,74.54899999999999,0.14926,0.16992737430597227
732,18.348,74.89399999999999,0.13358,0.2014980510830624
733,18.348,74.619,0.14667,0.17501057688928046
734,18.349,74.55199999999999,0.15954000000000002,0.1700569666528825
735,18.349,74.58800000000001,0.18732000000000001,0.17258212355713087
736,18.349,74.473,0.15163,0.16529987446672745
737,18.349,74.763,0.077346,0.18765488973482491
738,18.349,74.779,0.20768000000000003,0.18923499484731854
739,18.349,75.066,0.14533,0.2211777094584666
740,18.35,74.566,0.26877,0.17093926462953135
741,18.35,74.766,0.22804000000000002,0.1878364826153931
742,18.35,74.779,0.25248000000000004,0.18912018690951937
743,18.35,74.377,0.1624,0.16103338838375425
744,18.35,74.492,0.11233,0.16628299755444953
745,18.35,74.589,0.13844,0.17257672362447096
746,18.35,74.611,0.17102,0.17422340881378084
747,18.35,74.627,0.052917,0.1754690233079058
748,18.35,74.755,0.20360999999999999,0.18676564846517374
749,18.35,74.764,0.073277,0.1876407236357348
750,18.35,74.767,0.18325,0.18793453729979392
751,18.351,74.583,0.24225,0.17206412515059855
752,18.351,74.627,0.10586,0.17538335081005296
753,18.351,74.559,0.15035,0.17038605758393044
754,18.351,74.645,0.11025,0.17682819902775093
755,18.351,74.756,0.28914,0.1867522247050738
756,18.352,74.62899999999999,0.14252,0.17545576461612467
757,18.352,74.765,0.1751,0.18751526880900193
758,18.352,74.828,0.19053,0.1938783732606154
759,18.352,74.559,0.13364,0.17031412243728405
760,18.352,74.78699999999999,0.06513200000000001,0.1896883512321803
761,18.352,74.689,0.10178999999999999,0.18046393636472424
762,18.352999999999998,74.788,0.11410999999999999,0.18967318584611292
763,18.352999999999998,74.558,0.24725999999999998,0.17017511360604698
764,18.352999999999998,74.752,0.15067,0.18614898255800627
765,18.352999999999998,74.788,0.11400999999999999,0.18967318584611292
766,18.352999999999998,75.523,0.47367,0.26884515255158503
767,18.352999999999998,74.586,0.16622,0.1721263933880226
768,18.352999999999998,74.691,0.10586,0.1805425541759219
769,18.354,74.57,0.12623,0.17092201939516727
770,18.354,74.61399999999999,0.20360999999999999,0.17412359745365713
771,18.354,74.61399999999999,0.26877,0.17412359745365713
772,18.354,74.631,0.17917,0.17544306166504975
773,18.355,74.607,0.091866,0.17351313192381768
774,18.355,74.692,0.16288,0.1804368330600471
775,18.355999999999998,74.693,0.30136,0.18042808862566617
776,18.355999999999998,74.616,0.33801,0.1741127790704955
777,18.355999999999998,74.633,0.19954000000000002,0.17543091727259097
778,18.355999999999998,74.791,0.32987,0.1896285989113231
779,18.355999999999998,74.693,0.17102,0.18042808862566617
780,18.355999999999998,74.617,0.20360999999999999,0.174189073475708
781,18.355999999999998,74.694,0.21175,0.18051573143568722
782,18.357,74.57300000000001,0.15880999999999998,0.1709104847741476
783,18.357,74.598,0.18853,0.17268871047607492
784,18.357,74.876,0.14926,0.19834055566149733
785,18.358,74.637,0.11359000000000001,0.17557717353542135
786,18.358,74.70100000000001,0.16376,0.1809383311189935
787,18.358,74.793,0.2647,0.18959963506742616
788,18.358,75.64399999999999,0.26313000000000003,0.2759214323872786
789,18.358,74.597,0.23619,0.17253839325686693
790,18.358,74.637,0.1445,0.17557717353542135
791,18.358,74.575,0.18732000000000001,0.17097603457414678
792,18.358,74.597,0.10178999999999999,0.17253839325686693
793,18.358,74.619,0.061063,0.17417873496786263
794,18.359,74.763,0.18732000000000001,0.1865541667580728
795,18.359,74.764,0.12623,0.1866502199031549
796,18.359,74.57600000000001,0.13437000000000002,0.17097256275280803
797,18.359,74.57600000000001,0.097714,0.17097256275280803
798,18.359,74.764,0.14252,0.1866502199031549
799,18.36,74.494,0.27692,0.16581887398383566
800,18.36,75.245,0.12215,0.2400589083126602
801,18.36,75.676,0.3684,0.2771081332187524
802,18.361,74.577,0.26877,0.17089698975293788
803,18.361,74.601,0.29729,0.1725990602857964
804,18.361,74.766,0.073277,0.18662622622504865
805,18.361,74.775,0.27285,0.18749480732033552
806,18.362000000000002,74.601,0.28914,0.17252251157291287
807,18.362000000000002,74.766,0.13844,0.18651859681381056
808,18.362000000000002,74.578,0.17917,0.17089395493137194
809,18.362000000000002,74.77600000000001,0.040695,0.1874824513442208
810,18.362000000000002,75.664,0.28068000000000004,0.27608724281534314
811,18.363,74.49600000000001,0.077346,0.16576106361736864
812,18.363,74.777,0.077346,0.1874702482392815
813,18.363,75.069,0.11692999999999999,0.21928574562015657
814,18.363,74.429,0.16789,0.16252288771725543
815,18.364,74.694,0.11400999999999999,0.17975658347497558
816,18.364,74.828,0.13355999999999998,0.19243637928394763
817,18.364,74.694,0.069209,0.17975658347497558
818,18.364,74.702,0.10214,0.1804506365081957
819,18.364,74.57,0.16764,0.1702079487237107
820,18.365,74.625,0.044772,0.17407100267304243
821,18.365,74.694,0.12215,0.1796634208605966
822,18.365,74.737,0.11787,0.18348646153841885
823,18.365,74.24,0.1755,0.15809327457694822
824,18.365,74.626,0.024403,0.17414696298493282
825,18.365,74.801,0.06513200000000001,0.18960224316357444
826,18.366,74.773,0.13358,0.1867604658895704
827,18.366,74.499,0.097714,0.16575904571163114
828,18.366,74.582,0.077346,0.17088318219788035
829,18.366,74.682,0.19379000000000002,0.17855067854850581
830,18.367,74.848,0.24559,0.19413726499169282
831,18.368,74.702,0.14926,0.1800743171891077
832,18.368,74.607,0.21583000000000002,0.1725028575777815
833,18.369,74.773,0.22398,0.18644094369222797
834,18.369,74.773,0.12623,0.18644094369222797
835,18.369,74.66,0.16473,0.1764770686010988
836,18.369,74.569,0.19139,0.16979825474463794
837,18.369,75.654,0.12278,0.27406073317655977
838,18.37,74.96,0.11777,0.20582309342503202
839,18.37,74.96300000000001,0.15716,0.20615724970971827
840,18.37,75.676,0.22804000000000002,0.2749264574857221
841,18.37,74.426,0.1846,0.16211610130017673
842,18.37,74.442,0.18544000000000002,0.1627816209840537
843,18.37,74.609,0.11807999999999999,0.17249742914194055
844,18.371,74.609,0.0855,0.17242263176584183
845,18.371,74.758,0.23212,0.18481825796802243
846,18.371,74.661,0.11525999999999999,0.17638781493778455
847,18.371,74.61,0.048839999999999995,0.1724949270415731
848,18.371,74.77600000000001,0.16288,0.18651542782852748
849,18.371,74.89,0.15716,0.19805896963855463
850,18.371,75.646,0.19296,0.27321186224949734
851,18.371,75.658,0.50876,0.27383630476446963
852,18.372,74.58800000000001,0.20360999999999999,0.17087116214368647
853,18.372,74.862,0.067638,0.19498924494704917
854,18.372,74.771,0.097714,0.1859356045007966
855,18.372,75.03399999999999,0.09690399999999999,0.21388543512314473
856,18.372,74.506,0.33394,0.1658129129632404
857,18.372,74.593,0.099469,0.17121635716452466
858,18.372,75.675,0.35086,0.27444959963216364
859,18.372,74.347,0.17288,0.15951118828932598
860,18.372,74.439,0.13355999999999998,0.16257046402944464
861,18.372,74.77199999999999,0.2199,0.18603024524489797
862,18.373,74.719,0.13097,0.18108782962789494
863,18.373,74.568,0.21583000000000002,0.169465437427197
864,18.373,74.589,0.2647,0.17086964625388124
865,18.373,74.71,0.14376,0.18030197325104358
866,18.373,74.808,0.13844,0.18940206495964562
867,18.374000000000002,74.568,0.24841,0.1693996200589195
868,18.374000000000002,74.778,0.19546,0.18639010338517947
869,18.374000000000002,74.86399999999999,0.094205,0.19495686490121478
870,18.374000000000002,74.453,0.16789,0.16309215652184084
871,18.374000000000002,74.569,0.22398,0.16946462818839803
872,18.374000000000002,74.842,0.13882,0.19269517121726565
873,18.374000000000002,74.55,0.094205,0.16825841258355723
874,18.375,74.57,0.26063000000000003,0.1694639572535953
875,18.375,74.71300000000001,0.10994000000000001,0.18037665981003181
876,18.375999999999998,74.65100000000001,0.15711,0.17518498429143547
877,18.375999999999998,74.811,0.20360999999999999,0.18936676785563145
878,18.375999999999998,75.139,0.11025,0.22527390330281005
879,18.375999999999998,74.615,0.24434,0.17248455163977883
880,18.377,74.51,0.19139,0.16576157579292872
881,18.377,74.589,0.25248000000000004,0.1705923443497097
882,18.377,74.51,0.18325,0.16576157579292872
883,18.377,74.572,0.14252,0.16946303171950905
884,18.377,74.51100000000001,0.18732000000000001,0.1658159308763295
885,18.377,74.572,0.18325,0.16946303171950905
886,18.378,74.616,0.032549,0.17240933373969414
887,18.378,74.774,0.08956900000000001,0.18559764410910173
888,18.378,75.67699999999999,0.37006999999999995,0.2732633796305468
889,18.378,74.715,0.15473,0.18027312063087908
890,18.378,75.005,0.28068000000000004,0.2097387477185887
891,18.378,74.617,0.21175,0.1724814043090006
892,18.378,74.782,0.16288,0.18635223599397865
893,18.378,74.917,0.079334,0.20006201159520287
894,18.379,74.57300000000001,0.056986,0.16939778038808262
895,18.379,74.595,0.081423,0.17086350775334014
896,18.379,74.467,0.11262,0.16350674453558922
897,18.379,74.618,0.1303,0.1724800469132065
898,18.379,74.652,0.09019500000000001,0.17502171447617798
899,18.38,74.656,0.18636,0.17525192759661867
900,18.38,74.59100000000001,0.26877,0.17052300018928646
901,18.38,74.436,0.18209,0.16213210725037586
902,18.381,74.707,0.14400000000000002,0.1793162305412962
903,18.381,74.661,0.16473,0.17556163961042426
904,18.381,74.514,0.2647,0.16576643161728422
905,18.381,74.62,0.22398,0.17247776636389556
906,18.381,75.227,0.066961,0.2343466498168364
907,18.381,76.215,0.11692999999999999,0.255141680703613
908,18.381,74.803,0.19954000000000002,0.18804634437341816
909,18.382,74.62100000000001,0.23619,0.17247684389492923
910,18.382,75.275,0.15035,0.23941018430685168
911,18.382,74.577,0.048839999999999995,0.16946316307213438
912,18.382,75.072,0.067304,0.21671707361811277
913,18.383,74.578,0.2199,0.16946361134095556
914,18.383,74.59899999999999,0.077346,0.1708622570667503
915,18.384,74.64,0.09690399999999999,0.17372124532160504
916,18.384,74.579,0.21175,0.16946420109650906
917,18.385,74.43,0.12572,0.16171661015210004
918,18.385,74.66,0.09019500000000001,0.17516416001397295
919,18.385,74.809,0.17288,0.18820109916438388
920,18.385,74.723,0.10994000000000001,0.18032533833427866
921,18.386,74.579,0.09690399999999999,0.1693365465903841
922,18.386,74.721,0.14140999999999998,0.18006302953215803
923,18.386,74.672,0.12044,0.1760227093364196
924,18.386,74.72399999999999,0.25248000000000004,0.18032105335556659
925,18.386,74.814,0.19053,0.18857858585966047
926,18.386,75.285,0.14533,0.23977739886797744
927,18.387,74.581,0.069209,0.16940213357579947
928,18.387,74.586,0.12623,0.16972723685144975
929,18.387,74.72399999999999,0.27285,0.1802308325709263
930,18.387,74.492,0.16473,0.1643329560477681
931,18.387,74.505,0.13698,0.16498618017048272
932,18.387,74.626,0.061063,0.17247442316077932
933,18.387999999999998,74.521,0.22804000000000002,0.16578008465341443
934,18.387999999999998,74.627,0.1303,0.172474379696133
935,18.387999999999998,74.52199999999999,0.15067,0.1658342676061968
936,18.387999999999998,74.566,0.12044,0.168391382112684
937,18.387999999999998,74.627,0.20768000000000003,0.172474379696133
938,18.387999999999998,74.789,0.16764,0.1859866430931275
939,18.389,74.727,0.26877,0.18030913129714077
940,18.389,74.922,0.10525999999999999,0.19921870475220016
941,18.389,74.584,0.10994000000000001,0.16946928439240694
942,18.389,74.676,0.15185,0.17609660085332324
943,18.39,74.584,0.044772,0.16940611219098123
944,18.39,74.627,0.0855,0.17233149923800062
945,18.39,74.59,0.15473,0.1697962993052332
946,18.391,74.524,0.21175,0.1657879701130205
947,18.391,74.729,0.2647,0.18030196372551188
948,18.392,74.525,0.18325,0.16579087248095226
949,18.392,74.592,0.16696,0.1697993847419087
950,18.392,74.587,0.1303,0.16947405448690944
951,18.393,74.443,0.18544000000000002,0.161935216085054
952,18.393,74.58800000000001,0.11262,0.16947593327654353
953,18.393,74.593,0.19139,0.16980114499056442
954,18.393,74.73100000000001,0.1303,0.18029542337612336
955,18.394000000000002,74.817,0.16338,0.18802765029344515
956,18.394000000000002,74.528,0.10178999999999999,0.165851185567783
957,18.394000000000002,75.20100000000001,0.13364,0.22932088112628435
958,18.394000000000002,74.732,0.27285,0.18029238916733525
959,18.394000000000002,75.115,0.29822,0.21976088646382896
960,18.394000000000002,75.125,0.35086,0.2208784162880032
961,18.395,74.528,0.18325,0.1658004062765086
962,18.395,74.589,0.12623,0.16941562406824462
963,18.395,74.922,0.13355999999999998,0.19848693334922818
964,18.395,74.648,0.13355999999999998,0.1734960296955088
965,18.396,74.529,0.17102,0.1658038609677377
966,18.396,74.9,0.13355999999999998,0.19607939461240365
967,18.396,74.596,0.08956900000000001,0.16980729995200017
968,18.397000000000002,74.547,0.13355999999999998,0.16675019833280447
969,18.397000000000002,74.679,0.09687899999999999,0.17569774366910507
970,18.398,74.592,0.15880999999999998,0.16942307481617214
971,18.398,74.73100000000001,0.08118099999999999,0.17985534483901233
972,18.398,75.104,0.10774,0.2179409108184751
973,18.398,74.646,0.030043,0.17313214149812217
974,18.398,75.258,0.14365999999999998,0.23485038895434518
975,18.399,74.631,0.12044,0.1719870013171927
976,18.399,74.648,0.15202000000000002,0.17320642302737066
977,18.399,74.737,0.23212,0.18027958985596138
978,18.4,74.649,0.14533,0.17320786709119018
979,18.4,74.848,0.13882,0.19040124895125687
980,18.4,75.191,0.074322,0.22726629873758297
981,18.401,74.596,0.10994000000000001,0.16949621051009323
982,18.401,75.053,0.17540999999999998,0.21186389496885916
983,18.401,74.617,0.066836,0.17088539686309534
984,18.401,74.663,0.07014400000000001,0.17417082036868692
985,18.402,74.597,0.19954000000000002,0.16949940612337044
986,18.402,74.467,0.13868,0.16257757208586765
987,18.402,74.494,0.30136,0.16376737437268885
988,18.402,74.602,0.18732000000000001,0.1698235743832861
989,18.403,74.60300000000001,0.25656,0.16982680463974165
990,18.404,74.65100000000001,0.093537,0.17306971949942151
991,18.404,74.66,0.11,0.17372900464420704
992,18.404,74.646,0.10472999999999999,0.1727087460213126
993,18.404,74.44800000000001,0.16789,0.1617564080983952
994,18.404,74.743,0.22398,0.18035616860244685
995,18.406,73.682,0.19296,0.19088922441797324
996,18.406,75.153,0.47367,0.22217342430834874
997,18.406,74.468,0.081423,0.1624746833524987
998,18.406,74.498,0.12215,0.16378764335547513
999,18.407,74.954,0.11,0.2003994014704933
1000,18.407,74.686,0.13097,0.17547249831082057
1001,18.408,74.663,0.14140999999999998,0.17366416053244438
1002,18.408,74.501,0.061063,0.16384519720220148
1003,18.408,74.933,0.14784,0.19808856560197174
1004,18.409000000000002,74.747,0.11807999999999999,0.18026596876833256
1005,18.409000000000002,74.65100000000001,0.055105999999999995,0.17272240032368003
1006,18.409000000000002,73.67399999999999,0.75438,0.1920753756448917
1007,18.41,74.83,0.12834,0.1876396205214802
1008,18.41,74.525,0.20164,0.1649271124116094
1009,18.41,74.502,0.18732000000000001,0.16381011113312105
1010,18.41,74.626,0.13614,0.17091504250894984
1011,18.41,75.042,0.20164,0.20944212980871246
1012,18.410999999999998,74.627,0.086352,0.17091909574272113
1013,18.412,74.991,0.15716,0.2037003365362895
1014,18.413,74.622,0.066803,0.17045876770080748
1015,18.414,75.122,0.28068000000000004,0.2176130399171078
1016,18.414,74.506,0.17917,0.16383480070256018
1017,18.414,74.758,0.14667,0.18077663225076535
1018,18.415,74.46600000000001,0.1562,0.16209039880593723
1019,18.415,74.559,0.19889,0.16649788326368964
1020,18.416,74.509,0.1751,0.16389452892948297
1021,18.418,73.88600000000001,0.29236999999999996,0.1732233348448443
1022,18.418,75.12100000000001,0.08017,0.21693985752480827
1023,18.419,74.566,0.12044,0.1666909535007819
1024,18.419,74.568,0.15949000000000002,0.16680349123076788
1025,18.419,74.639,0.09687899999999999,0.1712278690459278
1026,18.42,74.512,0.14252,0.163876050774995
1027,18.422,74.641,0.10477,0.17117650944317298
1028,18.422,75.301,0.050094,0.23540224562995637
1029,18.423,74.656,0.13197,0.17214607353167632
1030,18.423,74.336,0.18598,0.1586077605116475
1031,18.423,74.623,0.050428,0.16992310644322883
1032,18.425,74.74,0.63157,0.17837145953196165
1033,18.426,74.127,0.31577,0.16063150353158784
1034,18.426,74.232,0.26313000000000003,0.15849197716424024
1035,18.426,75.031,0.06179,0.20620775214254727
1036,18.427,74.848,0.15419000000000002,0.18767257738338516
1037,18.428,74.52,0.20387,0.1639390385130065
1038,18.428,74.684,0.16473,0.17382006237650494
1039,18.428,74.83,0.10525999999999999,0.185913729766905
1040,18.428,75.13600000000001,0.15452,0.21716780954363069
1041,18.429000000000002,74.571,0.10214,0.16648712531546817
1042,18.429000000000002,74.57300000000001,0.15949000000000002,0.16659771172936566
1043,18.43,74.58,0.11,0.16694172380296757
1044,18.43,74.847,0.11262,0.1872944654129287
1045,18.43,74.92699999999999,0.094205,0.19501465991004896
1046,18.430999999999997,75.165,0.055357,0.219847716222638
1047,18.430999999999997,74.73899999999999,0.094205,0.1778279758793736
1048,18.432000000000002,74.817,0.15425,0.18437572064628727
1049,18.432000000000002,74.082,0.28068000000000004,0.16249753594343225
1050,18.432000000000002,74.633,0.070646,0.1700512325657063
1051,18.432000000000002,74.79,0.15425,0.18200111780617234
1052,18.433,75.449,0.1186,0.24742983931868978
1053,18.433,75.07600000000001,0.28068000000000004,0.2101001770301445
1054,18.434,74.842,0.14144,0.18646048700677975
1055,18.438,75.825,0.15035,0.26516496247797083
1056,18.438,73.563,0.05427100000000001,0.20856670355894075
1057,18.438,74.939,0.28068000000000004,0.19535946462915865
1058,18.438,74.95,0.17540999999999998,0.1964567606181472
1059,18.439,74.668,0.15711,0.1719787598637883
1060,18.439,73.564,0.062625,0.20857000491892025
1061,18.439,74.704,0.16764,0.17455409301978686
1062,18.439,74.81,0.15686,0.1831496588469511
1063,18.44,74.567,0.15711,0.1657805988743286
1064,18.44,74.702,0.10983,0.17433975447499805
1065,18.44,74.415,0.10214,0.15988653746493942
1066,18.441,74.727,0.13832,0.1761548139983904
1067,18.441,75.098,0.15035,0.2114084077153946
1068,18.441,75.234,0.15202000000000002,0.22566159803970964
1069,18.442,74.554,0.19646,0.1650337289472803
1070,18.442,74.719,0.15454,0.17547495973110683
1071,18.442999999999998,74.699,0.15949000000000002,0.17392402746917712
1072,18.444000000000003,74.587,0.14926,0.1666824418161571
1073,18.444000000000003,74.665,0.089042,0.17147657674899974
1074,18.445,74.697,0.13358,0.17365113902684226
1075,18.445999999999998,74.49600000000001,0.11262,0.16232736991324048
1076,18.445999999999998,75.256,0.1988,0.22719003429376017
1077,18.445999999999998,75.259,0.40349,0.2274939357529927
1078,18.445999999999998,74.775,0.16764,0.17961319357928107
1079,18.445999999999998,74.507,0.16706,0.16276471158696149
1080,18.447,74.416,0.19646,0.15981402260867716
1081,18.447,74.563,0.16502,0.16528848069761448
1082,18.448,74.92,0.12445,0.1924781956174746
1083,18.448,74.464,0.11944,0.1611391087532793
1084,18.449,74.52199999999999,0.15185,0.16330101182246504
1085,18.449,74.57600000000001,0.10472999999999999,0.16587706898784782
1086,18.449,74.656,0.10737999999999999,0.17059516890726478
1087,18.449,75.207,0.26564,0.22175319516993985
1088,18.45,75.256,0.15202000000000002,0.22661695190033992
1089,18.45,75.206,0.35086,0.22151320190062507
1090,18.451,74.895,0.1231,0.1898087640374685
1091,18.451,74.92699999999999,0.56139,0.19285836095451558
1092,18.451,74.642,0.16473,0.16959113116049918
1093,18.452,75.27,0.29822,0.2277377803075351
1094,18.453,73.567,0.14617,0.21000257549306062
1095,18.453,74.73,0.086352,0.17556592917062108
1096,18.453,75.31,0.10858,0.23153750431052322
1097,18.453,73.975,0.11692999999999999,0.1694174626822037
1098,18.454,74.954,0.11,0.19518575542447103
1099,18.454,74.263,0.052182000000000006,0.15866283183686203
1100,18.454,74.721,0.06021900000000001,0.17482896146968074
1101,18.454,74.774,0.18335,0.17893436083854197
1102,18.454,74.97399999999999,0.28068000000000004,0.19715818732094126
1103,18.454,74.21300000000001,0.20956,0.15934023468020198
1104,18.454,74.442,0.17048,0.1603735210213848
1105,18.454,75.263,0.35086,0.2267532357790114
1106,18.455,73.565,0.062625,0.21051780218861643
1107,18.455,75.257,0.15787,0.2260111257377284
1108,18.456,74.892,0.15787,0.1890669196977558
1109,18.457,74.783,0.14667,0.17944507353397754
1110,18.457,75.223,0.14032,0.22230068135559322
1111,18.457,74.807,0.13355999999999998,0.18143411038719037
1112,18.457,75.251,0.47367,0.2251300393522495
1113,18.458,74.22,0.12834,0.15931585007167448
1114,18.459,74.273,0.20674,0.15866805613453505
1115,18.459,74.22399999999999,0.18336,0.15927093498535383
1116,18.459,74.55199999999999,0.15945,0.16431884222790016
1117,18.459,74.366,0.14376,0.15886365788685164
1118,18.46,74.69,0.11787,0.17225648843634767
1119,18.46,74.676,0.10472999999999999,0.1713113009264391
1120,18.461,75.032,0.087689,0.2022231083631849
1121,18.461,74.22399999999999,0.1493,0.15932215220567614
1122,18.461,75.223,0.10355999999999999,0.22176232859940492
1123,18.463,74.21300000000001,0.1886,0.15958495039491027
1124,18.463,75.234,0.42103,0.2226038854454614
1125,18.463,75.30199999999999,0.08518200000000001,0.22932077952934427
1126,18.464000000000002,73.465,0.13364,0.2250447510862696
1127,18.465,73.582,0.13949,0.2096458607724611
1128,18.465,74.441,0.1367,0.16019805775009766
1129,18.465,74.693,0.13355999999999998,0.17218051117022104
1130,18.465999999999998,74.708,0.14144,0.17316089189922257
1131,18.467,74.525,0.099469,0.16290980436161429
1132,18.469,74.898,0.09687899999999999,0.18846431711740463
1133,18.469,74.831,0.10607,0.1825430221692932
1134,18.469,75.025,0.10774,0.2006622425326514
1135,18.472,75.2,0.21802,0.21801173161539023
1136,18.472,75.226,0.26313000000000003,0.22061818477156803
1137,18.473,75.248,0.3684,0.22267292419175766
1138,18.473,75.26100000000001,0.091866,0.22395307296467037
1139,18.473,75.212,0.19296,0.21909004405301935
1140,18.474,74.203,0.14144,0.16014404570590657
1141,18.474,74.71600000000001,0.13364,0.17326581630526405
1142,18.475,73.77,0.16288,0.1888999727037084
1143,18.475,75.498,0.28068000000000004,0.24454553130105805
1144,18.476,75.207,0.09687899999999999,0.21821115021709414
1145,18.476,75.172,0.11192,0.21469693218685382
1146,18.477,74.92,0.15787,0.18978966554479915
1147,18.477999999999998,74.597,0.20690999999999998,0.1658626151732725
1148,18.48,75.25399999999999,0.24559,0.22235304470192185
1149,18.48,75.223,0.49121000000000004,0.2193022835421392
1150,18.480999999999998,75.113,0.10022,0.20817686535430524
1151,18.480999999999998,74.736,0.17026,0.1742851851883398
1152,18.483,75.003,0.22888000000000003,0.1970917911702238
1153,18.483,75.24,0.5263,0.22060071945455106
1154,18.483,75.24600000000001,0.8771899999999999,0.22118817471312902
1155,18.484,74.22399999999999,0.20432,0.15998418002645642
1156,18.484,75.24,0.14032,0.22047510685323968
1157,18.485,74.84899999999999,0.10472999999999999,0.18287124709752134
1158,18.485,75.089,0.5263,0.20534209879120446
1159,18.485,75.207,0.22804000000000002,0.21710200643281807
1160,18.485,75.23,0.17540999999999998,0.21936977807940383
1161,18.486,74.857,0.13364,0.18347586188119125
1162,18.486,74.288,0.2318,0.15905413363844
1163,18.488,74.37100000000001,0.23448000000000002,0.15901396684825608
1164,18.488,74.685,0.15711,0.1704876262105809
1165,18.489,75.072,0.054328999999999995,0.2032388325600466
1166,18.491,74.223,0.16764,0.16023503336503642
1167,18.491,75.236,0.28068000000000004,0.21921921531552901
1168,18.491,74.527,0.13358,0.16245135366615904
1169,18.492,74.207,0.23576,0.16066721702561404
1170,18.492,75.222,0.5789300000000001,0.21773301687259006
1171,18.492,74.795,0.08118099999999999,0.17802605658208526
1172,18.492,75.226,0.54384,0.21812359586136054
1173,18.492,74.21300000000001,0.14406,0.16051168741040645
1174,18.492,75.22399999999999,0.24559,0.21792837384034647
1175,18.492,75.252,0.35086,0.22064771962913354
1176,18.493,74.221,0.18074,0.16035000871250604
1177,18.494,74.798,0.10472999999999999,0.17813410179568911
1178,18.495,74.785,0.13355999999999998,0.17707872384115186
1179,18.496,74.209,0.1624,0.16076140331083777
1180,18.497,75.082,0.24559,0.20340395094744557
1181,18.499000000000002,74.718,0.18594000000000002,0.1721074149044769
1182,18.5,75.196,0.20883000000000002,0.21426081023089083
1183,18.500999999999998,75.113,0.30073,0.2060275589691447
1184,18.500999999999998,75.214,0.08518200000000001,0.21589702115675113
1185,18.500999999999998,74.454,0.16873,0.1602299213361883
1186,18.503,74.241,0.17288,0.160236272324497
1187,18.503,74.243,0.23576,0.16019371978508123
1188,18.503,74.869,0.5789300000000001,0.18327208192873767
1189,18.503,74.545,0.16238,0.16290048890689557
1190,18.503,75.21600000000001,0.086018,0.2158611608861314
1191,18.504,75.173,0.12278,0.21157305394780224
1192,18.504,74.57,0.10472999999999999,0.16387643387041095
1193,18.506,74.221,0.23576,0.1608182431719931
1194,18.507,75.20100000000001,0.5789300000000001,0.2139603623572076
1195,18.507,75.285,0.0526,0.22195715380621217
1196,18.508,75.217,0.13530999999999999,0.2153905695674666
1197,18.508,74.562,0.2252,0.16346779123881128
1198,18.51,74.396,0.1624,0.15939318707672667
1199,18.511,74.243,0.20956,0.16046705602264077
1200,18.512,74.226,0.24361999999999998,0.16091552379883656
1201,18.512999999999998,75.271,0.16789,0.21994222547487685
1202,18.514,74.253,0.14406,0.16035468301163924
1203,18.514,75.10300000000001,0.12278,0.2037596346607401
1204,18.516,74.23,0.18336,0.16096521145141252
1205,18.517,75.306,0.17540999999999998,0.22270479679452837
1206,18.517,74.175,0.15716,0.16274297600370025
1207,18.519000000000002,74.235,0.23838,0.16095255979295964
1208,18.52,73.998,0.28986999999999996,0.17265916304069606
1209,18.521,74.592,0.15185,0.16445780968221746
1210,18.521,74.24,0.20956,0.16090401274487276
1211,18.521,74.193,0.1362,0.16228763895140852
1212,18.521,74.258,0.17288,0.1604927692344319
1213,18.522000000000002,74.242,0.2017,0.16089296650121587
1214,18.522000000000002,74.24600000000001,0.16764,0.16079686510715208
1215,18.522000000000002,74.51899999999999,0.14144,0.16178069617457302
1216,18.523,74.169,0.10214,0.16326637974998592
1217,18.523,74.192,0.11524000000000001,0.16241427871424474
1218,18.523,74.207,0.17288,0.16191614401546772
1219,18.524,74.64699999999999,0.08118099999999999,0.16698658863827665
1220,18.526,74.584,0.15711,0.16403157352729725
1221,18.526,75.421,0.11492000000000001,0.23151429489211617
1222,18.527,74.243,0.1493,0.1610609351411756
1223,18.527,75.07600000000001,0.11525999999999999,0.19999650227013932
1224,18.528,75.419,0.13358,0.23110712368259045
1225,18.529,76.407,0.18209,0.19987346480328994
1226,18.532,74.23899999999999,0.18074,0.16136431810759055
1227,18.533,74.486,0.10472999999999999,0.16088863684532706
1228,18.533,74.242,0.17288,0.16132579191360175
1229,18.534000000000002,75.171,0.07527400000000001,0.208302665016731
1230,18.534000000000002,74.238,0.08641900000000001,0.16147371831591784
1231,18.534000000000002,74.24,0.12834,0.1614197466878925
1232,18.537,75.416,0.49121000000000004,0.229780948858599
1233,18.538,74.266,0.18336,0.16094203271322982
1234,18.538,74.419,0.11525999999999999,0.1599039135541206
1235,18.538,75.054,0.14533,0.19702775210724766
1236,18.539,74.247,0.24391999999999997,0.1614407821389301
1237,18.54,74.03399999999999,0.18209,0.1716349439708421
1238,18.54,74.038,0.15202000000000002,0.1713622009008694
1239,18.541,74.20100000000001,0.17540999999999998,0.16295628146594532
1240,18.541,74.03399999999999,0.16539,0.17170975163581492
1241,18.541,74.038,0.18377000000000002,0.17143640546451944
1242,18.541,74.243,0.1362,0.161631440701427
1243,18.541,74.043,0.16037,0.17109901147902706
1244,18.541,74.142,0.10522999999999999,0.1654179174164503
1245,18.542,75.554,0.47367,0.2389788763409716
1246,18.543,74.15899999999999,0.12278,0.16474882407746128
1247,18.543,75.094,0.22888000000000003,0.20030119734246443
1248,18.543,74.704,0.12278,0.1695430729336358
1249,18.543,74.154,0.35086,0.16497406524250646
1250,18.543,74.16,0.31577,0.16470437617195421
1251,18.543,75.242,0.13530999999999999,0.21402057909994432
1252,18.544,74.23100000000001,0.1973,0.162107605893565
1253,18.544,74.374,0.17026,0.15985353198905106
1254,18.544,74.158,0.5263,0.1648498553729093
1255,18.545,74.168,0.2105,0.16446586976803634
1256,18.546,74.366,0.094205,0.15991886421515333
1257,18.546,75.315,0.42103,0.2202693129119765
1258,18.547,74.168,0.26313000000000003,0.16457660672234642
1259,18.548,74.032,0.17540999999999998,0.17237847855836386
1260,18.551,74.167,0.33331,0.16484477479027493
1261,18.551,74.586,0.15716,0.16378392450039947
1262,18.551,74.77199999999999,0.13865,0.17345664369531366
1263,18.551,75.2,0.23306,0.20939687445654065
1264,18.552,74.153,0.28068000000000004,0.16554186927408354
1265,18.552,74.22399999999999,0.22386999999999999,0.16270049322482993
1266,18.554000000000002,74.155,0.26313000000000003,0.16556575233705828
1267,18.555,74.175,0.35086,0.16472092056310783
1268,18.555,75.04899999999999,0.14365999999999998,0.19526655451595254
1269,18.555,75.104,0.07014400000000001,0.20023865649437422
1270,18.555999999999997,74.176,0.19296,0.1647340181100453
1271,18.558,74.583,0.12044,0.16361956940538658
1272,18.558,74.154,0.3684,0.16585157878530088
1273,18.558,74.165,0.3684,0.16533722681748197
1274,18.558,75.169,0.13698,0.2059319626348446
1275,18.559,74.687,0.3684,0.16819543101180567
1276,18.559,73.61399999999999,0.15703,0.21774080557341285
1277,18.559,74.036,0.15787,0.17294525637738223
1278,18.56,75.442,0.25478,0.229166126886149
1279,18.561,74.175,0.3684,0.16506226648928868
1280,18.561,74.163,0.17540999999999998,0.1656060720392445
1281,18.562,74.514,0.15711,0.16160545217907107
1282,18.563,74.263,0.19212,0.16204754946175592
1283,18.564,74.164,0.19212,0.16573823376900354
1284,18.565,74.164,0.3684,0.1657981830145825
1285,18.566,74.876,0.22303,0.18018554702162426
1286,18.567,74.286,0.19546,0.16165275111039346
1287,18.567,75.006,0.24140999999999999,0.190676963563723
1288,18.567999999999998,75.045,0.13447,0.1939965297040842
1289,18.569000000000003,75.53399999999999,0.6842,0.2345233944180075
1290,18.57,74.157,0.56139,0.1664396704478085
1291,18.57,75.16,0.12361,0.20411911913351788
1292,18.57,74.899,0.35086,0.1817524820083879
1293,18.570999999999998,74.539,0.16371,0.1622529171449747
1294,18.572,74.157,0.28068000000000004,0.16656438777772575
1295,18.572,74.024,0.29822,0.17486110101383923
1296,18.573,75.559,0.35086,0.235585772374569
1297,18.574,74.028,0.26313000000000003,0.17472509736821817
1298,18.574,74.319,0.26313000000000003,0.16127842593708697
1299,18.574,74.028,0.47367,0.17472509736821817
1300,18.574,75.559,0.61402,0.23547373966536633
1301,18.575,74.15,0.38594,0.16710654212523868
1302,18.575,75.232,0.088524,0.21015246663237008
1303,18.575,74.154,0.19296,0.1669033358948332
1304,18.575,74.156,0.33331,0.16680292452122225
1305,18.576,74.02199999999999,0.29822,0.17534193035362522
1306,18.577,74.331,0.086352,0.16119908763941138
1307,18.578,74.154,0.40349,0.167095148290481
1308,18.578,74.024,0.43858,0.17535571041352416
1309,18.578,74.343,0.17282,0.16106755037206288
1310,18.579,75.555,0.38594,0.2346867128358332
1311,18.579,74.166,0.2105,0.1665618843385751
1312,18.579,74.35,0.20799,0.16101715631021984
1313,18.579,75.56,0.43858,0.23497826762401264
1314,18.579,74.76100000000001,0.40349,0.1718796094554802
1315,18.58,74.02199999999999,0.35086,0.1756748564821946
1316,18.58,74.146,0.20047,0.16763951132998978
1317,18.581,75.046,0.12580999999999998,0.1932364090789107
1318,18.583,74.612,0.14144,0.16454586105253133
1319,18.583,74.975,0.054328999999999995,0.18714612665413277
1320,18.584,74.67399999999999,0.17026,0.16712826809121073
1321,18.584,74.998,0.12612,0.18898988363513736
1322,18.586,75.528,0.45611999999999997,0.23230255350424622
1323,18.586,74.175,0.59648,0.16656712505381277
1324,18.587,75.108,0.15202000000000002,0.1982395895412863
1325,18.587,75.55199999999999,0.2105,0.23365068478824202
1326,18.587,74.15100000000001,0.24559,0.16783897027625239
1327,18.587,74.175,0.85964,0.16663004792866987
1328,18.587,74.57300000000001,0.16238,0.16325539567420688
1329,18.589000000000002,74.95,0.22888000000000003,0.18482982129433123
1330,18.59,75.531,0.22804000000000002,0.23207315401474238
1331,18.59,74.322,0.20715999999999998,0.16186941943644573
1332,18.590999999999998,74.161,0.33331,0.16758321435279067
1333,18.590999999999998,74.259,0.19713,0.16351057047815487
1334,18.590999999999998,75.027,0.17457999999999999,0.19102283623000693
1335,18.592,75.314,0.06692000000000001,0.21577187470795667
1336,18.592,75.562,0.24559,0.2337045729717011
1337,18.593,74.372,0.17608,0.16127900262184125
1338,18.593,74.514,0.12303,0.16190942223980243
1339,18.594,74.411,0.1973,0.16109318305181375
1340,18.594,75.551,0.45611999999999997,0.23286370852490124
1341,18.594,75.559,0.26313000000000003,0.23332650201568594
1342,18.595,75.087,0.23389000000000001,0.19589723069406073
1343,18.596,74.193,0.22386999999999999,0.16635078724677244
1344,18.598,75.13,0.15202000000000002,0.199426493731796
1345,18.598,74.134,0.17540999999999998,0.1695347304414192
1346,18.598,75.476,0.5789300000000001,0.22768887843803653
1347,18.598,75.539,0.26313000000000003,0.2317475829305249
1348,18.598,75.094,0.058598000000000004,0.19631431164914093
1349,18.598,75.357,0.10022,0.21877759987450907
1350,18.6,74.37100000000001,0.17374,0.1615431547579984
1351,18.601,75.11399999999999,0.24225,0.19785005021404245
1352,18.605,74.179,0.1963,0.1675971155604784
1353,18.605,75.571,0.6491100000000001,0.23288899587291056
1354,18.605999999999998,75.18,0.15369000000000002,0.20322499111611525
1355,18.605999999999998,75.18,0.050252,0.20322499111611525
1356,18.605999999999998,73.973,0.43858,0.1820526830999113
1357,18.607,74.101,0.16873,0.17223365058155382
1358,18.608,74.09100000000001,0.1729,0.17297577174722722
1359,18.609,74.101,0.17959,0.17238879437727073
1360,18.609,75.11,0.14617,0.19702036373816123
1361,18.612000000000002,74.502,0.060119000000000006,0.16206334279774948
1362,18.612000000000002,75.263,0.12278,0.20989453329601115
1363,18.613,76.2,0.15035,0.22065068580835367
1364,18.616,75.683,0.11944,0.2368157147835076
1365,18.616,75.067,0.16037,0.19301248788586112
1366,18.616,75.211,0.075291,0.20520984311948898
1367,18.617,74.169,0.22721,0.16892966558430988
1368,18.617,74.173,0.22386999999999999,0.1687175431136454
1369,18.617,74.154,0.22386999999999999,0.169753282109388
1370,18.617,74.28399999999999,0.2222,0.16410385213977297
1371,18.618,75.373,0.15369000000000002,0.2183656457383768
1372,18.618,74.11399999999999,0.15452,0.17224309318048725
1373,18.619,74.196,0.2222,0.16769221930290323
1374,18.619,74.2,0.18293,0.16750043505471912
1375,18.619,75.15100000000001,0.15787,0.19991571297511446
1376,18.621,74.09899999999999,0.16204000000000002,0.17346973561815915
1377,18.621,75.153,0.1186,0.19996678325669937
1378,18.621,74.098,0.16204000000000002,0.17353747519063867
1379,18.621,74.098,0.16371,0.17353747519063867
1380,18.621,74.086,0.16455,0.1743653266492069
1381,18.621,74.096,0.1729,0.1736735313020501
1382,18.622,74.084,0.17540999999999998,0.17458824705145937
1383,18.622,75.626,0.35086,0.23398630036089862
1384,18.622,74.097,0.16956,0.173685941830388
1385,18.623,75.20100000000001,0.40349,0.20390822783666263
1386,18.623,75.564,0.26313000000000003,0.23080160915268488
1387,18.623,75.624,0.28068000000000004,0.2338029588972249
1388,18.624000000000002,75.08800000000001,0.10022,0.19434527583536088
1389,18.624000000000002,75.556,0.26313000000000003,0.23026779609107595
1390,18.624000000000002,74.094,0.17123,0.1740536869899515
1391,18.624000000000002,74.188,0.1988,0.16842636630082342
1392,18.625,75.437,0.8939,0.22256012029694383
1393,18.625,75.554,0.42103,0.23006603484296662
1394,18.625999999999998,74.09,0.16539,0.17449538852897017
1395,18.625999999999998,74.17399999999999,0.20715999999999998,0.1692961304165157
1396,18.625999999999998,75.60600000000001,0.35086,0.23268965551833276
1397,18.625999999999998,75.608,0.43858,0.23278516123247683
1398,18.625999999999998,74.09100000000001,0.15285,0.17442545028001588
1399,18.63,75.567,0.59648,0.230341043881375
1400,18.631,75.07600000000001,0.13364,0.1930144804519367
1401,18.632,74.542,0.15711,0.16309789634185468
1402,18.632,74.154,0.18209,0.1708546458110064
1403,18.633,75.503,0.29822,0.22633302159004454
1404,18.633,75.57,0.31577,0.23024081712077582
1405,18.634,75.098,0.088524,0.19467543997275683
1406,18.635,75.079,0.6349100000000001,0.19307375978482333
1407,18.635,75.62,0.15787,0.23253308618205415
1408,18.636,75.488,0.43858,0.2251309593787567
1409,18.637,75.568,0.5789300000000001,0.22979118624271455
1410,18.637,75.57,0.42103,0.22989793096888378
1411,18.637999999999998,74.032,0.7719199999999999,0.17996477679583578
1412,18.637999999999998,74.032,0.087689,0.17996477679583578
1413,18.639,73.95100000000001,0.12612,0.18733881894749183
1414,18.639,74.41199999999999,0.21058000000000002,0.16268733492321674
1415,18.64,73.384,0.18585,0.2635257545201062
1416,18.64,74.031,0.61402,0.18023128089056206
1417,18.641,74.032,0.8771899999999999,0.18024053841812826
1418,18.641,74.539,0.1186,0.16325286914443593
1419,18.641,74.031,0.24559,0.1803234808287214
1420,18.641,74.032,0.94737,0.18024053841812826
1421,18.641,74.031,0.22804000000000002,0.1803234808287214
1422,18.642,74.78699999999999,0.1886,0.1722876842299258
1423,18.643,75.57600000000001,0.1988,0.2297110944198878
1424,18.643,75.658,0.17540999999999998,0.2334138705622647
1425,18.643,74.597,0.17026,0.16449659332557343
1426,18.644000000000002,75.044,0.16455,0.18988723039284006
1427,18.645,74.256,0.22386999999999999,0.1667377686918774
1428,18.646,74.469,0.18853,0.16278050801626798
1429,18.647000000000002,75.571,0.49121000000000004,0.2291231956503169
1430,18.649,74.00399999999999,0.5263,0.18340160415420537
1431,18.651,74.45100000000001,0.081423,0.16296725443102678
1432,18.652,73.984,0.85964,0.18551400984800137
1433,18.652,74.214,0.20382,0.16908050799927343
1434,18.653,74.003,0.31577,0.1838793938011527
1435,18.653,75.57300000000001,0.26313000000000003,0.22875102941717862
1436,18.655,75.567,0.47367,0.2282815924692918
1437,18.655,75.572,0.0061489,0.22854349470785662
1438,18.657,74.155,0.22386999999999999,0.1727220882944921
1439,18.657,75.525,0.56139,0.2257884513676215
1440,18.658,73.47,0.75789,0.2528245789446523
1441,18.662,74.17399999999999,0.16037,0.17197607540028392
1442,18.663,73.983,0.38594,0.18671221280594186
1443,18.663,75.104,0.16037,0.19391137075997567
1444,18.666,74.205,0.1988,0.17055738479003035
1445,18.666,74.926,0.12834,0.1805668064122663
1446,18.67,73.819,0.3024,0.2052509327811608
1447,18.672,74.363,0.3684,0.16502708616332717
1448,18.674,74.278,0.22386999999999999,0.16776087112707405
1449,18.675,75.082,0.16037,0.19177139353005468
1450,18.676,74.705,0.18336,0.16848878828414082
1451,18.68,74.604,0.10525999999999999,0.16546453008118112
1452,18.680999999999997,73.99,0.8245600000000001,0.18788561315451913
1453,18.683,74.155,0.19212,0.17484426524116348
1454,18.683,74.199,0.1988,0.1721861674121803
1455,18.683,74.288,0.15703,0.16797671181610463
1456,18.683,74.459,0.20215,0.16429227408890346
1457,18.684,74.251,0.20382,0.16960807711923254
1458,18.686,74.32300000000001,0.17608,0.16694267079629388
1459,18.686,74.506,0.10553,0.1643942373599877
1460,18.686,74.508,0.10525999999999999,0.16440191463050013
1461,18.686,75.23899999999999,0.26313000000000003,0.20369500158307563
1462,18.688,74.75,0.38594,0.17050087772963773
1463,18.69,74.355,0.29822,0.16626470669392945
1464,18.692,74.755,0.1231,0.17076575201363442
1465,18.694000000000003,75.09899999999999,0.093537,0.19252945996422488
1466,18.694000000000003,75.123,0.24225,0.19436567412534977
1467,18.694000000000003,73.839,0.07098,0.2057058026015367
1468,18.695999999999998,73.528,0.14617,0.24944417642558708
1469,18.697,73.99,0.8421,0.1895472990801742
1470,18.698,74.835,0.15035,0.17476993008152386
1471,18.701,74.207,0.5263,0.17316920918592915
1472,18.701,74.75399999999999,0.28068000000000004,0.17083462290247609
1473,18.702,74.684,0.18074,0.16819367662447626
1474,18.702,74.12,0.15787,0.17892988254422293
1475,18.704,73.416,0.2506,0.26826393912423474
1476,18.706,74.384,0.1755,0.16653156490824406
1477,18.706,76.028,0.11692999999999999,0.226830434819431
1478,18.707,75.428,0.047587,0.21663039615260837
1479,18.708,74.32300000000001,0.20465,0.16839467735926528
1480,18.709,74.25,0.15717,0.17152477864797666
1481,18.715,75.642,0.10774,0.2277091202732091
1482,18.721,74.395,0.42103,0.1672092848651212
1483,18.722,74.313,0.14406,0.16974275401722272
1484,18.722,75.111,0.084347,0.19281911717720246
1485,18.723,74.357,0.17625,0.16831926595207858
1486,18.724,74.25399999999999,0.19713,0.17250134478754964
1487,18.725,74.567,0.08936000000000001,0.16643400276734854
1488,18.727,74.334,0.14032,0.16933510400816276
1489,18.727,74.973,0.034053,0.18309283242943664
1490,18.727999999999998,74.155,0.20047,0.17878839470550334
1491,18.732,74.189,0.35086,0.17687515589296476
1492,18.733,74.833,0.08017,0.17498289618585583
1493,18.733,74.757,0.33331,0.17155065956527027
1494,18.734,74.829,0.17288,0.17479852471838986
1495,18.735,74.215,0.59648,0.17553982555885617
1496,18.736,76.079,0.11108,0.22199560863703005
1497,18.737000000000002,74.332,0.17123,0.17012519226592282
1498,18.746,74.873,0.08641900000000001,0.17724251605664243
1499,18.753,74.84,0.14668,0.17567220463852007
1500,18.756,74.087,0.17875,0.1867950910314069
1501,18.759,74.744,0.33331,0.17177405495826603
1502,18.766,76.148,0.083512,0.2152526939182472
1503,18.773,74.977,0.030143,0.183574473718212
1504,18.773,74.832,0.15787,0.17575566251819752
1505,18.774,74.415,0.10214,0.17029067277062304
1506,18.784000000000002,74.71,0.081841,0.17163219601824742
1507,18.784000000000002,74.185,0.13555999999999999,0.18195332397598218
1508,18.784000000000002,74.515,0.18336,0.16945812240752556
1509,18.784000000000002,74.791,0.17549,0.1743419718166157
1510,18.785,74.237,0.23139,0.17866859886566866
1511,18.789,74.137,0.20047,0.1860374043418822
1512,18.79,75.196,0.20465,0.19829565091096213
1513,18.79,74.939,0.086853,0.18162812390113026
1514,18.792,74.686,0.19646,0.17138387514064735
1515,18.793,74.715,0.16502,0.1721553299308296
1516,18.794,75.02199999999999,0.10135,0.18663598317939267
1517,18.796,75.53,0.10022,0.21961862565108692
1518,18.798,74.609,0.12047999999999999,0.17044786288949587
1519,18.798,74.426,0.18074,0.17177666895950072
1520,18.8,74.051,0.081423,0.19477045033293827
1521,18.8,74.753,0.16502,0.1735866450831014
1522,18.801,74.779,0.11262,0.17451331474468268
1523,18.802,74.406,0.15716,0.17261319469507963
1524,18.805,74.671,0.18594000000000002,0.1717064816606031
1525,18.805,75.191,0.35086,0.19796820355371236
1526,18.808,74.426,0.12047999999999999,0.17253482427029
1527,18.808,74.452,0.09951900000000001,0.17193794133714269
1528,18.808,74.426,0.14144,0.17253482427029
1529,18.809,74.39399999999999,0.1886,0.17352827479344368
1530,18.809,73.99600000000001,0.2105,0.20136678957315213
1531,18.81,74.39,0.15454,0.17373743539130926
1532,18.811,74.87,0.091615,0.17864757892463723
1533,18.811,75.92399999999999,0.11692999999999999,0.22624600099764736
1534,18.812,74.21600000000001,0.63157,0.18255741096437106
1535,18.812,74.357,0.15454,0.17508797219114647
1536,18.812,74.76100000000001,0.13358,0.17436030191727236
1537,18.813,74.742,0.12044,0.173820455701869
1538,18.814,74.553,0.16764,0.17121817242607085
1539,18.816,74.626,0.11524000000000001,0.17164582973756692
1540,18.817,74.47,0.14171,0.17225983635162556
1541,18.817,74.186,0.16288,0.18514723644438524
1542,18.817,74.197,0.21718,0.18435756280893378
1543,18.817,74.119,0.17332,0.1904492240170752
1544,18.817999999999998,74.13600000000001,0.089777,0.18913031516960244
1545,18.817999999999998,74.135,0.16288,0.18921272097001007
1546,18.817999999999998,73.835,0.097714,0.22169484522077143
1547,18.817999999999998,73.836,0.0062325,0.2215634096740562
1548,18.82,74.222,0.1988,0.18294318696327483
1549,18.820999999999998,74.414,0.18336,0.17388382944220504
1550,18.822,74.722,0.15711,0.17370784233465497
1551,18.823,74.694,0.19646,0.17310963511555244
1552,18.824,74.407,0.10214,0.1743360022981838
1553,18.824,74.92699999999999,0.18544000000000002,0.18187789813850452
1554,18.827,74.38600000000001,0.18074,0.17527487308352485
1555,18.828,75.992,0.23473000000000002,0.2236510436033855
1556,18.829,74.548,0.17549,0.1722426121158963
1557,18.83,74.403,0.094773,0.1749557384349395
1558,18.83,74.05199999999999,0.31961,0.19804928851553316
1559,18.831,76.078,0.06179,0.21895960611795096
1560,18.834,74.625,0.18594000000000002,0.1727266327696424
1561,18.834,73.768,0.081423,0.23292880120751902
1562,18.834,73.835,0.050094,0.22376282867155894
1563,18.834,74.135,0.17332,0.1909211036154077
1564,18.834,73.835,0.11233,0.22376282867155894
1565,18.835,74.135,0.22345,0.19102888206316682
1566,18.835,74.7,0.08641900000000001,0.17388989026335644
1567,18.835,73.836,0.13530999999999999,0.22375995357392975
1568,18.836,73.817,0.1044,0.22643101434361756
1569,18.836,75.834,0.1044,0.22698804951217944
1570,18.836,73.987,0.66666,0.20552685768925838
1571,18.837,74.51,0.10525999999999999,0.17313813876948747
1572,18.838,74.404,0.19646,0.1755936706062965
1573,18.838,74.752,0.16121,0.17533244893836641
1574,18.843,75.568,0.18377000000000002,0.22085110947658182
1575,18.845,74.707,0.13614,0.17460179852603908
1576,18.846,74.707,0.13355999999999998,0.17465936708759733
1577,18.846,74.673,0.12047999999999999,0.1740426400551328
1578,18.848,74.449,0.14144,0.1751334447356624
1579,18.848,74.54899999999999,0.16764,0.1735847735094116
1580,18.85,74.15,0.24434,0.1914026898134049
1581,18.851,74.20100000000001,0.0856,0.18754777525198962
1582,18.851,73.835,0.9711799999999999,0.2259724168364574
1583,18.851,73.819,0.13155,0.22812558420696494
1584,18.851,74.13600000000001,0.15244000000000002,0.19268375715094155
1585,18.852,74.202,0.06454700000000001,0.18757925021064692
1586,18.852999999999998,74.10600000000001,0.13573,0.1955414815725991
1587,18.852999999999998,76.092,0.015005000000000001,0.2177773600135937
1588,18.855,74.336,0.18336,0.17982255838075867
1589,18.855999999999998,74.972,0.17374,0.18533841449524435
1590,18.859,74.906,0.2105,0.1821617694347577
1591,18.861,74.577,0.1493,0.17441134530965774
1592,18.864,74.76,0.12047999999999999,0.17696883395326313
1593,18.867,74.685,0.1755,0.17554381210075698
1594,18.868,74.773,0.13614,0.1775611549167364
1595,18.869,74.78399999999999,0.086018,0.1779423703019647
1596,18.872,76.135,0.11692999999999999,0.2144627875109334
1597,18.873,74.626,0.11259000000000001,0.17534208394349948
1598,18.874000000000002,74.835,0.1988,0.17992509867011552
1599,18.875999999999998,74.836,0.041739,0.18006831418857838
1600,18.879,74.82,0.13358,0.1796640902079708
1601,18.882,74.655,0.18074,0.17618589149298025
1602,18.883,74.691,0.45611999999999997,0.1766911429386775
1603,18.884,74.862,0.19379000000000002,0.18148222481463983
1604,18.887,74.483,0.13097,0.17761703273323148
1605,18.887999999999998,74.917,0.17708,0.18401491061182562
1606,18.891,74.898,0.17374,0.183330422296343
1607,18.893,74.532,0.12046,0.17726276823216258
1608,18.905,74.844,0.16789,0.18199923589439837
1609,18.906,76.215,0.15716,0.20724451830535462
1610,18.907,74.773,0.33331,0.17995990262933703
1611,18.908,74.87100000000001,0.18336,0.18317185647088707
1612,18.91,74.82,0.15716,0.18150083584063303
1613,18.912,74.632,0.15716,0.17828117689076006
1614,18.917,74.477,0.09428099999999999,0.18042572681793378
1615,18.918,74.497,0.14144,0.18004437745345903
1616,18.918,75.301,0.060319000000000005,0.20713787692923946
1617,18.92,75.931,0.11108,0.22565588342643006
1618,18.921,74.403,0.1362,0.1832155251469132
1619,18.922,75.17399999999999,0.10858,0.1995267554854454
1620,18.922,74.64,0.10737999999999999,0.1790965283156647
1621,18.926,74.82300000000001,0.1624,0.18262807130001457
1622,18.927,74.697,0.14144,0.1799373544819759
1623,18.928,74.793,0.2222,0.1818987173204355
1624,18.929000000000002,74.767,0.014687,0.1813240690150295
1625,18.930999999999997,74.59899999999999,0.1493,0.17985547800163504
1626,18.934,74.836,0.16764,0.1835705705490095
1627,18.939,74.84,0.18878,0.18403628761939006
1628,18.94,73.51,0.16455,0.28748885859436824
1629,18.94,74.788,0.09855,0.18261516669229327
1630,18.941,74.778,0.29822,0.1824443829995801
1631,18.944000000000003,74.69,0.09855,0.1811883363891098
1632,18.945,74.69800000000001,0.12612,0.18135256789517618
1633,18.945,74.582,0.16756,0.18117479746545384
1634,18.945999999999998,74.74600000000001,0.01889,0.18214378162295863
1635,18.947,74.678,0.19384,0.18132456828743093
1636,18.952,74.908,0.14144,0.18734594618618727
1637,18.953,74.771,0.11524000000000001,0.18317901813060766
1638,18.955,74.771,0.11787,0.1833312347449947
1639,18.955,75.028,0.13865,0.19297409966741863
1640,18.956,73.577,0.63157,0.2788246357990377
1641,18.957,73.596,0.6210399999999999,0.2759117734432308
1642,18.958,74.634,0.14533,0.18208659458303633
1643,18.96,74.958,0.18544000000000002,0.18995757832936067
1644,18.961,73.59899999999999,0.61051,0.2759833350628761
1645,18.961,73.59899999999999,0.55788,0.2759833350628761
1646,18.961,74.632,0.10737999999999999,0.18234928886547386
1647,18.961,73.59899999999999,0.76841,0.2759833350628761
1648,18.961,74.705,0.17708,0.18272598758575342
1649,18.962,73.593,0.86315,0.27708177812930834
1650,18.962,73.593,0.51577,0.27708177812930834
1651,18.963,73.594,0.9578899999999999,0.27705928111196587
1652,18.964000000000002,73.594,0.61051,0.2771969902028961
1653,18.967,73.59899999999999,0.65262,0.27680915028300157
1654,18.968,74.668,0.1755,0.18302435508383563
1655,18.97,74.84899999999999,0.15703,0.18651887958920432
1656,18.973,74.006,0.066803,0.22030286484200945
1657,18.975,74.697,0.18878,0.1838200305518769
1658,18.977,74.82600000000001,0.12863,0.18637081118072552
1659,18.977999999999998,75.047,0.14533,0.1953255814211765
1660,18.977999999999998,74.714,0.13614,0.18424645393922012
1661,18.979,74.83,0.17792,0.186636070462061
1662,18.979,74.49600000000001,0.1231,0.18586938057939606
1663,18.983,75.047,0.11525999999999999,0.19564152838134996
1664,18.986,74.461,0.12047999999999999,0.187622874367387
1665,18.987000000000002,74.92699999999999,0.17374,0.19051009941058117
1666,18.989,74.57300000000001,0.11262,0.18533343737716645
1667,18.992,74.862,0.16789,0.18858996898727842
1668,18.993,74.842,0.16706,0.18806868910822105
1669,18.993,74.899,0.14701,0.1899053666279994
1670,18.994,74.683,0.2105,0.18538502152584801
1671,18.994,74.878,0.1988,0.18925945747038153
1672,18.995,74.55199999999999,0.20432,0.18623503483542592
1673,18.995,74.71,0.16365,0.1856743106641855
1674,18.996,74.483,0.1231,0.18795724603296116
1675,18.998,74.699,0.15945,0.1858462151607695
1676,18.999000000000002,74.81,0.19713,0.18770911906377885
1677,19.0,74.896,0.11,0.19033261832638482
1678,19.000999999999998,74.66,0.18878,0.1859489873475716
1679,19.000999999999998,75.508,0.18042,0.221564763712215
1680,19.003,74.392,0.78947,0.1922073588051657
1681,19.003,74.703,0.18878,0.1863253659149574
1682,19.004,74.725,0.15703,0.18662592713776704
1683,19.004,73.96600000000001,0.15867,0.22900763832953752
1684,19.007,74.863,0.24140999999999999,0.18980558291576288
1685,19.008,74.892,0.21969,0.19081824281736726
1686,19.009,74.86,0.20965999999999999,0.18987646800923397
1687,19.011,75.578,0.088524,0.22494524839634134
1688,19.012,74.544,0.14406,0.18808042741911435
1689,19.012,74.138,0.33331,0.21133392860186928
1690,19.014,75.271,0.09951900000000001,0.2097684560602353
1691,19.02,74.891,0.18878,0.19174509018524555
1692,19.021,74.889,0.21969,0.19176072606284422
1693,19.022000000000002,74.655,0.12044,0.18792751345564462
1694,19.024,74.876,0.17792,0.19159320915533162
1695,19.027,74.163,0.17540999999999998,0.21086073052027088
1696,19.027,74.421,0.18074,0.19352895303272888
1697,19.03,76.029,0.087689,0.22546970896196916
1698,19.031,73.91,0.30992,0.23960109539881147
1699,19.032,73.869,0.11902,0.24520060724819448
1700,19.034000000000002,74.21,0.0068173,0.2076397038643566
1701,19.037,73.439,0.25478,0.3123492460844605
1702,19.039,74.797,0.1988,0.1908793290348746
1703,19.039,73.941,0.30156,0.23665749014975745
1704,19.04,74.733,0.42613,0.19000559085443958
1705,19.041,74.613,0.56139,0.1900196700193466
1706,19.042,74.07,0.31326,0.2219399597435031
1707,19.042,74.69800000000001,0.47525,0.18993260550868496
1708,19.043,74.357,0.42103,0.19850589747234582
1709,19.044,74.389,0.24559,0.19692433451389424
1710,19.048,75.074,0.33331,0.20153597450849636
1711,19.049,74.141,0.7719199999999999,0.21562910489061338
1712,19.049,74.663,0.17811,0.19055919020007406
1713,19.05,75.085,0.081841,0.2022238289317453
1714,19.051,75.562,0.12863,0.22641423372886083
1715,19.051,75.854,0.38594,0.2315000455351114
1716,19.051,74.117,0.22763000000000003,0.21821861575561652
1717,19.052,75.437,0.11692999999999999,0.22093179911596383
1718,19.054000000000002,74.165,0.6842,0.21400907392453816
1719,19.058,74.479,0.16764,0.19471122356797177
1720,19.058,75.068,0.24559,0.20202491098241393
1721,19.061,75.9,0.15035,0.23142530497933744
1722,19.063,75.089,0.09019500000000001,0.20342641892079405
1723,19.066,74.2,0.49121000000000004,0.21239400164802869
1724,19.067,74.743,0.17123,0.19270176729859012
1725,19.073,73.857,0.11524000000000001,0.25224024753814434
1726,19.073,73.854,0.13618,0.25265489014435627
1727,19.074,73.85600000000001,0.1362,0.2525096203370206
1728,19.079,73.858,0.10477,0.2528894642957543
1729,19.081,74.672,0.073486,0.1937972648776507
1730,19.081,74.375,0.61402,0.2019342186295111
1731,19.083,74.123,0.49121000000000004,0.22165279720891862
1732,19.084,73.851,0.11524000000000001,0.25451370707582566
1733,19.084,74.673,0.17792,0.19410687624777923
1734,19.088,73.865,0.1362,0.25310520910302314
1735,19.090999999999998,73.865,0.1362,0.2534976241907617
1736,19.093,74.125,0.63157,0.22271901265862415
1737,19.094,74.723,0.16789,0.19524907726301233
1738,19.095,73.862,0.08380399999999999,0.2544327412965448
1739,19.095,75.98899999999999,0.084347,0.23092188791280333
1740,19.097,75.404,0.07014400000000001,0.22231604030413754
1741,19.098,73.86,0.10477,0.25510009100165254
1742,19.098,74.506,0.14617,0.1983127200818401
1743,19.101,74.789,0.18878,0.1966625222677879
1744,19.101,74.903,0.10858,0.19927177583166134
1745,19.102,73.86399999999999,0.12572,0.25507168132636626
1746,19.102999999999998,74.95,0.015197,0.20099007086775922
1747,19.102999999999998,74.377,0.12278,0.20442839869865803
1748,19.104,73.862,0.11524000000000001,0.255607574801481
1749,19.105999999999998,75.805,0.093537,0.2349768754097037
1750,19.109,75.032,0.1587,0.2047218195941417
1751,19.113,74.158,0.22804000000000002,0.22205092719961683
1752,19.115,75.374,0.10136,0.22216798889205136
1753,19.125,74.727,0.19379000000000002,0.19851574946647432
1754,19.125999999999998,74.789,0.1988,0.19921744460998936
1755,19.128,74.414,0.44693,0.2054913391266988
1756,19.131,74.774,0.49121000000000004,0.1995463129085745
1757,19.133,73.709,0.23806999999999998,0.28162989287562756
1758,19.134,73.819,0.11275,0.2655259476151447
1759,19.135,73.851,0.15035,0.26115444336215476
1760,19.136,74.79,0.094372,0.20027661097057337
1761,19.136,73.946,0.50252,0.24862836759175222
1762,19.137,74.85600000000001,0.17792,0.20158741685019288
1763,19.139,73.939,0.026417000000000003,0.2499096543941285
1764,19.139,74.686,0.15703,0.19996931331020773
1765,19.14,74.774,0.16789,0.2004983341170946
1766,19.141,74.814,0.08936000000000001,0.20117016524281306
1767,19.144000000000002,74.88600000000001,0.053527,0.2030327831319706
1768,19.147000000000002,75.21,0.26313000000000003,0.21647926067640533
1769,19.148,74.235,0.58187,0.219673492527659
1770,19.15,73.946,0.21156999999999998,0.25043511498674176
1771,19.152,74.572,0.10477,0.20276552359492783
1772,19.153,73.71,0.44943999999999995,0.28402426038513273
1773,19.153,75.03699999999999,0.18336,0.2090466186529828
1774,19.155,73.943,0.10577,0.25146136323693913
1775,19.156,76.36,0.40349,0.20276592453209652
1776,19.157,74.793,0.11016,0.20255150783812526
1777,19.159000000000002,74.167,0.8421,0.22703366489856558
1778,19.160999999999998,75.319,0.051079,0.22320784113188075
1779,19.163,74.748,0.02762,0.20275498821263027
1780,19.163,74.748,0.006650199999999999,0.20275498821263027
1781,19.164,74.749,0.0015706,0.20287176334774315
1782,19.165,75.179,0.12047999999999999,0.21659525087741016
1783,19.166,74.753,0.015757,0.2031199795918609
1784,19.166,74.758,0.0068173,0.20315788107147503
1785,19.168,74.71300000000001,0.15703,0.20317544536534582
1786,19.169,73.874,0.39597,0.26236307334683573
1787,19.169,73.874,0.50458,0.26236307334683573
1788,19.169,73.711,0.37006999999999995,0.2858886822190967
1789,19.169,73.87,0.74051,0.2629082737221441
1790,19.17,73.796,0.1587,0.2734338228926009
1791,19.17,73.877,0.26397,0.26208324422133
1792,19.17,74.777,0.21969,0.2037732744882188
1793,19.171,74.55199999999999,0.026417000000000003,0.20545872988223146
1794,19.171,74.757,0.0058147,0.20370174493687843
1795,19.172,73.57300000000001,0.61402,0.30770940270746505
1796,19.172,74.752,0.0062325,0.2037764101653292
1797,19.174,73.557,0.57309,0.31049020306341124
1798,19.174,74.734,0.0063995,0.20390097198006307
1799,19.174,73.796,0.29095,0.27394087627075336
1800,19.174,73.825,0.13222,0.26979979029928836
1801,19.175,73.82600000000001,0.47607,0.26978554039509395
1802,19.176,73.876,0.68771,0.2629851536249852
1803,19.176,74.669,0.1988,0.2041918956522616
1804,19.176,73.714,0.21134,0.28631104202198965
1805,19.177,73.846,0.0526,0.2672362500488067
1806,19.177,74.72399999999999,0.10577,0.20420489292180888
1807,19.178,74.757,0.0036426,0.20447869054736367
1808,19.179000000000002,73.922,0.29091999999999996,0.25724819619761563
1809,19.179000000000002,73.92699999999999,0.87284,0.2565986054853887
1810,19.18,73.548,0.21159,0.31264032320508117
1811,19.18,73.798,0.13222,0.2744115031050006
1812,19.18,75.173,0.12445,0.21772628956443518
1813,19.180999999999997,74.782,0.16789,0.2050394702999503
1814,19.180999999999997,73.92399999999999,0.10577,0.257243497715857
1815,19.180999999999997,73.79899999999999,0.47608999999999996,0.27439389505913625
1816,19.182000000000002,74.431,0.095208,0.21120274182155052
1817,19.182000000000002,73.804,0.1587,0.273802322728955
1818,19.184,73.904,0.079334,0.2602501119578712
1819,19.184,74.29899999999999,0.0034755000000000003,0.21929002945000253
1820,19.184,73.836,0.66164,0.26952042052944924
1821,19.185,73.844,0.31744,0.2685299527573277
1822,19.187,75.91199999999999,0.07599299999999999,0.24003944818734213
1823,19.187,73.839,0.5029100000000001,0.26948043499657937
1824,19.189,73.86,0.34417,0.26682351408318206
1825,19.189,74.76899999999999,0.23801999999999998,0.20580372593423568
1826,19.19,73.89,0.66164,0.26287835137673987
1827,19.19,73.957,0.60832,0.2541737745418646
1828,19.19,74.671,0.1988,0.20578914656468827
1829,19.19,74.767,0.017845,0.20589881615900374
1830,19.191,73.938,0.052867,0.2567123947627066
1831,19.191,74.589,0.082258,0.20697786750187175
1832,19.191,74.67,0.16789,0.20591120215660286
1833,19.192,74.727,0.17792,0.20590956494012558
1834,19.192,73.745,0.13197,0.2836642874762686
1835,19.192999999999998,73.83800000000001,0.79364,0.27037799412953245
1836,19.192999999999998,74.529,0.1587,0.20872449390849557
1837,19.194000000000003,73.771,0.026701,0.28008545083132497
1838,19.194000000000003,74.676,0.21969,0.20622180322370232
1839,19.194000000000003,74.679,0.081841,0.2062055339863691
1840,19.195,74.64399999999999,0.50249,0.2066023451536252
1841,19.195999999999998,74.572,0.39671999999999996,0.20793659593840252
1842,19.195999999999998,74.548,0.50249,0.2085382610744776
1843,19.198,74.766,0.004478,0.20679184231388037
1844,19.198,74.485,0.42321000000000003,0.21083917111436223
1845,19.199,73.745,0.2648,0.28453292351079673
1846,19.199,75.07300000000001,0.12445,0.21511392312421873
1847,19.199,73.919,0.6876800000000001,0.26018598762661405
1848,19.2,73.767,0.31744,0.2814174920703161
1849,19.202,73.679,0.8195399999999999,0.2948360461334758
1850,19.202,74.718,0.17792,0.20704058424660876
1851,19.202,73.745,0.1587,0.2849040065218076
1852,19.203,74.986,0.050336,0.21220367744490787
1853,19.204,74.017,0.34384000000000003,0.2486645484756499
1854,19.204,74.018,0.29179,0.24854725431493774
1855,19.205,73.913,0.7669100000000001,0.26173070776577756
1856,19.205,74.672,0.17792,0.2075254899896568
1857,19.206,75.225,0.38594,0.2227468538316003
1858,19.209,75.6,0.40349,0.23946864204615814
1859,19.21,73.875,0.21156999999999998,0.26742676342580596
1860,19.21,74.551,0.5554600000000001,0.21014090590951895
1861,19.211,73.682,0.5029100000000001,0.29547103162883037
1862,19.211,74.67,0.16789,0.2082417013838811
1863,19.212,73.758,0.058448,0.2842207319426894
1864,19.212,73.75,0.58478,0.28539756774031544
1865,19.214000000000002,73.905,0.079334,0.26391882409351586
1866,19.214000000000002,74.689,0.15703,0.20848494546109386
1867,19.219,74.809,0.11609000000000001,0.20962939092238098
1868,19.22,74.208,0.17959,0.2310647563813384
1869,19.22,74.691,0.14701,0.20917976763490376
1870,19.221,75.587,0.38594,0.24014209003788112
1871,19.222,74.673,0.16789,0.20951523753190948
1872,19.224,74.673,0.15703,0.20975154187984557
1873,19.225,74.669,0.18878,0.2098994665141869
1874,19.225,75.238,0.28068000000000004,0.22525763749142924
1875,19.226,74.609,0.34417,0.2107758330244177
1876,19.226,75.419,0.43858,0.23395942049298435
1877,19.227,74.609,0.52881,0.2108959859731201
1878,19.227999999999998,73.913,0.10607,0.26462644778676536
1879,19.227999999999998,75.592,0.28068000000000004,0.24094591060782844
1880,19.23,74.678,0.1988,0.2104279908700416
1881,19.232,75.837,0.26313000000000003,0.24493566294577784
1882,19.233,74.791,0.10858,0.21102028162872255
1883,19.233,74.782,0.18878,0.21093272585999068
1884,19.233,75.49,0.15035,0.23768983981586445
1885,19.234,75.95,0.29822,0.24322610903625952
1886,19.234,74.675,0.18878,0.2109229996283718
1887,19.238,74.207,0.13113,0.23343585270212808
1888,19.238,74.17699999999999,0.1963,0.2361416529482494
1889,19.241,74.209,0.10189,0.23364117025425535
1890,19.241,75.308,0.24559,0.23022651665630978
1891,19.241,74.411,0.12111,0.21950243955677495
1892,19.241,76.023,0.22804000000000002,0.24116946592683164
1893,19.242,74.705,0.12612,0.21172956555177713
1894,19.242,74.742,0.17792,0.21173923176282927
1895,19.242,74.782,0.1988,0.211977575113936
1896,19.243,75.601,0.38594,0.24262943460974273
1897,19.244,74.672,0.17792,0.21213778955891427
1898,19.245,74.551,0.10782,0.21439838947967627
1899,19.245,74.703,0.1988,0.2120913225970582
1900,19.246,75.694,0.1755,0.24520968864074377
1901,19.247,75.215,0.12695,0.2264144515230374
1902,19.249000000000002,73.844,0.21159,0.2765076878388012
1903,19.25,73.846,0.026417000000000003,0.2763544623724211
1904,19.25,74.557,0.13614,0.21484701059087685
1905,19.25,74.017,0.2907,0.2544871050742403
1906,19.250999999999998,73.847,0.79348,0.2763392052368503
1907,19.250999999999998,74.723,0.15703,0.2127744632581834
1908,19.252,73.847,0.052867,0.27646153469271506
1909,19.252,73.847,0.026417000000000003,0.27646153469271506
1910,19.254,75.212,0.28068000000000004,0.22700498351427245
1911,19.256,74.142,0.08936000000000001,0.24176505388139768
1912,19.258,74.665,0.13614,0.21387943489941874
1913,19.261,74.334,0.13222,0.22657259955529574
1914,19.262,74.354,0.61402,0.2254124242468475
1915,19.262999999999998,75.211,0.43858,0.22790717374026004
1916,19.266,75.21,0.38594,0.2281793380041075
1917,19.27,74.703,0.086018,0.21508371198547893
1918,19.272000000000002,74.602,0.050211,0.21649563151371942
1919,19.278,74.118,0.11025,0.2469415178542993
1920,19.28,74.285,0.8947299999999999,0.2324187210449964
1921,19.281,74.094,0.079334,0.24980625688568114
1922,19.282,74.017,0.66123,0.2584835381165296
1923,19.283,74.018,0.34384000000000003,0.2584911722466927
1924,19.283,75.817,0.22804000000000002,0.24985580388562878
1925,19.283,75.9,0.26313000000000003,0.24906395496464528
1926,19.283,75.917,0.38594,0.24873232376212884
1927,19.285999999999998,74.148,0.59648,0.24496142399819243
1928,19.285999999999998,76.274,0.40349,0.22617886562831735
1929,19.29,75.944,0.15035,0.2487774579116463
1930,19.293,73.84100000000001,0.21384,0.28222939606486996
1931,19.294,74.619,0.31577,0.21888588270389442
1932,19.296,74.043,0.34334000000000003,0.257239460030961
1933,19.297,74.777,0.0086553,0.21845733544979418
1934,19.299,73.675,0.34417,0.3067720976868147
1935,19.3,75.15,0.35086,0.22919915646972888
1936,19.305,74.697,0.16789,0.21936102128242185
1937,19.307000000000002,74.78399999999999,0.083512,0.21971258840217478
1938,19.307000000000002,75.275,0.42103,0.2356070483161984
1939,19.31,75.453,0.10189,0.2439184742874474
1940,19.317,75.967,0.45611999999999997,0.2508518783549991
1941,19.317,74.048,0.34334000000000003,0.2592673605448228
1942,19.317999999999998,74.048,0.5554600000000001,0.2593900364637547
1943,19.319000000000003,75.14699999999999,0.11692999999999999,0.23120511086802742
1944,19.32,75.438,0.12829000000000002,0.24435271550750148
1945,19.326,75.005,0.1231,0.22660907003265351
1946,19.326,75.345,0.088524,0.2408995477646213
1947,19.328,74.418,0.12044,0.23006215898876226
1948,19.331,75.438,0.17549,0.24553719917978511
1949,19.332,74.014,0.5554600000000001,0.26496049355766926
1950,19.339000000000002,74.03699999999999,0.44943999999999995,0.2631816360136625
1951,19.34,74.543,0.068624,0.22643085257617057
1952,19.344,75.618,0.23055,0.2533507299713058
1953,19.352999999999998,74.775,0.24140999999999999,0.22526120833945418
1954,19.355,75.454,0.33331,0.24882284381637654
1955,19.355,74.58,0.16472,0.22729067275298187
1956,19.355999999999998,75.321,0.31577,0.2431445587651423
1957,19.357,75.62100000000001,0.25144,0.2548311444113065
1958,19.358,76.334,0.42103,0.22703329227349223
1959,19.359,75.025,0.29822,0.23116127374186024
1960,19.363,75.64699999999999,0.1988,0.25613897508341743
1961,19.364,75.62899999999999,0.14701,0.2558013678287141
1962,19.365,75.226,0.28068000000000004,0.23989659547751263
1963,19.365,75.63,0.18878,0.2559359700151611
1964,19.369,75.53399999999999,0.22804000000000002,0.2534240311375754
1965,19.372,75.64399999999999,0.23055,0.2570478497475761
1966,19.374000000000002,75.67699999999999,0.20965999999999999,0.2579910654919081
1967,19.375,74.74600000000001,0.34417,0.22788169362816013
1968,19.375,74.777,0.050094,0.22798161084246527
1969,19.381,74.426,0.13355999999999998,0.2363041836067965
1970,19.384,73.914,0.072651,0.2831797751685676
1971,19.384,74.562,0.083512,0.23138964165917364
1972,19.384,74.459,0.087689,0.2351106689164455
1973,19.385,74.543,0.22971999999999998,0.23206855151338068
1974,19.386,74.556,0.10732,0.2318084602242585
1975,19.387999999999998,73.70100000000001,0.13949,0.3124822708387046
1976,19.387999999999998,74.637,0.42103,0.23027658878076018
1977,19.389,74.638,0.56139,0.2303860252174822
1978,19.389,76.497,0.13097,0.20643798946780945
1979,19.392,74.07300000000001,0.00025899,0.2655895137514631
1980,19.394000000000002,74.274,0.39671999999999996,0.2474979984947051
1981,19.394000000000002,75.434,0.28068000000000004,0.25236287981415173
1982,19.395,74.12899999999999,0.40934,0.26022938916959737
1983,19.395,74.683,0.1963,0.23059920963363922
1984,19.396,74.274,0.34384000000000003,0.24774379404234237
1985,19.397000000000002,75.434,0.22804000000000002,0.2527034383062863
1986,19.398,75.066,0.33331,0.23724213484449663
1987,19.402,74.652,0.31577,0.23180872634003602
1988,19.405,74.47399999999999,0.19471,0.23708264493648312
1989,19.405,75.717,0.26313000000000003,0.26209449115032335
1990,19.405,75.43,0.2105,0.25344925959946707
1991,19.405,73.532,0.14747000000000002,0.3387043098501227
1992,19.405,74.20100000000001,0.12528,0.2547718876049946
1993,19.406,75.688,0.38594,0.26173564273180794
1994,19.415,75.329,0.058615,0.2502576767821054
1995,19.416,75.306,0.33331,0.24935885606234742
1996,19.417,75.811,0.14144,0.26409206389382045
1997,19.422,74.667,0.18878,0.23412158520310888
1998,19.423,75.218,0.35086,0.24632192964935817
1999,19.423,75.233,0.2105,0.24697097065317308
2000,19.425,75.225,0.28068000000000004,0.2468606361877581
2001,19.43,75.822,0.31577,0.26553567198980965
2002,19.430999999999997,75.955,0.22804000000000002,0.2636512371205849
2003,19.430999999999997,75.47399999999999,0.35086,0.25819296504181466
2004,19.432000000000002,75.594,0.38594,0.26242180081853517
2005,19.432000000000002,76.493,0.29822,0.21249981059726442
2006,19.433,74.752,0.055942,0.23508866751094848
2007,19.435,75.419,0.28068000000000004,0.25644567888805836
2008,19.436,75.58800000000001,0.28068000000000004,0.26270164529894147
2009,19.436,74.23899999999999,0.40349,0.25532697954910133
2010,19.438,74.057,0.14282999999999998,0.27263485129261145
2011,19.449,75.73100000000001,0.38594,0.26723704728827624
2012,19.45,75.25,0.3684,0.250906572867291
2013,19.451,75.296,0.35086,0.25302960190154344
2014,19.451,76.373,0.22804000000000002,0.23306478544095444
2015,19.453,75.717,0.26313000000000003,0.26751065238931016
2016,19.453,74.074,0.22637,0.27254892309835166
2017,19.457,75.253,0.29822,0.25186840255236775
2018,19.459,76.557,0.35086,0.2045608197730382
2019,19.461,74.78399999999999,0.011203,0.23867584516103468
2020,19.462,76.027,0.40349,0.2646088055002729
2021,19.463,74.822,0.13358,0.23923268436913547
2022,19.464000000000002,74.518,0.19053,0.2427134381890209
2023,19.467,75.469,0.14032,0.26216849189943714
2024,19.467,75.567,0.07014400000000001,0.2656217071199406
2025,19.467,74.62100000000001,0.17540999999999998,0.24038606160036835
2026,19.468,75.321,0.28068000000000004,0.2561283170941664
2027,19.469,76.10600000000001,0.43858,0.26123058543717015
2028,19.469,75.303,0.38594,0.255465062054844
2029,19.471,75.33,0.31577,0.25687302544947
2030,19.473,74.617,0.2105,0.24120149962542248
2031,19.474,76.22800000000001,0.28068000000000004,0.25232718855104985
2032,19.474,74.781,0.007460600000000001,0.2402691518488087
2033,19.476,74.783,0.18878,0.24052720784518522
2034,19.476,75.203,0.33331,0.25200452638596194
2035,19.476,75.332,0.35086,0.2575508939557196
2036,19.483,75.3,0.40349,0.2569968192417694
2037,19.483,75.317,0.40349,0.2577322215537652
2038,19.484,74.236,0.21156999999999998,0.2612342708428368
2039,19.484,75.296,0.31577,0.25694260384496537
2040,19.484,73.634,0.066803,0.3309144739748371
2041,19.484,75.307,0.29822,0.2574185191759274
2042,19.486,75.31,0.3684,0.2577857912472571
2043,19.486,75.317,0.28068000000000004,0.2580882238329686
2044,19.486,75.529,0.11025,0.2665755075874654
2045,19.487000000000002,75.28399999999999,0.28068000000000004,0.2567807778108516
2046,19.488,74.25,0.44961999999999996,0.26060448086985677
2047,19.488,75.319,0.42103,0.2584119468229915
2048,19.489,75.329,0.29822,0.2589616219866031
2049,19.49,74.887,0.09019500000000001,0.2435069045866769
2050,19.491,75.168,0.1186,0.25236487970906785
2051,19.492,75.312,0.43858,0.25858498880324776
2052,19.493,74.721,0.1988,0.24255170623378142
2053,19.493,75.289,0.40349,0.25771131874199305
2054,19.494,75.32,0.35086,0.2591674476891229
2055,19.494,75.307,0.24559,0.25860704283423464
2056,19.495,75.237,0.6349100000000001,0.2557186391338092
2057,19.495,75.315,0.40349,0.2590708388644458
2058,19.495,75.336,0.42103,0.25997402793783797
2059,19.496,74.62100000000001,0.35086,0.24396121989949726
2060,19.496,75.335,0.26313000000000003,0.2600497261854081
2061,19.496,74.234,0.15862,0.26278129459862265
2062,19.496,74.706,0.16789,0.24298390176868223
2063,19.497,75.322,0.38594,0.2596098474077464
2064,19.497,74.73100000000001,0.10858,0.2430208529249298
2065,19.498,75.72399999999999,0.35086,0.2727734426020906
2066,19.5,75.842,0.16037,0.2734541106464585
2067,19.5,74.311,0.29095,0.2576039528540043
2068,19.5,75.668,0.40349,0.2720712148871496
2069,19.500999999999998,75.157,0.42103,0.2531285507176726
2070,19.500999999999998,75.345,0.35086,0.2610707369537557
2071,19.502,75.33800000000001,0.29822,0.2608900448010394
2072,19.502,74.893,0.31577,0.24509368944166499
2073,19.503,75.693,0.42103,0.27288595142075067
2074,19.503,75.33800000000001,0.26313000000000003,0.26100868844011427
2075,19.503,76.251,0.066819,0.2535944012854281
2076,19.504,74.30199999999999,0.18512,0.2586824040297937
2077,19.504,75.314,0.26313000000000003,0.26009773908661316
2078,19.504,75.752,0.29822,0.27377028232661105
2079,19.504,74.303,0.31735,0.258613964159759
2080,19.504,75.58800000000001,0.45611999999999997,0.27054638126989083
2081,19.505,74.298,0.7602300000000001,0.2590741976238743
2082,19.505,74.308,0.64326,0.2583908739665126
2083,19.506,74.306,0.37024,0.2586429068476649
2084,19.506,74.309,0.29095,0.2584401116700049
2085,19.506,74.307,0.34384000000000003,0.2585751516066609
2086,19.506,75.896,0.16288,0.27356047899462954
2087,19.507,74.311,0.47607,0.25842238650053284
2088,19.508,74.305,0.052867,0.25894376880803094
2089,19.508,75.042,0.66164,0.24975345299559115
2090,19.508,74.307,0.60834,0.2588082173988808
2091,19.509,75.32,0.33331,0.2609499577053659
2092,19.509,75.517,0.10189,0.2688422745929271
2093,19.511,74.308,0.31735,0.2590897700855659
2094,19.511,74.285,0.21156999999999998,0.2606806653281436
2095,19.511,74.956,0.09855,0.24759759990012442
2096,19.512,75.749,0.24559,0.2746680234195086
2097,19.512999999999998,75.142,0.43858,0.25398463900438006
2098,19.514,75.153,0.40349,0.25453835796440505
2099,19.515,75.161,0.38594,0.2549772474448726
2100,19.517,75.233,0.35086,0.2581850106328252
2101,19.517,75.2,0.35086,0.2568051043195142
2102,19.518,74.745,0.13447,0.24559171734949903
2103,19.518,75.373,0.29822,0.26427061548554565
2104,19.521,76.486,0.40349,0.22500461053548293
2105,19.523,75.35300000000001,0.35086,0.2640195835316008
2106,19.524,75.598,0.45611999999999997,0.27315860880686826
2107,19.526,75.156,0.47367,0.25610463699034036
2108,19.529,74.78,0.15703,0.24703245248567385
2109,19.529,75.17699999999999,0.0526,0.25730703206813277
2110,19.531,74.819,0.10022,0.2475725078603186
2111,19.534000000000002,74.78399999999999,0.20965999999999999,0.2476643130039754
2112,19.535,76.33800000000001,0.3684,0.24788893933163547
2113,19.538,76.222,0.19296,0.26055913591334356
2114,19.54,75.721,0.40349,0.277596043768762
2115,19.54,75.061,0.17792,0.2542765333739445
2116,19.541,75.722,0.40349,0.2777250453818313
2117,19.541,75.438,0.26313000000000003,0.26963897085661137
2118,19.548,75.65,0.2105,0.2772573081118511
2119,19.549,74.858,0.18878,0.2502516598789718
2120,19.55,75.3,0.29822,0.26497221309820684
2121,19.551,75.727,0.33331,0.2789470725515235
2122,19.553,75.804,0.3684,0.27968755448259763
2123,19.554000000000002,74.85,0.1988,0.2507442312644762
2124,19.555999999999997,75.66199999999999,0.17540999999999998,0.2784437446093837
2125,19.558,75.74,0.31577,0.27990574475917096
2126,19.559,75.539,0.42103,0.2754352040006166
2127,19.56,76.09100000000001,0.17540999999999998,0.2728364134157977
2128,19.565,75.642,0.2105,0.2790492864955252
2129,19.565,74.625,0.5263,0.25224641126615066
2130,19.567999999999998,76.191,0.26313000000000003,0.2668245696626277
2131,19.569000000000003,76.126,0.35086,0.2717406807811763
2132,19.577,74.858,0.15703,0.2536374237120802
2133,19.578,73.634,0.12946,0.3381006689302847
2134,19.578,74.682,0.081423,0.25309426069846097
2135,19.579,74.454,0.064296,0.25892580016646305
2136,19.581,75.64,0.38594,0.28085675433242663
2137,19.582,75.744,0.22804000000000002,0.28272019684220895
2138,19.585,76.127,0.40349,0.27356117865100293
2139,19.587,75.919,0.14032,0.2825378720032202
2140,19.587,76.094,0.35086,0.27583470960913425
2141,19.588,75.624,0.28068000000000004,0.2812813226197455
2142,19.589000000000002,75.744,0.3684,0.28352716103696673
2143,19.590999999999998,76.65899999999999,0.24559,0.20181272859268662
2144,19.594,75.594,0.19296,0.2811814786304253
2145,19.595,74.899,0.35086,0.2564980337448639
2146,19.595,74.983,0.09019500000000001,0.2584857838085928
2147,19.595,74.452,0.10525999999999999,0.26083475436332104
2148,19.595,74.983,0.050461,0.2584857838085928
2149,19.596,73.953,0.13113,0.30023979405171985
2150,19.599,74.378,0.058448,0.2648421594262399
2151,19.6,75.617,0.47367,0.2824901874361536
2152,19.6,75.643,0.33331,0.2831195714978386
2153,19.602999999999998,75.607,0.40349,0.28257503769342396
2154,19.602999999999998,75.58800000000001,0.31577,0.2820517545118628
2155,19.602999999999998,75.608,0.35086,0.28260159133783624
2156,19.605,75.362,0.13782,0.27407047770346726
2157,19.605999999999998,75.589,0.33331,0.28242611249002636
2158,19.605999999999998,74.857,0.16789,0.25708718043594314
2159,19.61,75.605,0.3684,0.28332775828314116
2160,19.61,75.741,0.29822,0.2859099510067048
2161,19.611,74.72800000000001,0.6491100000000001,0.25677892967246785
2162,19.613,75.267,0.29822,0.27102633966403333
2163,19.613,76.296,0.1303,0.26222387662073
2164,19.614,75.262,0.38594,0.2709342432226337
2165,19.614,75.275,0.3684,0.2714789664646917
2166,19.614,75.594,0.24559,0.2834874229211841
2167,19.615,75.82600000000001,0.22804000000000002,0.2868046085630981
2168,19.615,75.604,0.29822,0.28387570070678514
2169,19.618,75.264,0.42103,0.2714864971087655
2170,19.619,75.587,0.28068000000000004,0.28386473997095174
2171,19.619,75.688,0.15787,0.28620546247221257
2172,19.62,75.675,0.35086,0.28608385248145907
2173,19.621,75.626,0.28068000000000004,0.285129394310245
2174,19.622,75.58800000000001,0.28068000000000004,0.28423732762606735
2175,19.622,75.22399999999999,0.35086,0.27029344421107215
2176,19.625,74.72,0.22266,0.25842704434123376
2177,19.625999999999998,75.59899999999999,0.35086,0.2850015429437711
2178,19.627,75.59100000000001,0.2105,0.2848946616127279
2179,19.628,75.195,0.38594,0.26981329773175533
2180,19.628,75.368,0.47367,0.276994988963129
2181,19.629,75.587,0.33331,0.28501053768899054
2182,19.63,75.65,0.21384,0.2867151255320034
2183,19.631,75.622,0.28068000000000004,0.28617353805682544
2184,19.631,75.635,0.35086,0.2864885775459438
2185,19.632,75.612,0.38594,0.28603321456481556
2186,19.633,74.79,0.13614,0.25952726983591223
2187,19.633,75.638,0.38594,0.2867866465335498
2188,19.634,75.521,0.19296,0.28351992537662074
2189,19.637,74.792,0.20965999999999999,0.2600060903984409
2190,19.637,75.626,0.29822,0.28695603028437044
2191,19.637,75.78399999999999,0.6842,0.2892914480577743
2192,19.637,75.624,0.22804000000000002,0.28690686724938375
2193,19.637,75.314,0.3684,0.27579312538402345
2194,19.637999999999998,75.061,0.28068000000000004,0.2659696307706919
2195,19.637999999999998,75.03699999999999,0.12996,0.26518178125327274
2196,19.639,75.312,0.28068000000000004,0.275940896584176
2197,19.639,74.861,0.14701,0.2610266514808015
2198,19.639,75.652,0.0020719000000000002,0.28778287009416736
2199,19.642,75.593,0.31577,0.28666163202062567
2200,19.642,75.592,0.40349,0.2866338071366682
2201,19.644000000000002,75.607,0.14032,0.28726818406762256
2202,19.644000000000002,75.709,0.24559,0.28938502839788827
2203,19.645,75.03699999999999,0.06179,0.2659985490335026
2204,19.646,75.654,0.14951,0.2886196762095393
2205,19.646,74.66,0.31326,0.26121002214638
2206,19.648,75.238,0.28068000000000004,0.2738963114081011
2207,19.649,75.581,0.38594,0.2871166228508337
2208,19.649,75.608,0.42103,0.28786151816230354
2209,19.649,75.59100000000001,0.35086,0.2874006198598059
2210,19.65,75.655,0.044989,0.2890934200714024
2211,19.651,75.251,0.38594,0.2747807174498419
2212,19.651,75.699,0.29822,0.29002384816901794
2213,19.651,75.57300000000001,0.38594,0.2871095982118974
2214,19.651,75.693,0.22804000000000002,0.2899264691440051
2215,19.652,74.652,0.10858,0.2619742458975861
2216,19.652,75.596,0.3684,0.28787880761279416
2217,19.653,75.607,0.2105,0.28828782537102593
2218,19.653,75.66,0.40349,0.28953676302205644
2219,19.654,75.22399999999999,0.28068000000000004,0.2740130802470975
2220,19.654,75.577,0.29822,0.28756685334005083
2221,19.654,75.61,0.29822,0.28847945115780793
2222,19.655,73.94800000000001,0.2481,0.3058408661760086
2223,19.655,75.602,0.22804000000000002,0.2883808309242427
2224,19.655,75.623,0.35086,0.2889223878964392
2225,19.656,75.615,0.45611999999999997,0.2888342380550055
2226,19.657,75.586,0.33331,0.288164985684516
2227,19.657,75.634,0.35086,0.2894133146765785
2228,19.658,75.619,0.22804000000000002,0.2891610848455515
2229,19.66,75.689,0.3684,0.290872249956761
2230,19.66,75.275,0.28068000000000004,0.2768137105351496
2231,19.66,75.59899999999999,0.24559,0.2888640081727819
2232,19.660999999999998,75.61399999999999,0.31577,0.2893721470480485
2233,19.663,75.426,0.10355999999999999,0.2833406848296669
2234,19.667,74.252,0.55471,0.2797464705198337
2235,19.667,75.255,0.28068000000000004,0.27678368659082697
2236,19.667,75.27199999999999,0.38594,0.2774897344209929
2237,19.668,75.75,0.35086,0.29256526199653154
2238,19.669,75.664,0.24559,0.291415785236554
2239,19.669,75.692,0.35086,0.29193133721656406
2240,19.67,75.237,0.42103,0.2763828396991598
2241,19.672,75.256,0.28068000000000004,0.2773956735781795
2242,19.673,74.88600000000001,0.38594,0.26536561884472576
2243,19.674,75.137,0.40349,0.27286198989537
2244,19.675,75.655,0.31577,0.2919003609119357
2245,19.677,75.274,0.42103,0.2787113649652607
2246,19.678,75.711,0.21718,0.2932280544965601
2247,19.680999999999997,75.709,0.3684,0.2935324546907253
2248,19.684,74.30199999999999,0.23723000000000002,0.27813048023460496
2249,19.684,74.303,0.3166,0.27806890338768353
2250,19.685,74.169,0.37006999999999995,0.2876545699169749
2251,19.685,74.169,0.50207,0.2876545699169749
2252,19.685,74.169,0.1587,0.2876545699169749
2253,19.685,74.184,0.2907,0.28647146802616485
2254,19.685,74.185,0.52881,0.2863936451089134
2255,19.685,75.535,0.3684,0.2897500035971965
2256,19.685,74.168,0.13227,0.2877344883012569
2257,19.685,74.168,0.47534,0.2877344883012569
2258,19.685,74.184,0.44943999999999995,0.28647146802616485
2259,19.686,74.903,0.00080203,0.26716806458252573
2260,19.686,74.425,0.16756,0.2718542981819755
2261,19.686,75.27199999999999,0.26313000000000003,0.2796467798040313
2262,19.687,75.24,0.38594,0.2784365894194246
2263,19.689,73.852,0.18544000000000002,0.31893886389798054
2264,19.689,75.65100000000001,0.38594,0.2933695208983683
2265,19.69,75.328,0.24559,0.2824228814233971
2266,19.691,73.844,0.37006999999999995,0.31997545753585377
2267,19.694000000000003,75.218,0.3684,0.2783253349058866
2268,19.695999999999998,75.212,0.40349,0.2783065283162206
2269,19.695999999999998,75.215,0.40349,0.27842819581170053
2270,19.695999999999998,75.779,0.38594,0.29586076324319177
2271,19.699,74.906,0.15536,0.2686890919888647
2272,19.7,75.82,0.1044,0.29635433346248063
2273,19.701,76.40899999999999,0.28068000000000004,0.2588518713225303
2274,19.703,73.61399999999999,0.18878,0.3477681578109465
2275,19.706,75.99,0.29822,0.2941028574469302
2276,19.706,74.623,0.38594,0.26827160242194337
2277,19.706,75.207,0.29822,0.2792234169469957
2278,19.709,74.63,0.2105,0.2684961089841884
2279,19.71,75.211,0.38594,0.27983031613738063
2280,19.712,75.22,0.29822,0.28041735395697476
2281,19.713,75.671,0.47367,0.29640648904886613
2282,19.714000000000002,75.168,0.43858,0.2785618681859279
2283,19.715,76.626,0.072651,0.22450843664236086
2284,19.715,75.055,0.066819,0.27455148523680983
2285,19.717,74.018,0.26447,0.30364730286636343
2286,19.719,75.44800000000001,0.2105,0.2904280245281532
2287,19.721,74.722,0.16789,0.26916427854808134
2288,19.722,75.211,0.31577,0.2811576716760906
2289,19.727999999999998,74.73899999999999,0.10858,0.26992471975815346
2290,19.727999999999998,75.593,0.28068000000000004,0.2962032263375689
2291,19.729,74.607,0.50876,0.2709293599996391
2292,19.729,75.678,0.31577,0.29826383299768167
2293,19.73,74.622,0.50876,0.2708122880747257
2294,19.73,75.226,0.38594,0.28264368193321776
2295,19.734,75.40100000000001,0.49121000000000004,0.29023909768074296
2296,19.736,75.35,0.3684,0.288401446058271
2297,19.736,76.35,0.28068000000000004,0.2704301309368944
2298,19.739,75.298,0.22804000000000002,0.2865855766278479
2299,19.739,75.38,0.35086,0.2899414203929216
2300,19.742,75.321,0.35086,0.2878590033487861
2301,19.746,74.62100000000001,0.26313000000000003,0.27247248566707694
2302,19.746,74.639,0.5263,0.2722537623682576
2303,19.748,76.20100000000001,0.10522999999999999,0.2866947061995234
2304,19.75,74.169,0.44961,0.29327224260062956
2305,19.750999999999998,74.017,0.34384000000000003,0.30625916936954123
2306,19.750999999999998,74.069,0.37027,0.30155116710876695
2307,19.752,74.169,0.21134,0.2934352904196942
2308,19.752,75.286,0.2907,0.28748797174121044
2309,19.752,74.186,0.1587,0.29216322727801447
2310,19.752,74.186,0.21159,0.29216322727801447
2311,19.753,74.612,0.29822,0.27330735902533476
2312,19.753,74.186,0.3166,0.2922455580078306
2313,19.753,75.434,0.26313000000000003,0.29355840026368774
2314,19.753,75.642,0.35086,0.30008109839917296
2315,19.753,75.954,0.5263,0.30021699395122714
2316,19.754,74.638,0.43858,0.2730798708091955
2317,19.757,75.42399999999999,0.19128,0.29359825197220957
2318,19.758,76.294,0.29822,0.27914201616120426
2319,19.759,75.904,0.09604299999999999,0.3019018090031136
2320,19.759,74.641,0.26313000000000003,0.27355374362344587
2321,19.764,75.483,0.31577,0.2965288361019437
2322,19.766,76.479,0.40349,0.2561737784983116
2323,19.767,75.40100000000001,0.38594,0.29375423567689496
2324,19.767,74.184,0.34384000000000003,0.29352830802891083
2325,19.767,75.256,0.28068000000000004,0.28784530174310796
2326,19.768,75.4,0.35086,0.2938196184067239
2327,19.768,74.185,0.5289699999999999,0.2935352746741281
2328,19.768,75.477,0.42103,0.2967323202213422
2329,19.769000000000002,74.184,0.1587,0.29368803595306514
2330,19.771,74.876,0.09604299999999999,0.275873938449249
2331,19.771,75.259,0.35086,0.2883894310042725
2332,19.772000000000002,75.244,0.42103,0.2878795785750554
2333,19.773,75.609,0.14144,0.30137197905232016
2334,19.775,75.241,0.35086,0.28807132007060965
2335,19.775,75.258,0.29822,0.28876755031223766
2336,19.776,75.258,0.38594,0.2888720702123617
2337,19.777,75.247,0.29822,0.2885256383015312
2338,19.778,75.40100000000001,0.22804000000000002,0.29490091182118905
2339,19.778,75.26,0.33331,0.2891628744066773
2340,19.781,75.483,0.6491100000000001,0.2982934962527667
2341,19.781,75.245,0.42103,0.288860478994972
2342,19.782,74.859,0.13614,0.2767097796352037
2343,19.784000000000002,74.184,0.9523799999999999,0.2948663844045949
2344,19.784000000000002,74.184,0.56724,0.2948663844045949
2345,19.785,75.774,0.14032,0.30524909378924625
2346,19.787,75.617,0.38594,0.30300572839109585
2347,19.791,75.248,0.33331,0.2900167749203527
2348,19.792,75.166,0.3684,0.28683248496038594
2349,19.792,74.791,0.12612,0.2768343795912519
2350,19.797,74.859,0.16789,0.27822901965963176
2351,19.798,74.84899999999999,0.17792,0.27816580460645757
2352,19.801,75.288,0.28068000000000004,0.2926798598848269
2353,19.801,74.183,0.1846,0.2962304984765409
2354,19.802,74.183,0.31735,0.29630507778163084
2355,19.802,75.29,0.35086,0.2928634878537929
2356,19.803,75.29,0.3684,0.29296477369013185
2357,19.804000000000002,75.293,0.17540999999999998,0.2931892357983834
2358,19.805,75.294,0.29822,0.29333136222496237
2359,19.805,75.295,0.3684,0.29337245380118393
2360,19.807000000000002,75.294,0.31577,0.29353305586244083
2361,19.808,75.288,0.33331,0.293387204212583
2362,19.808,75.296,0.31577,0.2937158795851039
2363,19.808,76.437,0.24559,0.26695148520283307
2364,19.812,75.288,0.2105,0.29378870392746215
2365,19.813,75.295,0.28068000000000004,0.2941762481381335
2366,19.814,75.296,0.28068000000000004,0.29431722367439794
2367,19.814,75.288,0.24559,0.2939887086406445
2368,19.814,75.294,0.19296,0.29423510394629104
2369,19.815,75.295,0.24559,0.29437595655071347
2370,19.815,75.297,0.29822,0.2944580648119737
2371,19.815,75.3,0.50876,0.2945812054867888
2372,19.816,75.289,0.29822,0.29422927413016275
2373,19.816,75.292,0.47367,0.2943524544955127
2374,19.817,75.297,0.45611999999999997,0.29465725771677176
2375,19.817999999999998,75.312,0.35086,0.29537179782932466
2376,19.817999999999998,75.42,0.35086,0.2996908322168119
2377,19.822,75.27600000000001,0.49121000000000004,0.29429124487015557
2378,19.823,75.295,0.17540999999999998,0.29516974133789975
2379,19.823,75.607,0.29822,0.30633182689782934
2380,19.825,76.334,0.31577,0.28181301346235377
2381,19.826,75.29,0.31577,0.2952601785466754
2382,19.826,75.309,0.26313000000000003,0.29603920632004677
2383,19.828,75.63600000000001,0.35086,0.30751440343922654
2384,19.828,75.305,0.43858,0.29607165455436313
2385,19.829,75.305,0.24559,0.29616962213246034
2386,19.829,75.143,0.079334,0.28966465268038155
2387,19.83,75.305,0.26313000000000003,0.2962674591701264
2388,19.831,75.421,0.40349,0.3010028296314331
2389,19.838,75.782,0.40349,0.31047738049644447
2390,19.84,75.062,0.12946,0.2877999556302401
2391,19.845,75.066,0.20631999999999998,0.2884174473916473
2392,19.858,75.252,0.28068000000000004,0.29678502498738724
2393,19.858,75.27600000000001,0.29822,0.2977658476127161
2394,19.859,75.255,0.35086,0.2970014571166991
2395,19.859,75.251,0.38594,0.2968382916140009
2396,19.861,75.253,0.24559,0.2971075171079385
2397,19.862000000000002,75.256,0.3684,0.2973235278999786
2398,19.863,75.25399999999999,0.31577,0.297335396765121
2399,19.863,75.256,0.35086,0.29741699632596086
2400,19.863,75.256,0.3684,0.29741699632596086
2401,19.864,75.255,0.29822,0.2974695204238307
2402,19.864,75.257,0.38594,0.29755113160357616
2403,19.865,75.255,0.15787,0.29756270537565077
2404,19.867,75.29899999999999,0.26313000000000003,0.2995472478826754
2405,19.868,73.986,0.9257299999999999,0.3161251277849455
2406,19.868,73.99600000000001,0.68771,0.31525830438062874
2407,19.871,75.587,0.3684,0.3103150203847149
2408,19.875,76.419,0.24559,0.27618276478405124
2409,19.886,75.718,0.33331,0.31431701056794314
2410,19.891,75.803,0.56139,0.3153305450962136
2411,19.9,75.934,0.19296,0.31476924395701533
2412,19.906,76.62100000000001,0.29822,0.24669459102105318
2413,19.907,74.766,0.25144,0.2871491962913266
2414,19.908,75.885,0.29822,0.3162885207540628
2415,19.912,74.63,0.14144,0.2874299997410814
2416,19.913,75.367,0.31577,0.30639479367291955
2417,19.917,75.953,0.29822,0.3157462342188919
2418,19.924,75.313,0.31744,0.30515584536160245
2419,19.925,74.936,0.2095,0.2916428754654984
2420,19.926,74.574,0.12047999999999999,0.2890866609877929
2421,19.926,75.553,0.14144,0.31410404850244833
2422,19.938,76.01100000000001,0.24559,0.3156466371466389
2423,19.951,74.017,0.23799,0.31713400403582537
2424,19.951,74.018,0.13222,0.3170563645399177
2425,19.952,75.821,0.28068000000000004,0.3202905579182197
2426,19.953,75.706,0.35086,0.31967169065688694
2427,19.957,75.327,0.47367,0.30839885209212514
2428,19.958,75.399,0.26313000000000003,0.31132035822747994
2429,19.965,74.632,0.43858,0.29132991301260847
2430,19.975,76.158,0.47367,0.3107922246904118
2431,19.976,75.156,0.11787,0.3029946262449842
2432,19.989,74.789,0.17792,0.2936425212959025
2433,19.992,75.392,0.14144,0.31359184313138344
2434,19.994,75.405,0.33331,0.31423228450504037
2435,19.998,74.862,0.20965999999999999,0.2954855829199502
2436,20.006,74.859,0.18878,0.29597099777913805
2437,20.008,75.068,0.33331,0.30204282045052266
2438,20.017,75.829,0.31577,0.32482458156526073
2439,20.017,75.961,0.47367,0.3228527205683138
2440,20.02,75.654,0.29822,0.3235290280558546
2441,20.03,74.638,0.59648,0.2954373196510848
2442,20.032,74.791,0.12612,0.29647984121789084
2443,20.044,75.85300000000001,0.2105,0.32633018355049837
2444,20.05,75.60300000000001,0.33331,0.32425069667291706
2445,20.059,74.518,0.094289,0.2980434214667188
2446,20.059,74.601,0.42103,0.2971645380148433
2447,20.067999999999998,74.506,0.0033084000000000004,0.29865446009354846
2448,20.081,75.23899999999999,0.47367,0.3131574399746746
2449,20.09,74.645,0.1362,0.2985526637547732
2450,20.090999999999998,75.472,0.33331,0.3226203728462401
2451,20.090999999999998,75.587,0.3684,0.32608224727056867
2452,20.094,75.693,0.3684,0.3283727121263669
2453,20.111,75.434,0.43858,0.3222764143184025
2454,20.128,76.654,0.54384,0.2569589612291854
2455,20.13,74.855,0.12528,0.30277709592868485
2456,20.152,75.253,0.2105,0.3170900479717341
2457,20.167,75.686,0.15703,0.3312041052954652
2458,20.177,75.569,0.40349,0.32910698030141505
2459,20.202,74.084,0.37006999999999995,0.3167122482203417
2460,20.217,73.89,0.21159,0.32779964875916967
2461,20.223,74.094,0.31744,0.3160408426574305
2462,20.223,74.111,0.71428,0.31520316839627216
2463,20.223,74.066,0.31744,0.31746963770859815
2464,20.229,74.047,0.2907,0.31839207718082174
2465,20.235,74.079,0.6349100000000001,0.3166597244041821
2466,20.236,74.077,0.10607,0.31674730391427663
2467,20.24,75.824,0.60817,0.33351679987416216
2468,20.244,74.074,0.10607,0.31678568399135787
2469,20.246,74.07300000000001,0.44943999999999995,0.31680534102506075
2470,20.247,73.969,0.1587,0.3223375060474857
2471,20.249000000000002,75.982,0.00051798,0.33081227723511397
2472,20.25,74.062,0.2907,0.3172919009859805
2473,20.250999999999998,74.07,0.21134,0.3168749449862226
2474,20.254,73.995,0.52881,0.32072963847600877
2475,20.254,73.953,0.34417,0.32307152869816036
2476,20.256,74.45100000000001,0.11442000000000001,0.30429557455163325
2477,20.257,74.064,0.10607,0.3170690289450381
2478,20.26,74.07,0.5029100000000001,0.3167182073462256
2479,20.265,74.059,0.39681,0.317163961860907
2480,20.276,74.64,0.42103,0.30359097601817053
2481,20.282,75.771,0.29822,0.3338686874406397
2482,20.294,75.439,0.35086,0.32723457930293054
2483,20.308,75.288,0.40349,0.3218245775727562
2484,20.309,75.539,0.33331,0.3302676547595821
2485,20.309,75.237,0.29822,0.31987496120201797
2486,20.317,74.072,0.31744,0.3152713772461636
2487,20.326,75.351,0.33331,0.3241735542124021
2488,20.326,75.422,0.45611999999999997,0.32666554756790556
2489,20.326,76.32600000000001,0.3684,0.30783493032246934
2490,20.35,74.03,0.8195399999999999,0.3160428846793921
2491,20.352999999999998,74.085,0.6349100000000001,0.3135533029352888
2492,20.354,74.054,0.079334,0.3148298030175172
2493,20.357,73.832,0.39671999999999996,0.32556198263681535
2494,20.357,73.832,0.31735,0.32556198263681535
2495,20.361,74.075,0.6349100000000001,0.31367713247774565
2496,20.364,74.085,0.31744,0.31315465897033656
2497,20.368,74.038,0.42353999999999997,0.3149710697191843
2498,20.368,74.251,0.44961999999999996,0.3073156332496626
2499,20.369,74.251,0.50252,0.30728764984060475
2500,20.371,76.28399999999999,0.22804000000000002,0.31109117112741647
2501,20.372,74.04,0.052867,0.3147183667342295
2502,20.373,75.27,0.49121000000000004,0.320799552744774
2503,20.374000000000002,73.832,0.026417000000000003,0.32459573008784415
2504,20.374000000000002,74.07,0.18544000000000002,0.3133785475412283
2505,20.375999999999998,73.807,0.34384000000000003,0.32577689370733887
2506,20.378,74.257,0.31735,0.3068653051527761
2507,20.378,74.257,0.21159,0.3068653051527761
2508,20.379,74.256,0.21159,0.30686229625999684
2509,20.384,74.067,0.39681,0.31308785103396397
2510,20.386,74.26,0.15867,0.30654408436404346
2511,20.386,73.846,0.26447,0.3231742654925046
2512,20.386,74.263,0.87284,0.30646650398324626
2513,20.387,74.04899999999999,0.47608999999999996,0.31369400831867666
2514,20.389,74.07,0.13197,0.31275393350694225
2515,20.391,73.719,0.29236999999999996,0.329382097118626
2516,20.391,73.72399999999999,0.17540999999999998,0.3291226108237113
2517,20.392,73.709,0.64326,0.3298293342331108
2518,20.393,74.256,0.50252,0.30642528784821177
2519,20.4,74.275,0.13222,0.3057210270211811
2520,20.401,74.10300000000001,0.6349100000000001,0.3109683589671093
2521,20.402,74.039,0.6349100000000001,0.31341709692121944
2522,20.410999999999998,74.712,0.17792,0.3034168697560665
2523,20.419,73.929,0.58228,0.31726125757254053
2524,20.421,74.075,0.8462799999999999,0.3110915203639396
2525,20.421,74.04,0.8195399999999999,0.3124393993717668
2526,20.424,76.212,0.35086,0.315437034204172
2527,20.428,74.414,0.50249,0.30238555473709927
2528,20.433,74.067,0.18544000000000002,0.31078850421882576
2529,20.436,73.854,0.026417000000000003,0.31962163347810413
2530,20.444000000000003,73.854,0.079318,0.3190776058791225
2531,20.45,74.01,0.47617,0.3120330291007223
2532,20.45,74.059,0.1587,0.31017657746640603
2533,20.451,74.007,0.2648,0.3120921096566287
2534,20.452,74.579,0.1851,0.30107670984671975
2535,20.452,76.023,0.38594,0.32524612099885586
2536,20.456,76.336,0.22804000000000002,0.30267563183422375
2537,20.469,73.99,0.31744,0.31165884535332533
2538,20.471,75.186,0.11692999999999999,0.3152417791264358
2539,20.472,74.76,0.60832,0.3025256840687707
2540,20.475,75.639,0.35086,0.32821622985218823
2541,20.477,74.61399999999999,0.50249,0.3004093108110909
2542,20.477,74.759,0.37024,0.3023321169642733
2543,20.483,75.488,0.29822,0.3247070062937175
2544,20.483,73.85,0.47608999999999996,0.31644120464181613
2545,20.489,74.611,0.29095,0.29992162440816683
2546,20.491,74.783,0.71411,0.3022813877903642
2547,20.496,74.931,0.13222,0.3057685106017859
2548,20.498,75.626,0.22804000000000002,0.3268415759260561
2549,20.500999999999998,75.69,0.45611999999999997,0.3274047002777354
2550,20.505,73.839,0.64326,0.3151928850829847
2551,20.508000000000003,74.762,0.47608999999999996,0.30117681284393494
2552,20.511,74.76100000000001,0.47608999999999996,0.30102888132911754
2553,20.519000000000002,74.439,0.31737,0.2984005849296184
2554,20.526999999999997,74.345,0.21156999999999998,0.2988450216907109
2555,20.533,74.744,0.76699,0.2997059935977542
2556,20.535999999999998,75.27199999999999,0.38594,0.31527002763965095
2557,20.54,74.433,0.1851,0.29732517873866526
2558,20.545,74.44,0.42317,0.29701201642769215
2559,20.545,74.44,0.5554600000000001,0.29701201642769215
2560,20.545,74.499,0.21159,0.2968657290885034
2561,20.546,74.433,0.44961999999999996,0.2969913234862097
2562,20.551,74.529,0.31735,0.2965700059813623
2563,20.561,74.406,0.92564,0.29628475295447
2564,20.570999999999998,74.44,0.71411,0.29549104550169736
2565,20.573,74.406,0.23799,0.29554958642486484
2566,20.573,74.546,0.66123,0.2953673749786794
2567,20.573,74.406,0.95221,0.29554958642486484
2568,20.581999999999997,74.486,0.1231,0.29471064552927295
2569,20.585,74.579,0.68771,0.29482042629870964
2570,20.590999999999998,73.93,0.5554600000000001,0.3046011713990395
2571,20.590999999999998,73.99600000000001,0.079318,0.3024794205772543
2572,20.590999999999998,73.994,0.052867,0.3025414024192826
2573,20.590999999999998,73.997,0.1851,0.30244848862926166
2574,20.592,73.998,0.8462799999999999,0.30233397728480915
2575,20.592,73.999,0.74059,0.3023031819103915
2576,20.593000000000004,73.999,0.79348,0.30221945606777256
2577,20.593000000000004,73.999,0.23799,0.30221945606777256
2578,20.594,73.999,0.58186,0.30213556596574487
2579,20.594,75.587,0.50249,0.3197644806559804
