,lat,long,actual,predicted
0,17.953,74.85600000000001,0.24559,0.2828674860015191
1,17.955,74.861,0.42103,0.2832093420248688
2,17.956,74.84899999999999,0.42103,0.28063206708077026
3,17.956,74.84899999999999,0.49121000000000004,0.28063206708077026
4,17.959,74.878,0.19296,0.2852135504209524
5,17.96,74.868,0.31577,0.28301559121366326
6,17.961,74.867,0.29822,0.28252336438406755
7,17.961,74.914,0.07014400000000001,0.29142642420420706
8,17.962,74.88,0.2105,0.2846742045760874
9,17.964000000000002,74.873,0.12278,0.2827453389774667
10,17.964000000000002,74.87,0.3684,0.2821806680072012
11,17.965,74.858,0.12278,0.27962582685901427
12,17.969,74.882,0.10522999999999999,0.2829212745648664
13,17.969,74.881,0.26313000000000003,0.2827338524315953
14,17.969,74.92,0.43858,0.2900619349661331
15,17.97,74.891,0.21927,0.28430474691707075
16,17.971,74.90100000000001,0.2105,0.28587431119553874
17,17.972,74.866,0.0015456,0.27903070969892496
18,17.972,74.874,0.17540999999999998,0.28052159748382255
19,17.972,74.887,0.26313000000000003,0.28294889848120097
20,17.973,74.862,0.63157,0.27798936317519396
21,17.973,74.906,0.22804000000000002,0.28619836331500714
22,17.973,74.881,0.28068000000000004,0.2815268598124163
23,17.974,74.87899999999999,0.17540999999999998,0.28085371219351263
24,17.974,74.89399999999999,0.2105,0.2836504731295313
25,17.974,74.89699999999999,0.33331,0.284210577381274
26,17.976,74.873,0.42103,0.27914062491195224
27,17.979,74.899,0.45611999999999997,0.2830675979506918
28,17.979,74.866,0.17540999999999998,0.2769560545730615
29,17.979,74.87899999999999,0.22804000000000002,0.2793594160424653
30,17.979,74.904,0.22804000000000002,0.2839963260870345
31,17.98,74.87,0.61402,0.27739938066895353
32,17.98,74.87100000000001,0.5263,0.2775839595447147
33,17.980999999999998,74.904,0.5789300000000001,0.2833906514675585
34,17.982,74.878,0.17540999999999998,0.2782837489804978
35,17.982,74.852,0.35086,0.27350223215630176
36,17.984,74.888,0.35086,0.2795334457651515
37,17.986,74.908,0.63157,0.282621560730547
38,17.986,74.89399999999999,0.29822,0.28004283506651284
39,17.987000000000002,74.872,0.15787,0.2757092669286143
40,17.987000000000002,74.89,0.3684,0.2790101583331651
41,17.989,74.874,0.3684,0.2754901984265018
42,17.989,74.892,0.24559,0.27878431337637166
43,17.99,74.898,0.31577,0.27958731878072474
44,17.99,74.865,0.12278,0.27355754447685277
45,17.992,74.87,0.73683,0.27388781332976897
46,17.994,74.903,0.087689,0.27931486468080624
47,17.995,74.884,0.19296,0.2755604507895254
48,17.995,74.934,0.3684,0.28467967002586514
49,17.995,74.882,0.29822,0.2751970805959244
50,17.997,74.877,0.38594,0.27370976603530683
51,17.997,74.889,0.38594,0.2758846608057506
52,17.997,74.893,0.47367,0.27661068711088455
53,17.999000000000002,74.868,0.2105,0.27150833989693623
54,18.000999999999998,74.865,0.26313000000000003,0.270397217543747
55,18.002,74.88600000000001,0.50876,0.2738895736964275
56,18.003,74.882,0.22804000000000002,0.2728808993653421
57,18.005,74.869,0.17540999999999998,0.2699767167828361
58,18.008,74.887,0.26313000000000003,0.27234215435065734
59,18.009,74.861,0.22804000000000002,0.267421312806029
60,18.014,74.87,0.24559,0.2676158328587992
61,18.014,74.86,0.38594,0.2658481287683817
62,18.014,74.857,0.35086,0.26531871613579894
63,18.016,74.866,0.28068000000000004,0.26635045382809286
64,18.018,74.96300000000001,0.35086,0.28300713587615245
65,18.019000000000002,75.173,0.42103,0.3194633235868647
66,18.026,74.861,0.49121000000000004,0.26271800211731355
67,18.026,74.854,0.19296,0.26150165834052974
68,18.028,74.859,0.12278,0.2618261970701701
69,18.028,74.972,0.49121000000000004,0.2816343107647227
70,18.028,74.84899999999999,0.26313000000000003,0.26009476916941365
71,18.029,74.971,0.31577,0.2811630217761727
72,18.031,74.869,0.43858,0.2627432853213122
73,18.034000000000002,74.797,0.33331,0.24964936221674247
74,18.034000000000002,74.968,0.29822,0.27916960574692984
75,18.035,74.867,0.29822,0.261312508418586
76,18.035,74.971,0.35086,0.27940246234446986
77,18.035999999999998,74.85300000000001,0.5789300000000001,0.25863889199821455
78,18.035999999999998,74.852,0.35086,0.2584675913994563
79,18.035999999999998,74.969,0.33331,0.2787613464713564
80,18.038,75.068,0.31577,0.29537360465639695
81,18.038,75.069,0.22804000000000002,0.2955459456030779
82,18.038,74.85300000000001,0.14032,0.25810635846082663
83,18.039,74.87,0.35086,0.26074953359724584
84,18.048,74.46300000000001,0.21384,0.19758590103088744
85,18.048,74.461,0.14533,0.197346910341869
86,18.051,74.808,0.49121000000000004,0.24718864516757186
87,18.052,74.464,0.09019500000000001,0.1970405579422084
88,18.057000000000002,74.449,0.08518200000000001,0.19447590047398597
89,18.057000000000002,74.458,0.06687799999999999,0.19551593812645648
90,18.059,74.445,0.045332,0.19370196718788832
91,18.06,74.453,0.20131,0.1944556841319662
92,18.06,74.896,0.5263,0.2595539538147752
93,18.06,74.89699999999999,0.29822,0.2597221181557616
94,18.061,74.446,0.091866,0.19349988784490132
95,18.061,75.57600000000001,0.16706,0.35866020136492194
96,18.062,74.888,0.45611999999999997,0.25768378729100305
97,18.063,74.449,0.05184,0.19352438395829794
98,18.063,75.008,0.17540999999999998,0.27766756859281205
99,18.064,74.447,0.091866,0.19314171007550304
100,18.065,74.888,0.40349,0.256897708232634
101,18.065,74.90100000000001,0.43858,0.2590691192087273
102,18.066,74.45100000000001,0.20631999999999998,0.19327882892184542
103,18.066,74.458,0.14365999999999998,0.1940726992519076
104,18.066,74.444,0.13364,0.19249421159106014
105,18.066,74.459,0.067195,0.19418686006733796
106,18.066,74.464,0.012047,0.19476046447353065
107,18.067,74.46,0.013241999999999999,0.19414222021933045
108,18.069000000000003,74.45,0.14951,0.19269810034116128
109,18.069000000000003,74.891,0.5263,0.2563538192403576
110,18.07,74.449,0.20549,0.19243139619943303
111,18.07,74.454,0.1562,0.19299044776869742
112,18.07,74.45100000000001,0.14951,0.1926544497593786
113,18.070999999999998,74.461,0.06689400000000001,0.19362329310858103
114,18.070999999999998,74.46300000000001,0.15202000000000002,0.19385034247635333
115,18.070999999999998,75.538,0.16706,0.35150545533581634
116,18.073,74.455,0.19713,0.19263539349503864
117,18.074,74.183,0.26313000000000003,0.16977789534954899
118,18.078,74.461,0.091031,0.19252973321399156
119,18.079,74.452,0.015113,0.19138108305781484
120,18.083,74.46,0.11609000000000001,0.19164977453261064
121,18.087,74.918,0.47367,0.2561396903270736
122,18.090999999999998,74.888,0.17540999999999998,0.25025355039110886
123,18.112000000000002,75.87,0.5789300000000001,0.35251408512713933
124,18.113,75.069,0.16873,0.2736478827126655
125,18.115,75.069,0.16288,0.273100068932412
126,18.117,75.074,0.1562,0.27334441569432055
127,18.12,75.172,0.35086,0.2877408648383527
128,18.123,75.567,0.56139,0.33620132364709787
129,18.124000000000002,73.707,0.084347,0.1726260077583089
130,18.141,74.025,0.11275,0.16207823802068363
131,18.146,74.039,0.1069,0.16196987025284934
132,18.147000000000002,74.825,0.055942,0.22764865374531248
133,18.15,73.875,0.27566999999999997,0.16484848295200014
134,18.15,74.423,0.15716,0.178933737863997
135,18.156,75.04899999999999,0.56139,0.2592517238379676
136,18.157,74.455,0.14144,0.18091535101930076
137,18.157,74.637,0.1204,0.20039948781729164
138,18.157,73.867,0.27566999999999997,0.1652826529719533
139,18.158,73.767,0.16915,0.17039827509737634
140,18.158,73.775,0.20674,0.16991341858591633
141,18.158,73.867,0.15035,0.16530278739325963
142,18.158,73.994,0.27149,0.16198950447834856
143,18.158,74.001,0.22554000000000002,0.16191323193524929
144,18.158,74.01100000000001,0.1587,0.16182381730210868
145,18.158,74.014,0.23389000000000001,0.1618014831138381
146,18.158,74.015,0.27149,0.1617944993261423
147,18.158,74.017,0.17959,0.1617812234203939
148,18.159000000000002,74.419,0.19646,0.17754579994757255
149,18.16,74.434,0.13614,0.1786978029762912
150,18.162,74.421,0.11,0.17736927554488044
151,18.162,75.191,0.31577,0.2788187108065542
152,18.164,75.045,0.35086,0.2566589270752888
153,18.167,73.986,0.1587,0.16202707582337758
154,18.167,74.939,0.20432,0.24007180960343197
155,18.168,74.78699999999999,0.13355999999999998,0.2179868927560927
156,18.169,74.418,0.09690399999999999,0.17633844724310163
157,18.171,75.187,0.26313000000000003,0.2758273156712798
158,18.171,75.163,0.49121000000000004,0.2723657319126631
159,18.173,75.186,0.24559,0.2751532341805264
160,18.174,74.398,0.08380399999999999,0.17424345600815624
161,18.175,73.984,0.17332,0.16202427499581692
162,18.175,73.992,0.1587,0.16188693132835183
163,18.175,74.025,0.22763000000000003,0.16147536106084656
164,18.176,74.899,0.43858,0.23222609604529718
165,18.176,75.172,0.19296,0.27235583613495284
166,18.176,74.372,0.14376,0.17216130308773234
167,18.177,74.42699999999999,0.14926,0.17618072968792417
168,18.177,75.172,0.26313000000000003,0.27209476642453456
169,18.177,74.405,0.10472999999999999,0.17445987730684906
170,18.177,74.417,0.15978,0.17538639907094852
171,18.179000000000002,74.419,0.11787,0.1753283880457895
172,18.179000000000002,74.031,0.21718,0.16137139530675113
173,18.18,74.032,0.21718,0.16134968306609662
174,18.180999999999997,74.5,0.12111,0.18206707503974515
175,18.180999999999997,74.422,0.13832,0.17534909062728551
176,18.180999999999997,74.449,0.13868,0.17754078423250405
177,18.180999999999997,75.191,0.35086,0.27375889491482475
178,18.182000000000002,74.939,0.11235,0.23673640016918815
179,18.183,74.419,0.09690399999999999,0.17490215685604246
180,18.183,74.03,0.25478,0.16132903211037428
181,18.183,74.483,0.19045,0.18026075412852569
182,18.183,74.03,0.12737,0.16132903211037428
183,18.183,74.468,0.18377000000000002,0.1789333627800773
184,18.183,75.157,0.35086,0.26839187546925747
185,18.183,73.758,0.081423,0.17215939315595294
186,18.183,74.033,0.14993,0.16130173214761132
187,18.184,74.376,0.09428099999999999,0.17166752548582484
188,18.184,74.903,0.21216999999999997,0.23110151334808113
189,18.184,74.02600000000001,0.13573,0.16135759765606703
190,18.184,75.188,0.49121000000000004,0.27255195474132554
191,18.185,74.48100000000001,0.15035,0.17984107727819884
192,18.185,74.398,0.14140999999999998,0.1731205687925431
193,18.185,74.486,0.18377000000000002,0.18028879680476548
194,18.185,74.47399999999999,0.10022,0.17922223437151583
195,18.185,75.191,0.43858,0.2727157820695487
196,18.186,74.483,0.16288,0.17989957677420573
197,18.186,74.492,0.1729,0.18071015106284002
198,18.186,74.414,0.13614,0.17420533249824285
199,18.186,74.768,0.19053,0.2120166878404058
200,18.186,74.78699999999999,0.11262,0.21454747028325058
201,18.187,74.969,0.28068000000000004,0.24000162275705836
202,18.188,74.422,0.1493,0.17460697857398808
203,18.188,75.165,0.15787,0.268259834269035
204,18.188,74.407,0.17139000000000001,0.17347745352120544
205,18.188,74.97399999999999,0.31577,0.24050709655770205
206,18.189,74.384,0.10214,0.17173939942679559
207,18.189,73.626,0.10649000000000002,0.1833934528542722
208,18.189,74.483,0.11787,0.17954173745137222
209,18.189,74.469,0.14784,0.1783211687396242
210,18.189,74.472,0.1587,0.17857956635851555
211,18.19,74.372,0.15425,0.1708365275703236
212,18.19,74.39699999999999,0.14376,0.1725529636590348
213,18.19,74.441,0.1362,0.1758849549819824
214,18.19,74.46,0.1587,0.17744321783150327
215,18.19,74.383,0.11787,0.17157572613897362
216,18.191,74.419,0.16764,0.17406687902328852
217,18.191,74.472,0.1587,0.17834799084600603
218,18.191,74.48,0.18377000000000002,0.1790417349301636
219,18.191,74.405,0.11262,0.17302969919769537
220,18.192,74.367,0.13882,0.17032761271563432
221,18.192,74.44800000000001,0.13868,0.17623119919011984
222,18.192,74.209,0.12044,0.16285277593885536
223,18.192,74.372,0.09690399999999999,0.1706528398723349
224,18.192,74.393,0.1493,0.1720759512488008
225,18.192,74.455,0.16472,0.1768034044537997
226,18.192,74.987,0.42103,0.24150479264986155
227,18.192999999999998,74.431,0.094205,0.17477655719046845
228,18.192999999999998,74.471,0.2506,0.17803249646855976
229,18.192999999999998,75.63600000000001,0.35086,0.31907478639374964
230,18.192999999999998,74.44800000000001,0.12047999999999999,0.17612193984310529
231,18.194000000000003,74.48,0.19045,0.17869154390222705
232,18.194000000000003,74.945,0.6491100000000001,0.23500151839139224
233,18.194000000000003,74.392,0.13355999999999998,0.17181432288445006
234,18.194000000000003,73.734,0.11609000000000001,0.17449426879979998
235,18.194000000000003,74.908,0.45611999999999997,0.2297197015487544
236,18.195,74.484,0.13782,0.1789232742668618
237,18.195,75.184,0.5263,0.2691628354005261
238,18.195999999999998,74.832,0.12834,0.21873711351936917
239,18.195999999999998,74.932,0.2105,0.23271501790636293
240,18.198,74.92399999999999,0.2105,0.23115635411150912
241,18.198,75.188,0.26313000000000003,0.2689609652813054
242,18.198,74.384,0.15479,0.1708950044969013
243,18.198,74.917,0.5263,0.23016417297872135
244,18.199,75.164,0.43858,0.2653483014719086
245,18.2,73.625,0.11902,0.18437707114263377
246,18.2,73.937,0.11275,0.16339847543972016
247,18.2,73.959,0.25478,0.162692622996459
248,18.201,74.487,0.09690399999999999,0.1784881386317185
249,18.201,74.926,0.24559,0.23081411734086474
250,18.202,74.406,0.086352,0.17202487522979146
251,18.202,74.491,0.16539,0.17871966612914367
252,18.203,73.936,0.15035,0.16347694446211367
253,18.203,74.499,0.1587,0.1793043806724914
254,18.203,74.967,0.29822,0.23621782576849423
255,18.203,75.197,0.14032,0.26894606428823764
256,18.204,73.991,0.12111,0.16186873719702585
257,18.204,74.487,0.12361,0.17814417367181076
258,18.204,74.689,0.15945,0.19900167227169693
259,18.204,74.929,0.5263,0.23061484824880116
260,18.204,74.484,0.16238,0.17788762593519833
261,18.205,75.189,0.2105,0.2673390029146512
262,18.205,74.376,0.13264,0.1697443410057746
263,18.206,74.926,0.2105,0.22977945541945485
264,18.206,75.19,0.24559,0.2672273972196948
265,18.206,73.939,0.12737,0.16341551788895023
266,18.206,73.938,0.22554000000000002,0.16345110306500918
267,18.206,73.939,0.24015999999999998,0.16341551788895023
268,18.206,73.933,0.1587,0.16363237038633113
269,18.207,75.186,0.14032,0.2664258474622657
270,18.207,76.206,0.094372,0.29632481355108775
271,18.208,74.928,0.15787,0.22964908999400666
272,18.208,74.929,0.45611999999999997,0.2297893503774697
273,18.208,73.767,0.062625,0.17282536788651834
274,18.208,73.92399999999999,0.1775,0.16400999140959358
275,18.209,74.92699999999999,0.40349,0.2293039876538023
276,18.209,74.497,0.18377000000000002,0.17843425861741166
277,18.209,74.77600000000001,0.17174,0.20893578937078092
278,18.21,74.419,0.13614,0.17217456253402205
279,18.21,74.388,0.14140999999999998,0.1700701293571318
280,18.21,74.92699999999999,0.35086,0.22909954409266373
281,18.211,74.931,0.17540999999999998,0.22945446224033658
282,18.212,74.428,0.20432,0.17262640372563262
283,18.212,74.37,0.14926,0.16877081432989957
284,18.214000000000002,74.402,0.15945,0.17062975115552878
285,18.215,74.418,0.15711,0.17162808951197558
286,18.215,74.471,0.12044,0.17560328949997714
287,18.215999999999998,74.673,0.10522999999999999,0.19527851853035746
288,18.215999999999998,74.925,0.3684,0.22760490940848607
289,18.215999999999998,74.88,0.14144,0.22142358555590755
290,18.217,73.975,0.12111,0.16237316779540842
291,18.217,75.207,0.2105,0.26682078574444035
292,18.217,74.933,0.40349,0.22851293578449136
293,18.218,74.7,0.10732,0.1980972864457495
294,18.218,74.907,0.35086,0.22472349125012167
295,18.218,75.209,0.63157,0.26684439559278617
296,18.218,74.438,0.18336,0.1727676414127237
297,18.219,74.911,0.21216999999999997,0.22507559564798094
298,18.219,74.861,0.16764,0.21828731864255077
299,18.22,75.65100000000001,0.10858,0.31198702340626616
300,18.22,75.185,0.40349,0.26309884193716915
301,18.222,74.939,0.17288,0.22833569755405156
302,18.222,74.318,0.033552,0.16521386560393633
303,18.223,73.92,0.25478,0.16449266619958888
304,18.223,73.934,0.20674,0.16390504170158357
305,18.223,74.40100000000001,0.15035,0.1697616317505299
306,18.224,74.335,0.19905,0.1658987144381577
307,18.224,74.423,0.17540999999999998,0.17113510953925345
308,18.224,74.227,0.10022,0.16176609769029446
309,18.224,75.531,0.08017,0.30216249018219243
310,18.224,75.419,0.24559,0.29119667158359475
311,18.225,73.968,0.050094,0.16268484859615193
312,18.226,74.372,0.14140999999999998,0.16774157324738978
313,18.226,74.793,0.35086,0.20815587466976812
314,18.226,74.415,0.11692999999999999,0.1704124414748945
315,18.226,75.204,0.2105,0.2642171074626688
316,18.227,74.414,0.15703,0.17025673564239638
317,18.227,76.11,0.2506,0.30208390971753096
318,18.227999999999998,74.813,0.16473,0.210358566610208
319,18.229,73.687,0.1963,0.18076334641436695
320,18.229,74.321,0.11262,0.16487844776626923
321,18.229,74.946,0.16472,0.2278985515148649
322,18.229,74.763,0.13355999999999998,0.2039094993518454
323,18.230999999999998,74.438,0.094205,0.17152693245704329
324,18.233,74.691,0.15716,0.19478482021895224
325,18.233,73.87,0.11902,0.1672964090251415
326,18.233,73.933,0.25269,0.1641620348410555
327,18.234,74.457,0.14868,0.17260370578551207
328,18.236,74.536,0.075441,0.17875525159059477
329,18.236,74.267,0.08017,0.16234328893034597
330,18.237000000000002,74.906,0.20432,0.22092722966182363
331,18.238,73.872,0.17540999999999998,0.1673674282151216
332,18.238,73.876,0.15661,0.16714029726567012
333,18.239,74.344,0.043410000000000004,0.16528671488888
334,18.239,73.919,0.1399,0.16494350382854692
335,18.239,74.36,0.10477,0.1660927890589385
336,18.24,74.895,0.17540999999999998,0.21890306619743502
337,18.24,73.83,0.15035,0.17004958894446806
338,18.241,74.718,0.13614,0.19667131405985058
339,18.241,73.867,0.075157,0.16777222182173065
340,18.241,74.877,0.14144,0.21634806784564928
341,18.241,74.327,0.14533,0.1643612012551073
342,18.241,75.571,0.12445,0.3007175580432302
343,18.242,74.396,0.18067,0.1678644288679477
344,18.242,74.32600000000001,0.15035,0.16425274707948198
345,18.242,74.686,0.15711,0.19291764766468264
346,18.243,74.396,0.15711,0.16778483458544421
347,18.243,74.40100000000001,0.10214,0.16808131008927904
348,18.243,73.972,0.14826,0.16281275325384778
349,18.243,74.682,0.16764,0.19233496121861623
350,18.244,74.71600000000001,0.12829000000000002,0.19599455727880974
351,18.244,74.91199999999999,0.083762,0.2204148303042672
352,18.244,73.58,0.087689,0.19305398419498507
353,18.244,74.268,0.083512,0.16196564882171213
354,18.244,74.275,0.033518,0.16218676004906282
355,18.244,74.301,0.058548,0.16310350543915894
356,18.244,74.683,0.12044,0.19230287596203607
357,18.245,74.743,0.14376,0.1989670496565474
358,18.245,74.556,0.14667,0.17950054440470073
359,18.246,74.328,0.12027,0.1640866418060097
360,18.246,74.288,0.060119000000000006,0.16251788592217117
361,18.247,74.817,0.11262,0.2076170547093897
362,18.248,75.225,0.060252999999999994,0.2617476748276746
363,18.248,73.835,0.14617,0.17009159243755453
364,18.249000000000002,74.571,0.14144,0.18039182770796555
365,18.249000000000002,74.62100000000001,0.13097,0.18515078627069123
366,18.249000000000002,74.687,0.16472,0.19203515627648868
367,18.25,74.449,0.13530999999999999,0.17055751716075337
368,18.250999999999998,74.681,0.13355999999999998,0.19110524910074997
369,18.252,74.282,0.10858,0.1620033976663315
370,18.252,74.309,0.033552,0.16295124674066594
371,18.252,74.91199999999999,0.11,0.2189375615755129
372,18.252,74.311,0.058548,0.16302785994389432
373,18.253,74.468,0.11262,0.17160788046714334
374,18.253,74.33800000000001,0.055942,0.1640846497365965
375,18.253,74.486,0.18853,0.17291917712969349
376,18.254,74.62,0.17549,0.18442429280219672
377,18.255,73.75399999999999,0.24641999999999997,0.17664633512131153
378,18.255,74.256,0.066953,0.1611110462048265
379,18.255,74.824,0.08118099999999999,0.20715811517160929
380,18.256,74.25399999999999,0.020017,0.16101702569842133
381,18.256,74.574,0.13614,0.17985863085377615
382,18.256,74.295,0.11192,0.16222781667139183
383,18.256,74.26100000000001,0.091866,0.16119713499093533
384,18.256,74.82300000000001,0.086352,0.20686932743093686
385,18.257,74.3,0.15035,0.16234778111248602
386,18.257,74.301,0.13364,0.162382867925258
387,18.257,74.328,0.15202000000000002,0.16341333220025064
388,18.257,75.33800000000001,0.45611999999999997,0.2735781056334762
389,18.257,74.615,0.11,0.18356748057922964
390,18.258,74.332,0.083512,0.16351941302818437
391,18.258,74.431,0.10774,0.1686982621125019
392,18.258,73.757,0.23389000000000001,0.17658790133940613
393,18.259,73.885,0.03965,0.16741469336479206
394,18.259,74.295,0.041856,0.16207231255889695
395,18.259,74.322,0.075157,0.16305506452589866
396,18.259,74.265,0.066953,0.16116972813919125
397,18.259,74.275,0.10022,0.1614482952969248
398,18.259,74.354,0.14701,0.16442593825425808
399,18.259,74.271,0.041856,0.16133418483766013
400,18.259,74.437,0.13530999999999999,0.16899441234334464
401,18.259,74.854,0.14032,0.21023862037046567
402,18.26,74.413,0.16037,0.16744878238831915
403,18.26,74.566,0.1624,0.17869832183897946
404,18.26,74.411,0.09270199999999999,0.16733220724855832
405,18.261,74.402,0.09951900000000001,0.16674309880311342
406,18.261,74.337,0.11692999999999999,0.16354914474494395
407,18.261,74.709,0.16374,0.19275891983803814
408,18.261,74.351,0.06513200000000001,0.16416087730442072
409,18.261,74.41199999999999,0.13530999999999999,0.16731342371662336
410,18.262,74.408,0.12111,0.1670070723649227
411,18.262,74.652,0.17026,0.1866051900380765
412,18.262,74.407,0.17457999999999999,0.16695015710627278
413,18.262,74.411,0.14868,0.16717905875728198
414,18.262,74.311,0.058548,0.16247194392389172
415,18.264,73.729,0.045916000000000005,0.17946548481426758
416,18.264,74.773,0.31577,0.19958235049071957
417,18.264,74.347,0.034053,0.16379622962248738
418,18.264,74.99,0.17551,0.22700343368131545
419,18.264,74.35600000000001,0.25227,0.16419802716561024
420,18.265,74.347,0.015005000000000001,0.1637350400646189
421,18.265,74.402,0.15787,0.1664475162162233
422,18.266,74.295,0.11192,0.1617206287031082
423,18.266,74.322,0.075291,0.16266114789910988
424,18.266,74.348,0.06697,0.16371751890583783
425,18.266,74.77199999999999,0.16338,0.199163433424242
426,18.266,74.404,0.12695,0.16648467276627085
427,18.266,74.625,0.10214,0.18343802374819604
428,18.266,74.76,0.17540999999999998,0.19777376684355683
429,18.266,74.32300000000001,0.050144,0.16269905674180493
430,18.267,74.288,0.050644999999999996,0.16145565961250483
431,18.267,74.29,0.033401,0.1615162648669178
432,18.267,74.324,0.020017,0.16268176300525014
433,18.267,74.414,0.12278,0.16697274836949558
434,18.267,73.697,0.1963,0.18271696056254447
435,18.267,74.34,0.13364,0.16331788153673474
436,18.267,74.404,0.15035,0.16641153348228108
437,18.267,74.491,0.20164,0.17197126654800773
438,18.268,74.29899999999999,0.1044,0.16175042501077194
439,18.268,74.309,0.058548,0.16208442596576264
440,18.268,74.321,0.058548,0.16251427309060937
441,18.268,73.829,0.13113,0.1715102039099374
442,18.268,74.33,0.034053,0.16285734869365573
443,18.268,74.964,0.17812,0.22282071955195834
444,18.268,75.078,0.11944,0.23792778201976658
445,18.269000000000002,74.898,0.16473,0.21410190212084976
446,18.269000000000002,74.406,0.12361,0.1663759874596161
447,18.269000000000002,74.27199999999999,0.050261,0.16091611615861498
448,18.269000000000002,74.76899999999999,0.31577,0.19836636029117746
449,18.27,74.598,0.14144,0.18043812560890946
450,18.27,74.301,0.050094,0.16171644582081954
451,18.27,74.406,0.12111,0.16630343447239157
452,18.27,74.41,0.11777,0.16652445682718706
453,18.271,73.719,0.083512,0.1809092243164759
454,18.271,74.331,0.075291,0.16272855830855446
455,18.271,73.719,0.17959,0.1809092243164759
456,18.271,74.416,0.14784,0.1667877878231889
457,18.271,74.501,0.15711,0.17233205096281654
458,18.272000000000002,74.358,0.16764,0.1637898983707516
459,18.272000000000002,74.833,0.12829000000000002,0.20550131597365348
460,18.272000000000002,75.02600000000001,0.11787,0.23023337365818272
461,18.272000000000002,74.827,0.13355999999999998,0.20477322357316483
462,18.272000000000002,74.616,0.15945,0.1818704394951923
463,18.273,74.482,0.20432,0.1707928497316816
464,18.274,74.348,0.11262,0.16324072314230717
465,18.274,74.66199999999999,0.14901,0.18609331108200786
466,18.274,74.403,0.1303,0.1658556819066129
467,18.275,74.461,0.1231,0.1692112692106573
468,18.275,74.308,0.11192,0.16169820469239302
469,18.275,74.312,0.050144,0.16183089552378258
470,18.276,74.71300000000001,0.17282,0.19113046638858297
471,18.277,74.983,0.17457999999999999,0.22364271905783314
472,18.277,74.655,0.094205,0.1850241312585766
473,18.277,74.7,0.16473,0.18961598337058325
474,18.278,74.336,0.081841,0.1625362063481199
475,18.279,74.404,0.12361,0.16556049427290362
476,18.279,74.949,0.12572,0.21887902349509433
477,18.279,74.405,0.12445,0.16561305628687437
478,18.28,74.667,0.086352,0.18584583618781167
479,18.281,74.892,0.13358,0.21130763351222345
480,18.281,74.622,0.13358,0.18138938170410743
481,18.281,74.824,0.14668,0.20300525518409615
482,18.281,74.382,0.1362,0.1643295489075348
483,18.281,74.432,0.10774,0.16696107180780137
484,18.281,74.969,0.14868,0.22109824043392887
485,18.282,74.433,0.16873,0.1669446522136104
486,18.282,74.64399999999999,0.18853,0.1833495626321114
487,18.282,75.00399999999999,0.14144,0.2254528253572212
488,18.283,74.408,0.15035,0.16549572874961724
489,18.283,74.337,0.095208,0.16230578364761114
490,18.284000000000002,74.521,0.14668,0.17261041250176154
491,18.285,74.429,0.15787,0.16649691730962543
492,18.285999999999998,74.945,0.17812,0.21713791501596255
493,18.287,74.418,0.1303,0.1657508257283122
494,18.287,74.34100000000001,0.081841,0.1622441758216356
495,18.287,74.439,0.16288,0.1669221341914929
496,18.287,74.314,0.17812,0.16131598702794078
497,18.288,74.32300000000001,0.09687899999999999,0.16155924683013875
498,18.288,74.426,0.16037,0.16611567199193797
499,18.288,74.889,0.13097,0.20978113457513822
500,18.288,74.355,0.10525999999999999,0.16273245132111322
501,18.289,74.697,0.19646,0.18775438310442547
502,18.289,73.87,0.1963,0.1696860702713978
503,18.289,74.361,0.060119000000000006,0.16292071717175868
504,18.289,74.369,0.12445,0.1632571546325827
505,18.289,74.433,0.14784,0.16643416008454956
506,18.289,75.722,0.19384,0.2963580465977951
507,18.29,74.691,0.13264,0.18701714811179623
508,18.29,74.786,0.15949000000000002,0.19724598539333046
509,18.29,73.725,0.1399,0.18178115528718305
510,18.29,74.558,0.14926,0.17489991659524814
511,18.29,74.866,0.14144,0.20664733370069963
512,18.291,74.828,0.1755,0.20195363699091215
513,18.291,74.369,0.074322,0.16314196026959268
514,18.292,73.869,0.1775,0.1699018198960963
515,18.292,74.641,0.10472999999999999,0.18190186002129302
516,18.292,74.398,0.10858,0.1643996434913156
517,18.292,74.721,0.11517999999999999,0.18986087863659082
518,18.293,74.369,0.086018,0.16302808581450964
519,18.293,74.335,0.081841,0.16172275202213068
520,18.293,74.648,0.06808099999999999,0.18244504559242888
521,18.293,74.41199999999999,0.081841,0.16503158194052434
522,18.294,74.431,0.15787,0.16596987244541736
523,18.295,74.783,0.09687899999999999,0.19619747299839127
524,18.295,74.406,0.060119000000000006,0.1646002950628673
525,18.296,74.40899999999999,0.14406,0.16468513155259443
526,18.296,74.623,0.15163,0.17980534975833604
527,18.296,74.419,0.12278,0.16519380127464897
528,18.296,73.71300000000001,0.14617,0.18343854683653468
529,18.296,74.37899999999999,0.13097,0.16328440549600884
530,18.297,74.337,0.060119000000000006,0.16159638640575266
531,18.297,74.661,0.19471,0.18321760098052728
532,18.297,73.655,0.21927,0.1896461798506339
533,18.297,73.77199999999999,0.11692999999999999,0.17790779155976597
534,18.298,74.376,0.13447,0.16304118892208594
535,18.298,75.27,0.17540999999999998,0.256089062624413
536,18.298,74.33800000000001,0.07014400000000001,0.16158231424433808
537,18.298,74.391,0.1328,0.16370198265307553
538,18.299,74.41199999999999,0.08017,0.1646425807848094
539,18.299,74.476,0.15425,0.16824823499540573
540,18.299,74.585,0.18636,0.17620883002031448
541,18.299,74.684,0.12829000000000002,0.18521527025337345
542,18.299,74.352,0.15716,0.1620324688555976
543,18.299,74.354,0.11787,0.1621071145691285
544,18.3,74.368,0.064296,0.16259946144013956
545,18.3,74.395,0.11692999999999999,0.16376582941698067
546,18.3,75.267,0.29822,0.25529950437994087
547,18.3,74.631,0.15444000000000002,0.18009020830250297
548,18.3,74.806,0.14376,0.198086613152444
549,18.3,75.288,0.22804000000000002,0.2577897528368238
550,18.301,74.965,0.14199,0.21708254719848816
551,18.301,75.661,0.10522999999999999,0.2907376117294225
552,18.301,74.40899999999999,0.07014400000000001,0.1643683915353321
553,18.301,75.32,0.26313000000000003,0.2612795624568294
554,18.301,74.999,0.18598,0.22137516295940637
555,18.301,74.705,0.16756,0.18707031436695085
556,18.301,75.046,0.14617,0.22736367601468208
557,18.302,74.377,0.12612,0.16285969588381075
558,18.302,74.38,0.15035,0.16298611458700338
559,18.302,75.335,0.29822,0.26275667797081204
560,18.303,74.395,0.11692999999999999,0.16358775602255102
561,18.303,74.595,0.11192,0.17664090062602664
562,18.303,75.032,0.18335,0.22521342910339434
563,18.303,74.682,0.18636,0.18454322667083153
564,18.304000000000002,73.892,0.23389000000000001,0.16892059868738216
565,18.304000000000002,75.277,0.2105,0.2556301244869864
566,18.305,73.73899999999999,0.07098,0.18157791625109607
567,18.305,74.627,0.08117200000000001,0.17919399177131087
568,18.305,74.422,0.09019500000000001,0.16476149528729497
569,18.305,73.77199999999999,0.089777,0.178469303897661
570,18.305,74.417,0.11692999999999999,0.16451103691783683
571,18.305999999999997,74.852,0.094205,0.20252345858832196
572,18.305999999999997,73.742,0.14199,0.18136352491866778
573,18.305999999999997,74.645,0.12724000000000002,0.18070642197460526
574,18.305999999999997,74.71300000000001,0.12996,0.18726508247097326
575,18.305999999999997,74.359,0.074322,0.16193804249716312
576,18.305999999999997,74.476,0.091866,0.1677151892063334
577,18.305999999999997,74.705,0.15425,0.18645883888773726
578,18.305999999999997,74.36,0.074322,0.16197526966520967
579,18.305999999999997,74.498,0.17026,0.16911047922000852
580,18.307000000000002,75.271,0.26313000000000003,0.25428148445430854
581,18.307000000000002,75.339,0.17540999999999998,0.2621000704549695
582,18.307000000000002,74.827,0.09428099999999999,0.19948032525695367
583,18.308,74.422,0.11609000000000001,0.16457129432710502
584,18.309,74.346,0.14926,0.16133281427609678
585,18.309,74.38,0.081841,0.16260222894469376
586,18.309,74.39699999999999,0.086018,0.16332931141257687
587,18.309,75.308,0.17540999999999998,0.2581639929273418
588,18.309,75.314,0.2105,0.2588492351384061
589,18.309,74.768,0.10214,0.19263782233743962
590,18.31,74.41,0.12047999999999999,0.1638664385762044
591,18.31,74.831,0.083762,0.19950750293122774
592,18.31,74.979,0.22002,0.21730666222834158
593,18.31,74.361,0.074322,0.16181276106558226
594,18.31,74.71600000000001,0.18636,0.18707913095299075
595,18.31,74.798,0.14667,0.19578624961943722
596,18.311,75.655,0.13614,0.2879738385240175
597,18.311,74.404,0.06179,0.1635295246663868
598,18.311,74.361,0.10022,0.16176358517173547
599,18.312,74.382,0.11025,0.16252374458621396
600,18.312,74.398,0.081841,0.16320299561449855
601,18.312,74.734,0.11517999999999999,0.18866848240211873
602,18.312,75.317,0.19296,0.2585435061603202
603,18.312,74.359,0.088524,0.16164260898034719
604,18.312,74.422,0.12528,0.16432243179652137
605,18.312,75.315,0.31577,0.2583168402828201
606,18.313,74.56,0.11517999999999999,0.172898718380855
607,18.314,74.365,0.12445,0.1617631408786254
608,18.314,74.375,0.07014400000000001,0.1621409789085587
609,18.314,73.749,0.21718,0.18129842230848778
610,18.315,74.37899999999999,0.077663,0.16224641866150744
611,18.315,74.40100000000001,0.081841,0.16316647397242365
612,18.315,73.714,0.02503,0.18489263820370613
613,18.315,74.90100000000001,0.15425,0.20696168913409038
614,18.316,73.771,0.19421,0.17935323199873995
615,18.316,75.303,0.10022,0.2560984515401661
616,18.317,74.419,0.11025,0.16387562146818466
617,18.317,74.57300000000001,0.16764,0.1735304145671068
618,18.317,73.88600000000001,0.23389000000000001,0.16997270564967512
619,18.317,74.661,0.1362,0.18097180502774343
620,18.317,74.403,0.12278,0.1631427382222493
621,18.317999999999998,74.722,0.089042,0.18671614116790378
622,18.319000000000003,74.789,0.15163,0.1935871508148875
623,18.319000000000003,74.344,0.14406,0.16082134836773873
624,18.32,75.3,0.19296,0.2549148283260566
625,18.32,74.408,0.074322,0.1631967540087282
626,18.320999999999998,75.67399999999999,0.35086,0.2864845527491422
627,18.320999999999998,74.57,0.16706,0.17294154066640152
628,18.320999999999998,74.38600000000001,0.12278,0.16221611697484303
629,18.322,74.812,0.14144,0.19570225090741997
630,18.322,74.429,0.041739,0.16405826548216415
631,18.322,74.765,0.1257,0.19063878533154152
632,18.323,74.385,0.12361,0.16207556071182824
633,18.323,74.568,0.09019500000000001,0.17261417739210447
634,18.323,74.855,0.09428099999999999,0.20039686827888512
635,18.323,75.65899999999999,0.33331,0.28529176073867324
636,18.323,74.82,0.16764,0.19645209851462128
637,18.324,73.873,0.23389000000000001,0.17128822779767802
638,18.324,74.538,0.13309,0.17036257992924683
639,18.324,74.577,0.11517999999999999,0.17320738569510838
640,18.325,76.639,0.19296,0.16764764168063503
641,18.325,74.982,0.14926,0.21518936351269133
642,18.325,75.639,0.19296,0.28377720755658087
643,18.326,74.418,0.041756,0.16331067791886075
644,18.326,74.749,0.30543000000000003,0.18848439649206336
645,18.326,74.809,0.20768000000000003,0.19483745998460586
646,18.326,75.635,0.29822,0.2833222602829558
647,18.326,74.792,0.16288,0.19299519089952563
648,18.327,73.892,0.1963,0.17006396417477118
649,18.327,74.711,0.094205,0.18457824567716738
650,18.327,74.438,0.11192,0.1641997475935589
651,18.327,75.628,0.14032,0.2826941331570997
652,18.328,74.572,0.09019500000000001,0.17247785032293636
653,18.328,74.793,0.28506,0.1928438222096774
654,18.328,74.751,0.16696,0.18844582898581594
655,18.328,74.94,0.15945,0.20962496151973173
656,18.328,74.383,0.15732000000000002,0.161753251701893
657,18.328,74.811,0.19139,0.19479087528732383
658,18.329,74.421,0.050244,0.16327941430894052
659,18.329,74.753,0.10178999999999999,0.1885289355053242
660,18.33,74.403,0.12695,0.16244430487837566
661,18.33,74.429,0.041739,0.16359205154207554
662,18.33,74.609,0.12047999999999999,0.17517542961251895
663,18.33,75.013,0.2105,0.2181672101170776
664,18.33,74.449,0.09019500000000001,0.16456968751168363
665,18.33,74.79899999999999,0.19546,0.19322949005729592
666,18.33,74.813,0.13844,0.1947449187572375
667,18.331,74.51100000000001,0.19384,0.16803491924500188
668,18.331,74.63600000000001,0.12829000000000002,0.17731743934349295
669,18.331,75.169,0.047303,0.23719156230894065
670,18.331,74.623,0.12829000000000002,0.17622630971230865
671,18.331,74.433,0.075257,0.16372345255954565
672,18.332,74.425,0.05011,0.16329480835964302
673,18.332,74.638,0.1589,0.17738935861207125
674,18.332,74.718,0.17800000000000002,0.1846883381512839
675,18.333,74.87899999999999,0.12044,0.20172347455443848
676,18.334,74.39399999999999,0.25895999999999997,0.16188364916759654
677,18.334,74.562,0.12278,0.17123783976687343
678,18.334,74.59100000000001,0.084347,0.1733937318194325
679,18.334,74.764,0.12623,0.18904948597771562
680,18.334,74.758,0.17102,0.18843571925832778
681,18.334,74.828,0.15949000000000002,0.1958568676573826
682,18.335,73.842,0.20631999999999998,0.17438272277060193
683,18.335,74.584,0.1445,0.17277314749816816
684,18.336,74.65100000000001,0.15163,0.1781095159084832
685,18.336,74.835,0.11787,0.19636079329600695
686,18.336,74.52199999999999,0.10525999999999999,0.1683651868468343
687,18.336,74.559,0.1587,0.1708603089553001
688,18.337,74.38600000000001,0.064296,0.16144184994116526
689,18.337,75.14,0.10774,0.2325513410453389
690,18.338,74.738,0.14901,0.1859599755664286
691,18.338,74.336,0.053435,0.15985388850367774
692,18.338,74.657,0.094205,0.17843084751738433
693,18.339000000000002,74.378,0.094372,0.1610697370982956
694,18.339000000000002,74.767,0.1751,0.18875391142231698
695,18.339000000000002,74.76899999999999,0.036618,0.18895838775482052
696,18.339000000000002,74.774,0.12623,0.18947170128668675
697,18.34,74.79,0.15454,0.19101046031180843
698,18.34,74.738,0.10472999999999999,0.18573101133938238
699,18.34,74.763,0.21620999999999999,0.18822754213796064
700,18.34,74.775,0.11807999999999999,0.1894536494477402
701,18.34,74.445,0.12528,0.1637823952557965
702,18.34,74.815,0.13358,0.19366191478310088
703,18.340999999999998,74.782,0.28506,0.19005493529530856
704,18.340999999999998,74.639,0.058548,0.17660444791270688
705,18.340999999999998,74.771,0.077346,0.18892305776187832
706,18.340999999999998,74.782,0.25248000000000004,0.19005493529530856
707,18.340999999999998,74.866,0.14144,0.19913366187112722
708,18.340999999999998,74.571,0.094205,0.17131004855127038
709,18.340999999999998,75.015,0.12278,0.21661524180995725
710,18.340999999999998,74.77600000000001,0.20768000000000003,0.18943575684927436
711,18.342,73.976,0.060119000000000006,0.16539185143071364
712,18.342,74.311,0.16764,0.15916860071824498
713,18.342,74.56,0.17123,0.17044960831586317
714,18.342,74.63600000000001,0.13355999999999998,0.17626036794081876
715,18.343,74.65,0.19471,0.1773395461572814
716,18.343,74.793,0.14252,0.19095439070122597
717,18.343,74.804,0.13853,0.1921103068282569
718,18.343,74.40899999999999,0.11692999999999999,0.16203804405840402
719,18.343,74.46600000000001,0.075291,0.1646546334980656
720,18.343,74.543,0.1362,0.16921332278978804
721,18.343,74.446,0.10022,0.16366096764472013
722,18.344,74.558,0.1204,0.17015347258316146
723,18.344,74.82600000000001,0.11262,0.19433309803907448
724,18.344,74.515,0.11262,0.16735427327373806
725,18.344,74.561,0.091866,0.17036147804402
726,18.344,75.126,0.13865,0.22960035735617354
727,18.344,74.446,0.12528,0.16360511008591502
728,18.344,74.749,0.29729,0.18635835327452663
729,18.344,74.923,0.20164,0.2052231429484703
730,18.344,74.48899999999999,0.12044,0.1658315812078219
731,18.345,74.71600000000001,0.10264000000000001,0.1830569524528751
732,18.345,74.75,0.12215,0.1863428507772605
733,18.345,74.384,0.24225,0.161016818628103
734,18.345,74.558,0.16622,0.17007558511271534
735,18.346,74.449,0.22888000000000003,0.16363648603796974
736,18.346,74.76899999999999,0.08956900000000001,0.18812694262087534
737,18.346,74.763,0.032549,0.1875226347319858
738,18.346,74.586,0.081423,0.17199106706825504
739,18.346,74.63,0.050428,0.1753977080953519
740,18.347,74.777,0.12215,0.18882090241663482
741,18.347,74.608,0.2647,0.17356647541672263
742,18.347,74.771,0.18732000000000001,0.18821182531582123
743,18.347,74.859,0.09690399999999999,0.19754572226328723
744,18.347,75.015,0.11787,0.2156573950324033
745,18.348,74.752,0.15067,0.18619864319552878
746,18.348,74.77600000000001,0.1303,0.18860105147170278
747,18.348,74.445,0.06513200000000001,0.16333849379854878
748,18.348,74.446,0.20131,0.16338504479454927
749,18.348,74.626,0.1624,0.17489414985298754
750,18.348,74.778,0.040695,0.18880443887496565
751,18.348,74.543,0.17549,0.1688404819248661
752,18.348,74.753,0.85526,0.18629730266536423
753,18.349,74.58800000000001,0.281,0.17189070422741934
754,18.349,74.753,0.85526,0.186183835845915
755,18.349,74.384,0.19296,0.1608482494793638
756,18.349,74.499,0.11262,0.16607437902991048
757,18.349,74.779,0.19954000000000002,0.18878813679473258
758,18.349,74.757,0.16764,0.18657901887488634
759,18.35,74.449,0.12829000000000002,0.16341669626989727
760,18.35,74.5,0.14667,0.16606683559149513
761,18.35,74.558,0.18042,0.1696915500165432
762,18.351,74.645,0.076828,0.17616610341675473
763,18.351,74.786,0.052917,0.18926565470842502
764,18.351,74.343,0.20956,0.15958762413340175
765,18.351,74.583,0.17540999999999998,0.1713642006027047
766,18.351,74.59,0.16696,0.17187359860445725
767,18.351,74.882,0.13358,0.1995674993982379
768,18.352,74.377,0.20131,0.16049989943600448
769,18.352,74.751,0.11807999999999999,0.18565008519424805
770,18.352,74.689,0.31358,0.1798500583886173
771,18.352,75.664,0.47367,0.27885639441271537
772,18.352,74.766,0.21583000000000002,0.18713045949036175
773,18.352,74.569,0.30543000000000003,0.1702938161161953
774,18.352,74.592,0.21583000000000002,0.17193872352162928
775,18.352,74.752,0.06513200000000001,0.18574788813192064
776,18.352,74.987,0.19384,0.21154409930000936
777,18.352999999999998,74.887,0.31577,0.19985670230772543
778,18.352999999999998,74.63,0.08956900000000001,0.17476733731994262
779,18.352999999999998,74.671,0.16756,0.17817263017235405
780,18.352999999999998,74.672,0.11325,0.1782589757518007
781,18.352999999999998,75.305,0.093537,0.24882317485085478
782,18.354,74.631,0.10994000000000001,0.17475843677619926
783,18.354,74.789,0.10994000000000001,0.1892177793156534
784,18.354,74.563,0.17457999999999999,0.1697285709920686
785,18.354,74.57,0.08956900000000001,0.17020904275588575
786,18.354,74.789,0.1303,0.1892177793156534
787,18.354,74.384,0.083512,0.16064477646044503
788,18.354,74.615,0.14659,0.17350377250827106
789,18.354,74.768,0.21175,0.18710118851782095
790,18.354,74.571,0.15067,0.17027839970725797
791,18.354,74.748,0.12047999999999999,0.18513590702214885
792,18.355,74.734,0.19471,0.18368332334215162
793,18.355,75.638,0.31577,0.27688948474383956
794,18.355,74.79,0.19139,0.18920214718494363
795,18.355,74.572,0.13844,0.17027091829283922
796,18.355,74.616,0.281,0.17349543116198127
797,18.355999999999998,74.76899999999999,0.22804000000000002,0.18697322376871292
798,18.355999999999998,75.079,0.00069342,0.22189279288707228
799,18.355999999999998,74.617,0.15067,0.17348724488007014
800,18.355999999999998,75.641,0.12278,0.2768277222582173
801,18.355999999999998,74.207,0.7719199999999999,0.15830799476322918
802,18.357,74.618,0.18594000000000002,0.17347921399643226
803,18.357,74.756,0.11400999999999999,0.18558223918280423
804,18.357,75.65899999999999,0.24559,0.27751067835556453
805,18.357,74.618,0.10178999999999999,0.17347921399643226
806,18.357,74.873,0.14926,0.1977701124248654
807,18.357,74.618,0.3095,0.17347921399643226
808,18.358,74.497,0.094205,0.16539691293343403
809,18.358,75.297,0.49121000000000004,0.24698127553984026
810,18.358,74.492,0.22804000000000002,0.16512524351544686
811,18.358,74.637,0.12779000000000001,0.17488398746625664
812,18.358,74.77199999999999,0.19139,0.18704460138829668
813,18.359,74.598,0.056986,0.1718112857240461
814,18.359,74.758,0.077346,0.18555624018048386
815,18.359,74.492,0.16288,0.16506530427729224
816,18.359,74.493,0.19139,0.1651190503364007
817,18.359,75.643,0.5263,0.27627416135204486
818,18.359,74.53399999999999,0.12829000000000002,0.16748876432088197
819,18.359,74.697,0.18325,0.17986512474993874
820,18.359,75.661,0.45611999999999997,0.27716616466415955
821,18.36,74.774,0.29320999999999997,0.18701728990401498
822,18.36,75.65899999999999,0.5263,0.27685189777255736
823,18.36,74.577,0.1303,0.1702357930564443
824,18.36,75.669,0.45611999999999997,0.27731729521086845
825,18.361,74.388,0.1303,0.16049957832054537
826,18.361,74.6,0.10994000000000001,0.17179724859193876
827,18.361,74.632,0.1186,0.1742261312457227
828,18.361,74.796,0.19139,0.18911180097607136
829,18.361,75.672,0.24559,0.27723280740519063
830,18.361,74.577,0.22804000000000002,0.17015997622045062
831,18.361,74.691,0.11807999999999999,0.17913840376222043
832,18.361,74.693,0.14400000000000002,0.1793142664295084
833,18.361,74.471,0.11,0.16387157656577897
834,18.361,74.633,0.10472999999999999,0.1743047863867527
835,18.362000000000002,74.843,0.12829000000000002,0.19388385759484703
836,18.362000000000002,75.15100000000001,0.15035,0.22947059683416546
837,18.362000000000002,74.495,0.26877,0.16504760160355733
838,18.362000000000002,74.692,0.08956900000000001,0.17912907789784302
839,18.362000000000002,74.49600000000001,0.28914,0.16510134380615135
840,18.363,74.797,0.2647,0.18898157942521707
841,18.363,74.579,0.10178999999999999,0.17014733490585018
842,18.363,74.432,0.18209,0.16201636769557978
843,18.364,74.825,0.09690399999999999,0.19174333097562787
844,18.364,74.604,0.15067,0.1718505774548643
845,18.364,74.625,0.15473,0.17342737708776199
846,18.364,74.694,0.073277,0.17911091117797337
847,18.365,74.498,0.14252,0.16503121519345595
848,18.365,75.148,0.035206,0.22860581039510472
849,18.365,75.37100000000001,0.24559,0.25346880245838455
850,18.365,75.465,0.49121000000000004,0.26238749136222006
851,18.365,74.498,0.23619,0.16503121519345595
852,18.365,74.695,0.15880999999999998,0.17910207094569883
853,18.365,74.582,0.1303,0.17020450255341288
854,18.366,74.615,0.06021900000000001,0.1725043532705086
855,18.366,74.675,0.10732,0.17728663734660496
856,18.367,74.771,0.18325,0.18594509948329138
857,18.367,74.418,0.18209,0.16129308359716651
858,18.367,74.42,0.16789,0.16136769118667502
859,18.367,74.767,0.2647,0.1855558219052603
860,18.367,75.071,0.091866,0.2191717063315772
861,18.368,74.584,0.15473,0.17011843853215788
862,18.368,74.828,0.19384,0.19157774673886083
863,18.368,74.502,0.31358,0.16506989221337195
864,18.368,74.767,0.17917,0.18544737937332564
865,18.368,74.706,0.11807999999999999,0.17978137301137795
866,18.368,74.783,0.13882,0.1870134350975857
867,18.368,74.995,0.13097,0.21009885691618554
868,18.369,75.206,0.09687899999999999,0.2346852528491241
869,18.369,74.502,0.21583000000000002,0.16501143119047165
870,18.369,74.704,0.17540999999999998,0.1795075922704373
871,18.369,74.798,0.19053,0.18839595822865693
872,18.369,74.258,0.19384,0.15808815992846134
873,18.369,74.76899999999999,0.17917,0.18553301392869168
874,18.37,74.76899999999999,0.18732000000000001,0.18542500960053385
875,18.37,74.707,0.11400999999999999,0.17967601998932867
876,18.37,74.77,0.20768000000000003,0.18552185966792697
877,18.37,74.805,0.26877,0.18898746163646404
878,18.371,74.775,0.24841,0.18589929776220113
879,18.371,74.61,0.11807999999999999,0.17173644462570778
880,18.371,74.812,0.13358,0.18958244740229277
881,18.371,74.679,0.14144,0.1771651225488605
882,18.371,74.709,0.09364600000000001,0.17975639329360824
883,18.371,74.77600000000001,0.20768000000000003,0.18599671141897764
884,18.372,74.611,0.15473,0.17173123217234562
885,18.372,74.437,0.18544000000000002,0.16180832712358847
886,18.372,74.611,0.069209,0.17173123217234562
887,18.372,74.77199999999999,0.30543000000000003,0.1855000520291958
888,18.373,74.567,0.18325,0.1686185966171931
889,18.373,74.67699999999999,0.15419000000000002,0.17681632359122798
890,18.373,74.87100000000001,0.1231,0.19551112414507707
891,18.374000000000002,74.80199999999999,0.089042,0.18823363540978674
892,18.374000000000002,74.711,0.0855,0.17964451400960754
893,18.374000000000002,74.569,0.17549,0.16867947862668373
894,18.374000000000002,74.712,0.048839999999999995,0.179732895992014
895,18.374000000000002,74.382,0.1204,0.15985412617198666
896,18.375,74.774,0.19139,0.18537200969472686
897,18.375,74.43,0.18209,0.1614049137505977
898,18.375,74.649,0.07014400000000001,0.17437117819651135
899,18.375,74.832,0.13355999999999998,0.19116702264015947
900,18.375,74.648,0.12044,0.17429254821528303
901,18.375,74.775,0.27692,0.18546859700428794
902,18.375,74.832,0.06021900000000001,0.19116702264015947
903,18.375,74.919,0.5263,0.2004905596692996
904,18.375999999999998,74.48899999999999,0.11259000000000001,0.16394863835552917
905,18.375999999999998,74.61399999999999,0.12215,0.1716391500615426
906,18.375999999999998,74.624,0.15949000000000002,0.1723750148328774
907,18.375999999999998,74.436,0.1846,0.1615934761276798
908,18.375999999999998,74.71300000000001,0.20768000000000003,0.17962975321661176
909,18.375999999999998,74.541,0.09690399999999999,0.16679683838549395
910,18.375999999999998,74.571,0.18732000000000001,0.1686713944006378
911,18.375999999999998,74.77600000000001,0.17102,0.18545844816550114
912,18.375999999999998,74.781,0.13844,0.1859429564622088
913,18.377,74.77600000000001,0.061063,0.18535198545701834
914,18.377,74.714,0.23212,0.17962262191170372
915,18.377,74.631,0.12047999999999999,0.1728198714480028
916,18.377,74.715,0.16696,0.179710889189686
917,18.377,74.777,0.19139,0.18544846787868371
918,18.377,74.89699999999999,0.10131,0.19781755941121112
919,18.378,74.51100000000001,0.19546,0.16497565680238022
920,18.378,74.685,0.091866,0.17703615133547188
921,18.378,74.993,0.17540999999999998,0.20843054113093715
922,18.378,75.67399999999999,0.29822,0.2736692869890506
923,18.378,74.617,0.15067,0.171703310701064
924,18.378,74.512,0.32987,0.16502939419691606
925,18.379,74.513,0.18732000000000001,0.16502617517069315
926,18.379,74.717,0.15473,0.1796970500062167
927,18.379,74.77600000000001,0.10994000000000001,0.18514024838455287
928,18.379,74.828,0.10214,0.19029442661988458
929,18.379,74.55199999999999,0.13832,0.16727010549147334
930,18.379,74.574,0.20768000000000003,0.1686604466482091
931,18.379,74.596,0.20768000000000003,0.1701376525460899
932,18.38,74.777,0.13844,0.18513093171057957
933,18.38,74.298,0.10172,0.15816182342559768
934,18.381,74.767,0.17549,0.18407362229936983
935,18.381,74.80199999999999,0.16288,0.18745953118267908
936,18.381,75.00399999999999,0.09687899999999999,0.2092656091699223
937,18.381,74.57600000000001,0.21583000000000002,0.1686539378051207
938,18.381,74.611,0.081841,0.17104296867432264
939,18.381,74.515,0.35836999999999997,0.16502019488733252
940,18.381,74.62,0.19139,0.17169152029669063
941,18.384,74.623,0.16288,0.17168118842347221
942,18.384,74.722,0.30543000000000003,0.17966538127019857
943,18.384,74.579,0.073277,0.16864536573962616
944,18.384,74.623,0.15473,0.17168118842347221
945,18.385,74.723,0.18325,0.17965955200995118
946,18.385,74.585,0.38689,0.16897072239920516
947,18.386,75.164,0.11692999999999999,0.22698930462462838
948,18.386,74.833,0.075926,0.19000875855537955
949,18.386,75.014,0.38594,0.20970174126800575
950,18.387,74.663,0.14140999999999998,0.1744752848152806
951,18.387,74.83800000000001,0.15454,0.19040374765429244
952,18.387999999999998,74.587,0.13844,0.1688980222616233
953,18.387999999999998,74.822,0.16473,0.1886798628865722
954,18.389,74.52199999999999,0.20768000000000003,0.16494867987112113
955,18.389,74.627,0.0081122,0.17159463210165413
956,18.389,74.631,0.14140999999999998,0.17188603759647078
957,18.389,74.67399999999999,0.08518200000000001,0.17518314157486112
958,18.39,74.589,0.073277,0.1688943180497073
959,18.39,75.281,0.081841,0.2394018039384833
960,18.391,74.654,0.09855,0.17345379809334557
961,18.391,74.72800000000001,0.17917,0.17954039486512893
962,18.391,75.21,0.059284,0.23139784926464843
963,18.391,74.525,0.18325,0.1649995402276012
964,18.391,75.65899999999999,0.2105,0.27030650914605625
965,18.392,74.67399999999999,0.075942,0.17493444464251526
966,18.392,74.59100000000001,0.13844,0.16889126187623413
967,18.393,74.73100000000001,0.20768000000000003,0.17961902021060247
968,18.393,74.827,0.16764,0.18863233316422442
969,18.393,74.527,0.15473,0.16499727816273266
970,18.394000000000002,74.62100000000001,0.11359000000000001,0.1707982125352093
971,18.394000000000002,74.444,0.16789,0.16116227955066784
972,18.394000000000002,74.528,0.15067,0.16499638298568073
973,18.394000000000002,74.594,0.10994000000000001,0.16895470475999305
974,18.394000000000002,75.642,0.31577,0.26887908328510046
975,18.394000000000002,74.589,0.077346,0.16862722374933123
976,18.395,74.946,0.10525999999999999,0.20088153648158533
977,18.395,74.602,0.09019500000000001,0.16941951152727772
978,18.395,74.733,0.12215,0.17961059277695265
979,18.396,74.734,0.13656,0.17960663643835825
980,18.396,74.553,0.20256,0.16628357793186685
981,18.397000000000002,74.7,0.10887000000000001,0.17662385296076497
982,18.397000000000002,74.735,0.25656,0.17960285205817536
983,18.397000000000002,75.023,0.26313000000000003,0.2091896732786289
984,18.397000000000002,74.652,0.06179,0.17283528695692982
985,18.397000000000002,74.65899999999999,0.066803,0.17336536826265755
986,18.398,74.64399999999999,0.13364,0.17216428327987318
987,18.398,74.736,0.28506,0.1795992399151892
988,18.398,75.32600000000001,0.2105,0.2427564739378588
989,18.399,74.737,0.21583000000000002,0.17959580028556796
990,18.399,74.532,0.10994000000000001,0.16494050942942937
991,18.399,74.649,0.073486,0.17245932999668231
992,18.399,74.571,0.16238,0.16717591818041586
993,18.399,74.66,0.17374,0.17328657026162128
994,18.399,74.59899999999999,0.11400999999999999,0.16895150937914002
995,18.4,74.627,0.073486,0.1707929939511935
996,18.4,74.60300000000001,0.10214,0.16914979377768077
997,18.401,74.493,0.081423,0.16290117473726515
998,18.401,74.73899999999999,0.12215,0.1795894396707722
999,18.402,75.264,0.093537,0.23552395823617608
1000,18.402,74.494,0.12424,0.16290129811712015
1001,18.402,74.602,0.09364600000000001,0.16895156946021214
1002,18.403,74.681,0.15425,0.1745981155132493
1003,18.403,74.60300000000001,0.34615999999999997,0.1689519209504021
1004,18.403,74.65100000000001,0.030043,0.17230887225689004
1005,18.404,74.59899999999999,0.06513200000000001,0.16862538091540655
1006,18.404,74.687,0.13358,0.17499244156925783
1007,18.404,74.669,0.14144,0.1735882431742399
1008,18.405,74.743,0.10994000000000001,0.17957880070091323
1009,18.405,74.62899999999999,0.16338,0.1705826841101092
1010,18.406,74.684,0.11262,0.1745964052948112
1011,18.407,74.745,0.15067,0.17957452670203486
1012,18.408,74.72800000000001,0.10022,0.17802571866401692
1013,18.408,74.432,0.13264,0.16025170900067973
1014,18.409000000000002,74.653,0.086853,0.17201677269823898
1015,18.41,74.648,0.10858,0.1715817506754643
1016,18.41,74.748,0.23212,0.17956942863143918
1017,18.41,74.765,0.28914,0.18106927320268904
1018,18.410999999999998,74.503,0.21175,0.16290948069014152
1019,18.410999999999998,74.50399999999999,0.23212,0.16295543333687054
1020,18.412,74.661,0.091615,0.17238782586641674
1021,18.412,75.081,0.091866,0.21363819488461241
1022,18.412,74.75,0.16696,0.1795669083164739
1023,18.413,74.876,0.14144,0.1913793217621351
1024,18.413,75.085,0.07014400000000001,0.21394670973093252
1025,18.413,74.669,0.088524,0.17291045683332193
1026,18.413,74.756,0.20164,0.18000251467246361
1027,18.414,74.807,0.1231,0.18454062287401982
1028,18.414,74.819,0.09690399999999999,0.18567465190199714
1029,18.414,75.084,0.59648,0.2136956921614603
1030,18.415,74.69800000000001,0.12579,0.17499433069106948
1031,18.415,74.507,0.12623,0.16291724537462524
1032,18.416,74.236,0.1399,0.15813983255804062
1033,18.416,74.916,0.56139,0.19515216677397992
1034,18.416,74.626,0.1231,0.16963776656586313
1035,18.416,75.278,0.13782,0.23471947197196172
1036,18.417,74.825,0.14901,0.18594983744346535
1037,18.417,74.998,0.15787,0.20378439524900413
1038,18.417,74.509,0.12215,0.16292209058757887
1039,18.417,75.66,0.49121000000000004,0.26522768770147787
1040,18.418,74.693,0.09428099999999999,0.17437090619247783
1041,18.418,74.861,0.050094,0.1893468911922996
1042,18.418,74.997,0.47367,0.20355030620039546
1043,18.418,74.20100000000001,0.13355999999999998,0.1587298233768256
1044,18.418,74.825,0.10477,0.18585132970321525
1045,18.419,74.639,0.1069,0.17032877130389132
1046,18.419,74.637,0.11325,0.1701909101721126
1047,18.419,74.868,0.08380399999999999,0.18993673578939693
1048,18.419,74.913,0.19384,0.19450275660705593
1049,18.421,74.507,0.15949000000000002,0.16266144953960235
1050,18.421,74.638,0.076828,0.1701285336220418
1051,18.421,74.405,0.09019500000000001,0.1591383501256136
1052,18.422,74.623,0.048423,0.16905633321363586
1053,18.423,74.999,0.13358,0.203147121091482
1054,18.424,74.861,0.13355999999999998,0.18872933270997214
1055,18.425,73.742,0.38594,0.19162817669526475
1056,18.425,74.60600000000001,0.12572,0.16778522014240657
1057,18.427,74.51899999999999,0.12623,0.16295605325026738
1058,18.428,74.51100000000001,0.12044,0.16255380564559627
1059,18.429000000000002,74.446,0.29822,0.16006592069880418
1060,18.43,74.52199999999999,0.08956900000000001,0.16296943895905433
1061,18.43,74.736,0.45611999999999997,0.17688070056425684
1062,18.43,74.633,0.18335,0.16922297642212655
1063,18.43,74.861,0.16764,0.18812621354266754
1064,18.430999999999997,74.475,0.14140999999999998,0.16098770420236516
1065,18.430999999999997,74.527,0.15185,0.16316008617486696
1066,18.430999999999997,74.64399999999999,0.13614,0.16989790275552627
1067,18.432000000000002,74.32300000000001,0.066803,0.15782454457313763
1068,18.432000000000002,75.071,0.10858,0.20984590606527073
1069,18.434,74.967,0.10106,0.19843485169029948
1070,18.435,73.547,0.026701,0.21871445442552037
1071,18.435,73.557,0.020853,0.21724458487243767
1072,18.435,74.334,0.1232,0.15786709469840918
1073,18.436,74.829,0.18594000000000002,0.18451573356155934
1074,18.436,75.08800000000001,0.030661,0.21118132055602631
1075,18.436,74.664,0.06808099999999999,0.1709605143383541
1076,18.437,75.113,0.074472,0.213772992844765
1077,18.437,75.123,0.09687899999999999,0.2148619751675169
1078,18.438,74.533,0.12044,0.16315180978442853
1079,18.438,74.905,0.19296,0.19164936815303266
1080,18.438,75.068,0.50876,0.20875280730999476
1081,18.439,74.303,0.20256,0.15778512451116652
1082,18.439,74.811,0.13882,0.1825998222020456
1083,18.442,74.319,0.1587,0.15778729139543132
1084,18.442,74.707,0.08380399999999999,0.17370042184257548
1085,18.442999999999998,74.658,0.12361,0.1701076529800358
1086,18.444000000000003,74.637,0.00043443,0.16865816154259947
1087,18.444000000000003,74.643,0.10022,0.16904752383901708
1088,18.444000000000003,74.669,0.14376,0.1708032709999506
1089,18.444000000000003,74.52199999999999,0.12612,0.16242308883678655
1090,18.444000000000003,74.649,0.050094,0.1694428764802219
1091,18.444000000000003,74.655,0.10522999999999999,0.16984416445234649
1092,18.445,73.956,0.12946,0.17208098298496685
1093,18.445,75.241,0.1186,0.22639714566483002
1094,18.445,74.502,0.1963,0.16155781970646685
1095,18.445,74.93,0.14376,0.19343258149480666
1096,18.445999999999998,74.52,0.14668,0.16226432616630423
1097,18.445999999999998,74.911,0.35086,0.19143190940076224
1098,18.445999999999998,74.92,0.49121000000000004,0.19232695639619055
1099,18.447,74.572,0.12044,0.16470342699111015
1100,18.448,73.557,0.08936000000000001,0.21884826044879443
1101,18.448,74.745,0.14926,0.17623893557797862
1102,18.448,74.76899999999999,0.15454,0.17820534676149855
1103,18.448,75.273,0.11777,0.22927136767502462
1104,18.448,75.168,0.058582,0.2182436183616888
1105,18.449,74.915,0.28068000000000004,0.19152712848104345
1106,18.449,74.571,0.10472999999999999,0.16456308241721793
1107,18.45,74.477,0.094205,0.1604950565987888
1108,18.45,74.77199999999999,0.13355999999999998,0.17830125646897396
1109,18.45,75.253,0.50876,0.2269248875464954
1110,18.451,74.795,0.10732,0.18017711102494224
1111,18.452,74.271,0.09604299999999999,0.15805936374736682
1112,18.452,74.902,0.6842,0.18995533645945836
1113,18.452,74.219,0.1624,0.1589261601320324
1114,18.452,75.001,0.1587,0.19996222931492988
1115,18.453,74.21300000000001,0.18336,0.1590862715974057
1116,18.453,74.914,0.26313000000000003,0.1910321013229551
1117,18.453,74.226,0.17288,0.15879301137637
1118,18.453,73.808,0.1044,0.18671593043444687
1119,18.453,75.119,0.17457999999999999,0.21234737232879317
1120,18.454,74.594,0.10477,0.16557120004970924
1121,18.454,74.62,0.16764,0.16706640324315022
1122,18.455,75.26,0.26313000000000003,0.22693137886199952
1123,18.456,74.733,0.09428099999999999,0.17472426202770694
1124,18.456,74.214,0.19384,0.15912671460019231
1125,18.456,74.75,0.13097,0.17605876978493704
1126,18.456,74.555,0.13355999999999998,0.16347835080471648
1127,18.456,75.252,0.50876,0.22596954160864666
1128,18.458,73.92399999999999,0.27734000000000003,0.17563608013195417
1129,18.458,74.704,0.14926,0.17241655524642516
1130,18.459,74.806,0.074322,0.18048789930799944
1131,18.459,75.221,0.31577,0.22234933200418003
1132,18.459,74.913,0.16764,0.19035268487015497
1133,18.461,75.255,0.19296,0.2255782722666567
1134,18.462,74.22800000000001,0.2148,0.15892899194100626
1135,18.462,76.006,0.050094,0.2556500634981971
1136,18.462,75.226,0.31577,0.22246122582525094
1137,18.464000000000002,74.729,0.09690399999999999,0.17388406487083227
1138,18.465,75.236,0.40349,0.22308640690797718
1139,18.465,74.539,0.13530999999999999,0.16243072606772432
1140,18.465999999999998,75.22800000000001,0.1587,0.22213008153728706
1141,18.467,75.226,0.17540999999999998,0.22179106383652367
1142,18.467,75.241,0.14032,0.22332890744310072
1143,18.468,75.221,0.5263,0.22114401226729272
1144,18.469,74.609,0.10172,0.16573040435281602
1145,18.469,75.265,0.35086,0.22549176211262498
1146,18.469,74.73,0.1755,0.1736381408574965
1147,18.47,75.105,0.15787,0.20879373545242716
1148,18.47,74.494,0.20164,0.16056430109113493
1149,18.471,74.256,0.23389000000000001,0.15854864949379086
1150,18.471,75.203,0.12278,0.21889627692975397
1151,18.472,75.105,0.12278,0.20855980574161656
1152,18.473,75.221,0.31577,0.22048988160072366
1153,18.473,75.262,0.11692999999999999,0.22464968588251719
1154,18.474,74.227,0.1886,0.1592228537157204
1155,18.474,74.64699999999999,0.09428099999999999,0.1677128573682499
1156,18.474,74.622,0.3684,0.16624086583863726
1157,18.475,75.235,0.6491100000000001,0.2216580062113471
1158,18.476,74.221,0.19646,0.15942506906899132
1159,18.476,74.608,0.15949000000000002,0.16538132309473128
1160,18.476,73.487,0.10022,0.2332313805047492
1161,18.476,74.204,0.22266,0.15990343257758463
1162,18.476,74.617,0.13355999999999998,0.16587407007730545
1163,18.477,75.17399999999999,0.2247,0.21514362150721253
1164,18.477,74.737,0.15711,0.1736607538048743
1165,18.477,75.184,0.066886,0.2161767538096134
1166,18.477,75.237,0.28068000000000004,0.22160082799842315
1167,18.479,75.243,0.10022,0.22194786691062204
1168,18.479,74.233,0.2017,0.1591983967122886
1169,18.48,73.76899999999999,0.36756,0.19374825791042924
1170,18.48,74.638,0.14926,0.1668980978500478
1171,18.480999999999998,74.892,0.12161,0.186388466709249
1172,18.480999999999998,74.749,0.09428099999999999,0.17431372124447506
1173,18.482,74.708,0.11002999999999999,0.17128220997494267
1174,18.483,75.056,0.15118,0.20227305768699452
1175,18.484,75.23899999999999,0.17540999999999998,0.22090478467162575
1176,18.484,74.921,0.2105,0.18883813552424786
1177,18.485,75.248,0.43858,0.2216792238478454
1178,18.485,75.252,0.19296,0.22207836587323312
1179,18.485,75.309,0.081974,0.22766028068185704
1180,18.486,74.13600000000001,0.33331,0.1628769010862818
1181,18.486,75.069,0.050094,0.2032825796658115
1182,18.486,74.538,0.18074,0.16177584288300093
1183,18.486,74.907,0.2105,0.18735694554427404
1184,18.486,75.23899999999999,0.26313000000000003,0.22065203582033407
1185,18.487000000000002,74.509,0.15711,0.1606944510464617
1186,18.488,74.226,0.14144,0.15961293031591559
1187,18.488,74.492,0.1624,0.16013473618960225
1188,18.488,75.248,0.31577,0.22129924216074878
1189,18.488,75.257,0.35086,0.2221933069561622
1190,18.489,75.226,0.49121000000000004,0.21897355588877707
1191,18.491,75.23899999999999,0.28068000000000004,0.22002786018025164
1192,18.491,75.234,0.35086,0.21952878164361309
1193,18.491,75.241,0.26313000000000003,0.2202271680438391
1194,18.491,74.097,0.14407999999999999,0.1651227995432246
1195,18.491,74.726,0.1988,0.17204867455240067
1196,18.492,74.334,0.20047,0.1580171770108489
1197,18.492,75.02199999999999,0.22888000000000003,0.19792745297632283
1198,18.492,75.226,0.35086,0.2186058267569568
1199,18.493,74.745,0.14667,0.17330269268720896
1200,18.494,74.408,0.13355999999999998,0.15831856891077165
1201,18.494,75.256,0.31577,0.2213411380779383
1202,18.495,74.506,0.089026,0.16044463910144877
1203,18.496,75.19800000000001,0.10355999999999999,0.21531477422195952
1204,18.496,75.23899999999999,0.26313000000000003,0.21941465492506626
1205,18.497,75.202,0.050227,0.21559996499257236
1206,18.497,75.243,0.40349,0.21968924192616
1207,18.498,75.215,0.12361,0.21678506523229132
1208,18.498,75.074,0.11692999999999999,0.20254278634617315
1209,18.499000000000002,74.393,0.099469,0.1581764989577434
1210,18.5,74.21300000000001,0.18336,0.16036329329904916
1211,18.5,75.13,0.11692999999999999,0.20799056834818816
1212,18.500999999999998,74.245,0.1624,0.15947910622824876
1213,18.500999999999998,75.281,0.12361,0.22291050807636267
1214,18.502,75.556,0.31326,0.24534298280232733
1215,18.502,74.217,0.14144,0.16030196534996774
1216,18.502,74.232,0.19379000000000002,0.159854440091142
1217,18.503,74.22399999999999,0.1755,0.16011866881847467
1218,18.503,74.885,0.09019500000000001,0.18401810346688627
1219,18.503,75.243,0.40349,0.21896795783042697
1220,18.504,74.243,0.16764,0.15961570733340144
1221,18.505,73.755,0.17540999999999998,0.19801156412735152
1222,18.505,74.265,0.22637,0.15912221608381558
1223,18.506,74.89,0.28068000000000004,0.18423804791427853
1224,18.506,74.795,0.12044,0.1763179010034702
1225,18.506,75.205,0.56139,0.21486147280529697
1226,18.507,74.249,0.14144,0.15954871859002226
1227,18.507,75.227,0.19296,0.2169246079423985
1228,18.507,74.66,0.09019500000000001,0.16705596605910364
1229,18.507,75.064,0.21718,0.2006500658706046
1230,18.508,74.914,0.10189,0.18623329723689205
1231,18.509,74.225,0.19646,0.16028361148610046
1232,18.509,75.218,0.38594,0.2158080288212557
1233,18.51,74.22,0.17288,0.1604749351094533
1234,18.51,74.245,0.14406,0.15974076848909044
1235,18.51,75.218,0.8771899999999999,0.21569456222037117
1236,18.51,74.251,0.15192,0.159585282737808
1237,18.512,74.229,0.18074,0.16026071366997838
1238,18.512,74.339,0.11442000000000001,0.15825112653757653
1239,18.512,74.565,0.24559,0.16223269822789407
1240,18.512,75.918,0.10022,0.2513126372581509
1241,18.512999999999998,75.03399999999999,0.083512,0.19713631618684888
1242,18.514,74.524,0.21509,0.16071399318518595
1243,18.514,74.331,0.19646,0.15834101685579757
1244,18.515,74.23899999999999,0.20432,0.1600632641775905
1245,18.516,74.827,0.14901,0.17824367442460118
1246,18.517,74.611,0.08017,0.16413551559846815
1247,18.517,75.23,0.20131,0.2160835612063796
1248,18.519000000000002,74.17699999999999,0.11524000000000001,0.16244443072144807
1249,18.519000000000002,74.244,0.18074,0.16005077075598736
1250,18.52,74.196,0.17288,0.16170454930649966
1251,18.521,74.181,0.15716,0.16235937253032015
1252,18.521,75.28699999999999,0.24225,0.22109142971324855
1253,18.522000000000002,74.253,0.18074,0.1598998862625832
1254,18.522000000000002,74.53399999999999,0.14144,0.1609254169060493
1255,18.523,74.502,0.05185599999999999,0.1599706839364252
1256,18.524,75.419,0.11262,0.2324056753879112
1257,18.524,75.567,0.11025,0.2429302917581931
1258,18.526,74.843,0.094205,0.17892901465200547
1259,18.526,75.393,0.20164,0.2299980715016686
1260,18.526,75.39399999999999,0.20432,0.23008246676102603
1261,18.527,74.866,0.12278,0.180750801830573
1262,18.527,75.035,0.09019500000000001,0.19600510021302617
1263,18.527,74.84899999999999,0.26313000000000003,0.17935481754769975
1264,18.528,75.226,0.066803,0.21449796466646762
1265,18.529,75.35300000000001,0.030226999999999997,0.2261817242856727
1266,18.529,74.551,0.12044,0.16140268336416339
1267,18.531,74.253,0.23012,0.16019682153876832
1268,18.531,75.141,0.12445,0.20592829080979488
1269,18.531,75.227,0.066936,0.21427690390055773
1270,18.535999999999998,75.199,0.0095826,0.21106896631376723
1271,18.535999999999998,74.548,0.20956,0.16121128508392887
1272,18.535999999999998,74.958,0.11442000000000001,0.18813220513158144
1273,18.537,75.221,0.25478,0.2130803262013816
1274,18.537,75.09899999999999,0.030168,0.2012962147341176
1275,18.538,74.145,0.19045,0.16490000365913568
1276,18.538,74.26899999999999,0.17288,0.16000115810285462
1277,18.538,75.29899999999999,0.2105,0.22029674807472663
1278,18.54,74.038,0.16455,0.171985948301797
1279,18.54,74.248,0.1886,0.16066445114497682
1280,18.541,74.187,0.19296,0.16299806780027234
1281,18.541,74.316,0.17082,0.15911370589952897
1282,18.541,74.042,0.16121,0.17174914993017806
1283,18.543,74.452,0.19296,0.158966702411363
1284,18.543,74.16,0.38594,0.16438037648022094
1285,18.544,74.237,0.14144,0.16117289352518369
1286,18.544,74.24,0.15716,0.16107254194879814
1287,18.544,74.142,0.2105,0.16538296633202262
1288,18.545,74.222,0.1562,0.16174680593498877
1289,18.545,74.156,0.33331,0.1646893796308607
1290,18.547,74.176,0.15787,0.16379501823081385
1291,18.547,74.171,0.2105,0.1640366468808445
1292,18.55,75.148,0.17374,0.20484904922446476
1293,18.55,74.986,0.25895999999999997,0.1896683621215612
1294,18.552,74.153,0.29822,0.16522156594788603
1295,18.552,74.168,0.17540999999999998,0.16444224802725968
1296,18.553,74.036,0.15787,0.17305821199016988
1297,18.554000000000002,75.01899999999999,0.099385,0.19238567517432512
1298,18.555999999999997,74.15899999999999,0.80701,0.16511959506674187
1299,18.557000000000002,74.314,0.17875,0.15961006005205
1300,18.558,74.03699999999999,0.45611999999999997,0.1733399827504931
1301,18.559,74.558,0.1362,0.1613361300471405
1302,18.559,74.967,0.24225,0.18737740654075172
1303,18.559,75.184,0.12445,0.20746513671120134
1304,18.559,74.296,0.2222,0.16005185938566432
1305,18.56,74.036,0.42103,0.17356557094594213
1306,18.561,74.828,0.16756,0.1759502394250497
1307,18.561,75.24600000000001,0.16037,0.21307400276432217
1308,18.561,74.166,0.7017399999999999,0.16502404713397797
1309,18.562,74.166,0.85964,0.1650785437056311
1310,18.562,74.195,0.2222,0.1636564735321889
1311,18.562,74.192,0.6842,0.163794969053461
1312,18.562,75.182,0.15285,0.20701227023705368
1313,18.563,74.171,0.54384,0.16487408611149132
1314,18.566,75.183,0.11359000000000001,0.2067591161587152
1315,18.567,75.119,0.066067,0.20068566774933624
1316,18.567,75.501,0.26313000000000003,0.23342368763995833
1317,18.567999999999998,74.176,0.22303,0.16488981773030895
1318,18.567999999999998,74.164,0.5263,0.16551670625073298
1319,18.567999999999998,74.165,0.3684,0.16546325438100237
1320,18.569000000000003,75.314,0.13364,0.21844517299517083
1321,18.57,75.074,0.12361,0.1962832946200381
1322,18.570999999999998,74.16199999999999,0.35086,0.1657946446602608
1323,18.570999999999998,75.08800000000001,0.15703,0.19750098083661846
1324,18.570999999999998,74.874,0.058548,0.17898604298732065
1325,18.570999999999998,74.48,0.1755,0.15956227053621083
1326,18.572,74.15100000000001,0.22804000000000002,0.16646559821019044
1327,18.573,74.154,0.45611999999999997,0.1663541672476266
1328,18.573,74.155,0.45611999999999997,0.16629778830007966
1329,18.573,75.197,0.091866,0.20746543549609994
1330,18.573,74.024,0.61402,0.17552968879891948
1331,18.573,75.564,0.49121000000000004,0.2366789211980562
1332,18.574,74.021,0.17540999999999998,0.17586160386271274
1333,18.574,74.263,0.1988,0.1615493342039884
1334,18.574,74.38600000000001,0.14901,0.15920048384888127
1335,18.575,74.292,0.15703,0.1607358950448907
1336,18.575,75.171,0.09019500000000001,0.20489023085907818
1337,18.576,74.15899999999999,0.5263,0.16624930887325615
1338,18.576,74.766,0.07331900000000001,0.17110910912118935
1339,18.578,74.024,0.40349,0.1759174650738967
1340,18.579,74.024,0.38594,0.17599554196118625
1341,18.579,74.34899999999999,0.1516,0.1597138919737547
1342,18.579,75.04899999999999,0.15202000000000002,0.1933837698479904
1343,18.579,74.029,0.19296,0.1755717795399415
1344,18.579,74.175,0.22804000000000002,0.16555402016147033
1345,18.579,75.164,0.15202000000000002,0.20392315965520688
1346,18.58,74.15100000000001,0.61402,0.16694357823988057
1347,18.58,75.12,0.12863,0.19978870115149203
1348,18.58,74.023,0.28068000000000004,0.17615930785478282
1349,18.581,74.175,0.15787,0.16566827481451238
1350,18.581,75.227,0.16037,0.2095465369644641
1351,18.582,74.165,0.45611999999999997,0.16626844768391277
1352,18.582,75.555,0.56139,0.2351651031990117
1353,18.582,75.145,0.16539,0.20194032278229743
1354,18.583,75.782,0.15035,0.24306154251456166
1355,18.584,74.171,0.22303,0.16605684301951726
1356,18.586,74.152,0.22971999999999998,0.16725181233890093
1357,18.587,75.56,0.28068000000000004,0.23491511872355117
1358,18.587,74.169,0.40349,0.16634339093877445
1359,18.587,75.359,0.10022,0.22057514065943637
1360,18.589000000000002,74.378,0.2017,0.15966839565320942
1361,18.589000000000002,75.509,0.49121000000000004,0.23159122454717526
1362,18.589000000000002,75.523,0.17540999999999998,0.23248662632104775
1363,18.59,74.20100000000001,0.19546,0.16485497564439763
1364,18.59,74.831,0.12829000000000002,0.1750194915703794
1365,18.590999999999998,75.257,0.12111,0.211414126987944
1366,18.590999999999998,75.226,0.13949,0.20863537618914704
1367,18.592,74.171,0.71929,0.16653187945976608
1368,18.593,75.227,0.24225,0.20856623182977782
1369,18.594,74.166,0.1562,0.1669342370142017
1370,18.596,75.471,0.49121000000000004,0.22832332552747
1371,18.596,75.469,0.19296,0.22818312302486218
1372,18.597,75.548,0.43858,0.23318284830442446
1373,18.597,75.688,0.11192,0.2395583638301648
1374,18.597,75.248,0.14784,0.21012621818191787
1375,18.601,73.41,0.1963,0.263766026122946
1376,18.601,75.539,0.5263,0.23224979950181454
1377,18.602,74.109,0.18293,0.1710891912187403
1378,18.602999999999998,75.434,0.22804000000000002,0.2249926399190367
1379,18.607,74.612,0.11325,0.16300170495620211
1380,18.608,74.329,0.2222,0.16114587785769127
1381,18.608,75.587,0.31577,0.23422035583705633
1382,18.608,75.006,0.11442000000000001,0.1879507382686861
1383,18.609,74.26899999999999,0.20131,0.16297130367143262
1384,18.609,74.101,0.17540999999999998,0.1721663104207852
1385,18.609,74.102,0.15452,0.17209340978279117
1386,18.609,75.554,0.19296,0.23234008772077105
1387,18.609,74.123,0.16288,0.17061217827497052
1388,18.609,75.477,0.26313000000000003,0.2275055245463182
1389,18.609,74.09899999999999,0.17457999999999999,0.1723127551143094
1390,18.61,75.469,0.38594,0.22686295449089208
1391,18.61,74.332,0.22721,0.16116027804502894
1392,18.611,74.382,0.19471,0.1603324787561847
1393,18.613,75.09,0.13447,0.1949324148744603
1394,18.615,75.604,0.3684,0.2343785000991032
1395,18.616,74.222,0.33331,0.16532267484783522
1396,18.618,75.297,0.088524,0.21275619045786295
1397,18.618,75.539,0.38594,0.23062482307382723
1398,18.618,74.11399999999999,0.1729,0.17188556552031628
1399,18.619,74.112,0.16204000000000002,0.17210224811543537
1400,18.619,74.173,0.21718,0.16811423878980722
1401,18.619,74.113,0.15285,0.17203038648948085
1402,18.62,75.60300000000001,0.19296,0.23385450147300788
1403,18.62,74.089,0.15536,0.1738908184846993
1404,18.62,74.109,0.15452,0.17239313591503266
1405,18.621,75.266,0.16706,0.20988867807698716
1406,18.621,74.234,0.23139,0.16505251099499926
1407,18.621,75.014,0.16539,0.18799946042555213
1408,18.621,75.142,0.14951,0.1990369488661657
1409,18.621,74.08800000000001,0.15035,0.17404487410061428
1410,18.621,74.097,0.16288,0.173357250556034
1411,18.621,75.551,0.2105,0.23104287071618632
1412,18.621,75.60600000000001,0.26313000000000003,0.2339027054405832
1413,18.622,74.447,0.17608,0.1602970592290319
1414,18.622,75.021,0.10522999999999999,0.18853834675930833
1415,18.622,74.098,0.18293,0.17335772657411283
1416,18.622,74.67399999999999,0.15716,0.16540303139413856
1417,18.622,74.008,0.49121000000000004,0.1809935878538987
1418,18.622,74.308,0.14144,0.16232241032803282
1419,18.623,74.093,0.17875,0.17381382913981266
1420,18.623,75.612,0.24559,0.2339946182221949
1421,18.623,74.119,0.18126,0.1718956537814502
1422,18.623,75.60300000000001,0.22804000000000002,0.23357399898006612
1423,18.624000000000002,75.61,0.43858,0.23380951146429993
1424,18.624000000000002,75.185,0.15787,0.2026329749656209
1425,18.625,75.554,0.33331,0.23085001598906804
1426,18.625999999999998,74.09,0.15536,0.1742765970300378
1427,18.625999999999998,75.006,0.048289,0.18711360356920057
1428,18.627,74.09,0.17374,0.17435433169788414
1429,18.63,75.535,0.6842,0.22931883771643644
1430,18.631,75.575,0.2105,0.23145260560802303
1431,18.632,75.617,0.35086,0.2333981944780454
1432,18.634,74.195,0.21384,0.16783459331486258
1433,18.635,73.969,0.17540999999999998,0.18603057775576923
1434,18.636,74.22800000000001,0.16121,0.16623045692118973
1435,18.636,75.607,0.33331,0.23258988274604894
1436,18.636,74.95,0.091866,0.18226353701779793
1437,18.637,75.245,0.15787,0.20701315050958033
1438,18.637,75.524,0.33331,0.22807157642222683
1439,18.637,75.199,0.14784,0.20306044964355072
1440,18.637999999999998,75.585,0.25144,0.231356031993985
1441,18.639,75.196,0.16037,0.20268478644147656
1442,18.639,74.242,0.16121,0.16574629750941203
1443,18.639,74.992,0.21216999999999997,0.18545759533203818
1444,18.639,75.607,0.19296,0.23232951253873643
1445,18.64,74.278,0.22386999999999999,0.16427667202880966
1446,18.64,74.031,0.66666,0.18042794555546635
1447,18.641,74.19,0.16121,0.1685850788976979
1448,18.641,74.031,0.71929,0.1805153630622783
1449,18.641,75.62899999999999,0.11108,0.23312643076627435
1450,18.642,74.436,0.15787,0.1609582320902013
1451,18.643,75.604,0.38594,0.2318495763029723
1452,18.648,74.308,0.56139,0.16363991630021876
1453,18.649,74.2,0.22721,0.16855305667614193
1454,18.651,75.229,0.20131,0.2048185849646826
1455,18.652,74.676,0.050169,0.16553495575701346
1456,18.652,76.19800000000001,0.15202000000000002,0.21435594499967323
1457,18.655,74.02600000000001,0.17540999999999998,0.18222541668026468
1458,18.655,74.245,0.2222,0.16659463675642858
1459,18.657,74.007,0.6842,0.18424258045700745
1460,18.657,74.014,0.8947299999999999,0.18355751088780556
1461,18.657,74.025,0.6842,0.18250103433782702
1462,18.657,74.141,0.21300999999999998,0.17289002964898145
1463,18.657,74.313,0.16371,0.16396304997079988
1464,18.660999999999998,74.008,0.31577,0.18451579711735264
1465,18.660999999999998,75.265,0.087689,0.20727124864661547
1466,18.662,74.906,0.10189,0.17835371569187317
1467,18.663,74.774,0.18377000000000002,0.17013726645776558
1468,18.671,74.176,0.17792,0.1715844458498139
1469,18.676,74.139,0.2222,0.17452690084062425
1470,18.677,74.366,0.015506,0.16351835653503796
1471,18.678,73.987,0.66666,0.1882803913368619
1472,18.678,74.304,0.20883000000000002,0.16549740043319103
1473,18.679000000000002,74.17399999999999,0.40349,0.17232250863983697
1474,18.680999999999997,74.291,0.15787,0.166194755809524
1475,18.682000000000002,74.199,0.20047,0.17095882130916548
1476,18.683,74.196,0.20715999999999998,0.17121782813489692
1477,18.683,75.16,0.15202000000000002,0.1975514696490482
1478,18.684,74.454,0.086853,0.16250279153420585
1479,18.686,74.933,0.20965999999999999,0.17984908265213936
1480,18.688,74.188,0.15118,0.17210096203421174
1481,18.689,74.183,0.17374,0.17250195017838751
1482,18.69,75.10600000000001,0.033460000000000004,0.19291827590816132
1483,18.692999999999998,74.561,0.19997,0.1632386090609603
1484,18.695999999999998,74.28,0.17875,0.1676462004724791
1485,18.697,74.38600000000001,0.09951900000000001,0.16412623706928495
1486,18.697,75.0,0.14951,0.1845151498282693
1487,18.701,74.21,0.31577,0.17172083744578467
1488,18.701,74.248,0.17540999999999998,0.16956133785417912
1489,18.701,74.28699999999999,0.18126,0.1676704661544056
1490,18.702,74.229,0.2222,0.1706764485406684
1491,18.704,74.656,0.16764,0.16562592286413322
1492,18.704,74.07600000000001,0.5789300000000001,0.18208165911978588
1493,18.704,74.215,0.5789300000000001,0.17164757686774454
1494,18.704,75.207,0.091866,0.2006173128087558
1495,18.704,75.211,0.09855,0.2009385318585067
1496,18.706,74.196,0.1562,0.17298817996182722
1497,18.706,74.086,0.20715999999999998,0.18137707297760217
1498,18.706,75.997,0.091866,0.22750994958653312
1499,18.706,74.747,0.24559,0.16905391944793755
1500,18.707,75.023,0.06513200000000001,0.18606418843442948
1501,18.708,73.756,0.16288,0.2210715842576336
1502,18.709,74.222,0.17540999999999998,0.17161233920995186
1503,18.712,74.222,0.19713,0.17184309055936917
1504,18.715,74.153,0.087689,0.17672323940274967
1505,18.718,76.244,0.1587,0.20416153047088034
1506,18.722,74.093,0.16037,0.18223409775840035
1507,18.725,75.391,0.22804000000000002,0.21390288366791152
1508,18.727,75.169,0.16037,0.19694990121342978
1509,18.727,75.05199999999999,0.18209,0.18795124573246744
1510,18.727999999999998,74.975,0.29822,0.18239468350271745
1511,18.734,74.771,0.2148,0.17058767900746039
1512,18.735,74.21600000000001,0.017511000000000002,0.1740429979580834
1513,18.735,74.692,0.16706,0.16755355099268407
1514,18.737000000000002,73.541,0.055942,0.2598907422566351
1515,18.742,74.738,0.31577,0.16938280283209747
1516,18.743,74.899,0.3684,0.17749322952676358
1517,18.744,74.245,0.1493,0.17301069052290405
1518,18.749000000000002,74.574,0.09951900000000001,0.16556745587406305
1519,18.750999999999998,74.893,0.21635,0.17721577875315783
1520,18.753,74.334,0.15452,0.16933243121295047
1521,18.753,74.215,0.50876,0.17561164212679478
1522,18.753,74.54899999999999,0.61402,0.16558092508819652
1523,18.754,74.33800000000001,0.1562,0.16924646779280725
1524,18.755,75.126,0.12612,0.19320616105638208
1525,18.757,75.992,0.14032,0.22506017213431148
1526,18.757,74.235,0.85964,0.17467743222889318
1527,18.758,73.49,0.1303,0.27186824459254055
1528,18.76,74.395,0.94737,0.16775713591577576
1529,18.76,74.237,0.59648,0.17480599649234782
1530,18.761,75.428,0.015163,0.21517935682816178
1531,18.762999999999998,75.468,0.12612,0.21763676175431265
1532,18.765,74.906,0.17288,0.1781641112080837
1533,18.766,73.524,0.00091064,0.2668992866861599
1534,18.767,73.652,0.11275,0.2449907042529372
1535,18.768,74.043,0.78947,0.19154149181504196
1536,18.769000000000002,74.77,0.2105,0.17140133508547126
1537,18.774,74.241,0.17875,0.17574963494525805
1538,18.774,74.639,0.16764,0.16762161527975203
1539,18.779,74.684,0.1624,0.16885338645225487
1540,18.779,74.168,0.20047,0.18131745566464882
1541,18.781,73.99,0.8245600000000001,0.19867931709180572
1542,18.782,74.193,0.15787,0.17970680776298562
1543,18.782,74.683,0.20047,0.16895226825742535
1544,18.785,74.57300000000001,0.11262,0.16735297825735826
1545,18.785999999999998,74.119,0.064714,0.18608614767243334
1546,18.785999999999998,74.535,0.24559,0.16733855040629605
1547,18.788,74.185,0.16037,0.18085736314582143
1548,18.789,74.268,0.20715999999999998,0.1754207437149264
1549,18.794,74.67699999999999,0.10477,0.16933167704786653
1550,18.795,74.783,0.15192,0.17277389813170316
1551,18.795,74.54899999999999,0.1755,0.16785321150926788
1552,18.796,74.125,0.22386999999999999,0.1865515275240631
1553,18.798,74.219,0.22554000000000002,0.17933052027651872
1554,18.799,74.404,0.13882,0.17026624762540496
1555,18.799,74.413,0.09690399999999999,0.17000569148056363
1556,18.799,73.791,0.093955,0.22716375916284012
1557,18.801,74.407,0.11787,0.17032620950183738
1558,18.802,74.15100000000001,0.21718,0.18490851186192778
1559,18.802,74.289,0.18042,0.17535930426137156
1560,18.805,74.906,0.18074,0.17898835501999408
1561,18.805999999999997,74.343,0.17875,0.17304908495686674
1562,18.805999999999997,75.10300000000001,0.050211,0.19155917332281966
1563,18.805999999999997,74.456,0.3684,0.1694834643640237
1564,18.805999999999997,74.896,0.20465,0.17847080361053488
1565,18.808,74.422,0.17549,0.17042413599810655
1566,18.809,74.345,0.15425,0.17320794558984662
1567,18.809,74.67,0.20694,0.1698970282363442
1568,18.811,74.665,0.13358,0.16989717589928974
1569,18.811,74.735,0.1624,0.1716924015481329
1570,18.816,74.779,0.08641900000000001,0.17342663633199648
1571,18.817,75.28,0.15285,0.20424023403180322
1572,18.817999999999998,74.335,0.20047,0.17440573115850974
1573,18.819000000000003,74.20100000000001,0.1399,0.18260760232669146
1574,18.820999999999998,74.83,0.18598,0.17571767471553798
1575,18.826,74.40100000000001,0.10214,0.1724452830432954
1576,18.826,74.075,0.17540999999999998,0.1944218280151578
1577,18.827,74.703,0.16238,0.17156344288293265
1578,18.831,74.391,0.12834,0.1731932851858566
1579,18.832,74.90100000000001,0.12047999999999999,0.1795480145604373
1580,18.833,74.74,0.08017,0.17288019344082847
1581,18.833,74.13600000000001,0.26521999999999996,0.18935031603887584
1582,18.835,73.85,0.1963,0.22303993206196568
1583,18.836,73.834,0.16288,0.2254631145898179
1584,18.836,73.851,0.07098,0.2230213909492402
1585,18.837,74.385,0.1362,0.173908070509706
1586,18.837,73.439,0.081256,0.2922073434471004
1587,18.840999999999998,74.77,0.10472999999999999,0.17423487966069826
1588,18.842,74.774,0.11524000000000001,0.17442052926615334
1589,18.845,74.993,0.047587,0.1851487310893176
1590,18.848,74.835,0.26145999999999997,0.17705505083691628
1591,18.852,73.819,0.10022,0.2296692491322234
1592,18.852,74.61399999999999,0.11259000000000001,0.17162209510763524
1593,18.854,74.036,0.24559,0.20165946545670607
1594,18.854,74.79899999999999,0.1755,0.17590465448748047
1595,18.854,74.854,0.17708,0.17815110685224997
1596,18.855999999999998,74.612,0.099469,0.1718740590232097
1597,18.857,75.938,0.16873,0.22490311543971672
1598,18.857,74.483,0.12047999999999999,0.17276228038718786
1599,18.858,76.331,0.13882,0.1884012543268254
1600,18.862000000000002,74.52600000000001,0.16764,0.1725038291412417
1601,18.864,76.267,0.15035,0.19776924597036202
1602,18.866,74.78399999999999,0.17374,0.17599406014153415
1603,18.868,74.60600000000001,0.09428099999999999,0.17266390140546004
1604,18.87,74.387,0.19384,0.1766750167910169
1605,18.875,75.914,0.11692999999999999,0.22558067745591534
1606,18.875999999999998,74.62,0.06179,0.17329184137418605
1607,18.879,75.297,0.17540999999999998,0.20602388475579445
1608,18.879,74.64699999999999,0.14668,0.17371779930760853
1609,18.88,74.895,0.19212,0.18124351013734272
1610,18.881,74.652,0.16502,0.17390871831938345
1611,18.881,74.824,0.20956,0.1782477895946085
1612,18.883,74.88600000000001,0.22804000000000002,0.18097014201424563
1613,18.886,74.67699999999999,0.14400000000000002,0.17457573591316974
1614,18.889,74.694,0.14400000000000002,0.17505525148008547
1615,18.892,74.793,0.1362,0.1777689613345946
1616,18.892,74.735,0.12572,0.1761094219014255
1617,18.893,74.923,0.17708,0.18323307862105961
1618,18.896,74.47,0.16238,0.17627011265596323
1619,18.897000000000002,74.843,0.2017,0.1798738613619911
1620,18.898,74.449,0.12047999999999999,0.17701551697236292
1621,18.898,74.89,0.5789300000000001,0.18192471840901178
1622,18.899,74.63,0.1362,0.17501299041767734
1623,18.899,74.468,0.17775,0.17658172371864386
1624,18.903,74.433,0.19471,0.17796318048991985
1625,18.903,74.623,0.16509000000000001,0.1752793436006502
1626,18.906,75.178,0.10472999999999999,0.1988737798596478
1627,18.908,73.938,0.22303,0.21997226068088913
1628,18.91,74.815,0.11692999999999999,0.17960639763432149
1629,18.916,74.50399999999999,0.14144,0.17725406802780083
1630,18.921,74.4,0.1231,0.18086942720968965
1631,18.921,74.749,0.19713,0.178387679283022
1632,18.922,74.517,0.12047999999999999,0.17753749491342993
1633,18.925,74.758,0.15454,0.17888770129556383
1634,18.93,74.77,0.14144,0.1795474189744913
1635,18.932000000000002,74.589,0.2148,0.1776057282006904
1636,18.933,74.961,0.17174,0.18725242788655191
1637,18.934,74.81,0.2017,0.18099882463057634
1638,18.938,74.824,0.17792,0.18173186998568844
1639,18.942,74.70100000000001,0.13614,0.1790051324010928
1640,18.942,74.71600000000001,0.16789,0.17924382703822658
1641,18.945,73.612,0.13364,0.2755705019831155
1642,18.945,74.646,0.19122,0.17870279152622223
1643,18.949,73.497,0.12695,0.2967147185704392
1644,18.951,74.831,0.17708,0.18286534262032902
1645,18.952,74.77600000000001,0.16789,0.1812926201032725
1646,18.952,74.90899999999999,0.1624,0.1859618336148889
1647,18.952,74.712,0.1362,0.17995556436728563
1648,18.953,74.70100000000001,0.12612,0.17987196099978672
1649,18.953,74.083,0.18126,0.2080423579749666
1650,18.954,74.71600000000001,0.14701,0.18017760609735498
1651,18.957,74.679,0.13358,0.179935126577732
1652,18.957,74.639,0.09428099999999999,0.17967995354175223
1653,18.958,73.596,1.0,0.2801002901740359
1654,18.958,74.559,0.18336,0.1801286180368736
1655,18.96,74.958,0.18544000000000002,0.18872737525922742
1656,18.961,74.649,0.18636,0.18005639684996919
1657,18.961,73.593,0.54735,0.2810253553926064
1658,18.962,74.712,0.17708,0.1807547256121411
1659,18.964000000000002,73.597,0.6210399999999999,0.2807137802726878
1660,18.964000000000002,73.512,0.20215,0.2959568470882519
1661,18.965,73.59899999999999,0.5684100000000001,0.280492554614991
1662,18.965999999999998,74.932,0.18544000000000002,0.18790283980587594
1663,18.97,74.921,0.31577,0.1876839125809717
1664,18.971,74.615,0.10607,0.18089592721743228
1665,18.972,74.558,0.1362,0.18143026620428745
1666,18.973,74.638,0.2506,0.1810632625273638
1667,18.976,74.418,0.11692999999999999,0.1856030479614201
1668,18.976,74.73899999999999,0.12044,0.18234648333072154
1669,18.983,74.219,0.093955,0.1986376527365533
1670,18.986,76.02199999999999,0.14926,0.2232463780931365
1671,18.986,74.654,0.1493,0.18225742158207378
1672,18.987000000000002,74.024,0.17540999999999998,0.21887649423991193
1673,18.987000000000002,74.697,0.17792,0.18265637136500465
1674,18.989,74.347,0.12047999999999999,0.1904392567787274
1675,18.989,74.762,0.09855,0.18387276532650262
1676,18.99,74.882,0.1988,0.18752880066403219
1677,18.992,74.829,0.071815,0.18586249414862985
1678,18.992,74.89,0.11525999999999999,0.18798497263472133
1679,18.992,74.896,0.24140999999999999,0.18821904384757845
1680,18.992,74.891,0.11525999999999999,0.188023684272381
1681,18.994,74.506,0.1493,0.1845400458620627
1682,18.995,74.509,0.10214,0.18456694852768327
1683,18.995,74.874,0.21969,0.1876116037556211
1684,18.996,73.598,0.8421,0.2847221965920086
1685,18.996,74.483,0.17288,0.18536171646235264
1686,18.999000000000002,75.225,0.13865,0.20612188297528497
1687,18.999000000000002,74.715,0.14400000000000002,0.18391858124498314
1688,19.000999999999998,74.83800000000001,0.17708,0.18685945129266499
1689,19.002,74.711,0.15703,0.18413242094081103
1690,19.003,74.66199999999999,0.09604299999999999,0.18382683301191946
1691,19.007,74.848,0.16789,0.18766204559560204
1692,19.008,74.86,0.20965999999999999,0.18814033785451054
1693,19.009,74.873,0.20965999999999999,0.18867139554986675
1694,19.009,74.889,0.1044,0.18925511420927407
1695,19.01,74.874,0.18878,0.18878672960962814
1696,19.011,74.66,0.19646,0.1845603972706875
1697,19.012,74.975,0.17708,0.19311635753917952
1698,19.012,74.889,0.1988,0.18949231531784136
1699,19.012999999999998,74.874,0.18878,0.1890272997294
1700,19.017,75.703,0.075157,0.2294500374763205
1701,19.02,74.979,0.18544000000000002,0.1939022121962832
1702,19.024,75.043,0.11692999999999999,0.1973500251587936
1703,19.026,74.685,0.20465,0.18608530512352925
1704,19.027,74.607,0.42103,0.18621454258988554
1705,19.028,74.65100000000001,0.24893,0.18615958241957273
1706,19.029,73.911,0.046751999999999995,0.2388618820218765
1707,19.031,74.808,0.42396000000000006,0.18853193893982742
1708,19.033,74.555,0.1362,0.18746482173571907
1709,19.033,74.64399999999999,0.31577,0.18664811518101507
1710,19.034000000000002,74.171,0.85964,0.20888147465656356
1711,19.034000000000002,75.718,0.15035,0.2305215586222765
1712,19.034000000000002,75.171,0.14365999999999998,0.20512239096592297
1713,19.037,74.134,0.8421,0.21285258949652494
1714,19.04,75.31,0.14032,0.21363795996451038
1715,19.042,75.926,0.15716,0.22975290962584802
1716,19.043,74.316,0.5789300000000001,0.1983952162289838
1717,19.048,74.313,0.5263,0.19917277106604334
1718,19.049,74.78,0.078499,0.18951859094537113
1719,19.05,74.645,0.13865,0.18833154733080945
1720,19.053,74.44800000000001,0.19646,0.19263069603286784
1721,19.053,74.58800000000001,0.3684,0.18904046765490187
1722,19.054000000000002,74.545,0.13358,0.18984941728586843
1723,19.057000000000002,74.752,0.19379000000000002,0.1897700655532741
1724,19.057000000000002,74.633,0.26313000000000003,0.18907758531585514
1725,19.059,76.407,0.35086,0.18374731311855427
1726,19.062,75.94800000000001,0.076828,0.2301333379145681
1727,19.064,75.26,0.15452,0.21236203506474635
1728,19.069000000000003,74.187,0.8421,0.21165098966830595
1729,19.074,73.874,0.1362,0.24989686882715664
1730,19.074,74.134,0.43858,0.21740960887524927
1731,19.074,73.859,0.11524000000000001,0.25209982685709387
1732,19.076,74.635,0.2105,0.19103225878923866
1733,19.078,73.873,0.07331900000000001,0.25055356333797707
1734,19.079,73.855,0.10477,0.2533312677099484
1735,19.079,73.85600000000001,0.10477,0.2531828590759688
1736,19.079,75.492,0.1044,0.22577686179399012
1737,19.083,74.34899999999999,0.63157,0.2009973490867951
1738,19.083,73.85600000000001,0.14668,0.25369346193166287
1739,19.084,74.28699999999999,0.28068000000000004,0.2052388017895513
1740,19.084,74.327,0.5263,0.20249076739485747
1741,19.085,73.858,0.07331900000000001,0.2536522464169677
1742,19.085,74.692,0.18878,0.1919532693243515
1743,19.085,74.77199999999999,0.081841,0.1928249336917793
1744,19.086,74.14699999999999,0.10522999999999999,0.2175854577112791
1745,19.086,74.657,0.6842,0.19200787385943371
1746,19.087,73.859,0.083512,0.25375936553267064
1747,19.088,73.859,0.1362,0.2538868933381834
1748,19.09,76.667,0.31577,0.13050298251229717
1749,19.090999999999998,73.862,0.1362,0.2538262186288862
1750,19.090999999999998,73.88,0.1362,0.2511937792572241
1751,19.092,74.517,0.11787,0.19467356121600862
1752,19.092,73.86,0.1362,0.25424895442893836
1753,19.092,75.33800000000001,0.15703,0.21879653747019742
1754,19.093,76.109,0.33331,0.22305534292994764
1755,19.093,73.861,0.062843,0.25422867293096085
1756,19.093,74.367,0.85964,0.20112176587881644
1757,19.094,73.86399999999999,0.1362,0.2539137887220809
1758,19.094,74.646,0.19296,0.19288445999544154
1759,19.094,74.032,0.26313000000000003,0.23130956796396737
1760,19.095,74.483,0.19053,0.1960633467349869
1761,19.096,73.86399999999999,0.14668,0.2541685559672562
1762,19.098,73.858,0.09428099999999999,0.2553090058590941
1763,19.098,74.186,0.7017399999999999,0.21531396838341552
1764,19.101,74.483,0.1231,0.1967484627666458
1765,19.101,74.63600000000001,0.63157,0.19368483830215086
1766,19.102999999999998,74.907,0.25144,0.1981120400824574
1767,19.102999999999998,74.922,0.14701,0.1986421318862279
1768,19.102999999999998,74.165,0.19685,0.21792757270860183
1769,19.104,76.116,0.20131,0.22325570881013454
1770,19.107,73.86399999999999,0.1886,0.255568213468941
1771,19.108,74.939,0.14176,0.19974497828685686
1772,19.11,74.19800000000001,0.56139,0.21569992998306273
1773,19.111,74.664,0.47743,0.1946589343463506
1774,19.116,74.21600000000001,0.80701,0.21483980203837313
1775,19.118,74.553,0.1912,0.1967176210514082
1776,19.128,74.939,0.17812,0.20167275065397147
1777,19.128,74.70100000000001,0.13614,0.19654387485879807
1778,19.128,74.847,0.1988,0.19877047593559158
1779,19.129,74.453,0.20039,0.20114612169796917
1780,19.13,74.206,0.11525999999999999,0.21746707089843928
1781,19.132,74.71600000000001,0.15703,0.19705395009493507
1782,19.132,75.112,0.10189,0.20977725101240527
1783,19.134,73.95100000000001,0.31737,0.24673952412284114
1784,19.134,73.817,0.06454700000000001,0.2660438607200425
1785,19.135,74.202,0.089777,0.21845199981468197
1786,19.137999999999998,74.548,0.14365999999999998,0.19912376255284134
1787,19.142,73.949,0.23448000000000002,0.2480233881785505
1788,19.142,75.771,0.10022,0.23789249393538522
1789,19.144000000000002,74.266,0.40349,0.21416801889325462
1790,19.144000000000002,75.298,0.0016375,0.2207883805603343
1791,19.145,75.328,0.13614,0.2224879274748289
1792,19.148,73.89699999999999,0.23331,0.25598572770042005
1793,19.148,74.17,0.22804000000000002,0.22308009035218754
1794,19.151,74.72,0.17792,0.19916001402393077
1795,19.153,74.439,0.09195,0.20461574249718903
1796,19.156,74.06,0.081423,0.23583852517025491
1797,19.158,75.332,0.15035,0.223825836985963
1798,19.158,73.71300000000001,0.31744,0.2855348719465963
1799,19.158,74.836,0.13614,0.20163892955155913
1800,19.159000000000002,74.73899999999999,0.0034755000000000003,0.20018741619922029
1801,19.167,73.71600000000001,0.47617,0.28614192212298883
1802,19.168,74.795,0.07231699999999999,0.2019026735565159
1803,19.168,74.789,0.07148099999999999,0.20180391885656077
1804,19.168,74.18,0.0040603,0.22464285385700897
1805,19.169,73.751,0.47617,0.28073034672827524
1806,19.17,74.755,0.010669,0.20156806823328619
1807,19.17,74.77199999999999,0.0022223000000000004,0.20177450577197395
1808,19.171,73.796,0.39671999999999996,0.273894106934623
1809,19.171,73.862,0.31744,0.2639353930272842
1810,19.171,73.87100000000001,0.26397,0.2626201574438537
1811,19.171,73.874,0.1851,0.2621841400011091
1812,19.171,73.882,0.2907,0.26102734857172605
1813,19.171,74.236,0.079334,0.21998920954672982
1814,19.171,74.73899999999999,0.0034755000000000003,0.20152650704450545
1815,19.172,75.209,0.19128,0.21853876573706651
1816,19.172,73.971,0.13063,0.2488975648598056
1817,19.172,73.796,0.8730100000000001,0.27401768952069494
1818,19.174,73.825,0.23801999999999998,0.2698248964417902
1819,19.174,73.85600000000001,0.34417,0.2651925448218526
1820,19.174,73.876,0.1587,0.26226960012952316
1821,19.174,73.565,0.43858,0.3125087189593928
1822,19.174,73.796,0.23799,0.2742646888370701
1823,19.174,74.486,0.18636,0.20524357064360751
1824,19.174,73.721,0.0526,0.28617785375451765
1825,19.176,74.426,0.11787,0.20801477948487443
1826,19.176,74.707,0.34381999999999996,0.20190992791112247
1827,19.177,74.743,0.37027,0.20223605408011056
1828,19.178,74.237,0.47367,0.22078561858760978
1829,19.178,73.822,0.79348,0.2707752972738816
1830,19.178,73.92,0.052867,0.2565337204503614
1831,19.179000000000002,73.561,0.5263,0.31377905448490984
1832,19.179000000000002,74.53699999999999,0.44961999999999996,0.20423303888642216
1833,19.179000000000002,73.89399999999999,0.026701,0.26031134678889
1834,19.180999999999997,73.874,0.21134,0.2634339345853608
1835,19.180999999999997,74.75,0.34381999999999996,0.20275226744941707
1836,19.180999999999997,74.755,0.016592,0.20280257277657207
1837,19.183,73.896,0.10607,0.26052770530272773
1838,19.185,73.86399999999999,0.39681,0.2653881445485269
1839,19.185,73.88600000000001,0.079334,0.26220370168718987
1840,19.185,74.73100000000001,0.10577,0.20305224318566525
1841,19.186,73.76100000000001,0.18544000000000002,0.28121673832813776
1842,19.186,74.712,0.18878,0.20307100086079996
1843,19.186,74.676,0.16789,0.2030509248894504
1844,19.187,73.893,0.39681,0.26145396023246326
1845,19.188,74.377,0.50249,0.2120827657152142
1846,19.188,75.206,0.26313000000000003,0.21991408016588207
1847,19.188,73.903,0.34417,0.26016307812852846
1848,19.188,74.57,0.60834,0.20451899988992692
1849,19.188,73.90899999999999,0.74058,0.2593203094869201
1850,19.188,74.145,0.19296,0.23061746171455685
1851,19.189,73.921,0.55542,0.25777530759926215
1852,19.189,73.747,0.026701,0.28380678848696284
1853,19.189,73.796,0.39671999999999996,0.2761099404700793
1854,19.19,73.839,0.1587,0.26970211377105924
1855,19.19,73.861,0.6875399999999999,0.26644846669118605
1856,19.19,74.566,0.079318,0.2048443791059091
1857,19.19,73.964,0.39671999999999996,0.25208856712306194
1858,19.19,74.563,0.052867,0.20491080641606105
1859,19.191,73.792,0.31744,0.27697330193206393
1860,19.191,73.921,0.9523799999999999,0.258025794846515
1861,19.191,74.392,0.44961,0.21161165838733684
1862,19.191,74.52600000000001,0.39597,0.20598727439663286
1863,19.191,73.90899999999999,0.1587,0.2596954912252092
1864,19.191,73.923,0.21159,0.2577495042627348
1865,19.191,75.208,0.24559,0.22031055994470625
1866,19.192,75.92399999999999,0.020017,0.24023357690578825
1867,19.192,73.749,0.1587,0.28385101886296105
1868,19.192,74.207,0.26313000000000003,0.22517447798043985
1869,19.192,74.558,0.9782799999999999,0.20526554478236844
1870,19.192,73.893,0.5029100000000001,0.2620778263501299
1871,19.192999999999998,73.795,0.21134,0.27675413726464637
1872,19.192999999999998,75.57600000000001,0.10355999999999999,0.2379877398841241
1873,19.194000000000003,74.67699999999999,0.18878,0.20398054761854387
1874,19.194000000000003,74.352,0.50249,0.21433371925110697
1875,19.195,73.748,0.10607,0.28437300339569105
1876,19.195999999999998,74.559,0.1587,0.20572382797375163
1877,19.195999999999998,73.88600000000001,0.60817,0.2635742698332493
1878,19.195999999999998,74.842,0.14701,0.2059265147842759
1879,19.195999999999998,73.766,0.52881,0.28164247826428845
1880,19.195999999999998,74.375,0.37024,0.21319420818677867
1881,19.197,73.92699999999999,0.052867,0.2579498437709371
1882,19.198,74.845,0.18878,0.2062173605885241
1883,19.198,73.91199999999999,0.079318,0.26015061141987494
1884,19.198,73.913,0.052867,0.26001124053193614
1885,19.199,73.92699999999999,0.21159,0.2581999549829278
1886,19.2,74.406,0.079318,0.21197975695651602
1887,19.201,73.71300000000001,0.2907,0.2907253352610959
1888,19.202,74.675,0.15703,0.20492461201088605
1889,19.203,73.868,0.23801999999999998,0.26703760217855643
1890,19.203,74.709,0.44961999999999996,0.20503150726673022
1891,19.203,74.018,0.29095,0.24683154527077264
1892,19.204,73.714,0.31744,0.2909199815590614
1893,19.204,74.569,0.47608999999999996,0.2064645964127841
1894,19.204,74.25,0.47367,0.22298370100677276
1895,19.204,73.911,0.10607,0.261038001926287
1896,19.204,74.589,0.92564,0.2060667137029187
1897,19.204,76.218,0.13614,0.22190654190717415
1898,19.205,73.908,0.31744,0.26158146996954834
1899,19.205,74.017,0.31735,0.24720726786783329
1900,19.205,74.602,0.66123,0.20596668047012642
1901,19.205,74.73899999999999,0.10577,0.20540890452824342
1902,19.206,73.726,0.71413,0.28921800046354074
1903,19.206,73.908,0.079334,0.26170587090963215
1904,19.206,74.67399999999999,0.17792,0.20539953224526827
1905,19.206,74.727,0.212,0.20545074815772255
1906,19.206,73.893,0.39681,0.2638190172126367
1907,19.206,74.681,0.16789,0.20537989748976168
1908,19.207,73.896,0.10607,0.2635180294014595
1909,19.207,74.673,0.14701,0.20552120040813968
1910,19.207,74.558,0.42321000000000003,0.20707825723063308
1911,19.207,74.683,0.1988,0.20549368023187417
1912,19.207,73.89399999999999,0.026701,0.2638012452932861
1913,19.208,74.706,0.31737,0.20561032362314643
1914,19.208,73.892,0.7669100000000001,0.2642089756485644
1915,19.209,73.778,0.10572999999999999,0.281336025628659
1916,19.209,73.875,0.50249,0.26676571388099857
1917,19.209,74.566,0.29095,0.2071364023898102
1918,19.21,73.903,0.47617,0.26290357269725895
1919,19.211,73.92399999999999,0.079318,0.260109290462719
1920,19.211,73.92699999999999,0.60834,0.2596974444621728
1921,19.211,73.758,0.40934,0.2847129295400205
1922,19.212,73.747,0.46781999999999996,0.28657437459419566
1923,19.212,74.671,0.16789,0.20612134385196287
1924,19.215999999999998,73.687,0.10607,0.2967407266281269
1925,19.221,74.89699999999999,0.065232,0.21013042135224055
1926,19.222,74.681,0.15703,0.20727807368832427
1927,19.223,74.673,0.1988,0.2074244972978698
1928,19.224,74.834,0.16789,0.20892651549757732
1929,19.226,74.609,0.66164,0.20839617502803595
1930,19.227,74.207,0.035055,0.22961236200488086
1931,19.227,74.609,0.58228,0.20851777219548448
1932,19.227999999999998,75.003,0.17540999999999998,0.2145339811189035
1933,19.227999999999998,73.643,0.42321000000000003,0.3054058994407657
1934,19.229,74.685,0.062625,0.20810540193597035
1935,19.229,75.514,0.43858,0.23896716275679383
1936,19.23,74.391,0.13358,0.216543374112909
1937,19.23,74.44,0.1204,0.21404663353302508
1938,19.230999999999998,74.689,0.15703,0.20833746435223863
1939,19.236,75.666,0.24559,0.24445157541164828
1940,19.238,74.218,0.10189,0.23002682806625882
1941,19.239,74.693,0.17792,0.209293286726254
1942,19.24,75.557,0.08518200000000001,0.24165646528290083
1943,19.241,74.889,0.31577,0.21218495853134853
1944,19.242,74.14,0.18961,0.23797615559003435
1945,19.242,74.666,0.18878,0.20974868543875766
1946,19.243,75.184,0.11944,0.22438740197541393
1947,19.244,74.65100000000001,0.24140999999999999,0.21009683785318842
1948,19.247,73.843,0.29095,0.27606693524882864
1949,19.249000000000002,73.845,0.052867,0.2760136740343785
1950,19.249000000000002,74.705,0.17792,0.21049637121624307
1951,19.249000000000002,75.711,0.20164,0.24650907564785782
1952,19.25,73.846,0.026417000000000003,0.27598722789310126
1953,19.25,73.847,0.5289699999999999,0.27584059855069754
1954,19.250999999999998,73.846,0.026417000000000003,0.2761075002788954
1955,19.250999999999998,73.848,0.55542,0.2758144306294408
1956,19.250999999999998,73.848,0.34384000000000003,0.2758144306294408
1957,19.252,74.705,0.18878,0.2108595703211675
1958,19.253,73.848,0.1851,0.27605491566697293
1959,19.253,74.77199999999999,0.14701,0.21135988221467347
1960,19.253,75.21300000000001,0.45611999999999997,0.2269028227694113
1961,19.254,74.278,0.17540999999999998,0.22709480023202763
1962,19.254,74.676,0.16789,0.21115889431451526
1963,19.256,74.62,0.50876,0.21191170997723516
1964,19.257,75.72800000000001,0.11787,0.2475047062963964
1965,19.257,74.77199999999999,0.11525999999999999,0.21183876192913528
1966,19.258,74.67,0.17792,0.21167710522783198
1967,19.259,74.908,0.5263,0.21479462939654234
1968,19.261,74.27600000000001,0.083512,0.2281401948280861
1969,19.262,74.145,0.14784,0.23999922086367173
1970,19.262,74.687,0.16789,0.21209770999723318
1971,19.262999999999998,75.515,0.24559,0.2423384945399832
1972,19.264,75.359,0.46113000000000004,0.23541058627596986
1973,19.266,74.735,0.081841,0.21263810543088454
1974,19.267,75.817,0.24559,0.24882132641958019
1975,19.268,76.307,0.089042,0.21764768752467398
1976,19.272000000000002,73.882,0.23723000000000002,0.27344417327173076
1977,19.278,74.277,0.14365999999999998,0.2302271554987447
1978,19.289,74.068,0.17708,0.25168368101439265
1979,19.291,74.411,0.32161,0.22319544492676321
1980,19.292,74.483,0.13355999999999998,0.22003682661229115
1981,19.293,74.619,0.33331,0.2165324775446905
1982,19.294,74.771,0.12612,0.21631940473947162
1983,19.299,74.418,0.1204,0.2238539618902635
1984,19.299,74.618,0.26313000000000003,0.21730131887082701
1985,19.3,75.967,0.22804000000000002,0.24908169911734188
1986,19.3,75.95,0.29822,0.24968007532126876
1987,19.301,74.694,0.16789,0.21689924246986966
1988,19.303,74.778,0.14701,0.21749662899431063
1989,19.311,73.756,0.10607,0.29661584484105774
1990,19.317,75.633,0.38594,0.2517933310953282
1991,19.32,74.783,0.033134,0.2196530385496018
1992,19.32,76.15,0.29822,0.24016244554921504
1993,19.322,75.436,0.086352,0.24521917202797713
1994,19.323,74.428,0.15064,0.22641931362861875
1995,19.327,74.03699999999999,0.39671999999999996,0.2599628530724851
1996,19.328,76.12,0.14144,0.24344048197491783
1997,19.329,74.806,0.17792,0.22105635767194928
1998,19.331,74.025,0.74059,0.2618730652246084
1999,19.337,75.693,0.42103,0.25520493247378784
2000,19.34,74.038,0.39597,0.2614274578339363
2001,19.345,75.331,0.12572,0.24290827385060684
2002,19.352999999999998,75.183,0.42103,0.2367133933896459
2003,19.357,75.222,0.35086,0.23903459392257806
2004,19.358,75.45,0.11944,0.2498376332694485
2005,19.358,75.896,0.18074,0.2573006956134579
2006,19.364,75.627,0.27232,0.2567442313081185
2007,19.367,75.632,0.18878,0.25720509244708933
2008,19.367,73.991,0.25645,0.27030912618589886
2009,19.369,74.532,0.19384,0.22817902919997565
2010,19.371,75.89,0.12695,0.25885247693007685
2011,19.379,75.22,0.13832,0.24154368836466197
2012,19.387999999999998,75.441,0.35086,0.25288581134742416
2013,19.39,74.531,0.12834,0.23090752720458405
2014,19.391,75.688,0.29822,0.2610846614125991
2015,19.392,74.07,0.18126,0.26404539324204945
2016,19.392,74.067,0.093537,0.26437732628872346
2017,19.394000000000002,74.256,0.66123,0.24656384128257477
2018,19.395,74.273,0.39671999999999996,0.24536231677148432
2019,19.395,74.274,0.50252,0.24528586756187473
2020,19.395,74.602,0.074322,0.22981330193999314
2021,19.396,74.273,0.5289699999999999,0.24548763631742673
2022,19.396,74.274,0.29095,0.24541120915433276
2023,19.396,74.274,0.29095,0.24541120915433276
2024,19.397000000000002,74.274,0.60832,0.2455365149809546
2025,19.398,75.744,0.3684,0.26259432217774603
2026,19.399,76.507,0.35086,0.20099158075383292
2027,19.403,75.425,0.14617,0.2539425309694444
2028,19.404,74.589,0.09428099999999999,0.23122452382088074
2029,19.406,74.52600000000001,0.20724,0.2331186009856646
2030,19.406,74.681,0.17792,0.23028665516047928
2031,19.406,75.237,0.35086,0.2455866458435468
2032,19.407,74.79899999999999,0.23055,0.23081111178929978
2033,19.408,75.196,0.29822,0.24391375410190427
2034,19.414,74.555,0.16764,0.2333090655723183
2035,19.414,74.732,0.14176,0.23123107719980016
2036,19.414,75.587,0.28068000000000004,0.26130178580352803
2037,19.421,75.587,0.29822,0.26211342205599253
2038,19.422,74.807,0.14701,0.2328273609098279
2039,19.422,75.709,0.26313000000000003,0.264947336989908
2040,19.423,75.225,0.38594,0.24708684156427826
2041,19.424,75.218,0.31577,0.2468830836093536
2042,19.425,75.82600000000001,0.11442000000000001,0.2657682690814097
2043,19.427,74.918,0.2105,0.23566450801639147
2044,19.429000000000002,75.794,0.31577,0.26633705743364133
2045,19.429000000000002,76.587,0.12278,0.18891342914856932
2046,19.43,75.711,0.18598,0.26589812250388134
2047,19.433,75.192,0.18627,0.2467876831401111
2048,19.434,75.237,0.28068000000000004,0.24898905497029597
2049,19.438,76.196,0.066819,0.2495711634541474
2050,19.439,75.236,0.40349,0.24955438518119574
2051,19.442,74.418,0.12737,0.24211509510898874
2052,19.447,75.44,0.28068000000000004,0.2597967403486987
2053,19.448,75.234,0.42103,0.2505660184304679
2054,19.451,75.277,0.2105,0.25293406463301316
2055,19.455,75.824,0.26313000000000003,0.2692582109995708
2056,19.456,75.289,0.31577,0.2541044266913618
2057,19.456,75.611,0.3684,0.2668940243755379
2058,19.456,75.255,0.35086,0.2525236550872596
2059,19.457,74.785,0.17792,0.23707184559513236
2060,19.459,76.35,0.38594,0.23419526357157458
2061,19.461,74.623,0.037562,0.237954476556504
2062,19.463,75.583,0.15319000000000002,0.2669273426733939
2063,19.463,74.709,0.18878,0.23752435465434316
2064,19.463,74.77600000000001,0.14701,0.23776256544961513
2065,19.467,73.806,0.20631999999999998,0.3056423073074228
2066,19.469,74.805,0.10231,0.2388328794663603
2067,19.47,75.321,0.3684,0.2572980054292282
2068,19.47,75.743,0.42103,0.27091450148015184
2069,19.471,74.445,0.13832,0.2445014379187623
2070,19.472,74.241,0.18512,0.2573529245923325
2071,19.472,75.743,0.31577,0.271149967785996
2072,19.473,75.291,0.33331,0.25628265852314625
2073,19.474,75.985,0.2105,0.2678802099211498
2074,19.477,74.531,0.10737999999999999,0.24205438697641532
2075,19.477999999999998,74.847,0.18878,0.2406171201277145
2076,19.479,75.23899999999999,0.33331,0.25462393600475575
2077,19.480999999999998,75.342,0.28068000000000004,0.25960432238078224
2078,19.482,74.25399999999999,0.13222,0.257536941879165
2079,19.483,74.243,0.18512,0.25851733242871544
2080,19.484,74.252,0.23803000000000002,0.25793248296385807
2081,19.484,74.682,2.5063e-05,0.24031568366530806
2082,19.486,75.40899999999999,0.16371,0.2631858768235037
2083,19.486,75.342,0.28068000000000004,0.26021699544549404
2084,19.488,75.321,0.29822,0.25950659587781144
2085,19.489,75.273,0.35086,0.2574258747419489
2086,19.489,75.91,0.1493,0.27201270094267216
2087,19.49,75.72399999999999,0.24559,0.2730941943548527
2088,19.49,75.346,0.35086,0.2608885467705827
2089,19.49,75.821,0.0020719000000000002,0.2733900611503748
2090,19.492,74.742,0.15703,0.241289711482595
2091,19.492,75.405,0.088524,0.26374419953206973
2092,19.492,75.285,0.50876,0.2583486506664686
2093,19.493,76.268,0.47367,0.24875653011523388
2094,19.494,75.312,0.29822,0.2598338346538731
2095,19.494,75.32,0.2105,0.260199255278853
2096,19.495,75.314,0.33331,0.2600485016513516
2097,19.496,75.28399999999999,0.3684,0.25879728369494726
2098,19.496,75.72399999999999,0.15787,0.2738061283683856
2099,19.498,75.842,0.14951,0.2741804985295627
2100,19.5,74.458,0.11,0.24758248316952267
2101,19.5,74.306,0.18512,0.255934927267237
2102,19.500999999999998,75.307,0.38594,0.2604688409995478
2103,19.502,74.307,0.55542,0.25610919735916604
2104,19.502,74.308,0.66123,0.2560415960316925
2105,19.502,75.83,0.16622,0.27475439091359777
2106,19.503,74.306,0.079318,0.25629789313508133
2107,19.503,74.296,0.35086,0.25698454462684805
2108,19.503,75.038,0.31577,0.2491365812979339
2109,19.503,75.354,0.3684,0.2628444264781038
2110,19.504,74.306,0.8199299999999999,0.2564187549307245
2111,19.504,75.339,0.33331,0.26229282490579653
2112,19.504,74.297,0.58478,0.25703567685976814
2113,19.504,75.31,0.35086,0.2609762421784285
2114,19.504,74.306,0.1587,0.2564187549307245
2115,19.505,74.305,0.39671999999999996,0.25660739128796983
2116,19.505,74.309,0.10572999999999999,0.2563370501382132
2117,19.505,74.00399999999999,0.13530999999999999,0.28430540565953155
2118,19.505,74.31,0.21159,0.2562698869638733
2119,19.505,75.312,0.29822,0.2611909179833458
2120,19.506,75.844,0.16037,0.27511006229683166
2121,19.506,74.851,0.1988,0.24428051440288687
2122,19.506,75.351,0.28068000000000004,0.2630787373764869
2123,19.506,75.839,0.17457999999999999,0.27515683659014123
2124,19.507,74.652,0.31326,0.24349148988226596
2125,19.508,75.22399999999999,0.31577,0.2575464997064961
2126,19.508,74.3,0.31735,0.2573105048619637
2127,19.508,74.30199999999999,0.10572999999999999,0.2571735166544573
2128,19.508,75.85300000000001,0.15787,0.2752512233851532
2129,19.509,75.14,0.38594,0.2539629538214615
2130,19.509,75.317,0.28068000000000004,0.26191244141481274
2131,19.517,75.183,0.2105,0.2568364430258484
2132,19.517,75.388,0.29822,0.2660652797993094
2133,19.517,75.377,0.15787,0.26558452869807714
2134,19.519000000000002,74.781,0.08017,0.244998019254115
2135,19.52,74.308,0.026417000000000003,0.25820952391155627
2136,19.525,75.39,0.26313000000000003,0.2671337753840125
2137,19.525,74.235,0.052867,0.264120203965573
2138,19.527,75.388,0.35086,0.2672926334274356
2139,19.527,75.654,0.49121000000000004,0.2763794584819076
2140,19.528,75.828,0.22804000000000002,0.27786008716810984
2141,19.528,75.369,0.29822,0.26658512645558463
2142,19.531,75.749,0.3684,0.2782005893631657
2143,19.531,75.357,0.29822,0.26642435115727425
2144,19.534000000000002,75.102,0.22804000000000002,0.2555352427491415
2145,19.537,76.10600000000001,0.29822,0.2688593616129371
2146,19.538,75.242,0.38594,0.2621034550948834
2147,19.538,75.458,0.14032,0.2715566931704977
2148,19.538,75.824,0.2105,0.27907811223893164
2149,19.538,75.843,0.24559,0.2789288332475426
2150,19.539,75.211,0.24559,0.260835765717942
2151,19.542,75.598,0.29822,0.2768245168119331
2152,19.543,75.734,0.29822,0.27951316951964156
2153,19.547,74.78,0.1988,0.24856603928063922
2154,19.549,75.283,0.40349,0.2653271916862857
2155,19.55,75.317,0.3684,0.2669845728680664
2156,19.551,75.105,0.24559,0.25780294663622694
2157,19.553,75.686,0.45611999999999997,0.280093611760561
2158,19.555999999999997,75.672,0.33331,0.28021151697251867
2159,19.557000000000002,75.39,0.31577,0.27106542522648647
2160,19.557000000000002,75.742,0.29822,0.28125658186173985
2161,19.56,75.04,0.2105,0.256440396922638
2162,19.561,74.66,0.37692,0.2502708052975723
2163,19.567,75.26899999999999,0.35086,0.26693242127052974
2164,19.57,74.786,0.14701,0.2515434110814708
2165,19.577,73.834,0.17540999999999998,0.31201533911122437
2166,19.58,73.899,0.13113,0.3041566049883302
2167,19.581,75.638,0.40349,0.2825213897656671
2168,19.583,74.139,0.7669100000000001,0.27876464141681023
2169,19.587,75.631,0.12278,0.2830822778168156
2170,19.589000000000002,76.006,0.24559,0.2807364528199028
2171,19.59,75.066,0.13530999999999999,0.2611889992779619
2172,19.592,75.035,0.24559,0.260299726343059
2173,19.594,74.98100000000001,0.033894,0.25873698699028647
2174,19.594,75.622,0.24559,0.28370919475918754
2175,19.594,75.634,0.26063000000000003,0.28399203856520094
2176,19.596,75.615,0.3684,0.28377663448440615
2177,19.596,75.685,0.22804000000000002,0.2852304895854689
2178,19.6,74.872,0.15703,0.25664348817597205
2179,19.601,74.891,0.22804000000000002,0.25717780712401594
2180,19.602999999999998,74.89399999999999,0.17540999999999998,0.257497331022687
2181,19.604,75.60300000000001,0.40349,0.2844287020364029
2182,19.605,75.26100000000001,0.28068000000000004,0.2712865706255617
2183,19.605,75.742,0.15787,0.28699017588667686
2184,19.605999999999998,73.952,0.56139,0.3002847683820742
2185,19.608,75.608,0.35086,0.28503918931115
2186,19.608,75.605,0.33331,0.284961331075668
2187,19.609,76.521,0.26313000000000003,0.22586530144532854
2188,19.611,75.622,0.35086,0.28574833207804484
2189,19.614,75.936,0.08017,0.28623545048120624
2190,19.614,75.263,0.33331,0.2724870867937258
2191,19.616,75.601,0.43858,0.2858152663314406
2192,19.617,74.72,0.15703,0.2570621592922552
2193,19.617,75.584,0.42103,0.2854690961097395
2194,19.617,74.627,0.31577,0.25755824015520634
2195,19.619,75.738,0.28068000000000004,0.2886233220249389
2196,19.62,74.789,0.17792,0.25784944171218416
2197,19.621,74.786,0.14701,0.25794250069474467
2198,19.622,75.61,0.26313000000000003,0.28676710763889723
2199,19.622,75.293,0.19296,0.27480499655745394
2200,19.622,75.604,0.45611999999999997,0.28661245647012956
2201,19.623,75.601,0.31577,0.2866532477332081
2202,19.623,75.808,0.47367,0.28927759584691093
2203,19.624000000000002,75.593,0.31577,0.28655793204103597
2204,19.624000000000002,75.032,0.064296,0.2642012044590527
2205,19.624000000000002,75.613,0.3684,0.287081918863222
2206,19.629,75.325,0.33331,0.2770758410444413
2207,19.631,75.32300000000001,0.38594,0.2772323889016015
2208,19.632,73.819,0.21885,0.31839499378681957
2209,19.632,75.585,0.38594,0.28729287759333266
2210,19.633,74.801,0.16238,0.25959738580470815
2211,19.634,75.505,0.11692999999999999,0.28498068041597013
2212,19.636,75.792,0.26063000000000003,0.29084547615114875
2213,19.637,75.684,0.56139,0.29009800070344194
2214,19.637,75.053,0.2105,0.26657455760197724
2215,19.637999999999998,75.612,0.38594,0.2887263232286459
2216,19.637999999999998,75.707,0.28068000000000004,0.2905483561048796
2217,19.639,75.689,0.2105,0.29041332818987675
2218,19.639,74.808,0.14701,0.26042681027495784
2219,19.64,75.467,0.33331,0.2843066681774473
2220,19.642,75.61,0.17540999999999998,0.28915174405408284
2221,19.642,75.626,0.31577,0.28954131784071213
2222,19.642,75.61399999999999,0.24559,0.2892519007294766
2223,19.643,75.57300000000001,0.17540999999999998,0.28826159821021047
2224,19.643,74.071,0.079334,0.2912137180573756
2225,19.643,75.211,0.29822,0.273762602440094
2226,19.645,75.256,0.18335,0.2759846940237314
2227,19.645,75.616,0.38594,0.28965757936002956
2228,19.646,75.613,0.31577,0.28970209967944005
2229,19.646,75.67,0.42103,0.29092581514278804
2230,19.648,75.604,0.43858,0.28971095042725536
2231,19.649,75.611,0.31577,0.2900080137433947
2232,19.649,75.578,0.22804000000000002,0.2891203392741565
2233,19.649,75.58800000000001,0.24559,0.28940162786082524
2234,19.65,75.661,0.38594,0.29123254614728933
2235,19.65,75.667,0.31577,0.29134431122542437
2236,19.651,75.509,0.25227,0.2871579967769984
2237,19.651,75.587,0.35086,0.28961146227271617
2238,19.651,75.668,0.26313000000000003,0.2914805412229171
2239,19.651,75.593,0.2105,0.2897757241905621
2240,19.652,74.77,0.2105,0.2616111108938941
2241,19.653,74.76899999999999,0.17792,0.2617247239385977
2242,19.654,75.59899999999999,0.22804000000000002,0.2902917268105788
2243,19.654,75.64,0.22804000000000002,0.2912779553433503
2244,19.654,75.65100000000001,0.3684,0.29150843901708
2245,19.654,75.654,0.066184,0.29156866718000074
2246,19.656,75.646,0.31577,0.2916415988687723
2247,19.656,75.60300000000001,0.28068000000000004,0.2906331542873388
2248,19.658,75.275,0.38594,0.2784072838875876
2249,19.659000000000002,75.678,0.24559,0.29259717055691004
2250,19.66,75.267,0.40349,0.27829760328254316
2251,19.66,75.609,0.38594,0.29125950401037326
2252,19.66,75.615,0.35086,0.29140881445733435
2253,19.66,75.69,0.3684,0.2929053407277704
2254,19.66,75.635,0.47367,0.29187641559648736
2255,19.66,75.667,0.2105,0.2925229870146896
2256,19.66,75.658,0.3684,0.29235426027504197
2257,19.660999999999998,75.657,0.31577,0.2924525566086662
2258,19.662,74.637,0.38594,0.2628786776606221
2259,19.664,75.617,0.12278,0.2919294358576219
2260,19.665,74.634,0.33331,0.26326523416689207
2261,19.665,75.23899999999999,0.50876,0.27767340817192243
2262,19.665,75.23899999999999,0.35086,0.27767340817192243
2263,19.665,75.275,0.31577,0.2792562819999992
2264,19.665,75.27600000000001,0.26313000000000003,0.2793002994977143
2265,19.666,75.579,0.3684,0.29116312188387083
2266,19.666,76.131,0.1755,0.2825665485235117
2267,19.667,75.258,0.29822,0.2787504785428193
2268,19.667,75.57,0.33331,0.29102166946558206
2269,19.668,75.65,0.26313000000000003,0.29313613528570426
2270,19.668,75.71,0.19296,0.29411554244574334
2271,19.668,75.641,0.35086,0.2929485480080225
2272,19.669,75.188,0.31577,0.27594418819120636
2273,19.67,75.21,0.40349,0.27701488968127064
2274,19.674,75.28699999999999,0.35086,0.2808711496182531
2275,19.674,75.577,0.19296,0.292049295523102
2276,19.677,74.733,0.1186,0.2644036155338254
2277,19.680999999999997,74.657,0.10189,0.2649684072995093
2278,19.680999999999997,75.704,0.31577,0.29555621810997856
2279,19.684,74.168,0.58144,0.2865733050084487
2280,19.684,74.252,0.31735,0.2803255437019694
2281,19.685,74.168,0.7401800000000001,0.28667016465751194
2282,19.685,74.169,0.4227,0.286589852389338
2283,19.685,75.592,0.3684,0.29375519181186804
2284,19.685,73.844,0.47617,0.31929339236887455
2285,19.686,74.169,0.21134,0.28668665314382
2286,19.686,75.322,0.17540999999999998,0.28384047433571646
2287,19.688,73.84100000000001,0.5029100000000001,0.31985992617200265
2288,19.688,74.65100000000001,0.078599,0.2658321307368088
2289,19.688,74.169,0.66081,0.2868798849764168
2290,19.69,75.22,0.33331,0.2798637069575818
2291,19.69,75.194,0.31577,0.27874123456236277
2292,19.692,74.906,0.17792,0.26875183944553593
2293,19.692999999999998,73.847,0.37006999999999995,0.31950862805798963
2294,19.692999999999998,74.611,0.61402,0.2668134132775949
2295,19.694000000000003,75.304,0.26313000000000003,0.2840119951760979
2296,19.694000000000003,73.845,0.52881,0.31981269650530475
2297,19.695,75.28399999999999,0.11944,0.2832577694374948
2298,19.697,75.251,0.35086,0.2820529318209338
2299,19.699,75.7,0.35086,0.2975871081692715
2300,19.699,74.692,0.1988,0.2669513319595431
2301,19.7,75.593,0.28068000000000004,0.2955291042866307
2302,19.7,75.661,0.38594,0.2970762834749431
2303,19.701,75.321,0.3684,0.2855826848622238
2304,19.702,75.60600000000001,0.42103,0.29609770152070924
2305,19.704,75.27199999999999,0.42103,0.2838044128049175
2306,19.708,74.854,0.16789,0.26952981781475793
2307,19.708,76.367,0.28068000000000004,0.2628605158523748
2308,19.709,75.308,0.28068000000000004,0.2859658200299975
2309,19.711,75.27199999999999,0.3684,0.2846341368655225
2310,19.714000000000002,75.521,0.47367,0.29498431388853186
2311,19.714000000000002,75.456,0.26313000000000003,0.2926615760477371
2312,19.715,75.152,0.40349,0.27995556520554965
2313,19.715999999999998,74.66,0.1886,0.2690253092073873
2314,19.717,74.169,0.39671999999999996,0.2896253792643564
2315,19.719,75.434,0.35086,0.2923946172271823
2316,19.719,75.436,0.2105,0.292472831273784
2317,19.719,75.437,0.2105,0.29251185691543824
2318,19.72,76.581,0.29822,0.22864292059837896
2319,19.721,75.226,0.29822,0.2838134677299393
2320,19.727999999999998,74.625,0.15787,0.27065483469043994
2321,19.729,74.622,0.6491100000000001,0.27079767927605736
2322,19.733,75.433,0.3684,0.2939755621896061
2323,19.734,75.434,0.31242,0.2941297504884096
2324,19.734,74.001,0.34384000000000003,0.30595189902055797
2325,19.736,74.01899999999999,0.34384000000000003,0.3043630747574957
2326,19.742,75.959,0.35086,0.3003152740133296
2327,19.742,76.222,0.35086,0.28363779188831695
2328,19.743,75.314,0.31577,0.2901977300591483
2329,19.746,75.267,0.29822,0.2885108891750754
2330,19.747,75.204,0.38594,0.2859067209793027
2331,19.75,74.186,0.1851,0.29134611165836044
2332,19.750999999999998,74.185,0.23723000000000002,0.29150924461627203
2333,19.750999999999998,74.017,0.26447,0.3057230430624861
2334,19.752,74.301,0.1846,0.2840097406418245
2335,19.752,74.186,0.34334000000000003,0.29152505788574334
2336,19.753,73.817,0.37024,0.3268283289874254
2337,19.753,75.434,0.15787,0.2963019017803872
2338,19.754,75.20100000000001,0.38594,0.28658787359203797
2339,19.755,74.612,0.42103,0.27379176868173105
2340,19.756,75.73899999999999,0.3684,0.30443145531443194
2341,19.756,75.42399999999999,0.38594,0.2962514575903398
2342,19.756,76.377,0.2105,0.26710303690008963
2343,19.758,76.47800000000001,0.3684,0.2519562306104147
2344,19.76,75.441,0.28068000000000004,0.29736440390408103
2345,19.765,74.773,0.6491100000000001,0.2749178454527924
2346,19.766,76.153,0.3684,0.2923186767256767
2347,19.767,75.469,0.0526,0.29920138138696784
2348,19.767,75.421,0.26313000000000003,0.2973751416603134
2349,19.768,74.185,0.66081,0.2930095077201965
2350,19.769000000000002,75.434,0.14032,0.2981069255750519
2351,19.769000000000002,75.484,0.07014400000000001,0.29996626393729564
2352,19.769000000000002,75.248,0.28068000000000004,0.2903254859105654
2353,19.769000000000002,75.245,0.28068000000000004,0.2901960065584943
2354,19.77,75.214,0.3684,0.2889765142022378
2355,19.773,75.263,0.38594,0.29142689894497076
2356,19.773,75.24,0.45611999999999997,0.2904344429646075
2357,19.774,75.248,0.26313000000000003,0.2908926308051174
2358,19.774,75.275,0.26313000000000003,0.29205806117576216
2359,19.774,75.257,0.33331,0.29128100810228563
2360,19.774,75.51,0.45611999999999997,0.30142178086459614
2361,19.775,75.902,0.35086,0.3054685600819552
2362,19.776,74.403,0.1186,0.2813693369321685
2363,19.777,75.767,0.33331,0.30687160710487416
2364,19.778,75.492,0.12278,0.3012482977226034
2365,19.781,74.64699999999999,0.40349,0.2763315718755006
2366,19.782,75.23899999999999,0.24559,0.2914075391454657
2367,19.783,74.184,0.1587,0.29437172147676904
2368,19.784000000000002,74.617,0.31577,0.2768727799708699
2369,19.784000000000002,75.252,0.2105,0.29219200425069825
2370,19.785,75.624,0.45611999999999997,0.30586010311094347
2371,19.785999999999998,74.85,0.16789,0.27843355841902484
2372,19.789,75.643,0.24559,0.3066978815480065
2373,19.791,75.85600000000001,0.17540999999999998,0.30795810896654574
2374,19.791,75.249,0.38594,0.2928457584553218
2375,19.792,75.249,0.31577,0.29295720972691364
2376,19.793,75.638,0.40349,0.307027425798408
2377,19.794,74.779,0.12779000000000001,0.27819677856544556
2378,19.802,76.373,0.17540999999999998,0.27280528085593647
2379,19.803,75.293,0.3684,0.29606562492751987
2380,19.803,74.872,0.12612,0.2807691904990409
2381,19.805,75.30199999999999,0.40349,0.29667016074031904
2382,19.805,75.293,0.22804000000000002,0.29628530437714995
2383,19.805,75.293,0.29822,0.29628530437714995
2384,19.805,75.458,0.19296,0.3029819452054976
2385,19.805999999999997,75.49600000000001,0.29822,0.3044451579053302
2386,19.807000000000002,75.62899999999999,0.28068000000000004,0.30833518404078364
2387,19.808,75.308,0.29822,0.29725455319709304
2388,19.808,75.297,0.35086,0.2967850876905541
2389,19.809,75.286,0.2105,0.2964236947648373
2390,19.81,76.618,0.38594,0.23206188921146406
2391,19.812,75.291,0.22804000000000002,0.296965259036544
2392,19.812,75.286,0.22804000000000002,0.29675126660773976
2393,19.813,75.29,0.26313000000000003,0.2970314204749478
2394,19.814,75.291,0.3684,0.29718301946597125
2395,19.814,75.297,0.2105,0.2974394105936453
2396,19.815,75.296,0.3684,0.29750538247258074
2397,19.815,75.626,0.012423,0.3091168879479018
2398,19.816,75.292,0.15787,0.2974430809090812
2399,19.820999999999998,75.293,0.38594,0.2980270883467152
2400,19.823,74.87100000000001,0.14701,0.28291588616894126
2401,19.823,75.288,0.38594,0.2980293139475282
2402,19.824,75.288,0.28068000000000004,0.298137042198109
2403,19.824,75.059,0.42103,0.28872060403077426
2404,19.824,75.317,0.35086,0.2993708825800805
2405,19.824,75.317,0.28068000000000004,0.2993708825800805
2406,19.825,75.32300000000001,0.3684,0.29973190295883767
2407,19.827,75.291,0.40349,0.2985875805620567
2408,19.834,74.675,0.18878,0.28181317011598706
2409,19.835,74.169,0.23799,0.29962657885473354
2410,19.835,75.301,0.31577,0.29986783656082516
2411,19.836,75.734,0.22804000000000002,0.3129108677478216
2412,19.839000000000002,75.065,0.050211,0.2905573340410371
2413,19.84,74.852,0.16789,0.28431334634351746
2414,19.842,76.09899999999999,0.42103,0.3041537678708245
2415,19.844,76.169,0.2105,0.2992642913722351
2416,19.845,75.066,0.091031,0.2912326281572539
2417,19.846,74.554,0.15438,0.28396646980260687
2418,19.846,74.96600000000001,0.050779000000000005,0.28790206066408375
2419,19.846,74.982,0.12863,0.2884057948318598
2420,19.849,75.944,0.35086,0.312073533133579
2421,19.85,75.878,0.29822,0.31370809182512904
2422,19.851,75.256,0.33331,0.2996377544163412
2423,19.855,75.255,0.29822,0.3000128686516258
2424,19.862000000000002,75.25399999999999,0.33331,0.30069656890077
2425,19.862000000000002,75.255,0.24559,0.3007391628897558
2426,19.867,73.99,0.71411,0.31593638027891835
2427,19.868,74.086,0.92564,0.3080701373270427
2428,19.877,76.336,0.29822,0.28539741428661836
2429,19.883,75.406,0.23439000000000002,0.3091137404222565
2430,19.894000000000002,74.766,0.16789,0.2883327737187563
2431,19.898,75.666,0.24559,0.31818864115189516
2432,19.915,74.60600000000001,0.42103,0.28977177833883727
2433,19.919,76.241,0.3684,0.2999253380778393
2434,19.92,75.828,0.083512,0.3209458247600262
2435,19.922,75.405,0.40349,0.3128411121675473
2436,19.925,75.718,0.50876,0.3213294418519773
2437,19.926,75.421,0.28068000000000004,0.3138255225637694
2438,19.930999999999997,74.883,0.16622,0.2940350175733072
2439,19.934,74.919,0.23723000000000002,0.2952634634368936
2440,19.936,74.017,0.63474,0.3172793435354847
2441,19.949,76.501,0.35086,0.26805420972006333
2442,19.951,74.017,0.1587,0.31797253993850605
2443,19.951,74.01899999999999,0.1851,0.3178182042980602
2444,19.957,75.627,0.24559,0.32278995551896583
2445,19.958,75.83800000000001,0.45611999999999997,0.32413162837707954
2446,19.971,75.96300000000001,0.38594,0.3224469146257245
2447,19.973,76.194,0.47367,0.3088539535016096
2448,19.975,75.709,0.14032,0.3255302886240632
2449,19.980999999999998,75.238,0.16789,0.31133014885013854
2450,19.985,75.868,0.24559,0.3259137169338542
2451,19.991,74.89399999999999,0.20965999999999999,0.299617005470447
2452,19.992,75.34100000000001,0.33331,0.31651689002760763
2453,19.992,75.26100000000001,0.35086,0.3132260530032581
2454,19.996,74.875,0.1988,0.29954241153311967
2455,20.018,74.789,0.21969,0.29946877488164103
2456,20.027,74.637,0.50876,0.29868000864598354
2457,20.027,75.61,0.33331,0.32801756514406644
2458,20.031,74.649,0.5263,0.29899085409468373
2459,20.042,75.148,0.12111,0.3125615576330263
2460,20.066,74.757,0.0058565,0.3024383585916117
2461,20.084,75.518,0.33331,0.3296084312109153
2462,20.093,74.01,0.21134,0.3230605588828048
2463,20.101,74.791,0.1988,0.30532034150100495
2464,20.102999999999998,73.913,0.42321000000000003,0.32978606530134547
2465,20.105,74.991,0.15035,0.31106247600689263
2466,20.111,75.461,0.28068000000000004,0.3295023603794539
2467,20.115,74.81,0.18878,0.3065678446389516
2468,20.117,75.94800000000001,0.16539,0.332546268944905
2469,20.142,75.48899999999999,0.40349,0.3321257474680772
2470,20.165,76.13600000000001,0.20047,0.32490918542360736
2471,20.168,75.223,0.047587,0.32364899013125337
2472,20.188,74.42699999999999,0.1232,0.30875045601144846
2473,20.205,73.89699999999999,0.5289699999999999,0.3306814078170772
2474,20.208,74.04,0.23806999999999998,0.3225378493647897
2475,20.22,73.869,0.84636,0.3321883316445994
2476,20.223,74.0,0.1587,0.32461619515032747
2477,20.226,74.089,0.21134,0.3201764454050031
2478,20.226,73.986,0.2648,0.325350286803059
2479,20.230999999999998,75.077,0.40349,0.3207214758796064
2480,20.234,73.858,0.079318,0.33259615827803424
2481,20.234,74.071,0.10607,0.32102492978817865
2482,20.236,73.858,0.079318,0.33255481887318106
2483,20.238,74.085,0.66164,0.32037653365697094
2484,20.24,74.065,0.23806999999999998,0.3212999604282579
2485,20.241,74.079,0.2907,0.3206492951364911
2486,20.244,74.062,0.21134,0.32143091993645767
2487,20.249000000000002,74.086,0.5029100000000001,0.32032223216499156
2488,20.25,74.058,0.42353999999999997,0.3215960210230323
2489,20.25,74.07,0.92564,0.3210418384198943
2490,20.253,74.10300000000001,0.13197,0.31957357185628366
2491,20.254,74.02,0.44943999999999995,0.3233897312327857
2492,20.258,74.074,0.23806999999999998,0.3208298362523946
2493,20.259,74.051,0.47617,0.3218723301645001
2494,20.262,74.069,0.8195399999999999,0.32103353315188776
2495,20.267,74.056,0.23806999999999998,0.32158625008550645
2496,20.273,74.058,0.13197,0.3214478912843306
2497,20.273,75.506,0.35086,0.3375601166921345
2498,20.281,75.82600000000001,0.087689,0.34053081222606285
2499,20.296,75.119,0.16037,0.3243726938838273
2500,20.324,75.324,0.42103,0.33270503701285437
2501,20.325,75.366,0.42103,0.33419085410629734
2502,20.326,75.503,0.31577,0.3383362540887155
2503,20.346,74.257,0.44961,0.31416427119070467
2504,20.351,73.993,0.10607,0.32285115200087056
2505,20.351,74.058,0.2907,0.3202365640810281
2506,20.351,74.057,0.37006999999999995,0.3202747307097602
2507,20.351,74.109,0.2907,0.31838191796637993
2508,20.354,74.663,0.10092999999999999,0.3124056436009027
2509,20.358,74.263,0.31737,0.31393431336095423
2510,20.366,75.414,0.28068000000000004,0.3360636198546375
2511,20.368,73.99,0.1587,0.32247219572213115
2512,20.371,74.02199999999999,0.079334,0.3211063948675349
2513,20.371,74.263,0.15867,0.31380204648314436
2514,20.372,75.405,0.40349,0.3357950028239778
2515,20.375,74.01899999999999,0.079318,0.3211044760996623
2516,20.379,74.256,0.39671999999999996,0.3138494815834617
2517,20.379,74.256,0.5289699999999999,0.3138494815834617
2518,20.379,74.19,0.29095,0.31541171694248193
2519,20.382,75.40100000000001,0.50876,0.33566745853406776
2520,20.384,73.985,0.13197,0.32214859299904264
2521,20.386,75.832,0.026417000000000003,0.3403856125323389
2522,20.387,74.263,0.29091999999999996,0.31359556336899985
2523,20.387,74.263,0.29091999999999996,0.31359556336899985
2524,20.387,73.721,0.40934,0.3338877175561158
2525,20.387,73.722,0.11692999999999999,0.3338395615334582
2526,20.387999999999998,76.594,0.0022474,0.2691623432443987
2527,20.39,73.832,0.34384000000000003,0.32849148296559105
2528,20.391,74.044,0.29095,0.31968883465521925
2529,20.392,73.842,0.052867,0.3279383003033295
2530,20.396,74.258,0.47608999999999996,0.31355595306466266
2531,20.396,73.84899999999999,0.13222,0.3274284090284004
2532,20.398,73.84899999999999,0.1851,0.3273304282627707
2533,20.401,74.275,0.079318,0.3131529479770293
2534,20.403,73.85,0.18512,0.327038672478583
2535,20.408,75.434,0.15787,0.33650924505603264
2536,20.413,74.027,0.76703,0.3195574120514897
2537,20.413,74.235,0.55542,0.31370161430354704
2538,20.418,76.442,0.26313000000000003,0.29305147216939165
2539,20.419,74.086,0.31744,0.3174053669537996
2540,20.419,74.116,0.34417,0.31650711441278434
2541,20.436,74.242,0.079318,0.31303759310953694
2542,20.441,76.31,0.22804000000000002,0.30921693257057037
2543,20.447,76.551,0.22804000000000002,0.275061441452914
2544,20.45,74.109,0.10607,0.3156760655917097
2545,20.451,74.031,0.44943999999999995,0.3179400511723721
2546,20.455,74.559,0.1851,0.3109987145651887
2547,20.461,74.755,0.079318,0.31394495621219287
2548,20.463,75.444,0.3684,0.33589601919682066
2549,20.468,75.396,0.31577,0.33446406858345956
2550,20.471,73.832,0.026417000000000003,0.3239572170344628
2551,20.475,75.643,0.3684,0.33900538911072886
2552,20.477,74.569,0.39671999999999996,0.3107187294107092
2553,20.477,73.561,0.37024,0.334025246004792
2554,20.484,73.992,0.8462799999999999,0.3176352560678606
2555,20.484,74.028,0.2907,0.31654460784012806
2556,20.484,74.611,0.44961,0.31104923497639225
2557,20.485,73.85600000000001,0.34381999999999996,0.3221926215879367
2558,20.486,74.57300000000001,0.39671999999999996,0.3105802353373811
2559,20.488000000000003,74.625,0.26447,0.3111565137482064
2560,20.500999999999998,74.74600000000001,0.026417000000000003,0.3130809732154969
2561,20.503,76.17699999999999,0.35086,0.3194634573282533
2562,20.508000000000003,73.725,0.23389000000000001,0.32535096657875584
2563,20.509,76.59,0.38594,0.265536576972492
2564,20.517,73.869,0.58187,0.31968595841994074
2565,20.53,74.027,0.44961,0.31418795573775504
2566,20.539,73.932,0.47608999999999996,0.3162854150305138
2567,20.54,74.444,0.42317,0.3083373365038605
2568,20.54,74.444,0.71411,0.3083373365038605
2569,20.545,74.5,0.71411,0.3083822128457625
2570,20.552,73.806,0.44961,0.31921670169062566
2571,20.554000000000002,73.795,0.079318,0.3194065449467517
2572,20.554000000000002,73.803,0.71411,0.3191564146056196
2573,20.558000000000003,73.704,0.079318,0.3219413104741171
2574,20.561,74.539,0.31735,0.30811237046246975
2575,20.573,74.406,0.47558999999999996,0.3070177039275972
2576,20.573,74.545,0.26447,0.30771732576411315
2577,20.590999999999998,73.997,0.44961,0.3111619383232157
2578,20.590999999999998,73.99600000000001,0.47608999999999996,0.31118491916545254
2579,20.592,73.998,0.13222,0.31107145464436115
2580,20.596999999999998,75.914,0.29822,0.3288214456571379
