,latitudes,longitudes,values,variance
0,17.89,73.4,0.6337202085965408,0.010899484268606058
1,17.89,73.41,0.6349606963461778,0.01086910135221295
2,17.89,73.42,0.62397808391887,0.010943586771291916
3,17.89,73.43,0.6116050362224612,0.011017258562880142
4,17.89,73.44,0.6015327426237627,0.011096491603804073
5,17.89,73.45,0.5934888700656319,0.01117676353315094
6,17.89,73.46,0.5859877943225132,0.011243229849750801
7,17.89,73.47,0.5787678202244686,0.011295816742330428
8,17.89,73.48,0.5710280300040105,0.011346514613223524
9,17.9,73.4,0.6247754025585357,0.010877096730663508
10,17.9,73.41,0.625836193053036,0.010846160550911806
11,17.9,73.42,0.6147007779799112,0.010918466932744779
12,17.9,73.43,0.6022247843423031,0.010989758794662095
13,17.9,73.44,0.5920654735373615,0.011066341510389323
14,17.9,73.45,0.5839625687439953,0.011143793713178893
15,17.9,73.46,0.576387782743346,0.011207512460624626
16,17.9,73.47,0.5690658894753116,0.011257460221125667
17,17.9,73.48,0.5612243944852905,0.011305474466211598
18,17.91,73.4,0.6059882120549298,0.010997760738007938
19,17.91,73.41,0.6052433329532518,0.010958024238734774
20,17.91,73.42,0.5985267264446031,0.010982350712227766
21,17.91,73.43,0.5891513443536142,0.01103286433645511
22,17.91,73.44,0.5799157285880361,0.011093200157771148
23,17.91,73.45,0.5715416858264585,0.011155865800342925
24,17.91,73.46,0.5635211097375633,0.011214257762990306
25,17.91,73.47,0.5553665567779518,0.011269072223860043
26,17.91,73.48,0.5463504266192128,0.011331333364489075
27,17.91,73.49,0.5356407979419834,0.011415895942735056
28,17.91,74.64,0.25555688647289726,0.01181820853702853
29,17.91,74.9,0.3347532119106403,0.010882631975103908
30,17.92,73.4,0.5855374807225868,0.011121142467233468
31,17.92,73.41,0.5842831097833175,0.011078652085037666
32,17.92,73.42,0.5794636012912828,0.011078726025497749
33,17.92,73.43,0.5723490379123073,0.011106191273750114
34,17.92,73.44,0.5643990047595616,0.011148130850542967
35,17.92,73.45,0.5563015272275326,0.011196639946651363
36,17.92,73.46,0.5480523627441686,0.011247491120545324
37,17.92,73.47,0.5394481144867492,0.011301045991235463
38,17.92,73.48,0.5301009564498891,0.011362116906335255
39,17.92,73.49,0.5197457463889227,0.011435477722869142
40,17.92,73.5,0.5087080345522141,0.011519892899771181
41,17.92,74.63,0.25057354899185225,0.011764784958772964
42,17.92,74.64,0.25392005797574735,0.011745659019126716
43,17.92,74.65,0.2583782219524297,0.011758522320023456
44,17.92,74.89,0.33128661461509545,0.010703896824341407
45,17.92,74.9,0.33255418104164963,0.010730120013969575
46,17.92,74.91,0.33502407511776516,0.010776926785071129
47,17.92,74.92,0.3381196426741951,0.010839350074672486
48,17.92,74.93,0.34127151583518245,0.010908419478478704
49,17.93,73.4,0.5648215264665083,0.011236696661248557
50,17.93,73.41,0.5632785599147294,0.011192912284318794
51,17.93,73.42,0.5593013894056843,0.011179858316376919
52,17.93,73.43,0.553463992922181,0.011190291326079075
53,17.93,73.44,0.5464823648478889,0.011216214367625692
54,17.93,73.45,0.5388116170788895,0.01125161278047163
55,17.93,73.46,0.5306619004682621,0.011293151657686773
56,17.93,73.47,0.5219716872119909,0.01134031612713114
57,17.93,73.48,0.5125709396702431,0.01139467466035617
58,17.93,73.49,0.5025332445820897,0.011457764647515445
59,17.93,73.5,0.492169826673294,0.011529023995908518
60,17.93,73.51,0.4818123963474887,0.011605905260901732
61,17.93,74.62,0.24541927353874057,0.011713772361462187
62,17.93,74.63,0.24857023668436826,0.011701269057854104
63,17.93,74.64,0.25216696308988945,0.011695834975685479
64,17.93,74.65,0.25639264708048803,0.011702161520376946
65,17.93,74.66,0.26114597959497815,0.011713895743348293
66,17.93,74.67,0.26625186428665754,0.011723007487110507
67,17.93,74.87,0.3320273732073086,0.010512170126346141
68,17.93,74.88,0.32813876889827975,0.01052356968059654
69,17.93,74.89,0.32709638204499325,0.010549823654829267
70,17.93,74.9,0.3289257094793174,0.010587058621104142
71,17.93,74.91,0.3326723686401614,0.010635883460014706
72,17.93,74.92,0.33731005574599215,0.010697408769323204
73,17.93,74.93,0.3417876376162372,0.010769147219406371
74,17.93,74.94,0.3453360157882565,0.010846762465616019
75,17.93,74.95,0.3476962609694475,0.010925682423516457
76,17.93,74.96,0.3489382369445795,0.011002773954617578
77,17.93,74.97,0.3492780755009862,0.011076848220845665
78,17.93,75.36,0.3726211388678469,0.011976825180614648
79,17.94,73.4,0.5440094828461318,0.01134204536812078
80,17.94,73.41,0.542184971991639,0.01129725928262443
81,17.94,73.42,0.5385470507782433,0.011276008336523181
82,17.94,73.43,0.5333468940484064,0.011274333509358777
83,17.94,73.44,0.5269520872536293,0.011287358235274374
84,17.94,73.45,0.5197149398337988,0.01131091411597452
85,17.94,73.46,0.5117616706477898,0.01134235391947959
86,17.94,73.47,0.5031120967631196,0.011380694587167665
87,17.94,73.48,0.49385886839382,0.011426130877657259
88,17.94,73.49,0.48415193716208976,0.0114790209497261
89,17.94,73.5,0.4743687596871774,0.011538928907237678
90,17.94,73.51,0.4645956786829609,0.011604383063764616
91,17.94,73.52,0.4548223236557641,0.011673303004798304
92,17.94,74.61,0.23958872282700464,0.011644258060761678
93,17.94,74.62,0.24271704914783007,0.011642670516833542
94,17.94,74.63,0.24609667686605777,0.011641847757360421
95,17.94,74.64,0.24984173874784765,0.011644096051069055
96,17.94,74.65,0.2540382133738675,0.011650355424863647
97,17.94,74.66,0.25868065985796235,0.011658112041356677
98,17.94,74.67,0.26369109468936097,0.011663316569785592
99,17.94,74.68,0.269002198039499,0.011662789812949855
100,17.94,74.85,0.3435832384181723,0.010375747848956974
101,17.94,74.86,0.33740038844851106,0.010344828390305164
102,17.94,74.87,0.3286472736536038,0.010346121317492029
103,17.94,74.88,0.32217591163792425,0.01036502128917513
104,17.94,74.89,0.3210036937053881,0.010402671184485282
105,17.94,74.9,0.32410121268245706,0.01044537131323456
106,17.94,74.91,0.3297411324488706,0.010494496609131734
107,17.94,74.92,0.3365708317992835,0.01055723469417618
108,17.94,74.93,0.34271725980137263,0.010634476752928564
109,17.94,74.94,0.34701749022333467,0.010719291234411883
110,17.94,74.95,0.3494950488214378,0.010803746754933698
111,17.94,74.96,0.35057781561573703,0.010883605542518208
112,17.94,74.97,0.35066260251754966,0.010958521452687046
113,17.94,74.98,0.34987227987479613,0.011030122723557873
114,17.94,74.99,0.34833023692960585,0.011099671781871837
115,17.94,75.0,0.3461979674435546,0.01116707255456326
116,17.94,75.01,0.3436614542989554,0.011231502501208279
117,17.94,75.27,0.3551437342969732,0.012117009675201915
118,17.94,75.28,0.3561373445433527,0.012112384704594002
119,17.94,75.29,0.35723103638493053,0.012103076237147199
120,17.94,75.3,0.3585244141354593,0.012088964557816632
121,17.94,75.31,0.35998758621975124,0.01206995106719057
122,17.94,75.32,0.3616726297756751,0.012045990530114601
123,17.94,75.33,0.36359432920893736,0.012017175997226506
124,17.94,75.34,0.36551696978407827,0.01198400507481685
125,17.94,75.35,0.36726699333001445,0.01194836642025941
126,17.94,75.36,0.368712740635553,0.0119177295410968
127,17.94,75.37,0.3692233374481568,0.011909817508769455
128,17.94,75.38,0.3689897905833383,0.011921138201733822
129,17.94,75.39,0.3687373902325443,0.011935003949389868
130,17.95,73.4,0.5230359766758401,0.01143621086241986
131,17.95,73.41,0.5208685190201899,0.01139036535640499
132,17.95,73.42,0.51727192321517,0.011363323470254778
133,17.95,73.43,0.5123201097617401,0.011352669089771294
134,17.95,73.44,0.5062932259033861,0.011355295822074993
135,17.95,73.45,0.49938393767807643,0.011368314786413515
136,17.95,73.46,0.49165433399169794,0.01138965986203188
137,17.95,73.47,0.4832084677313147,0.011418278264164456
138,17.95,73.48,0.47422201720082696,0.01145393092208588
139,17.95,73.49,0.46495298511215616,0.011496686676803945
140,17.95,73.5,0.45576695984266474,0.011546305538490448
141,17.95,73.51,0.44662985773338565,0.011601837562433001
142,17.95,73.52,0.43753755544903294,0.011661619107030128
143,17.95,73.53,0.42868868298611634,0.011723647869500434
144,17.95,74.6,0.23368590238587425,0.011556056013300316
145,17.95,74.61,0.23670078290540852,0.01156578343286152
146,17.95,74.62,0.2398627821275335,0.011574776592876103
147,17.95,74.63,0.2433132062211827,0.01158309206650779
148,17.95,74.64,0.24713908522202016,0.011591295862835894
149,17.95,74.65,0.25138825384514624,0.011599346744300609
150,17.95,74.66,0.2560552078110857,0.011605893587084738
151,17.95,74.67,0.2610848908603855,0.011608739579910045
152,17.95,74.68,0.26641894660254434,0.01160573675362462
153,17.95,74.69,0.27202403003132336,0.011595261241260648
154,17.95,74.7,0.27785554394380757,0.011576267020859511
155,17.95,74.83,0.3422864978206408,0.010499126039547158
156,17.95,74.84,0.3448340927882407,0.01034265548422549
157,17.95,74.85,0.34744707390294455,0.010213539225562672
158,17.95,74.86,0.3365410214263587,0.01019189100764966
159,17.95,74.87,0.32327669762261585,0.010202612749305775
160,17.95,74.88,0.31515063183575376,0.010230864758398487
161,17.95,74.89,0.31442511850075133,0.010273193404731148
162,17.95,74.9,0.318907985146615,0.01030967177940417
163,17.95,74.91,0.32688114518646133,0.010353153568467052
164,17.95,74.92,0.3369365757759772,0.010417528012738916
165,17.95,74.93,0.34511758443433976,0.010506363107571639
166,17.95,74.94,0.3495370889961139,0.01060261228603383
167,17.95,74.95,0.35143344733899534,0.010693037218847097
168,17.95,74.96,0.35191269901615646,0.010773457219799287
169,17.95,74.97,0.35147810835813875,0.010846147532998772
170,17.95,74.98,0.35028504313462805,0.01091617218252121
171,17.95,74.99,0.3482955197060369,0.010986258907636859
172,17.95,75.0,0.3456500026876377,0.011055294265255755
173,17.95,75.01,0.3425963449323558,0.011121474885610418
174,17.95,75.02,0.3394097648902854,0.01118363501007848
175,17.95,75.03,0.3363043048750989,0.011241057390873641
176,17.95,75.04,0.333412676023677,0.011293164248048309
177,17.95,75.05,0.3308172307552613,0.011339435190941563
178,17.95,75.18,0.34469010245960036,0.01187597934892217
179,17.95,75.19,0.3466367472541936,0.01190446459749442
180,17.95,75.2,0.34818685493399953,0.011930517149669487
181,17.95,75.21,0.3493759686526706,0.011954026422929805
182,17.95,75.22,0.3501471702840127,0.011974721640548348
183,17.95,75.23,0.35068816376289524,0.011992237172305789
184,17.95,75.24,0.35120203988785187,0.01200619769224753
185,17.95,75.25,0.3516741512675361,0.012016266472331592
186,17.95,75.26,0.3522023366468961,0.012022170961833967
187,17.95,75.27,0.3528603107015181,0.012023719605927631
188,17.95,75.28,0.3536202243680198,0.012020792305830499
189,17.95,75.29,0.3544720034792088,0.012013337128628624
190,17.95,75.3,0.3554607957754021,0.01200134717714768
191,17.95,75.31,0.3566902119790221,0.011984876581818585
192,17.95,75.32,0.35811429146158363,0.011964109798906494
193,17.95,75.33,0.35973550576763,0.011939533802964086
194,17.95,75.34,0.3614562014265441,0.011912340475475139
195,17.95,75.35,0.36298657556261604,0.011885273436105221
196,17.95,75.36,0.3641934401589202,0.011863639522239768
197,17.95,75.37,0.3648913071245862,0.011853161886120352
198,17.95,75.38,0.36510267305614136,0.011853018379966815
199,17.95,75.39,0.3651712574413356,0.011857144860938083
200,17.95,75.4,0.365370139271795,0.011860875201522824
201,17.95,75.41,0.36578388313739835,0.01186191155310215
202,17.95,75.42,0.3663890587318002,0.011859193952605242
203,17.96,73.4,0.5017897573025298,0.011518748556706383
204,17.96,73.41,0.4993112252865129,0.011471673064715006
205,17.96,73.42,0.49565167880586936,0.011440115477739257
206,17.96,73.43,0.49090147213824714,0.011422439316798575
207,17.96,73.44,0.48516197360087115,0.011416503229892294
208,17.96,73.45,0.4784694727367243,0.011420196689365272
209,17.96,73.46,0.4709477284784732,0.011431870902430684
210,17.96,73.47,0.46273159509298717,0.011450580248207045
211,17.96,73.48,0.454056503477985,0.011476114721798526
212,17.96,73.49,0.4452700113625769,0.011508783796441107
213,17.96,73.5,0.43662679569224255,0.011548860660074402
214,17.96,73.51,0.4280492784580053,0.01159584746056984
215,17.96,73.52,0.4196408560155819,0.011648121787377938
216,17.96,73.53,0.4115007964560118,0.011703382710991866
217,17.96,73.54,0.40351031938624443,0.011759340078822327
218,17.96,74.59,0.2278807552351084,0.011450409876670993
219,17.96,74.6,0.23085447087582853,0.011470813699332142
220,17.96,74.61,0.2338171702545051,0.011490982668686908
221,17.96,74.62,0.23694891949170704,0.011509292265377103
222,17.96,74.63,0.24037502243361436,0.011525108608184835
223,17.96,74.64,0.2441898842530214,0.011538337307584138
224,17.96,74.65,0.24843559371672178,0.01154872388450609
225,17.96,74.66,0.2531179700641237,0.01155544748044128
226,17.96,74.67,0.2581974709908682,0.011557211068062878
227,17.96,74.68,0.2636223225193975,0.011552582217038289
228,17.96,74.69,0.2693491492327629,0.011540299986489198
229,17.96,74.7,0.2753495112888584,0.011519425305208438
230,17.96,74.71,0.2815410881096356,0.01148938320212083
231,17.96,74.82,0.33749343019995337,0.010605119024397805
232,17.96,74.83,0.3398113914752495,0.0104630130863952
233,17.96,74.84,0.3408421881695207,0.010319313654005064
234,17.96,74.85,0.3375109190074552,0.01019085797593688
235,17.96,74.86,0.38593999999996964,7.845490563192598e-16
236,17.96,74.87,0.3201482136816647,0.010126010657749193
237,17.96,74.88,0.31283278606282033,0.0101425529596527
238,17.96,74.89,0.31020801421705957,0.010172306855140508
239,17.96,74.9,0.31549148649368036,0.010192619521729762
240,17.96,74.91,0.326686747561162,0.010221542629034151
241,17.96,74.92,0.3416235817675633,0.01028596743726211
242,17.96,74.93,0.3502497866833633,0.010396468826546715
243,17.96,74.94,0.352832988189789,0.010505914155960175
244,17.96,74.95,0.3532142398548107,0.010599024842686584
245,17.96,74.96,0.35277816375071425,0.01067484660785422
246,17.96,74.97,0.35174260660125717,0.010739551325072321
247,17.96,74.98,0.35003085012629903,0.010805135917571264
248,17.96,74.99,0.3474160101260205,0.01087640272597506
249,17.96,75.0,0.3440816575342784,0.010947518619183569
250,17.96,75.01,0.3403997633031092,0.011015449244243017
251,17.96,75.02,0.3367114730644702,0.011079146688865138
252,17.96,75.03,0.33324461856173165,0.011138109523774588
253,17.96,75.04,0.33013468029640824,0.011191711281241605
254,17.96,75.05,0.3274002448670182,0.011239159421251093
255,17.96,75.06,0.3250495940919846,0.011279704838485217
256,17.96,75.07,0.3231188502851087,0.01131277189357073
257,17.96,75.08,0.32166422901860453,0.011337960924717139
258,17.96,75.09,0.32072322562595856,0.011355999329809739
259,17.96,75.1,0.3221734578454066,0.011418472338507863
260,17.96,75.11,0.32422140087426976,0.01148141605049452
261,17.96,75.12,0.3264869887787935,0.011537953133001861
262,17.96,75.13,0.32893330059821185,0.0115883616537918
263,17.96,75.14,0.3315953174522164,0.011633162330747349
264,17.96,75.15,0.33449050370072014,0.011673088701111022
265,17.96,75.16,0.33754542822379296,0.011709029345789271
266,17.96,75.17,0.3404213216599726,0.011741892323091271
267,17.96,75.18,0.34289307788676565,0.01177241808306456
268,17.96,75.19,0.34497777112180816,0.011801029969354044
269,17.96,75.2,0.3466625737606111,0.011827799756474248
270,17.96,75.21,0.3478781083685641,0.01185251803836633
271,17.96,75.22,0.3487011764059496,0.011874778943938059
272,17.96,75.23,0.349144854407443,0.011894083416378636
273,17.96,75.24,0.34947027549914517,0.011909929679535842
274,17.96,75.25,0.34971983552636976,0.0119218966237239
275,17.96,75.26,0.3499900613167057,0.011929680787824257
276,17.96,75.27,0.3503456313913318,0.01193312031209769
277,17.96,75.28,0.3508415425398378,0.011932180778098092
278,17.96,75.29,0.3514464384897714,0.011926934880803939
279,17.96,75.3,0.3521696549893299,0.011917522347337542
280,17.96,75.31,0.35306514836826364,0.0119041477752545
281,17.96,75.32,0.3542048364896798,0.011887158379391029
282,17.96,75.33,0.3554951545971077,0.01186720738129551
283,17.96,75.34,0.35690377286679703,0.011845544417415732
284,17.96,75.35,0.35829983403816257,0.011824327990645093
285,17.96,75.36,0.3594103463467592,0.011806478241202952
286,17.96,75.37,0.360227094783947,0.011794308604852375
287,17.96,75.38,0.36075518191672873,0.011787646612918968
288,17.96,75.39,0.3611173325538408,0.011784109720169047
289,17.96,75.4,0.3615557735208612,0.011781030895145797
290,17.96,75.41,0.3621975421973143,0.01177649052752985
291,17.96,75.42,0.36302363823372163,0.011769266926202468
292,17.96,75.43,0.36398538527423846,0.011758539525452496
293,17.96,75.44,0.36496308724558596,0.011743694758956313
294,17.96,75.45,0.3659217872383471,0.011724222276210092
295,17.96,75.46,0.366947724224766,0.011699712402417331
296,17.97,73.4,0.4806419771727189,0.011589501370771882
297,17.97,73.41,0.4778650925491606,0.011541005151268437
298,17.97,73.42,0.47410632082246207,0.011505689554956582
299,17.97,73.43,0.4693714755480041,0.011482316861271956
300,17.97,73.44,0.4637262012516775,0.011469244771054215
301,17.97,73.45,0.4572399058291745,0.01146476375320492
302,17.97,73.46,0.44992200843850183,0.011467431603043383
303,17.97,73.47,0.4419143828268179,0.01147636778551873
304,17.97,73.48,0.4335158256562051,0.011491530825944141
305,17.97,73.49,0.4251794898946199,0.01151387879663246
306,17.97,73.5,0.41703985857068293,0.01154486921086647
307,17.97,73.51,0.40912793975433626,0.011584797983016858
308,17.97,73.52,0.40149813867346507,0.011631570594793073
309,17.97,73.53,0.394143672020687,0.011681855557457143
310,17.97,73.54,0.38689133115505314,0.011732712746899078
311,17.97,73.55,0.37977123759463555,0.011782066753103667
312,17.97,74.58,0.22223971736175893,0.011332603371472412
313,17.97,74.59,0.225290555451024,0.011360714271340132
314,17.97,74.6,0.22809341524478585,0.011391214584781364
315,17.97,74.61,0.2308692097381081,0.011420843014492916
316,17.97,74.62,0.23386147938095206,0.011446997351463054
317,17.97,74.63,0.23722488949420867,0.011468780150334451
318,17.97,74.64,0.24102682831269603,0.011486050331747037
319,17.97,74.65,0.2452884150402291,0.011498662237715557
320,17.97,74.66,0.24998428648159166,0.011506128341280425
321,17.97,74.67,0.25508914386017645,0.011507620679017077
322,17.97,74.68,0.2605836932000515,0.011502133511986432
323,17.97,74.69,0.2664188951512461,0.011488676198347175
324,17.97,74.7,0.2725511586346109,0.011466417359303153
325,17.97,74.71,0.278951925676894,0.011434774511030501
326,17.97,74.72,0.28553806747764515,0.011393487532933401
327,17.97,74.73,0.2922034852936314,0.011342741260895782
328,17.97,74.8,0.33027503711214407,0.010815280799076408
329,17.97,74.81,0.33326289325068587,0.01070722253144354
330,17.97,74.82,0.3353399169517429,0.01058918350427244
331,17.97,74.83,0.3362900761791176,0.010465516934541418
332,17.97,74.84,0.3357066200510675,0.010345796139200775
333,17.97,74.85,0.33240872801344085,0.010239510354857083
334,17.97,74.86,0.32680984554721026,0.0101555241430148
335,17.97,74.87,0.32343060732359397,0.010119697771661855
336,17.97,74.88,0.17540999999998175,8.396803901543752e-16
337,17.97,74.89,0.3138404531920703,0.01012682625989314
338,17.97,74.9,0.3205154923882599,0.010139952702018317
339,17.97,74.91,0.3376213407370884,0.010164376044313656
340,17.97,74.92,0.36839999999998363,3.643421675637953e-15
341,17.97,74.93,0.3549156561862057,0.01033881731958
342,17.97,74.94,0.354953340029167,0.010442763541285203
343,17.97,74.95,0.3539083239406241,0.010526036012327227
344,17.97,74.96,0.35270648799928894,0.010590300633925912
345,17.97,74.97,0.3513590176409781,0.010641134159522947
346,17.97,74.98,0.34932079470883265,0.010698886334364848
347,17.97,74.99,0.3458974129156876,0.010772308744108018
348,17.97,75.0,0.34158261802194084,0.010844920446568818
349,17.97,75.01,0.3370914353388442,0.010913681866193868
350,17.97,75.02,0.3328511758227968,0.010978433087541036
351,17.97,75.03,0.32904319127452525,0.011039181129752778
352,17.97,75.04,0.3257556131827581,0.011095126767392135
353,17.97,75.05,0.32297407509016673,0.011145100666866152
354,17.97,75.06,0.32069210416116084,0.01118829494191993
355,17.97,75.07,0.3188986201674904,0.011224620105009934
356,17.97,75.08,0.3177007594791002,0.011255431692080639
357,17.97,75.09,0.31741941119207734,0.011288383824674671
358,17.97,75.1,0.3185950846281682,0.01133861290016705
359,17.97,75.11,0.32071869529297486,0.011395373730709825
360,17.97,75.12,0.3232708107919143,0.011448580082474595
361,17.97,75.13,0.32604826651462004,0.01149625156894825
362,17.97,75.14,0.32896233568476485,0.011538347835878201
363,17.97,75.15,0.3320235449265767,0.011575567601416412
364,17.97,75.16,0.3352465495109356,0.011609031524329502
365,17.97,75.17,0.33844896783643075,0.011639997440181977
366,17.97,75.18,0.34126936589368073,0.011669501779260499
367,17.97,75.19,0.3435722545277117,0.01169806526856737
368,17.97,75.2,0.34539140308461236,0.011725647605340707
369,17.97,75.21,0.3466674110405783,0.011751824828536593
370,17.97,75.22,0.3474370167193997,0.011775979206475927
371,17.97,75.23,0.34777640066437154,0.01179742055977255
372,17.97,75.24,0.34780092583193717,0.011815483596022193
373,17.97,75.25,0.34771777167636325,0.011829620326322276
374,17.97,75.26,0.3476667516786426,0.01183947808980242
375,17.97,75.27,0.347740774743117,0.011844927222295444
376,17.97,75.28,0.3479309252369094,0.011846055601376033
377,17.97,75.29,0.34825767434423216,0.011843111192071872
378,17.97,75.3,0.348706223271064,0.011836407940256855
379,17.97,75.31,0.3492767234411157,0.011826261207627498
380,17.97,75.32,0.3500484905132463,0.011813038198653338
381,17.97,75.33,0.3510131408962849,0.011797287054191842
382,17.97,75.34,0.3521406845922094,0.011779922551520095
383,17.97,75.35,0.3533759529748524,0.01176231850141624
384,17.97,75.36,0.354504187291789,0.011746068838080138
385,17.97,75.37,0.35539054888123445,0.01173235166315954
386,17.97,75.38,0.35613318158361323,0.011721295795364666
387,17.97,75.39,0.3567537311655632,0.01171201750834708
388,17.97,75.4,0.35739893206998463,0.01170322047628572
389,17.97,75.41,0.35825466815040086,0.011693685877120137
390,17.97,75.42,0.3593214662178859,0.011682389071766231
391,17.97,75.43,0.3605745444703564,0.011668434780176666
392,17.97,75.44,0.3619220737844028,0.011650981110503797
393,17.97,75.45,0.3632822563694184,0.011629231249304508
394,17.97,75.46,0.364653246658607,0.011602485151748328
395,17.97,75.47,0.36605661758147723,0.011570260385392422
396,17.97,75.48,0.36741607643382745,0.011532431395165429
397,17.97,75.49,0.3686487246074788,0.011489393851765896
398,17.98,73.4,0.45960406633500744,0.011648478264877525
399,17.98,73.41,0.4565325151550838,0.01159839668118179
400,17.98,73.42,0.4525947525663644,0.011559864708168275
401,17.98,73.43,0.4478116257665549,0.011531845844085922
402,17.98,73.44,0.4422790368405129,0.011512920093112139
403,17.98,73.45,0.4359737546668946,0.011501507955046508
404,17.98,73.46,0.4288529222895199,0.011496142546208832
405,17.98,73.47,0.42109207962238704,0.011495773569043716
406,17.98,73.48,0.41297280236824563,0.011500264439071232
407,17.98,73.49,0.4049911606791939,0.011511311731826124
408,17.98,73.5,0.397343422477581,0.01153302300932546
409,17.98,73.51,0.3901938220686621,0.011567955074570847
410,17.98,73.52,0.38344663950370533,0.011612025676650314
411,17.98,73.53,0.3769289096909692,0.011659337984579179
412,17.98,73.54,0.37040518141780465,0.011706220666109808
413,17.98,73.55,0.36389671674095125,0.011750714229648745
414,17.98,73.56,0.35753214873372346,0.011791736218732274
415,17.98,74.57,0.21613924077510643,0.011225853884283373
416,17.98,74.58,0.21974437582062037,0.01124941088107564
417,17.98,74.59,0.22276452074038494,0.011280544362858119
418,17.98,74.6,0.22519489026050998,0.011320044432187898
419,17.98,74.61,0.22768353324414772,0.011357534731662202
420,17.98,74.62,0.2304999832473782,0.011389301892436884
421,17.98,74.63,0.23376898212068412,0.011415049448199897
422,17.98,74.64,0.23752491244404125,0.011435030542741219
423,17.98,74.65,0.24176455574819747,0.011449313015149537
424,17.98,74.66,0.24648180887883067,0.011457602935686147
425,17.98,74.67,0.2516696328853203,0.011459286166821544
426,17.98,74.68,0.2572858035930842,0.011453563442190003
427,17.98,74.69,0.26328482480849846,0.011439589656965642
428,17.98,74.7,0.2695946726465044,0.011416594662531688
429,17.98,74.71,0.27618171252834506,0.011383967793471273
430,17.98,74.72,0.28300661444443737,0.011341326054920444
431,17.98,74.73,0.2899921207455296,0.011288614732844373
432,17.98,74.74,0.2970285368280616,0.011226385818121451
433,17.98,74.78,0.321414511845012,0.010952158021046049
434,17.98,74.79,0.3258868228424614,0.010874218993684601
435,17.98,74.8,0.32953052212564093,0.010786372440795628
436,17.98,74.81,0.33222610660346896,0.010688961636287759
437,17.98,74.82,0.3337797335761527,0.010583369856594227
438,17.98,74.83,0.33386704543884105,0.010472425523066585
439,17.98,74.84,0.3333556227579291,0.010366418603310099
440,17.98,74.85,0.33316882030379574,0.010268471470088693
441,17.98,74.86,0.3342112423552056,0.010175374804533722
442,17.98,74.87,0.614020000000034,4.3508954292194235e-15
443,17.98,74.88,0.32624506316313634,0.01011980626404191
444,17.98,74.89,0.31317554248521123,0.010118679454042195
445,17.98,74.9,0.3246273838375546,0.010126605544806964
446,17.98,74.91,0.34200631397621944,0.010156196711690185
447,17.98,74.92,0.35081195817035704,0.01024206331215963
448,17.98,74.93,0.3539597569187374,0.010330412959782806
449,17.98,74.94,0.35387964474087413,0.010408511163077604
450,17.98,74.95,0.35259041962198634,0.010469430972321581
451,17.98,74.96,0.3511198118671656,0.010517760875651497
452,17.98,74.97,0.3499038010840529,0.010562332746515109
453,17.98,74.98,0.3482511283661136,0.010607615280096374
454,17.98,74.99,0.3434566038406921,0.010677866271393437
455,17.98,75.0,0.338038003907788,0.010748724477302622
456,17.98,75.01,0.33270694049644256,0.010815926547436794
457,17.98,75.02,0.3278998234929521,0.010880716720053677
458,17.98,75.03,0.3238420268952769,0.010943661799823534
459,17.98,75.04,0.3204866911056171,0.011002967405528448
460,17.98,75.05,0.31774462396031916,0.011056491603148868
461,17.98,75.06,0.31558895831334643,0.011103540683810115
462,17.98,75.07,0.3140535220243559,0.011144998773769588
463,17.98,75.08,0.31324193914361026,0.011183470675340734
464,17.98,75.09,0.3133810378040536,0.011223771007329247
465,17.98,75.1,0.31461546132373847,0.011269873239313485
466,17.98,75.11,0.31677263055352506,0.011319231169580363
467,17.98,75.12,0.3195383394108939,0.011366873579422293
468,17.98,75.13,0.3226634281843728,0.011410022443316422
469,17.98,75.14,0.3259745949377427,0.011447892403007266
470,17.98,75.15,0.3293700268663338,0.011480969240267138
471,17.98,75.16,0.3328281403800293,0.011510625487611455
472,17.98,75.17,0.3362748797586654,0.011538674123936943
473,17.98,75.18,0.3394780091718779,0.011566648339144316
474,17.98,75.19,0.34212360065133907,0.011595144579784646
475,17.98,75.2,0.3441618625871871,0.011623813720752463
476,17.98,75.21,0.3456016476314313,0.011651840539033044
477,17.98,75.22,0.34637416744023974,0.011678315252767857
478,17.98,75.23,0.34660466405277235,0.011702318414664473
479,17.98,75.24,0.3463958287481242,0.011722971341404084
480,17.98,75.25,0.345921021515294,0.01173953982780902
481,17.98,75.26,0.34542317154569413,0.011751573570185567
482,17.98,75.27,0.34510348297861126,0.011758980399327634
483,17.98,75.28,0.3449608127350281,0.011762017792479434
484,17.98,75.29,0.3449490100160326,0.011761192354666744
485,17.98,75.3,0.3451011966026243,0.01175705854409241
486,17.98,75.31,0.3453926692024853,0.011750022175949339
487,17.98,75.32,0.34582372935519484,0.011740323167644229
488,17.98,75.33,0.3464935093500963,0.011728193312758765
489,17.98,75.34,0.3473643523761135,0.011714061171857046
490,17.98,75.35,0.34841542100326045,0.011698649775035633
491,17.98,75.36,0.34956287192198066,0.011682854740367553
492,17.98,75.37,0.3505555067418124,0.011667453016045307
493,17.98,75.38,0.35143536385908,0.011652823426443281
494,17.98,75.39,0.3522729828022068,0.011638904502445951
495,17.98,75.4,0.3531291146589872,0.01162533137411851
496,17.98,75.41,0.3541496912997652,0.011611569925360433
497,17.98,75.42,0.35542394501240476,0.011596941915979372
498,17.98,75.43,0.3569274854435923,0.011580593782791297
499,17.98,75.44,0.35860388907215607,0.011561496241919841
500,17.98,75.45,0.36038084959137856,0.011538539402781696
501,17.98,75.46,0.3621744477536305,0.011510690544891148
502,17.98,75.47,0.36402100307189245,0.01147720279484256
503,17.98,75.48,0.36585735093307814,0.011437838983400641
504,17.98,75.49,0.3676345508747733,0.011393157345409119
505,17.98,75.5,0.3691991206740678,0.011344950246456998
506,17.98,75.51,0.37042898757349113,0.011297058571052026
507,17.98,75.52,0.37128897640716074,0.01125599519656336
508,17.99,73.4,0.43874335518500035,0.011695810051248586
509,17.99,73.41,0.43535138649418664,0.011644002379633532
510,17.99,73.42,0.43124469889631,0.011602717562646555
511,17.99,73.43,0.4265032021384953,0.011571029792385345
512,17.99,73.44,0.4211147250437241,0.01154757942309194
513,17.99,73.45,0.4149982505634863,0.011530753509174775
514,17.99,73.46,0.4080896711583895,0.01151889543899464
515,17.99,73.47,0.4005784209499656,0.011510526053616006
516,17.99,73.48,0.39280031800137505,0.011504727844527336
517,17.99,73.49,0.3850613789937831,0.011502468668060133
518,17.99,73.5,0.3777226697159519,0.01151237763587031
519,17.99,73.51,0.3714853742651888,0.01154665259819101
520,17.99,73.52,0.3657030039271238,0.011591848660693701
521,17.99,73.53,0.3599376130496738,0.011637525016771375
522,17.99,73.54,0.35398998106287394,0.011680750383161758
523,17.99,73.55,0.347987162744085,0.011720390875031706
524,17.99,73.56,0.3420695736460841,0.011755842124896276
525,17.99,73.57,0.33588224880125545,0.011786765690983768
526,17.99,74.55,0.20356945162975643,0.011160464481635659
527,17.99,74.56,0.20827334012352686,0.011163818687428837
528,17.99,74.57,0.21243455578237005,0.011176804792451017
529,17.99,74.58,0.21662238415011312,0.011188330813998507
530,17.99,74.59,0.21984802545407545,0.011214102694793981
531,17.99,74.6,0.22169383813701454,0.011262986000566817
532,17.99,74.61,0.2239703354672545,0.011303840293120492
533,17.99,74.62,0.22669218401788302,0.011337335665040586
534,17.99,74.63,0.22988447971035122,0.011364329809682203
535,17.99,74.64,0.23359359490364046,0.011385362603017474
536,17.99,74.65,0.2378432228568679,0.011400522285856633
537,17.99,74.66,0.2426283216692304,0.011409485316174
538,17.99,74.67,0.2478952542489786,0.011411631093626709
539,17.99,74.68,0.25362250699942085,0.011406189693476813
540,17.99,74.69,0.2597738091565273,0.011392355578995896
541,17.99,74.7,0.2663063552059502,0.011369376808597674
542,17.99,74.71,0.27318392826328103,0.011336623291940894
543,17.99,74.72,0.2803225221353787,0.011293634538195202
544,17.99,74.73,0.28765785635808777,0.011240150339585553
545,17.99,74.74,0.29506222562205486,0.01117614378249578
546,17.99,74.75,0.30238185994494604,0.011101936288026987
547,17.99,74.76,0.30936701990531484,0.011024466413742723
548,17.99,74.77,0.3154930778922313,0.010972167716241796
549,17.99,74.78,0.3209711461390113,0.010911106264577971
550,17.99,74.79,0.3256587844436297,0.010840233141859348
551,17.99,74.8,0.3294116982603216,0.010760453736551732
552,17.99,74.81,0.3320887895108002,0.010672546949125658
553,17.99,74.82,0.3336075668790825,0.010577525617595555
554,17.99,74.83,0.33401375405755185,0.010477623171130516
555,17.99,74.84,0.33402486025696215,0.010378552019218737
556,17.99,74.85,0.3339205884569026,0.010281525506121195
557,17.99,74.86,0.3326799840016629,0.010186080703199898
558,17.99,74.87,0.3312556240541566,0.010120223026284092
559,17.99,74.88,0.32386779020550044,0.010112950193205631
560,17.99,74.89,0.31636668095479137,0.01011563752569854
561,17.99,74.9,0.3179851150707291,0.010128119327045713
562,17.99,74.91,0.3355276853764519,0.01017564237331341
563,17.99,74.92,0.34458390785775006,0.010263131782483862
564,17.99,74.93,0.3494670157559989,0.010332129552074005
565,17.99,74.94,0.35074006752175546,0.010382685805771785
566,17.99,74.95,0.3499385390725522,0.010421017111739324
567,17.99,74.96,0.34835935297428383,0.010449877187960517
568,17.99,74.97,0.3470512614635863,0.010488077873263349
569,17.99,74.98,0.34418846426333766,0.010534024172974554
570,17.99,74.99,0.33925238023105136,0.010593649187934378
571,17.99,75.0,0.33321919408706385,0.010657983901620474
572,17.99,75.01,0.32710989997303597,0.010720908931515576
573,17.99,75.02,0.32175339365662026,0.010784621726284466
574,17.99,75.03,0.3176057180627604,0.010851321485080083
575,17.99,75.04,0.31438710057352015,0.01091533905837156
576,17.99,75.05,0.3118252544960818,0.010972520778914115
577,17.99,75.06,0.3098369045329587,0.011022789132546226
578,17.99,75.07,0.3085209633923802,0.011068151574847952
579,17.99,75.08,0.307979129739863,0.011111423748431248
580,17.99,75.09,0.3083594007245243,0.011155264041950956
581,17.99,75.1,0.309740252183194,0.0112007731071616
582,17.99,75.11,0.3120369912901259,0.011246516466575743
583,17.99,75.12,0.3150404199099662,0.011289751175610806
584,17.99,75.13,0.31853749497996287,0.01132828646199379
585,17.99,75.14,0.3223239107760175,0.011361207095743424
586,17.99,75.15,0.3262338873512576,0.011388952513813649
587,17.99,75.16,0.3301421817492096,0.011413328994747968
588,17.99,75.17,0.33389635514170063,0.011437224170173968
589,17.99,75.18,0.3373897873393842,0.01146325208604351
590,17.99,75.19,0.34037406553962946,0.011492001178774802
591,17.99,75.2,0.3426577567929255,0.011522301258571909
592,17.99,75.21,0.3442883801786628,0.011552699020224415
593,17.99,75.22,0.3452394277566862,0.01158199881714348
594,17.99,75.23,0.34550436480230773,0.01160907014696804
595,17.99,75.24,0.34523665740585013,0.011632751655829115
596,17.99,75.25,0.34450447926064504,0.011652022523766865
597,17.99,75.26,0.34352681570955446,0.011666251745572601
598,17.99,75.27,0.342661256064068,0.01167536591640361
599,17.99,75.28,0.34204347997000534,0.011679865429955557
600,17.99,75.29,0.3416363624727598,0.011680676192693876
601,17.99,75.3,0.34142720153279893,0.011678766371847955
602,17.99,75.31,0.3414175767944643,0.01167466380532081
603,17.99,75.32,0.3416233420326603,0.011668318878151538
604,17.99,75.33,0.342032181606191,0.011659418945392835
605,17.99,75.34,0.34268581565977574,0.011647804722041084
606,17.99,75.35,0.34356083896769557,0.0116336753073429
607,17.99,75.36,0.3446409306448049,0.011617553342140157
608,17.99,75.37,0.3457532325590225,0.011600113423336823
609,17.99,75.38,0.34677481782459396,0.011582023348148264
610,17.99,75.39,0.3477837756050038,0.011563853754637827
611,17.99,75.4,0.34882681988000386,0.011546010926276468
612,17.99,75.41,0.35000765523183597,0.011528646205672444
613,17.99,75.42,0.3514511139489716,0.011511502991286345
614,17.99,75.43,0.353176763532377,0.011493808842875656
615,17.99,75.44,0.3551354201905186,0.011474307932782759
616,17.99,75.45,0.35728292820760094,0.011451464722365315
617,17.99,75.46,0.35955576246795395,0.011423781917033176
618,17.99,75.47,0.3619052364647442,0.011390115292105856
619,17.99,75.48,0.36429717211243035,0.011349964982276885
620,17.99,75.49,0.3666811251059301,0.011303762183653117
621,17.99,75.5,0.36894152460828133,0.011253177519678102
622,17.99,75.51,0.3708747750455099,0.011201388140391176
623,17.99,75.52,0.3722960365499122,0.011152883092828702
624,17.99,75.53,0.37309385307464604,0.011112242327925244
625,17.99,75.54,0.3730292182395084,0.011083036905307013
626,17.99,75.55,0.3719350549289109,0.011068359041435605
627,17.99,75.56,0.36966712185647155,0.011071544916947403
628,17.99,76.34,0.16332129866832631,0.01284080639242705
629,18.0,73.4,0.41819245959983276,0.011731690945512187
630,18.0,73.41,0.41450421515745006,0.011677995921901576
631,18.0,73.42,0.41027129187097755,0.011634390635381159
632,18.0,73.43,0.405567349101166,0.011600033162868681
633,18.0,73.44,0.400351592414654,0.011573536831458774
634,18.0,73.45,0.39447194088647775,0.011553168720154217
635,18.0,73.46,0.3878837695210788,0.011537081012687498
636,18.0,73.47,0.38074364310420844,0.011523489552607583
637,18.0,73.48,0.37342745177601794,0.011510773304189904
638,18.0,73.49,0.3659485312230678,0.011497476308897438
639,18.0,73.5,0.21300999999994588,-1.1167487734619195e-15
640,18.0,73.51,0.3534199122334546,0.011530997976075636
641,18.0,73.52,0.3484293776969634,0.011576758823502611
642,18.0,73.53,0.3432725662485036,0.011619042738464386
643,18.0,73.54,0.33786444821145184,0.011657413731468941
644,18.0,73.55,0.3323582523147171,0.011691482204686979
645,18.0,73.56,0.32690175043742314,0.011720925601592505
646,18.0,73.57,0.32107963352477903,0.011745534147753808
647,18.0,73.58,0.3148386294879913,0.011765239570498917
648,18.0,74.25,0.2455593468538374,0.011577376969540606
649,18.0,74.56,0.20289837520495801,0.011138921522700592
650,18.0,74.57,0.20731678899687012,0.011151453528831113
651,18.0,74.58,0.21139258914606063,0.01116521237171554
652,18.0,74.59,0.21464746129628978,0.011189185262735246
653,18.0,74.6,0.21706183470705,0.011225396504986265
654,18.0,74.61,0.219514068776606,0.011260387534303617
655,18.0,74.62,0.22231168596267933,0.011290616373593887
656,18.0,74.63,0.2255297472758478,0.011315928204821996
657,18.0,74.64,0.22926365547511401,0.011336387934677864
658,18.0,74.65,0.23354223327450116,0.011351688012420496
659,18.0,74.66,0.23836538799412643,0.011361178638622344
660,18.0,74.67,0.2437255767527678,0.011364025276722863
661,18.0,74.68,0.24959658783095215,0.011359342913438462
662,18.0,74.69,0.25593442335959943,0.011346287301999004
663,18.0,74.7,0.26270045747087356,0.011324103514414709
664,18.0,74.71,0.26984125433579725,0.011292184268425695
665,18.0,74.72,0.2773265738257228,0.011250122851885374
666,18.0,74.73,0.2850767658006229,0.011197798535964065
667,18.0,74.74,0.29294244403043085,0.011135582169220863
668,18.0,74.75,0.300699050355701,0.011065256046965021
669,18.0,74.76,0.3080748274151339,0.010995418418701995
670,18.0,74.77,0.3147746489201518,0.010936115202356293
671,18.0,74.78,0.3207249411393279,0.010874701540932567
672,18.0,74.79,0.32578018684288257,0.010806802802101074
673,18.0,74.8,0.3297791394056336,0.010732606451488316
674,18.0,74.81,0.33265048253659785,0.010652117548569533
675,18.0,74.82,0.3344584189431167,0.010564950861717838
676,18.0,74.83,0.335461639394616,0.010471566024227158
677,18.0,74.84,0.33599358032768467,0.010373692895291988
678,18.0,74.85,0.33617797366562524,0.010272116679854048
679,18.0,74.86,0.33540346568545604,0.010168640723458355
680,18.0,74.87,0.3380461320227372,0.010113623564223208
681,18.0,74.88,0.5087599999999841,2.366545769032117e-15
682,18.0,74.89,0.32463662341929866,0.010128662215328392
683,18.0,74.9,0.32195961672398377,0.010167472158214758
684,18.0,74.91,0.33314522682830655,0.010232543173853461
685,18.0,74.92,0.33930213733709047,0.010296301916132422
686,18.0,74.93,0.3454308216688103,0.01034226184774393
687,18.0,74.94,0.34712365049702715,0.010370843098312257
688,18.0,74.95,0.34740186051150795,0.01038020616080054
689,18.0,74.96,0.34642138217680296,0.010384074198046506
690,18.0,74.97,0.343905568316129,0.01040338640890323
691,18.0,74.98,0.3399913975891508,0.010448594101650848
692,18.0,74.99,0.3342618683056627,0.010508597350974517
693,18.0,75.0,0.327400477813375,0.010570172786437676
694,18.0,75.01,0.3203664368530012,0.010628659896529571
695,18.0,75.02,0.31431916376399405,0.010689027861156393
696,18.0,75.03,0.31057241484723397,0.01076513718889022
697,18.0,75.04,0.3076229514123591,0.010834347673497608
698,18.0,75.05,0.3052596559770469,0.010893335625563919
699,18.0,75.06,0.30346381160672053,0.010944232288646204
700,18.0,75.07,0.3023176160893137,0.010990870303734046
701,18.0,75.08,0.30195802490331003,0.011036674749462079
702,18.0,75.09,0.30252008315376433,0.011083182295446952
703,18.0,75.1,0.30405691434888527,0.011129841469538089
704,18.0,75.11,0.3065373780671081,0.011174713208058124
705,18.0,75.12,0.3098162961507796,0.011215476606573639
706,18.0,75.13,0.3137157120539878,0.01125029599902371
707,18.0,75.14,0.31801103144112425,0.011278300998078266
708,18.0,75.15,0.3225039421771464,0.011299870379452437
709,18.0,75.16,0.3269979985096667,0.011317175975615882
710,18.0,75.17,0.3312542520239121,0.011335014956990129
711,18.0,75.18,0.33501502033306085,0.011358919041619436
712,18.0,75.19,0.33828112359473084,0.011388981494903635
713,18.0,75.2,0.3408420510233857,0.011421695287562986
714,18.0,75.21,0.34270355068405506,0.01145490138031037
715,18.0,75.22,0.3438798822574726,0.011487496265935128
716,18.0,75.23,0.34429076933130975,0.011518241201987082
717,18.0,75.24,0.3440497212161402,0.011545527176526876
718,18.0,75.25,0.343251569399637,0.011567839694776337
719,18.0,75.26,0.34198557073692964,0.011584233394766927
720,18.0,75.27,0.34062667408421604,0.011594592427988257
721,18.0,75.28,0.3394386252225114,0.011599729252586188
722,18.0,75.29,0.3385130444299423,0.011601278447220179
723,18.0,75.3,0.33785961374602785,0.011601054250937265
724,18.0,75.31,0.33751510765277837,0.011599858258808162
725,18.0,75.32,0.3374675226040684,0.011597022328920936
726,18.0,75.33,0.3376766960629896,0.011591291771550643
727,18.0,75.34,0.3381268542620324,0.011581789643243273
728,18.0,75.35,0.338826233247908,0.01156829959893536
729,18.0,75.36,0.339807617295728,0.011551162746916444
730,18.0,75.37,0.3409655560611154,0.011531114905384984
731,18.0,75.38,0.34210066936716305,0.011509167139439707
732,18.0,75.39,0.34326165963670857,0.011486513415002493
733,18.0,75.4,0.3445063455904977,0.011464377417894495
734,18.0,75.41,0.34588116792961027,0.011443718576014103
735,18.0,75.42,0.3474872695204032,0.011424825851892993
736,18.0,75.43,0.34940199738002764,0.011407013878523435
737,18.0,75.44,0.3516333345271088,0.011388645616692929
738,18.0,75.45,0.3540800913586528,0.011367527822657097
739,18.0,75.46,0.35674983793335624,0.011341470379758613
740,18.0,75.47,0.3596103577023318,0.011308735896301467
741,18.0,75.48,0.3625797038497973,0.011268365160938647
742,18.0,75.49,0.3655935968790851,0.011220389251214411
743,18.0,75.5,0.3685631757069385,0.011165994741319369
744,18.0,75.51,0.3712858114130776,0.01110762023265581
745,18.0,75.52,0.37343622300410195,0.01104892377261302
746,18.0,75.53,0.3747722286997331,0.010994552777787225
747,18.0,75.54,0.37499209563788,0.010949989607269759
748,18.0,75.55,0.3738065347694366,0.010921356568830516
749,18.0,75.56,0.37107140401104755,0.010914640022319698
750,18.0,75.57,0.3672269126441388,0.01093553886458246
751,18.0,75.58,0.3635304557232069,0.010988744731474837
752,18.0,75.59,0.35953257982060594,0.01106074088630848
753,18.0,76.3,0.16358066585091072,0.012650479840991847
754,18.0,76.31,0.16351748608438585,0.012672783580568664
755,18.0,76.32,0.16342090925271416,0.012693869531604536
756,18.0,76.33,0.16319572121153675,0.01272022707927118
757,18.0,76.34,0.1628755790379272,0.012784104485140597
758,18.01,73.4,0.3979829217568914,0.011756373724573903
759,18.01,73.41,0.39400281837736767,0.01170052015708519
760,18.01,73.42,0.38969605298678084,0.011654970053980886
761,18.01,73.43,0.3851034270628425,0.011618988130819729
762,18.01,73.44,0.380121727660113,0.011591055153436893
763,18.01,73.45,0.37451691092652684,0.011569221327451397
764,18.01,73.46,0.3683090660540321,0.011551532914862168
765,18.01,73.47,0.3616675646270469,0.01153636622779813
766,18.01,73.48,0.35501753776818024,0.011522799182310322
767,18.01,73.49,0.3483549976010692,0.011511877062140345
768,18.01,73.5,0.3420985697697222,0.011512342421472385
769,18.01,73.51,0.3369462138984712,0.011536456451100446
770,18.01,73.52,0.3322023921652594,0.011570827289856856
771,18.01,73.53,0.32737874002972883,0.011605123060629078
772,18.01,73.54,0.3223468824234732,0.011636519385875609
773,18.01,73.55,0.317250758154996,0.011663945868029109
774,18.01,73.56,0.31212870244903734,0.011686819121083597
775,18.01,73.57,0.3066186632477984,0.011704800920296816
776,18.01,73.58,0.30068329836785307,0.01171774930157496
777,18.01,73.59,0.2943619643951217,0.011725733961418391
778,18.01,74.21,0.25734123871158493,0.011452945973539451
779,18.01,74.22,0.25464700973517734,0.011475874451136507
780,18.01,74.23,0.25133300555970317,0.0114944947231738
781,18.01,74.24,0.2474937720112797,0.011510059880547787
782,18.01,74.25,0.24309092528841578,0.011530112805728639
783,18.01,74.26,0.23797605240789893,0.011562728915561789
784,18.01,74.27,0.2324369008474498,0.01159899772176963
785,18.01,74.28,0.22674107018205636,0.01162980722910239
786,18.01,74.29,0.22098631589694998,0.011651906784382318
787,18.01,74.3,0.21522740754167802,0.011664204185532136
788,18.01,74.31,0.20948147222516336,0.011666324320040318
789,18.01,74.32,0.20379529323338572,0.011658187134099602
790,18.01,74.57,0.20131073369081112,0.011139248872757426
791,18.01,74.58,0.20529237734607317,0.011154238553827134
792,18.01,74.59,0.2086624680335936,0.011173643678596338
793,18.01,74.6,0.21152878710477843,0.011197635332736789
794,18.01,74.61,0.21428069339675762,0.011222639281745354
795,18.01,74.62,0.21727883903365572,0.011246293352053785
796,18.01,74.63,0.22068738899661672,0.011267864559756218
797,18.01,74.64,0.22453731579889402,0.011286721184520685
798,18.01,74.65,0.22890232445391287,0.01130181620847926
799,18.01,74.66,0.23380504561309287,0.01131189887512935
800,18.01,74.67,0.2392403531502791,0.011315759610527762
801,18.01,74.68,0.2452040357304705,0.011312315296875756
802,18.01,74.69,0.251705411442311,0.011300636756062419
803,18.01,74.7,0.25870329005803566,0.011279956120597547
804,18.01,74.71,0.26615513537095675,0.01124970772031397
805,18.01,74.72,0.27398460866274926,0.01120959935623561
806,18.01,74.73,0.2821145733348292,0.011159781344907367
807,18.01,74.74,0.2904638311932041,0.01110120667277929
808,18.01,74.75,0.2987532400873058,0.011036394563343535
809,18.01,74.76,0.30670038177864045,0.010969898465457963
810,18.01,74.77,0.3140879835946638,0.010904568225960238
811,18.01,74.78,0.32068867450670524,0.010838375489756887
812,18.01,74.79,0.3262401433756825,0.01076977583171998
813,18.01,74.8,0.3305681415618008,0.010698890452746669
814,18.01,74.81,0.33366136808915087,0.010624408998946958
815,18.01,74.82,0.33571272000462204,0.01054291546902338
816,18.01,74.83,0.3370545001391882,0.010451671995471914
817,18.01,74.84,0.338071742315133,0.010351066774429011
818,18.01,74.85,0.33912318721681844,0.010245057212563568
819,18.01,74.86,0.5789299999999599,1.8837303498090675e-15
820,18.01,74.87,0.19295999999991223,-1.7423870972568648e-15
821,18.01,74.88,0.2280399999999588,3.0799992245183757e-15
822,18.01,74.89,0.33372507567640686,0.010194031156785296
823,18.01,74.9,0.3305572356776973,0.0102446176391527
824,18.01,74.91,0.3347182029439392,0.010297159805822317
825,18.01,74.92,0.3384380991498496,0.010341953834371757
826,18.01,74.93,0.3415233638658334,0.010366830629176912
827,18.01,74.94,0.3427687497520573,0.01036917966446896
828,18.01,74.95,0.3435419348409609,0.010344964628251711
829,18.01,74.96,0.34415895045993117,0.010307457142340883
830,18.01,74.97,0.34158654655655374,0.01029867088282308
831,18.01,74.98,0.336307936695492,0.010351554685936553
832,18.01,74.99,0.3292552962077778,0.01042324600851608
833,18.01,75.0,0.32118855700389704,0.010487648909176967
834,18.01,75.01,0.3132511300661259,0.010545792289179488
835,18.01,75.02,0.3073200861520936,0.01061556955854718
836,18.01,75.03,0.30354690751907537,0.010694628252604945
837,18.01,75.04,0.3006514931325199,0.010763902386381946
838,18.01,75.05,0.29832583110731276,0.010819924128029526
839,18.01,75.06,0.2966042246168465,0.010866812305873285
840,18.01,75.07,0.29557273220116975,0.010911258337414412
841,18.01,75.08,0.2953441054177853,0.010958247035561279
842,18.01,75.09,0.2960261431204386,0.011008016826897104
843,18.01,75.1,0.2977165109846122,0.011057647582630026
844,18.01,75.11,0.30039813713203134,0.011103824201355573
845,18.01,75.12,0.30398466061366863,0.011143955376381673
846,18.01,75.13,0.30829927858469547,0.011176347216596312
847,18.01,75.14,0.31313588512703133,0.011200185953331795
848,18.01,75.15,0.3182550576702323,0.011215585022120337
849,18.01,75.16,0.32347114779938757,0.01122407647865168
850,18.01,75.17,0.32843787900435767,0.011231804963226615
851,18.01,75.18,0.33249068703979734,0.011254428911256744
852,18.01,75.19,0.33582227056543135,0.011288266794249253
853,18.01,75.2,0.3387145314637145,0.0113236099244012
854,18.01,75.21,0.34085825675342163,0.011359318646007812
855,18.01,75.22,0.342265256889236,0.011395465681525288
856,18.01,75.23,0.34290974995201384,0.011430696471529455
857,18.01,75.24,0.3427927110285786,0.011462425455439731
858,18.01,75.25,0.3419907886765444,0.01148827287025877
859,18.01,75.26,0.34060678591104104,0.011506836281257884
860,18.01,75.27,0.33890526451216696,0.011517843094712854
861,18.01,75.28,0.3372353521695854,0.011522337987096305
862,18.01,75.29,0.3357827803257326,0.011523016552407776
863,18.01,75.3,0.3346577794255651,0.011523639036784267
864,18.01,75.31,0.333900892042931,0.011525804989629657
865,18.01,75.32,0.33353451463937284,0.011527241914391894
866,18.01,75.33,0.333541451168373,0.011524949217055245
867,18.01,75.34,0.3338111195818825,0.011517300286103937
868,18.01,75.35,0.33434140026970727,0.011503880428379232
869,18.01,75.36,0.3351870383279466,0.011485025695794755
870,18.01,75.37,0.3363246158546426,0.011461601914574647
871,18.01,75.38,0.337572099432004,0.011434968493661057
872,18.01,75.39,0.3387973999348875,0.011406985691894458
873,18.01,75.4,0.34017156644972996,0.01137988274702017
874,18.01,75.41,0.34172464212404124,0.011355766580738204
875,18.01,75.42,0.34350495669518244,0.011335775139306368
876,18.01,75.43,0.3455772201251328,0.011319314538633402
877,18.01,75.44,0.3479855608102968,0.011304040833356701
878,18.01,75.45,0.35069405498542744,0.011286667049224156
879,18.01,75.46,0.35365397967882073,0.011263977401227263
880,18.01,75.47,0.3568883837325067,0.011233469463151468
881,18.01,75.48,0.3604131028854593,0.011193612988525546
882,18.01,75.49,0.3640752850563569,0.011143925053979278
883,18.01,75.5,0.3678041104609704,0.011085009275629573
884,18.01,75.51,0.37140651021119786,0.011018633579980619
885,18.01,75.52,0.3745397018295598,0.010947949663358414
886,18.01,75.53,0.37679801212269964,0.010877943421035088
887,18.01,75.54,0.37772615976189755,0.010816069130292313
888,18.01,75.55,0.37677743510861905,0.010772208267393205
889,18.01,75.56,0.3736749089483034,0.010757141681414353
890,18.01,75.57,0.3685262868853604,0.010775809186378264
891,18.01,75.58,0.36509081781499564,0.010845318001053626
892,18.01,75.59,0.3606340003353188,0.010929007754882968
893,18.01,75.6,0.3552328641104039,0.01101637119260318
894,18.01,75.61,0.3493397137631727,0.011103609750584201
895,18.01,75.62,0.3431753845052685,0.011188689655905425
896,18.01,75.63,0.3368037370028274,0.011270853630434756
897,18.01,76.26,0.16097355368991476,0.01243311102296883
898,18.01,76.27,0.1612102437587746,0.012469104000139543
899,18.01,76.28,0.1617168728441451,0.012504278309729595
900,18.01,76.29,0.1622072097240378,0.0125382673501237
901,18.01,76.3,0.16244676012846757,0.012571193372981345
902,18.01,76.31,0.16254952629663671,0.012604089175253616
903,18.01,76.32,0.16261114216179454,0.012640077076522427
904,18.01,76.33,0.16258716040153784,0.01268693084352242
905,18.01,76.34,0.16243483039699488,0.012756930004639622
906,18.01,76.35,0.16213701011302112,0.012852711237270015
907,18.02,73.4,0.37818732985290127,0.011770214909085192
908,18.02,73.41,0.37394877661830694,0.011711652128107871
909,18.02,73.42,0.3695867284600269,0.011664407022348392
910,18.02,73.43,0.36509467701832443,0.011627914922787698
911,18.02,73.44,0.3603196595440594,0.011600251252966246
912,18.02,73.45,0.3550374255015839,0.011578960278206893
913,18.02,73.46,0.3492743975503629,0.011561926208184345
914,18.02,73.47,0.34334265086503835,0.011547839335140822
915,18.02,73.48,0.33756372930719647,0.01153660049977819
916,18.02,73.49,0.33185090425415154,0.011530086311054406
917,18.02,73.5,0.3264719654770808,0.01153262736258532
918,18.02,73.51,0.3215416450798623,0.011546979780399104
919,18.02,73.52,0.3168535777956725,0.0115692386043151
920,18.02,73.53,0.3122071328708528,0.011593714118380758
921,18.02,73.54,0.3074320604769262,0.011616925550515345
922,18.02,73.55,0.302616571147478,0.011637038619728644
923,18.02,73.56,0.29775713096923334,0.011653009208464401
924,18.02,73.57,0.29247176247343315,0.011664223755518894
925,18.02,73.58,0.28665065721017846,0.011670355773314912
926,18.02,73.59,0.28039719078949404,0.011671345710476755
927,18.02,73.6,0.2738573398142663,0.011667435867089133
928,18.02,74.16,0.25849992019739887,0.011219074501764667
929,18.02,74.17,0.2601049303504737,0.011235812436194578
930,18.02,74.18,0.2608898155720974,0.011263483453644698
931,18.02,74.19,0.26058438739101825,0.01129461880534066
932,18.02,74.2,0.25921367711766086,0.011328564703205877
933,18.02,74.21,0.25685802296410104,0.011363183780770461
934,18.02,74.22,0.2537196257771679,0.011396072853361269
935,18.02,74.23,0.24993090121808623,0.011425958265579442
936,18.02,74.24,0.24561410075917747,0.01145368470953123
937,18.02,74.25,0.2407722278425901,0.01148222993337249
938,18.02,74.26,0.23541396673321763,0.011513422247771675
939,18.02,74.27,0.22970148052378445,0.011544467353800509
940,18.02,74.28,0.2237968662621325,0.011570873842794675
941,18.02,74.29,0.21779141190385565,0.011589597518784344
942,18.02,74.3,0.21175263186726992,0.011599078669612056
943,18.02,74.31,0.20571909935498553,0.011598588403274672
944,18.02,74.32,0.1997543597624518,0.011587829111215827
945,18.02,74.33,0.19386275837878778,0.011566732064839548
946,18.02,74.34,0.18799834686897338,0.011535351892925904
947,18.02,74.35,0.18207200414961594,0.011493840249746399
948,18.02,74.36,0.17615365092641622,0.011442440419955548
949,18.02,74.37,0.1705088802714307,0.011381495921011198
950,18.02,74.38,0.16501630907883333,0.011311530072569569
951,18.02,74.39,0.15969453775555517,0.011233417209372019
952,18.02,74.57,0.19511257615996136,0.011128374622209568
953,18.02,74.58,0.19906414245500859,0.011141720496644013
954,18.02,74.59,0.20250966729232833,0.011155277309690962
955,18.02,74.6,0.2055814595644039,0.011169553593710059
956,18.02,74.61,0.20853976545013322,0.011184451619364688
957,18.02,74.62,0.21167765160885108,0.011200309558602352
958,18.02,74.63,0.2152260999506703,0.01121741013369871
959,18.02,74.64,0.21926328082164734,0.011234623807079843
960,18.02,74.65,0.22380400494155137,0.01124978795141942
961,18.02,74.66,0.2288454428685994,0.011260827417783763
962,18.02,74.67,0.23439419856719648,0.011266115716796029
963,18.02,74.68,0.2404727838612556,0.011264380378411083
964,18.02,74.69,0.24711568648153484,0.011254607043149305
965,18.02,74.7,0.25431609420146517,0.011236003512029533
966,18.02,74.71,0.26200312402688625,0.011208009224751047
967,18.02,74.72,0.27012448570796477,0.01117036959107443
968,18.02,74.73,0.27862687097668015,0.011123292375369015
969,18.02,74.74,0.28744120716956656,0.011067679376152979
970,18.02,74.75,0.29631298834075886,0.011005307584103513
971,18.02,74.76,0.30501376588761064,0.010938477868062913
972,18.02,74.77,0.3132664110062815,0.010868850884175553
973,18.02,74.78,0.3207104867354888,0.010797197792459428
974,18.02,74.79,0.3269281755632666,0.010725226266739754
975,18.02,74.8,0.3316303572057567,0.010656370656170054
976,18.02,74.81,0.3348732928546232,0.010589128592438952
977,18.02,74.82,0.33694925813387044,0.010514355350110902
978,18.02,74.83,0.33829014481285696,0.0104243655009692
979,18.02,74.84,0.33943900125227816,0.010317643076443613
980,18.02,74.85,0.34070909033842184,0.010207430375636138
981,18.02,74.86,0.3444674496049559,0.0101331726782824
982,18.02,74.87,0.3424494760419871,0.010147943130615766
983,18.02,74.88,0.3394662930559583,0.010201038298613312
984,18.02,74.89,0.3352865351938255,0.010245876649105012
985,18.02,74.9,0.3348293262144605,0.010293555495892875
986,18.02,74.91,0.3361906041024419,0.010340727398807257
987,18.02,74.92,0.3372194368019964,0.010374045151117834
988,18.02,74.93,0.3374992039379234,0.01038481945184104
989,18.02,74.94,0.3370662891850012,0.010365724042754251
990,18.02,74.95,0.3369310692103651,0.010312715685117756
991,18.02,74.96,0.33979973309421607,0.010238192034395535
992,18.02,74.97,0.33939540524204775,0.010200505397242432
993,18.02,74.98,0.3324150454351082,0.010266230126923634
994,18.02,74.99,0.32407643984808365,0.010353088740342317
995,18.02,75.0,0.3149402761780016,0.010419545531949974
996,18.02,75.01,0.3062652305748006,0.010480155867656727
997,18.02,75.02,0.30077344235240444,0.010563040720011537
998,18.02,75.03,0.2969156719334244,0.010643089211299165
999,18.02,75.04,0.29380310126056647,0.010706631505273635
1000,18.02,75.05,0.29126687261120837,0.010753443451917963
1001,18.02,75.06,0.2894033237446216,0.01078964072646372
1002,18.02,75.07,0.28829586954367087,0.010827298118618238
1003,18.02,75.08,0.2881045584885217,0.01087563605328314
1004,18.02,75.09,0.2889367008598109,0.010931077448176849
1005,18.02,75.1,0.2908299829060011,0.010985939611715954
1006,18.02,75.11,0.29374935238483374,0.011035179128805101
1007,18.02,75.12,0.2976364987591118,0.011076096294244078
1008,18.02,75.13,0.3023844995717113,0.011107345926726884
1009,18.02,75.14,0.30777766938326545,0.011128429786625125
1010,18.02,75.15,0.31355285836139773,0.011139510083954722
1011,18.02,75.16,0.31952005984873216,0.011141398345148563
1012,18.02,75.17,0.325486929111601,0.011135793205442304
1013,18.02,75.18,0.32980675135300386,0.011159553724466052
1014,18.02,75.19,0.3332241227585578,0.011195601502107366
1015,18.02,75.2,0.3363672273386306,0.011230556811129517
1016,18.02,75.21,0.3388709861464767,0.011266805108091577
1017,18.02,75.22,0.34048324337738733,0.01130662823809319
1018,18.02,75.23,0.3412861655544759,0.011347784850649799
1019,18.02,75.24,0.34130775963244464,0.011385158052271816
1020,18.02,75.25,0.34063674016203643,0.011415154486131944
1021,18.02,75.26,0.33923522712501697,0.01143603970864993
1022,18.02,75.27,0.33736971891058026,0.011447306163530763
1023,18.02,75.28,0.3353371997047775,0.01144970458954941
1024,18.02,75.29,0.3334152719293314,0.011446586135502559
1025,18.02,75.3,0.33185973510445105,0.011446382772373628
1026,18.02,75.31,0.33080730195673497,0.011453814871256547
1027,18.02,75.32,0.33013159532869507,0.011461088689965563
1028,18.02,75.33,0.32982172722751996,0.01146242517787603
1029,18.02,75.34,0.3298452534057515,0.011456164733816197
1030,18.02,75.35,0.33017692635015855,0.011442154830789654
1031,18.02,75.36,0.3308677301146365,0.011420851623059017
1032,18.02,75.37,0.33190536177384306,0.011393187594189728
1033,18.02,75.38,0.33318446592021156,0.011360737168384049
1034,18.02,75.39,0.33446661411255635,0.011325968165540788
1035,18.02,75.4,0.3358326462249879,0.011292372131666395
1036,18.02,75.41,0.3374724720770428,0.011263900917736045
1037,18.02,75.42,0.3394189698757737,0.011243288030321074
1038,18.02,75.43,0.34166239911364515,0.011230103311842756
1039,18.02,75.44,0.3441961248025692,0.01122056933322324
1040,18.02,75.45,0.34707306953338585,0.01120949000778596
1041,18.02,75.46,0.3502589843915745,0.011192221718139377
1042,18.02,75.47,0.3537562881365145,0.011165446215061672
1043,18.02,75.48,0.357676582112578,0.011127143140313187
1044,18.02,75.49,0.36194114003265615,0.011076395355888403
1045,18.02,75.5,0.36644849542637276,0.011013261159557164
1046,18.02,75.51,0.37100470500996713,0.010938804328391429
1047,18.02,75.52,0.3753093036514677,0.010855450511228024
1048,18.02,75.53,0.37891528172448874,0.010767986323132658
1049,18.02,75.54,0.3811789635472814,0.010685589155613195
1050,18.02,75.55,0.38120734167806497,0.01062424702848101
1051,18.02,75.56,0.3157699999999813,1.7956592017569465e-15
1052,18.02,75.57,0.3738892532998763,0.010646651780916217
1053,18.02,75.58,0.3684863880490283,0.010722243642547152
1054,18.02,75.59,0.3624470281041161,0.010812549996136506
1055,18.02,75.6,0.35581797660721753,0.010906207417015043
1056,18.02,75.61,0.34888689335342754,0.010998089503636866
1057,18.02,75.62,0.34191803707408563,0.011085959377998023
1058,18.02,75.63,0.33491414940875,0.011169336027392297
1059,18.02,75.64,0.3280263114726,0.011248720770103434
1060,18.02,75.65,0.3213740956232583,0.011325280787616177
1061,18.02,75.66,0.31500334615596876,0.011401834284634047
1062,18.02,76.21,0.1605899026166606,0.01214493584696322
1063,18.02,76.22,0.1598964453999526,0.01216948782019787
1064,18.02,76.23,0.15926630253830698,0.012205009968644499
1065,18.02,76.24,0.15901921123276078,0.012245619874367359
1066,18.02,76.25,0.15908933234014253,0.012288444724066452
1067,18.02,76.26,0.15925769265055295,0.01233197810669811
1068,18.02,76.27,0.15956820948673212,0.0123753724974213
1069,18.02,76.28,0.1601385561622649,0.01241821847631133
1070,18.02,76.29,0.16080320340672624,0.012460538550480432
1071,18.02,76.3,0.16123609633169272,0.012502957010374972
1072,18.02,76.31,0.16152714797116802,0.012547065818040007
1073,18.02,76.32,0.16174770142954434,0.01259602577203887
1074,18.02,76.33,0.1618830213352244,0.012654897475370616
1075,18.02,76.34,0.16188787407494487,0.012728888814227962
1076,18.02,76.35,0.16170574837392415,0.01281916379642915
1077,18.03,73.4,0.3588569683457258,0.011773880994097466
1078,18.03,73.41,0.3542266328549015,0.011711459235120573
1079,18.03,73.42,0.34970604192047255,0.01166252778308225
1080,18.03,73.43,0.3453683346430782,0.011626884608134887
1081,18.03,73.44,0.34097223539443133,0.011601386377666998
1082,18.03,73.45,0.3362162049107998,0.011582385380863694
1083,18.03,73.46,0.33108556971598085,0.01156741484358964
1084,18.03,73.47,0.32598004985560025,0.01155537248162087
1085,18.03,73.48,0.32100913425307726,0.011546402641246307
1086,18.03,73.49,0.3160156976117457,0.011541794242960618
1087,18.03,73.5,0.3112023579469285,0.011543384747640177
1088,18.03,73.51,0.3065692469433568,0.011551860246474628
1089,18.03,73.52,0.30202902157468736,0.011565495041037403
1090,18.03,73.53,0.29750042799997517,0.011581301429862044
1091,18.03,73.54,0.2929032527255406,0.01159661833037545
1092,18.03,73.55,0.28827436471239204,0.011609535003123679
1093,18.03,73.56,0.28352451565533576,0.011618746856362243
1094,18.03,73.57,0.2783510033707793,0.011623389107152932
1095,18.03,73.58,0.2726311619472308,0.011622908624225478
1096,18.03,73.59,0.26649449758102234,0.011617055298825922
1097,18.03,73.6,0.26006620497762506,0.011605922520291365
1098,18.03,73.61,0.2535389573196386,0.011590049259714984
1099,18.03,73.72,0.21248054166330083,0.011425417977623491
1100,18.03,74.12,0.24658304698483394,0.011161493293279208
1101,18.03,74.13,0.2498979986690455,0.011165230668107543
1102,18.03,74.14,0.2531357303634289,0.011160549580819074
1103,18.03,74.15,0.2561429370576168,0.01114999061306957
1104,18.03,74.16,0.25873870382500086,0.011141573543582627
1105,18.03,74.17,0.26070384650390116,0.011146117686073183
1106,18.03,74.18,0.2616236368279884,0.01116493181382601
1107,18.03,74.19,0.2611446221084989,0.011196045469491501
1108,18.03,74.2,0.2592796741149056,0.01123621678900874
1109,18.03,74.21,0.2563219805567245,0.01128014109247016
1110,18.03,74.22,0.2525887072742333,0.011323368565995112
1111,18.03,74.23,0.2482651464818935,0.011363580249490786
1112,18.03,74.24,0.2434942113293624,0.011400436693652769
1113,18.03,74.25,0.23831299397697472,0.011434717490936523
1114,18.03,74.26,0.23276220445976892,0.011466757568647047
1115,18.03,74.27,0.2269223718791841,0.011495335343888382
1116,18.03,74.28,0.22087769370364924,0.011518265490779618
1117,18.03,74.29,0.21472919695956416,0.011533553609124999
1118,18.03,74.3,0.20851805319372665,0.011539849375799867
1119,18.03,74.31,0.20228569139956065,0.011536369359879924
1120,18.03,74.32,0.1960861002486658,0.011522718314063408
1121,18.03,74.33,0.18991890124835048,0.011498727221682561
1122,18.03,74.34,0.1837436730534812,0.011464349556057251
1123,18.03,74.35,0.17745357158077066,0.011419615660059846
1124,18.03,74.36,0.17128414561560693,0.01136459295915911
1125,18.03,74.37,0.16540360572440443,0.011299368353660393
1126,18.03,74.38,0.1597211935370411,0.01122411766502648
1127,18.03,74.39,0.15419070925164663,0.011139269677606074
1128,18.03,74.4,0.1488434392312089,0.01104576861740559
1129,18.03,74.41,0.1438135672649838,0.010945520900150751
1130,18.03,74.42,0.13920391610849683,0.01084203359865065
1131,18.03,74.43,0.1351893892556258,0.010741262734543228
1132,18.03,74.44,0.13196150627648998,0.010652174708336196
1133,18.03,74.45,0.12976423598820983,0.010586045895163425
1134,18.03,74.46,0.12917439410623854,0.010557446513445399
1135,18.03,74.58,0.19292209698509333,0.01112548063036281
1136,18.03,74.59,0.19634451502559458,0.011132754135755487
1137,18.03,74.6,0.19947247881107283,0.01113765463458714
1138,18.03,74.61,0.20252852753998604,0.011141886623660127
1139,18.03,74.62,0.20576799076151686,0.011148989790877762
1140,18.03,74.63,0.20941615117280113,0.011162025853221715
1141,18.03,74.64,0.21356499317649671,0.011178745680219386
1142,18.03,74.65,0.2182316275219805,0.011194822797276988
1143,18.03,74.66,0.22341940678943586,0.011207349131532809
1144,18.03,74.67,0.22914607310919524,0.011214485318039355
1145,18.03,74.68,0.23540348827458563,0.011214875463924598
1146,18.03,74.69,0.24217705799821937,0.011207449238534284
1147,18.03,74.7,0.24948423293200447,0.011191368647919286
1148,18.03,74.71,0.2573246679754133,0.011166015478261307
1149,18.03,74.72,0.2656537222801358,0.01113104284641303
1150,18.03,74.73,0.27443157447417904,0.011086486020086113
1151,18.03,74.74,0.2836542042125058,0.011032877384454598
1152,18.03,74.75,0.2930834428937507,0.010971233062758481
1153,18.03,74.76,0.3025552911367371,0.010902809866867418
1154,18.03,74.77,0.3117778970920199,0.010828836333608396
1155,18.03,74.78,0.3202830217085352,0.010750891500549519
1156,18.03,74.79,0.32740942138109835,0.010672092451152552
1157,18.03,74.8,0.33262134739416493,0.01060325920619377
1158,18.03,74.81,0.3358937396142262,0.010549011293163007
1159,18.03,74.82,0.33765881075187576,0.010486209436140224
1160,18.03,74.83,0.3385666886610139,0.010402273304143957
1161,18.03,74.84,0.3392258970516775,0.0102913441354689
1162,18.03,74.85,0.258959999999929,6.199128723618335e-16
1163,18.03,74.86,0.3454269085225377,0.010123602229922994
1164,18.03,74.87,0.3466499529661649,0.010155817108386539
1165,18.03,74.88,0.34192638537984216,0.010225814885258621
1166,18.03,74.89,0.3394060516271884,0.0102712182250424
1167,18.03,74.9,0.3392177418466363,0.01030956244082074
1168,18.03,74.91,0.3379336197816668,0.01035338254791909
1169,18.03,74.92,0.33628582385016315,0.010384660467798916
1170,18.03,74.93,0.3337507055119756,0.010391216615501552
1171,18.03,74.94,0.33036629478967167,0.01036313013116462
1172,18.03,74.95,0.3262811465003848,0.010298685223915706
1173,18.03,74.96,0.32255406297150585,0.010219121443215193
1174,18.03,74.97,0.3247641194960491,0.010174098334923071
1175,18.03,74.98,0.32448487139467325,0.01023255428604521
1176,18.03,74.99,0.31688115396269456,0.010318669531800792
1177,18.03,75.0,0.3090323951837029,0.010387282259479895
1178,18.03,75.01,0.30050820274169354,0.010454779997220316
1179,18.03,75.02,0.2951790037240081,0.01053781980744816
1180,18.03,75.03,0.2909609576227477,0.010610898620193184
1181,18.03,75.04,0.2873012293943919,0.010663998141862242
1182,18.03,75.05,0.2842463081137297,0.010696448782265217
1183,18.03,75.06,0.2819555953178482,0.010713531636523128
1184,18.03,75.07,0.2805655114096217,0.010736298990326383
1185,18.03,75.08,0.2802004444283291,0.01079069307948399
1186,18.03,75.09,0.2810864389483923,0.010856212333697213
1187,18.03,75.1,0.28326620190524116,0.010917955389584311
1188,18.03,75.11,0.286580996283685,0.010970879962121077
1189,18.03,75.12,0.2908744635720598,0.01101308619664979
1190,18.03,75.13,0.2960478952130387,0.01104398597655514
1191,18.03,75.14,0.30198998727118787,0.011063731291118506
1192,18.03,75.15,0.30844993180655655,0.011073218312417853
1193,18.03,75.16,0.31507076847206367,0.011074863802608767
1194,18.03,75.17,0.3213585267595513,0.011075686760057333
1195,18.03,75.18,0.32656913845237134,0.011089184033099182
1196,18.03,75.19,0.3306551886816127,0.011114902004695027
1197,18.03,75.2,0.3341033582764584,0.01114465820957527
1198,18.03,75.21,0.3369730197036716,0.01117757464459124
1199,18.03,75.22,0.3387510795239567,0.011222125373215663
1200,18.03,75.23,0.33957571228896444,0.01127213128134863
1201,18.03,75.24,0.33968719235552225,0.01131619510891761
1202,18.03,75.25,0.339141460615654,0.011350621451497647
1203,18.03,75.26,0.3378625776837165,0.011374128342525965
1204,18.03,75.27,0.335955613346355,0.011386178547891687
1205,18.03,75.28,0.33372372115010296,0.01138667261708836
1206,18.03,75.29,0.33138715582438644,0.011376444326724335
1207,18.03,75.3,0.3293567978231578,0.011369749219637943
1208,18.03,75.31,0.328186077381595,0.011389230632713864
1209,18.03,75.32,0.3273319842404378,0.011402719486380502
1210,18.03,75.33,0.3266978080179367,0.011406417748819567
1211,18.03,75.34,0.32639073560937165,0.011400397794411923
1212,18.03,75.35,0.32640292055944503,0.011384994081177687
1213,18.03,75.36,0.32681253535975374,0.011360648749953206
1214,18.03,75.37,0.32766595010638866,0.01132809121603065
1215,18.03,75.38,0.32883487604391765,0.011288733236884322
1216,18.03,75.39,0.3301223395923706,0.011245268367439498
1217,18.03,75.4,0.3314610948031145,0.011202512162515195
1218,18.03,75.41,0.33311512931763126,0.011167493528289807
1219,18.03,75.42,0.3351987995901583,0.011146440606294904
1220,18.03,75.43,0.3376469251946048,0.011139417318115684
1221,18.03,75.44,0.340351199674376,0.01113936034051147
1222,18.03,75.45,0.34332208003848075,0.011137628162778067
1223,18.03,75.46,0.34664183152656897,0.01112791862324719
1224,18.03,75.47,0.350320610178563,0.011106393743370255
1225,18.03,75.48,0.3544240549982693,0.01107088423992807
1226,18.03,75.49,0.359071688752627,0.011020312743047895
1227,18.03,75.5,0.36414817402342103,0.010954376499672219
1228,18.03,75.51,0.36959557731470805,0.01087346215715552
1229,18.03,75.52,0.3751063222297055,0.010778913750275801
1230,18.03,75.53,0.38032526280141155,0.010674105774097421
1231,18.03,75.54,0.38459932812807707,0.010567480670991196
1232,18.03,75.55,0.3866059029690663,0.01048106878202799
1233,18.03,75.56,0.38485963031521647,0.010466608900132762
1234,18.03,75.57,0.3791187232125492,0.01052718479905672
1235,18.03,75.58,0.37187214790290823,0.01061487772148307
1236,18.03,75.59,0.3641152462086758,0.010712440952158935
1237,18.03,75.6,0.35615821197071723,0.01081147007037301
1238,18.03,75.61,0.34816209949622423,0.010906874080933262
1239,18.03,75.62,0.3403277551336758,0.010996219197741793
1240,18.03,75.63,0.3326955340327584,0.011079675781135523
1241,18.03,75.64,0.32529973837992787,0.011158462946150895
1242,18.03,75.65,0.31822294110782373,0.011232654856243121
1243,18.03,75.66,0.31148602708032647,0.011304725948419097
1244,18.03,75.67,0.3052924700090891,0.011386971082857448
1245,18.03,75.68,0.29968549754673457,0.011477578346705751
1246,18.03,75.69,0.29447747246891587,0.011564664917378644
1247,18.03,76.17,0.16261552990247694,0.01209462166415898
1248,18.03,76.18,0.16134647514002465,0.012057604019024644
1249,18.03,76.19,0.16010991395634494,0.012021974813529679
1250,18.03,76.2,0.1589596325888036,0.01199522250608917
1251,18.03,76.21,0.15818050357689592,0.012003569517583669
1252,18.03,76.22,0.15769643187180915,0.012041958685699319
1253,18.03,76.23,0.15722558754838648,0.012088186482649286
1254,18.03,76.24,0.15709583359953824,0.012137248817911724
1255,18.03,76.25,0.1572770287413902,0.0121876117964848
1256,18.03,76.26,0.1575498388108063,0.012238413850567384
1257,18.03,76.27,0.15793171066138736,0.01228915811412783
1258,18.03,76.28,0.1585493362473978,0.012339704744046963
1259,18.03,76.29,0.1593528486227121,0.012390324614648831
1260,18.03,76.3,0.15997405839221965,0.012441838504552674
1261,18.03,76.31,0.16044024634512827,0.012495805365639706
1262,18.03,76.32,0.16081642893798787,0.012554656151170861
1263,18.03,76.33,0.1610870450341812,0.012621441676063327
1264,18.03,76.34,0.161236727956014,0.01269875105843806
1265,18.03,76.35,0.1611865768291153,0.012787251842914656
1266,18.03,76.36,0.16096585062092567,0.012885357881321835
1267,18.04,73.4,0.33987313842776185,0.011768989337465926
1268,18.04,73.41,0.33473587224572937,0.0117002639136228
1269,18.04,73.42,0.3301993164262951,0.011649138341401837
1270,18.04,73.43,0.3263078928194911,0.011616637308236906
1271,18.04,73.44,0.3224884999393537,0.011595622951203933
1272,18.04,73.45,0.31833803705006014,0.011580153551270421
1273,18.04,73.46,0.3138490207814808,0.011567656415240192
1274,18.04,73.47,0.30943868188101326,0.011557402711694757
1275,18.04,73.48,0.30503441517204655,0.011549654079832354
1276,18.04,73.49,0.3005462310841262,0.011545227038246536
1277,18.04,73.5,0.2961223641898099,0.011544960865823368
1278,18.04,73.51,0.2917503306215001,0.011548988586962667
1279,18.04,73.52,0.28737870621262845,0.01155631682097569
1280,18.04,73.53,0.28301056705949046,0.011565187689574291
1281,18.04,73.54,0.2785565094833752,0.011573702254809247
1282,18.04,73.55,0.2740406777820381,0.011580173843278958
1283,18.04,73.56,0.2694278284813547,0.011583243729856519
1284,18.04,73.57,0.2644095225402415,0.011581881211562828
1285,18.04,73.58,0.2588677592482014,0.011575327395698784
1286,18.04,73.59,0.2528723459482716,0.011563106737962646
1287,18.04,73.6,0.24654803336619258,0.011545070761148843
1288,18.04,73.61,0.24006791797941943,0.011521545720762444
1289,18.04,73.62,0.23359214785300308,0.011493619441660663
1290,18.04,73.7,0.20352689208884564,0.011337194942439134
1291,18.04,73.71,0.20320303080276206,0.01133596630173088
1292,18.04,73.72,0.2034246346594133,0.011345546161396523
1293,18.04,73.73,0.20426220318605606,0.011372703705565534
1294,18.04,74.07,0.229969820208053,0.01094811617412739
1295,18.04,74.08,0.23163564680494028,0.010964137133116307
1296,18.04,74.09,0.23394104702023402,0.010997165997491459
1297,18.04,74.1,0.23696800357873854,0.011028127499215657
1298,18.04,74.11,0.24051019393857392,0.011054576214024033
1299,18.04,74.12,0.24432304269364571,0.011073655327806513
1300,18.04,74.13,0.24822702543769382,0.011083271277868843
1301,18.04,74.14,0.2520738252224664,0.01108302294267795
1302,18.04,74.15,0.25573229135356795,0.011074991640304769
1303,18.04,74.16,0.25902115611129656,0.011064335387915509
1304,18.04,74.17,0.2616112263267074,0.011058656610762937
1305,18.04,74.18,0.2628635845184082,0.011067534517493836
1306,18.04,74.19,0.2620104079439866,0.011099390202778227
1307,18.04,74.2,0.2593188417346682,0.011148582745293428
1308,18.04,74.21,0.2555975314506375,0.01120339175095093
1309,18.04,74.22,0.2512172630003679,0.011256932404636462
1310,18.04,74.23,0.2463453251698461,0.011306122451678526
1311,18.04,74.24,0.24108868548663206,0.011350001218671597
1312,18.04,74.25,0.23553286152262887,0.011388569816561224
1313,18.04,74.26,0.22976710801071562,0.01142181935045621
1314,18.04,74.27,0.22382377230741757,0.011449166916397122
1315,18.04,74.28,0.2177501529996037,0.011469538387978487
1316,18.04,74.29,0.21154897997568292,0.011481776501849566
1317,18.04,74.3,0.20523934438289193,0.011484946744454588
1318,18.04,74.31,0.19888025294766692,0.011478423683600478
1319,18.04,74.32,0.19254125190701557,0.011461848887539901
1320,18.04,74.33,0.18618852798612112,0.011435044802307505
1321,18.04,74.34,0.17974951425465588,0.011397932506012563
1322,18.04,74.35,0.1732312494604438,0.011350475580160325
1323,18.04,74.36,0.1669413861215739,0.011292602126001394
1324,18.04,74.37,0.16087916458941595,0.011224153141916103
1325,18.04,74.38,0.15496263441365693,0.011144925879316184
1326,18.04,74.39,0.1491083431493792,0.011054804615732902
1327,18.04,74.4,0.14353053119394507,0.010954000666106578
1328,18.04,74.41,0.13830239488223228,0.010843525285363578
1329,18.04,74.42,0.13348529835248074,0.010726034312527985
1330,18.04,74.43,0.1291726516119335,0.010607451363669928
1331,18.04,74.44,0.12569345479711325,0.010499322309132624
1332,18.04,74.45,0.12352449508657594,0.010419530875549192
1333,18.04,74.46,0.12351455382347999,0.010393140559576802
1334,18.04,74.58,0.18708355551397018,0.01110584273403242
1335,18.04,74.59,0.1904377660374117,0.01110684318994817
1336,18.04,74.6,0.19350609900279547,0.011102378273955703
1337,18.04,74.61,0.19646753304556513,0.01109433106742167
1338,18.04,74.62,0.19963621737689155,0.011089615687446645
1339,18.04,74.63,0.20338887941929445,0.011100772860450596
1340,18.04,74.64,0.20770584545823226,0.011119291962394782
1341,18.04,74.65,0.21249807262375708,0.011136954159907838
1342,18.04,74.66,0.21779171049767723,0.011151219698222418
1343,18.04,74.67,0.2235948188991196,0.011160446605632503
1344,18.04,74.68,0.22992135511510348,0.011163256878777826
1345,18.04,74.69,0.2367801115235716,0.011158522108561457
1346,18.04,74.7,0.2441685405210012,0.01114533598964923
1347,18.04,74.71,0.2520937499622838,0.011122962233092512
1348,18.04,74.72,0.26054350989871583,0.011090854942264547
1349,18.04,74.73,0.2695044717370986,0.011048756621777117
1350,18.04,74.74,0.27896083698862184,0.010996800873060777
1351,18.04,74.75,0.28877970478364395,0.010935508566728614
1352,18.04,74.76,0.2988871684303999,0.01086562262641527
1353,18.04,74.77,0.3090955812053396,0.010788011023826191
1354,18.04,74.78,0.31886096247079876,0.010704411702895522
1355,18.04,74.79,0.3271407806364866,0.010620348757685775
1356,18.04,74.8,0.3329474608586458,0.010551765447885369
1357,18.04,74.81,0.3360611164627185,0.010509739109598763
1358,18.04,74.82,0.33718781547796056,0.010466154135581425
1359,18.04,74.83,0.33749471821539007,0.010398525481147787
1360,18.04,74.84,0.337103892896798,0.010301000487920056
1361,18.04,74.85,0.3342027987010627,0.010185787836372152
1362,18.04,74.86,0.33303063151396806,0.010144234872678784
1363,18.04,74.87,0.34271067853097253,0.010172911794372023
1364,18.04,74.88,0.3403118811264274,0.010225408593829269
1365,18.04,74.89,0.3392565067869972,0.010253981863814344
1366,18.04,74.9,0.340200881700797,0.010286613561457093
1367,18.04,74.91,0.3392078469213102,0.010333504102898225
1368,18.04,74.92,0.335539471587876,0.010375545854810393
1369,18.04,74.93,0.3305519132265213,0.010391418599187312
1370,18.04,74.94,0.3246163411024679,0.010367922063160987
1371,18.04,74.95,0.31733278250454866,0.01030071472846004
1372,18.04,74.96,0.30699327237189233,0.010216421105697244
1373,18.04,74.97,0.3075896854435274,0.010208193714448801
1374,18.04,74.98,0.311187222216273,0.01027050886460589
1375,18.04,74.99,0.3078279201812136,0.010337223428508808
1376,18.04,75.0,0.3025919060552752,0.010401021758002863
1377,18.04,75.01,0.29626019452902935,0.010466066212902737
1378,18.04,75.02,0.2907087601666466,0.0105359175409029
1379,18.04,75.03,0.2857749184445193,0.010596214228833684
1380,18.04,75.04,0.28128424775566835,0.010636757751854766
1381,18.04,75.05,0.27735392405128684,0.01065503618198804
1382,18.04,75.06,0.27430114251280185,0.010652838307971453
1383,18.04,75.07,0.2724843025925379,0.01064876229543952
1384,18.04,75.08,0.27173121744231576,0.010716886089180387
1385,18.04,75.09,0.27266474631409726,0.010791437014651562
1386,18.04,75.1,0.27508033557127637,0.010858020934653054
1387,18.04,75.11,0.2787582816176736,0.01091304854810562
1388,18.04,75.12,0.2835425777375061,0.010955716501217272
1389,18.04,75.13,0.28928664933443127,0.010986183854382348
1390,18.04,75.14,0.2958514086893446,0.011005180258120903
1391,18.04,75.15,0.30302766155689537,0.011014101694199196
1392,18.04,75.16,0.3104103346914287,0.011015713763246083
1393,18.04,75.17,0.3174772627371018,0.011015537284835312
1394,18.04,75.18,0.32361986415079924,0.011022127994509407
1395,18.04,75.19,0.32839760257198597,0.0110421113301558
1396,18.04,75.2,0.3320975198295662,0.011070174316155963
1397,18.04,75.21,0.3352716677203682,0.011096340422569054
1398,18.04,75.22,0.33716614874564255,0.011149803629815234
1399,18.04,75.23,0.3380212112255883,0.011209233325707973
1400,18.04,75.24,0.33823647866105805,0.011258349003062555
1401,18.04,75.25,0.3377986989483159,0.011296294305701123
1402,18.04,75.26,0.3366584904133421,0.011322579465181145
1403,18.04,75.27,0.3347738868044029,0.0113369908408976
1404,18.04,75.28,0.3324618076156433,0.0113397135614663
1405,18.04,75.29,0.3299634729079888,0.011332391601927868
1406,18.04,75.3,0.3277056742531886,0.011328767127635213
1407,18.04,75.31,0.3261597218623981,0.011344670731274226
1408,18.04,75.32,0.3249578919436248,0.011356530953476674
1409,18.04,75.33,0.32402210154471656,0.011358938470135927
1410,18.04,75.34,0.3233609940657448,0.011351436538107423
1411,18.04,75.35,0.32303755345977214,0.011333971246564555
1412,18.04,75.36,0.32309214127048586,0.011306508695313152
1413,18.04,75.37,0.32364976607030016,0.011269174556695967
1414,18.04,75.38,0.3246229208061487,0.011222657721286828
1415,18.04,75.39,0.3258376717827464,0.01116895764772969
1416,18.04,75.4,0.32707406142623324,0.011113189394577958
1417,18.04,75.41,0.32868629533049715,0.011066960080197787
1418,18.04,75.42,0.3309675070242175,0.011044867697611371
1419,18.04,75.43,0.33367893913939384,0.011049194594589678
1420,18.04,75.44,0.33656636397415063,0.01106376611936321
1421,18.04,75.45,0.3395784404949176,0.011074244065397514
1422,18.04,75.46,0.34283353539561995,0.011073602032922673
1423,18.04,75.47,0.3464753845866644,0.011058355738822885
1424,18.04,75.48,0.3505785463089332,0.01102674003522232
1425,18.04,75.49,0.35531751452338095,0.01097791126005391
1426,18.04,75.5,0.36070256977466064,0.01091155493618975
1427,18.04,75.51,0.36669621132820124,0.010827716624882838
1428,18.04,75.52,0.37317858935722203,0.010726877063839766
1429,18.04,75.53,0.3798862874331369,0.01061062003809817
1430,18.04,75.54,0.38619179424845695,0.010484902436484813
1431,18.04,75.55,0.3891004938425253,0.01037665406186986
1432,18.04,75.56,0.38796344458312165,0.010360001568101242
1433,18.04,75.57,0.38212341345757533,0.010431858365384352
1434,18.04,75.58,0.3731994385432382,0.010527547990890578
1435,18.04,75.59,0.36435780413768465,0.010630831275396707
1436,18.04,75.6,0.35543886954674303,0.01073451055887887
1437,18.04,75.61,0.3466404304848373,0.010832627429068695
1438,18.04,75.62,0.3381408334555838,0.010921872283329153
1439,18.04,75.63,0.3299972038511535,0.011003827269953748
1440,18.04,75.64,0.32223927395679586,0.01108353025776109
1441,18.04,75.65,0.31486019148663236,0.011158310160674575
1442,18.04,75.66,0.30774619673454806,0.011222489094838065
1443,18.04,75.67,0.3014135504732044,0.011307908153829205
1444,18.04,75.68,0.295734943611683,0.011405575389447201
1445,18.04,75.69,0.290372861309545,0.0114936586176681
1446,18.04,75.7,0.2852921719549928,0.011572680101319975
1447,18.04,75.71,0.28036848888524873,0.01164332392335438
1448,18.04,75.72,0.2755827117456919,0.011706348411927857
1449,18.04,75.73,0.2709631296571444,0.011762510705743185
1450,18.04,76.12,0.16861484327277917,0.012149341066810773
1451,18.04,76.13,0.16696158316716714,0.01212222373840462
1452,18.04,76.14,0.16518753512615425,0.012091807150039364
1453,18.04,76.15,0.1634103017665914,0.012058474373648601
1454,18.04,76.16,0.16173064788618113,0.012022690637319743
1455,18.04,76.17,0.16029594389520724,0.011985022441529766
1456,18.04,76.18,0.1590482006553448,0.01194620186363309
1457,18.04,76.19,0.15781617759902766,0.01190722149989379
1458,18.04,76.2,0.15660263635760893,0.011870201191052532
1459,18.04,76.21,0.15591706476366332,0.011882932197691525
1460,18.04,76.22,0.15558016709912015,0.011931569899559789
1461,18.04,76.23,0.15525088305042944,0.011983844500625413
1462,18.04,76.24,0.15523701103630247,0.012038654234533725
1463,18.04,76.25,0.15552091281592453,0.012095050476062394
1464,18.04,76.26,0.1558716411180215,0.012152222649384288
1465,18.04,76.27,0.1563265430912983,0.012209690151877697
1466,18.04,76.28,0.15698811338526447,0.012267370441409714
1467,18.04,76.29,0.15785967628969216,0.012325591063567039
1468,18.04,76.3,0.15865848290662576,0.012385130721372737
1469,18.04,76.31,0.1592892624918464,0.01244726282615084
1470,18.04,76.32,0.15980561937359944,0.01251370335293453
1471,18.04,76.33,0.16019204438389745,0.012586326615957452
1472,18.04,76.34,0.16045222639831186,0.012666587019894163
1473,18.04,76.35,0.16053809869890065,0.012754916772971575
1474,18.04,76.36,0.1604434013595808,0.01285058234488001
1475,18.05,73.4,0.32180111757862884,0.011759949479113244
1476,18.05,73.41,0.31601516326722157,0.011680168797108148
1477,18.05,73.42,0.3112907518328985,0.011624502732948714
1478,18.05,73.43,0.30817153577663414,0.011600745079587018
1479,18.05,73.44,0.30500606191968455,0.01158618326802538
1480,18.05,73.45,0.30138090451980976,0.011574021610294983
1481,18.05,73.46,0.29736730378786813,0.011563150322765002
1482,18.05,73.47,0.29344979454048686,0.01155358523689612
1483,18.05,73.48,0.28942083302646554,0.011545773553736555
1484,18.05,73.49,0.28533003813069163,0.011540330581201077
1485,18.05,73.5,0.2812620110000466,0.011537730042911332
1486,18.05,73.51,0.27717868401814866,0.011537970774202534
1487,18.05,73.52,0.2729950544804576,0.011540391011084925
1488,18.05,73.53,0.26879580371026185,0.011543813593072912
1489,18.05,73.54,0.2645213711711553,0.01154680659055206
1490,18.05,73.55,0.26017591200157564,0.011547908525307038
1491,18.05,73.56,0.2557598114093453,0.011545787934539418
1492,18.05,73.57,0.2509638891166648,0.011539322149456254
1493,18.05,73.58,0.24563514390637536,0.011527591144680644
1494,18.05,73.59,0.23980837811040281,0.011509896545649797
1495,18.05,73.6,0.2336139311290437,0.011485793734048429
1496,18.05,73.61,0.2272386688558629,0.011455198491236171
1497,18.05,73.62,0.22087606718545508,0.01141868433811612
1498,18.05,73.63,0.21462518700669175,0.011378502097941135
1499,18.05,73.67,0.19778394309513028,0.011271224973592127
1500,18.05,73.68,0.19564460003449524,0.011252798528083065
1501,18.05,73.69,0.19430824486881218,0.011240273733057861
1502,18.05,73.7,0.19381336036704352,0.011236772686026724
1503,18.05,73.71,0.1940441797979489,0.011243110627427156
1504,18.05,73.72,0.19479938040280853,0.01125949731802689
1505,18.05,73.73,0.19613812193575447,0.0112860344375541
1506,18.05,73.74,0.1980203466970736,0.0113203364163043
1507,18.05,74.05,0.22060908995883563,0.010918353609767503
1508,18.05,74.06,0.22282028436043672,0.010894729875857984
1509,18.05,74.07,0.22484396985064226,0.010873209748282165
1510,18.05,74.08,0.22686227867726763,0.010877901896356753
1511,18.05,74.09,0.2297105759227908,0.010905499953036754
1512,18.05,74.1,0.23343936102927204,0.010939833525626889
1513,18.05,74.11,0.2376458157807095,0.010972934796727651
1514,18.05,74.12,0.2420967428442186,0.010998931058664872
1515,18.05,74.13,0.24661498175233487,0.011014245402426003
1516,18.05,74.14,0.2510286282800156,0.011017513082747841
1517,18.05,74.15,0.2551903527862648,0.011009490280068857
1518,18.05,74.16,0.2589926769322523,0.010993026439572203
1519,18.05,74.17,0.26227389357720093,0.010973761174525849
1520,18.05,74.18,0.26441257469053014,0.010966126900584919
1521,18.05,74.19,0.2627097451590101,0.011004559722167365
1522,18.05,74.2,0.2588365569634367,0.011068469221757788
1523,18.05,74.21,0.25436130530568923,0.011135130837732491
1524,18.05,74.22,0.249389467942278,0.011198006184822244
1525,18.05,74.23,0.24402675547792085,0.011254325972321386
1526,18.05,74.24,0.23837399236971013,0.011303231443081995
1527,18.05,74.25,0.2325274346936058,0.011344664819566187
1528,18.05,74.26,0.22651674795080062,0.011378669263598335
1529,18.05,74.27,0.2203820357011062,0.011405036213917544
1530,18.05,74.28,0.21417415336977708,0.01142327658187821
1531,18.05,74.29,0.20790018474330488,0.011432780512722786
1532,18.05,74.3,0.20158941210138556,0.011432995345428264
1533,18.05,74.31,0.19525426879664673,0.011423518216698127
1534,18.05,74.32,0.18889755510386616,0.011404113547768867
1535,18.05,74.33,0.18245312655753645,0.01137468419250545
1536,18.05,74.34,0.17587201747732487,0.01133521197530151
1537,18.05,74.35,0.16933650131025418,0.011285686163894495
1538,18.05,74.36,0.1630427677898426,0.011225978032843335
1539,18.05,74.37,0.15690302259585318,0.011155755738025318
1540,18.05,74.38,0.15081902714320622,0.01107448102525358
1541,18.05,74.39,0.14483299567954253,0.010981485681327821
1542,18.05,74.4,0.13910201885517853,0.010876170107412922
1543,18.05,74.41,0.13366206286258395,0.010758349066807341
1544,18.05,74.42,0.1286227777491095,0.010628951855466227
1545,18.05,74.43,0.12408157671322748,0.010491873316468196
1546,18.05,74.44,0.12046223957209017,0.01035964946919773
1547,18.05,74.45,0.11866487115288397,0.010261685225884522
1548,18.05,74.46,0.1191885010793309,0.010232943404028054
1549,18.05,74.47,0.12227068815324682,0.01031938382603949
1550,18.05,74.59,0.18491007794784406,0.0110794480892268
1551,18.05,74.6,0.18783862124242412,0.011067136295842096
1552,18.05,74.61,0.19063170062358317,0.011048403518580953
1553,18.05,74.62,0.19350363215309754,0.011025852030452924
1554,18.05,74.63,0.1973322360439305,0.011040198524862231
1555,18.05,74.64,0.20170768109498455,0.011058948133940615
1556,18.05,74.65,0.20659352575829518,0.011076847162642036
1557,18.05,74.66,0.21195853583627278,0.011092423910898505
1558,18.05,74.67,0.21780853228501046,0.011103744750583563
1559,18.05,74.68,0.22413648132199546,0.011109131358199844
1560,18.05,74.69,0.2309554245067129,0.011107333524962465
1561,18.05,74.7,0.23828606704238325,0.01109738857773123
1562,18.05,74.71,0.2461652876244351,0.011078417212440883
1563,18.05,74.72,0.25460107761777206,0.011049584042490108
1564,18.05,74.73,0.26362192707674037,0.011010254315335399
1565,18.05,74.74,0.2731909447757555,0.010960220018145898
1566,18.05,74.75,0.2831987402192498,0.010899828201122614
1567,18.05,74.76,0.29367885122622384,0.010829875190985001
1568,18.05,74.77,0.30465755535601274,0.010751197862368455
1569,18.05,74.78,0.315827859106265,0.010664661063649123
1570,18.05,74.79,0.32551514547021354,0.010575512053811865
1571,18.05,74.8,0.33137403036405555,0.010504860938850306
1572,18.05,74.81,0.3341207249113394,0.010479103842083922
1573,18.05,74.82,0.33446678740463215,0.010460216995653296
1574,18.05,74.83,0.3348951564621931,0.01041531787178323
1575,18.05,74.84,0.3351616759243765,0.01034586761507756
1576,18.05,74.85,0.3355839707983664,0.010267284696189186
1577,18.05,74.86,0.33285342913874033,0.010236349351821421
1578,18.05,74.87,0.3347512991783881,0.010231859626863226
1579,18.05,74.88,0.33574492039019166,0.010221685231201526
1580,18.05,74.89,0.3356630112441687,0.01019540761661392
1581,18.05,74.9,0.3427635665590307,0.010223474084810232
1582,18.05,74.91,0.34089511552744955,0.010285482327717315
1583,18.05,74.92,0.3344976387410146,0.010356461154275737
1584,18.05,74.93,0.327883126369114,0.0103937764926407
1585,18.05,74.94,0.3210253233262496,0.010390176601464428
1586,18.05,74.95,0.31357582755266694,0.010349593897856961
1587,18.05,74.96,0.30531674477038795,0.010300768047189457
1588,18.05,74.97,0.30397992876669394,0.010305249462377642
1589,18.05,74.98,0.305709208120169,0.010342248316265757
1590,18.05,74.99,0.3043065732313398,0.010383128915634584
1591,18.05,75.0,0.29976429436710383,0.010430371016770355
1592,18.05,75.01,0.29360789904624035,0.010487113237324742
1593,18.05,75.02,0.2872893568839493,0.010544881658386187
1594,18.05,75.03,0.28124448633030574,0.010592710553191219
1595,18.05,75.04,0.2756492392778995,0.01062263406863965
1596,18.05,75.05,0.27069614490252386,0.01063237539791804
1597,18.05,75.06,0.26657871652393045,0.010624995726304143
1598,18.05,75.07,0.26349616626774264,0.010617415421145901
1599,18.05,75.08,0.2628342703664892,0.010670533219561582
1600,18.05,75.09,0.26400317263771367,0.010743769334858651
1601,18.05,75.1,0.26660409310487443,0.010808896934777917
1602,18.05,75.11,0.2705792844345238,0.01086249541902338
1603,18.05,75.12,0.2758140244825704,0.010903795763154103
1604,18.05,75.13,0.2821323074422378,0.010933050995626189
1605,18.05,75.14,0.28935201873538996,0.010951212488613025
1606,18.05,75.15,0.29730875220855607,0.010959597557135421
1607,18.05,75.16,0.3056183437986248,0.01095996188787425
1608,18.05,75.17,0.3137961889336365,0.010955350407516764
1609,18.05,75.18,0.32124347654441143,0.010952000535640126
1610,18.05,75.19,0.32653810273606887,0.010974794693597682
1611,18.05,75.2,0.3302896279129893,0.011013190696177094
1612,18.05,75.21,0.33327505766486554,0.01105499539489391
1613,18.05,75.22,0.33546488089671206,0.011106936020058807
1614,18.05,75.23,0.3367203801017398,0.011162987897082317
1615,18.05,75.24,0.33719572774048134,0.011212461262171817
1616,18.05,75.25,0.33695285895920596,0.011252043133789804
1617,18.05,75.26,0.33592112451800743,0.011280797318773008
1618,18.05,75.27,0.3341060266025619,0.011298702811336844
1619,18.05,75.28,0.3317497132718176,0.011306792014628865
1620,18.05,75.29,0.3291886485573547,0.01130838097398345
1621,18.05,75.3,0.32670276448323177,0.011310403939094878
1622,18.05,75.31,0.32459444437664836,0.011316502810236734
1623,18.05,75.32,0.3229054583929409,0.011321155487189177
1624,18.05,75.33,0.3215963429580508,0.011319447875676524
1625,18.05,75.34,0.3206153649033219,0.011309372639930804
1626,18.05,75.35,0.3200111175180046,0.01128990629937864
1627,18.05,75.36,0.31981324543899065,0.011260207628663093
1628,18.05,75.37,0.32009252808998995,0.011219570065604936
1629,18.05,75.38,0.3208437823641085,0.011167673852229575
1630,18.05,75.39,0.3218743281358658,0.011105020551500797
1631,18.05,75.4,0.3229069816091218,0.011033963576982667
1632,18.05,75.41,0.32429026382580184,0.0109686598110814
1633,18.05,75.42,0.3269511793606821,0.010940817700763475
1634,18.05,75.43,0.3299375009936418,0.010968265323412994
1635,18.05,75.44,0.33294719475487144,0.011001176958698358
1636,18.05,75.45,0.33591336209855843,0.011024146335584024
1637,18.05,75.46,0.3389757195586147,0.011032281813789182
1638,18.05,75.47,0.3423492472047052,0.011023241991834234
1639,18.05,75.48,0.3461876716088544,0.010996033375159359
1640,18.05,75.49,0.35069619273786135,0.010950376746508568
1641,18.05,75.5,0.3560127776066847,0.010886369734425912
1642,18.05,75.51,0.3620888771907005,0.010804343573071782
1643,18.05,75.52,0.3688328175562374,0.01070500821719546
1644,18.05,75.53,0.3760917651787663,0.010590309444564803
1645,18.05,75.54,0.38356897947650304,0.010466509911493196
1646,18.05,75.55,0.3858796053611193,0.01037646671606079
1647,18.05,75.56,0.38601151443265747,0.010347945380896268
1648,18.05,75.57,0.37927941975166574,0.010384865127996579
1649,18.05,75.58,0.3707085943171334,0.010470210712673952
1650,18.05,75.59,0.3623780321598236,0.010571924117353007
1651,18.05,75.6,0.35297697717708104,0.010679046835251872
1652,18.05,75.61,0.343843784956849,0.0107793932241706
1653,18.05,75.62,0.33506918160792387,0.01086742429887968
1654,18.05,75.63,0.32664323942258083,0.010942902840247223
1655,18.05,75.64,0.31881623480402954,0.011028669836762709
1656,18.05,75.65,0.3114124115160593,0.011111846907016058
1657,18.05,75.66,0.30434988620988745,0.011187516972087664
1658,18.05,75.67,0.2978190111410937,0.011268989814168162
1659,18.05,75.68,0.2918403807911813,0.011355852281685803
1660,18.05,75.69,0.28626978221418126,0.01143753466431093
1661,18.05,75.7,0.28100671107974584,0.011511303200028992
1662,18.05,75.71,0.2759501016477118,0.011577134774351223
1663,18.05,75.72,0.2710690277892735,0.011635676614930004
1664,18.05,75.73,0.26635898448938455,0.011687746911867343
1665,18.05,75.74,0.2619874677460081,0.011734108813572529
1666,18.05,75.75,0.2579811893475033,0.01177532096504316
1667,18.05,75.76,0.2542775616741872,0.011811648871171514
1668,18.05,76.08,0.17168328456145923,0.012115956178128072
1669,18.05,76.09,0.17035782766596147,0.012105231440056813
1670,18.05,76.1,0.1690599885110077,0.01209023056440529
1671,18.05,76.11,0.16765660715501432,0.012071006238396766
1672,18.05,76.12,0.16620266366956324,0.012047748991602046
1673,18.05,76.13,0.1646874015926511,0.012020768483272276
1674,18.05,76.14,0.16300372990192347,0.01199048406529263
1675,18.05,76.15,0.1612778057592261,0.011957412140686817
1676,18.05,76.16,0.15960884799164593,0.011922200130701381
1677,18.05,76.17,0.15812745886346222,0.011885738345841654
1678,18.05,76.18,0.15688984922233723,0.011849533044260082
1679,18.05,76.19,0.1557384965499294,0.011816828047508443
1680,18.05,76.2,0.15470783166827362,0.011796415173646881
1681,18.05,76.21,0.15402148353706846,0.011805190163801793
1682,18.05,76.22,0.153593216745137,0.011841964175807976
1683,18.05,76.23,0.15331000899414896,0.011892439043904171
1684,18.05,76.24,0.15338726064719418,0.01194967866396763
1685,18.05,76.25,0.15378273419330005,0.012010395140931253
1686,18.05,76.26,0.1542253108380926,0.012072817671164814
1687,18.05,76.27,0.15473940742799436,0.012136101416995459
1688,18.05,76.28,0.15546032321117248,0.012200034026457952
1689,18.05,76.29,0.15638130816611895,0.012264861581646256
1690,18.05,76.3,0.1573014668193493,0.012331205568535213
1691,18.05,76.31,0.15809386789418045,0.01240001157835083
1692,18.05,76.32,0.1587419919767745,0.012472447063978903
1693,18.05,76.33,0.1592400424825982,0.01254969411111391
1694,18.05,76.34,0.15959086542460546,0.012632633338831505
1695,18.05,76.35,0.1597948442052829,0.012721555626429293
1696,18.05,76.36,0.15982076007734178,0.012816088615482758
1697,18.05,76.37,0.15966234840033808,0.012915358646938742
1698,18.06,73.4,0.305403950593674,0.011756177468701315
1699,18.06,73.41,0.29914177754694926,0.011668389401466743
1700,18.06,73.42,0.29400730585863005,0.011605522863248062
1701,18.06,73.43,0.291639361576732,0.01159098746963216
1702,18.06,73.44,0.28878162409511826,0.011578312546138171
1703,18.06,73.45,0.2853691233784413,0.01156621536988264
1704,18.06,73.46,0.28165954436830454,0.011554740787703062
1705,18.06,73.47,0.2780767345810019,0.011544153460817934
1706,18.06,73.48,0.27435004748281616,0.011534875994653901
1707,18.06,73.49,0.2706111012492019,0.011527382095377993
1708,18.06,73.5,0.2668041997410698,0.01152201387401531
1709,18.06,73.51,0.26291375877379886,0.011518774937751365
1710,18.06,73.52,0.2589440744902604,0.011517188740695938
1711,18.06,73.53,0.25498162208417174,0.011516348984155315
1712,18.06,73.54,0.25092805836496795,0.011515056051236643
1713,18.06,73.55,0.24682727620371867,0.011511978314492612
1714,18.06,73.56,0.24266127608307345,0.011505810750191905
1715,18.06,73.57,0.2381476383618336,0.011495380691042965
1716,18.06,73.58,0.23306594223751462,0.011479662351645877
1717,18.06,73.59,0.2274699299912391,0.011457800262117212
1718,18.06,73.6,0.2214971794990327,0.011429120893581628
1719,18.06,73.61,0.21537759774665566,0.011393145964753689
1720,18.06,73.62,0.20921463097525103,0.011349628233177297
1721,18.06,73.63,0.2031195317986208,0.011298841262856423
1722,18.06,73.64,0.19751480772877064,0.011246187855794544
1723,18.06,73.65,0.19357917624547802,0.011221211177710431
1724,18.06,73.66,0.19039948383440777,0.011199463242450488
1725,18.06,73.67,0.18770480777713436,0.011173947138824915
1726,18.06,73.68,0.18572538331905328,0.011149267368727574
1727,18.06,73.69,0.18463996938583388,0.011133614119152424
1728,18.06,73.7,0.1846227228537434,0.011133657335044912
1729,18.06,73.71,0.18542665701358693,0.011147028453170156
1730,18.06,73.72,0.18675170559079401,0.011168628317379511
1731,18.06,73.73,0.18857006335849197,0.01119594304384974
1732,18.06,73.74,0.190810789760944,0.011227565816609773
1733,18.06,73.75,0.19322569246715462,0.011262096157623228
1734,18.06,74.03,0.21357032199487105,0.010882898448659688
1735,18.06,74.04,0.21500597022205473,0.010844166202654855
1736,18.06,74.05,0.2172432764097731,0.010838534411094137
1737,18.06,74.06,0.21881801311743557,0.010828775637571163
1738,18.06,74.07,0.22013791034861266,0.010815341854813209
1739,18.06,74.08,0.22179845932495687,0.010809065131429117
1740,18.06,74.09,0.2254263272187147,0.010827451133454154
1741,18.06,74.1,0.2300885926269508,0.010864728413613137
1742,18.06,74.11,0.23497581205720952,0.010904861206495276
1743,18.06,74.12,0.23998289048412008,0.010937912629748123
1744,18.06,74.13,0.2449529620801723,0.010958885918663236
1745,18.06,74.14,0.24972893257704115,0.010965528746527928
1746,18.06,74.15,0.2541567177231458,0.010957680712649107
1747,18.06,74.16,0.25812497646564064,0.01093684580460231
1748,18.06,74.17,0.2615123872715968,0.010906969818869341
1749,18.06,74.18,0.26368999122956843,0.01088477991441939
1750,18.06,74.19,0.26121937481012114,0.010930868928619818
1751,18.06,74.2,0.25700233787537374,0.011004245826451074
1752,18.06,74.21,0.2521704082946316,0.01107972402218906
1753,18.06,74.22,0.24684350353266973,0.01114892783744246
1754,18.06,74.23,0.24112490933420289,0.011209508168036399
1755,18.06,74.24,0.23513328762439328,0.01126102093951049
1756,18.06,74.25,0.22902131383197555,0.011303590327019157
1757,18.06,74.26,0.22280270558852444,0.011337391797927629
1758,18.06,74.27,0.21654010903457677,0.011362438932881141
1759,18.06,74.28,0.2102269593399414,0.011378554736370068
1760,18.06,74.29,0.203887602568549,0.011385449246369585
1761,18.06,74.3,0.19756320352722864,0.011382836013678442
1762,18.06,74.31,0.19128268673896764,0.011370505585347303
1763,18.06,74.32,0.1849984467711917,0.011348375656202584
1764,18.06,74.33,0.17861775402908406,0.011316499176577626
1765,18.06,74.34,0.17211817737508608,0.011275023545054023
1766,18.06,74.35,0.16571545435871265,0.011224088120002695
1767,18.06,74.36,0.1595037889254385,0.011163655066753169
1768,18.06,74.37,0.1533873721240766,0.01109335047089738
1769,18.06,74.38,0.14728983802133183,0.011012409608848231
1770,18.06,74.39,0.1413943527896781,0.010919734225618288
1771,18.06,74.4,0.13574341186233935,0.01081407459812295
1772,18.06,74.41,0.13039783515419223,0.010694262214088647
1773,18.06,74.42,0.12536931335370852,0.010559550506825988
1774,18.06,74.43,0.12072466080670499,0.010410437478513161
1775,18.06,74.44,0.11685634581472042,0.010252382348563438
1776,18.06,74.45,0.11674848524040365,0.010147012003159933
1777,18.06,74.46,0.11837892164610653,0.010141323699351059
1778,18.06,74.47,0.12047144147620578,0.010253560233418892
1779,18.06,74.59,0.17969885069132216,0.011051949349187122
1780,18.06,74.6,0.18248669353485256,0.011034316471269876
1781,18.06,74.61,0.18517372242950048,0.011011391845721037
1782,18.06,74.62,0.18803792209056672,0.010991915747036061
1783,18.06,74.63,0.19149422138125413,0.01098857001431066
1784,18.06,74.64,0.19567219426011453,0.010998484676218787
1785,18.06,74.65,0.2005144540116447,0.011014297032941822
1786,18.06,74.66,0.20589018804857645,0.011030815663648616
1787,18.06,74.67,0.2117168827844214,0.011044261141034645
1788,18.06,74.68,0.21799454485341868,0.011052272908835849
1789,18.06,74.69,0.22472003615134387,0.01105352696962779
1790,18.06,74.7,0.23192637548863715,0.011047157558975212
1791,18.06,74.71,0.23963149151965105,0.011032184505775477
1792,18.06,74.72,0.247866440361974,0.01100735236515033
1793,18.06,74.73,0.25670608193526007,0.010971489519932673
1794,18.06,74.74,0.2661129335298277,0.010924017030169897
1795,18.06,74.75,0.2760054238553879,0.010865362448016126
1796,18.06,74.76,0.28641223951989897,0.010797231324567523
1797,18.06,74.77,0.2974304428888798,0.010722205612025908
1798,18.06,74.78,0.30902104544644177,0.010642126042043296
1799,18.06,74.79,0.3191103361259626,0.010564750114561509
1800,18.06,74.8,0.3229026076223712,0.010513798301513864
1801,18.06,74.81,0.32583510144518013,0.010486607097348112
1802,18.06,74.82,0.3282223621426881,0.010470120764038759
1803,18.06,74.83,0.3300164272874337,0.010443433603608044
1804,18.06,74.84,0.33099150036859,0.010404742497741
1805,18.06,74.85,0.33136456702517386,0.01035946170751032
1806,18.06,74.86,0.3311255009866948,0.010324246939724951
1807,18.06,74.87,0.33189813114950273,0.010287556540807525
1808,18.06,74.88,0.33360789374006566,0.010225223608356319
1809,18.06,74.89,0.578929999999959,-7.703696054197967e-16
1810,18.06,74.9,0.34462331462106494,0.010174182791933115
1811,18.06,74.91,0.3386081319656305,0.010258455233995874
1812,18.06,74.92,0.33195855277008113,0.01034880910025215
1813,18.06,74.93,0.32533180335927175,0.010404807751673418
1814,18.06,74.94,0.31903748237920826,0.010425856573321398
1815,18.06,74.95,0.31287815400046914,0.010418353339322934
1816,18.06,74.96,0.3077636051270126,0.010401862421295692
1817,18.06,74.97,0.30590529891718526,0.010398877590312473
1818,18.06,74.98,0.30620471650910647,0.010406924243809429
1819,18.06,74.99,0.3051916511529816,0.010420031380313876
1820,18.06,75.0,0.30004492974432767,0.010450075985221997
1821,18.06,75.01,0.2919146566877667,0.01049935662576971
1822,18.06,75.02,0.2845504646655302,0.010553731740952282
1823,18.06,75.03,0.27726701364250017,0.010593432314935192
1824,18.06,75.04,0.27039486509845284,0.010615514254076077
1825,18.06,75.05,0.26429030725952896,0.01062123720492786
1826,18.06,75.06,0.2592346161743996,0.01061603311650551
1827,18.06,75.07,0.25569827608965023,0.010615092736605476
1828,18.06,75.08,0.25449125861597943,0.010653177008821997
1829,18.06,75.09,0.25545514933912195,0.010711678861548028
1830,18.06,75.1,0.2581959276215684,0.010768670623500936
1831,18.06,75.11,0.2624718178310728,0.010817655278219323
1832,18.06,75.12,0.2680672265161993,0.010855946087307963
1833,18.06,75.13,0.27482445767806396,0.010883100571527762
1834,18.06,75.14,0.28266285716504674,0.010900330204983325
1835,18.06,75.15,0.29140462909603926,0.010908976780525043
1836,18.06,75.16,0.3006422938460121,0.010909395114613406
1837,18.06,75.17,0.30983895926116983,0.01090307836481987
1838,18.06,75.18,0.3182329537858192,0.010898587891542714
1839,18.06,75.19,0.32438058044549595,0.010922498845981867
1840,18.06,75.2,0.3285630481067894,0.010969066943687579
1841,18.06,75.21,0.3316842657019061,0.011020811733692853
1842,18.06,75.22,0.33406791057939733,0.01107457222246307
1843,18.06,75.23,0.33575450793756556,0.01112763418968985
1844,18.06,75.24,0.3365572148037126,0.011175618430949346
1845,18.06,75.25,0.33658380847705605,0.011215577032227458
1846,18.06,75.26,0.3357400565954778,0.01124621886570881
1847,18.06,75.27,0.33400305290681936,0.01126739467483773
1848,18.06,75.28,0.33155026186993797,0.01128007324379935
1849,18.06,75.29,0.32874426733550166,0.01128656553509721
1850,18.06,75.3,0.325913738805697,0.011289975804489826
1851,18.06,75.31,0.3232732877144899,0.011291853309969279
1852,18.06,75.32,0.3210341579562983,0.01129095490094133
1853,18.06,75.33,0.3192911784612503,0.011285201130207418
1854,18.06,75.34,0.3180525465662451,0.011272934962202942
1855,18.06,75.35,0.31722168509934545,0.011252630509488434
1856,18.06,75.36,0.3168533668861705,0.011222684582163514
1857,18.06,75.37,0.3169716390038035,0.011181642638538767
1858,18.06,75.38,0.31759671320036625,0.011128539373886144
1859,18.06,75.39,0.3185875176440623,0.01106334369261692
1860,18.06,75.4,0.31979896156696797,0.010988523532996588
1861,18.06,75.41,0.32142411360300555,0.01091942671261997
1862,18.06,75.42,0.32402175379849796,0.010890457868127354
1863,18.06,75.43,0.32678770669702933,0.010919590043417918
1864,18.06,75.44,0.32953509908429407,0.010961227124120655
1865,18.06,75.45,0.33228565496634915,0.010992236630312832
1866,18.06,75.46,0.335067105016757,0.011006518068069446
1867,18.06,75.47,0.33802807290000236,0.011002249078937515
1868,18.06,75.48,0.3413916257716495,0.010979078442038683
1869,18.06,75.49,0.34534193763364235,0.010937375421618687
1870,18.06,75.5,0.3501379988210934,0.010877971134987565
1871,18.06,75.51,0.3557669748497814,0.01080202000799531
1872,18.06,75.52,0.3619772207767859,0.010711225466679953
1873,18.06,75.53,0.36841380381706096,0.010609685051032932
1874,18.06,75.54,0.37488230204210105,0.010509993050057875
1875,18.06,75.55,0.3795016159165217,0.010434814163918954
1876,18.06,75.56,0.37745004997306375,0.010400902858666556
1877,18.06,75.57,0.37199399187813936,0.01040366073418237
1878,18.06,75.58,0.36426187472315474,0.010461423104736935
1879,18.06,75.59,0.35704657367095866,0.01054681541499209
1880,18.06,75.6,0.3483770191993922,0.010649605973228863
1881,18.06,75.61,0.3396917097922238,0.010751749734557923
1882,18.06,75.62,0.33118518120941526,0.010841686962884409
1883,18.06,75.63,0.3229449406677577,0.010920228843979607
1884,18.06,75.64,0.3151902754176224,0.011005290221742106
1885,18.06,75.65,0.30786074506282224,0.01108973839448294
1886,18.06,75.66,0.30085746801660773,0.011168402492059411
1887,18.06,75.67,0.294203986448122,0.011245372438044325
1888,18.06,75.68,0.2879813394392348,0.011321394893196628
1889,18.06,75.69,0.28219105696619246,0.011393356635538022
1890,18.06,75.7,0.2767546011376821,0.011459006805758483
1891,18.06,75.71,0.2715689480963959,0.011517788114937678
1892,18.06,75.72,0.2665693043527299,0.011570108575354721
1893,18.06,75.73,0.2617740073263151,0.01161679113870366
1894,18.06,75.74,0.2573131892503667,0.011658688318479512
1895,18.06,75.75,0.25327101285848785,0.011696375306876306
1896,18.06,75.76,0.24957609511407353,0.011729971051051322
1897,18.06,75.77,0.2461971055054382,0.01175918558296854
1898,18.06,75.78,0.24313909009306275,0.011783524167426925
1899,18.06,75.79,0.24043533621381677,0.011802517860274812
1900,18.06,76.04,0.17521114514746958,0.012010801520839338
1901,18.06,76.05,0.17345000986519007,0.012017406039478347
1902,18.06,76.06,0.171891573566464,0.012020577555578907
1903,18.06,76.07,0.1703129154173346,0.01201982659902976
1904,18.06,76.08,0.1688833926361953,0.012014794360061492
1905,18.06,76.09,0.1676521097964279,0.012005268487394907
1906,18.06,76.1,0.16649881620229798,0.011991188635608285
1907,18.06,76.11,0.1652631968733589,0.011972656780623352
1908,18.06,76.12,0.16391879202846757,0.011949947608360462
1909,18.06,76.13,0.16253469361142414,0.011923497235974401
1910,18.06,76.14,0.16096535632827438,0.011893893900402427
1911,18.06,76.15,0.15931528889469118,0.01186186427333958
1912,18.06,76.16,0.15770972732798857,0.011828311174217482
1913,18.06,76.17,0.15623606325619438,0.01179446724714333
1914,18.06,76.18,0.1549917843165751,0.011762366528322495
1915,18.06,76.19,0.153877809894277,0.011735877101948133
1916,18.06,76.2,0.15288617726499984,0.011722022313335943
1917,18.06,76.21,0.15219290686864795,0.01172928970498028
1918,18.06,76.22,0.15169890190818622,0.011760212815333697
1919,18.06,76.23,0.15142713955544157,0.01180906397785336
1920,18.06,76.24,0.15157460539930212,0.011868221184107372
1921,18.06,76.25,0.15205253902082824,0.011932519933397764
1922,18.06,76.26,0.15258828413806397,0.01199932184830767
1923,18.06,76.27,0.1531426006575817,0.012067491505993152
1924,18.06,76.28,0.153917493787979,0.012136703520684758
1925,18.06,76.29,0.15489631825909767,0.012207093985502437
1926,18.06,76.3,0.15591107481771557,0.012279100695250691
1927,18.06,76.31,0.1568525865784004,0.012353374505082589
1928,18.06,76.32,0.1576220482602421,0.012430679621952484
1929,18.06,76.33,0.15822303386091965,0.012511757750871851
1930,18.06,76.34,0.15867406854376404,0.012597150498358984
1931,18.06,76.35,0.1589792003830497,0.01268704651686165
1932,18.06,76.36,0.15912339255502245,0.012781233141242352
1933,18.06,76.37,0.15907356239284964,0.012879169208224635
1934,18.06,76.38,0.15884531935957913,0.01298011385693284
1935,18.07,73.4,0.2908819106584166,0.011762334330162848
1936,18.07,73.41,0.2853081571006161,0.011683680780798107
1937,18.07,73.42,0.28066391668839297,0.011626597846157242
1938,18.07,73.43,0.27717258428932867,0.01159466394115073
1939,18.07,73.44,0.2739074579697093,0.011574065913231278
1940,18.07,73.45,0.2703646088058906,0.011557464141113144
1941,18.07,73.46,0.2668007187166204,0.011542727542951195
1942,18.07,73.47,0.2634097613519356,0.011529286073337457
1943,18.07,73.48,0.25988764997088765,0.011517162268197299
1944,18.07,73.49,0.25631830861481075,0.011506640516727566
1945,18.07,73.5,0.25269673279667126,0.011498031909531635
1946,18.07,73.51,0.24902072329852318,0.011491421703393517
1947,18.07,73.52,0.24531225248104585,0.011486465122030734
1948,18.07,73.53,0.2416036437568837,0.011482353065323086
1949,18.07,73.54,0.2378646678171999,0.011477928707755252
1950,18.07,73.55,0.2340840669227178,0.011471869220971495
1951,18.07,73.56,0.23024584326993963,0.011462860235898285
1952,18.07,73.57,0.2260696417922812,0.011449702846733766
1953,18.07,73.58,0.22132592429428644,0.011431330489550489
1954,18.07,73.59,0.21606400470073764,0.011406842776474252
1955,18.07,73.6,0.21042212028486823,0.011375528606519848
1956,18.07,73.61,0.20466515400355578,0.011336893103621268
1957,18.07,73.62,0.19889470959736325,0.011290736410779986
1958,18.07,73.63,0.19330293306638197,0.011237659093784935
1959,18.07,73.64,0.18825044615123243,0.011184146434149557
1960,18.07,73.65,0.1845118460004648,0.011150794685813243
1961,18.07,73.66,0.18143820790815335,0.011120410245220445
1962,18.07,73.67,0.17878763312149157,0.0110849185168584
1963,18.07,73.68,0.17672589718911808,0.011048009638830618
1964,18.07,73.69,0.17557854576181944,0.011022416240360428
1965,18.07,73.7,0.17609647327920666,0.011028219928420591
1966,18.07,73.71,0.17750921536266734,0.011050363186246947
1967,18.07,73.72,0.1793117771091739,0.011076320844690986
1968,18.07,73.73,0.18150707245599002,0.011103760426984693
1969,18.07,73.74,0.18401974534735624,0.01113284066639344
1970,18.07,73.75,0.18667697257511348,0.011163967506026377
1971,18.07,73.76,0.18925836413773878,0.01119709012777552
1972,18.07,73.77,0.19169712932470168,0.011231602336291417
1973,18.07,74.03,0.21346695823899103,0.010826806950217734
1974,18.07,74.04,0.21496293606669434,0.010786666902845254
1975,18.07,74.05,0.2152555247789644,0.010787455080028744
1976,18.07,74.06,0.21581987747150377,0.01078460272907652
1977,18.07,74.07,0.21668438146620242,0.01077212812983026
1978,18.07,74.08,0.21806339654937812,0.01075390342806963
1979,18.07,74.09,0.22245741734457583,0.010760282866906673
1980,18.07,74.1,0.22739716314361416,0.010804727637780636
1981,18.07,74.11,0.23257505527725597,0.01085194194918287
1982,18.07,74.12,0.23793462344290517,0.010891812957586056
1983,18.07,74.13,0.24320046157483668,0.0109182895878221
1984,18.07,74.14,0.24817504959954978,0.0109286106436508
1985,18.07,74.15,0.2526407959910535,0.010922745586321071
1986,18.07,74.16,0.25637358280768746,0.010902369252996527
1987,18.07,74.17,0.25900389267943746,0.010871688124918535
1988,18.07,74.18,0.2596798697358486,0.010844927451393727
1989,18.07,74.19,0.25747394860176526,0.010881985456628877
1990,18.07,74.2,0.25381741143881703,0.010962417749332891
1991,18.07,74.21,0.24903288418562441,0.011041044181625582
1992,18.07,74.22,0.24352370947868177,0.011111473612591651
1993,18.07,74.23,0.2375346708535213,0.011172397677463199
1994,18.07,74.24,0.23130152176203536,0.011223654663171179
1995,18.07,74.25,0.2249849533192382,0.011265393321805579
1996,18.07,74.26,0.21859583052579784,0.011297779174025274
1997,18.07,74.27,0.21221322999011324,0.011320871885217808
1998,18.07,74.28,0.2058382769625641,0.011334608496764988
1999,18.07,74.29,0.19951657831640374,0.011338846966648565
2000,18.07,74.3,0.19324910567478748,0.01133344139317819
2001,18.07,74.31,0.1870429278502713,0.011318305876509584
2002,18.07,74.32,0.18083881832580898,0.01129349569372873
2003,18.07,74.33,0.17458628620868244,0.011259247610823636
2004,18.07,74.34,0.16835627581932122,0.011215965546292922
2005,18.07,74.35,0.16227593713152047,0.011164109336060246
2006,18.07,74.36,0.1563657774078744,0.01110393996441999
2007,18.07,74.37,0.15045792913935502,0.011035225474640725
2008,18.07,74.38,0.1445729609152837,0.01095711631888376
2009,18.07,74.39,0.13891855997065852,0.010868252608914455
2010,18.07,74.4,0.1335343736398217,0.010767061177548906
2011,18.07,74.41,0.12852078623804972,0.010652060639292959
2012,18.07,74.42,0.12387203411524464,0.010522292778824901
2013,18.07,74.43,0.11972274138706136,0.01037841772715131
2014,18.07,74.44,0.11654488430802719,0.010227242241692296
2015,18.07,74.45,0.11880059219955481,0.01012046368057285
2016,18.07,74.46,0.12129418080664962,0.010129700158364011
2017,18.07,74.47,0.12228140266795892,0.010247907878016878
2018,18.07,74.48,0.12642400406764284,0.010395032506113514
2019,18.07,74.6,0.17737619839282776,0.011002187268865966
2020,18.07,74.61,0.17982927016427266,0.010974005565329603
2021,18.07,74.62,0.1823897660476486,0.010946504329155634
2022,18.07,74.63,0.1855037172047823,0.010930345094498745
2023,18.07,74.64,0.18957342832527835,0.010932810901816681
2024,18.07,74.65,0.19441556746485505,0.01094803240554936
2025,18.07,74.66,0.1997313434773533,0.010966435537470561
2026,18.07,74.67,0.20540939517806595,0.010982255034858338
2027,18.07,74.68,0.21147350849000976,0.010992733211927543
2028,18.07,74.69,0.21798442614117408,0.010996845919769255
2029,18.07,74.7,0.2249600258964365,0.010994310098219289
2030,18.07,74.71,0.23241980183833247,0.01098420954290414
2031,18.07,74.72,0.2403791093960434,0.010964537063428268
2032,18.07,74.73,0.24889172530812154,0.01093324319588351
2033,18.07,74.74,0.2578831893885894,0.010889192061152277
2034,18.07,74.75,0.26724431217975664,0.01083270844496502
2035,18.07,74.76,0.2769836935992635,0.010766675345726255
2036,18.07,74.77,0.28718185446125505,0.010698154940400622
2037,18.07,74.78,0.297313642355097,0.010634716236697614
2038,18.07,74.79,0.30535954898243234,0.010578257787721358
2039,18.07,74.8,0.3099953029137006,0.010529341611708928
2040,18.07,74.81,0.313986500116049,0.010499214647118343
2041,18.07,74.82,0.3192478313808657,0.010489253209922927
2042,18.07,74.83,0.3232135482567785,0.010472021595829106
2043,18.07,74.84,0.32457186511697605,0.010458794380661631
2044,18.07,74.85,0.32571283595817674,0.01043062673288867
2045,18.07,74.86,0.3269267319140709,0.010392648233603242
2046,18.07,74.87,0.32865883276118757,0.010340575798287148
2047,18.07,74.88,0.3315829450014641,0.010266723996889281
2048,18.07,74.89,0.3367367123238755,0.010197077936874438
2049,18.07,74.9,0.3379499730511003,0.0102103388540968
2050,18.07,74.91,0.33367331467236017,0.010282287789425196
2051,18.07,74.92,0.32856602112139005,0.010363547785342462
2052,18.07,74.93,0.32303689441585937,0.01042540604171025
2053,18.07,74.94,0.31814871842858283,0.01046488131366359
2054,18.07,74.95,0.3133986987263666,0.01047879437510894
2055,18.07,74.96,0.30976033775371015,0.010478078436135005
2056,18.07,74.97,0.30796254054468514,0.010471976888742145
2057,18.07,74.98,0.3076585516117681,0.010460479823018712
2058,18.07,74.99,0.3068270388610051,0.01044687936338426
2059,18.07,75.0,0.30144931528828567,0.010472473100686136
2060,18.07,75.01,0.2914434272388369,0.010521229048832478
2061,18.07,75.02,0.28233454584603124,0.010565064853740189
2062,18.07,75.03,0.27365740883334533,0.010594175741039052
2063,18.07,75.04,0.2654560732732928,0.010607554192317143
2064,18.07,75.05,0.25808419595293625,0.010608963959642866
2065,18.07,75.06,0.2520313290052962,0.010606311686269063
2066,18.07,75.07,0.247908244940265,0.010612301982974985
2067,18.07,75.08,0.246237597759802,0.010638616749472293
2068,18.07,75.09,0.2470188745598911,0.010682045689591711
2069,18.07,75.1,0.24994374505497727,0.010730753606197628
2070,18.07,75.11,0.2546111067542944,0.010775265546329384
2071,18.07,75.12,0.26064544976062287,0.01081038278186154
2072,18.07,75.13,0.2678234867653442,0.01083473430445146
2073,18.07,75.14,0.27618167278435374,0.01085088017417596
2074,18.07,75.15,0.28569677121128784,0.010862029410508739
2075,18.07,75.16,0.29581383700621194,0.010865822159959111
2076,18.07,75.17,0.30582812769041007,0.010860870933307074
2077,18.07,75.18,0.31498195273935026,0.010853134192565079
2078,18.07,75.19,0.32213179775545425,0.010877891843767787
2079,18.07,75.2,0.3268685461647939,0.010933557289377997
2080,18.07,75.21,0.33045034322166683,0.01099019418258675
2081,18.07,75.22,0.33312440082105554,0.011044915055633282
2082,18.07,75.23,0.3351114887478675,0.011096620427015197
2083,18.07,75.24,0.3362525280008181,0.011143451203879162
2084,18.07,75.25,0.33650432452756057,0.011183536132123143
2085,18.07,75.26,0.33586448999110746,0.011215636917674066
2086,18.07,75.27,0.33422014331095445,0.011239327392222456
2087,18.07,75.28,0.3317021907556045,0.011255015076344303
2088,18.07,75.29,0.3286262600679945,0.011263860508979083
2089,18.07,75.3,0.3253211423508157,0.011267340587021316
2090,18.07,75.31,0.32208176784067627,0.011266513542387741
2091,18.07,75.32,0.319200491495567,0.011261755306459151
2092,18.07,75.33,0.316933288474893,0.011253119754932492
2093,18.07,75.34,0.315373340701165,0.011240127071979014
2094,18.07,75.35,0.3144153765083813,0.011221120647419014
2095,18.07,75.36,0.31396255365262105,0.011193709095112022
2096,18.07,75.37,0.31404203486491156,0.011155852753598544
2097,18.07,75.38,0.3146331425375481,0.011106472722411576
2098,18.07,75.39,0.3157535063894428,0.011045887978208619
2099,18.07,75.4,0.3173600176182113,0.010977113488254957
2100,18.07,75.41,0.319447128837286,0.010908917430029325
2101,18.07,75.42,0.32182244374429003,0.010869079321123461
2102,18.07,75.43,0.32397026838733006,0.010902759323974632
2103,18.07,75.44,0.3262058229774342,0.010947695992220547
2104,18.07,75.45,0.32853862608017886,0.010980915242863392
2105,18.07,75.46,0.33093058040869666,0.010997305582031274
2106,18.07,75.47,0.3334235122010779,0.010995381400749555
2107,18.07,75.48,0.33618511578537646,0.010975048252712309
2108,18.07,75.49,0.3394003651720811,0.01093712725225956
2109,18.07,75.5,0.3433218910680114,0.010883317837385501
2110,18.07,75.51,0.3480753296113804,0.01081598490228768
2111,18.07,75.52,0.35338365381551534,0.010737606698309348
2112,18.07,75.53,0.3583497913164035,0.010651349905371837
2113,18.07,75.54,0.36280100081865563,0.010568765992551236
2114,18.07,75.55,0.36739727902725505,0.01051440506458208
2115,18.07,75.56,0.36709519958340403,0.010479193617526313
2116,18.07,75.57,0.3635815221697496,0.01046854457748666
2117,18.07,75.58,0.35679939902743096,0.010494685676353895
2118,18.07,75.59,0.34932527989168327,0.010551794554023783
2119,18.07,75.6,0.3422221713210524,0.010649435336056055
2120,18.07,75.61,0.3345602914560441,0.010751573655610941
2121,18.07,75.62,0.3266931185702335,0.010842531322126881
2122,18.07,75.63,0.3189140596390675,0.010925186296615805
2123,18.07,75.64,0.31135390841819177,0.011005218604485003
2124,18.07,75.65,0.30412170265246347,0.01108311773628635
2125,18.07,75.66,0.29719414036999836,0.01115715116246436
2126,18.07,75.67,0.290499844466994,0.011227557837166016
2127,18.07,75.68,0.28411532354459895,0.011294381449290288
2128,18.07,75.69,0.2781421747654481,0.011356564728861726
2129,18.07,75.7,0.2725549129607656,0.01141301496590267
2130,18.07,75.71,0.26725334273537005,0.01146339300003949
2131,18.07,75.72,0.2621407578355832,0.011508166499603732
2132,18.07,75.73,0.2572476477254347,0.011548359766130922
2133,18.07,75.74,0.252689395354846,0.011585114797370429
2134,18.07,75.75,0.2486171764262137,0.011619128452882354
2135,18.07,75.76,0.24492395306934672,0.011650275155697049
2136,18.07,75.77,0.24159997267528255,0.011677747698997726
2137,18.07,75.78,0.23866913338963333,0.011700515029428272
2138,18.07,75.79,0.236132469017931,0.01171769547486421
2139,18.07,75.8,0.2340440993655637,0.011728738947887578
2140,18.07,75.81,0.23221618916075001,0.011733425514085644
2141,18.07,75.82,0.23046208834866674,0.011731951894928337
2142,18.07,75.83,0.22865036234596048,0.011724960749512877
2143,18.07,75.99,0.1833434650157171,0.011831318569372253
2144,18.07,76.0,0.18069893889654648,0.01184673251630201
2145,18.07,76.01,0.17828593306286392,0.011862373620366911
2146,18.07,76.02,0.17613194753839392,0.01187765026879175
2147,18.07,76.03,0.17420149552348926,0.011891750678417806
2148,18.07,76.04,0.17238271378323206,0.011903795896641345
2149,18.07,76.05,0.1706905533443056,0.011912945564293571
2150,18.07,76.06,0.16921030315444432,0.011918466527676395
2151,18.07,76.07,0.16769767903145952,0.011919780132231297
2152,18.07,76.08,0.1663138588745379,0.011916483685550672
2153,18.07,76.09,0.16516943549233767,0.011908353970938439
2154,18.07,76.1,0.16413606213891688,0.011895356001198905
2155,18.07,76.11,0.16305178489849917,0.011877655252186165
2156,18.07,76.12,0.16183829548400874,0.011855634382383512
2157,18.07,76.13,0.16057196063976722,0.01182989252409313
2158,18.07,76.14,0.15910379848276607,0.011801236800899544
2159,18.07,76.15,0.15751501360692294,0.011770645386961391
2160,18.07,76.16,0.1559674079571152,0.011739250189117855
2161,18.07,76.17,0.15453070788048362,0.011708389381862598
2162,18.07,76.18,0.1533052382619139,0.011679851294807224
2163,18.07,76.19,0.15220357789241837,0.011656420871060622
2164,18.07,76.2,0.15117994146954236,0.011642768211785077
2165,18.07,76.21,0.15044008637236223,0.011646874118985838
2166,18.07,76.22,0.14993460184976046,0.011677329582662684
2167,18.07,76.23,0.1497036059748199,0.011729517598748657
2168,18.07,76.24,0.14992560562913335,0.01179248110512957
2169,18.07,76.25,0.15044076361815364,0.011860386731860923
2170,18.07,76.26,0.15102688474012194,0.011930867740072734
2171,18.07,76.27,0.1515863126860533,0.01200300573242668
2172,18.07,76.28,0.1523542054742733,0.012076532421641948
2173,18.07,76.29,0.15338792557229444,0.012151511081310204
2174,18.07,76.3,0.15447693998706452,0.012228203891994515
2175,18.07,76.31,0.15555371767852263,0.01230700377909634
2176,18.07,76.32,0.15644859904751665,0.012388365951779126
2177,18.07,76.33,0.15713985877168085,0.012472724515429794
2178,18.07,76.34,0.15767908877626924,0.01256038711229442
2179,18.07,76.35,0.15805925823308878,0.012651451381708784
2180,18.07,76.36,0.15832011867973794,0.012745772222196246
2181,18.07,76.37,0.15838433869233898,0.012842990425694938
2182,18.07,76.38,0.15826119080935788,0.012942596551158583
2183,18.08,73.4,0.2775187632503606,0.011769788352625236
2184,18.08,73.41,0.2723634482752892,0.011696487501021707
2185,18.08,73.42,0.26779412861122687,0.011639236705033902
2186,18.08,73.43,0.26379654715318834,0.011598453382544132
2187,18.08,73.44,0.26003686138329096,0.011569128325475981
2188,18.08,73.45,0.2562326103500732,0.011546136521107827
2189,18.08,73.46,0.2527190864448334,0.011526512306615387
2190,18.08,73.47,0.2493363105894588,0.011508870599181433
2191,18.08,73.48,0.2458705909156363,0.01149276177926594
2192,18.08,73.49,0.24243513227872052,0.011478309340235276
2193,18.08,73.5,0.23901402299829028,0.011465918576875414
2194,18.08,73.51,0.23556194752334753,0.011455911805153074
2195,18.08,73.52,0.23216340842726133,0.011448107171639828
2196,18.08,73.53,0.22883630977723649,0.011441642123902248
2197,18.08,73.54,0.22550853032498022,0.011435187124421346
2198,18.08,73.55,0.22209819751811588,0.011427288267488485
2199,18.08,73.56,0.21865006673035095,0.011416586795278013
2200,18.08,73.57,0.21488179541596109,0.011401884236354404
2201,18.08,73.58,0.21053355912800947,0.011382132364175391
2202,18.08,73.59,0.2056387757432888,0.01135647579677739
2203,18.08,73.6,0.2004172026723573,0.011324325506769333
2204,18.08,73.61,0.19514249830282496,0.011285478758174962
2205,18.08,73.62,0.18999501341314012,0.01124039912212637
2206,18.08,73.63,0.18515014524464923,0.011191034663346375
2207,18.08,73.64,0.18085174113530092,0.011142250074393479
2208,18.08,73.65,0.1772000267793907,0.011098491589792115
2209,18.08,73.66,0.17407311212322354,0.011055872156331643
2210,18.08,73.67,0.1713753776528627,0.011009256384570492
2211,18.08,73.68,0.16909328346784194,0.010958577908294463
2212,18.08,73.69,0.16757241585600965,0.010917958648144726
2213,18.08,73.7,0.1685633368845634,0.010932121796297512
2214,18.08,73.71,0.17041154834116495,0.01096057315589771
2215,18.08,73.72,0.17251805361136566,0.010986988554555514
2216,18.08,73.73,0.17496630152587073,0.01101151780324369
2217,18.08,73.74,0.1777231417477236,0.011036284305701189
2218,18.08,73.75,0.18054882268482372,0.011063325245992723
2219,18.08,73.76,0.18327169410379174,0.011093518475514468
2220,18.08,73.77,0.1858905530221982,0.011126288445084759
2221,18.08,73.78,0.18837410886527628,0.01116038698826295
2222,18.08,74.03,0.21206277717574112,0.010794066552116136
2223,18.08,74.04,0.21348573951070882,0.010761577708167287
2224,18.08,74.05,0.21327575851443897,0.010761953948216529
2225,18.08,74.06,0.21366389795455037,0.01076116152863818
2226,18.08,74.07,0.21481014209680876,0.010751949641894139
2227,18.08,74.08,0.21703794697239936,0.01073597415005029
2228,18.08,74.09,0.22072875281545037,0.010736006555712578
2229,18.08,74.1,0.22534132658465864,0.010770471223357515
2230,18.08,74.11,0.23064350644123005,0.010816725234213962
2231,18.08,74.12,0.2362881596160598,0.010862625985379636
2232,18.08,74.13,0.24177221116757328,0.010893218959423816
2233,18.08,74.14,0.24683642045654478,0.010906643629691258
2234,18.08,74.15,0.2512231818033898,0.010904083042570754
2235,18.08,74.16,0.2545913463683084,0.010888550617606284
2236,18.08,74.17,0.25645930593372346,0.010865489668538989
2237,18.08,74.18,0.2562375520369338,0.010847089716512482
2238,18.08,74.19,0.25384186945477,0.010877935001321828
2239,18.08,74.2,0.2502359816425305,0.010948453404046252
2240,18.08,74.21,0.24536350557331285,0.011019868258932355
2241,18.08,74.22,0.2396238007377039,0.011085133647671419
2242,18.08,74.23,0.23336484222205134,0.011142208758397346
2243,18.08,74.24,0.22691696856750102,0.01119036993477366
2244,18.08,74.25,0.22040980033054347,0.011229376663761649
2245,18.08,74.26,0.21390960814986903,0.011259146470428642
2246,18.08,74.27,0.20745205010374834,0.011279605723840656
2247,18.08,74.28,0.20105223916350276,0.011290644205229768
2248,18.08,74.29,0.19475062631848228,0.011292124581397504
2249,18.08,74.3,0.18857846979599285,0.01128392187118107
2250,18.08,74.31,0.1825075894130138,0.011265987254296127
2251,18.08,74.32,0.176462934225893,0.011238451896565896
2252,18.08,74.33,0.17044086210899717,0.011201718784083898
2253,18.08,74.34,0.1645694401614713,0.011156520442042833
2254,18.08,74.35,0.1589310313965037,0.01110384378411332
2255,18.08,74.36,0.15346579072764005,0.011044553592859026
2256,18.08,74.37,0.14797108353954114,0.01097880749721819
2257,18.08,74.38,0.14257040367594254,0.010905762896197
2258,18.08,74.39,0.13735983181250921,0.010823859343283337
2259,18.08,74.4,0.1324281912036464,0.010731407465790745
2260,18.08,74.41,0.12789365840975186,0.01062712399543792
2261,18.08,74.42,0.12389117678782396,0.01051067345940595
2262,18.08,74.43,0.1206597712063522,0.010384033112697071
2263,18.08,74.44,0.11858692968444653,0.010255224424053813
2264,18.08,74.45,0.11853957880443712,0.010145726970830155
2265,18.08,74.46,0.11525999999997476,3.151311502972793e-15
2266,18.08,74.47,0.12467010789125019,0.010279406565923901
2267,18.08,74.48,0.12775978117727516,0.010415999080025879
2268,18.08,74.6,0.17242285151893283,0.01096993702184445
2269,18.08,74.61,0.17458140159635277,0.010934951369155945
2270,18.08,74.62,0.176647085279612,0.01089452479687411
2271,18.08,74.63,0.17910974809105368,0.010859737585232046
2272,18.08,74.64,0.18336669010223697,0.010860087959626251
2273,18.08,74.65,0.18838207719343641,0.010879323139092026
2274,18.08,74.66,0.19358718781672954,0.010900719175879455
2275,18.08,74.67,0.19901571456775444,0.010918833452982838
2276,18.08,74.68,0.20475099646188932,0.01093112568255438
2277,18.08,74.69,0.2108969653071613,0.010937165317717493
2278,18.08,74.7,0.2175153042990219,0.010938437466238227
2279,18.08,74.71,0.2246004504386968,0.01093461029159816
2280,18.08,74.72,0.23216978760176551,0.010921797253697968
2281,18.08,74.73,0.24027635739819964,0.010896593816300848
2282,18.08,74.74,0.24875048310987488,0.010857336549279251
2283,18.08,74.75,0.2574202419721307,0.010803698093708906
2284,18.08,74.76,0.26616897926445116,0.010737502097914482
2285,18.08,74.77,0.27527361651211457,0.01067002770678031
2286,18.08,74.78,0.2849075493884493,0.010626461816444487
2287,18.08,74.79,0.29244784505730936,0.010591871013583961
2288,18.08,74.8,0.2972337105184469,0.01055455833401504
2289,18.08,74.81,0.30244630630039626,0.010536457192982348
2290,18.08,74.82,0.3082989120029288,0.01052995832526934
2291,18.08,74.83,0.31296049748907556,0.010519976282841645
2292,18.08,74.84,0.3157917309053928,0.01050813131308924
2293,18.08,74.85,0.31827395329288716,0.010483828379832052
2294,18.08,74.86,0.3208596160396644,0.010445434336755465
2295,18.08,74.87,0.32354242091814844,0.010392722611382457
2296,18.08,74.88,0.3264052802578331,0.010329227792946148
2297,18.08,74.89,0.32964508430005396,0.010279120687613403
2298,18.08,74.9,0.33113972108777395,0.010281833019912786
2299,18.08,74.91,0.3303117970707652,0.010331698417002358
2300,18.08,74.92,0.3271460308026799,0.010397487417098297
2301,18.08,74.93,0.32230530467719215,0.010458573087270617
2302,18.08,74.94,0.31781168770581225,0.010503202491719354
2303,18.08,74.95,0.31381000751373206,0.010527073847168347
2304,18.08,74.96,0.3106451408605351,0.010534262014676455
2305,18.08,74.97,0.3085429026361319,0.010529766872031741
2306,18.08,74.98,0.30713499159722313,0.010516781619974757
2307,18.08,74.99,0.3054702054197966,0.010504074652680828
2308,18.08,75.0,0.2994414009259238,0.010519892736444202
2309,18.08,75.01,0.2898057095918552,0.010550950242736182
2310,18.08,75.02,0.2799377700025075,0.010576644161169976
2311,18.08,75.03,0.2702171760860518,0.010590413898227406
2312,18.08,75.04,0.2607342823759311,0.010591370324313305
2313,18.08,75.05,0.2519492472003278,0.010583696279905174
2314,18.08,75.06,0.2445725144989108,0.010576088058538286
2315,18.08,75.07,0.23954634686384796,0.010579506534277269
2316,18.08,75.08,0.23751134579415384,0.010601305703014619
2317,18.08,75.09,0.23852759211583036,0.010641009609686728
2318,18.08,75.1,0.2420251829876602,0.010688948714485287
2319,18.08,75.11,0.24731291261939628,0.010732936958068269
2320,18.08,75.12,0.2539002485631087,0.010766760043587318
2321,18.08,75.13,0.2614962215991837,0.010788246272936352
2322,18.08,75.14,0.2701355232444326,0.010800827303176542
2323,18.08,75.15,0.28082737984283257,0.010819517706951201
2324,18.08,75.16,0.2918116259646713,0.010830552117968613
2325,18.08,75.17,0.30234239443503963,0.010831901785328385
2326,18.08,75.18,0.3119362475968893,0.010830262378170783
2327,18.08,75.19,0.3196778476040156,0.010856683872482962
2328,18.08,75.2,0.3251315971259889,0.010909023148640692
2329,18.08,75.21,0.3292683993151086,0.010963327519977244
2330,18.08,75.22,0.33235343024186853,0.011016090636600511
2331,18.08,75.23,0.33457129106050093,0.011066181546754027
2332,18.08,75.24,0.3360142354202894,0.011112253478579543
2333,18.08,75.25,0.3365040219922246,0.011152735947391147
2334,18.08,75.26,0.33607960943292536,0.011186263450284083
2335,18.08,75.27,0.3345705923264741,0.01121201680929038
2336,18.08,75.28,0.3320684302623879,0.011229790504658669
2337,18.08,75.29,0.32877295383188815,0.011239893214326387
2338,18.08,75.3,0.32499082269255447,0.011242930486061219
2339,18.08,75.31,0.3210827165006324,0.011239688338607076
2340,18.08,75.32,0.31743346478165496,0.011231465273556734
2341,18.08,75.33,0.3144818525002072,0.011220600298023783
2342,18.08,75.34,0.3125734482492801,0.011208810246355618
2343,18.08,75.35,0.31157107669460676,0.011193970793405575
2344,18.08,75.36,0.3111211938329611,0.011172102124281717
2345,18.08,75.37,0.3112114096278245,0.011140658375975998
2346,18.08,75.38,0.3118318741836692,0.01109891849484109
2347,18.08,75.39,0.3130253041467467,0.011047772454514113
2348,18.08,75.4,0.31474581217388703,0.010989974408651036
2349,18.08,75.41,0.3168966753237166,0.010930987539823061
2350,18.08,75.42,0.31902711111753157,0.010893451311968793
2351,18.08,75.43,0.32077826360208617,0.010922317933482535
2352,18.08,75.44,0.3226135258363696,0.010960616336933024
2353,18.08,75.45,0.3245872179651761,0.010989238358949733
2354,18.08,75.46,0.3266122270285753,0.011003460079562884
2355,18.08,75.47,0.32859689286678295,0.01100130512014411
2356,18.08,75.48,0.33068069514763165,0.010982259037890938
2357,18.08,75.49,0.3330236159578918,0.010947065034697175
2358,18.08,75.5,0.33592092241341504,0.010898160392899179
2359,18.08,75.51,0.33968323491795765,0.010840017405601404
2360,18.08,75.52,0.34424848133815394,0.010776561518973929
2361,18.08,75.53,0.3487959904975922,0.010709890696975123
2362,18.08,75.54,0.3528532208411059,0.010647690528605636
2363,18.08,75.55,0.3558809685653356,0.010598563111421348
2364,18.08,75.56,0.356160913654951,0.010559829907871712
2365,18.08,75.57,0.35379151803762504,0.010534698406986573
2366,18.08,75.58,0.34855272616921995,0.010553354420183927
2367,18.08,75.59,0.3418703205520188,0.010608873012405552
2368,18.08,75.6,0.3357008919263267,0.010688717392039273
2369,18.08,75.61,0.3289230923958033,0.010776362407325674
2370,18.08,75.62,0.3217323907063215,0.010859989898007377
2371,18.08,75.63,0.3144486812884206,0.010938295413182168
2372,18.08,75.64,0.3072097716677096,0.011012631080007553
2373,18.08,75.65,0.30017047318834145,0.01108348217392365
2374,18.08,75.66,0.29337611669553487,0.01115038992319792
2375,18.08,75.67,0.28674103331775425,0.011213000503166932
2376,18.08,75.68,0.2802839890169203,0.011270975933803221
2377,18.08,75.69,0.27415629744651243,0.011323754612268293
2378,18.08,75.7,0.26842329985153607,0.011370814858967076
2379,18.08,75.71,0.26300446556692625,0.011412110232660817
2380,18.08,75.72,0.25778201836283005,0.01144834632579384
2381,18.08,75.73,0.2527904973378768,0.011481036646993702
2382,18.08,75.74,0.24815217890296218,0.011512087987273741
2383,18.08,75.75,0.24406254195075888,0.0115426493525797
2384,18.08,75.76,0.24040178586917946,0.011572156896319897
2385,18.08,75.77,0.23713727049129804,0.011598835595041816
2386,18.08,75.78,0.23427858555169587,0.011620843424966096
2387,18.08,75.79,0.2318861491591148,0.011636829333499613
2388,18.08,75.8,0.2299875302548521,0.011645984133268842
2389,18.08,75.81,0.22842946772728687,0.011647927996845131
2390,18.08,75.82,0.22700014664507825,0.011642751181425713
2391,18.08,75.83,0.22551660562663708,0.011631047204177541
2392,18.08,75.84,0.22399036147451115,0.01161402213895178
2393,18.08,75.85,0.22236899720745304,0.011593647104140396
2394,18.08,75.86,0.22055252112196136,0.011572645716316013
2395,18.08,75.95,0.19272733552119725,0.01165776792352157
2396,18.08,75.96,0.18930409836074708,0.011673235917660866
2397,18.08,75.97,0.18606586550511045,0.011686825877834862
2398,18.08,75.98,0.183012423407865,0.011700269995339869
2399,18.08,75.99,0.1802023685886381,0.011714888583614889
2400,18.08,76.0,0.1776569388429929,0.011731150836613004
2401,18.08,76.01,0.1753642651457662,0.011748664910053837
2402,18.08,76.02,0.17331992674393298,0.011766508426489589
2403,18.08,76.03,0.1715079447775791,0.01178354572449186
2404,18.08,76.04,0.16981011524029044,0.011798626078765747
2405,18.08,76.05,0.16819255053085783,0.011810704906504951
2406,18.08,76.06,0.1667605885405827,0.011818903067884697
2407,18.08,76.07,0.1653447250452141,0.011822544392838733
2408,18.08,76.08,0.16397865934504643,0.01182117846047483
2409,18.08,76.09,0.1628753216960709,0.011814576048650438
2410,18.08,76.1,0.16194916845700283,0.011802728840045122
2411,18.08,76.11,0.16101474636294746,0.011785867397513835
2412,18.08,76.12,0.15995562503483113,0.011764489554632267
2413,18.08,76.13,0.15879834403365758,0.011739379520358997
2414,18.08,76.14,0.15745698957197674,0.01171161015420445
2415,18.08,76.15,0.15593038150741356,0.011682481444002961
2416,18.08,76.16,0.15440751839711275,0.01165338842360244
2417,18.08,76.17,0.15299331859193224,0.011625690307080322
2418,18.08,76.18,0.1517759700323186,0.0116006391802502
2419,18.08,76.19,0.1506757465297255,0.011579461962487249
2420,18.08,76.2,0.1496053217379015,0.011563616733864251
2421,18.08,76.21,0.14872600774488604,0.01155804620356967
2422,18.08,76.22,0.14830283418859383,0.011593650086357845
2423,18.08,76.23,0.14820642874577317,0.01165535597942109
2424,18.08,76.24,0.14851724156135598,0.011722886197921644
2425,18.08,76.25,0.1490616132851882,0.011793638602775904
2426,18.08,76.26,0.14966123645371884,0.011866753808019055
2427,18.08,76.27,0.15019071685058744,0.011941844624178478
2428,18.08,76.28,0.1508830853154408,0.012018759370069843
2429,18.08,76.29,0.15189874185020377,0.012097478855871981
2430,18.08,76.3,0.15301198849290643,0.012178075844241305
2431,18.08,76.31,0.15418069820971342,0.012260698229569775
2432,18.08,76.32,0.15520496625727834,0.012345537833577069
2433,18.08,76.33,0.15599341507791406,0.012432787651818222
2434,18.08,76.34,0.15661754865699282,0.012522575924878213
2435,18.08,76.35,0.15709447259973033,0.012614912228583732
2436,18.08,76.36,0.15745529429764749,0.012709668827669673
2437,18.08,76.37,0.15761865278831472,0.012806586993503451
2438,18.08,76.38,0.15758545589803077,0.012905304519076854
2439,18.08,76.39,0.15736262109019317,0.01300539867366606
2440,18.09,73.4,0.26474555981201925,0.011771359310349781
2441,18.09,73.41,0.25974669211728296,0.011699260356758827
2442,18.09,73.42,0.2551456678209867,0.011640345135517184
2443,18.09,73.43,0.25084728138528795,0.011594405109158799
2444,18.09,73.44,0.24674989242375828,0.011558761009225926
2445,18.09,73.45,0.24274752324755655,0.011529955757174817
2446,18.09,73.46,0.23917930510329619,0.011505202699107287
2447,18.09,73.47,0.23573392049098787,0.011482776051779543
2448,18.09,73.48,0.23235424897357915,0.01146191380026614
2449,18.09,73.49,0.22906698513988336,0.011442681623974271
2450,18.09,73.5,0.2258355717575041,0.011425815277176931
2451,18.09,73.51,0.2226939191328226,0.011412247470062224
2452,18.09,73.52,0.21971852458435837,0.01140213746014444
2453,18.09,73.53,0.216842977329376,0.011394316395778863
2454,18.09,73.54,0.2139317791261512,0.011386911662686688
2455,18.09,73.55,0.21094357498538002,0.011378186089579363
2456,18.09,73.56,0.20793708928449173,0.01136676538707856
2457,18.09,73.57,0.20459354184015344,0.011351512297353553
2458,18.09,73.58,0.20065373541413115,0.011331423861102445
2459,18.09,73.59,0.1962034187139655,0.011305700118128334
2460,18.09,73.6,0.19150819660296678,0.011273887910310506
2461,18.09,73.61,0.18685581058630663,0.011236024755077626
2462,18.09,73.62,0.18240918572504397,0.01119285114800712
2463,18.09,73.63,0.17825848114829224,0.011146053210576296
2464,18.09,73.64,0.1745173683814253,0.011098048929451296
2465,18.09,73.65,0.17113751880433056,0.011050306067091035
2466,18.09,73.66,0.1681038077209773,0.011001747728899001
2467,18.09,73.67,0.165421443436309,0.010950273819361237
2468,18.09,73.68,0.16316487247591743,0.010895309732212631
2469,18.09,73.69,0.16154513723460856,0.010844805117918698
2470,18.09,73.7,0.16264326072466967,0.01086225233988355
2471,18.09,73.71,0.16438112849473355,0.010884593100578472
2472,18.09,73.72,0.1665174328429311,0.010903735139068203
2473,18.09,73.73,0.16908637814275684,0.010920474488658752
2474,18.09,73.74,0.17200293600988878,0.010937865942863686
2475,18.09,73.75,0.1749928261371617,0.010959521843030588
2476,18.09,73.76,0.17791863934496868,0.010987073867746089
2477,18.09,73.77,0.18072229671345377,0.011018847133429389
2478,18.09,73.78,0.18338160223854919,0.011052538897112985
2479,18.09,73.79,0.18583616887967197,0.011086948601406426
2480,18.09,74.03,0.20900022233603796,0.010771487582893013
2481,18.09,74.04,0.21006682762986326,0.010752303559118246
2482,18.09,74.05,0.21073666475386604,0.01074942504573501
2483,18.09,74.06,0.21165232805331155,0.010750618440378225
2484,18.09,74.07,0.2132772762330924,0.010748206793970571
2485,18.09,74.08,0.2158132224782351,0.010741961660212459
2486,18.09,74.09,0.21921352566284977,0.010739669206587215
2487,18.09,74.1,0.22393430705748166,0.010766143736321858
2488,18.09,74.11,0.22943674873447986,0.010808410988890375
2489,18.09,74.12,0.2352370566469936,0.010853084423367866
2490,18.09,74.13,0.24079776004257558,0.01088312536907923
2491,18.09,74.14,0.24584796297058426,0.010897320583043466
2492,18.09,74.15,0.25013224938102707,0.01089733855104012
2493,18.09,74.16,0.2532649340421512,0.010887518996935476
2494,18.09,74.17,0.2546690247611311,0.010876272654060016
2495,18.09,74.18,0.2538727590535645,0.010877064507317714
2496,18.09,74.19,0.251072770186541,0.010903785074512314
2497,18.09,74.2,0.24685355420634816,0.01095326391939949
2498,18.09,74.21,0.24157724319303533,0.011010422434040401
2499,18.09,74.22,0.23550627062584317,0.011066082382337434
2500,18.09,74.23,0.22896769678346113,0.011116285044327632
2501,18.09,74.24,0.22227509626549294,0.011159248846358345
2502,18.09,74.25,0.21556650757170412,0.011194092448969444
2503,18.09,74.26,0.2089343680100502,0.011220329913671204
2504,18.09,74.27,0.20237318201591376,0.011237638684976998
2505,18.09,74.28,0.19595987722407582,0.011245756861997039
2506,18.09,74.29,0.18971970760764817,0.011244449212594073
2507,18.09,74.3,0.18367686038373282,0.011233508591158684
2508,18.09,74.31,0.17776214898018478,0.011212822958255021
2509,18.09,74.32,0.1719501121309227,0.01118249252156111
2510,18.09,74.33,0.16628477124972396,0.011142980680681158
2511,18.09,74.34,0.16083798526627766,0.011095321521754003
2512,18.09,74.35,0.15566292394942585,0.011041252388833097
2513,18.09,74.36,0.15062917592916944,0.010982788664001477
2514,18.09,74.37,0.14568226436313053,0.010920902557085952
2515,18.09,74.38,0.1409291824874367,0.010854656240756105
2516,18.09,74.39,0.13635233451457485,0.010782044831996539
2517,18.09,74.4,0.13206362576790778,0.010701203509815009
2518,18.09,74.41,0.1281381397426254,0.010611252112077795
2519,18.09,74.42,0.12485953717371696,0.010512937728393318
2520,18.09,74.43,0.12269064728252586,0.01040833612892732
2521,18.09,74.44,0.12175109864226101,0.010308397186030677
2522,18.09,74.45,0.12282970432718424,0.01022180215922852
2523,18.09,74.46,0.12492644486603902,0.01024173048018829
2524,18.09,74.47,0.12697427053552768,0.010343223474786481
2525,18.09,74.48,0.1295621033012338,0.010456975886402237
2526,18.09,74.49,0.1327259454601984,0.010566779620162068
2527,18.09,74.61,0.169815612354217,0.01089986647536014
2528,18.09,74.62,0.17165371687534323,0.010853351380053196
2529,18.09,74.63,0.17393758838629808,0.010809108273211333
2530,18.09,74.64,0.1778498204398749,0.01079703699286621
2531,18.09,74.65,0.18267322432240865,0.010814488919660655
2532,18.09,74.66,0.1874939609899979,0.010836519778947607
2533,18.09,74.67,0.19250532158184644,0.010856029396438998
2534,18.09,74.68,0.19783773181052677,0.010869295927901708
2535,18.09,74.69,0.20354348739102401,0.010875012919277574
2536,18.09,74.7,0.2096914525992849,0.010879086737968922
2537,18.09,74.71,0.2163570121179406,0.010884362957458427
2538,18.09,74.72,0.22349705622543356,0.010880198696775471
2539,18.09,74.73,0.23111075129691486,0.010862507438013895
2540,18.09,74.74,0.23901191131136673,0.010830185477135854
2541,18.09,74.75,0.24709230623188028,0.010782881562973216
2542,18.09,74.76,0.2552483193832516,0.010720958697319588
2543,18.09,74.77,0.2637010788144422,0.010650085021562556
2544,18.09,74.78,0.2738792845344271,0.01062624570144334
2545,18.09,74.79,0.28136188283822666,0.010610714807825165
2546,18.09,74.8,0.28662618204911694,0.010593498298901967
2547,18.09,74.81,0.29134509217226534,0.010582152521278594
2548,18.09,74.82,0.2962975828186624,0.010574671097450502
2549,18.09,74.83,0.30098694173044044,0.01056474883301649
2550,18.09,74.84,0.3052132942753695,0.010548833868443084
2551,18.09,74.85,0.3093021692254154,0.010522621819144975
2552,18.09,74.86,0.3134328302968185,0.010483925613739916
2553,18.09,74.87,0.31725023482241954,0.01043442789430289
2554,18.09,74.88,0.32017030749314224,0.010380601096019723
2555,18.09,74.89,0.32352976306151754,0.010338081501674475
2556,18.09,74.9,0.32843089185267066,0.010343805288661481
2557,18.09,74.91,0.3283488251219405,0.010379727810668558
2558,18.09,74.92,0.3253694007064631,0.010433647106061934
2559,18.09,74.93,0.3209406008303565,0.010492307646739911
2560,18.09,74.94,0.31701974314783554,0.010536700229119438
2561,18.09,74.95,0.3135579405227476,0.01056339287711538
2562,18.09,74.96,0.31054148025534756,0.010574162062783143
2563,18.09,74.97,0.3079201153644066,0.010572932032318558
2564,18.09,74.98,0.30529433885130725,0.01056492118549828
2565,18.09,74.99,0.3017124681053114,0.010558410167684483
2566,18.09,75.0,0.2956256588485816,0.010562359528738262
2567,18.09,75.01,0.2870726393941843,0.010573193323886615
2568,18.09,75.02,0.27733723536208127,0.010580308601976413
2569,18.09,75.03,0.2670303024333826,0.010577240281175971
2570,18.09,75.04,0.25640386490787825,0.010562484819245899
2571,18.09,75.05,0.24602357232463698,0.010539858560681606
2572,18.09,75.06,0.23690399566583079,0.010519504457094181
2573,18.09,75.07,0.23063027902091834,0.010516535478230043
2574,18.09,75.08,0.22835937779460755,0.010538825860049637
2575,18.09,75.09,0.2301859056016878,0.010586166988006657
2576,18.09,75.1,0.23488940046448004,0.010643721496146766
2577,18.09,75.11,0.24104438904968872,0.010691394362184069
2578,18.09,75.12,0.24840782538586817,0.010726763472521042
2579,18.09,75.13,0.2568854440619602,0.010750777408073866
2580,18.09,75.14,0.2663974202512533,0.010766168354349626
2581,18.09,75.15,0.27778343721464255,0.010787349979127251
2582,18.09,75.16,0.2892260821598217,0.01080222197788753
2583,18.09,75.17,0.299957797632132,0.010811243909801323
2584,18.09,75.18,0.30956141874757775,0.01082305644911812
2585,18.09,75.19,0.3174919030195942,0.010848849934682343
2586,18.09,75.2,0.32355415480675453,0.010889292332296458
2587,18.09,75.21,0.32812968050291247,0.010936293631184438
2588,18.09,75.22,0.3315601200098466,0.01098497329604379
2589,18.09,75.23,0.33404476024151997,0.011033158261134239
2590,18.09,75.24,0.33573185634179015,0.011079054620201787
2591,18.09,75.25,0.3365278688708232,0.011120644706055494
2592,18.09,75.26,0.3363000062988244,0.011156063064579884
2593,18.09,75.27,0.33496579757012546,0.011183992022081696
2594,18.09,75.28,0.3325264962168502,0.011203718341065351
2595,18.09,75.29,0.3291250531894093,0.011214975124177505
2596,18.09,75.3,0.3250066048231195,0.011217754773482216
2597,18.09,75.31,0.32044887969161634,0.01121231481650715
2598,18.09,75.32,0.31590390667441454,0.01119986428372896
2599,18.09,75.33,0.3120692404202646,0.011185468630559614
2600,18.09,75.34,0.3098966588127772,0.011177441995073477
2601,18.09,75.35,0.3089814994997837,0.01117047129205362
2602,18.09,75.36,0.3085877338243115,0.011156494964797457
2603,18.09,75.37,0.3085906432341865,0.01113331154465006
2604,18.09,75.38,0.30913394339430983,0.011101266528240604
2605,18.09,75.39,0.31021337898581686,0.011062238745846902
2606,18.09,75.4,0.3118257803535251,0.011020038575909736
2607,18.09,75.41,0.3137249382266911,0.010982244488241907
2608,18.09,75.42,0.31549780331310345,0.010963207605447325
2609,18.09,75.43,0.31709448793229883,0.010971707267852853
2610,18.09,75.44,0.3186978618144711,0.010993190291516786
2611,18.09,75.45,0.32033331555021205,0.011012294885769708
2612,18.09,75.46,0.3220339945466231,0.011021566169448552
2613,18.09,75.47,0.32364629809331885,0.011017563672662352
2614,18.09,75.48,0.3250869538295226,0.010998816330505307
2615,18.09,75.49,0.3265047602794155,0.01096524419509512
2616,18.09,75.5,0.32817681283887234,0.010918758150770733
2617,18.09,75.51,0.3309198634528056,0.010867444766768456
2618,18.09,75.52,0.33535747966437346,0.010820792944556032
2619,18.09,75.53,0.3399529975562726,0.010772984001986589
2620,18.09,75.54,0.3437939832593195,0.01072530841486568
2621,18.09,75.55,0.3461930877431591,0.010682050922860951
2622,18.09,75.56,0.34631025998034654,0.01064523770866345
2623,18.09,75.57,0.34381842342488694,0.010621444644978698
2624,18.09,75.58,0.34014654622798957,0.010639120044374856
2625,18.09,75.59,0.3351567353907129,0.010684534630313759
2626,18.09,75.6,0.3293833807509608,0.010745569483591821
2627,18.09,75.61,0.32312397224237044,0.010814874617981082
2628,18.09,75.62,0.31649781712382385,0.010885986959583245
2629,18.09,75.63,0.309710310689126,0.010955654055045727
2630,18.09,75.64,0.3028474527046772,0.011022541238934272
2631,18.09,75.65,0.29604761788538786,0.011085887154978786
2632,18.09,75.66,0.28941719724734677,0.011145063044107095
2633,18.09,75.67,0.2828940021057613,0.011199571134721786
2634,18.09,75.68,0.2764532644175658,0.011248971140995509
2635,18.09,75.69,0.27021755121951063,0.01129281254934888
2636,18.09,75.7,0.264332052834258,0.011330738395305774
2637,18.09,75.71,0.25878745565767897,0.011362763565256569
2638,18.09,75.72,0.25346863112471835,0.01138968304969702
2639,18.09,75.73,0.24835679839775807,0.011413630886120072
2640,18.09,75.74,0.24363072403564684,0.011438231192297442
2641,18.09,75.75,0.23957508195474067,0.011466115732642364
2642,18.09,75.76,0.23602920032305397,0.011495620613603891
2643,18.09,75.77,0.23286790758801562,0.011522937547347472
2644,18.09,75.78,0.2300936331456291,0.011545180519730107
2645,18.09,75.79,0.22778014694632712,0.011560671598906407
2646,18.09,75.8,0.2259943562970839,0.011568479600828876
2647,18.09,75.81,0.22466630843166435,0.011568116744313024
2648,18.09,75.82,0.22356465585579696,0.011559550795944139
2649,18.09,75.83,0.2224684169738785,0.011543253245249862
2650,18.09,75.84,0.2213355862045145,0.011520369006901118
2651,18.09,75.85,0.22016314035838508,0.011493094316657506
2652,18.09,75.86,0.21874681559933729,0.011465177438075253
2653,18.09,75.87,0.2167269324048827,0.01144163448215883
2654,18.09,75.88,0.21386341092239347,0.011425153776579879
2655,18.09,75.89,0.2103095063943923,0.011412795383834358
2656,18.09,75.9,0.20661996728833895,0.011408192612954733
2657,18.09,75.91,0.2033654162202624,0.011447955384110465
2658,18.09,75.92,0.19997927400696452,0.011484510178774863
2659,18.09,75.93,0.19663101164647906,0.011514110709396232
2660,18.09,75.94,0.1931071686399274,0.01153671103472207
2661,18.09,75.95,0.18952120990313795,0.011553107024995169
2662,18.09,75.96,0.18606463275109644,0.011564927920711883
2663,18.09,75.97,0.18282817732623446,0.011574654769012394
2664,18.09,75.98,0.17983788963802055,0.011585190411352685
2665,18.09,75.99,0.1771158960856635,0.011598749861876492
2666,18.09,76.0,0.1746925652133128,0.011615873038445568
2667,18.09,76.01,0.17255495401957074,0.011635646753137831
2668,18.09,76.02,0.17065237418600518,0.011656565469507111
2669,18.09,76.03,0.1689902879919241,0.011677050059265828
2670,18.09,76.04,0.1674436652314301,0.011695624904786655
2671,18.09,76.05,0.1659535349306083,0.01171101219938735
2672,18.09,76.06,0.16457763486666666,0.01172218293805852
2673,18.09,76.07,0.16327263533770434,0.011728370559196906
2674,18.09,76.08,0.16192035313639458,0.011729080927537725
2675,18.09,76.09,0.16081847339887217,0.01172407839402313
2676,18.09,76.1,0.15996728284865924,0.01171337486199706
2677,18.09,76.11,0.1591491945736198,0.01169724878623031
2678,18.09,76.12,0.15826031947376484,0.01167629257335519
2679,18.09,76.13,0.1572371162721926,0.011651472901625473
2680,18.09,76.14,0.15602743459075355,0.011624175112674157
2681,18.09,76.15,0.15459689741518473,0.011596152977743692
2682,18.09,76.16,0.15309996028382952,0.011569277163481917
2683,18.09,76.17,0.15168220652557146,0.011545151027927662
2684,18.09,76.18,0.15045166515010405,0.011524795858431079
2685,18.09,76.19,0.14935162280918252,0.011508699038191041
2686,18.09,76.2,0.14831421422246546,0.011497354108729266
2687,18.09,76.21,0.14747819083285577,0.01149493274781252
2688,18.09,76.22,0.14709605750112398,0.011531685210076373
2689,18.09,76.23,0.14701510874307744,0.011593384946048209
2690,18.09,76.24,0.1473534514042797,0.011660820222309489
2691,18.09,76.25,0.14791348614028227,0.011731937414708286
2692,18.09,76.26,0.14851666271025757,0.011806149784353591
2693,18.09,76.27,0.14902489771587746,0.0118831277857077
2694,18.09,76.28,0.14963341215894374,0.011962624154973192
2695,18.09,76.29,0.1505651601113585,0.012044429028455796
2696,18.09,76.3,0.1516528186182631,0.012128371564355124
2697,18.09,76.31,0.15283954929415478,0.012214337321118447
2698,18.09,76.32,0.15393254591852717,0.01230226816034671
2699,18.09,76.33,0.1547791828200173,0.012392147511884851
2700,18.09,76.34,0.1554484128328025,0.01248395252932972
2701,18.09,76.35,0.15600859039361986,0.012577614627853959
2702,18.09,76.36,0.15648821933834456,0.01267299698611293
2703,18.09,76.37,0.1567784356573567,0.012769896812778203
2704,18.09,76.38,0.15684575305826548,0.012868047438924841
2705,18.09,76.39,0.15671849558408552,0.012967138358695908
2706,18.1,73.4,0.2523465472050264,0.011764588699302098
2707,18.1,73.41,0.24734100922961866,0.011691292167469922
2708,18.1,73.42,0.24261944408212213,0.011630105614840873
2709,18.1,73.43,0.23815248444624237,0.011580676687387026
2710,18.1,73.44,0.23383779351250294,0.011540838524148401
2711,18.1,73.45,0.22974011657902635,0.01150763835008453
2712,18.1,73.46,0.22614755142884815,0.011478416656707817
2713,18.1,73.47,0.22270731447479564,0.01145131161391517
2714,18.1,73.48,0.2194355907460488,0.011425340865223343
2715,18.1,73.49,0.2162935568059643,0.011400504705718347
2716,18.1,73.5,0.21334015013795385,0.011378089584360204
2717,18.1,73.51,0.2105908203762622,0.011360500991767974
2718,18.1,73.52,0.20807067070258042,0.011348887329511937
2719,18.1,73.53,0.20565415247625982,0.011341030745100187
2720,18.1,73.54,0.20319918425837807,0.011333702717727916
2721,18.1,73.55,0.2006735255355745,0.01132485703155116
2722,18.1,73.56,0.19812266799895217,0.011313362110541151
2723,18.1,73.57,0.1952135691996451,0.011298270982588003
2724,18.1,73.58,0.19174970670678293,0.011278584878607507
2725,18.1,73.59,0.1878500961752178,0.011253464348265942
2726,18.1,73.6,0.1837524959338857,0.011222491841861538
2727,18.1,73.61,0.1797414074520135,0.011185796088569608
2728,18.1,73.62,0.17592419827172212,0.011144096408199865
2729,18.1,73.63,0.17235619243804823,0.011098636853848261
2730,18.1,73.64,0.16909312495064477,0.011050903028737008
2731,18.1,73.65,0.16600990347457859,0.01100205852364091
2732,18.1,73.66,0.16317095830583037,0.010952673554314448
2733,18.1,73.67,0.16072087945547675,0.010903415272169398
2734,18.1,73.68,0.15885166768581477,0.010857151419001468
2735,18.1,73.69,0.15787060161760913,0.01082431292308879
2736,18.1,73.7,0.15814938255496624,0.010816193422733583
2737,18.1,73.71,0.15936160542188316,0.010820491806719535
2738,18.1,73.72,0.16131364427360298,0.010826174443342627
2739,18.1,73.73,0.1639717524987594,0.01083078489175072
2740,18.1,73.74,0.16710441473109977,0.010837333439381617
2741,18.1,73.75,0.17028290972895466,0.010852036803118501
2742,18.1,73.76,0.17338973833111304,0.010878559225985874
2743,18.1,73.77,0.17634510972584047,0.010910611120723687
2744,18.1,73.78,0.179110168178271,0.01094379001997939
2745,18.1,73.79,0.18162085593586552,0.010978450119701177
2746,18.1,73.8,0.18395639624555896,0.011013969837555673
2747,18.1,73.81,0.18615711548315747,0.01104757579924411
2748,18.1,74.03,0.20621328430729777,0.010732345465910561
2749,18.1,74.04,0.2071154005177787,0.010727002986372795
2750,18.1,74.05,0.2081370450706356,0.010732186109289717
2751,18.1,74.06,0.20961528030189527,0.010741236428422845
2752,18.1,74.07,0.21181300859333574,0.010749405327919936
2753,18.1,74.08,0.214833735962179,0.010755927231786954
2754,18.1,74.09,0.2186816983986624,0.010765847054552403
2755,18.1,74.1,0.2235281005926777,0.010790694666805095
2756,18.1,74.11,0.22901618081459196,0.010825469599770758
2757,18.1,74.12,0.234674447335385,0.01085949019655473
2758,18.1,74.13,0.24012978124200254,0.010884299779489333
2759,18.1,74.14,0.2450671071825215,0.01089657455639029
2760,18.1,74.15,0.24928028767851276,0.010896827732407936
2761,18.1,74.16,0.25242430662784576,0.010888880943366689
2762,18.1,74.17,0.2537146953201099,0.010882508230876647
2763,18.1,74.18,0.2521519471554439,0.010892064997182689
2764,18.1,74.19,0.2484572999360775,0.010918812999131397
2765,18.1,74.2,0.24352632971494143,0.010957805632744828
2766,18.1,74.21,0.2377090516624471,0.01100287903769937
2767,18.1,74.22,0.23122353475776883,0.011048442789172896
2768,18.1,74.23,0.22441431364829406,0.011090773084192587
2769,18.1,74.24,0.2175048254228739,0.011127610578732018
2770,18.1,74.25,0.21064397445721936,0.011157579881972303
2771,18.1,74.26,0.2038740020505774,0.011179820045114653
2772,18.1,74.27,0.19723717500739144,0.011193749721547578
2773,18.1,74.28,0.19082704983187954,0.01119892808985925
2774,18.1,74.29,0.1846712800118703,0.01119497062138047
2775,18.1,74.3,0.17876123592565385,0.011181521455392288
2776,18.1,74.31,0.17303150644525248,0.011158309144110687
2777,18.1,74.32,0.1674782451485159,0.011125264715318507
2778,18.1,74.33,0.16217557213460618,0.01108270411224463
2779,18.1,74.34,0.15714665944759432,0.01103168186850876
2780,18.1,74.35,0.15242004176527757,0.010974649430856062
2781,18.1,74.36,0.14782312139031964,0.010915881824626024
2782,18.1,74.37,0.1434878469487816,0.01085828291367409
2783,18.1,74.38,0.13941760725902855,0.010800036439063684
2784,18.1,74.39,0.13560993752336445,0.010738039155188648
2785,18.1,74.4,0.13206606433532872,0.010669988713284126
2786,18.1,74.41,0.12882527797871293,0.01059532832739258
2787,18.1,74.42,0.12613268986057982,0.010516636009013796
2788,18.1,74.43,0.12477828956903661,0.010443138582139057
2789,18.1,74.44,0.12484419756229337,0.010380925601422559
2790,18.1,74.45,0.12600238387261167,0.010341550067939376
2791,18.1,74.46,0.1276729527264959,0.010354966243900796
2792,18.1,74.47,0.12952162290883532,0.010417954337216854
2793,18.1,74.48,0.1317116109801383,0.010503254024264034
2794,18.1,74.49,0.13421205000931757,0.010592935748582237
2795,18.1,74.61,0.1657035866695043,0.010869844137445734
2796,18.1,74.62,0.16757972228086107,0.010824375014270497
2797,18.1,74.63,0.1700189274413549,0.010779606805632466
2798,18.1,74.64,0.17339926193748087,0.010748830729999702
2799,18.1,74.65,0.17723932563033365,0.01075547537288175
2800,18.1,74.66,0.18121897353447988,0.010775883454432965
2801,18.1,74.67,0.18570422871976633,0.010795951546530392
2802,18.1,74.68,0.1907130753408976,0.010811309109746212
2803,18.1,74.69,0.19603413603727854,0.010817052037617599
2804,18.1,74.7,0.20169718069643264,0.010821430725916676
2805,18.1,74.71,0.20785214394371762,0.010837745471078514
2806,18.1,74.72,0.21448709543381994,0.01084091242915958
2807,18.1,74.73,0.22158548401558104,0.010830675055238477
2808,18.1,74.74,0.22897664283165814,0.010807051672498477
2809,18.1,74.75,0.23665008994227846,0.0107706973777811
2810,18.1,74.76,0.24477037992760942,0.010724561543520335
2811,18.1,74.77,0.25374151187559596,0.010678601448356674
2812,18.1,74.78,0.2633722032561836,0.01064729712020618
2813,18.1,74.79,0.2713860216620376,0.01062850620711079
2814,18.1,74.8,0.27549265313872257,0.010620455187234111
2815,18.1,74.81,0.2790452811018564,0.010613904864223749
2816,18.1,74.82,0.2832913543758657,0.010605619728485803
2817,18.1,74.83,0.2881535892827349,0.010593244059539127
2818,18.1,74.84,0.29346710499181444,0.010574239330696313
2819,18.1,74.85,0.2991679804219247,0.010546137276041416
2820,18.1,74.86,0.30511329459818604,0.010507440173032687
2821,18.1,74.87,0.3108916391045293,0.010459272095505661
2822,18.1,74.88,0.3143414606103955,0.01042025518886828
2823,18.1,74.89,0.319594322927657,0.010396590885274998
2824,18.1,74.9,0.3238736377657769,0.010393414426597244
2825,18.1,74.91,0.3228653254463847,0.01041871522566776
2826,18.1,74.92,0.32021410530981265,0.010468385285177278
2827,18.1,74.93,0.31795560153465346,0.010520887893601266
2828,18.1,74.94,0.31532256743328185,0.010561617473574281
2829,18.1,74.95,0.312513673612979,0.010586718855266155
2830,18.1,74.96,0.3096446258335339,0.010597270176205579
2831,18.1,74.97,0.30669119842949893,0.010596827385664316
2832,18.1,74.98,0.3033050837924577,0.010590428732224816
2833,18.1,74.99,0.29885966067287956,0.010583746844721562
2834,18.1,75.0,0.29275122659755914,0.010580330223991078
2835,18.1,75.01,0.2848053966526343,0.010578020948580217
2836,18.1,75.02,0.27537628344227416,0.01057064833944809
2837,18.1,75.03,0.26477205956799776,0.010552685919098876
2838,18.1,75.04,0.25323935073998605,0.01052170013885885
2839,18.1,75.05,0.24121723666252295,0.010480042879669284
2840,18.1,75.06,0.22967236090505996,0.010438127565259143
2841,18.1,75.07,0.22142012567635624,0.010424909690028343
2842,18.1,75.08,0.21995608569551434,0.010466743774347234
2843,18.1,75.09,0.22343365585894387,0.010535812561005227
2844,18.1,75.1,0.22933168653580968,0.010603824482222784
2845,18.1,75.11,0.23628153889269887,0.010654539180550407
2846,18.1,75.12,0.24433372206396567,0.010690054732209006
2847,18.1,75.13,0.25435977191134634,0.010722180848987574
2848,18.1,75.14,0.26525518528860387,0.010745112319679652
2849,18.1,75.15,0.2767513928407971,0.01076176502561539
2850,18.1,75.16,0.28821088320007604,0.010773621099473635
2851,18.1,75.17,0.29893517973389666,0.01078414679831166
2852,18.1,75.18,0.30846399593160734,0.010800146676074379
2853,18.1,75.19,0.31644798430126725,0.010825993240987316
2854,18.1,75.2,0.3227123834022754,0.010861119554440541
2855,18.1,75.21,0.3274302357099648,0.010902388689424003
2856,18.1,75.22,0.33095301028616275,0.010947307445733051
2857,18.1,75.23,0.33359476325756415,0.010994394573856947
2858,18.1,75.24,0.33546173499804016,0.011041494409413606
2859,18.1,75.25,0.3365236877268412,0.01108552659048307
2860,18.1,75.26,0.3365306478543733,0.011123771881453729
2861,18.1,75.27,0.3353905652024869,0.01115445101353418
2862,18.1,75.28,0.33309171433199863,0.011176574475708557
2863,18.1,75.29,0.32972740807038886,0.011189618843500303
2864,18.1,75.3,0.32547291805351913,0.011193273907438383
2865,18.1,75.31,0.3205320454704579,0.011187296611757032
2866,18.1,75.32,0.31517437135441684,0.011171487791745139
2867,18.1,75.33,0.3098102469274806,0.011147025365600291
2868,18.1,75.34,0.3079708728393267,0.011149336516200706
2869,18.1,75.35,0.30727601522335285,0.011152486533542253
2870,18.1,75.36,0.3067215864964494,0.011145954806795078
2871,18.1,75.37,0.3064246874225601,0.011130591051150782
2872,18.1,75.38,0.30660886693804856,0.011108014557434645
2873,18.1,75.39,0.30735213920933946,0.011080776680474115
2874,18.1,75.4,0.308616862116149,0.011052798404563018
2875,18.1,75.41,0.31022230317056915,0.011029849520515715
2876,18.1,75.42,0.31183204802629955,0.011018471913833221
2877,18.1,75.43,0.31321586213425984,0.01102089090482673
2878,18.1,75.44,0.31454125581849146,0.01103159570561793
2879,18.1,75.45,0.31585979679843157,0.011042304987680525
2880,18.1,75.46,0.31721471047909877,0.011046701584875742
2881,18.1,75.47,0.3185318826477984,0.011040947186604628
2882,18.1,75.48,0.3196333431299067,0.01102297505349457
2883,18.1,75.49,0.32046836094139075,0.010991959580909377
2884,18.1,75.5,0.32112855790617945,0.010948084518263101
2885,18.1,75.51,0.3223528377617216,0.010897088710236941
2886,18.1,75.52,0.32745947411846327,0.010869952181923305
2887,18.1,75.53,0.33203117926188563,0.010835715630145189
2888,18.1,75.54,0.33566787298131034,0.010798128544779404
2889,18.1,75.55,0.33799305375036437,0.010761718217969667
2890,18.1,75.56,0.33846756825372754,0.010731812762572561
2891,18.1,75.57,0.3368250610298197,0.010717263686985164
2892,18.1,75.58,0.3334263969339186,0.010726903873898281
2893,18.1,75.59,0.32869648740264457,0.010757572960776557
2894,18.1,75.6,0.32314896105489527,0.010801667449069933
2895,18.1,75.61,0.31719727182825164,0.010854474465916246
2896,18.1,75.62,0.31104383279140374,0.010912749842430942
2897,18.1,75.63,0.30475596227619917,0.010972953078783886
2898,18.1,75.64,0.298344836519615,0.011031857713582283
2899,18.1,75.65,0.29183541283361897,0.01108751093386809
2900,18.1,75.66,0.28537815771651037,0.011138910983248814
2901,18.1,75.67,0.278970309605416,0.011185490084131097
2902,18.1,75.68,0.27257678958492565,0.011226807894957084
2903,18.1,75.69,0.26628156352894766,0.0112624365208486
2904,18.1,75.7,0.2602540936442133,0.011291980627437947
2905,18.1,75.71,0.25453590038950974,0.011315241411592129
2906,18.1,75.72,0.24907041966156976,0.01133259000724328
2907,18.1,75.73,0.24378517936730468,0.011346020122074684
2908,18.1,75.74,0.23891640063988118,0.011362205882851119
2909,18.1,75.75,0.23494172284084175,0.011389471838185386
2910,18.1,75.76,0.23161685738071078,0.011421892413093248
2911,18.1,75.77,0.22864217839587755,0.011451349376784551
2912,18.1,75.78,0.2260035044137676,0.011474576290818704
2913,18.1,75.79,0.22377412525764626,0.011490122815091399
2914,18.1,75.8,0.2220298280062894,0.011497134871182745
2915,18.1,75.81,0.2208203869242603,0.011495059126435291
2916,18.1,75.82,0.21994923727970822,0.011483718356306905
2917,18.1,75.83,0.21919203993216563,0.01146338336177621
2918,18.1,75.84,0.21848843446509833,0.01143493648600943
2919,18.1,75.85,0.21787448398672313,0.011400337667091772
2920,18.1,75.86,0.21722136693385738,0.011363901038794855
2921,18.1,75.87,0.215651484771913,0.011335550556223043
2922,18.1,75.88,0.2121986263045908,0.011324766572634062
2923,18.1,75.89,0.20791741599240723,0.011324022418251433
2924,18.1,75.9,0.2038019169331678,0.011334328152656198
2925,18.1,75.91,0.20019979803866525,0.01136566307048274
2926,18.1,75.92,0.1967028354130452,0.011399075966370194
2927,18.1,75.93,0.19335868622354555,0.011425962728800915
2928,18.1,75.94,0.18991091492751583,0.01144496179441897
2929,18.1,75.95,0.18634747601337964,0.011456490334783192
2930,18.1,75.96,0.18286778934034786,0.011462211343353982
2931,18.1,75.97,0.17960784450336223,0.011465389745314223
2932,18.1,75.98,0.1766474496088555,0.011470869562642361
2933,18.1,75.99,0.17404702655749468,0.011482695723033402
2934,18.1,76.0,0.17179145546474234,0.011501066817590149
2935,18.1,76.01,0.16984795080629683,0.011523729947251746
2936,18.1,76.02,0.1681265913991528,0.011548328127711562
2937,18.1,76.03,0.1666210808173129,0.011572796658475425
2938,18.1,76.04,0.1652410179391407,0.011595308049116005
2939,18.1,76.05,0.16389837728760226,0.011614333874589485
2940,18.1,76.06,0.16262041447238465,0.011628700594140206
2941,18.1,76.07,0.16143179992801562,0.011637575562912702
2942,18.1,76.08,0.16013034197060397,0.011640442232782232
2943,18.1,76.09,0.15901773167558986,0.011637064571867084
2944,18.1,76.1,0.15819571870248264,0.011627460481228718
2945,18.1,76.11,0.15746312015186645,0.01161191588119076
2946,18.1,76.12,0.15672292523157397,0.011591052211409998
2947,18.1,76.13,0.15584312925326932,0.011565953576679677
2948,18.1,76.14,0.1547681282717229,0.011538323087168146
2949,18.1,76.15,0.1534792533854446,0.011510549004209978
2950,18.1,76.16,0.1520453438432223,0.01148539648809385
2951,18.1,76.17,0.1506287799382561,0.011465195010360056
2952,18.1,76.18,0.14936777905865314,0.011451085558537941
2953,18.1,76.19,0.14825590055284738,0.011443372016700768
2954,18.1,76.2,0.14731685749310505,0.011443288848051413
2955,18.1,76.21,0.1466721467886624,0.01145602527662602
2956,18.1,76.22,0.1462460811737334,0.011489696745696644
2957,18.1,76.23,0.1460301689108237,0.011541924237540697
2958,18.1,76.24,0.14633671720164257,0.011604595208364352
2959,18.1,76.25,0.14690624807022487,0.01167369425328426
2960,18.1,76.26,0.14751790819454927,0.011747674162399668
2961,18.1,76.27,0.1480187560891338,0.011825745933884801
2962,18.1,76.28,0.1485793368298952,0.011907315089301651
2963,18.1,76.29,0.1494290080259028,0.011991839966091461
2964,18.1,76.3,0.15048389707903306,0.012078829897599562
2965,18.1,76.31,0.1516648222131381,0.012167881208145315
2966,18.1,76.32,0.15278773623608116,0.012258687126888124
2967,18.1,76.33,0.15365885680249264,0.012351038862933808
2968,18.1,76.34,0.15432273217165082,0.01244478399212496
2969,18.1,76.35,0.1548795756681737,0.012539788475771033
2970,18.1,76.36,0.15540177501230343,0.01263590432233718
2971,18.1,76.37,0.15581670442067935,0.012732961874314488
2972,18.1,76.38,0.1560000050223607,0.012830760226708338
2973,18.1,76.39,0.15598624504689468,0.01292907336780752
2974,18.1,76.4,0.15575398392278095,0.013027666510508813
2975,18.11,73.4,0.24022964457799137,0.01174919061538021
2976,18.11,73.41,0.23511919764451217,0.01167283430640179
2977,18.11,73.42,0.23028417949354216,0.01160896604968269
2978,18.11,73.43,0.22570274591401177,0.011557300112924886
2979,18.11,73.44,0.22128177976419747,0.011515181123795872
2980,18.11,73.45,0.2172385351756116,0.01147921947909702
2981,18.11,73.46,0.21369262957980553,0.01144663163200706
2982,18.11,73.47,0.21030434921672775,0.011415513801579645
2983,18.11,73.48,0.20717110846970932,0.011384683278222925
2984,18.11,73.49,0.20429029311785726,0.011353726703057601
2985,18.11,73.5,0.2016578293666286,0.01132396134483195
2986,18.11,73.51,0.1992934219913199,0.011300908354549158
2987,18.11,73.52,0.19725330410933936,0.011289632959624214
2988,18.11,73.53,0.19535749884598558,0.011283721224728673
2989,18.11,73.54,0.19338128463546927,0.011277015784004894
2990,18.11,73.55,0.19133693826029838,0.0112680008054521
2991,18.11,73.56,0.18924383927579128,0.011256549674248348
2992,18.11,73.57,0.18683184840953188,0.011242054453416785
2993,18.11,73.58,0.18391707617705702,0.011223253888255158
2994,18.11,73.59,0.1805413521069178,0.011199021561004725
2995,18.11,73.6,0.17699299142195907,0.011168881626159935
2996,18.11,73.61,0.17356041826176488,0.011133021128463028
2997,18.11,73.62,0.1702884383010224,0.01109212894844834
2998,18.11,73.63,0.16723303188472927,0.01104721531256336
2999,18.11,73.64,0.16442353996836606,0.010999498936595868
3000,18.11,73.65,0.16169510651017827,0.01095043385101525
3001,18.11,73.66,0.15918053334556687,0.010901942229009028
3002,18.11,73.67,0.15707584255918014,0.010856625569956656
3003,18.11,73.68,0.15552119618466392,0.010817661262319684
3004,18.11,73.69,0.1545989475513648,0.010788378113004609
3005,18.11,73.7,0.15440805776987876,0.010769854104581816
3006,18.11,73.71,0.15514567811440952,0.010759646619008599
3007,18.11,73.72,0.1569454795584735,0.01075261505150023
3008,18.11,73.73,0.1596701455606282,0.010743610020436905
3009,18.11,73.74,0.16310197279601726,0.010736724662413488
3010,18.11,73.75,0.16647700647555727,0.01074176794535003
3011,18.11,73.76,0.1696679589468853,0.010773529315377867
3012,18.11,73.77,0.17270600947729745,0.0108056974338046
3013,18.11,73.78,0.17553243203840543,0.010835675115607853
3014,18.11,73.79,0.17805887816795243,0.010869980219742559
3015,18.11,73.8,0.18034646186555064,0.010908599092107544
3016,18.11,73.81,0.1825272304539979,0.010944410535255349
3017,18.11,73.82,0.1846561556296347,0.010974021733596101
3018,18.11,74.02,0.20276447440221107,0.01068168076118386
3019,18.11,74.03,0.20354493797449041,0.010673664877931845
3020,18.11,74.04,0.20415981753254459,0.01068478259238022
3021,18.11,74.05,0.20542364770145227,0.010702885210374559
3022,18.11,74.06,0.20748967321008588,0.010724360354968876
3023,18.11,74.07,0.2103865099168622,0.010745832237425059
3024,18.11,74.08,0.2140613403656238,0.010766341288786268
3025,18.11,74.09,0.21845671258140018,0.01078823783278313
3026,18.11,74.1,0.2235038560982372,0.01081462532808236
3027,18.11,74.11,0.2289422621939188,0.01084393034890926
3028,18.11,74.12,0.23442271379128085,0.010870874970572585
3029,18.11,74.13,0.2396181440691051,0.010890445010648064
3030,18.11,74.14,0.24429443075596688,0.010899892776572145
3031,18.11,74.15,0.2482948534244497,0.01089897792850278
3032,18.11,74.16,0.2514366490307905,0.010889537783194656
3033,18.11,74.17,0.2535056439396981,0.010875677225105048
3034,18.11,74.18,0.2503386372994855,0.010894736849475584
3035,18.11,74.19,0.24561701625539384,0.010921830966491115
3036,18.11,74.2,0.240044505262271,0.010954022611241126
3037,18.11,74.21,0.23375329510672407,0.010989946992291857
3038,18.11,74.22,0.22692861158769642,0.011026811827392187
3039,18.11,74.23,0.21985614261572767,0.011061798076024087
3040,18.11,74.24,0.21271625704586444,0.011092647091990235
3041,18.11,74.25,0.20568405543472137,0.011117739112120887
3042,18.11,74.26,0.19875374916958624,0.0111359787905812
3043,18.11,74.27,0.19204718273829496,0.011146615307382809
3044,18.11,74.28,0.185660690749329,0.011149077442346554
3045,18.11,74.29,0.179622096461409,0.011142836308842741
3046,18.11,74.3,0.17387481826482964,0.01112735565044728
3047,18.11,74.31,0.16837742406578132,0.011102137245442492
3048,18.11,74.32,0.16315727138406635,0.011066843388642493
3049,18.11,74.33,0.15823869905117802,0.011021464329696595
3050,18.11,74.34,0.15362225133308302,0.010966562987110495
3051,18.11,74.35,0.1492587188521503,0.010904041430666526
3052,18.11,74.36,0.14515103690645495,0.010841620686093593
3053,18.11,74.37,0.141504497308901,0.010789105710106425
3054,18.11,74.38,0.1381409179442761,0.010739195148718893
3055,18.11,74.39,0.13506629704638037,0.010687981386993802
3056,18.11,74.4,0.1322944470663098,0.010632210200911287
3057,18.11,74.41,0.129857107838777,0.010571804536225105
3058,18.11,74.42,0.12774134553275326,0.010510097733720677
3059,18.11,74.43,0.12717315858681796,0.010463617228039429
3060,18.11,74.44,0.1278800669684572,0.010433511784057964
3061,18.11,74.45,0.12906049413717519,0.010420287590454535
3062,18.11,74.46,0.13060296224398787,0.010432459186444944
3063,18.11,74.47,0.13235233011216493,0.01047122582274574
3064,18.11,74.48,0.13422039375489186,0.010538105501719195
3065,18.11,74.49,0.13616679241780447,0.010611187511252363
3066,18.11,74.5,0.13821057333299958,0.010682471432191167
3067,18.11,74.62,0.16368191839619453,0.010797418356839531
3068,18.11,74.63,0.16592294440313635,0.010751998218447162
3069,18.11,74.64,0.16888076834555077,0.010712063675417577
3070,18.11,74.65,0.17165938371411352,0.01070785875405279
3071,18.11,74.66,0.17447631317275158,0.010720390001600855
3072,18.11,74.67,0.1784502108665143,0.010739392619061587
3073,18.11,74.68,0.1832895066307416,0.010760003264940693
3074,18.11,74.69,0.18839470316661164,0.010773705440513856
3075,18.11,74.7,0.19372273884672922,0.010785286600979906
3076,18.11,74.71,0.19932347145959475,0.01079730414773067
3077,18.11,74.72,0.20532986844381185,0.010802787053293572
3078,18.11,74.73,0.2117983831559759,0.01079846956932226
3079,18.11,74.74,0.21859776340789583,0.010783621916544053
3080,18.11,74.75,0.22577670954223425,0.010758903859616815
3081,18.11,74.76,0.23347225195311863,0.010727198815996148
3082,18.11,74.77,0.241870974124359,0.010693982201432516
3083,18.11,74.78,0.25094215053078756,0.010663950247768176
3084,18.11,74.79,0.259142149914961,0.010640458112708381
3085,18.11,74.8,0.2617622259006027,0.010635147879362265
3086,18.11,74.81,0.2647004172422718,0.010628544542026696
3087,18.11,74.82,0.2687516329216301,0.010618109126241846
3088,18.11,74.83,0.2740239411363065,0.01060294587390894
3089,18.11,74.84,0.28047916620444646,0.010581748381220574
3090,18.11,74.85,0.28780896110308535,0.010553208704939686
3091,18.11,74.86,0.29549644007423015,0.010517837100797492
3092,18.11,74.87,0.30254351576391436,0.010479328385901305
3093,18.11,74.88,0.30775918990156664,0.010450802055843145
3094,18.11,74.89,0.3133736267678556,0.010438268677527202
3095,18.11,74.9,0.31674494853901775,0.010438651344874416
3096,18.11,74.91,0.3164400913510897,0.010457353833928982
3097,18.11,74.92,0.3153635394720656,0.01049568649118317
3098,18.11,74.93,0.3148253166649187,0.010541010492028385
3099,18.11,74.94,0.3132862906699869,0.01057548330096871
3100,18.11,74.95,0.31099509252883806,0.010595622293931729
3101,18.11,74.96,0.30827190607249466,0.010602231060948392
3102,18.11,74.97,0.3052440793224414,0.010598673704172943
3103,18.11,74.98,0.30170623071083974,0.010589582653912298
3104,18.11,74.99,0.2971254019471072,0.010579684755642946
3105,18.11,75.0,0.29118811914796666,0.010571498039142244
3106,18.11,75.01,0.2838042990828863,0.010562437702829653
3107,18.11,75.02,0.27486765907484484,0.010546604919640141
3108,18.11,75.03,0.2643116011898439,0.01051894686793787
3109,18.11,75.04,0.2522259525341002,0.01047605302990236
3110,18.11,75.05,0.2391524127916981,0.010418724463842528
3111,18.11,75.06,0.22536890960646422,0.010352621762908881
3112,18.11,75.07,0.21413511152609274,0.01031809016298608
3113,18.11,75.08,0.21364371469187468,0.010402973608708706
3114,18.11,75.09,0.21951968578056816,0.010501970020758826
3115,18.11,75.1,0.22643700355626903,0.01057896589194246
3116,18.11,75.11,0.23403662090346428,0.01063163571301938
3117,18.11,75.12,0.2427132916231143,0.01066595990256767
3118,18.11,75.13,0.2537588789559566,0.010699174947753123
3119,18.11,75.14,0.26535856072757963,0.010720438049734802
3120,18.11,75.15,0.2771056636859948,0.010731727436724153
3121,18.11,75.16,0.2886458489211347,0.01073691749822502
3122,18.11,75.17,0.29942029722046665,0.010742426575255055
3123,18.11,75.18,0.30881353895611,0.010758992744536587
3124,18.11,75.19,0.31665637740982927,0.010785974735937294
3125,18.11,75.2,0.3228728931399392,0.010819260467968496
3126,18.11,75.21,0.32749850888167825,0.010857176357981363
3127,18.11,75.22,0.3308527409972099,0.010899468496168997
3128,18.11,75.23,0.3334024965854307,0.01094732818282925
3129,18.11,75.24,0.33532579691635994,0.010998254427142733
3130,18.11,75.25,0.3365431114208164,0.011046677519241896
3131,18.11,75.26,0.3367726709476767,0.011088879404493544
3132,18.11,75.27,0.33586762227779726,0.01112300442242586
3133,18.11,75.28,0.33382484012882635,0.01114815856798627
3134,18.11,75.29,0.33066800269247765,0.011163938805710151
3135,18.11,75.3,0.3264846181270611,0.01117022063911183
3136,18.11,75.31,0.3215780490058008,0.011167165689499676
3137,18.11,75.32,0.31626202032833817,0.0111557436095522
3138,18.11,75.33,0.3113391915380754,0.011141604175896854
3139,18.11,75.34,0.3084895909611592,0.011140156450454575
3140,18.11,75.35,0.30694733116857664,0.011142495637028276
3141,18.11,75.36,0.30574903741465265,0.011138963017382186
3142,18.11,75.37,0.3048492008761528,0.011128950063246788
3143,18.11,75.38,0.30439951314501307,0.011113882959184859
3144,18.11,75.39,0.30457464802872175,0.011096126077214257
3145,18.11,75.4,0.3053507815075982,0.011078797381450914
3146,18.11,75.41,0.30658823012897535,0.011065484911017288
3147,18.11,75.42,0.30796635290157054,0.011059179376338473
3148,18.11,75.43,0.3091620834504684,0.011060382966334
3149,18.11,75.44,0.31024014370984154,0.01106627118723229
3150,18.11,75.45,0.3112630599851144,0.011072198908411091
3151,18.11,75.46,0.3123010265403314,0.0110737480641643
3152,18.11,75.47,0.31336785375486303,0.011067689810052819
3153,18.11,75.48,0.31431004373957333,0.0110521310959052
3154,18.11,75.49,0.31511853247530347,0.011026576790922095
3155,18.11,75.5,0.315957723866097,0.010992738510032256
3156,18.11,75.51,0.3177287111056559,0.010957618928489768
3157,18.11,75.52,0.3211768120618415,0.010928018892531326
3158,18.11,75.53,0.32507530378256727,0.0108982128823384
3159,18.11,75.54,0.32844019983660105,0.010865993492746796
3160,18.11,75.55,0.33085769745207794,0.010833662830820582
3161,18.11,75.56,0.33186588251538135,0.010806372945436911
3162,18.11,75.57,0.3307202532179011,0.010793505553243453
3163,18.11,75.58,0.32724243585751933,0.010800182394442841
3164,18.11,75.59,0.3223776469277331,0.010820649214131355
3165,18.11,75.6,0.3167935925865107,0.010849750629187785
3166,18.11,75.61,0.3110241311571716,0.010887103154567387
3167,18.11,75.62,0.3053742159362866,0.010934599798025366
3168,18.11,75.63,0.29968037680469306,0.010987046569975782
3169,18.11,75.64,0.2937444725759467,0.01103849948788841
3170,18.11,75.65,0.28758492027183225,0.011086538879897186
3171,18.11,75.66,0.2813249482884814,0.011130278579121388
3172,18.11,75.67,0.2750099098486496,0.011169291539268414
3173,18.11,75.68,0.2686593099310697,0.01120322720619484
3174,18.11,75.69,0.26234089356962365,0.011231690559722023
3175,18.11,75.7,0.2561936868789673,0.011254228843926345
3176,18.11,75.71,0.25033062408250784,0.01127039390579556
3177,18.11,75.72,0.24471202044615595,0.011279872398341483
3178,18.11,75.73,0.23921689636221655,0.011282688232532125
3179,18.11,75.74,0.23394680361506728,0.011283025772961893
3180,18.11,75.75,0.23027812683375024,0.011317239078131685
3181,18.11,75.76,0.22721589347337742,0.011354852958883147
3182,18.11,75.77,0.22437807398596782,0.011386191001197631
3183,18.11,75.78,0.22184148097002765,0.011410211441471758
3184,18.11,75.79,0.21968808478157362,0.011426009878508864
3185,18.11,75.8,0.21797450228391332,0.011432737836408276
3186,18.11,75.81,0.21678563756507432,0.011429696453634973
3187,18.11,75.82,0.2160112645954968,0.01141653701949022
3188,18.11,75.83,0.21543403070162165,0.011393340966431732
3189,18.11,75.84,0.21495165049339177,0.011360715693151285
3190,18.11,75.85,0.21469963906360473,0.011320053897660552
3191,18.11,75.86,0.21488242285797216,0.011274274618654571
3192,18.11,75.87,0.2151278171234553,0.011233065834863241
3193,18.11,75.88,0.20985342456146874,0.011240332035370126
3194,18.11,75.89,0.20485649394961744,0.011256321832697543
3195,18.11,75.9,0.20056545704631687,0.01127713835272402
3196,18.11,75.91,0.19681375826614092,0.011303402777151382
3197,18.11,75.92,0.19328240939352495,0.011329878276232812
3198,18.11,75.93,0.18995541681667968,0.011351098034358425
3199,18.11,75.94,0.1866455852585863,0.011364520841734043
3200,18.11,75.95,0.18317957719710995,0.01136954142898747
3201,18.11,75.96,0.17971176714688777,0.011367043308398519
3202,18.11,75.97,0.17643158416184582,0.011360221525115538
3203,18.11,75.98,0.17346746029036478,0.011357076085099841
3204,18.11,75.99,0.17102427768486095,0.011367054711704693
3205,18.11,76.0,0.16899652804782053,0.011387804483533227
3206,18.11,76.01,0.16727373386049124,0.011413977001754005
3207,18.11,76.02,0.16577044611950417,0.011442723827884901
3208,18.11,76.03,0.1644410132990795,0.011471625077713522
3209,18.11,76.04,0.16322752130896845,0.011498422084404668
3210,18.11,76.05,0.16202824072526806,0.011521297141304539
3211,18.11,76.06,0.1608608849163328,0.011538952756103933
3212,18.11,76.07,0.15978479668748605,0.011550536963534645
3213,18.11,76.08,0.1585588866079584,0.011555554408028555
3214,18.11,76.09,0.15744049089451406,0.011553790292019018
3215,18.11,76.1,0.15662596774813176,0.01154526050539533
3216,18.11,76.11,0.1559683160297754,0.011530203593704259
3217,18.11,76.12,0.15534486036161507,0.011509153396876486
3218,18.11,76.13,0.1546143181321107,0.011483131227876966
3219,18.11,76.14,0.15367033258483637,0.011453993864475005
3220,18.11,76.15,0.15253119107697735,0.01142487424284674
3221,18.11,76.16,0.1512058300763704,0.011400139576941361
3222,18.11,76.17,0.1498104464025544,0.011383772753431637
3223,18.11,76.18,0.14851261312043293,0.01137698531633427
3224,18.11,76.19,0.1473556017995641,0.011378754838556175
3225,18.11,76.2,0.14644644915019456,0.011388882268994672
3226,18.11,76.21,0.145852913938109,0.01140959672126431
3227,18.11,76.22,0.14540819207391914,0.011443749498744006
3228,18.11,76.23,0.1451153868887479,0.011491264077655647
3229,18.11,76.24,0.14538457219177103,0.011549533395546114
3230,18.11,76.25,0.14594950215408106,0.011616119628229725
3231,18.11,76.26,0.14657361768335547,0.011689457543155595
3232,18.11,76.27,0.1470955146659787,0.011768427960934663
3233,18.11,76.28,0.14763774730651652,0.01185202593059229
3234,18.11,76.29,0.14843489081180344,0.01193928234167211
3235,18.11,76.3,0.1494551762596182,0.01202931682892709
3236,18.11,76.31,0.15063270600972983,0.01212141031190369
3237,18.11,76.32,0.15178988011254674,0.01221501835142707
3238,18.11,76.33,0.15270373993814892,0.012309764032459342
3239,18.11,76.34,0.15336402971312296,0.012405390779906517
3240,18.11,76.35,0.15388408372068846,0.012501719872333499
3241,18.11,76.36,0.1543933430482361,0.012598602884724586
3242,18.11,76.37,0.15482253325491088,0.01269590207923372
3243,18.11,76.38,0.15507030391924964,0.012793469794268071
3244,18.11,76.39,0.15515050524702856,0.012891145655783753
3245,18.11,76.4,0.15502506065212274,0.012988766944165134
3246,18.12,73.4,0.22846939832784055,0.011726193429007005
3247,18.12,73.41,0.2231627947970387,0.011644539196104012
3248,18.12,73.42,0.21817555742746753,0.011577490442097532
3249,18.12,73.43,0.2135704056548778,0.011525265466030747
3250,18.12,73.44,0.20919734575687077,0.011483011807023848
3251,18.12,73.45,0.2053079980317411,0.011445879414154024
3252,18.12,73.46,0.20183780708254606,0.011411046684802178
3253,18.12,73.47,0.19861038929088387,0.011376967957461792
3254,18.12,73.48,0.19575005905098392,0.011342537843543528
3255,18.12,73.49,0.19317169507725515,0.011306666943647938
3256,18.12,73.5,0.19085145781325624,0.01126851100424875
3257,18.12,73.51,0.18885866775347718,0.011233956478899586
3258,18.12,73.52,0.18740330254684426,0.011229681919509715
3259,18.12,73.53,0.1860250058017414,0.011226942839008486
3260,18.12,73.54,0.18453154212559728,0.011219352048130649
3261,18.12,73.55,0.18300212788646025,0.011208549965719442
3262,18.12,73.56,0.18136270228975193,0.011196621293881338
3263,18.12,73.57,0.17940934723808052,0.011183119130025771
3264,18.12,73.58,0.17699263071387245,0.011165564627698969
3265,18.12,73.59,0.17408904946541823,0.011142146993558052
3266,18.12,73.6,0.17103092008184345,0.011112403322066733
3267,18.12,73.61,0.16812826009264145,0.011076736559371126
3268,18.12,73.62,0.16537733755831885,0.011035947674691895
3269,18.12,73.63,0.1628850818402795,0.010990939530881493
3270,18.12,73.64,0.16061149272129135,0.010942705692245544
3271,18.12,73.65,0.15835900353409083,0.010892747642266477
3272,18.12,73.66,0.15623050198313732,0.010843969332092787
3273,18.12,73.67,0.15438416706062272,0.01080098914102208
3274,18.12,73.68,0.15291864287792817,0.0107672463992056
3275,18.12,73.69,0.15189542749784996,0.010741147879185177
3276,18.12,73.7,0.15131978272373645,0.01071738069714669
3277,18.12,73.71,0.1516306330606854,0.010698046993969333
3278,18.12,73.72,0.15338222878125474,0.010685701393782996
3279,18.12,73.73,0.1559434976031293,0.010664727857310501
3280,18.12,73.74,0.1597888127605624,0.010647803139533731
3281,18.12,73.75,0.1632891108661265,0.010660282993932088
3282,18.12,73.76,0.16658451451656914,0.010685286859906228
3283,18.12,73.77,0.1697688542849827,0.010710500939913657
3284,18.12,73.78,0.1726817106428294,0.01073100197288506
3285,18.12,73.79,0.17510606991580274,0.010764146768542898
3286,18.12,73.8,0.17720136528887906,0.010809447882401273
3287,18.12,73.81,0.1792712502247127,0.01084684340331843
3288,18.12,73.82,0.1814549168402926,0.010875085850497734
3289,18.12,73.83,0.18388823077768068,0.010895368231910089
3290,18.12,74.0,0.1981879869413071,0.010656093928352104
3291,18.12,74.01,0.19856237384091485,0.010623909990911987
3292,18.12,74.02,0.19923700362982968,0.010604038594678025
3293,18.12,74.03,0.19980075558729923,0.010606155359638686
3294,18.12,74.04,0.20064580224779688,0.01062766654275102
3295,18.12,74.05,0.20243276771178007,0.01065944133414545
3296,18.12,74.06,0.20522507084152714,0.010695986617911704
3297,18.12,74.07,0.20888828083439773,0.010732139074459008
3298,18.12,74.08,0.21326148954651378,0.01076572487773477
3299,18.12,74.09,0.21820387162295435,0.01079727449384486
3300,18.12,74.1,0.22354155365691877,0.010827675419136864
3301,18.12,74.11,0.22901032679886807,0.010856011522329005
3302,18.12,74.12,0.23433223714005438,0.010879663856609668
3303,18.12,74.13,0.23924241093155907,0.01089590179140348
3304,18.12,74.14,0.24352388903583605,0.01090317868029142
3305,18.12,74.15,0.24695363492552036,0.010901716068186906
3306,18.12,74.16,0.249220712807734,0.0108940212515919
3307,18.12,74.17,0.24961412217046994,0.010887879967442574
3308,18.12,74.18,0.2469384249149045,0.010896377163839255
3309,18.12,74.19,0.24217727967922745,0.010915194638134115
3310,18.12,74.2,0.23634011699009397,0.010939459440755224
3311,18.12,74.21,0.22972835313335224,0.010967570188572461
3312,18.12,74.22,0.22262307853255123,0.010997360889816855
3313,18.12,74.23,0.2152881184943623,0.011026264750572144
3314,18.12,74.24,0.20793536022828155,0.011051957566206116
3315,18.12,74.25,0.20070706620893988,0.011072681242489184
3316,18.12,74.26,0.19362607981444935,0.01108725692512269
3317,18.12,74.27,0.18686249614658848,0.011094919986885382
3318,18.12,74.28,0.18048870029542344,0.01109509297184139
3319,18.12,74.29,0.17451179172259781,0.011087164144176475
3320,18.12,74.3,0.16890410071487186,0.011070402390455298
3321,18.12,74.31,0.1636575432729468,0.011044036363926485
3322,18.12,74.32,0.15881293907397812,0.011007450933567055
3323,18.12,74.33,0.15434300133242365,0.01096039376886549
3324,18.12,74.34,0.15025093024868488,0.010903134897677726
3325,18.12,74.35,0.14637238465742583,0.01083656192469238
3326,18.12,74.36,0.14280917758068806,0.010766896543536932
3327,18.12,74.37,0.13989806208514327,0.010717330555564834
3328,18.12,74.38,0.1372503284800984,0.01067136922618255
3329,18.12,74.39,0.13485828525408408,0.010630124771201148
3330,18.12,74.4,0.13283780177727514,0.010583663828120727
3331,18.12,74.41,0.13126444047551397,0.010533892116884956
3332,18.12,74.42,0.13029551739216108,0.01048873526334573
3333,18.12,74.43,0.1302517997038838,0.010459519581562306
3334,18.12,74.44,0.13102471639113872,0.010448860933926586
3335,18.12,74.45,0.13225488399994456,0.010452841232744627
3336,18.12,74.46,0.13375486816400822,0.010469939599515829
3337,18.12,74.47,0.1353664525219096,0.010502220876451418
3338,18.12,74.48,0.1369686808176532,0.010553797015918135
3339,18.12,74.49,0.13852314453153394,0.010613901972923868
3340,18.12,74.5,0.14002997094768832,0.010674266465926618
3341,18.12,74.62,0.15959401029299772,0.010768839369744447
3342,18.12,74.63,0.16139528467631142,0.010726483521814665
3343,18.12,74.64,0.16345691118092298,0.010692069982538754
3344,18.12,74.65,0.16566024665912554,0.01067782525227162
3345,18.12,74.66,0.1679819080784428,0.010677819034133148
3346,18.12,74.67,0.17147382398328948,0.010692325931952972
3347,18.12,74.68,0.17592555833565804,0.01071301953868816
3348,18.12,74.69,0.18065294236570922,0.010729835689975188
3349,18.12,74.7,0.18557662465354108,0.010743561103462102
3350,18.12,74.71,0.19072687680772415,0.010754450657162797
3351,18.12,74.72,0.19617986212614086,0.010761040468900127
3352,18.12,74.73,0.20194995828829831,0.010761643831670338
3353,18.12,74.74,0.2080061479734118,0.010754655725093768
3354,18.12,74.75,0.21439013050390102,0.010739608168140728
3355,18.12,74.76,0.2211238516869131,0.010718211341538882
3356,18.12,74.77,0.22818648241417855,0.010693758870488472
3357,18.12,74.78,0.23519565054808755,0.010669806486211441
3358,18.12,74.79,0.24098746911630614,0.010650358856671094
3359,18.12,74.8,0.24482743297504228,0.010637330534290829
3360,18.12,74.81,0.24820307744004233,0.010625727410620593
3361,18.12,74.82,0.2524801692693895,0.010611368624301287
3362,18.12,74.83,0.2583496177530988,0.010593240279636046
3363,18.12,74.84,0.2661301036533931,0.010571032775511472
3364,18.12,74.85,0.275336000973083,0.010542422837380022
3365,18.12,74.86,0.28508528579227194,0.010510739630989427
3366,18.12,74.87,0.294173477862404,0.010483129629329575
3367,18.12,74.88,0.3014877209721055,0.010463588387763617
3368,18.12,74.89,0.3071540012305832,0.010455748065252322
3369,18.12,74.9,0.310839058828684,0.010459799572049316
3370,18.12,74.91,0.31184878902327745,0.010478256363210524
3371,18.12,74.92,0.31239524726040363,0.010513429514542712
3372,18.12,74.93,0.31251599481893744,0.010549792102955098
3373,18.12,74.94,0.31155482360810444,0.010576425641469754
3374,18.12,74.95,0.30948952144694225,0.010589397202040876
3375,18.12,74.96,0.3066818881146441,0.010589027937921179
3376,18.12,74.97,0.303679343852932,0.010579091019149979
3377,18.12,74.98,0.3004246269326004,0.010563952634010014
3378,18.12,74.99,0.2960890417030033,0.010548946606411605
3379,18.12,75.0,0.2905602494267556,0.010538693180789057
3380,18.12,75.01,0.2840888213448889,0.010528865235913228
3381,18.12,75.02,0.2761929108405783,0.010510266016299142
3382,18.12,75.03,0.26619706559044476,0.010480411142034579
3383,18.12,75.04,0.254051354632205,0.0104368436865472
3384,18.12,75.05,0.24086814265785556,0.010379362467432065
3385,18.12,75.06,0.22911675848179291,0.010333866205968788
3386,18.12,75.07,0.2160367950612507,0.010328027739685018
3387,18.12,75.08,0.21488700665122015,0.01040684002868631
3388,18.12,75.09,0.2199064922397833,0.010500590688651489
3389,18.12,75.1,0.22659394209899414,0.010573674197067031
3390,18.12,75.11,0.23451576978924507,0.010624285773286129
3391,18.12,75.12,0.24389125155621183,0.010657576453131508
3392,18.12,75.13,0.25481865064175435,0.010679679024404507
3393,18.12,75.14,0.2665815319784324,0.010691447499519023
3394,18.12,75.15,0.27850690613935725,0.010694107885848828
3395,18.12,75.16,0.29015865337128244,0.01069058197820113
3396,18.12,75.17,0.3011982034095552,0.01068415339797478
3397,18.12,75.18,0.31040724424598154,0.010702599977688895
3398,18.12,75.19,0.31809313597449246,0.010730771175090595
3399,18.12,75.2,0.3242002333562487,0.01076374182097889
3400,18.12,75.21,0.32853950075489746,0.010800329192522308
3401,18.12,75.22,0.3313543269206466,0.010839780269664168
3402,18.12,75.23,0.3337105099590336,0.010891285691990724
3403,18.12,75.24,0.3356742234057702,0.010950342708002605
3404,18.12,75.25,0.33681032910847375,0.011004802721463104
3405,18.12,75.26,0.3371083063866439,0.011051564219167411
3406,18.12,75.27,0.33636305854991944,0.011089467758729722
3407,18.12,75.28,0.3345768652491461,0.011118027362073058
3408,18.12,75.29,0.33174476013130066,0.01113719653710734
3409,18.12,75.3,0.3278837225891071,0.011147311529936905
3410,18.12,75.31,0.3232712440663736,0.011149281818397767
3411,18.12,75.32,0.31839669440504287,0.011145233920274252
3412,18.12,75.33,0.31387704191849436,0.011139559029622822
3413,18.12,75.34,0.3103223217991967,0.011136754151430164
3414,18.12,75.35,0.3076523632313933,0.011135381326355633
3415,18.12,75.36,0.3055358537228722,0.011131682082891956
3416,18.12,75.37,0.3038162459828471,0.011124430414328378
3417,18.12,75.38,0.30260840514479764,0.011114433759388595
3418,18.12,75.39,0.30201491216683846,0.01110350258871902
3419,18.12,75.4,0.3021473525411999,0.011093803907841635
3420,18.12,75.41,0.30288095825844985,0.011087348880481802
3421,18.12,75.42,0.3039387508249847,0.011085390937539854
3422,18.12,75.43,0.3049318618328412,0.01108775747148016
3423,18.12,75.44,0.30575034317126165,0.011092633548588804
3424,18.12,75.45,0.3065121291611796,0.011097149317135846
3425,18.12,75.46,0.3072694628548844,0.011098316493939088
3426,18.12,75.47,0.30811116649577525,0.01109374486302613
3427,18.12,75.48,0.3089750210662872,0.011082033176003824
3428,18.12,75.49,0.3098638274657762,0.011063082476555814
3429,18.12,75.5,0.31098056217722053,0.011038557635183924
3430,18.12,75.51,0.31269837729106437,0.011011817664718381
3431,18.12,75.52,0.3153119829548763,0.010985169758093095
3432,18.12,75.53,0.31844433323743815,0.010957722208702387
3433,18.12,75.54,0.321454204946322,0.010928399015705336
3434,18.12,75.55,0.3239824760979346,0.010897710345420794
3435,18.12,75.56,0.32577055289749357,0.01086753329383821
3436,18.12,75.57,0.32526138991284204,0.010851008157004597
3437,18.12,75.58,0.32094579123302647,0.010860673298212675
3438,18.12,75.59,0.3158852524525685,0.010874451958876947
3439,18.12,75.6,0.310297615031785,0.010889802798955829
3440,18.12,75.61,0.3044885865844767,0.010908342585044339
3441,18.12,75.62,0.2995905065019378,0.010950683248019878
3442,18.12,75.63,0.2946208778835371,0.010997733519636616
3443,18.12,75.64,0.289190531989262,0.01104167046651336
3444,18.12,75.65,0.2833519731614304,0.011081772430786419
3445,18.12,75.66,0.27728525174137875,0.01111781752932888
3446,18.12,75.67,0.2710715824407302,0.011149641334532449
3447,18.12,75.68,0.26473873703738854,0.011177013891854128
3448,18.12,75.69,0.2584169818267616,0.011199599571947523
3449,18.12,75.7,0.2522087058004594,0.011216975475642012
3450,18.12,75.71,0.24626286572911735,0.011228727078059848
3451,18.12,75.72,0.24060177621240078,0.01123473081709558
3452,18.12,75.73,0.23514376350273125,0.01123595184849448
3453,18.12,75.74,0.23007181336201976,0.011239805915307264
3454,18.12,75.75,0.2261696491914089,0.011265728409740739
3455,18.12,75.76,0.22301100566346724,0.011299034757347446
3456,18.12,75.77,0.2201458270715387,0.011328884535205601
3457,18.12,75.78,0.2175862251214803,0.011352675839962481
3458,18.12,75.79,0.21543884289465287,0.011368753975690604
3459,18.12,75.8,0.21370807934004185,0.011375752342830706
3460,18.12,75.81,0.21243934786442092,0.011372624247705711
3461,18.12,75.82,0.21159714573910865,0.011358837765800133
3462,18.12,75.83,0.21100203879766274,0.011334438498227978
3463,18.12,75.84,0.21044200026655563,0.011300114231581025
3464,18.12,75.85,0.2099392868559016,0.011257435674337363
3465,18.12,75.86,0.20944032843222346,0.011210242251652694
3466,18.12,75.87,0.20808729058530398,0.011174621987836399
3467,18.12,75.88,0.2044694113845481,0.011180160181959544
3468,18.12,75.89,0.20032942282883864,0.011202637643231924
3469,18.12,75.9,0.19647879201165483,0.01122690455806551
3470,18.12,75.91,0.1929955944456978,0.011250815073801244
3471,18.12,75.92,0.18964017914294717,0.011272064510121716
3472,18.12,75.93,0.1864449842877676,0.011287715066650775
3473,18.12,75.94,0.18333534605185875,0.011295485746967716
3474,18.12,75.95,0.18006090732202262,0.011294108939415105
3475,18.12,75.96,0.17668434520372872,0.011283326384619164
3476,18.12,75.97,0.17336298895586771,0.011264227318309792
3477,18.12,75.98,0.17024849998725836,0.01124402602166597
3478,18.12,75.99,0.16814419337711128,0.011255759875744427
3479,18.12,76.0,0.16643295031860827,0.011279300396808752
3480,18.12,76.01,0.1649422493499449,0.01130821496628725
3481,18.12,76.02,0.16364470793918587,0.01134111571846395
3482,18.12,76.03,0.16248496927264264,0.011374736384895556
3483,18.12,76.04,0.16143435646814203,0.011405988805956517
3484,18.12,76.05,0.16037148341227148,0.011432702755129533
3485,18.12,76.06,0.15930755090376927,0.011453523084192223
3486,18.12,76.07,0.1583255841726148,0.011467658781111972
3487,18.12,76.08,0.15720752061932597,0.011474701601917147
3488,18.12,76.09,0.15609880090693978,0.011474507172675575
3489,18.12,76.1,0.15526228469383235,0.011467104971985364
3490,18.12,76.11,0.1546564960402294,0.011452650942516709
3491,18.12,76.12,0.15412925874271033,0.011431459878243271
3492,18.12,76.13,0.15352651213187074,0.011404193908083343
3493,18.12,76.14,0.1527384929696349,0.011372350955018647
3494,18.12,76.15,0.15175755283069117,0.011339365273835455
3495,18.12,76.16,0.15055890884926668,0.011312185310892649
3496,18.12,76.17,0.1491577221404433,0.011299161960266278
3497,18.12,76.18,0.14777699594456362,0.011301146752183995
3498,18.12,76.19,0.14654832645320473,0.011312724093853971
3499,18.12,76.2,0.1455993565527506,0.011330916438314284
3500,18.12,76.21,0.14500188072917533,0.011356421225740928
3501,18.12,76.22,0.14454524384355666,0.011391194316012473
3502,18.12,76.23,0.14423171535222587,0.011436357938388772
3503,18.12,76.24,0.14447163227314516,0.011491737109588075
3504,18.12,76.25,0.14502561781464154,0.0115565097119213
3505,18.12,76.26,0.14565699654738354,0.011629674695498748
3506,18.12,76.27,0.146193349407622,0.011710029616949632
3507,18.12,76.28,0.1467404742503982,0.011796151618186028
3508,18.12,76.29,0.14751782044955206,0.011886558259832552
3509,18.12,76.3,0.1485084551881904,0.011979918666467328
3510,18.12,76.31,0.1496849619276258,0.012075189347741069
3511,18.12,76.32,0.1508766065005055,0.01217162149665605
3512,18.12,76.33,0.15184405066283263,0.012268715390559496
3513,18.12,76.34,0.15253350009571146,0.012366155767031298
3514,18.12,76.35,0.1530437419992549,0.012463747049989846
3515,18.12,76.36,0.15354607234406062,0.012561359629498938
3516,18.12,76.37,0.15397635322106035,0.012658898213775704
3517,18.12,76.38,0.15423578056243342,0.012756268070765863
3518,18.12,76.39,0.1543377121890969,0.012853368876480838
3519,18.12,76.4,0.1542702425040228,0.01295009712691526
3520,18.12,76.41,0.1540165108736052,0.013046340436202342
3521,18.13,73.4,0.21720561704005314,0.011698655049257175
3522,18.13,73.41,0.21154195084056154,0.011607941972961123
3523,18.13,73.42,0.20636909486851518,0.01153647706599249
3524,18.13,73.43,0.20190779881045218,0.011487270982455862
3525,18.13,73.44,0.1977293552717107,0.011447250309184842
3526,18.13,73.45,0.194051558480728,0.011409746509768531
3527,18.13,73.46,0.1907681044291403,0.01137310406940865
3528,18.13,73.47,0.18780391837483787,0.011336989983573147
3529,18.13,73.48,0.18524298945638767,0.011301079722049986
3530,18.13,73.49,0.1830298888866046,0.011264571296251958
3531,18.13,73.5,0.18115589767141632,0.011226829494427134
3532,18.13,73.51,0.17966016106172833,0.011194234202419408
3533,18.13,73.52,0.17867974729478822,0.011184578061139445
3534,18.13,73.53,0.17778980319378102,0.011176957627854815
3535,18.13,73.54,0.17673852343576352,0.011163646676201119
3536,18.13,73.55,0.1755884433850014,0.011147177579546913
3537,18.13,73.56,0.1743331459946752,0.011133952983526431
3538,18.13,73.57,0.17280679230815993,0.01112258445849658
3539,18.13,73.58,0.1708275902882135,0.011106492392296571
3540,18.13,73.59,0.16838375315737417,0.011083224160138273
3541,18.13,73.6,0.16586422561125427,0.011052880425324605
3542,18.13,73.61,0.16354425720082716,0.01101643938426728
3543,18.13,73.62,0.16138944915712533,0.010975048232559894
3544,18.13,73.63,0.1595038423168944,0.010929588332242121
3545,18.13,73.64,0.1577652077176247,0.010880574566906597
3546,18.13,73.65,0.15597413635976293,0.010828673004635896
3547,18.13,73.66,0.1542290388124001,0.010776561975146893
3548,18.13,73.67,0.15247692878402255,0.010732688150367629
3549,18.13,73.68,0.1509860798267507,0.010705603314787045
3550,18.13,73.69,0.1500398168697729,0.010688903681842908
3551,18.13,73.7,0.14944213152498875,0.01067118480913175
3552,18.13,73.71,0.14966597216470334,0.010652425546252857
3553,18.13,73.72,0.15119091937921486,0.010633721545510217
3554,18.13,73.73,0.15340409940747188,0.010605225219133346
3555,18.13,73.74,0.15685995601456856,0.010587136923628039
3556,18.13,73.75,0.16062619096695954,0.010591687842325144
3557,18.13,73.76,0.164150034851031,0.010608834432831548
3558,18.13,73.77,0.1674673157166863,0.01062879889469202
3559,18.13,73.78,0.1702873455640433,0.010646485297603422
3560,18.13,73.79,0.1725252351538901,0.010679570200949024
3561,18.13,73.8,0.17435580433829617,0.010724841008037275
3562,18.13,73.81,0.17619655099203713,0.010758497208962624
3563,18.13,73.82,0.17840473555181324,0.010782167677870755
3564,18.13,73.83,0.18109697411329845,0.010797728869350763
3565,18.13,73.84,0.1841144333564374,0.010806471539418973
3566,18.13,73.98,0.19671123729324738,0.010633852250600994
3567,18.13,73.99,0.19623628580374936,0.010585673449122672
3568,18.13,74.0,0.19584007354037555,0.010545960102631913
3569,18.13,74.01,0.1953646176870461,0.010519377850751247
3570,18.13,74.02,0.19495701129585444,0.010510808290691356
3571,18.13,74.03,0.19516886073078318,0.010523338953825961
3572,18.13,74.04,0.19645360453272032,0.010554283482277355
3573,18.13,74.05,0.1990033828492768,0.010601942123480364
3574,18.13,74.06,0.2026866779268867,0.010656702371503788
3575,18.13,74.07,0.20722266733917724,0.010708197563009612
3576,18.13,74.08,0.21236683552013735,0.010753689964420707
3577,18.13,74.09,0.2178868970290321,0.010793883308659442
3578,18.13,74.1,0.22356485889127764,0.010829419806319492
3579,18.13,74.11,0.22915526486159182,0.010859468135010484
3580,18.13,74.12,0.23440014415426544,0.010882430748484767
3581,18.13,74.13,0.23904053042247406,0.010896978217857775
3582,18.13,74.14,0.2428599851496671,0.010902712443932976
3583,18.13,74.15,0.24558100258274274,0.0109006486021159
3584,18.13,74.16,0.24682931460706006,0.010893790482937716
3585,18.13,74.17,0.24617064085664928,0.010887620317061713
3586,18.13,74.18,0.24330471087767166,0.010887821474163875
3587,18.13,74.19,0.2385429931782507,0.010896057826417093
3588,18.13,74.2,0.23252014498327475,0.010911667801619625
3589,18.13,74.21,0.22565827130602617,0.010933120732517449
3590,18.13,74.22,0.21833642043983337,0.010957670724418458
3591,18.13,74.23,0.21077677021198138,0.010982162688485394
3592,18.13,74.24,0.20319340427880941,0.011003902940718197
3593,18.13,74.25,0.19571929686976225,0.01102100466058084
3594,18.13,74.26,0.18845880420293154,0.011032368272167189
3595,18.13,74.27,0.1815930338198585,0.011037448152980285
3596,18.13,74.28,0.1751872788378053,0.011035866477736954
3597,18.13,74.29,0.16926287187728287,0.011027031141055077
3598,18.13,74.3,0.1637893720637632,0.011009983673933467
3599,18.13,74.31,0.15882184257538168,0.010983586077639032
3600,18.13,74.32,0.1544091154221852,0.010946906770098054
3601,18.13,74.33,0.15045646634919896,0.01089963057485935
3602,18.13,74.34,0.1469230686339116,0.010842484834930197
3603,18.13,74.35,0.14372478029461494,0.010778096833669579
3604,18.13,74.36,0.14094946842893083,0.010713015617205779
3605,18.13,74.37,0.13858459570335338,0.010653310510998888
3606,18.13,74.38,0.13653872816223706,0.010604627149407206
3607,18.13,74.39,0.13475503906506756,0.01056581588564862
3608,18.13,74.4,0.1334644428798167,0.010522066946878373
3609,18.13,74.41,0.1327551432300832,0.010474325314940516
3610,18.13,74.42,0.1326599549362454,0.010432211487955801
3611,18.13,74.43,0.1330106105906828,0.010414370601783199
3612,18.13,74.44,0.13380484401955967,0.010423051324005794
3613,18.13,74.45,0.13508524897083163,0.010444137086683373
3614,18.13,74.46,0.13670656452429594,0.010470094353344
3615,18.13,74.47,0.13844351473485106,0.01050084126403235
3616,18.13,74.48,0.13993397663649895,0.01054362117199641
3617,18.13,74.49,0.1411229682316979,0.010596439811763576
3618,18.13,74.5,0.1421555021157822,0.01064922326950344
3619,18.13,74.51,0.14299635938487507,0.01069920223804196
3620,18.13,74.63,0.15668780583585556,0.010694159817223216
3621,18.13,74.64,0.15813081855094704,0.010656584927909536
3622,18.13,74.65,0.16020820959906065,0.010642601650948038
3623,18.13,74.66,0.16254679519993348,0.010643725268347962
3624,18.13,74.67,0.1654689312406491,0.010652252363621434
3625,18.13,74.68,0.169073007780929,0.01066474477441534
3626,18.13,74.69,0.17314591401563847,0.010680163981345569
3627,18.13,74.7,0.1774833603566578,0.010693493737169145
3628,18.13,74.71,0.18203135660810432,0.010703499999908836
3629,18.13,74.72,0.1868962936315147,0.01071103214653227
3630,18.13,74.73,0.19210228816741468,0.010716713927389236
3631,18.13,74.74,0.19747651518756537,0.010716870858339972
3632,18.13,74.75,0.20290882443030547,0.01070899820662249
3633,18.13,74.76,0.20840652716156316,0.010694335607568141
3634,18.13,74.77,0.21390329137975142,0.010675600306119807
3635,18.13,74.78,0.219073122071335,0.010655544535466
3636,18.13,74.79,0.22348258314868158,0.010636497732660519
3637,18.13,74.8,0.22714753223973397,0.010619923057765494
3638,18.13,74.81,0.23073990897647223,0.01060483037463763
3639,18.13,74.82,0.23506463179074955,0.010586818350151385
3640,18.13,74.83,0.241178063472001,0.010565104394553874
3641,18.13,74.84,0.2506535466344571,0.010545914028254654
3642,18.13,74.85,0.26207579419454724,0.01051846123655808
3643,18.13,74.86,0.27454493553842096,0.01048581548910432
3644,18.13,74.87,0.2866310731703204,0.01046163624834978
3645,18.13,74.88,0.29549842940820875,0.010447620763639996
3646,18.13,74.89,0.3016655601305864,0.010445293401166369
3647,18.13,74.9,0.30691865404448,0.010457032834380948
3648,18.13,74.91,0.3082812259804957,0.010474305018490343
3649,18.13,74.92,0.3103100763968656,0.010512607945689638
3650,18.13,74.93,0.311131742830618,0.010543747281946916
3651,18.13,74.94,0.310521790253132,0.010563197510491265
3652,18.13,74.95,0.30848650697565083,0.010568960650216992
3653,18.13,74.96,0.3051752542590103,0.010560192944372495
3654,18.13,74.97,0.30199103197465843,0.010543300877801363
3655,18.13,74.98,0.29953971529473294,0.010520805224383126
3656,18.13,74.99,0.29545292680913865,0.01050208031401646
3657,18.13,75.0,0.2900730236133668,0.010493260359905126
3658,18.13,75.01,0.28499670191492765,0.010484492666535923
3659,18.13,75.02,0.2790561557654338,0.010464786814941394
3660,18.13,75.03,0.27023794672125623,0.010438553833020017
3661,18.13,75.04,0.25810256545413746,0.0104113625148
3662,18.13,75.05,0.2454302949911337,0.010387543456288046
3663,18.13,75.06,0.23399235095977902,0.010381510193390172
3664,18.13,75.07,0.22490693931567707,0.010405607818521385
3665,18.13,75.08,0.2214982078799093,0.010460497366017868
3666,18.13,75.09,0.22351026884853142,0.010525994931929784
3667,18.13,75.1,0.22872601380015686,0.010581813563518954
3668,18.13,75.11,0.23616549043716387,0.010620968626087952
3669,18.13,75.12,0.24548228065873284,0.010644192553121577
3670,18.13,75.13,0.2564067195891956,0.01065444020017315
3671,18.13,75.14,0.26834181900715337,0.010654263308495483
3672,18.13,75.15,0.280532568225704,0.010646575264559859
3673,18.13,75.16,0.29237248180332526,0.010635780554958134
3674,18.13,75.17,0.3033323502849972,0.010629265917091148
3675,18.13,75.18,0.31283534939344343,0.01063781961871235
3676,18.13,75.19,0.32068481965830115,0.010661368422709785
3677,18.13,75.2,0.32678660820491656,0.010695614080358866
3678,18.13,75.21,0.3309752285778376,0.010736238479443575
3679,18.13,75.22,0.3333153448468832,0.010778490020211754
3680,18.13,75.23,0.33530126364613555,0.010836268160412981
3681,18.13,75.24,0.3369449963199925,0.010902354249419533
3682,18.13,75.25,0.33767750657985285,0.0109616047464863
3683,18.13,75.26,0.33769178911125336,0.01101228800682663
3684,18.13,75.27,0.3368692686494583,0.01105365609844627
3685,18.13,75.28,0.3351934714861064,0.011085490358896345
3686,18.13,75.29,0.33266375034604173,0.01110804349507865
3687,18.13,75.3,0.3292545268154877,0.011122026365124
3688,18.13,75.31,0.3251074758355066,0.011128696441599625
3689,18.13,75.32,0.32062095525151846,0.011130032169257441
3690,18.13,75.33,0.3162278482089925,0.011128620361359283
3691,18.13,75.34,0.312258862853172,0.011126476093805621
3692,18.13,75.35,0.308796264758936,0.011123701052119362
3693,18.13,75.36,0.30576155867718685,0.011119359777312264
3694,18.13,75.37,0.30315377325395565,0.01111321382207375
3695,18.13,75.38,0.3011200073977425,0.011106191187669898
3696,18.13,75.39,0.29972961632030465,0.01109989772079067
3697,18.13,75.4,0.299126032199002,0.011095824223846433
3698,18.13,75.41,0.2992894834311746,0.011094855815079928
3699,18.13,75.42,0.2999085875088795,0.01109717039498043
3700,18.13,75.43,0.300648893245664,0.011102178368417731
3701,18.13,75.44,0.30119356528779606,0.011108490087263395
3702,18.13,75.45,0.301631854602424,0.011114140322931173
3703,18.13,75.46,0.3020888770928609,0.011117037222381616
3704,18.13,75.47,0.30269329846648596,0.011115434869032872
3705,18.13,75.48,0.3034582841677095,0.011108299420314695
3706,18.13,75.49,0.304344226267881,0.011095554066745495
3707,18.13,75.5,0.3054885195436407,0.011078155516088642
3708,18.13,75.51,0.3070535842386414,0.011057681236289654
3709,18.13,75.52,0.30920004525652134,0.011035272260160829
3710,18.13,75.53,0.31172168694331104,0.011011065257671001
3711,18.13,75.54,0.31421335827585484,0.01098494454841498
3712,18.13,75.55,0.31640508057153394,0.010957433566331257
3713,18.13,75.56,0.3178989364477381,0.010930735143339547
3714,18.13,75.57,0.3172115214990143,0.01091546614548269
3715,18.13,75.58,0.31362660219094185,0.01091788609936256
3716,18.13,75.59,0.309083929869054,0.010924241153498387
3717,18.13,75.6,0.30405542459080875,0.01093097502340508
3718,18.13,75.61,0.29886731599757765,0.010941472901397947
3719,18.13,75.62,0.29435776456316476,0.010971311352197201
3720,18.13,75.63,0.2898398590596854,0.011007110178868827
3721,18.13,75.64,0.28483607977300585,0.011040994961774638
3722,18.13,75.65,0.27929014018632836,0.011072073133037269
3723,18.13,75.66,0.2733929661995869,0.011100169155445355
3724,18.13,75.67,0.2672605370552711,0.011125153004732453
3725,18.13,75.68,0.2609503821037429,0.011146824858544586
3726,18.13,75.69,0.254631605555424,0.011164888367115456
3727,18.13,75.7,0.2484090969392986,0.011178982251161554
3728,18.13,75.71,0.24244183067652902,0.011188827088367716
3729,18.13,75.72,0.23681917451263584,0.011194768460662669
3730,18.13,75.73,0.23153048401010617,0.011199023428715654
3731,18.13,75.74,0.22666581460267218,0.011207365250980107
3732,18.13,75.75,0.2225125284618302,0.01122566874837094
3733,18.13,75.76,0.21908140155396053,0.011251326204051669
3734,18.13,75.77,0.2160644493100182,0.011278065061413167
3735,18.13,75.78,0.21340666020068025,0.011301391842515565
3736,18.13,75.79,0.21117817491060778,0.011318219985747183
3737,18.13,75.8,0.20935644687542862,0.011326276167939806
3738,18.13,75.81,0.2079355066946084,0.011324017639933614
3739,18.13,75.82,0.2068686575129342,0.011310765367203796
3740,18.13,75.83,0.2060002896129512,0.011286719315143334
3741,18.13,75.84,0.20508624801568862,0.01125306912277776
3742,18.13,75.85,0.2039680733067989,0.011212309437151484
3743,18.13,75.86,0.2023999353029433,0.011168865848890378
3744,18.13,75.87,0.19991927329309161,0.011131442636839269
3745,18.13,75.88,0.19763055177120728,0.011141133589612271
3746,18.13,75.89,0.19478552954463602,0.01116268415134002
3747,18.13,75.9,0.19170628310656804,0.011184951511814476
3748,18.13,75.91,0.18875522116008325,0.011205552961420106
3749,18.13,75.92,0.1858054070302793,0.01122257904818143
3750,18.13,75.93,0.1828695088411826,0.011233877012371963
3751,18.13,75.94,0.18006637760785946,0.011237372332611453
3752,18.13,75.95,0.1770763885677085,0.011231534995335104
3753,18.13,75.96,0.17394014032916782,0.01121574176927155
3754,18.13,75.97,0.17081631191252672,0.011191031138979176
3755,18.13,75.98,0.1679292653249773,0.01116560727043651
3756,18.13,75.99,0.16583271339288252,0.011164524196643174
3757,18.13,76.0,0.16420460142816237,0.011179544501463775
3758,18.13,76.01,0.1629373964528274,0.011208156884511468
3759,18.13,76.02,0.16187011262562465,0.011245268064247062
3760,18.13,76.03,0.16084082845649247,0.011283820100339438
3761,18.13,76.04,0.15988836186294625,0.011319358498657808
3762,18.13,76.05,0.15892571647751244,0.011349508131606132
3763,18.13,76.06,0.15795782300116692,0.01137303411002465
3764,18.13,76.07,0.15705463692943308,0.011389309001986895
3765,18.13,76.08,0.15605352776708545,0.011398083825227416
3766,18.13,76.09,0.15497306659685017,0.011399356916710415
3767,18.13,76.1,0.15411519821470068,0.011393235944104784
3768,18.13,76.11,0.15349573253040186,0.011379827856171596
3769,18.13,76.12,0.15303931989455058,0.01135918983227573
3770,18.13,76.13,0.15254685663330148,0.011331398068017435
3771,18.13,76.14,0.15188860809884008,0.011296872979880194
3772,18.13,76.15,0.15109579694218567,0.011257478922241075
3773,18.13,76.16,0.15011312637827273,0.011221441264468456
3774,18.13,76.17,0.14861547377126047,0.011211453742606785
3775,18.13,76.18,0.14701663219313857,0.011226298916522437
3776,18.13,76.19,0.1456891150318698,0.011247775170505311
3777,18.13,76.2,0.14471067951509675,0.011271403635420146
3778,18.13,76.21,0.14410951905308184,0.011298811233050439
3779,18.13,76.22,0.14363792894017768,0.011332898587071255
3780,18.13,76.23,0.14334878857066516,0.011376002206972501
3781,18.13,76.24,0.14359255702338428,0.011429302674683764
3782,18.13,76.25,0.14414438632692603,0.011493105982417533
3783,18.13,76.26,0.14477841487163584,0.011567052575998465
3784,18.13,76.27,0.14533167677155515,0.011649881608613084
3785,18.13,76.28,0.14588724516771912,0.011739560973659035
3786,18.13,76.29,0.14666079413417968,0.01183390765073611
3787,18.13,76.3,0.14763659410640073,0.01193108422326652
3788,18.13,76.31,0.1488183847523847,0.012029759152970856
3789,18.13,76.32,0.1500440224514104,0.012129051861839065
3790,18.13,76.33,0.1510730789061766,0.012228417045552435
3791,18.13,76.34,0.15180529571943896,0.01232754041265461
3792,18.13,76.35,0.1523274904706436,0.012426257476446599
3793,18.13,76.36,0.1528376100517543,0.012524482978977949
3794,18.13,76.37,0.15328501395904992,0.01262217465211473
3795,18.13,76.38,0.1535770088845873,0.012719296207670523
3796,18.13,76.39,0.1536731745579858,0.012815805289107592
3797,18.13,76.4,0.1536329532847657,0.012911653316412235
3798,18.13,76.41,0.153408747230658,0.013006777755529058
3799,18.13,76.42,0.15317738255279886,0.013101108523417797
3800,18.14,73.4,0.20678145559281133,0.011673985872715878
3801,18.14,73.41,0.2006152884359767,0.01157091215167432
3802,18.14,73.42,0.19504778519311092,0.011489731856226
3803,18.14,73.43,0.19110892109152758,0.011451534603368278
3804,18.14,73.44,0.18719397737749946,0.011413013552249612
3805,18.14,73.45,0.18378120101453138,0.011373468453146244
3806,18.14,73.46,0.1806864752106071,0.011333871553677172
3807,18.14,73.47,0.1779539511220878,0.011295652877136795
3808,18.14,73.48,0.17565544491632645,0.011259851135916042
3809,18.14,73.49,0.17384741441621762,0.011226439392254576
3810,18.14,73.5,0.1725157565797777,0.011195569733122274
3811,18.14,73.51,0.1716644552860854,0.01117013361207049
3812,18.14,73.52,0.17111910739756533,0.011152131466567043
3813,18.14,73.53,0.17057738837932535,0.011135401129663713
3814,18.14,73.54,0.16985898614094116,0.011113480913439418
3815,18.14,73.55,0.16897943007187244,0.011085042060359797
3816,18.14,73.56,0.1680672502138225,0.011070887013280737
3817,18.14,73.57,0.16700731163413668,0.011064033504529655
3818,18.14,73.58,0.1655535533547556,0.011048100551264154
3819,18.14,73.59,0.16364046986326705,0.011023077099540793
3820,18.14,73.6,0.16171333723163045,0.010990346201112902
3821,18.14,73.61,0.15994046472738563,0.01095172802173623
3822,18.14,73.62,0.1583605956833925,0.010909009040344543
3823,18.14,73.63,0.15697716566014422,0.010863289027842945
3824,18.14,73.64,0.15566665097628196,0.010814545986370931
3825,18.14,73.65,0.15426738391984784,0.010761872257624008
3826,18.14,73.66,0.15303186354391657,0.010704646525208316
3827,18.14,73.67,0.15142078754439992,0.010653236062312667
3828,18.14,73.68,0.14965708140308476,0.010636389076139707
3829,18.14,73.69,0.14907669244401964,0.01063583228694994
3830,18.14,73.7,0.14875418273634616,0.010630835014761046
3831,18.14,73.71,0.1491472277506751,0.010617823853802656
3832,18.14,73.72,0.15043647646469896,0.010594606542710959
3833,18.14,73.73,0.15250642701057732,0.010560138971865486
3834,18.14,73.74,0.1556161571500878,0.010524308077412694
3835,18.14,73.75,0.15874236558168842,0.010520359524767393
3836,18.14,73.76,0.162303482284197,0.010534890450853982
3837,18.14,73.77,0.16585640877098323,0.010555942882106413
3838,18.14,73.78,0.16857821098122117,0.010584935029089733
3839,18.14,73.79,0.17046381876376768,0.010622404791013595
3840,18.14,73.8,0.1718732758505511,0.01065803430907599
3841,18.14,73.81,0.17323329591040154,0.010680646645328104
3842,18.14,73.82,0.17548952153949635,0.010697101878349564
3843,18.14,73.83,0.1785785675957692,0.010707297368409094
3844,18.14,73.84,0.1819667085535314,0.01070835950316782
3845,18.14,73.85,0.18538714103903592,0.010708638769662111
3846,18.14,73.86,0.18863063546160713,0.010705142444462683
3847,18.14,73.96,0.19688373545443444,0.010631780207619283
3848,18.14,73.97,0.19597864751223745,0.010575985396509604
3849,18.14,73.98,0.1951905234330905,0.010517272307271385
3850,18.14,73.99,0.19455298268230423,0.010463494347129886
3851,18.14,74.0,0.19364766682642237,0.010421573210056828
3852,18.14,74.01,0.19222222862425262,0.010396678381037743
3853,18.14,74.02,0.1905757579793564,0.010398151402176392
3854,18.14,74.03,0.19013624667627063,0.01042705955313246
3855,18.14,74.04,0.19168413630370887,0.01046705077707941
3856,18.14,74.05,0.19520361531082658,0.010537377627616775
3857,18.14,74.06,0.1999144756695442,0.010612961993276313
3858,18.14,74.07,0.20541678681134376,0.010678192750534206
3859,18.14,74.08,0.21138741964394517,0.01073297368813455
3860,18.14,74.09,0.21754816536417607,0.010780453641703434
3861,18.14,74.1,0.22367185245618038,0.01082176580316676
3862,18.14,74.11,0.22948434004722001,0.010854914785276629
3863,18.14,74.12,0.23473371091352346,0.010878416395781632
3864,18.14,74.13,0.23921969697644777,0.010891915402694838
3865,18.14,74.14,0.24271059623936786,0.010895895408460898
3866,18.14,74.15,0.24488770772193663,0.010891795228010155
3867,18.14,74.16,0.24540977770108574,0.010882275416342409
3868,18.14,74.17,0.24404773063789284,0.010871127944199671
3869,18.14,74.18,0.2406772746905513,0.010862480424022734
3870,18.14,74.19,0.2355175674224537,0.01086031258533542
3871,18.14,74.2,0.22913149416148254,0.010868004456608085
3872,18.14,74.21,0.22198126952750832,0.01088493496371121
3873,18.14,74.22,0.2143670645145993,0.010906678449361896
3874,18.14,74.23,0.20650275079467598,0.010928738277386262
3875,18.14,74.24,0.19860560603593685,0.010947837975893597
3876,18.14,74.25,0.1908216003569082,0.010962014196657328
3877,18.14,74.26,0.18334147455156768,0.010970457740338887
3878,18.14,74.27,0.17630642914102498,0.010973168818641769
3879,18.14,74.28,0.1698226523995266,0.010970323813730075
3880,18.14,74.29,0.16392921264382126,0.010961510629283097
3881,18.14,74.3,0.15862644125545364,0.010945408678709096
3882,18.14,74.31,0.1540080780735,0.01092024631765869
3883,18.14,74.32,0.15001148487343244,0.010884569207914382
3884,18.14,74.33,0.14661221801492774,0.010837842765626606
3885,18.14,74.34,0.1437061567983762,0.010780937735088515
3886,18.14,74.35,0.14124994117249598,0.01071673247882925
3887,18.14,74.36,0.13915971599148957,0.010650394328720296
3888,18.14,74.37,0.13740398664824918,0.010588316419264379
3889,18.14,74.38,0.13589641487365445,0.010536724032086917
3890,18.14,74.39,0.13462397437206675,0.010493465934505977
3891,18.14,74.4,0.13381370979052154,0.01044835426722068
3892,18.14,74.41,0.13378407881438495,0.010396346015573727
3893,18.14,74.42,0.13455170065592198,0.010342779210703245
3894,18.14,74.43,0.13520873140868234,0.010328940912805494
3895,18.14,74.44,0.13588932758645977,0.010363519462587019
3896,18.14,74.45,0.13723901567605323,0.010402667492295016
3897,18.14,74.46,0.13913772660507787,0.010438115187355934
3898,18.14,74.47,0.1412049047524236,0.010471155001731808
3899,18.14,74.48,0.1428542725371154,0.010510880623459944
3900,18.14,74.49,0.14388723919088897,0.010558262758814293
3901,18.14,74.5,0.14448297189696105,0.010605143860336038
3902,18.14,74.51,0.14476709435114352,0.010651051819460087
3903,18.14,74.63,0.15222478643455153,0.01065911278567811
3904,18.14,74.64,0.15356111747962267,0.01062399541510326
3905,18.14,74.65,0.15546755692741382,0.010602459166026435
3906,18.14,74.66,0.15749243364095966,0.010604965328846448
3907,18.14,74.67,0.15993268957144235,0.010607629215127421
3908,18.14,74.68,0.1628585799025051,0.010608971344569574
3909,18.14,74.69,0.16621857758515138,0.010625949763123324
3910,18.14,74.7,0.16980453303064466,0.010636338324383739
3911,18.14,74.71,0.17363028856075155,0.010644779879917042
3912,18.14,74.72,0.17768840156281834,0.010650899167939163
3913,18.14,74.73,0.182505098151442,0.010664105501316216
3914,18.14,74.74,0.18732067484025017,0.010670413176448644
3915,18.14,74.75,0.19187684550852213,0.010666378640943292
3916,18.14,74.76,0.19621192039299953,0.010654825369064525
3917,18.14,74.77,0.20029491095167376,0.010638912175173145
3918,18.14,74.78,0.20400121943179866,0.010620745207631118
3919,18.14,74.79,0.2072218851132308,0.010601311608456924
3920,18.14,74.8,0.21014187569805276,0.010582100064449864
3921,18.14,74.81,0.21376888194117097,0.010569266011234027
3922,18.14,74.82,0.21806043654065838,0.010551746378812735
3923,18.14,74.83,0.2244729806276795,0.010530852028263137
3924,18.14,74.84,0.2353175718370965,0.010517590636631569
3925,18.14,74.85,0.2482693807541967,0.010494641534357753
3926,18.14,74.86,0.2632811990662236,0.010466677939520365
3927,18.14,74.87,0.27927262539196424,0.010432179470527233
3928,18.14,74.88,0.28981529008225515,0.01042087466411915
3929,18.14,74.89,0.2973752157451635,0.01043526210349367
3930,18.14,74.9,0.3031899208999869,0.01045271156024284
3931,18.14,74.91,0.3070969505426319,0.01046951035527717
3932,18.14,74.92,0.30966405337868325,0.010499487295289793
3933,18.14,74.93,0.31091288072385637,0.010522381358262592
3934,18.14,74.94,0.31062472486046944,0.010534859262765052
3935,18.14,74.95,0.30878957585845607,0.010536265914339364
3936,18.14,74.96,0.30536200371545713,0.010525891768172195
3937,18.14,74.97,0.30160282480408024,0.010509145018068248
3938,18.14,74.98,0.2983229566201107,0.010488123866196708
3939,18.14,74.99,0.2936912706197803,0.010467947702349134
3940,18.14,75.0,0.28852276494111395,0.010453907932777468
3941,18.14,75.01,0.28477290869906335,0.010439087376979763
3942,18.14,75.02,0.28195788456772075,0.010417611953123827
3943,18.14,75.03,0.5087599999999648,1.2707369052030607e-16
3944,18.14,75.04,0.26183977209868925,0.010392326156597013
3945,18.14,75.05,0.2498384465116514,0.01040110442134473
3946,18.14,75.06,0.2392378698617782,0.010425877246216676
3947,18.14,75.07,0.23114354776751084,0.010462998062688845
3948,18.14,75.08,0.22707205094228608,0.010508750848751039
3949,18.14,75.09,0.2272899815628992,0.010554617651549329
3950,18.14,75.1,0.23107355393280624,0.010591411450335394
3951,18.14,75.11,0.23776340464865506,0.010614324174961984
3952,18.14,75.12,0.2468358212328274,0.010622998787434659
3953,18.14,75.13,0.25784731123181254,0.010619160226354604
3954,18.14,75.14,0.27014477044995194,0.010605244155545722
3955,18.14,75.15,0.2828838725699753,0.010585073585784479
3956,18.14,75.16,0.2951941598654237,0.010564667886721765
3957,18.14,75.17,0.30647416776922926,0.010551359774744497
3958,18.14,75.18,0.3163622324763341,0.010552378948759666
3959,18.14,75.19,0.32455512764407973,0.010573098125050492
3960,18.14,75.2,0.33077238013803706,0.010613476293038134
3961,18.14,75.21,0.3349595582010252,0.010666515388591289
3962,18.14,75.22,0.33737298000309435,0.010725417175118868
3963,18.14,75.23,0.3386502830805941,0.010789718839909217
3964,18.14,75.24,0.33919938972705127,0.01085604318671622
3965,18.14,75.25,0.33909862207859265,0.010917605712526781
3966,18.14,75.26,0.3385471930276155,0.010971087405136177
3967,18.14,75.27,0.33746831671792493,0.0110152365472582
3968,18.14,75.28,0.3357118557762837,0.011049779240225634
3969,18.14,75.29,0.3333408903551188,0.011075119365445215
3970,18.14,75.3,0.3302992161855607,0.01109218900282849
3971,18.14,75.31,0.3266160924543823,0.011102325639098768
3972,18.14,75.32,0.322521955283859,0.011107143994477795
3973,18.14,75.33,0.318235536345389,0.011108293312141481
3974,18.14,75.34,0.31399249728420003,0.01110700866929013
3975,18.14,75.35,0.3099448135294572,0.011103785649144772
3976,18.14,75.36,0.306144034829271,0.011098754752747257
3977,18.14,75.37,0.30271035453694284,0.01109252033063248
3978,18.14,75.38,0.2998524893722659,0.011086689039529002
3979,18.14,75.39,0.2977055430242472,0.01108340216110358
3980,18.14,75.4,0.2963786874453735,0.011083881391995372
3981,18.14,75.41,0.29590901124659236,0.011087913214403602
3982,18.14,75.42,0.2960363625313,0.011094712036533646
3983,18.14,75.43,0.29641399027920773,0.011103380282187216
3984,18.14,75.44,0.29662931532624587,0.011112756689959412
3985,18.14,75.45,0.2967324013033449,0.011121356676662012
3986,18.14,75.46,0.2968558388929783,0.011127576383998831
3987,18.14,75.47,0.29711494024965085,0.011130024044283326
3988,18.14,75.48,0.2976795767964028,0.011127818748630898
3989,18.14,75.49,0.2984603116245353,0.011120756992916805
3990,18.14,75.5,0.29950518782795,0.011109283840835529
3991,18.14,75.51,0.3008839941228945,0.011094218744001976
3992,18.14,75.52,0.3026396236860127,0.011076316000383172
3993,18.14,75.53,0.30470248018252516,0.011056066542652985
3994,18.14,75.54,0.3066983769539854,0.01103399561963615
3995,18.14,75.55,0.30827091647210986,0.011011271199886463
3996,18.14,75.56,0.3090171094720912,0.010990631713596308
3997,18.14,75.57,0.3082958366703088,0.010976667499367888
3998,18.14,75.58,0.30580514300838535,0.01097090836035741
3999,18.14,75.59,0.3021982944899339,0.01096979304842888
4000,18.14,75.6,0.29810584947661833,0.010971360057603468
4001,18.14,75.61,0.2938547510196033,0.010977886592069322
4002,18.14,75.62,0.28968538165933927,0.010992699036127412
4003,18.14,75.63,0.28542365611477905,0.01101300962405261
4004,18.14,75.64,0.2807819242671118,0.011034612672486172
4005,18.14,75.65,0.27552227894950576,0.011055735945211672
4006,18.14,75.66,0.2697776074145881,0.011075762530528454
4007,18.14,75.67,0.26367995592764504,0.01109435224714527
4008,18.14,75.68,0.2573643042584545,0.011111218657617591
4009,18.14,75.69,0.25103036589189204,0.011126075644062854
4010,18.14,75.7,0.24484817986993723,0.01113857529027813
4011,18.14,75.71,0.23891463182665185,0.01114829761153855
4012,18.14,75.72,0.23333986265843776,0.011155176987177719
4013,18.14,75.73,0.22814458009987337,0.01116055676640349
4014,18.14,75.74,0.2233061836784445,0.011168203330569967
4015,18.14,75.75,0.21899846558510666,0.011182876651984641
4016,18.14,75.76,0.21537177550804762,0.011205227886128996
4017,18.14,75.77,0.21220666641398425,0.011230955018856556
4018,18.14,75.78,0.20942553103580067,0.011255256420934612
4019,18.14,75.79,0.20709748856002286,0.01127410254557276
4020,18.14,75.8,0.205146018421605,0.011284297195336206
4021,18.14,75.81,0.20351227495628105,0.011283813532403354
4022,18.14,75.82,0.20215632882897072,0.011271918183235537
4023,18.14,75.83,0.200863055865335,0.01124906502191486
4024,18.14,75.84,0.19948044867496856,0.011217048379186
4025,18.14,75.85,0.1978156250323806,0.011179623086445458
4026,18.14,75.86,0.19580160729264784,0.011143673020509738
4027,18.14,75.87,0.193552474793211,0.01112053155472304
4028,18.14,75.88,0.19136068173751472,0.011119734112648291
4029,18.14,75.89,0.18911120410871488,0.011132783754155986
4030,18.14,75.9,0.18668522323079392,0.011149536548894006
4031,18.14,75.91,0.18428773345995086,0.01116578960297065
4032,18.14,75.92,0.18186191490060222,0.011179266175514797
4033,18.14,75.93,0.17928166634326498,0.011187754232168622
4034,18.14,75.94,0.17683332004203237,0.011188985201881397
4035,18.14,75.95,0.1742617702005243,0.011181231639456002
4036,18.14,75.96,0.1715425108609684,0.011163985024165381
4037,18.14,75.97,0.16884950694807999,0.011139015102926196
4038,18.14,75.98,0.16637366363612166,0.011112179785279695
4039,18.14,75.99,0.16413544633401253,0.011091230998660063
4040,18.14,76.0,0.16225083288833164,0.011085864402763174
4041,18.14,76.01,0.16136575385637955,0.011115597577126522
4042,18.14,76.02,0.1605450714311344,0.011158145689524708
4043,18.14,76.03,0.15959105107481414,0.01120136645093927
4044,18.14,76.04,0.15866658153235816,0.0112401963764817
4045,18.14,76.05,0.1577406876177123,0.011272733033765334
4046,18.14,76.06,0.15680566645117763,0.011298066634410665
4047,18.14,76.07,0.15592962229353827,0.011315749030571585
4048,18.14,76.08,0.15504835589878985,0.011325728301065928
4049,18.14,76.09,0.15401508371360645,0.011328236417655024
4050,18.14,76.1,0.1531458840287634,0.011323581565588683
4051,18.14,76.11,0.15248942428704393,0.011311956494882756
4052,18.14,76.12,0.1520389633580603,0.011293306509249904
4053,18.14,76.13,0.15160075461135655,0.01126729340510243
4054,18.14,76.14,0.15099343302901094,0.011233413443045133
4055,18.14,76.15,0.15028355511725736,0.011191240639799503
4056,18.14,76.16,0.1495864916876169,0.011141053946821518
4057,18.14,76.17,0.1478001618007795,0.011132329911707555
4058,18.14,76.18,0.14608114481482254,0.011163599232427334
4059,18.14,76.19,0.14470228826762324,0.01119013959140347
4060,18.14,76.2,0.1437107812223255,0.011214061303051822
4061,18.14,76.21,0.14312579264536937,0.011239274038180484
4062,18.14,76.22,0.14268254320496024,0.01127024645615457
4063,18.14,76.23,0.14246508847693695,0.011310546884873181
4064,18.14,76.24,0.14274780423601052,0.011361879900357103
4065,18.14,76.25,0.14332009484883687,0.011425225774051573
4066,18.14,76.26,0.1439850087814245,0.01150113927784588
4067,18.14,76.27,0.14456602978800823,0.01158813939028963
4068,18.14,76.28,0.14512493092699574,0.011682926672712292
4069,18.14,76.29,0.1458810366599978,0.01178224590402488
4070,18.14,76.3,0.1468488394937383,0.01188376119402805
4071,18.14,76.31,0.1480202251507608,0.011985997824444612
4072,18.14,76.32,0.14927893255200336,0.01208808026643143
4073,18.14,76.33,0.15036190932954466,0.01218952437279619
4074,18.14,76.34,0.1511445647273724,0.012290087651848452
4075,18.14,76.35,0.15170158760944774,0.012389683971056817
4076,18.14,76.36,0.15221999442276027,0.01248830324266511
4077,18.14,76.37,0.15268673497414825,0.012585970747586186
4078,18.14,76.38,0.15302013500971548,0.012682713505002325
4079,18.14,76.39,0.15313947654813811,0.012778544838878214
4080,18.14,76.4,0.15310163506262764,0.012873465209106602
4081,18.14,76.41,0.1529026309587262,0.012967454093538142
4082,18.14,76.42,0.1526784979258491,0.013060479044001644
4083,18.15,73.4,0.19754192486760436,0.011660751831559445
4084,18.15,73.41,0.19158915670337368,0.011561516114628833
4085,18.15,73.42,0.18622391467386123,0.011482738933101781
4086,18.15,73.43,0.1819009309793643,0.01143095292408362
4087,18.15,73.44,0.17803538547872216,0.011384977718271851
4088,18.15,73.45,0.17472646882106108,0.01133905485828459
4089,18.15,73.46,0.17163250755860643,0.011293653871582812
4090,18.15,73.47,0.16894962228946767,0.011251666341170545
4091,18.15,73.48,0.16690977669168885,0.011216177521217882
4092,18.15,73.49,0.16561756865196245,0.011186954971164845
4093,18.15,73.5,0.16488487285004233,0.011161948828698327
4094,18.15,73.51,0.16455551316195968,0.011140238255591808
4095,18.15,73.52,0.16442055867941632,0.011120628572741612
4096,18.15,73.53,0.16425190539228973,0.011099898600543556
4097,18.15,73.54,0.1638949831035651,0.011074560040095768
4098,18.15,73.55,0.16340101459472248,0.011044713656521451
4099,18.15,73.56,0.1629138744142488,0.01102609107003425
4100,18.15,73.57,0.16232519073908644,0.011013357270708107
4101,18.15,73.58,0.16139039095819963,0.010992411133945041
4102,18.15,73.59,0.15999611355252505,0.010962395990993265
4103,18.15,73.6,0.15858582008166072,0.010924774045179672
4104,18.15,73.61,0.1572710043509968,0.010882022695000403
4105,18.15,73.62,0.15611714149511963,0.010836989108313794
4106,18.15,73.63,0.15503984739794074,0.010791614972440702
4107,18.15,73.64,0.1540360226326254,0.010745741248201435
4108,18.15,73.65,0.15305001941625004,0.010697419333298014
4109,18.15,73.66,0.15213360591941213,0.010645614556745371
4110,18.15,73.67,0.15082529159976682,0.010597497897113022
4111,18.15,73.68,0.14950501194757032,0.010578369022553883
4112,18.15,73.69,0.14903477545799226,0.010585309665678392
4113,18.15,73.7,0.14897591340539015,0.010590308017460257
4114,18.15,73.71,0.149523757061563,0.010583619777388255
4115,18.15,73.72,0.15065443511466575,0.01056168213674741
4116,18.15,73.73,0.15222734754882936,0.010522766480981
4117,18.15,73.74,0.1538374725520491,0.010469271989619241
4118,18.15,73.75,0.1570069294397245,0.010454038887345175
4119,18.15,73.76,0.16095584648152422,0.010462892532996771
4120,18.15,73.77,0.16520710852877254,0.010485412084729195
4121,18.15,73.78,0.16778099853256415,0.010528465960443519
4122,18.15,73.79,0.16910562781376104,0.010575850156741349
4123,18.15,73.8,0.17010901023833058,0.010607559254757436
4124,18.15,73.81,0.1710428119664469,0.010619776672162322
4125,18.15,73.82,0.17323973331218773,0.01062772760604872
4126,18.15,73.83,0.1765356871030954,0.0106316308796301
4127,18.15,73.84,0.1800934647071634,0.010624233855683226
4128,18.15,73.85,0.18378755887666293,0.010622753154648496
4129,18.15,73.86,0.18737327573202983,0.010610605195682823
4130,18.15,73.87,0.19070769821378858,0.010596596143620962
4131,18.15,73.94,0.19702045527051104,0.010624378457275083
4132,18.15,73.95,0.19687011300477394,0.010580310533410497
4133,18.15,73.96,0.19585706202517594,0.010528502525929958
4134,18.15,73.97,0.19452926066699638,0.010467330048800417
4135,18.15,73.98,0.19351759992214485,0.010397938423535098
4136,18.15,73.99,0.19297208251622014,0.010335377336371231
4137,18.15,74.0,0.1918074790296478,0.010291622215202497
4138,18.15,74.01,0.18936914076173483,0.010261201068224209
4139,18.15,74.02,0.1868146305916756,0.010282826703485928
4140,18.15,74.03,0.1856662635226388,0.01034636092061433
4141,18.15,74.04,0.1871583828595708,0.010404183582214005
4142,18.15,74.05,0.19147287716081526,0.01048824319781394
4143,18.15,74.06,0.19728289963999995,0.010575084705506374
4144,18.15,74.07,0.20387895711283444,0.010648642232864783
4145,18.15,74.08,0.21074464726230555,0.010707508408237464
4146,18.15,74.09,0.21762580641539966,0.010760211251355145
4147,18.15,74.1,0.22428623333943204,0.01080846673588082
4148,18.15,74.11,0.23039978059291824,0.010844847361328371
4149,18.15,74.12,0.2357621411679728,0.010868627583388798
4150,18.15,74.13,0.24021115522211833,0.010880665857659956
4151,18.15,74.14,0.2435135174631362,0.010882064148211025
4152,18.15,74.15,0.2453582402179985,0.010874310894430746
4153,18.15,74.16,0.24543182354035836,0.010859645049909772
4154,18.15,74.17,0.243514049485229,0.010841002886808669
4155,18.15,74.18,0.23948000377076148,0.01082169099784796
4156,18.15,74.19,0.23356239156271372,0.010806751587249235
4157,18.15,74.2,0.22655840994182375,0.010807320769868529
4158,18.15,74.21,0.21899305901354835,0.010823302486290012
4159,18.15,74.22,0.2109436699479104,0.010845127058550483
4160,18.15,74.23,0.20260913950536386,0.010866728787594574
4161,18.15,74.24,0.19420779126546386,0.010884304302752916
4162,18.15,74.25,0.18597195912568515,0.010895918723578398
4163,18.15,74.26,0.178124997484628,0.01090124651421831
4164,18.15,74.27,0.17082928337058748,0.010901273741182849
4165,18.15,74.28,0.1642157057426601,0.01089740326322664
4166,18.15,74.29,0.1583327423462302,0.010889734960550157
4167,18.15,74.3,0.15323292505199948,0.010876166831747053
4168,18.15,74.31,0.14900920123397599,0.010853695146418143
4169,18.15,74.32,0.14552550882792842,0.010820010380025098
4170,18.15,74.33,0.14271700340454826,0.010774053797370205
4171,18.15,74.34,0.1404768812511311,0.010716214536705706
4172,18.15,74.35,0.13879686811995295,0.010648798685588335
4173,18.15,74.36,0.13749628488561694,0.010576593748549891
4174,18.15,74.37,0.13647839270769213,0.010506521668861036
4175,18.15,74.38,0.1355021421180133,0.01045024371022105
4176,18.15,74.39,0.13445261617698956,0.010408889794736711
4177,18.15,74.4,0.13370588957121488,0.010365951607088584
4178,18.15,74.41,0.1340458127666978,0.01031306893447031
4179,18.15,74.42,0.13560251527457487,0.010254208290809115
4180,18.15,74.43,0.13612759853963113,0.010248503324016663
4181,18.15,74.44,0.13715961658448936,0.010292431423181064
4182,18.15,74.45,0.1389043967478003,0.010341888222664963
4183,18.15,74.46,0.14131679971226865,0.01038199597218408
4184,18.15,74.47,0.1437482067152447,0.010421253434112498
4185,18.15,74.48,0.1455912585709104,0.010459632263448579
4186,18.15,74.49,0.1466420573924755,0.010498946171678786
4187,18.15,74.5,0.14695653642838166,0.01054031789385245
4188,18.15,74.51,0.1466694302907099,0.010585003469751919
4189,18.15,74.52,0.14599831794641233,0.010630152780144182
4190,18.15,74.64,0.1493614648235422,0.010592129534470652
4191,18.15,74.65,0.15092168115402543,0.010576013008446813
4192,18.15,74.66,0.15262840761098911,0.010566841948812144
4193,18.15,74.67,0.15467040214614733,0.01056348561596669
4194,18.15,74.68,0.15724300944864922,0.010567197193150095
4195,18.15,74.69,0.1600964315156445,0.010574291932318826
4196,18.15,74.7,0.1629219008401251,0.010575293610362463
4197,18.15,74.71,0.16622135386153045,0.010586634375364971
4198,18.15,74.72,0.16981581847700983,0.010599130124042363
4199,18.15,74.73,0.17390991983506446,0.010612566951166568
4200,18.15,74.74,0.1779232896956345,0.010618251056999262
4201,18.15,74.75,0.1815801393938237,0.010612918179621046
4202,18.15,74.76,0.18493406942761323,0.010600499943959351
4203,18.15,74.77,0.18794705431907816,0.010585300176501198
4204,18.15,74.78,0.19058339256178564,0.010568713850500658
4205,18.15,74.79,0.19298021347124458,0.010552056426953933
4206,18.15,74.8,0.19543283903283815,0.010536511274305414
4207,18.15,74.81,0.19912799435577258,0.010529962851659738
4208,18.15,74.82,0.20353897189513545,0.010518428716917683
4209,18.15,74.83,0.21056507749683134,0.010503662704884243
4210,18.15,74.84,0.22120062287678904,0.010493174841705496
4211,18.15,74.85,0.2342137658029037,0.010475647415506849
4212,18.15,74.86,0.24990648514175898,0.010458853458376523
4213,18.15,74.87,0.26635382460335827,0.010438048494429706
4214,18.15,74.88,0.2808096610314513,0.010418583918119192
4215,18.15,74.89,0.29129853166769654,0.010421960302928059
4216,18.15,74.9,0.2998292708669693,0.010440766936138187
4217,18.15,74.91,0.3060848932499506,0.01045607742001953
4218,18.15,74.92,0.3099429134735339,0.010471860635936633
4219,18.15,74.93,0.31173676218673163,0.010483134223305357
4220,18.15,74.94,0.3119034291952809,0.01048836860237924
4221,18.15,74.95,0.3106022101860994,0.010488392994245121
4222,18.15,74.96,0.30754265198431496,0.010483495775275095
4223,18.15,74.97,0.3028597643621065,0.01047391610071666
4224,18.15,74.98,0.29721997103380243,0.0104598550345187
4225,18.15,74.99,0.2909939308269188,0.010441006198197279
4226,18.15,75.0,0.28528667699118215,0.010424274649269396
4227,18.15,75.01,0.2814842296712219,0.010414498796005252
4228,18.15,75.02,0.2789261768380624,0.010403953287887104
4229,18.15,75.03,0.27178654405301844,0.010390173860242755
4230,18.15,75.04,0.26229043131332824,0.010376911199926767
4231,18.15,75.05,0.2528595318021123,0.010397394059299183
4232,18.15,75.06,0.242749068894242,0.010448043556322818
4233,18.15,75.07,0.23477853039928331,0.010498267238772434
4234,18.15,75.08,0.23027900960877506,0.010541268854352874
4235,18.15,75.09,0.22950555992865615,0.010574207367131463
4236,18.15,75.1,0.2322334138429801,0.010594020419207846
4237,18.15,75.11,0.238179050358347,0.010599444053218748
4238,18.15,75.12,0.24712163277249907,0.01059168598859493
4239,18.15,75.13,0.25857818538208804,0.010572591248370396
4240,18.15,75.14,0.2716849672706264,0.01054340507286112
4241,18.15,75.15,0.28531535052355045,0.010507564671385266
4242,18.15,75.16,0.2984641581861155,0.010473552870440366
4243,18.15,75.17,0.3104225011973356,0.01044988101601092
4244,18.15,75.18,0.32089415090610107,0.010441591390631113
4245,18.15,75.19,0.32976615001030396,0.010461475479186116
4246,18.15,75.2,0.3362019709478149,0.010516048406379878
4247,18.15,75.21,0.3401755458417737,0.010588528614919428
4248,18.15,75.22,0.34212616403909707,0.010663734609544647
4249,18.15,75.23,0.34255462085822375,0.010737273510711246
4250,18.15,75.24,0.3419819438486771,0.010807405209381657
4251,18.15,75.25,0.34085100262214846,0.010871569723789175
4252,18.15,75.26,0.33947710127880765,0.010927476869854704
4253,18.15,75.27,0.3379455734434293,0.010973827891826386
4254,18.15,75.28,0.3359752775336554,0.011010310036336339
4255,18.15,75.29,0.3336503539075714,0.011037471721685945
4256,18.15,75.3,0.3308035786663996,0.011056490581030318
4257,18.15,75.31,0.3274388997494865,0.011068807257523912
4258,18.15,75.32,0.32367615910895403,0.011075792084547734
4259,18.15,75.33,0.3196242257606386,0.011078585780911174
4260,18.15,75.34,0.31531686029481915,0.011078038972724212
4261,18.15,75.35,0.3108824266737954,0.01107466051594341
4262,18.15,75.36,0.3064616371064916,0.011068786882588612
4263,18.15,75.37,0.3022356333249961,0.011061249109288468
4264,18.15,75.38,0.29855421654818554,0.011054559666360696
4265,18.15,75.39,0.2957057142566698,0.011052942654071557
4266,18.15,75.4,0.29380593802988336,0.011057900077492062
4267,18.15,75.41,0.2927396491866362,0.011067066304896605
4268,18.15,75.42,0.29234584574553996,0.011078547353754159
4269,18.15,75.43,0.2922813214542368,0.011091476195458002
4270,18.15,75.44,0.2921639859181053,0.01110498778970981
4271,18.15,75.45,0.29182530335033074,0.011117838543357782
4272,18.15,75.46,0.2915613094952705,0.011128574305465804
4273,18.15,75.47,0.29147021599358575,0.011135874344246868
4274,18.15,75.48,0.29166641614614475,0.011138839803341252
4275,18.15,75.49,0.29219968352396364,0.011137127858131835
4276,18.15,75.5,0.29303341469199795,0.011130908358073531
4277,18.15,75.51,0.2941793036376772,0.011120704313548104
4278,18.15,75.52,0.2956136450206839,0.01110716795810588
4279,18.15,75.53,0.2972690231183353,0.011090975805145864
4280,18.15,75.54,0.2988841283691519,0.011072950263716012
4281,18.15,75.55,0.30010804556502374,0.011054338040132521
4282,18.15,75.56,0.3005416784014997,0.011037011290187485
4283,18.15,75.57,0.2999794478904195,0.011022961571605719
4284,18.15,75.58,0.2982968215930286,0.011012855667097294
4285,18.15,75.59,0.29557854327806415,0.01100581704037236
4286,18.15,75.6,0.2923163693041767,0.011001266154232504
4287,18.15,75.61,0.28884573168991007,0.01099999460362509
4288,18.15,75.62,0.28522864649624513,0.011003003858476834
4289,18.15,75.63,0.28136976827599436,0.011009863551787865
4290,18.15,75.64,0.2770845890220004,0.01101935496256683
4291,18.15,75.65,0.2721344429529732,0.011030585178901474
4292,18.15,75.66,0.26653554925903705,0.011042944534237617
4293,18.15,75.67,0.260452494308762,0.011055867653650178
4294,18.15,75.68,0.25406222273303297,0.011068903498041023
4295,18.15,75.69,0.247666475631653,0.0110818215927022
4296,18.15,75.7,0.2415154201620099,0.01109439664577464
4297,18.15,75.71,0.2357058452033337,0.011105840396747637
4298,18.15,75.72,0.23022622971990023,0.01111474274998047
4299,18.15,75.73,0.22509445220531737,0.011120221323587538
4300,18.15,75.74,0.2202067403369214,0.011124192542570367
4301,18.15,75.75,0.21575801019458105,0.01113550301685427
4302,18.15,75.76,0.21199462886912446,0.01115889060831365
4303,18.15,75.77,0.20869900782743878,0.011186474901082724
4304,18.15,75.78,0.2058239259821733,0.011213991082715676
4305,18.15,75.79,0.20340169766443825,0.011236690687380216
4306,18.15,75.8,0.20128915733802716,0.011250151289892076
4307,18.15,75.81,0.19939860197855414,0.01125205801790387
4308,18.15,75.82,0.19771703128382986,0.011241840043851285
4309,18.15,75.83,0.19601961636911452,0.011220189105655058
4310,18.15,75.84,0.1941458447896566,0.011189103797241409
4311,18.15,75.85,0.19200399134388174,0.011152648809709727
4312,18.15,75.86,0.1896620322448341,0.011118986463767216
4313,18.15,75.87,0.18747015240269785,0.01110016256755854
4314,18.15,75.88,0.18554925563787256,0.011098484854884393
4315,18.15,75.89,0.1837425513602338,0.01110617199713815
4316,18.15,75.9,0.18182780306704954,0.01111723461569921
4317,18.15,75.91,0.17988825090434205,0.011129036234235496
4318,18.15,75.92,0.1779638922148818,0.01113997961562067
4319,18.15,75.93,0.17583260649816346,0.01114753560148684
4320,18.15,75.94,0.173785473971295,0.01114866279424461
4321,18.15,75.95,0.1716622749651171,0.011141153849893915
4322,18.15,75.96,0.16943978518440134,0.011124283114268803
4323,18.15,75.97,0.16725466989515497,0.011099096041839174
4324,18.15,75.98,0.1652540477100426,0.011068493510851556
4325,18.15,75.99,0.16334243180359295,0.01103696543095721
4326,18.15,76.0,0.1615851411608055,0.01101724596860473
4327,18.15,76.01,0.16064082132397942,0.011038641868484075
4328,18.15,76.02,0.1597156527584432,0.011085627032609452
4329,18.15,76.03,0.15869990438726028,0.011130669410400052
4330,18.15,76.04,0.15772544553543857,0.011170116581627832
4331,18.15,76.05,0.15681067620915,0.0112032241542698
4332,18.15,76.06,0.15587595140318905,0.011229069595495902
4333,18.15,76.07,0.1549923474626876,0.011247100502576502
4334,18.15,76.08,0.15415934346685192,0.011257447853282542
4335,18.15,76.09,0.15316663699189237,0.011260706274330233
4336,18.15,76.1,0.15230247614880515,0.011257561667099484
4337,18.15,76.11,0.1516147177405184,0.011248497998217293
4338,18.15,76.12,0.15111346659079333,0.011233606921475358
4339,18.15,76.13,0.15065846603009994,0.011212553244501652
4340,18.15,76.14,0.14999517655460023,0.011184985821389637
4341,18.15,76.15,0.14911536919252794,0.011151819860580654
4342,18.15,76.16,0.14799606501907608,0.011119681291879707
4343,18.15,76.17,0.14648694157474518,0.011110044389679137
4344,18.15,76.18,0.14491838032652601,0.011125847558556676
4345,18.15,76.19,0.14357871158691937,0.011144739321138734
4346,18.15,76.2,0.14262305533193004,0.011161907072716323
4347,18.15,76.21,0.14206836533724737,0.011179858167353177
4348,18.15,76.22,0.14167982573698568,0.011204585333093778
4349,18.15,76.23,0.141573777678771,0.011241532705398306
4350,18.15,76.24,0.1419075946526788,0.011290790565560692
4351,18.15,76.25,0.1425231852605192,0.011353266440995661
4352,18.15,76.26,0.14326309113787913,0.011432520179967633
4353,18.15,76.27,0.1439188453468402,0.011526346665610263
4354,18.15,76.28,0.14450864520966705,0.011628180956594236
4355,18.15,76.29,0.14524070816402818,0.011733384039366126
4356,18.15,76.3,0.14617392403725263,0.011839465513956558
4357,18.15,76.31,0.14730252560870669,0.011945116302429903
4358,18.15,76.32,0.14856848313795926,0.012049656638787593
4359,18.15,76.33,0.14970183539141788,0.012152774242720078
4360,18.15,76.34,0.15053169963062615,0.012254365374366317
4361,18.15,76.35,0.15113609980237136,0.012354457508185576
4362,18.15,76.36,0.15168491355889266,0.012453137870780442
4363,18.15,76.37,0.152185765323069,0.01255051060028196
4364,18.15,76.38,0.15255443453302744,0.012646666484182174
4365,18.15,76.39,0.15271481682681926,0.012741670082741297
4366,18.15,76.4,0.15269004706179415,0.012835566153023246
4367,18.15,76.41,0.15249977048734706,0.012928366398369398
4368,18.15,76.42,0.15229078936223736,0.01302006424408513
4369,18.15,76.43,0.15222143330833496,0.013110654158700984
4370,18.16,73.4,0.18934586652495464,0.011654885904783264
4371,18.16,73.41,0.18383735003187393,0.011562451511795684
4372,18.16,73.42,0.1787734461053023,0.01148386636321816
4373,18.16,73.43,0.17423679885797486,0.011419513476771587
4374,18.16,73.44,0.17027905532289977,0.011362433146473559
4375,18.16,73.45,0.1668537248478394,0.011307244127228003
4376,18.16,73.46,0.16354619973236809,0.011252780172576374
4377,18.16,73.47,0.16077640648440059,0.01120322188917797
4378,18.16,73.48,0.1590593771389332,0.011167796163415969
4379,18.16,73.49,0.1583203755276305,0.011143808289004143
4380,18.16,73.5,0.15811178125009853,0.011123963364237674
4381,18.16,73.51,0.15827408628907827,0.011105739617017291
4382,18.16,73.52,0.15858281871118424,0.01108737533495539
4383,18.16,73.53,0.15884185392152142,0.01106683167530242
4384,18.16,73.54,0.15894495072206882,0.011042879332782389
4385,18.16,73.55,0.1589881402614933,0.01101699807722005
4386,18.16,73.56,0.15897232812480133,0.010992882654879113
4387,18.16,73.57,0.1588355604441977,0.010968720714515233
4388,18.16,73.58,0.1583623423639004,0.01093898221631469
4389,18.16,73.59,0.15741941294213418,0.010901282668546564
4390,18.16,73.6,0.15638614637674325,0.010856218206569538
4391,18.16,73.61,0.15533507993117093,0.010806721213322379
4392,18.16,73.62,0.1543354980322376,0.010757553887627471
4393,18.16,73.63,0.15351016734669165,0.010712891196024895
4394,18.16,73.64,0.1529292339073603,0.010672878363027301
4395,18.16,73.65,0.15239241699462827,0.010633764771768058
4396,18.16,73.66,0.15190778588750165,0.010592742232593936
4397,18.16,73.67,0.1513837165750009,0.010553838271937553
4398,18.16,73.68,0.15052495576805722,0.010531807165591333
4399,18.16,73.69,0.15006852015865635,0.010538961150458648
4400,18.16,73.7,0.1501245890989787,0.010549944879946205
4401,18.16,73.71,0.15069260720775532,0.010549738885811162
4402,18.16,73.72,0.15177669238550479,0.010533738891097912
4403,18.16,73.73,0.1533178377679739,0.010500287907925345
4404,18.16,73.74,0.15513651659364913,0.010454920173817113
4405,18.16,73.75,0.15735953526273083,0.010415531785772189
4406,18.16,73.76,0.16097153023105715,0.01040634051359737
4407,18.16,73.77,0.16530181352149362,0.010437067118017207
4408,18.16,73.78,0.1672455505246127,0.010492226938126237
4409,18.16,73.79,0.16818506712842549,0.010543643228617458
4410,18.16,73.8,0.16905908003581335,0.010573155659778538
4411,18.16,73.81,0.17014126853387587,0.01058103462812397
4412,18.16,73.82,0.17199887079909257,0.010576090169254882
4413,18.16,73.83,0.1749347558545933,0.010571245573068806
4414,18.16,73.84,0.17864598098883272,0.010571615807722737
4415,18.16,73.85,0.18227909352223826,0.01056839057938938
4416,18.16,73.86,0.18557471905347392,0.010553553741935628
4417,18.16,73.87,0.18824398894173316,0.010550485277264663
4418,18.16,73.88,0.18944339131194735,0.010572564067063445
4419,18.16,73.92,0.1943486170172617,0.010592863821903383
4420,18.16,73.93,0.19596033500321217,0.010567855741640576
4421,18.16,73.94,0.19679881649556094,0.010528114890293146
4422,18.16,73.95,0.19661492778759948,0.010479524616428591
4423,18.16,73.96,0.19503018936419003,0.010429765679645717
4424,18.16,73.97,0.1926598037236793,0.010371222801332652
4425,18.16,73.98,0.19076447299611057,0.010292117460909246
4426,18.16,73.99,0.19063458470934477,0.010227928315035025
4427,18.16,74.0,0.18997293736818083,0.010200375167011357
4428,18.16,74.01,0.18664016294546332,0.010165504405396245
4429,18.16,74.02,0.1826360519448469,0.010209006502589059
4430,18.16,74.03,0.18059480137353248,0.010287167880351512
4431,18.16,74.04,0.1825682509221679,0.010364357116394994
4432,18.16,74.05,0.18793534530171793,0.010454347744596967
4433,18.16,74.06,0.1951542448995075,0.010546717384746516
4434,18.16,74.07,0.20302759426694023,0.010626600004970529
4435,18.16,74.08,0.21089761407612825,0.01068769529470158
4436,18.16,74.09,0.21856815868235827,0.010743558340478519
4437,18.16,74.1,0.2257905465689142,0.010796358977286279
4438,18.16,74.11,0.23218267839480342,0.010832887187396343
4439,18.16,74.12,0.23765308145518219,0.010854945641811883
4440,18.16,74.13,0.24214358335164618,0.010864370685007289
4441,18.16,74.14,0.24545335152000014,0.010862277305273258
4442,18.16,74.15,0.24721987860873187,0.0108496737587918
4443,18.16,74.16,0.24710634549867383,0.010828486949048133
4444,18.16,74.17,0.24482422554883387,0.010801627793571902
4445,18.16,74.18,0.24016506724559533,0.010772146833076172
4446,18.16,74.19,0.23319361844522668,0.01074252798637146
4447,18.16,74.2,0.22519275482825277,0.010735544965448082
4448,18.16,74.21,0.21693792108259505,0.010752174904096592
4449,18.16,74.22,0.20826291200078836,0.010776006157383222
4450,18.16,74.23,0.19924863267984358,0.010798411303910077
4451,18.16,74.24,0.1901082868730206,0.01081504842515498
4452,18.16,74.25,0.18117738403730452,0.010823972293613414
4453,18.16,74.26,0.17272567183727136,0.010825275780088127
4454,18.16,74.27,0.16496942687623026,0.010821275908557923
4455,18.16,74.28,0.1581078097147957,0.010816006697566154
4456,18.16,74.29,0.15223079496706923,0.010811116202900829
4457,18.16,74.3,0.14740949515757112,0.010802307865704346
4458,18.16,74.31,0.1436243935320383,0.010784156730191188
4459,18.16,74.32,0.14069067700635726,0.01075349350322355
4460,18.16,74.33,0.1385047089880461,0.010708783234838997
4461,18.16,74.34,0.13705184475273918,0.010649535591828095
4462,18.16,74.35,0.13622829070877204,0.010576793358338917
4463,18.16,74.36,0.13588838002375894,0.010494982839929543
4464,18.16,74.37,0.13581699269916953,0.010415251353217808
4465,18.16,74.38,0.13553318301451098,0.010352438873558866
4466,18.16,74.39,0.13432990241350232,0.010313144239418402
4467,18.16,74.4,0.13283153593593225,0.0102781839506412
4468,18.16,74.41,0.1328435259640207,0.010233736541580217
4469,18.16,74.42,0.13472932492457979,0.010187911822214842
4470,18.16,74.43,0.13592716031491586,0.010204119694784334
4471,18.16,74.44,0.13748460342884544,0.010245782126400557
4472,18.16,74.45,0.1401032112971878,0.010279834549310888
4473,18.16,74.46,0.1435277284415607,0.01031230974266716
4474,18.16,74.47,0.146673247929972,0.010350589469213807
4475,18.16,74.48,0.148725788374751,0.010384569293806805
4476,18.16,74.49,0.1496814752470711,0.010416639479269704
4477,18.16,74.5,0.14963979216533033,0.010453154101606231
4478,18.16,74.51,0.14870433130005156,0.010501478842887015
4479,18.16,74.52,0.14728643042506248,0.010554473177277425
4480,18.16,74.57,0.1400719541795128,0.010666714240153934
4481,18.16,74.58,0.1403449596539217,0.01067138584001443
4482,18.16,74.59,0.1410271882142674,0.010663440913938393
4483,18.16,74.6,0.14201867330259088,0.010644988263171786
4484,18.16,74.61,0.1430338526254799,0.010623654435886781
4485,18.16,74.62,0.14385436822265713,0.010602432405039825
4486,18.16,74.63,0.14455817857486436,0.010577324977578826
4487,18.16,74.64,0.14544248004266414,0.010553552674985624
4488,18.16,74.65,0.14674334111313425,0.010540127628489259
4489,18.16,74.66,0.14804790869992338,0.010523001702123756
4490,18.16,74.67,0.14971975398858434,0.010512506100936752
4491,18.16,74.68,0.1521906010137391,0.010520088209689
4492,18.16,74.69,0.15481257477490723,0.010525786045567124
4493,18.16,74.7,0.1575134920965904,0.010525943720633748
4494,18.16,74.71,0.16032780096621674,0.010537927244782185
4495,18.16,74.72,0.16339332566206738,0.010552373638841511
4496,18.16,74.73,0.16657486990935366,0.01056162270733021
4497,18.16,74.74,0.1696325644620088,0.010562541456060651
4498,18.16,74.75,0.1723387900610056,0.010551312740876227
4499,18.16,74.76,0.17482366453372603,0.010533675174402646
4500,18.16,74.77,0.17722313369892317,0.010518597491266872
4501,18.16,74.78,0.17922441020891586,0.010503029690003144
4502,18.16,74.79,0.18116185968450177,0.010491888702202938
4503,18.16,74.8,0.18385007305267903,0.010492855179344252
4504,18.16,74.81,0.1754999999999613,1.6611735703178998e-15
4505,18.16,74.82,0.19218245278671425,0.010495356007686819
4506,18.16,74.83,0.19884964488431947,0.010485269553612534
4507,18.16,74.84,0.20817868503441975,0.010473811903073732
4508,18.16,74.85,0.22043701062386942,0.01046061580651556
4509,18.16,74.86,0.23597742032072472,0.010452520401411149
4510,18.16,74.87,0.2528637849575995,0.010438566618997093
4511,18.16,74.88,0.269529057793572,0.010421840711658458
4512,18.16,74.89,0.2845522717622061,0.010409225082926344
4513,18.16,74.9,0.2971516632523643,0.010416012383916857
4514,18.16,74.91,0.3062289083861418,0.010421045176854847
4515,18.16,74.92,0.31141931137077866,0.010422905570686359
4516,18.16,74.93,0.31357279517083364,0.010421998912327356
4517,18.16,74.94,0.31402698459587935,0.01041979258683949
4518,18.16,74.95,0.3137436237440064,0.010419674276864622
4519,18.16,74.96,0.31123287942412153,0.010421147439600943
4520,18.16,74.97,0.30509501046482307,0.01042097605768777
4521,18.16,74.98,0.29677261546291134,0.010416108521197025
4522,18.16,74.99,0.2893347675413981,0.010417687355236852
4523,18.16,75.0,0.28233638825137747,0.010417832024937115
4524,18.16,75.01,0.2770562535701523,0.010416437040295701
4525,18.16,75.02,0.2728534345036497,0.010411211647062307
4526,18.16,75.03,0.2669659821999916,0.010400688802307151
4527,18.16,75.04,0.2609918543736654,0.010384483240068066
4528,18.16,75.05,0.25349573675218584,0.010401879106929416
4529,18.16,75.06,0.2431314376187056,0.010466596663193318
4530,18.16,75.07,0.23524623447227822,0.010522431796105979
4531,18.16,75.08,0.23064833142601648,0.010561695662499445
4532,18.16,75.09,0.22942994846657205,0.010583582777799203
4533,18.16,75.1,0.23148576560230696,0.01058745093604553
4534,18.16,75.11,0.23680493577345768,0.01057453367453274
4535,18.16,75.12,0.24562936739024352,0.010549513446669599
4536,18.16,75.13,0.2579431814376257,0.010516456792250137
4537,18.16,75.14,0.2726547659199332,0.010472737916228566
4538,18.16,75.15,0.28780438378774953,0.010417718121975762
4539,18.16,75.16,0.30197433417526415,0.010365415707607328
4540,18.16,75.17,0.3148508713301432,0.010334942665954479
4541,18.16,75.18,0.32570356535378103,0.010313082509653093
4542,18.16,75.19,0.3365601715547612,0.010329279976980524
4543,18.16,75.2,0.3428497130296246,0.010413160439819531
4544,18.16,75.21,0.34630598143489655,0.010509477270073083
4545,18.16,75.22,0.3473049274651702,0.010598589898550562
4546,18.16,75.23,0.3465372100723098,0.01068015849211735
4547,18.16,75.24,0.34469273650494325,0.010755168340649827
4548,18.16,75.25,0.3424028764843684,0.01082274824806908
4549,18.16,75.26,0.34008449333056706,0.010881236165330056
4550,18.16,75.27,0.33789503394463866,0.010929394286898111
4551,18.16,75.28,0.3356691636015864,0.010966931293620958
4552,18.16,75.29,0.3332866747552484,0.010994675299563774
4553,18.16,75.3,0.3306587976988816,0.011014318632264352
4554,18.16,75.31,0.32760882777226596,0.0110276708282908
4555,18.16,75.32,0.3241771880298644,0.011035957611741235
4556,18.16,75.33,0.3204070104704561,0.011039874872192998
4557,18.16,75.34,0.3162362456504501,0.011040015546990658
4558,18.16,75.35,0.3116439117407344,0.011036865598710931
4559,18.16,75.36,0.30672332786654266,0.011030502502208085
4560,18.16,75.37,0.30171608343282325,0.011020896559707628
4561,18.16,75.38,0.2970344755074854,0.011010095293335248
4562,18.16,75.39,0.29346594698422057,0.011008523278814457
4563,18.16,75.4,0.2912674628310315,0.011019684454699445
4564,18.16,75.41,0.2897207121697489,0.011033993715456627
4565,18.16,75.42,0.28877705013171695,0.011049644516143632
4566,18.16,75.43,0.28822510244490723,0.011066851059709181
4567,18.16,75.44,0.2877476567326357,0.011085176456718996
4568,18.16,75.45,0.2869809910528403,0.011103308676062993
4569,18.16,75.46,0.28623735623730684,0.01111954822695387
4570,18.16,75.47,0.28567694265309423,0.011132357177750426
4571,18.16,75.48,0.2854573813020473,0.011140685367582228
4572,18.16,75.49,0.2856547539968679,0.011144074079207669
4573,18.16,75.5,0.28615253396733203,0.011142591174881589
4574,18.16,75.51,0.28700406921737803,0.011136695291043403
4575,18.16,75.52,0.2881522314840261,0.011127076639057843
4576,18.16,75.53,0.28951251675320333,0.011114532084747187
4577,18.16,75.54,0.29089214180200723,0.011099949352178243
4578,18.16,75.55,0.29202079856104735,0.011084346642312075
4579,18.16,75.56,0.29254550778357874,0.011068840395205297
4580,18.16,75.57,0.2922576688184384,0.011054351313118261
4581,18.16,75.58,0.29120282543694437,0.011041186054671633
4582,18.16,75.59,0.2893479926217573,0.011029091356281084
4583,18.16,75.6,0.2868674381126685,0.011017872057767634
4584,18.16,75.61,0.2840855283824713,0.011007855294597397
4585,18.16,75.62,0.28110131970441776,0.010999762178567435
4586,18.16,75.63,0.2777783140322432,0.010994418565099235
4587,18.16,75.64,0.273924831783011,0.010992609519522826
4588,18.16,75.65,0.2692982807217985,0.010994737209470827
4589,18.16,75.66,0.2638267031305245,0.011000467061072279
4590,18.16,75.67,0.25768608735693244,0.011008881763542732
4591,18.16,75.68,0.2511330043715563,0.011019162825706934
4592,18.16,75.69,0.24458247474077702,0.011031265857977823
4593,18.16,75.7,0.23845189694302596,0.011045724724817373
4594,18.16,75.71,0.23287024638113377,0.01106176097695601
4595,18.16,75.72,0.22765391910126692,0.011075857009346334
4596,18.16,75.73,0.22264732176467603,0.011084057069282692
4597,18.16,75.74,0.21770216601432882,0.011083888332698555
4598,18.16,75.75,0.21303396056048754,0.01108867430959408
4599,18.16,75.76,0.2092065315034106,0.011118151012471425
4600,18.16,75.77,0.20568674012303675,0.01114623513691361
4601,18.16,75.78,0.20274674086446876,0.011179263603368296
4602,18.16,75.79,0.2002443282473322,0.011207676733443143
4603,18.16,75.8,0.1979689275832708,0.011224858930443886
4604,18.16,75.81,0.19581546606086342,0.011229104033380078
4605,18.16,75.82,0.19379247077758505,0.011220386252542385
4606,18.16,75.83,0.19171403291241737,0.011199606017238697
4607,18.16,75.84,0.1894267198406106,0.011168553848358373
4608,18.16,75.85,0.18682424447263787,0.011130141569076931
4609,18.16,75.86,0.1839867597065562,0.01108975689834403
4610,18.16,75.87,0.18188465298503614,0.01107313654405899
4611,18.16,75.88,0.18036524365353726,0.011075589944815152
4612,18.16,75.89,0.1788593938395453,0.011080260317999113
4613,18.16,75.9,0.17731258770340966,0.01108564011181946
4614,18.16,75.91,0.175735074101468,0.011092804972263578
4615,18.16,75.92,0.17422591821515143,0.011102770973451682
4616,18.16,75.93,0.17255095493854383,0.01111186149133362
4617,18.16,75.94,0.1709055702623144,0.011115020280468268
4618,18.16,75.95,0.16927538585215932,0.01110943133581374
4619,18.16,75.96,0.16757338457684906,0.011094261721434663
4620,18.16,75.97,0.16593029428285505,0.011070073723853454
4621,18.16,75.98,0.16452409486206487,0.011038635278386971
4622,18.16,75.99,0.1634094731179505,0.011004228145616548
4623,18.16,76.0,0.16217100851765537,0.01098319237763024
4624,18.16,76.01,0.1605740807435989,0.010996718669534052
4625,18.16,76.02,0.15920161793634346,0.011035441739874977
4626,18.16,76.03,0.15799441700693545,0.011073861990607593
4627,18.16,76.04,0.15693317486078537,0.011109652373451068
4628,18.16,76.05,0.15603260570105296,0.011141413292795466
4629,18.16,76.06,0.1551265228370071,0.01116640070849073
4630,18.16,76.07,0.15422759024313987,0.01118340851510778
4631,18.16,76.08,0.15340226264885629,0.011192888301146366
4632,18.16,76.09,0.15240479041272856,0.011196036575447208
4633,18.16,76.1,0.15150304307199236,0.01119409934539757
4634,18.16,76.11,0.15078965587889825,0.011188057926928657
4635,18.16,76.12,0.15021251863622195,0.011178381900692178
4636,18.16,76.13,0.1497127316170416,0.011164797445681059
4637,18.16,76.14,0.14895277364536608,0.011146993634455635
4638,18.16,76.15,0.14789706969381478,0.011126415769943531
4639,18.16,76.16,0.14661121042465566,0.011108248299906464
4640,18.16,76.17,0.14516089272463661,0.011100064592080237
4641,18.16,76.18,0.14365935875870744,0.011102774037899459
4642,18.16,76.19,0.14236224203759756,0.011109750557174558
4643,18.16,76.2,0.14146430643114902,0.01111648710159602
4644,18.16,76.21,0.14096204030182163,0.011122975774126968
4645,18.16,76.22,0.140687174988936,0.011137155278593939
4646,18.16,76.23,0.14073617872735145,0.011173459038857865
4647,18.16,76.24,0.14115647455437552,0.011221185853335442
4648,18.16,76.25,0.14175811203792535,0.011279015974483282
4649,18.16,76.26,0.1426362793831865,0.011363865523607141
4650,18.16,76.27,0.1434513731380538,0.011468830739950312
4651,18.16,76.28,0.14407774715031346,0.01157901743940727
4652,18.16,76.29,0.14477928307400512,0.011690043055489964
4653,18.16,76.3,0.14566198594935187,0.011800147689973225
4654,18.16,76.31,0.14672766310550142,0.011908512761223778
4655,18.16,76.32,0.1479509878565988,0.012014790430863346
4656,18.16,76.33,0.14911122089031875,0.012118897511007292
4657,18.16,76.34,0.14997004149501952,0.012220901138573582
4658,18.16,76.35,0.15061161826641217,0.012320954543395176
4659,18.16,76.36,0.15118283476439828,0.012419247613957227
4660,18.16,76.37,0.15172126497090016,0.012515964949831702
4661,18.16,76.38,0.15214058912605577,0.012611258909766805
4662,18.16,76.39,0.15237042177807888,0.01270523715253361
4663,18.16,76.4,0.15237569264250003,0.01279797413385535
4664,18.16,76.41,0.1522126443633728,0.012889505444464596
4665,18.16,76.42,0.15200783324842995,0.01297983746444287
4666,18.16,76.43,0.1519458057362859,0.01306897204346544
4667,18.17,73.4,0.18200050814502705,0.011647935450165
4668,18.17,73.41,0.1769371335421796,0.011558217080491887
4669,18.17,73.42,0.1721408850523479,0.011478265259437341
4670,18.17,73.43,0.16765156332921863,0.011407421483946335
4671,18.17,73.44,0.16369134752389694,0.011342300909838673
4672,18.17,73.45,0.16016860923345105,0.011279145083065645
4673,18.17,73.46,0.15671096385664293,0.011215450131513103
4674,18.17,73.47,0.15348990783327676,0.011151019224224004
4675,18.17,73.48,0.15219133162937953,0.011117901610260661
4676,18.17,73.49,0.15207742740122637,0.011099453380174006
4677,18.17,73.5,0.15236353097633548,0.011082808608623028
4678,18.17,73.51,0.15296156785179696,0.011067528658255945
4679,18.17,73.52,0.15370848681177454,0.011051314213510702
4680,18.17,73.53,0.15441696487778803,0.011032194490343964
4681,18.17,73.54,0.15500288434515083,0.011009446823350642
4682,18.17,73.55,0.15559399631803486,0.01098361687094895
4683,18.17,73.56,0.1560970266999827,0.0109553993652069
4684,18.17,73.57,0.15642104503840545,0.010923688566714697
4685,18.17,73.58,0.15637715633181404,0.0108859106504896
4686,18.17,73.59,0.15579736563660243,0.010840064247890658
4687,18.17,73.6,0.15494087421544603,0.010785955909873425
4688,18.17,73.61,0.15393251584769307,0.01072644416170909
4689,18.17,73.62,0.1529900467943253,0.010669446911341661
4690,18.17,73.63,0.1524171037682019,0.010624930082509471
4691,18.17,73.64,0.1523142190081515,0.01059403989320042
4692,18.17,73.65,0.15228734987635187,0.010567827070276582
4693,18.17,73.66,0.15228115327732042,0.010537846241106347
4694,18.17,73.67,0.15240151934936497,0.010505718687613337
4695,18.17,73.68,0.15240279663056816,0.01048921436177745
4696,18.17,73.69,0.1520621762270243,0.010494784240568475
4697,18.17,73.7,0.15184237987823132,0.01050745789725964
4698,18.17,73.71,0.15238998769087891,0.010513965381701773
4699,18.17,73.72,0.15359450680755424,0.010506938369782807
4700,18.17,73.73,0.1553065216630094,0.010483047658611754
4701,18.17,73.74,0.15754907326122444,0.010445685445469142
4702,18.17,73.75,0.16021040587464622,0.010406279803626376
4703,18.17,73.76,0.16283687400789654,0.010396232465871218
4704,18.17,73.77,0.1654084926510015,0.010428019134497986
4705,18.17,73.78,0.1663713378215354,0.010482729328555172
4706,18.17,73.79,0.16735557695943915,0.010527599025883703
4707,18.17,73.8,0.16841385504668382,0.010551801900479062
4708,18.17,73.81,0.1695024973872351,0.010551353057782055
4709,18.17,73.82,0.1707560655271489,0.010528038779503087
4710,18.17,73.83,0.1735133596396411,0.010511979619054536
4711,18.17,73.84,0.17782737490730788,0.01052810006943844
4712,18.17,73.85,0.18104067331384238,0.010540479029966136
4713,18.17,73.86,0.1833941685109045,0.010542031204856021
4714,18.17,73.87,0.18517836318031633,0.010542923621936248
4715,18.17,73.88,0.1863867613925058,0.010547177010777791
4716,18.17,73.89,0.18723081802170127,0.010546072825171003
4717,18.17,73.9,0.18784846297404975,0.010531468238334053
4718,18.17,73.91,0.19051637838036864,0.010522994147354948
4719,18.17,73.92,0.19381326702629434,0.010510252888464001
4720,18.17,73.93,0.19592541114455694,0.010481141606553588
4721,18.17,73.94,0.19704455408945667,0.010435627410430809
4722,18.17,73.95,0.19709571355271402,0.010377400052968102
4723,18.17,73.96,0.19488087561539702,0.010338039359687353
4724,18.17,73.97,0.1906064231630638,0.010304577920236308
4725,18.17,73.98,0.18637868667782895,0.010234774468566736
4726,18.17,73.99,0.1855567023805146,0.010188863918799761
4727,18.17,74.0,0.18540599743687064,0.010189324688345037
4728,18.17,74.01,0.18186001456083853,0.010190943709754076
4729,18.17,74.02,0.17588416575479307,0.010194496081853856
4730,18.17,74.03,0.1734153807642414,0.010225329873582018
4731,18.17,74.04,0.17709624682854638,0.010309685691446444
4732,18.17,74.05,0.18475603054621745,0.010420755114947135
4733,18.17,74.06,0.19394269834047098,0.010527175029075589
4734,18.17,74.07,0.2033273588766652,0.010616392805723924
4735,18.17,74.08,0.21238558461902213,0.01068696638499447
4736,18.17,74.09,0.22084262510318906,0.01074432372256847
4737,18.17,74.1,0.22843540490087322,0.010790292517050028
4738,18.17,74.11,0.23493505024672517,0.010821582938328331
4739,18.17,74.12,0.24042861823427011,0.01083898291207104
4740,18.17,74.13,0.24502314745443984,0.010844764757043181
4741,18.17,74.14,0.24852827320470078,0.010838923711569224
4742,18.17,74.15,0.2505041033422323,0.010820821781296367
4743,18.17,74.16,0.25055007127454604,0.01079220061325797
4744,18.17,74.17,0.24821830079775006,0.01075722866963237
4745,18.17,74.18,0.24320690170099485,0.010721168048006772
4746,18.17,74.19,0.23556004442995057,0.010689145437885947
4747,18.17,74.2,0.22584133926790348,0.01066758122334963
4748,18.17,74.21,0.21629198038719905,0.010678835727273876
4749,18.17,74.22,0.2066139186166813,0.01070408235776851
4750,18.17,74.23,0.19652210159545944,0.010727121793627127
4751,18.17,74.24,0.18629622870813162,0.01074278710526709
4752,18.17,74.25,0.17637897234498912,0.010748629677710734
4753,18.17,74.26,0.16707692486872974,0.010744631284743615
4754,18.17,74.27,0.15866896168953148,0.010733786048115387
4755,18.17,74.28,0.1513963519410576,0.01072501748380192
4756,18.17,74.29,0.1455293952877773,0.010726390778102755
4757,18.17,74.3,0.14107527398119704,0.010725201191856179
4758,18.17,74.31,0.1377846329165887,0.010712426062757262
4759,18.17,74.32,0.1354658441627648,0.010685604930375025
4760,18.17,74.33,0.13401188914350948,0.010643400882773818
4761,18.17,74.34,0.13340405406867906,0.01058429920119067
4762,18.17,74.35,0.1334321007532544,0.010507236142168336
4763,18.17,74.36,0.13402795508801177,0.010413871066785915
4764,18.17,74.37,0.13495082939739983,0.010319731328930886
4765,18.17,74.38,0.13549589346814245,0.010250860147610206
4766,18.17,74.39,0.13402214307914467,0.010219210592379804
4767,18.17,74.4,0.1314181957143607,0.010199291726166494
4768,18.17,74.41,0.13079406919978673,0.010169037625635
4769,18.17,74.42,0.13254687540793947,0.010152457977829411
4770,18.17,74.43,0.13465204751082455,0.010186145284542501
4771,18.17,74.44,0.1371515341859813,0.010223963039389153
4772,18.17,74.45,0.14099984963487808,0.010243659118645687
4773,18.17,74.46,0.1456184419905509,0.0102581907035015
4774,18.17,74.47,0.14997825200632203,0.010273065386320104
4775,18.17,74.48,0.15251468793051184,0.01029023060014152
4776,18.17,74.49,0.1530519947221783,0.010313825647660965
4777,18.17,74.5,0.15223010290185815,0.010348744183852721
4778,18.17,74.51,0.15048762401793714,0.010408162834818555
4779,18.17,74.52,0.14843754985275537,0.010474497751763151
4780,18.17,74.53,0.1464837036757478,0.010529300796769111
4781,18.17,74.56,0.14078278254811488,0.010614671095698783
4782,18.17,74.57,0.13956484985228587,0.010619138195297608
4783,18.17,74.58,0.13910661511317512,0.010615838007229332
4784,18.17,74.59,0.13927786604350112,0.010605350311747957
4785,18.17,74.6,0.13998848638814834,0.010586912192439322
4786,18.17,74.61,0.1407022386305645,0.010566239752312575
4787,18.17,74.62,0.14130920135306546,0.010549501244559832
4788,18.17,74.63,0.1417560582550775,0.010536949498225567
4789,18.17,74.64,0.14231023030386492,0.010517311449023983
4790,18.17,74.65,0.14330575312413002,0.010501447901002338
4791,18.17,74.66,0.1444226904330052,0.010484981068453131
4792,18.17,74.67,0.1455973813840588,0.010465924622932863
4793,18.17,74.68,0.14786125177030687,0.010472131505886537
4794,18.17,74.69,0.15027478565246638,0.010477050231910966
4795,18.17,74.7,0.15269680259082516,0.010485909853977083
4796,18.17,74.71,0.15520790332683287,0.010493466488252303
4797,18.17,74.72,0.1579205751982546,0.010500146798993599
4798,18.17,74.73,0.16044643705070885,0.010507556266761255
4799,18.17,74.74,0.16280901243499635,0.010507189957648986
4800,18.17,74.75,0.16488888725247916,0.010493886612650579
4801,18.17,74.76,0.16681048021794143,0.010468814039219029
4802,18.17,74.77,0.16885122368329755,0.010450379667799051
4803,18.17,74.78,0.17034268415132647,0.010433694118520536
4804,18.17,74.79,0.17548999999995749,1.2638298268692902e-15
4805,18.17,74.8,0.17476737290542985,0.010451911770060824
4806,18.17,74.81,0.17812812890397794,0.01046899842146441
4807,18.17,74.82,0.182338031593526,0.010475201833015032
4808,18.17,74.83,0.1881234451767654,0.010470499761691248
4809,18.17,74.84,0.1959669925897062,0.010454536601164376
4810,18.17,74.85,0.20721844981096704,0.010442626293397936
4811,18.17,74.86,0.22178655799348598,0.010432372292928488
4812,18.17,74.87,0.23921899159936685,0.010419635401958715
4813,18.17,74.88,0.2586574641410671,0.010403953813255538
4814,18.17,74.89,0.27836716616834273,0.01038526978813625
4815,18.17,74.9,0.29604879944803536,0.010369343450608475
4816,18.17,74.91,0.3086584590925743,0.010361245109783496
4817,18.17,74.92,0.3151270513377175,0.010350505850979724
4818,18.17,74.93,0.3174126014946268,0.010340809410741121
4819,18.17,74.94,0.3184240459202001,0.010336009750991831
4820,18.17,74.95,0.31927952513311736,0.010336451182364021
4821,18.17,74.96,0.31739568482621067,0.010343267910591546
4822,18.17,74.97,0.30953097498632653,0.010350876584786789
4823,18.17,74.98,0.29893371427982773,0.010360124654815112
4824,18.17,74.99,0.2884109153615469,0.010379153080744013
4825,18.17,75.0,0.2786066528688716,0.010399035170754845
4826,18.17,75.01,0.2702969438239341,0.010413747452876071
4827,18.17,75.02,0.26410070444438355,0.010423577669365353
4828,18.17,75.03,0.2586888823179076,0.010421406947856137
4829,18.17,75.04,0.2537466285155763,0.010413933571203408
4830,18.17,75.05,0.24705309186613397,0.010439921195174786
4831,18.17,75.06,0.2387447592750409,0.0104962548735124
4832,18.17,75.07,0.23218645265138774,0.010544416270500673
4833,18.17,75.08,0.22824750149439268,0.010575593630852058
4834,18.17,75.09,0.22713442268628553,0.01058644064849927
4835,18.17,75.1,0.22884349680790464,0.010575028685125434
4836,18.17,75.11,0.23346949031841258,0.010542068508783892
4837,18.17,75.12,0.24176212285840787,0.010497143250529573
4838,18.17,75.13,0.2552576021106399,0.010456435622228935
4839,18.17,75.14,0.2726283723312514,0.010405140736712993
4840,18.17,75.15,0.29091706710650966,0.010331672674027475
4841,18.17,75.16,0.30691640604052306,0.01026041570131318
4842,18.17,75.17,0.3184650537961324,0.010234440681551861
4843,18.17,75.18,0.3310769796645441,0.010218705965294823
4844,18.17,75.19,0.3438191341309437,0.010233640168462585
4845,18.17,75.2,0.3503515884231292,0.010336998785817217
4846,18.17,75.21,0.3529214811208952,0.01044283472630686
4847,18.17,75.22,0.35237264199253093,0.010536351950993367
4848,18.17,75.23,0.34995461722610016,0.01062124933551574
4849,18.17,75.24,0.3466109622754311,0.010700442005588992
4850,18.17,75.25,0.3431046232578265,0.010771785151690411
4851,18.17,75.26,0.339911215137629,0.01083305514611424
4852,18.17,75.27,0.3370971736341769,0.010882677615298673
4853,18.17,75.28,0.3345936731126013,0.010920203390573261
4854,18.17,75.29,0.33215419811034647,0.010946871380384733
4855,18.17,75.3,0.3297319736425261,0.010965496605430785
4856,18.17,75.31,0.3271270415363527,0.01097894786428022
4857,18.17,75.32,0.3242167086558327,0.010988163534582006
4858,18.17,75.33,0.3209249460559722,0.010992936561668831
4859,18.17,75.34,0.3170363049709965,0.010993729072672324
4860,18.17,75.35,0.31240643053020484,0.01099158069441032
4861,18.17,75.36,0.3071263151371157,0.010986528186875857
4862,18.17,75.37,0.3014780534866261,0.010977147718267887
4863,18.17,75.38,0.2958271325897987,0.010962144583204214
4864,18.17,75.39,0.29143720514252636,0.010958339452847733
4865,18.17,75.4,0.28902811246586785,0.010975517892759988
4866,18.17,75.41,0.28699868335411327,0.010991450022721883
4867,18.17,75.42,0.2853774960602993,0.011009007029608392
4868,18.17,75.43,0.28422454908444134,0.011029884229860868
4869,18.17,75.44,0.2832939617897112,0.011053623813226464
4870,18.17,75.45,0.28214875653889354,0.011078117741013731
4871,18.17,75.46,0.2809026446739542,0.011100839843679848
4872,18.17,75.47,0.279867635928239,0.011119738244505708
4873,18.17,75.48,0.27912400470589255,0.01113353943271129
4874,18.17,75.49,0.27883307510938077,0.011141727127610992
4875,18.17,75.5,0.27900640774458074,0.011144402509753187
4876,18.17,75.51,0.27952357655406,0.01114211768156442
4877,18.17,75.52,0.2803673896364719,0.011135712832176023
4878,18.17,75.53,0.28152388292510966,0.01112612743354476
4879,18.17,75.54,0.28275797186578877,0.011114254398656504
4880,18.17,75.55,0.2839324256321233,0.011100847680456664
4881,18.17,75.56,0.2847520054743913,0.011086482387883533
4882,18.17,75.57,0.2849566074779737,0.011071482376404613
4883,18.17,75.58,0.28453033879249706,0.011055835181745256
4884,18.17,75.59,0.28346414563686323,0.011039269873159058
4885,18.17,75.6,0.2818104132150079,0.011021521320445218
4886,18.17,75.61,0.2798024440355814,0.011002659197823884
4887,18.17,75.62,0.27751271748624884,0.010983461305497804
4888,18.17,75.63,0.27488043963363373,0.010965935846798766
4889,18.17,75.64,0.27158856761404526,0.010953167238258387
4890,18.17,75.65,0.26729591735289876,0.010947271917426537
4891,18.17,75.66,0.2618624068413342,0.010948111051261852
4892,18.17,75.67,0.2555105090425641,0.010953860786042414
4893,18.17,75.68,0.24863782921488586,0.01096266279242707
4894,18.17,75.69,0.24181475061168758,0.01097458221250242
4895,18.17,75.7,0.23567374961569346,0.010992335012947533
4896,18.17,75.71,0.23054958675680723,0.011017493801467586
4897,18.17,75.72,0.22585970487134777,0.011042055355307426
4898,18.17,75.73,0.22118441808022807,0.011059460663278627
4899,18.17,75.74,0.216466861584827,0.011069232575154058
4900,18.17,75.75,0.21183437839184008,0.011080392774593384
4901,18.17,75.76,0.20748725614041227,0.011097331151729384
4902,18.17,75.77,0.2032953840808824,0.011112338974223606
4903,18.17,75.78,0.20056910225202654,0.011157614002940928
4904,18.17,75.79,0.19790108403729106,0.011190549392233781
4905,18.17,75.8,0.19535211890844828,0.011209794782518046
4906,18.17,75.81,0.1929092686815204,0.01121529902041857
4907,18.17,75.82,0.19056920499774999,0.011207498062877483
4908,18.17,75.83,0.18817487036397185,0.011187384336807731
4909,18.17,75.84,0.1855774551265136,0.011156715734796815
4910,18.17,75.85,0.18272182698165707,0.01111849802337414
4911,18.17,75.86,0.17980630493052357,0.01107923238500079
4912,18.17,75.87,0.17766031631897622,0.011060171703282625
4913,18.17,75.88,0.1761248208995095,0.011058056322760546
4914,18.17,75.89,0.17468942887320188,0.011057313058888183
4915,18.17,75.9,0.1733019447766382,0.011055044713211115
4916,18.17,75.91,0.17194831262130383,0.011055018683967431
4917,18.17,75.92,0.17072982366027814,0.01106705503921908
4918,18.17,75.93,0.169461685133903,0.011080916562010214
4919,18.17,75.94,0.16815947381217783,0.011087568604769607
4920,18.17,75.95,0.16693718310497016,0.01108478882937608
4921,18.17,75.96,0.16568711027916103,0.011072335772097958
4922,18.17,75.97,0.1645272150826353,0.011051029785043081
4923,18.17,75.98,0.1636176055792434,0.011022616011940156
4924,18.17,75.99,0.16304417296003723,0.010990284244800044
4925,18.17,76.0,0.1621657906859946,0.010971295214142203
4926,18.17,76.01,0.16026567965618388,0.01098425049805697
4927,18.17,76.02,0.1586560327084435,0.011005004060679847
4928,18.17,76.03,0.1573057132206346,0.01102830438258962
4929,18.17,76.04,0.15620013088586243,0.011057651443565275
4930,18.17,76.05,0.1553336377364069,0.01108786515797917
4931,18.17,76.06,0.1544862555724097,0.011110727147220086
4932,18.17,76.07,0.15360611898513826,0.011124843490325229
4933,18.17,76.08,0.15278183376331922,0.011131678830230918
4934,18.17,76.09,0.15177463479089665,0.011133450157304922
4935,18.17,76.1,0.15080607924401226,0.01113197399600036
4936,18.17,76.11,0.1500308126635594,0.011128801244570172
4937,18.17,76.12,0.14935496165497142,0.01112522436239043
4938,18.17,76.13,0.1487942827363425,0.011120616268529972
4939,18.17,76.14,0.1479553715382458,0.011113268234934985
4940,18.17,76.15,0.14678172190539987,0.011103247047987956
4941,18.17,76.16,0.14538217240636536,0.011093068521469464
4942,18.17,76.17,0.1439120755806523,0.011085873235231462
4943,18.17,76.18,0.14239445022038003,0.011082491735106798
4944,18.17,76.19,0.14108978658664698,0.01108109332592178
4945,18.17,76.2,0.1402198961577958,0.01107970423062372
4946,18.17,76.21,0.1397848179437587,0.011077677362933053
4947,18.17,76.22,0.13969650646077109,0.011079176935572326
4948,18.17,76.23,0.14004638404325634,0.011119914646417197
4949,18.17,76.24,0.14073671596386808,0.011166386556958757
4950,18.17,76.25,0.1413685648805916,0.011217377693795674
4951,18.17,76.26,0.1423782489092703,0.01130990071747641
4952,18.17,76.27,0.14326308477123817,0.011424382035446821
4953,18.17,76.28,0.14383214846776604,0.011540407548926074
4954,18.17,76.29,0.1444602988039622,0.01165526001204604
4955,18.17,76.3,0.1452741449907243,0.011767766504300307
4956,18.17,76.31,0.1462776823763229,0.011877490270994478
4957,18.17,76.32,0.14743473196735268,0.011984361055684125
4958,18.17,76.33,0.14859944792384625,0.012088491584992386
4959,18.17,76.34,0.1494728678023648,0.012190095458580293
4960,18.17,76.35,0.15014112346145048,0.012289438163860786
4961,18.17,76.36,0.1507326644931303,0.012386797874532616
4962,18.17,76.37,0.15129348081909372,0.012482426855858814
4963,18.17,76.38,0.15175778867541817,0.012576528865883826
4964,18.17,76.39,0.15205439278916702,0.012669246562024717
4965,18.17,76.4,0.15211928623139204,0.012760669788915458
4966,18.17,76.41,0.15200934738135574,0.01285084069104866
4967,18.17,76.42,0.15184698921843717,0.012939763724636337
4968,18.17,76.43,0.15177825604895342,0.01302743328059654
4969,18.17,76.44,0.15190243511345328,0.013113821308276504
4970,18.18,73.4,0.17548218792794595,0.011636093820835266
4971,18.18,73.41,0.1707819016851045,0.01154720739310539
4972,18.18,73.42,0.16626609757589572,0.011466095738028361
4973,18.18,73.43,0.16194021659440258,0.01139195664175961
4974,18.18,73.44,0.15815179455981346,0.011322701823022802
4975,18.18,73.45,0.15475927381662136,0.011255892163689751
4976,18.18,73.46,0.1514779650984047,0.011190070972193818
4977,18.18,73.47,0.14872619528854908,0.011128396644910296
4978,18.18,73.48,0.14738953312772363,0.01108556891704009
4979,18.18,73.49,0.14724711883484393,0.011057839633035355
4980,18.18,73.5,0.14775905278798235,0.011039578763414184
4981,18.18,73.51,0.1486989559005572,0.011026496284610835
4982,18.18,73.52,0.1498212877429251,0.011012169953513206
4983,18.18,73.53,0.15093875896190223,0.010993955209488954
4984,18.18,73.54,0.15202737525253876,0.01097118386948107
4985,18.18,73.55,0.1531641478139518,0.01094395633300192
4986,18.18,73.56,0.15419660999441734,0.010912369178064383
4987,18.18,73.57,0.15496600566668411,0.010875745360406662
4988,18.18,73.58,0.15529715982885658,0.010832470578542554
4989,18.18,73.59,0.15498700848599697,0.01078053774521428
4990,18.18,73.6,0.15427650815607338,0.010718474788046913
4991,18.18,73.61,0.1532652690744593,0.010646765388515321
4992,18.18,73.62,0.1520658751876811,0.010574553228284362
4993,18.18,73.63,0.15161485002058186,0.010528176525502348
4994,18.18,73.64,0.15228806987325222,0.010511435327036571
4995,18.18,73.65,0.15275207308147293,0.010503388055127221
4996,18.18,73.66,0.15300711460195585,0.010484224930909326
4997,18.18,73.67,0.1529586828489644,0.010457746367281818
4998,18.18,73.68,0.1532641539833948,0.010446037695953599
4999,18.18,73.69,0.1534734057952109,0.010449700050350483
5000,18.18,73.7,0.1534350741653924,0.010459416138231788
5001,18.18,73.71,0.1543366289871127,0.010474582077402768
5002,18.18,73.72,0.15558604318211913,0.010477830553744395
5003,18.18,73.73,0.15729466666199085,0.010464085627438247
5004,18.18,73.74,0.15966044853234584,0.010437434458480478
5005,18.18,73.75,0.16125563932727097,0.010416125572829196
5006,18.18,73.76,0.1622618551920273,0.01041322555942721
5007,18.18,73.77,0.16384119178249876,0.010441350319967806
5008,18.18,73.78,0.16515109692719254,0.010483769307023261
5009,18.18,73.79,0.1666354012866168,0.010520713363588806
5010,18.18,73.8,0.16814551233225006,0.010541311058483565
5011,18.18,73.81,0.16946500001552955,0.010538470908791245
5012,18.18,73.82,0.17084711154514606,0.01051275615289004
5013,18.18,73.83,0.17402931731762172,0.01049401513389291
5014,18.18,73.84,0.17860827970429038,0.010504687309613021
5015,18.18,73.85,0.17990378657326694,0.01052298815737494
5016,18.18,73.86,0.1811912989185878,0.01052839514318277
5017,18.18,73.87,0.1825117487500123,0.010526193717851833
5018,18.18,73.88,0.1838582058427183,0.010518754755916442
5019,18.18,73.89,0.1854652470486999,0.010504552936914933
5020,18.18,73.9,0.1876668360891989,0.010481765597797524
5021,18.18,73.91,0.1912541122746728,0.0104582541668082
5022,18.18,73.92,0.19478891353148836,0.010430816765522126
5023,18.18,73.93,0.19658475873528422,0.010397561483132168
5024,18.18,73.94,0.197213515385369,0.010359046273111414
5025,18.18,73.95,0.19736529379391068,0.010310531122298398
5026,18.18,73.96,0.19541128509216343,0.01027982182289207
5027,18.18,73.97,0.18872847153104358,0.010277852641942491
5028,18.18,73.98,0.1827457034788879,0.010244875325051103
5029,18.18,73.99,0.17976928523001365,0.01021715130836306
5030,18.18,74.0,0.1776386041748865,0.010213620502244976
5031,18.18,74.01,0.17407129548422506,0.010212512193140023
5032,18.18,74.02,0.16828083444463124,0.010182897320968234
5033,18.18,74.03,0.164851573900198,0.0101543773159343
5034,18.18,74.04,0.17300180630512288,0.010270190569610269
5035,18.18,74.05,0.18344521426251584,0.01040551440458663
5036,18.18,74.06,0.1944557729236049,0.010523002075186354
5037,18.18,74.07,0.20518257269586604,0.010618026355299135
5038,18.18,74.08,0.2153022951040343,0.010692245768424527
5039,18.18,74.09,0.22447905905097787,0.010748496527684346
5040,18.18,74.1,0.23235147801413653,0.010788314796780512
5041,18.18,74.11,0.23874372483001738,0.010811733830032748
5042,18.18,74.12,0.2439767178017816,0.010821512764206325
5043,18.18,74.13,0.2487081897973683,0.010824212831507501
5044,18.18,74.14,0.2526130337849862,0.01081606717015213
5045,18.18,74.15,0.25505791047379434,0.010792321972299505
5046,18.18,74.16,0.25564268850482125,0.010754950527030654
5047,18.18,74.17,0.2536877985658571,0.010711298588721864
5048,18.18,74.18,0.24871019432891653,0.010668882843288183
5049,18.18,74.19,0.24075378124422994,0.010636965503164996
5050,18.18,74.2,0.22947897250429622,0.01060952156238288
5051,18.18,74.21,0.2177253782488801,0.010611338932317109
5052,18.18,74.22,0.20619959471480462,0.010633430072659284
5053,18.18,74.23,0.1944947550649942,0.010656365251188368
5054,18.18,74.24,0.18275155936734272,0.010670664045541713
5055,18.18,74.25,0.17149991612265159,0.01067330868129732
5056,18.18,74.26,0.16115790634466842,0.01066392077593793
5057,18.18,74.27,0.15204888826234927,0.010645141304376264
5058,18.18,74.28,0.1442577155783384,0.010627864608614668
5059,18.18,74.29,0.1384749414311536,0.010642830453192418
5060,18.18,74.3,0.13434084412542083,0.010648159555950054
5061,18.18,74.31,0.13155081927283022,0.010639115251613812
5062,18.18,74.32,0.1299039829340008,0.010616038108551652
5063,18.18,74.33,0.12928938216667535,0.01057836016203348
5064,18.18,74.34,0.1294981893984207,0.010523503739133949
5065,18.18,74.35,0.13027504316652233,0.01044802287118655
5066,18.18,74.36,0.13151498600931696,0.010351631588708148
5067,18.18,74.37,0.13296161419210048,0.01024970983152429
5068,18.18,74.38,0.13371753896995536,0.010184606570116377
5069,18.18,74.39,0.1327084310502869,0.010166077391193925
5070,18.18,74.4,0.13149463904149425,0.010170116220434264
5071,18.18,74.41,0.13148703718331867,0.010158286246013169
5072,18.18,74.42,0.13275926281994765,0.01014523629711913
5073,18.18,74.43,0.13484994969158717,0.010167121879246406
5074,18.18,74.44,0.1375570527941361,0.01018951130611407
5075,18.18,74.45,0.14265949077595544,0.010201712848087583
5076,18.18,74.46,0.14871830197034988,0.0102030431584728
5077,18.18,74.47,0.15439663869947529,0.01019205213329932
5078,18.18,74.48,0.15722068727572402,0.010187509636116563
5079,18.18,74.49,0.1567574281014504,0.010199322264831842
5080,18.18,74.5,0.15412841884060724,0.010236638851876433
5081,18.18,74.51,0.1515965367637009,0.010321948028662773
5082,18.18,74.52,0.14900574285827692,0.010403289688075572
5083,18.18,74.53,0.14672811745565115,0.010466823915437197
5084,18.18,74.54,0.14491252111643885,0.010510182166591381
5085,18.18,74.55,0.14278280966022744,0.010544059481436677
5086,18.18,74.56,0.14086683461719715,0.010562986228630422
5087,18.18,74.57,0.13952859834484088,0.010567724952193321
5088,18.18,74.58,0.1386657204464899,0.010561843179186504
5089,18.18,74.59,0.13828705666194535,0.01055136223758658
5090,18.18,74.6,0.1386313942302732,0.010543656773306286
5091,18.18,74.61,0.1389453278625411,0.01052449743374257
5092,18.18,74.62,0.13928233338295748,0.010510069286549524
5093,18.18,74.63,0.13957023396704776,0.010500523761892203
5094,18.18,74.64,0.13998190829760407,0.010481017683343268
5095,18.18,74.65,0.14076616662668942,0.010464198725875224
5096,18.18,74.66,0.14184805037650966,0.010451019672455894
5097,18.18,74.67,0.14302294919815783,0.01044141121945787
5098,18.18,74.68,0.1445561953652387,0.010432860096492556
5099,18.18,74.69,0.14656283111013702,0.010435322818354464
5100,18.18,74.7,0.14852972919658602,0.010442464328183245
5101,18.18,74.71,0.1506419389166027,0.01044450125067637
5102,18.18,74.72,0.15332308931731817,0.010454490493163002
5103,18.18,74.73,0.1556512157978321,0.010462900252248337
5104,18.18,74.74,0.1577631365292567,0.010462878882078612
5105,18.18,74.75,0.15974769112903367,0.010451646702722897
5106,18.18,74.76,0.16175916173868735,0.010425743170866456
5107,18.18,74.77,0.1635360776440268,0.010395741465734586
5108,18.18,74.78,0.16437295092539056,0.010383574126048872
5109,18.18,74.79,0.16634203643527087,0.010398373421362963
5110,18.18,74.8,0.16870533372152738,0.010424375000128465
5111,18.18,74.81,0.1709357998145648,0.010441530692887368
5112,18.18,74.82,0.1737432681086032,0.010447437484956416
5113,18.18,74.83,0.17835859965084103,0.010447518197761492
5114,18.18,74.84,0.1849591203820464,0.010434293333263064
5115,18.18,74.85,0.1942640319023959,0.01041185737833732
5116,18.18,74.86,0.2072856495665154,0.010395122160785612
5117,18.18,74.87,0.22491638753102539,0.010380361685668412
5118,18.18,74.88,0.24724174025825682,0.010365509344957814
5119,18.18,74.89,0.27180449684745495,0.01033812732139887
5120,18.18,74.9,0.2950994756418478,0.010301152996579748
5121,18.18,74.91,0.3140919163589056,0.010283853199318243
5122,18.18,74.92,0.32454852866404366,0.010267729874580796
5123,18.18,74.93,0.32595603785598387,0.01024881961145452
5124,18.18,74.94,0.32762948283145815,0.010252910338292036
5125,18.18,74.95,0.3309648484108435,0.010256266830710032
5126,18.18,74.96,0.3261900771403222,0.010256616762793542
5127,18.18,74.97,0.31543320054335533,0.01026057136731588
5128,18.18,74.98,0.30254274875062337,0.01028263183228589
5129,18.18,74.99,0.2881064876065113,0.010323498403651066
5130,18.18,75.0,0.27514404005060084,0.010372718080720676
5131,18.18,75.01,0.2635353982895867,0.010408985321556622
5132,18.18,75.02,0.2538068549771996,0.010427734852734287
5133,18.18,75.03,0.24705884223127836,0.010444770678830812
5134,18.18,75.04,0.24150253178091746,0.010460857556300811
5135,18.18,75.05,0.23592365592799913,0.010488371402551185
5136,18.18,75.06,0.23040191590719636,0.010527396280949083
5137,18.18,75.07,0.22601092928428546,0.010563293606420636
5138,18.18,75.08,0.22348426314783854,0.010585440328770238
5139,18.18,75.09,0.223048867398433,0.010587567057449345
5140,18.18,75.1,0.22480657942684087,0.010565193828674546
5141,18.18,75.11,0.22882319452310135,0.010515150440024545
5142,18.18,75.12,0.20673999999997414,3.5369029136691954e-15
5143,18.18,75.13,0.2504678930384555,0.010408867913680174
5144,18.18,75.14,0.2703360806398627,0.010360774426072753
5145,18.18,75.15,0.2922801963484175,0.010276154406097412
5146,18.18,75.16,0.31083879704180556,0.010205013883000057
5147,18.18,75.17,0.31568378251789847,0.010179284898776283
5148,18.18,75.18,0.3322454000514298,0.010187237570066756
5149,18.18,75.19,0.3497596266620878,0.01021052720566551
5150,18.18,75.2,0.35789910005274234,0.010296307313131622
5151,18.18,75.21,0.35914103566028155,0.01039234854942211
5152,18.18,75.22,0.35652290337481074,0.010478777999515443
5153,18.18,75.23,0.35197833490981806,0.010561704844615176
5154,18.18,75.24,0.3470024952797839,0.010645519136209283
5155,18.18,75.25,0.3423698772596485,0.010720460500008673
5156,18.18,75.26,0.33855012884427027,0.010784717799949545
5157,18.18,75.27,0.3354029253626889,0.010835510414953786
5158,18.18,75.28,0.33268558416496774,0.010871754384918442
5159,18.18,75.29,0.33020552404093606,0.010894984891308725
5160,18.18,75.3,0.327932207163002,0.010910057613373984
5161,18.18,75.31,0.3259259089922144,0.010923172151909284
5162,18.18,75.32,0.3238446438858161,0.010933845804781364
5163,18.18,75.33,0.32129435503914355,0.01093925802214339
5164,18.18,75.34,0.3179779949797,0.010940010127565538
5165,18.18,75.35,0.313455150439411,0.010939536531126956
5166,18.18,75.36,0.3077981008873871,0.010938903283790224
5167,18.18,75.37,0.3016791983355979,0.010934911070962118
5168,18.18,75.38,0.2958910477840767,0.010927548252491821
5169,18.18,75.39,0.2911088718317212,0.01092484434670977
5170,18.18,75.4,0.2875109722229178,0.010930642272381245
5171,18.18,75.41,0.2846203217277369,0.010940674931297046
5172,18.18,75.42,0.28219931260266107,0.010956597026200478
5173,18.18,75.43,0.2802920829080016,0.010980617238406183
5174,18.18,75.44,0.2787095169481369,0.011011012000954067
5175,18.18,75.45,0.27716330095487113,0.01104341298638983
5176,18.18,75.46,0.27544182126756844,0.011073705333186171
5177,18.18,75.47,0.27393624956703405,0.011099158785334755
5178,18.18,75.48,0.2727212020724618,0.011118354009369518
5179,18.18,75.49,0.2719336074601926,0.011130848626261588
5180,18.18,75.5,0.27166427397213716,0.011136907041346861
5181,18.18,75.51,0.27185729810714665,0.011137306022665466
5182,18.18,75.52,0.27245592058481083,0.011133170320296737
5183,18.18,75.53,0.27341005348648467,0.011125711632669134
5184,18.18,75.54,0.27461946620133426,0.011115894446166579
5185,18.18,75.55,0.2759137162686956,0.011104220035004353
5186,18.18,75.56,0.27709184906003226,0.011090789787545132
5187,18.18,75.57,0.27789026109128157,0.011075457117473032
5188,18.18,75.58,0.2781986407733948,0.01105790044911957
5189,18.18,75.59,0.2779777066203328,0.011037642929647259
5190,18.18,75.6,0.277172918885299,0.011014152982292639
5191,18.18,75.61,0.2759890775407988,0.010987063723854325
5192,18.18,75.62,0.2745405991635637,0.010956718462163097
5193,18.18,75.63,0.2727437411078123,0.010925779357164263
5194,18.18,75.64,0.2701980587132105,0.010901522757545249
5195,18.18,75.65,0.266387039756383,0.010888833570984427
5196,18.18,75.66,0.26089554666156406,0.010887381778237566
5197,18.18,75.67,0.25412610828570015,0.010893598732457908
5198,18.18,75.68,0.24683065042809638,0.010902821236253234
5199,18.18,75.69,0.23970268436504963,0.010915764652238508
5200,18.18,75.7,0.23332205204422718,0.010934753267988696
5201,18.18,75.71,0.22915595355882346,0.010977684065021762
5202,18.18,75.72,0.22513382299487544,0.011016242017921247
5203,18.18,75.73,0.22080834740294164,0.011045487178914945
5204,18.18,75.74,0.21629678653933307,0.0110673531482718
5205,18.18,75.75,0.21174465695732192,0.011086016364408095
5206,18.18,75.76,0.2073321573980684,0.011104135110429413
5207,18.18,75.77,0.20325523471451187,0.011126269710155085
5208,18.18,75.78,0.1997746346412359,0.011158662481313277
5209,18.18,75.79,0.19659984931043936,0.011187415993691947
5210,18.18,75.8,0.19360066940125414,0.011205158094727186
5211,18.18,75.81,0.1907750577105271,0.011210267427756063
5212,18.18,75.82,0.18808648155365018,0.01120264912255959
5213,18.18,75.83,0.1854354164496302,0.011183029861804703
5214,18.18,75.84,0.18265345956232804,0.011153094492613577
5215,18.18,75.85,0.1797278895511386,0.01111635727894313
5216,18.18,75.86,0.17691008449413,0.011080427857329716
5217,18.18,75.87,0.17459946911957108,0.011056841077134956
5218,18.18,75.88,0.17280350306151393,0.011046887520136191
5219,18.18,75.89,0.17128299898155572,0.0110406722092297
5220,18.18,75.9,0.1699371280586628,0.011031987909732756
5221,18.18,75.91,0.16867269610818456,0.011019299561574745
5222,18.18,75.92,0.16766884642599345,0.011039552341749893
5223,18.18,75.93,0.16668924218911632,0.011057505658609648
5224,18.18,75.94,0.16568247655063226,0.011066546670097722
5225,18.18,75.95,0.16476184568014285,0.01106604581671656
5226,18.18,75.96,0.16380931897325302,0.01105637148434632
5227,18.18,75.97,0.16292541016756298,0.011038944762421569
5228,18.18,75.98,0.16221784072759235,0.011016475483412983
5229,18.18,75.99,0.16159658176311995,0.010994077353100056
5230,18.18,76.0,0.16069877193649743,0.010981006198791492
5231,18.18,76.01,0.1593709322512211,0.010981390908024358
5232,18.18,76.02,0.15794673671027346,0.010987251566505395
5233,18.18,76.03,0.15656285847282314,0.010990614418658607
5234,18.18,76.04,0.15554075107007492,0.011016408604170394
5235,18.18,76.05,0.15474840238422816,0.011045344975239608
5236,18.18,76.06,0.15395560187729304,0.011063473763170604
5237,18.18,76.07,0.15310241070993233,0.011071869685606549
5238,18.18,76.08,0.15228439351269707,0.011073593426272397
5239,18.18,76.09,0.15131004304926887,0.011072666708197192
5240,18.18,76.1,0.15029229783208387,0.0110708460102859
5241,18.18,76.11,0.1494471851885479,0.0110692798128439
5242,18.18,76.12,0.14866846229719374,0.011072394086581241
5243,18.18,76.13,0.14799505342960223,0.011078436392063972
5244,18.18,76.14,0.1470733970862473,0.011081396379658937
5245,18.18,76.15,0.1458025842265661,0.011079702830474086
5246,18.18,76.16,0.14428947793637187,0.011074683405760054
5247,18.18,76.17,0.14274422872904838,0.011068384913159732
5248,18.18,76.18,0.14118829606347585,0.011062133078101449
5249,18.18,76.19,0.13982310382275892,0.011056263621398386
5250,18.18,76.2,0.138915745322438,0.011051392447931485
5251,18.18,76.21,0.13849852157029088,0.011050301212686416
5252,18.18,76.22,0.13856892982724422,0.01106064926523883
5253,18.18,76.23,0.13938667474248,0.011090546434598284
5254,18.18,76.24,0.14070084967678992,0.011134359029526798
5255,18.18,76.25,0.14197764448391914,0.011194496817316064
5256,18.18,76.26,0.1427960052920208,0.011286548699430177
5257,18.18,76.27,0.1433187027165849,0.011399096018701985
5258,18.18,76.28,0.14370177188294975,0.011515784276568537
5259,18.18,76.29,0.144219869866427,0.011631161791188852
5260,18.18,76.3,0.14494896200656043,0.011743672784558446
5261,18.18,76.31,0.1458782195654069,0.01185291698662036
5262,18.18,76.32,0.14697965631032248,0.011958921923535397
5263,18.18,76.33,0.14814207042311262,0.012061898237669276
5264,18.18,76.34,0.14903690900231095,0.012162145306608977
5265,18.18,76.35,0.1497287105719824,0.012260002768058699
5266,18.18,76.36,0.15034352692232936,0.01235581222217292
5267,18.18,76.37,0.15091859034072885,0.012449876615867892
5268,18.18,76.38,0.1514118757899605,0.012542432507841624
5269,18.18,76.39,0.15175491665160507,0.012633640216262568
5270,18.18,76.4,0.15187379622820044,0.012723590564296564
5271,18.18,76.41,0.15181532922984384,0.012812315677596815
5272,18.18,76.42,0.15172527996749285,0.012899799804482418
5273,18.18,76.43,0.15169129705830384,0.012986009733322715
5274,18.18,76.44,0.15181306856359497,0.013070892587892133
5275,18.19,73.4,0.16965575222383544,0.01161800931109076
5276,18.19,73.41,0.1653116457361632,0.011529126260048294
5277,18.19,73.42,0.16108205876228768,0.011447333961292426
5278,18.19,73.43,0.15703920159388188,0.011371969495641612
5279,18.19,73.44,0.1535640450256632,0.01130165073135023
5280,18.19,73.45,0.15046492815682336,0.011234878342379124
5281,18.19,73.46,0.1476078286510828,0.011171105595420458
5282,18.19,73.47,0.1453433584587725,0.011112055487800471
5283,18.19,73.48,0.14403041455387539,0.011060346816046632
5284,18.19,73.49,0.1436579855773945,0.011015548008779151
5285,18.19,73.5,0.14425070711178484,0.010995122545891186
5286,18.19,73.51,0.14544053348076438,0.0109847204174554
5287,18.19,73.52,0.146862012486338,0.010970717347370951
5288,18.19,73.53,0.14837690030375092,0.0109518983873543
5289,18.19,73.54,0.14996213742885273,0.010927779289259636
5290,18.19,73.55,0.15161268173317843,0.010898324939233667
5291,18.19,73.56,0.1531215065372678,0.010863799832570286
5292,18.19,73.57,0.15426443398776635,0.010824258282747768
5293,18.19,73.58,0.15495360500490477,0.010778819147133332
5294,18.19,73.59,0.15506179131139267,0.010725321100214782
5295,18.19,73.6,0.15466061265589112,0.010661242893420434
5296,18.19,73.61,0.15371758379606837,0.010585881090297232
5297,18.19,73.62,0.15203698109427344,0.010503053918533706
5298,18.19,73.63,0.15136939286664589,0.010449928817879796
5299,18.19,73.64,0.15277119459781466,0.010443802376739407
5300,18.19,73.65,0.15365387599933347,0.010455027419994054
5301,18.19,73.66,0.15416779054415158,0.010444939054299706
5302,18.19,73.67,0.15372143843252825,0.010428914215147612
5303,18.19,73.68,0.15379929928155786,0.010413960077682636
5304,18.19,73.69,0.1538766363597074,0.01041257776968077
5305,18.19,73.7,0.15542021028990252,0.01041970732028633
5306,18.19,73.71,0.15657115883471576,0.01043632921106313
5307,18.19,73.72,0.15779279374852215,0.010446979556929753
5308,18.19,73.73,0.15892140070795174,0.010440894862369338
5309,18.19,73.74,0.1603356392586347,0.010432255623187833
5310,18.19,73.75,0.16125843480798357,0.010429140529618007
5311,18.19,73.76,0.16201086700859155,0.010433887454629698
5312,18.19,73.77,0.1632569142519987,0.010454578692914706
5313,18.19,73.78,0.16421328014394124,0.010481964652398874
5314,18.19,73.79,0.1664590970280194,0.010515891902073119
5315,18.19,73.8,0.16842087886982146,0.010536987975504012
5316,18.19,73.81,0.16994061847790423,0.010538465062216174
5317,18.19,73.82,0.17170611242446854,0.01052440458486768
5318,18.19,73.83,0.17428095547247674,0.010508899620488283
5319,18.19,73.84,0.17671018196296498,0.010505443687898953
5320,18.19,73.85,0.17782909994182683,0.01050794844007219
5321,18.19,73.86,0.17881857859648462,0.010504838595926378
5322,18.19,73.87,0.18011726806333728,0.010495878405857195
5323,18.19,73.88,0.1817851617757309,0.010480485617837473
5324,18.19,73.89,0.18436299132147715,0.010459295042933425
5325,18.19,73.9,0.18890631412676215,0.010436323679055332
5326,18.19,73.91,0.1937695251271436,0.01039692014799463
5327,18.19,73.92,0.1974998543826715,0.01034494548896389
5328,18.19,73.93,0.19775423842868373,0.010304987826342519
5329,18.19,73.94,0.1961628042579189,0.010289601886367988
5330,18.19,73.95,0.1956815176761128,0.010277275404714155
5331,18.19,73.96,0.19376985786440684,0.010261223435799393
5332,18.19,73.97,0.18724258134473676,0.010278595954474133
5333,18.19,73.98,0.18110532976842894,0.010274908792851875
5334,18.19,73.99,0.1766423087811355,0.010258749855047811
5335,18.19,74.0,0.17241666173571216,0.010245068406311016
5336,18.19,74.01,0.16820579337604294,0.010240797763429723
5337,18.19,74.02,0.16440698017754726,0.010226339550933687
5338,18.19,74.03,0.1657674933663897,0.010232698888710924
5339,18.19,74.04,0.17450888469429943,0.010315783354119708
5340,18.19,74.05,0.18550766073913247,0.010431345579644072
5341,18.19,74.06,0.19714088292025103,0.010540720326774177
5342,18.19,74.07,0.2087163837189843,0.010632168701825956
5343,18.19,74.08,0.21971981202330065,0.010703761400570624
5344,18.19,74.09,0.2295919826977581,0.010756276155305389
5345,18.19,74.1,0.2377761276247926,0.010790689662483255
5346,18.19,74.11,0.24396554282257302,0.010806954008956099
5347,18.19,74.12,0.24826811516151512,0.0108042974275999
5348,18.19,74.13,0.2533054711540358,0.0108091226561263
5349,18.19,74.14,0.2575109963071533,0.010800417166098083
5350,18.19,74.15,0.26039073487966835,0.01077133963102178
5351,18.19,74.16,0.2619013236862702,0.010723710106120906
5352,18.19,74.17,0.2611242504457441,0.010674882408706277
5353,18.19,74.18,0.2573068757474943,0.010632456310261199
5354,18.19,74.19,0.2496768383181455,0.010597396708927495
5355,18.19,74.2,0.236513252913769,0.010562579817740466
5356,18.19,74.21,0.2207929243924425,0.010544321041144451
5357,18.19,74.22,0.20712394883515808,0.010568796060059534
5358,18.19,74.23,0.19318407922881584,0.010590207063735348
5359,18.19,74.24,0.1793986288478515,0.010601688067175425
5360,18.19,74.25,0.16645462439731779,0.01060135216841757
5361,18.19,74.26,0.15490355554303484,0.01058724096319462
5362,18.19,74.27,0.14501027288090818,0.01056778304793219
5363,18.19,74.28,0.13701089753801735,0.01056183582250361
5364,18.19,74.29,0.1311438199956096,0.010570554937319822
5365,18.19,74.3,0.12725850469791902,0.010572888238480745
5366,18.19,74.31,0.12498044863046852,0.010562809355740789
5367,18.19,74.32,0.12404271567721707,0.010542129958511195
5368,18.19,74.33,0.12430700659115865,0.010511363021111836
5369,18.19,74.34,0.12535744912310362,0.010466672608031783
5370,18.19,74.35,0.12689971099353564,0.010401562620891428
5371,18.19,74.36,0.1287304232677468,0.010311748161401376
5372,18.19,74.37,0.13069452458629272,0.010211559946732155
5373,18.19,74.38,0.13198356645410797,0.010160476342267832
5374,18.19,74.39,0.13238700417580426,0.010140665288382486
5375,18.19,74.4,0.1326578891989944,0.010147106774469077
5376,18.19,74.41,0.13498863438480954,0.010148129367955328
5377,18.19,74.42,0.13789094083059017,0.010144284788408708
5378,18.19,74.43,0.1386039516938551,0.010152983665259092
5379,18.19,74.44,0.1406901296519975,0.010156286973111935
5380,18.19,74.45,0.14590100969021152,0.010166294474047079
5381,18.19,74.46,0.1586999999999593,1.313000765754121e-15
5382,18.19,74.47,0.15839395059890557,0.010152700079342287
5383,18.19,74.48,0.1605419113271512,0.010136875315790708
5384,18.19,74.49,0.15939611961582367,0.010129104175775498
5385,18.19,74.5,0.15556073607098325,0.01018595660718543
5386,18.19,74.51,0.15182753862215867,0.01028452756619754
5387,18.19,74.52,0.14886972056358774,0.01036655830579011
5388,18.19,74.53,0.14643655333293581,0.010422866521418066
5389,18.19,74.54,0.14449024215658732,0.010470141652870569
5390,18.19,74.55,0.14248424317574718,0.010498997961104112
5391,18.19,74.56,0.1408593255107449,0.010510889886209115
5392,18.19,74.57,0.1398388191626244,0.010512703645506648
5393,18.19,74.58,0.13918734252136422,0.010510984216398346
5394,18.19,74.59,0.13856796982378938,0.010508704490334716
5395,18.19,74.6,0.13819982373805414,0.010503101435840906
5396,18.19,74.61,0.13803941133217654,0.010491601273164966
5397,18.19,74.62,0.13809621885075746,0.010479399364684413
5398,18.19,74.63,0.13831632896329907,0.010465751136658196
5399,18.19,74.64,0.13863085331867658,0.010444945919864449
5400,18.19,74.65,0.1391654582251467,0.010426760053341552
5401,18.19,74.66,0.11000000000006324,1.7855032549415656e-15
5402,18.19,74.67,0.14108345944431797,0.010409670920134985
5403,18.19,74.68,0.14245444449628822,0.010402078958110727
5404,18.19,74.69,0.14407598287334666,0.010398498547447376
5405,18.19,74.7,0.14568337803131795,0.01039855240235102
5406,18.19,74.71,0.14742399135332404,0.010398498568117734
5407,18.19,74.72,0.14994672437500897,0.010412503982305067
5408,18.19,74.73,0.15211161012202568,0.010420522447915819
5409,18.19,74.74,0.15404998534010503,0.010419916062986794
5410,18.19,74.75,0.1560033267176227,0.010410996723227883
5411,18.19,74.76,0.15821300306963246,0.010390708696188923
5412,18.19,74.77,0.16050374044665677,0.010371272365290651
5413,18.19,74.78,0.16178986840348306,0.010370129941628933
5414,18.19,74.79,0.16369208986345044,0.010379674454488943
5415,18.19,74.8,0.16529872682256172,0.010396683306363392
5416,18.19,74.81,0.16600864042070404,0.010412112585418744
5417,18.19,74.82,0.16690046285425542,0.010413623060135888
5418,18.19,74.83,0.17016038653312285,0.010419456576581448
5419,18.19,74.84,0.1754149687312393,0.010410234423342348
5420,18.19,74.85,0.18295669499745446,0.010385556450433873
5421,18.19,74.86,0.19467787406760342,0.010364290104906962
5422,18.19,74.87,0.2120888426347058,0.010349408040810333
5423,18.19,74.88,0.23459849921780954,0.010324449964841382
5424,18.19,74.89,0.26331473696890073,0.010293319716385637
5425,18.19,74.9,0.2932450209530544,0.010252710654022586
5426,18.19,74.91,0.3196415466140555,0.010221101855947025
5427,18.19,74.92,0.3366457954060863,0.010188175534334324
5428,18.19,74.93,0.3401477567568529,0.010171796089469628
5429,18.19,74.94,0.34082499399361055,0.010192958479449716
5430,18.19,74.95,0.34347743717210066,0.010195927029450009
5431,18.19,74.96,0.3387685489171943,0.01018528214220713
5432,18.19,74.97,0.32040646118647764,0.010171629065497382
5433,18.19,74.98,0.3051213327364956,0.010209272977512392
5434,18.19,74.99,0.28849232381403056,0.01027182428094347
5435,18.19,75.0,0.27053364664604873,0.01034853648952865
5436,18.19,75.01,0.25524327806646274,0.010400810038028913
5437,18.19,75.02,0.24310999435971659,0.010432489196013972
5438,18.19,75.03,0.23432991729257377,0.010456503455843077
5439,18.19,75.04,0.22829763650791635,0.010482749919137701
5440,18.19,75.05,0.22366120799109432,0.010512242397578303
5441,18.19,75.06,0.22003942766646917,0.01054445342873313
5442,18.19,75.07,0.2176503776577722,0.010573364375566247
5443,18.19,75.08,0.21679137075336916,0.010590563232698472
5444,18.19,75.09,0.21756245555524836,0.010589768654837519
5445,18.19,75.1,0.22003514457912265,0.010566224077708802
5446,18.19,75.11,0.2244985548377627,0.010517399647512055
5447,18.19,75.12,0.23176231771396444,0.010450550525415808
5448,18.19,75.13,0.24606861841077035,0.010409320890275148
5449,18.19,75.14,0.2648552109741355,0.010354812721560093
5450,18.19,75.15,0.2844143889166846,0.010267782943057848
5451,18.19,75.16,0.30167269428825516,0.01018831335738645
5452,18.19,75.17,0.311495679693911,0.010167727448042728
5453,18.19,75.18,0.33350112366948,0.010179991001542814
5454,18.19,75.19,0.3547149940100394,0.010207253436631099
5455,18.19,75.2,0.36377800170989616,0.010268561995674746
5456,18.19,75.21,0.3634646830956503,0.010348018157152198
5457,18.19,75.22,0.358945237302059,0.01042927109544683
5458,18.19,75.23,0.3519739465177821,0.010512167709122049
5459,18.19,75.24,0.3450113560651545,0.010594778441672387
5460,18.19,75.25,0.33954547872416146,0.010671282686363814
5461,18.19,75.26,0.33569951387958047,0.01073933157133212
5462,18.19,75.27,0.3326500180853205,0.010790893118514703
5463,18.19,75.28,0.3300514717993291,0.010824695286021329
5464,18.19,75.29,0.3276631843216452,0.010842085508287885
5465,18.19,75.3,0.3252819303584089,0.010848183274272371
5466,18.19,75.31,0.3241408931545479,0.010862700403957327
5467,18.19,75.32,0.3230645126042526,0.010876395838382437
5468,18.19,75.33,0.32133003872500093,0.010881975152434062
5469,18.19,75.34,0.31890661675947607,0.01088034187231028
5470,18.19,75.35,0.3147305589275899,0.01088067796838073
5471,18.19,75.36,0.30834634513529274,0.01088867713916153
5472,18.19,75.37,0.3017204173281003,0.010891899937134582
5473,18.19,75.38,0.29562318784834263,0.01088936541011738
5474,18.19,75.39,0.29043913101708546,0.010884461869600653
5475,18.19,75.4,0.2861070618601826,0.010880237154010857
5476,18.19,75.41,0.28242910127892856,0.010879900108273137
5477,18.19,75.42,0.2791541619428238,0.010890832013422665
5478,18.19,75.43,0.27627079462039705,0.010919032932648863
5479,18.19,75.44,0.2739295789727558,0.010959122296974814
5480,18.19,75.45,0.27191346036983527,0.011001663247699023
5481,18.19,75.46,0.26984648519218685,0.011040514804288437
5482,18.19,75.47,0.26794716575399186,0.011072620657019576
5483,18.19,75.48,0.26634513766106804,0.01109675966845579
5484,18.19,75.49,0.26510134776426214,0.011112767580696943
5485,18.19,75.5,0.26439472055361585,0.011121169278190365
5486,18.19,75.51,0.2642100294858739,0.011123038337188059
5487,18.19,75.52,0.2645011262170411,0.011119939682655674
5488,18.19,75.53,0.26529415345581187,0.011113639288380286
5489,18.19,75.54,0.26648115161289426,0.011105381795392711
5490,18.19,75.55,0.26797577063856537,0.011095336718850999
5491,18.19,75.56,0.2695847241451284,0.011082978630772346
5492,18.19,75.57,0.27101748032396844,0.011067707291230638
5493,18.19,75.58,0.27211018627097916,0.011048985028621177
5494,18.19,75.59,0.27279313577030845,0.011026187529782235
5495,18.19,75.6,0.27294416062871807,0.010998537525433047
5496,18.19,75.61,0.2725879872895428,0.010965197762890809
5497,18.19,75.62,0.2719430304508376,0.010925507014595581
5498,18.19,75.63,0.27107967821482276,0.01087972532730081
5499,18.19,75.64,0.2694520942886383,0.010842628938169075
5500,18.19,75.65,0.26655658763122814,0.010823540915205642
5501,18.19,75.66,0.26086730260300345,0.010822743469261155
5502,18.19,75.67,0.2535615527114245,0.010834613945467426
5503,18.19,75.68,0.24597938827314705,0.010846899120895861
5504,18.19,75.69,0.23909718618746595,0.010867730275662188
5505,18.19,75.7,0.23381521126233776,0.010906062007159231
5506,18.19,75.71,0.22970458482413306,0.010954570715619042
5507,18.19,75.72,0.22579243184862127,0.01100040951507501
5508,18.19,75.73,0.22157629673492085,0.011038234747803053
5509,18.19,75.74,0.2171146216138752,0.011069082314188853
5510,18.19,75.75,0.21255191551932517,0.01109538818854059
5511,18.19,75.76,0.2081282280744445,0.011119742334166797
5512,18.19,75.77,0.20391882516918455,0.011144861162212968
5513,18.19,75.78,0.19991631839440696,0.011171186608508181
5514,18.19,75.79,0.19618641482913743,0.011194088485502261
5515,18.19,75.8,0.19266588166222967,0.011208680892182256
5516,18.19,75.81,0.18938794678050055,0.011212465231862498
5517,18.19,75.82,0.18633439297848192,0.01120463183066102
5518,18.19,75.83,0.18341765138143146,0.011185415806992968
5519,18.19,75.84,0.18046635388567156,0.011155959129493527
5520,18.19,75.85,0.17743089348930846,0.011118558838179901
5521,18.19,75.86,0.1744524407113309,0.011077678278708541
5522,18.19,75.87,0.17191971934331873,0.011048431536463513
5523,18.19,75.88,0.17005970615368154,0.011039454480696915
5524,18.19,75.89,0.1684666564903664,0.0110317041986648
5525,18.19,75.9,0.16711966243133475,0.011023092401217642
5526,18.19,75.91,0.16594229267713098,0.011019709297870802
5527,18.19,75.92,0.1650420949051052,0.011029348208111694
5528,18.19,75.93,0.1642665254910004,0.011043064935824786
5529,18.19,75.94,0.16349151497558873,0.011051443486927102
5530,18.19,75.95,0.16283009820292663,0.011051600001506288
5531,18.19,75.96,0.1620997214183318,0.011043559452409573
5532,18.19,75.97,0.1613815095135213,0.011029042813938468
5533,18.19,75.98,0.16072410654429456,0.011011218666383472
5534,18.19,75.99,0.16010062241708825,0.010994595427456523
5535,18.19,76.0,0.15933013031824528,0.010983856647431917
5536,18.19,76.01,0.15835847560524466,0.010980455699072154
5537,18.19,76.02,0.15725716964627978,0.010981531385100312
5538,18.19,76.03,0.1561617841697879,0.010985691078596049
5539,18.19,76.04,0.1551755515542689,0.010999954207025263
5540,18.19,76.05,0.15434538491887034,0.011016912468961545
5541,18.19,76.06,0.15354830646525985,0.011025950110130533
5542,18.19,76.07,0.1527048428683025,0.011025465455854797
5543,18.19,76.08,0.15187228040394218,0.011018655285629286
5544,18.19,76.09,0.1509650041735236,0.011014710467891197
5545,18.19,76.1,0.1499584507705877,0.01101419814708664
5546,18.19,76.11,0.14902213032983624,0.011010463865855044
5547,18.19,76.12,0.14815705411968008,0.011021453969225936
5548,18.19,76.13,0.14738978318731868,0.011040800216565947
5549,18.19,76.14,0.1463698058307708,0.011052753480962964
5550,18.19,76.15,0.14498029360631162,0.011057063939462656
5551,18.19,76.16,0.14335998873158823,0.011055200485886481
5552,18.19,76.17,0.14169332043005844,0.011049388349150537
5553,18.19,76.18,0.14005442123767653,0.011041824493462282
5554,18.19,76.19,0.13859357528843452,0.0110338793409774
5555,18.19,76.2,0.1375736730695026,0.011027457473559793
5556,18.19,76.21,0.1370799117304028,0.011027775914891296
5557,18.19,76.22,0.13724137897904556,0.01104103538731638
5558,18.19,76.23,0.13848842416169188,0.01107303035520692
5559,18.19,76.24,0.14049190767163078,0.011119091404085497
5560,18.19,76.25,0.1427790439719431,0.01117269711740931
5561,18.19,76.26,0.14308066271500886,0.01127831089314265
5562,18.19,76.27,0.14330065570528366,0.011391239779542052
5563,18.19,76.28,0.14350907779113525,0.01150544102500615
5564,18.19,76.29,0.1439360950752129,0.011618191156243551
5565,18.19,76.3,0.1446217161593304,0.011728192048341479
5566,18.19,76.31,0.14548778505107693,0.011834990317544945
5567,18.19,76.32,0.14653488868505526,0.011938568908105338
5568,18.19,76.33,0.14766382189544877,0.01203913182449764
5569,18.19,76.34,0.14857820959679346,0.012137001331921249
5570,18.19,76.35,0.14928440937386098,0.012232553005583591
5571,18.19,76.36,0.14991721221762583,0.01232616557553499
5572,18.19,76.37,0.15051411480146348,0.012418173161048648
5573,18.19,76.38,0.15103426606679204,0.01250883075223934
5574,18.19,76.39,0.15141671157860337,0.012598296128264356
5575,18.19,76.4,0.15158971086356682,0.01268663860082557
5576,18.19,76.41,0.15158101437992533,0.012773856742430657
5577,18.19,76.42,0.15155575639371746,0.012859898533409268
5578,18.19,76.43,0.15158197425228823,0.012944681607566585
5579,18.19,76.44,0.1517523331670061,0.013028108897447984
5580,18.19,76.45,0.15204346082523898,0.013110075471735948
5581,18.2,73.4,0.16446656923807146,0.011593105925006994
5582,18.2,73.41,0.16047303146166345,0.011503651116198211
5583,18.2,73.42,0.156563719339093,0.011421472273132305
5584,18.2,73.43,0.15290945084459232,0.011346140269773541
5585,18.2,73.44,0.14983470546907934,0.011276638770418785
5586,18.2,73.45,0.1470937828774113,0.011211749827864725
5587,18.2,73.46,0.1446371264931879,0.011150633638631648
5588,18.2,73.47,0.14275543140026145,0.011093132951508511
5589,18.2,73.48,0.14162552836620654,0.011039264600714093
5590,18.2,73.49,0.14128470797862178,0.010990721054083035
5591,18.2,73.5,0.14187866513667205,0.01096255684781307
5592,18.2,73.51,0.1431498945674861,0.010945608080035257
5593,18.2,73.52,0.14479622757919017,0.010927855258727399
5594,18.2,73.53,0.14664535025891975,0.010906456253140741
5595,18.2,73.54,0.1486640349129346,0.010879712194688394
5596,18.2,73.55,0.15073145634076018,0.010847159483150915
5597,18.2,73.56,0.15263662409414863,0.01080950876876686
5598,18.2,73.57,0.1542011717520133,0.010768307977137853
5599,18.2,73.58,0.15537977150009843,0.010724273887258481
5600,18.2,73.59,0.15600484715095447,0.010675365375400132
5601,18.2,73.6,0.15613589322737456,0.010617621144811901
5602,18.2,73.61,0.15571467375603187,0.010552867840412436
5603,18.2,73.62,0.15424891189057074,0.010491200033900363
5604,18.2,73.63,0.1536840969892596,0.010441809402010893
5605,18.2,73.64,0.15422631061014638,0.010431815818629047
5606,18.2,73.65,0.15447143445446707,0.010437261978646055
5607,18.2,73.66,0.154199671729173,0.010432132059844489
5608,18.2,73.67,0.15381818807291026,0.010418263463744554
5609,18.2,73.68,0.15416623797057882,0.010405136547199757
5610,18.2,73.69,0.15422934838140723,0.010395318961704652
5611,18.2,73.7,0.1568578640945672,0.010404940909479786
5612,18.2,73.71,0.1594066053914417,0.010415738645501025
5613,18.2,73.72,0.16076928222752848,0.010415831254418702
5614,18.2,73.73,0.16128295661021638,0.010414766986666265
5615,18.2,73.74,0.16149104090828778,0.010421454558490499
5616,18.2,73.75,0.16179320335434397,0.010426401097212792
5617,18.2,73.76,0.16268725423008645,0.010435311187027153
5618,18.2,73.77,0.16406461167755892,0.010456097127434248
5619,18.2,73.78,0.16589916944952107,0.010484096262783247
5620,18.2,73.79,0.16787862286334906,0.01051186445016162
5621,18.2,73.8,0.16927133759939228,0.01053170414003726
5622,18.2,73.81,0.1702058267884602,0.010536799755291398
5623,18.2,73.82,0.1713341529426538,0.010527086053334665
5624,18.2,73.83,0.1731606491734895,0.010507190635724474
5625,18.2,73.84,0.17425771726700387,0.010496126969905541
5626,18.2,73.85,0.1750322584809574,0.010484257968789138
5627,18.2,73.86,0.17611211859305975,0.010467034884546372
5628,18.2,73.87,0.1777794579576635,0.010451674349631738
5629,18.2,73.88,0.1804479334065851,0.010435351225860031
5630,18.2,73.89,0.18446749731802944,0.010416450160655333
5631,18.2,73.9,0.19002087482059862,0.010391847179622498
5632,18.2,73.91,0.196067849535054,0.010340973858435583
5633,18.2,73.92,0.20136081322732916,0.010258228602098202
5634,18.2,73.93,0.19912129250149646,0.010201520309801836
5635,18.2,73.94,0.1927370603637807,0.010213360152844521
5636,18.2,73.95,0.19279858743583667,0.01025569736264742
5637,18.2,73.96,0.1913709428972903,0.010265325951520065
5638,18.2,73.97,0.1859504995860695,0.010293760591377751
5639,18.2,73.98,0.18052250538272152,0.01029652124125385
5640,18.2,73.99,0.17449229150685897,0.010286985841724983
5641,18.2,74.0,0.1921199999999284,-3.219012403141133e-15
5642,18.2,74.01,0.16647012030251543,0.01027760151085974
5643,18.2,74.02,0.1658819390462305,0.01028712958406285
5644,18.2,74.03,0.17093854031423658,0.010317830805555926
5645,18.2,74.04,0.17976183442990998,0.010385628166291731
5646,18.2,74.05,0.18980999620692804,0.010480288414637195
5647,18.2,74.06,0.20138238408132475,0.010574927024286633
5648,18.2,74.07,0.21350493888381222,0.01065700057699972
5649,18.2,74.08,0.2253741643779453,0.010721761783424844
5650,18.2,74.09,0.23615403560950957,0.010768552162822135
5651,18.2,74.1,0.24488770894560374,0.010798732052460392
5652,18.2,74.11,0.25109178146126737,0.010813756079977123
5653,18.2,74.12,0.2554131633232446,0.010816129763810916
5654,18.2,74.13,0.2593362493614661,0.010813063764763202
5655,18.2,74.14,0.2628466633296519,0.010798007973604895
5656,18.2,74.15,0.265607229346422,0.010764772202934661
5657,18.2,74.16,0.2675631514570937,0.010715995548189257
5658,18.2,74.17,0.2683722752473372,0.010663966144453477
5659,18.2,74.18,0.26759149054471804,0.010615134816064097
5660,18.2,74.19,0.26226098571674067,0.010572239112410528
5661,18.2,74.2,0.24739380554837723,0.010541539380569969
5662,18.2,74.21,0.2289088935190118,0.010521652993428937
5663,18.2,74.22,0.20978350823402195,0.010524713499247095
5664,18.2,74.23,0.1923364981683228,0.010535005141969145
5665,18.2,74.24,0.17591804438129524,0.010539857254271583
5666,18.2,74.25,0.16090776259367384,0.010536186716356592
5667,18.2,74.26,0.14799363338286192,0.010515841553920345
5668,18.2,74.27,0.13727387619478892,0.010489705875238047
5669,18.2,74.28,0.12894203138373833,0.010492597508184787
5670,18.2,74.29,0.12325126432279249,0.01050106773456865
5671,18.2,74.3,0.11969284761740662,0.010496203381744614
5672,18.2,74.31,0.11797885047535794,0.0104795308488159
5673,18.2,74.32,0.1178974585459106,0.010458659915983085
5674,18.2,74.33,0.1191919945234997,0.010437014100351997
5675,18.2,74.34,0.12116215073954086,0.010409070330715461
5676,18.2,74.35,0.12347185391586848,0.0103641517609155
5677,18.2,74.36,0.1259336994622119,0.010294987013233625
5678,18.2,74.37,0.12835852451449595,0.010216361094386518
5679,18.2,74.38,0.1305800299060759,0.010163665228473671
5680,18.2,74.39,0.13215864433147628,0.010144631512493618
5681,18.2,74.4,0.1349069977387594,0.010147275821002881
5682,18.2,74.41,0.1391310101289375,0.010151812683515178
5683,18.2,74.42,0.1431650542752924,0.010157628546923484
5684,18.2,74.43,0.14539351768285294,0.010165487674000833
5685,18.2,74.44,0.14649571406766287,0.01016740347824354
5686,18.2,74.45,0.14942284103596368,0.010188660625883299
5687,18.2,74.46,0.1536433079898432,0.0101993331277778
5688,18.2,74.47,0.15709348326398886,0.010185229991785621
5689,18.2,74.48,0.15789587121164136,0.010156208613317558
5690,18.2,74.49,0.1564194350169807,0.01016072047071939
5691,18.2,74.5,0.15422973317215724,0.010211341732477602
5692,18.2,74.51,0.15086086846075378,0.010291347424553962
5693,18.2,74.52,0.14806105104441142,0.010356777074313185
5694,18.2,74.53,0.145991824409212,0.010405246030258913
5695,18.2,74.54,0.14374991001195228,0.01043975028727198
5696,18.2,74.55,0.14174925316829293,0.010456540049348668
5697,18.2,74.56,0.14059460332285947,0.010462997245286052
5698,18.2,74.57,0.14015156982677102,0.010458828501728495
5699,18.2,74.58,0.14019239259072075,0.010453039040413633
5700,18.2,74.59,0.1392590341590106,0.010458810372565198
5701,18.2,74.6,0.1384237897141159,0.010454271279448518
5702,18.2,74.61,0.13773145031458298,0.010444101963653278
5703,18.2,74.62,0.13765396827933582,0.010433606121618652
5704,18.2,74.63,0.13793576103685748,0.010421602337856363
5705,18.2,74.64,0.13820788437814818,0.010405003927159925
5706,18.2,74.65,0.1384996679256322,0.010387868739806376
5707,18.2,74.66,0.13888135595306483,0.010381291566413394
5708,18.2,74.67,0.13957488054987205,0.010375363123116738
5709,18.2,74.68,0.14094828387465985,0.010368210651348764
5710,18.2,74.69,0.14248257438389203,0.010355920739666605
5711,18.2,74.7,0.14415069655018975,0.010350987850959776
5712,18.2,74.71,0.1456944511203109,0.01035089297343105
5713,18.2,74.72,0.14756084551389362,0.010366478897270213
5714,18.2,74.73,0.1495041921736577,0.010369148514551504
5715,18.2,74.74,0.1513078024460165,0.010366216129936698
5716,18.2,74.75,0.153543906378783,0.01036972354784639
5717,18.2,74.76,0.15611528558746796,0.010362578035129471
5718,18.2,74.77,0.15881620999042081,0.010359739848371345
5719,18.2,74.78,0.16133258564895236,0.010359535570752827
5720,18.2,74.79,0.16386341278283947,0.010364286027945098
5721,18.2,74.8,0.16493286946688895,0.010376079930166007
5722,18.2,74.81,0.16335890800143762,0.010385093446869892
5723,18.2,74.82,0.1625799740921112,0.010395156242088746
5724,18.2,74.83,0.16398228746244695,0.010395124380125641
5725,18.2,74.84,0.16797498859906845,0.010386865032051228
5726,18.2,74.85,0.17477839402914025,0.010373370212632523
5727,18.2,74.86,0.1855732786072683,0.010358074261786804
5728,18.2,74.87,0.2009813661155976,0.010336819701082287
5729,18.2,74.88,0.2218640596445161,0.01030263039305766
5730,18.2,74.89,0.2506250161996613,0.010262004055885213
5731,18.2,74.9,0.4912099999999032,1.3613459635387609e-16
5732,18.2,74.91,0.31599819258739387,0.010188709524583717
5733,18.2,74.92,0.49120999999996917,3.6171876526467754e-16
5734,18.2,74.93,0.3397471847797229,0.010122793147821994
5735,18.2,74.94,0.3353385131237582,0.010171932333470218
5736,18.2,74.95,0.33531320384686103,0.01019496203638472
5737,18.2,74.96,0.3311892591126328,0.010191326776679156
5738,18.2,74.97,0.5613899999999717,6.974847174732917e-16
5739,18.2,74.98,0.10523000000000773,-6.308058078237797e-16
5740,18.2,74.99,0.2816838420579995,0.010272908424407232
5741,18.2,75.0,0.260572910864779,0.010341630630490565
5742,18.2,75.01,0.24304567591343362,0.010388877116813817
5743,18.2,75.02,0.22989314184512827,0.010425184089788897
5744,18.2,75.03,0.22035166417325042,0.010451528651949035
5745,18.2,75.04,0.21470892808008735,0.010482585409218618
5746,18.2,75.05,0.21095542618212404,0.010511449969404407
5747,18.2,75.06,0.2088439961209454,0.010542834464160008
5748,18.2,75.07,0.20821001943147788,0.010571862191101875
5749,18.2,75.08,0.2088897379404191,0.01058914411692002
5750,18.2,75.09,0.21101566383727843,0.010591654545785355
5751,18.2,75.1,0.2146872532780005,0.010575565837203475
5752,18.2,75.11,0.22025784760103967,0.010540534443093011
5753,18.2,75.12,0.22875789149655604,0.01049374933931019
5754,18.2,75.13,0.2415252462264273,0.0104441765500876
5755,18.2,75.14,0.25782784813353143,0.01038136518047698
5756,18.2,75.15,0.27552531053749246,0.010294834835636497
5757,18.2,75.16,0.2938448896860736,0.010219231677841908
5758,18.2,75.17,0.3109597811356874,0.010202437783875898
5759,18.2,75.18,0.3330703773179675,0.010185574219804695
5760,18.2,75.19,0.3523351719139678,0.010185731800581715
5761,18.2,75.2,0.3632485098865958,0.01022997064021615
5762,18.2,75.21,0.3626827473694811,0.010305708975246181
5763,18.2,75.22,0.35703070867175285,0.0103853217875453
5764,18.2,75.23,0.347988194026237,0.01047328337226417
5765,18.2,75.24,0.34000094711219153,0.010554868931970185
5766,18.2,75.25,0.3346287596327739,0.010631785768498065
5767,18.2,75.26,0.3314794246952549,0.010701938915857877
5768,18.2,75.27,0.3290567239801366,0.010752032156200894
5769,18.2,75.28,0.32703764164209936,0.010782543844814344
5770,18.2,75.29,0.32530554004313555,0.010795664422595719
5771,18.2,75.3,0.32358264924087116,0.010797442326943307
5772,18.2,75.31,0.3229086509189192,0.010808380402476387
5773,18.2,75.32,0.32209631234372516,0.01082036136631412
5774,18.2,75.33,0.3205345659801043,0.010825890486357561
5775,18.2,75.34,0.3184838482070226,0.010824241753412884
5776,18.2,75.35,0.3146836000811657,0.01082560591177023
5777,18.2,75.36,0.30783300995603097,0.010840583337934254
5778,18.2,75.37,0.300967838571931,0.010847829958597578
5779,18.2,75.38,0.29460649852771814,0.010846635771380233
5780,18.2,75.39,0.28896574263129426,0.010838166191484156
5781,18.2,75.4,0.28411820060833254,0.010824293280909692
5782,18.2,75.41,0.2799407228460037,0.010809577567407566
5783,18.2,75.42,0.2759623287250751,0.010809589507863324
5784,18.2,75.43,0.27185103090861495,0.01084754770023151
5785,18.2,75.44,0.26870602765024587,0.010902896678534495
5786,18.2,75.45,0.266322315030396,0.010957440446763772
5787,18.2,75.46,0.26409741734474085,0.011004821574311959
5788,18.2,75.47,0.2619276141970563,0.011042797713687812
5789,18.2,75.48,0.26005704553598247,0.011070842310504944
5790,18.2,75.49,0.2584590295351744,0.011089238661311644
5791,18.2,75.5,0.2573079028868962,0.011098748994375815
5792,18.2,75.51,0.25674276671418655,0.01110062642338146
5793,18.2,75.52,0.25670832505220853,0.01109692345932791
5794,18.2,75.53,0.2572959658390719,0.011090553111249764
5795,18.2,75.54,0.2585350686027453,0.01108365218838979
5796,18.2,75.55,0.26028513547381893,0.011075612021129614
5797,18.2,75.56,0.26230144525762933,0.011064677001957481
5798,18.2,75.57,0.2643628929239721,0.011049866843267002
5799,18.2,75.58,0.26622974590156917,0.011030754000888399
5800,18.2,75.59,0.26779611798872544,0.011006797863264875
5801,18.2,75.6,0.2689089636712929,0.010977173093378128
5802,18.2,75.61,0.26939235724936644,0.0109409828062085
5803,18.2,75.62,0.2693489822326858,0.010897675782018387
5804,18.2,75.63,0.26877060110135265,0.010848627945488683
5805,18.2,75.64,0.26729839713218706,0.010805048489161768
5806,18.2,75.65,0.26473431692262167,0.01077448096380854
5807,18.2,75.66,0.2597371399431526,0.010767433943108242
5808,18.2,75.67,0.2534873615340032,0.010785296871044923
5809,18.2,75.68,0.24699076114908455,0.010812488864515699
5810,18.2,75.69,0.24108410561010102,0.010847451717911174
5811,18.2,75.7,0.236267648583112,0.010894357489248005
5812,18.2,75.71,0.23192146731488575,0.010943964206450517
5813,18.2,75.72,0.2277268903424341,0.01099162518103128
5814,18.2,75.73,0.22336288079097805,0.011034187981564416
5815,18.2,75.74,0.21878077804477045,0.011071190672424926
5816,18.2,75.75,0.21407439440427095,0.01110362319044184
5817,18.2,75.76,0.20944761220998045,0.011132886509818989
5818,18.2,75.77,0.2049623781327682,0.01116002019169297
5819,18.2,75.78,0.20054315523502264,0.011184636780682343
5820,18.2,75.79,0.1963382603494216,0.011204507436441611
5821,18.2,75.8,0.1923499294242296,0.01121683581857406
5822,18.2,75.81,0.18864368423459474,0.011219585586880233
5823,18.2,75.82,0.1852151681232112,0.011211780152095473
5824,18.2,75.83,0.18204120284585126,0.011193347202596361
5825,18.2,75.84,0.17890637564890746,0.011164996991756743
5826,18.2,75.85,0.17573148686696732,0.011128193010011276
5827,18.2,75.86,0.17259966420558104,0.01108552452874869
5828,18.2,75.87,0.1698519531907201,0.011052287986418986
5829,18.2,75.88,0.16781751962044192,0.011041051370642289
5830,18.2,75.89,0.16609189116984316,0.011028991701159382
5831,18.2,75.9,0.16466706875106554,0.011017389388429439
5832,18.2,75.91,0.1635051355147936,0.011014092698391115
5833,18.2,75.92,0.1627093373947883,0.011022354173754528
5834,18.2,75.93,0.1621009271301609,0.01103360592820881
5835,18.2,75.94,0.16151155898729683,0.011040350118486414
5836,18.2,75.95,0.16105820082866365,0.011039616409176896
5837,18.2,75.96,0.16052208179588018,0.011031326668373781
5838,18.2,75.97,0.1599443713953865,0.011017343114960158
5839,18.2,75.98,0.1593745700151883,0.011001027437206093
5840,18.2,75.99,0.15879869914640465,0.0109865828459395
5841,18.2,76.0,0.15815195740917284,0.010977646424642072
5842,18.2,76.01,0.1574439478735036,0.010975367444408558
5843,18.2,76.02,0.15668076516873183,0.010978099177168741
5844,18.2,76.03,0.1558838111479522,0.010984019293848055
5845,18.2,76.04,0.1550460034860698,0.010992110842364351
5846,18.2,76.05,0.1542312086825672,0.010998461126447147
5847,18.2,76.06,0.15342209298649595,0.01099805798398771
5848,18.2,76.07,0.15254704358710341,0.010988712046386545
5849,18.2,76.08,0.1516407404754873,0.010970506645172996
5850,18.2,76.09,0.15084097867153434,0.0109649222203124
5851,18.2,76.1,0.14999034628468783,0.010972444087357208
5852,18.2,76.11,0.1490604695014336,0.0109754202609808
5853,18.2,76.12,0.14804943343855204,0.01099075364468475
5854,18.2,76.13,0.14703857398540546,0.011013884646982162
5855,18.2,76.14,0.14583768236099523,0.011030244701358192
5856,18.2,76.15,0.1443238669576075,0.011037748280793023
5857,18.2,76.16,0.14258762285759935,0.011037047336202246
5858,18.2,76.17,0.14080232379545946,0.011030733803140137
5859,18.2,76.18,0.13906635283863436,0.01102295672412451
5860,18.2,76.19,0.13750502475139006,0.011015412512217793
5861,18.2,76.2,0.13629672026767442,0.011007280699768527
5862,18.2,76.21,0.13565982102276689,0.011009113833481856
5863,18.2,76.22,0.1357600158847012,0.011025206732392956
5864,18.2,76.23,0.13728371448978444,0.011068004432085174
5865,18.2,76.24,0.13952812503889483,0.01112964548872124
5866,18.2,76.25,0.14148819973527935,0.011200627611070667
5867,18.2,76.26,0.14248908416723755,0.011294325924694253
5868,18.2,76.27,0.14290627264971145,0.01139980278380217
5869,18.2,76.28,0.14314061430706984,0.011507846312712733
5870,18.2,76.29,0.14351949916854373,0.011615265035298836
5871,18.2,76.3,0.14420329623517952,0.011720592191998407
5872,18.2,76.31,0.14504315962359993,0.011823188529373039
5873,18.2,76.32,0.14606050552748215,0.011922900423787247
5874,18.2,76.33,0.14715722976708764,0.012019856669395857
5875,18.2,76.34,0.14808893604252796,0.012114359092062554
5876,18.2,76.35,0.14880760889925507,0.012206799486092866
5877,18.2,76.36,0.14944539679674573,0.0122975827954504
5878,18.2,76.37,0.15003909504820553,0.012387063261490559
5879,18.2,76.38,0.15058118991316125,0.01247550039421588
5880,18.2,76.39,0.15100287630587422,0.012563031689253023
5881,18.2,76.4,0.1512179341626382,0.012649681266472469
5882,18.2,76.41,0.15125477870585752,0.01273538379340726
5883,18.2,76.42,0.1512868085934067,0.012820022190581894
5884,18.2,76.43,0.1513752404525667,0.01290344772507203
5885,18.2,76.44,0.15160830226453303,0.01298549954169648
5886,18.2,76.45,0.15197258988695525,0.013066021018678394
5887,18.2,76.46,0.15238912606196717,0.013144879208279451
5888,18.21,73.4,0.15989457506904473,0.011561129672745928
5889,18.21,73.41,0.1562692004833872,0.01147038691722134
5890,18.21,73.42,0.1527097018158155,0.011387742572375568
5891,18.21,73.43,0.14947188124660546,0.011313067534522006
5892,18.21,73.44,0.14679768824772196,0.011245475143936208
5893,18.21,73.45,0.1444655753678043,0.011183573711069343
5894,18.21,73.46,0.14245289124492352,0.011125943248024097
5895,18.21,73.47,0.14093066621019557,0.011071548438438598
5896,18.21,73.48,0.1400543924505645,0.011020170687109716
5897,18.21,73.49,0.1398821311570553,0.01097362822239879
5898,18.21,73.5,0.14045827855850002,0.010935626655265257
5899,18.21,73.51,0.14168369527129338,0.01090652786593723
5900,18.21,73.52,0.14345495310309456,0.010882986347847751
5901,18.21,73.53,0.1455649825505738,0.010858190165392738
5902,18.21,73.54,0.14791217259617995,0.01082799466190244
5903,18.21,73.55,0.1503403450230069,0.010791453441174641
5904,18.21,73.56,0.15268449544751253,0.01074943864583784
5905,18.21,73.57,0.15473216395662123,0.010706070809066881
5906,18.21,73.58,0.15650049259384652,0.010666346617833118
5907,18.21,73.59,0.15762897528755973,0.010628577728421481
5908,18.21,73.6,0.15804714708491185,0.010588446065997695
5909,18.21,73.61,0.15788952986016344,0.01054520834149431
5910,18.21,73.62,0.15690271651750481,0.010503424703671002
5911,18.21,73.63,0.1563738524822261,0.01046100480746749
5912,18.21,73.64,0.15657978654157595,0.010436918491510063
5913,18.21,73.65,0.15565240920673262,0.010434363720038482
5914,18.21,73.66,0.15495593365947344,0.010427444350216293
5915,18.21,73.67,0.15520675871897824,0.010418652777353743
5916,18.21,73.68,0.15698858584396502,0.010409383633246868
5917,18.21,73.69,0.15817305639683918,0.010397693682022507
5918,18.21,73.7,0.16080934711917066,0.010403117153123843
5919,18.21,73.71,0.16388070923073528,0.010400809340573162
5920,18.21,73.72,0.1651904829148624,0.010383746696102028
5921,18.21,73.73,0.16497025551359293,0.010386504779889404
5922,18.21,73.74,0.16424321103773978,0.010406702783142843
5923,18.21,73.75,0.16360894632731868,0.010411250659536644
5924,18.21,73.76,0.1646071278206727,0.010417758402148659
5925,18.21,73.77,0.1659940352926886,0.010442528551030091
5926,18.21,73.78,0.1683280719055912,0.010474287757005941
5927,18.21,73.79,0.17018578900439849,0.010498150326503763
5928,18.21,73.8,0.17027790924933722,0.010519133464571655
5929,18.21,73.81,0.1698523168402149,0.010527116423030423
5930,18.21,73.82,0.1697612183655711,0.010518950721507799
5931,18.21,73.83,0.17017278033924088,0.01049999392347501
5932,18.21,73.84,0.17075292105782236,0.010478704077242053
5933,18.21,73.85,0.1714664865985345,0.010452406245717222
5934,18.21,73.86,0.1727725396058009,0.010419982532062546
5935,18.21,73.87,0.174772597250222,0.010400113628113236
5936,18.21,73.88,0.1784518417368708,0.010387471903007664
5937,18.21,73.89,0.18388437625140075,0.010376589833748001
5938,18.21,73.9,0.18975177373573726,0.010360034929644787
5939,18.21,73.91,0.19589916248046385,0.010314076842546064
5940,18.21,73.92,0.2010642019202287,0.0102445336585715
5941,18.21,73.93,0.1985899427954642,0.010206550087648411
5942,18.21,73.94,0.19302786705795233,0.010222292785210705
5943,18.21,73.95,0.19078613825483073,0.010276254546839845
5944,18.21,73.96,0.18762323240510498,0.010312961021714837
5945,18.21,73.97,0.1832428310087193,0.010328546470775272
5946,18.21,73.98,0.1789640323279026,0.010326273332815331
5947,18.21,73.99,0.17369861961205463,0.010323012460401088
5948,18.21,74.0,0.16826810124466177,0.010317193459833174
5949,18.21,74.01,0.16610806284771035,0.010313433430537871
5950,18.21,74.02,0.1681833072361631,0.010328567043497605
5951,18.21,74.03,0.17414867414850693,0.01036812741408985
5952,18.21,74.04,0.1836568655030584,0.010444510675561841
5953,18.21,74.05,0.19410851730216103,0.010532359184961778
5954,18.21,74.06,0.2060044196692491,0.010616491648961201
5955,18.21,74.07,0.2187190949313518,0.010688828470701175
5956,18.21,74.08,0.23160498788305772,0.010745092751890834
5957,18.21,74.09,0.24377542536109192,0.010784377963095683
5958,18.21,74.1,0.2534660086117812,0.010810085777513643
5959,18.21,74.11,0.2592465047294422,0.010826849667168478
5960,18.21,74.12,0.26261450024895666,0.01083324481130862
5961,18.21,74.13,0.26527347904662163,0.010827514345052964
5962,18.21,74.14,0.2676291082703613,0.010807210847343266
5963,18.21,74.15,0.26961615174028897,0.010770427078987533
5964,18.21,74.16,0.27122908443264687,0.010719773822274686
5965,18.21,74.17,0.2726827264782415,0.010662703660960964
5966,18.21,74.18,0.2738564800118547,0.010604578883000563
5967,18.21,74.19,0.27037099936346093,0.010558330870832007
5968,18.21,74.2,0.25534437490399947,0.010535115652101435
5969,18.21,74.21,0.23729949267319073,0.010513174070729952
5970,18.21,74.22,0.212482359427231,0.010506391565320265
5971,18.21,74.23,0.1909102311009219,0.010503347884413669
5972,18.21,74.24,0.17159492034086019,0.010495618005268688
5973,18.21,74.25,0.15434943506004345,0.010478303065560834
5974,18.21,74.26,0.13989952248839158,0.010455263193677799
5975,18.21,74.27,0.12855124033703838,0.010434775794196435
5976,18.21,74.28,0.12018033611242561,0.010431292793718964
5977,18.21,74.29,0.11467287357157478,0.010431965831429255
5978,18.21,74.3,0.11158710056913061,0.01041725431273258
5979,18.21,74.31,0.11037392790803588,0.01038677775687085
5980,18.21,74.32,0.111307557801213,0.010361331816303306
5981,18.21,74.33,0.11399229480191075,0.010349981684715319
5982,18.21,74.34,0.11693903731645336,0.01034518445435594
5983,18.21,74.35,0.12001273108119892,0.010327621119730507
5984,18.21,74.36,0.12339331730763957,0.010285627203326287
5985,18.21,74.37,0.1271900463162567,0.010220280683186832
5986,18.21,74.38,0.13024660245266323,0.010176865545038381
5987,18.21,74.39,0.1325143553296433,0.010160955605778252
5988,18.21,74.4,0.13625186779697396,0.010163857828884362
5989,18.21,74.41,0.14339333599047643,0.01015704521741098
5990,18.21,74.42,0.1498190655199363,0.010156018154708098
5991,18.21,74.43,0.15193643046185595,0.010170344511639635
5992,18.21,74.44,0.15001518518255644,0.010185649224604238
5993,18.21,74.45,0.151035904925414,0.01021698795258198
5994,18.21,74.46,0.15304701924962377,0.010229767983628122
5995,18.21,74.47,0.1536283573154001,0.010230485462678159
5996,18.21,74.48,0.15347862517188143,0.010211648669925731
5997,18.21,74.49,0.15295399070076918,0.010216567231569766
5998,18.21,74.5,0.15121101554582012,0.01025304795677616
5999,18.21,74.51,0.14858964413374898,0.010309186820380444
6000,18.21,74.52,0.14637142075595896,0.010358201041903185
6001,18.21,74.53,0.14449396478961765,0.010396663990042552
6002,18.21,74.54,0.14257685509389664,0.010418760439341836
6003,18.21,74.55,0.14084282155989875,0.010422687296255105
6004,18.21,74.56,0.14021659325592017,0.010430318218443086
6005,18.21,74.57,0.1400229574666122,0.010423635206880957
6006,18.21,74.58,0.14005395757727968,0.010413121910788985
6007,18.21,74.59,0.13968439680061673,0.010408450944301711
6008,18.21,74.6,0.13898615612265158,0.010396922628650407
6009,18.21,74.61,0.13767229222746588,0.010384604074596248
6010,18.21,74.62,0.13784788833663522,0.010374977852751483
6011,18.21,74.63,0.13834577496533287,0.010365842904675439
6012,18.21,74.64,0.1384969066022523,0.010355804972789574
6013,18.21,74.65,0.13834565445340846,0.010345424162569793
6014,18.21,74.66,0.13842500509712996,0.01034435303084833
6015,18.21,74.67,0.13849997808765635,0.010342228862879688
6016,18.21,74.68,0.15537999999994248,9.337088400330234e-16
6017,18.21,74.69,0.14063695902497234,0.010331982144037364
6018,18.21,74.7,0.14186294525427037,0.010324677546323366
6019,18.21,74.71,0.14328598377441967,0.010320840286777499
6020,18.21,74.72,0.14560672878541708,0.010326172673695693
6021,18.21,74.73,0.1477097512353404,0.010322516099201576
6022,18.21,74.74,0.1494923108833892,0.010317369057172362
6023,18.21,74.75,0.15221557019412538,0.01032985196914244
6024,18.21,74.76,0.15517795946772356,0.010330442587673185
6025,18.21,74.77,0.15819551315120675,0.01033375528445363
6026,18.21,74.78,0.1613233344176206,0.01033262874684302
6027,18.21,74.79,0.16466798546430494,0.010335390511867796
6028,18.21,74.8,0.16616799508099872,0.01034291478970817
6029,18.21,74.81,0.16118318631981166,0.010356497962579925
6030,18.21,74.82,0.15847797920310264,0.01036682931977187
6031,18.21,74.83,0.15894442292979363,0.010372293531392643
6032,18.21,74.84,0.16192746022684246,0.010364768914820919
6033,18.21,74.85,0.16756619876095727,0.010349199898030747
6034,18.21,74.86,0.1769220551066615,0.010340298297233472
6035,18.21,74.87,0.19041260813032848,0.010325061541427887
6036,18.21,74.88,0.2097976151107826,0.010297472545123018
6037,18.21,74.89,0.23655981190893355,0.0102592834197089
6038,18.21,74.9,0.2697309663077027,0.01022112480142074
6039,18.21,74.91,0.30321361511864153,0.010172780140480267
6040,18.21,74.92,0.3189162231349822,0.010116091081829273
6041,18.21,74.93,0.3229777588793725,0.010118371370421942
6042,18.21,74.94,0.318346849941043,0.010177455252791786
6043,18.21,74.95,0.3130582607332235,0.010213924580653698
6044,18.21,74.96,0.3056099078321386,0.01022557138623012
6045,18.21,74.97,0.29536988305102374,0.010220208260804742
6046,18.21,74.98,0.2825514590515767,0.010249576619583837
6047,18.21,74.99,0.26236483799021365,0.010304197049355182
6048,18.21,75.0,0.24267863707485351,0.010348172917656814
6049,18.21,75.01,0.2255008616789116,0.01037405519993254
6050,18.21,75.02,0.213939962359635,0.0104107149668801
6051,18.21,75.03,0.20617588913199555,0.010444740219200284
6052,18.21,75.04,0.20121275171305686,0.010472292738906224
6053,18.21,75.05,0.19839680373152369,0.010498323259966984
6054,18.21,75.06,0.1977451605155839,0.010532550837632043
6055,18.21,75.07,0.19861660258840447,0.010562408017280605
6056,18.21,75.08,0.20061762207609182,0.010579827101385183
6057,18.21,75.09,0.204003886836303,0.01059013387989544
6058,18.21,75.1,0.20869451555956142,0.010584232684556532
6059,18.21,75.11,0.21498469443558388,0.01056203176691807
6060,18.21,75.12,0.22350023271513705,0.010526929958050938
6061,18.21,75.13,0.2349839579352395,0.010482002657263638
6062,18.21,75.14,0.2494648909864074,0.010426329432580142
6063,18.21,75.15,0.2661712231361889,0.010360840926952436
6064,18.21,75.16,0.2841266435210551,0.010300446859417703
6065,18.21,75.17,0.30274629722663576,0.010260628619667117
6066,18.21,75.18,0.32295096849348764,0.010218359678355871
6067,18.21,75.19,0.3411774645144377,0.010191726032887182
6068,18.21,75.2,0.3557738311920091,0.010210704456241913
6069,18.21,75.21,0.35453787176455787,0.010274245673545365
6070,18.21,75.22,0.3465009314903711,0.010350521117914659
6071,18.21,75.23,0.33847768516084925,0.010444973472338298
6072,18.21,75.24,0.3322470905510877,0.01053410888149813
6073,18.21,75.25,0.3283398629158683,0.010611612996714143
6074,18.21,75.26,0.3260809060805869,0.010674972724241588
6075,18.21,75.27,0.3246368103146329,0.01071966268919984
6076,18.21,75.28,0.32367577135347864,0.010745310356915552
6077,18.21,75.29,0.3231614153234483,0.010754885609683958
6078,18.21,75.3,0.32291252557970873,0.010755453876771306
6079,18.21,75.31,0.322382097789951,0.010757522273316299
6080,18.21,75.32,0.320969966937315,0.010764052320668833
6081,18.21,75.33,0.31879885197134805,0.010770538112052197
6082,18.21,75.34,0.31590791857607325,0.010775955185040336
6083,18.21,75.35,0.3117409120497683,0.0107842551152295
6084,18.21,75.36,0.3059347702372061,0.010795822413052693
6085,18.21,75.37,0.2993557569169675,0.010803389772800567
6086,18.21,75.38,0.2928102637739232,0.010802526864682626
6087,18.21,75.39,0.28669575434769046,0.010791738628442304
6088,18.21,75.4,0.2812083925375145,0.010770987847775393
6089,18.21,75.41,0.27638027009926047,0.010743315467500085
6090,18.21,75.42,0.27194233513295296,0.010725695562910894
6091,18.21,75.43,0.2663276541393416,0.010781466350260881
6092,18.21,75.44,0.26288266788594006,0.010852833870252872
6093,18.21,75.45,0.2603230786077975,0.010917320008607692
6094,18.21,75.46,0.2580867917916235,0.010970784418460323
6095,18.21,75.47,0.2558360071007176,0.011012484375916974
6096,18.21,75.48,0.25380459004093625,0.01104272243645618
6097,18.21,75.49,0.2520279637599282,0.011062188428450428
6098,18.21,75.5,0.2505593194341653,0.011071705691271926
6099,18.21,75.51,0.24957954054100015,0.011072270217198477
6100,18.21,75.52,0.24912325036478686,0.011065813354081945
6101,18.21,75.53,0.24946882008514268,0.011057327633025894
6102,18.21,75.54,0.25086567417590283,0.011052445105736216
6103,18.21,75.55,0.25301083250599277,0.011047564419593139
6104,18.21,75.56,0.2554649703321781,0.011038170892331535
6105,18.21,75.57,0.25805060737012087,0.01102371188281873
6106,18.21,75.58,0.26062690992052434,0.011004668956414134
6107,18.21,75.59,0.2630076038870622,0.010980795981315558
6108,18.21,75.6,0.2650121874974229,0.010951258766150643
6109,18.21,75.61,0.2663913173571282,0.010915369913500549
6110,18.21,75.62,0.26691681127617795,0.010873162337231727
6111,18.21,75.63,0.26642085090047485,0.010826561864346475
6112,18.21,75.64,0.2645256438427947,0.010780508250923807
6113,18.21,75.65,0.2610439490082722,0.010742089256251405
6114,18.21,75.66,0.25703102484205703,0.010723923240278474
6115,18.21,75.67,0.25373124901763916,0.010750147715039668
6116,18.21,75.68,0.24918707896836398,0.01079185223530897
6117,18.21,75.69,0.24429213341400813,0.010836038118859524
6118,18.21,75.7,0.2395752208909254,0.010884453145278722
6119,18.21,75.71,0.23500778846644554,0.01093469715944234
6120,18.21,75.72,0.23048492956162872,0.010983711960623217
6121,18.21,75.73,0.22584662506086178,0.0110293702314155
6122,18.21,75.74,0.22102562604364692,0.011070784153002566
6123,18.21,75.75,0.21610201007646346,0.011107959656600198
6124,18.21,75.76,0.2112089217092654,0.011141228967667217
6125,18.21,75.77,0.2063886826516666,0.011170687786565955
6126,18.21,75.78,0.201579208183308,0.011195716811350637
6127,18.21,75.79,0.19695121417906775,0.01121492625421585
6128,18.21,75.8,0.19255608463140914,0.011226591853756874
6129,18.21,75.81,0.18846259790170397,0.011229282989498176
6130,18.21,75.82,0.1846704242416075,0.011222205930168419
6131,18.21,75.83,0.18121226101528395,0.011205284657234622
6132,18.21,75.84,0.17789843487236637,0.011179229760263691
6133,18.21,75.85,0.17462105616812743,0.011145844556526402
6134,18.21,75.86,0.17143311322006113,0.011109188640996697
6135,18.21,75.87,0.16856488628963975,0.01107702333952157
6136,18.21,75.88,0.16615571020325953,0.011052754297890311
6137,18.21,75.89,0.16416513539268993,0.011031292586831462
6138,18.21,75.9,0.1625668277534716,0.011010337162233931
6139,18.21,75.91,0.1613475272739083,0.011001696948122506
6140,18.21,75.92,0.1606713299760897,0.011015429340232632
6141,18.21,75.93,0.16019109151634706,0.011026909182504097
6142,18.21,75.94,0.1597241145348477,0.011031868449945501
6143,18.21,75.95,0.15941979553046798,0.01102893279451132
6144,18.21,75.96,0.15906530227954882,0.011018318845034687
6145,18.21,75.97,0.15863068729813284,0.011001993154843983
6146,18.21,75.98,0.15819626541745,0.010983736974573076
6147,18.21,75.99,0.15773547386641282,0.01096848169823791
6148,18.21,76.0,0.15723010416177724,0.01096080840798448
6149,18.21,76.01,0.15672217362478028,0.010962386092018012
6150,18.21,76.02,0.1562151706268657,0.010969819120578685
6151,18.21,76.03,0.1556763656004827,0.010978307208083222
6152,18.21,76.04,0.1550096332839984,0.010984416874978205
6153,18.21,76.05,0.15428719118458828,0.010985206601735556
6154,18.21,76.06,0.15355141282086446,0.01097848410969768
6155,18.21,76.07,0.15275043687705583,0.010964708267754641
6156,18.21,76.08,0.15199616412419725,0.010949050715461366
6157,18.21,76.09,0.15134961111615344,0.010943439143967382
6158,18.21,76.1,0.1505814484599135,0.010948034831065009
6159,18.21,76.11,0.14969875286547782,0.010957145861904976
6160,18.21,76.12,0.14845614468704701,0.01097497333480101
6161,18.21,76.13,0.14703686687195644,0.010997238772285117
6162,18.21,76.14,0.14552514281765536,0.011015075725670582
6163,18.21,76.15,0.14382565209396236,0.011024098100473622
6164,18.21,76.16,0.1419725101356565,0.011023270773561114
6165,18.21,76.17,0.14007186773453154,0.011014454053810411
6166,18.21,76.18,0.13827066750244144,0.011007422427660129
6167,18.21,76.19,0.13671140256070494,0.011007546381861098
6168,18.21,76.2,0.1354614625281446,0.011004782203754518
6169,18.21,76.21,0.1347825086790009,0.011013652201737145
6170,18.21,76.22,0.13508586517505558,0.011045944464352541
6171,18.21,76.23,0.13653761870218178,0.011094898805628976
6172,18.21,76.24,0.13849576104411923,0.011160572153340341
6173,18.21,76.25,0.14025681390565828,0.011236341255765375
6174,18.21,76.26,0.14153146098529498,0.011323737790554223
6175,18.21,76.27,0.1422312943215118,0.011419851050116184
6176,18.21,76.28,0.14259028749837835,0.011519749288256718
6177,18.21,76.29,0.14298420804169779,0.01162016930671282
6178,18.21,76.3,0.14366000770091678,0.011719349848873836
6179,18.21,76.31,0.14447691449264186,0.011816429842231808
6180,18.21,76.32,0.14548756160218163,0.011911106723626106
6181,18.21,76.33,0.14658568429116944,0.01200343078809562
6182,18.21,76.34,0.14753531837026976,0.012093679912657479
6183,18.21,76.35,0.1482800182052395,0.012182267577098484
6184,18.21,76.36,0.14893630527268184,0.01226963794943846
6185,18.21,76.37,0.1495303196485308,0.012356173178877522
6186,18.21,76.38,0.1500810794092244,0.012442131568115161
6187,18.21,76.39,0.1505311012692943,0.01252761091047306
6188,18.21,76.4,0.15079239229637603,0.012612559598287961
6189,18.21,76.41,0.1508769483580335,0.012696814989343299
6190,18.21,76.42,0.15095291831399552,0.01278015840696248
6191,18.21,76.43,0.15109170891327495,0.012862347002072326
6192,18.21,76.44,0.15137732000836698,0.012943139868316605
6193,18.21,76.45,0.15181357820569286,0.013022317032853756
6194,18.21,76.46,0.15231296812907297,0.013099699822386872
6195,18.22,73.4,0.1559405444215891,0.011522167385076896
6196,18.22,73.41,0.1526252460290631,0.011429052519587792
6197,18.22,73.42,0.14941191967200593,0.01134540126627839
6198,18.22,73.43,0.14660227442063897,0.011271563888175
6199,18.22,73.44,0.14440119354152955,0.011206658846038987
6200,18.22,73.45,0.14252831313747444,0.011148757546124896
6201,18.22,73.46,0.1409799525289036,0.011095618581652911
6202,18.22,73.47,0.1398337720767661,0.011045381313067764
6203,18.22,73.48,0.13923669391614374,0.01099686573620492
6204,18.22,73.49,0.13922669800207352,0.01094953033564934
6205,18.22,73.5,0.13973832263755492,0.010902972275359616
6206,18.22,73.51,0.14079130564697667,0.010861644147173156
6207,18.22,73.52,0.14268759368450867,0.010836538423547289
6208,18.22,73.53,0.1449481117413487,0.010808618907072761
6209,18.22,73.54,0.147573199032848,0.010774390683909793
6210,18.22,73.55,0.15044324252597344,0.01073384376244896
6211,18.22,73.56,0.15323470143736356,0.010686351528393614
6212,18.22,73.57,0.15567846962178314,0.01063585693320362
6213,18.22,73.58,0.15821112009093385,0.010603073684246655
6214,18.22,73.59,0.1598907727896429,0.010578881021801052
6215,18.22,73.6,0.16013358263384925,0.010564033080674318
6216,18.22,73.61,0.15989674746656668,0.01054584394330192
6217,18.22,73.62,0.15915607607434606,0.010521095235528927
6218,18.22,73.63,0.15840512375585789,0.010490280561090212
6219,18.22,73.64,0.15783470222596147,0.010458327781352954
6220,18.22,73.65,0.15692589137295934,0.010437707617670594
6221,18.22,73.66,0.1573107294791048,0.01042800930207934
6222,18.22,73.67,0.15915290869642876,0.010426987301399118
6223,18.22,73.68,0.16174303597102452,0.01041655118823793
6224,18.22,73.69,0.16400977260257754,0.010410266165737711
6225,18.22,73.7,0.16650661955866905,0.010408324500273819
6226,18.22,73.71,0.16936353815610722,0.0103927049997446
6227,18.22,73.72,0.17078578397475283,0.010365535431557465
6228,18.22,73.73,0.16961955066402454,0.010372625063867477
6229,18.22,73.74,0.16824728964191943,0.010398155724206633
6230,18.22,73.75,0.16728528811430504,0.010408749447543346
6231,18.22,73.76,0.1675403468356323,0.010413123435269823
6232,18.22,73.77,0.16829658770189165,0.010436322626021047
6233,18.22,73.78,0.1697929057010277,0.010461014672580524
6234,18.22,73.79,0.17178998120893785,0.010476505997215476
6235,18.22,73.8,0.170436914701798,0.010501163891773743
6236,18.22,73.81,0.16871328628923643,0.01051029847670279
6237,18.22,73.82,0.1674666891180426,0.010498882486676308
6238,18.22,73.83,0.1667824300354688,0.010475190015158294
6239,18.22,73.84,0.16673950801900664,0.010448557684376428
6240,18.22,73.85,0.1670878182212064,0.010421264984437765
6241,18.22,73.86,0.16811054957338917,0.01038630818424594
6242,18.22,73.87,0.17033512546193286,0.010360645488076463
6243,18.22,73.88,0.17472629017778513,0.0103537256141612
6244,18.22,73.89,0.18108919515262775,0.01035878680709273
6245,18.22,73.9,0.18713005623024123,0.01035080484062765
6246,18.22,73.91,0.19292993893124577,0.010314956671749765
6247,18.22,73.92,0.19786166368399502,0.010274449327788928
6248,18.22,73.93,0.1980562773885172,0.010251313901133766
6249,18.22,73.94,0.19401822161445803,0.010276047318962507
6250,18.22,73.95,0.18940631108233896,0.01032506256449488
6251,18.22,73.96,0.1844379179413297,0.010362843164663526
6252,18.22,73.97,0.17981932702942977,0.010376723594613297
6253,18.22,73.98,0.17704279386525887,0.010378447060553882
6254,18.22,73.99,0.17389772144350335,0.010370774620349184
6255,18.22,74.0,0.169455657745847,0.010370886607556008
6256,18.22,74.01,0.16757503868027143,0.010368954633208693
6257,18.22,74.02,0.17002935238087308,0.010375111618659956
6258,18.22,74.03,0.1765059743234771,0.010418600239461584
6259,18.22,74.04,0.18633551155927486,0.010501906548585384
6260,18.22,74.05,0.19775171816853143,0.010585271984180626
6261,18.22,74.06,0.21022494675573264,0.010661450353095183
6262,18.22,74.07,0.22348528898429165,0.010725349200373034
6263,18.22,74.08,0.2372368372863425,0.010773477041948979
6264,18.22,74.09,0.2510811515854577,0.01080396691261224
6265,18.22,74.1,0.26312161796633493,0.010820655210781172
6266,18.22,74.11,0.2666427372163615,0.01084288932375407
6267,18.22,74.12,0.26827796173863205,0.010853048430496367
6268,18.22,74.13,0.26973812389787827,0.010847100883317208
6269,18.22,74.14,0.27099537261262163,0.010824583760528663
6270,18.22,74.15,0.2718714814470663,0.010785077523668453
6271,18.22,74.16,0.2722191361488629,0.01072971940122293
6272,18.22,74.17,0.27252738437119683,0.010668309009511712
6273,18.22,74.18,0.2726308711097998,0.010609254230010186
6274,18.22,74.19,0.2671071591419012,0.010564912237310056
6275,18.22,74.2,0.2534312760720649,0.010545533111441
6276,18.22,74.21,0.2345678025004798,0.010520970184276057
6277,18.22,74.22,0.21103235179745933,0.01049696125600723
6278,18.22,74.23,0.1876987693386124,0.010477962638214188
6279,18.22,74.24,0.16618610388751182,0.010456554082490369
6280,18.22,74.25,0.14658043958369246,0.010421084378447174
6281,18.22,74.26,0.1304665133232216,0.010391183023500509
6282,18.22,74.27,0.11845361880851642,0.010371512666731966
6283,18.22,74.28,0.1102435629455164,0.01036433248735752
6284,18.22,74.29,0.10538371226961923,0.01036042602577233
6285,18.22,74.3,0.10322301643057619,0.01034027732710532
6286,18.22,74.31,0.10228176093444437,0.010305444340717696
6287,18.22,74.32,0.10358991491536923,0.010265096651700835
6288,18.22,74.33,0.10829784712233238,0.010262645005794662
6289,18.22,74.34,0.11231701213799541,0.01027880195548583
6290,18.22,74.35,0.11602414372608713,0.0102907002884553
6291,18.22,74.36,0.12041699070910301,0.010276115366205507
6292,18.22,74.37,0.12522860239134717,0.010233700285112932
6293,18.22,74.38,0.12888158204799993,0.01020617707766959
6294,18.22,74.39,0.1315950117286799,0.010199628457684245
6295,18.22,74.4,0.13510688750100056,0.010185855348243275
6296,18.22,74.41,0.1413062793655655,0.01015729908606971
6297,18.22,74.42,0.10021999999993392,-2.7131703381305624e-15
6298,18.22,74.43,0.1492715639623069,0.010204027625931054
6299,18.22,74.44,0.14830204493662932,0.010225978735631
6300,18.22,74.45,0.14882929837557396,0.010251410845928224
6301,18.22,74.46,0.15005429529017314,0.010264461011370043
6302,18.22,74.47,0.15024022829416392,0.010271568145174211
6303,18.22,74.48,0.14980848312147457,0.010273776166186587
6304,18.22,74.49,0.14866097206810527,0.010274794041655369
6305,18.22,74.5,0.14706076537282803,0.010288510945392224
6306,18.22,74.51,0.14550507749674058,0.010319772453130349
6307,18.22,74.52,0.1440976724190817,0.01035278772145697
6308,18.22,74.53,0.142780095812522,0.010381375823295704
6309,18.22,74.54,0.14141593550316425,0.010398147050694136
6310,18.22,74.55,0.14039479528384127,0.010400562653694063
6311,18.22,74.56,0.13980518661272504,0.010400679772548422
6312,18.22,74.57,0.13954336874963053,0.010395520343111165
6313,18.22,74.58,0.13943202597990864,0.010381546797611448
6314,18.22,74.59,0.13949850167934613,0.01036266122256575
6315,18.22,74.6,0.13897224565225114,0.010355573162702412
6316,18.22,74.61,0.1384375195000961,0.010348477386408532
6317,18.22,74.62,0.13871855740126035,0.010332456625997204
6318,18.22,74.63,0.13906460121389785,0.010325731373970871
6319,18.22,74.64,0.1390783218528727,0.010316802060557012
6320,18.22,74.65,0.13897265128478478,0.01031281304605065
6321,18.22,74.66,0.1383953618983534,0.010312648442204862
6322,18.22,74.67,0.1378074050276291,0.01031489164964585
6323,18.22,74.68,0.13796993869670746,0.010311226854244142
6324,18.22,74.69,0.13861719504470707,0.010314177044656436
6325,18.22,74.7,0.1397049099683754,0.010309821384756872
6326,18.22,74.71,0.1417043300903082,0.010308611094832913
6327,18.22,74.72,0.14448727042985826,0.01030440655403388
6328,18.22,74.73,0.1471763537537377,0.010295768730317983
6329,18.22,74.74,0.14928537546407683,0.01029379187418487
6330,18.22,74.75,0.15177193484340373,0.010296587080228747
6331,18.22,74.76,0.15487048085970534,0.010297163147006362
6332,18.22,74.77,0.15807270342258867,0.010308238954514484
6333,18.22,74.78,0.1612713255070296,0.010309361158896949
6334,18.22,74.79,0.164121823532302,0.010303615614797092
6335,18.22,74.8,0.1627333952783836,0.01030898655908067
6336,18.22,74.81,0.15752757091849734,0.010317332398723154
6337,18.22,74.82,0.15366118983868426,0.010322661867346292
6338,18.22,74.83,0.15429073130347032,0.010340439114200359
6339,18.22,74.84,0.15702196825611892,0.010348895117459176
6340,18.22,74.85,0.16194043792013196,0.010340305391330311
6341,18.22,74.86,0.16933015127909623,0.010324436134249005
6342,18.22,74.87,0.18035419799814464,0.010314940901083923
6343,18.22,74.88,0.19597006183236992,0.010292989179657293
6344,18.22,74.89,0.21851671618579632,0.010262837991338656
6345,18.22,74.9,0.24936112153558426,0.010228382330988156
6346,18.22,74.91,0.5789300000000037,-7.530845475520007e-16
6347,18.22,74.92,0.29365583213638397,0.010165733661779319
6348,18.22,74.93,0.2968036052394342,0.01016449435129901
6349,18.22,74.94,0.2891567226813336,0.010205168308009068
6350,18.22,74.95,0.2853386962037185,0.01023663788876479
6351,18.22,74.96,0.2802385436423328,0.01025071440747377
6352,18.22,74.97,0.2688545423717559,0.010274736304679698
6353,18.22,74.98,0.2548720508036107,0.010299986362228881
6354,18.22,74.99,0.23795320496329214,0.010334312217735054
6355,18.22,75.0,0.22126739314591914,0.010362457527928021
6356,18.22,75.01,0.20682437994942773,0.010378976629492663
6357,18.22,75.02,0.19667054220783955,0.01039608223212284
6358,18.22,75.03,0.19154028611419566,0.010433457050987756
6359,18.22,75.04,0.1882396383854716,0.01046579013238842
6360,18.22,75.05,0.18679340241537506,0.010491209704318891
6361,18.22,75.06,0.18743851867854344,0.010526715086703798
6362,18.22,75.07,0.18941126028364139,0.010554833604176084
6363,18.22,75.08,0.19252906642988685,0.010571732103080102
6364,18.22,75.09,0.19693188895965583,0.010586106166753253
6365,18.22,75.1,0.20223670478967434,0.010587113156314802
6366,18.22,75.11,0.20854661889451964,0.010574665362359209
6367,18.22,75.12,0.21644098194371184,0.01054816492277358
6368,18.22,75.13,0.2265296453597842,0.010510523855343573
6369,18.22,75.14,0.23938091906726336,0.010468185939337361
6370,18.22,75.15,0.2545433732668027,0.010421762804339242
6371,18.22,75.16,0.2712483681162073,0.0103719813212557
6372,18.22,75.17,0.28979555788051853,0.010322388779264738
6373,18.22,75.18,0.31047826706736326,0.010265765075498052
6374,18.22,75.19,0.33076531826896144,0.010227845588182861
6375,18.22,75.2,0.3399975441331079,0.010232030702110796
6376,18.22,75.21,0.3409737930063072,0.010253611675137829
6377,18.22,75.22,0.3342333736678578,0.010339727497666172
6378,18.22,75.23,0.32490037867714555,0.010433391568229105
6379,18.22,75.24,0.32121496424723966,0.010523292299384722
6380,18.22,75.25,0.3198916513076066,0.010598229988304295
6381,18.22,75.26,0.31945151988639847,0.010654413082612571
6382,18.22,75.27,0.31943558061633276,0.0106913429034936
6383,18.22,75.28,0.31971565564961374,0.010709884551235073
6384,18.22,75.29,0.320460585091288,0.010712663342295021
6385,18.22,75.3,0.321639281581326,0.010704278683918938
6386,18.22,75.31,0.3218633878689999,0.010696227287492118
6387,18.22,75.32,0.31946955394640963,0.010701527217854695
6388,18.22,75.33,0.31643149421189715,0.010709061601279077
6389,18.22,75.34,0.3129638873145979,0.010718850942385547
6390,18.22,75.35,0.30891735305405393,0.010732403908527133
6391,18.22,75.36,0.3037502069598524,0.010746911565253033
6392,18.22,75.37,0.29745450945718366,0.010756957411599157
6393,18.22,75.38,0.29065574169504294,0.010758615741117953
6394,18.22,75.39,0.2839223340931122,0.010749770948176463
6395,18.22,75.4,0.2776095392940948,0.01072945476398556
6396,18.22,75.41,0.27173251736374016,0.01069968884920342
6397,18.22,75.42,0.26527595283318794,0.010686457697758495
6398,18.22,75.43,0.2601278633256137,0.010744666503569065
6399,18.22,75.44,0.25669114021016476,0.010820229800091253
6400,18.22,75.45,0.25400997762131367,0.010886995399890964
6401,18.22,75.46,0.25178297102367453,0.010941574745645227
6402,18.22,75.47,0.24958325587802668,0.010983693953425707
6403,18.22,75.48,0.24754039934061103,0.01101396082237429
6404,18.22,75.49,0.2457364177912724,0.011033264718786587
6405,18.22,75.5,0.24419315508928605,0.01104239598818641
6406,18.22,75.51,0.24303750835851406,0.011041745938874536
6407,18.22,75.52,0.2422507653593069,0.011031417109061682
6408,18.22,75.53,0.24201613194017202,0.01101519253168308
6409,18.22,75.54,0.24407364776903215,0.01101686843507429
6410,18.22,75.55,0.2467269744510069,0.01101615913856799
6411,18.22,75.56,0.24945574167617346,0.011006655934706122
6412,18.22,75.57,0.25239840823961895,0.01099103232417549
6413,18.22,75.58,0.2555411511284327,0.010971978140284853
6414,18.22,75.59,0.2586988998459555,0.010949058579846046
6415,18.22,75.6,0.26160203405565485,0.010920865689949655
6416,18.22,75.61,0.26392724916302357,0.010886979052154237
6417,18.22,75.62,0.26530039141602013,0.010847560344746208
6418,18.22,75.63,0.2653805657987171,0.010803722481354604
6419,18.22,75.64,0.2637519724847762,0.010757977704856694
6420,18.22,75.65,0.2599799938639611,0.01071390282493022
6421,18.22,75.66,0.2576368670839544,0.010709236371653438
6422,18.22,75.67,0.2556719333213447,0.010734401767899996
6423,18.22,75.68,0.2524376115760944,0.010773961383313354
6424,18.22,75.69,0.2481415973676549,0.01081984177395541
6425,18.22,75.7,0.24342526929679728,0.010869592554770827
6426,18.22,75.71,0.23858468442086755,0.010920996457258636
6427,18.22,75.72,0.233698139222545,0.010971792476703254
6428,18.22,75.73,0.22869672519707906,0.011020297385810786
6429,18.22,75.74,0.22356416771817691,0.011065509945695103
6430,18.22,75.75,0.21835708011969523,0.011106872762660376
6431,18.22,75.76,0.21318874609999927,0.011143988039414928
6432,18.22,75.77,0.2080841196602792,0.011176356634802452
6433,18.22,75.78,0.2029610699563647,0.011203191607173167
6434,18.22,75.79,0.1979901202541836,0.01122342676897538
6435,18.22,75.8,0.19325104275153068,0.011235882587531672
6436,18.22,75.81,0.1888144547761502,0.01123958890857344
6437,18.22,75.82,0.18468796673676227,0.01123401528743297
6438,18.22,75.83,0.1809364935685864,0.011219201367001495
6439,18.22,75.84,0.17742032744613,0.011195892553252484
6440,18.22,75.85,0.17401611206302342,0.011165788591593938
6441,18.22,75.86,0.17070643268458566,0.0111318665285696
6442,18.22,75.87,0.16764222202040688,0.011097892795408088
6443,18.22,75.88,0.16495271512952187,0.011066418574240951
6444,18.22,75.89,0.16270457021061113,0.01103852443855586
6445,18.22,75.9,0.1609858521241804,0.01101544650256816
6446,18.22,75.91,0.15975378193585965,0.011006401614439129
6447,18.22,75.92,0.15904302035235596,0.011015972168731044
6448,18.22,75.93,0.1585863980461664,0.011024190253513916
6449,18.22,75.94,0.1581852600034362,0.011025936908079032
6450,18.22,75.95,0.1579766802660719,0.011019615105613235
6451,18.22,75.96,0.1577875460984407,0.011004968583781128
6452,18.22,75.97,0.15750894858378958,0.01098355050818773
6453,18.22,75.98,0.1572424326314507,0.010959767939062066
6454,18.22,75.99,0.1569439589571201,0.010940488637561068
6455,18.22,76.0,0.15657697250206207,0.010932447012153785
6456,18.22,76.01,0.15628583023297055,0.010941403208606055
6457,18.22,76.02,0.1559866950519749,0.01095727165798315
6458,18.22,76.03,0.15563362613395834,0.010970528911164588
6459,18.22,76.04,0.15510263429894505,0.01097742256480957
6460,18.22,76.05,0.15444865208069192,0.010975939425333491
6461,18.22,76.06,0.15376940651921425,0.010965234297023067
6462,18.22,76.07,0.1530543264034204,0.010947476567650757
6463,18.22,76.08,0.15244546449072774,0.01093305909100588
6464,18.22,76.09,0.1520283425594161,0.010929786564969441
6465,18.22,76.1,0.15147503358863337,0.010930648620431135
6466,18.22,76.11,0.15074862325753946,0.010936988187459725
6467,18.22,76.12,0.1491064181531568,0.010960355095964143
6468,18.22,76.13,0.14724027181013866,0.010986608603744506
6469,18.22,76.14,0.14541426435216925,0.011006856268920619
6470,18.22,76.15,0.1435174326531261,0.011018051835719403
6471,18.22,76.16,0.1415425196924684,0.011018831830895021
6472,18.22,76.17,0.13955485787348676,0.011008844080567876
6473,18.22,76.18,0.13773907388536819,0.011001943133439933
6474,18.22,76.19,0.13626922471115419,0.011017251144419482
6475,18.22,76.2,0.1352121602567916,0.011029671445833512
6476,18.22,76.21,0.13465089764649346,0.01104992608012527
6477,18.22,76.22,0.1348994187764683,0.011085427626849716
6478,18.22,76.23,0.13613786734204766,0.011135938440987586
6479,18.22,76.24,0.13778132988667063,0.01119973978134263
6480,18.22,76.25,0.1393499681410079,0.011273822250587276
6481,18.22,76.26,0.14066076445615242,0.011356336291987625
6482,18.22,76.27,0.14150376651344682,0.011445067533691013
6483,18.22,76.28,0.14197339899607622,0.011537175165162998
6484,18.22,76.29,0.14240405194071606,0.011630220147325914
6485,18.22,76.3,0.1430670001765959,0.0117225801403687
6486,18.22,76.31,0.1438386171587133,0.011813348931196904
6487,18.22,76.32,0.1448161691255134,0.011902157820162948
6488,18.22,76.33,0.14590174635181644,0.011989030671690744
6489,18.22,76.34,0.14690872098902708,0.01207426698841675
6490,18.22,76.35,0.14770736143612873,0.012158342964802709
6491,18.22,76.36,0.14838065610806234,0.012241782519309739
6492,18.22,76.37,0.14898772838303223,0.012325027157926546
6493,18.22,76.38,0.14954740389166185,0.01240834009936537
6494,18.22,76.39,0.15001225524309875,0.012491757005166242
6495,18.22,76.4,0.15030680271383182,0.012575109948598508
6496,18.22,76.41,0.15044345939879078,0.012658088806580654
6497,18.22,76.42,0.1505770270096224,0.012740330231988745
6498,18.22,76.43,0.15075279974949932,0.012821466201721804
6499,18.22,76.44,0.15106957209848898,0.012901158510526888
6500,18.22,76.45,0.15156707728071858,0.012979116045333576
6501,18.22,76.46,0.15213931327820632,0.01305511324574037
6502,18.22,76.47,0.15284787258277313,0.013128998474728485
6503,18.23,73.4,0.15249248499549836,0.011476901702850647
6504,18.23,73.41,0.1494689537367907,0.011379762633427755
6505,18.23,73.42,0.14661102302839446,0.011293957559195072
6506,18.23,73.43,0.14428747406054182,0.011220833772508702
6507,18.23,73.44,0.14258749151486125,0.01115948079070452
6508,18.23,73.45,0.14123343064206512,0.011106803156352653
6509,18.23,73.46,0.14020305885616569,0.011059235932834055
6510,18.23,73.47,0.13946992315163687,0.01101407429886316
6511,18.23,73.48,0.13918659726412688,0.01096938925906953
6512,18.23,73.49,0.13934674516268253,0.010923492303650277
6513,18.23,73.5,0.139861487407262,0.010874995389256473
6514,18.23,73.51,0.14080281618972515,0.010828591304838165
6515,18.23,73.52,0.1425394550343816,0.01079615591107251
6516,18.23,73.53,0.14473327106206216,0.010760345611470839
6517,18.23,73.54,0.14760197903417668,0.01072054927360955
6518,18.23,73.55,0.15098854295158468,0.010678280438244533
6519,18.23,73.56,0.1542970180283186,0.010629919756685298
6520,18.23,73.57,0.15729725140426865,0.01057829068462221
6521,18.23,73.58,0.16013251896250819,0.010541745894219136
6522,18.23,73.59,0.1620002722723695,0.010530200822000806
6523,18.23,73.6,0.16215327695614662,0.010537335172877107
6524,18.23,73.61,0.16198495566468377,0.010541093536262982
6525,18.23,73.62,0.1613459392946728,0.010533149174452016
6526,18.23,73.63,0.16049204396183264,0.010512899015341021
6527,18.23,73.64,0.15960524732786396,0.010483429741355493
6528,18.23,73.65,0.1588685174714378,0.010452040471660347
6529,18.23,73.66,0.16036399222556663,0.01044178279058655
6530,18.23,73.67,0.1630273033321636,0.010435198415678557
6531,18.23,73.68,0.16631838628436876,0.010415584097947569
6532,18.23,73.69,0.16918112647011518,0.01040909600040378
6533,18.23,73.7,0.17145612351547068,0.010409151018499697
6534,18.23,73.71,0.17373663752206195,0.010392124427434176
6535,18.23,73.72,0.17549654527955078,0.010363841363103046
6536,18.23,73.73,0.1740527115074644,0.010365758713121469
6537,18.23,73.74,0.1713693622800069,0.010391201109732098
6538,18.23,73.75,0.16928432995835963,0.010404783799176552
6539,18.23,73.76,0.16797818084321187,0.01041437366617408
6540,18.23,73.77,0.16778257733223448,0.01043281730459281
6541,18.23,73.78,0.168577328372631,0.010451175950225553
6542,18.23,73.79,0.16958535188296797,0.010465116096788364
6543,18.23,73.8,0.16864957276818895,0.010489623259048007
6544,18.23,73.81,0.16674155937257737,0.010492876528921686
6545,18.23,73.82,0.164798502489291,0.010469928178415262
6546,18.23,73.83,0.16321320301918765,0.010435234588258293
6547,18.23,73.84,0.1626990762709793,0.010411699981685903
6548,18.23,73.85,0.1626449010731279,0.010393289122295922
6549,18.23,73.86,0.1627723189581959,0.0103577513690405
6550,18.23,73.87,0.16459459961141348,0.010322856351330848
6551,18.23,73.88,0.17037547751487925,0.010334168658785286
6552,18.23,73.89,0.17671006065926556,0.010356585708166515
6553,18.23,73.9,0.18266101484667413,0.010359738933540644
6554,18.23,73.91,0.18795620886873005,0.010335095444960798
6555,18.23,73.92,0.19231937567160884,0.01029912833737247
6556,18.23,73.93,0.1940415986884533,0.010289835117521616
6557,18.23,73.94,0.19105925811639868,0.010327517854808016
6558,18.23,73.95,0.18655030607908038,0.010382408127910305
6559,18.23,73.96,0.18196972489584257,0.010419822141738607
6560,18.23,73.97,0.17804661114773987,0.010438278424531731
6561,18.23,73.98,0.1759287474076426,0.01044952445226121
6562,18.23,73.99,0.17383859127748005,0.01045269884195257
6563,18.23,74.0,0.1716771693912612,0.010452879917403336
6564,18.23,74.01,0.1709643968002066,0.01044980930342881
6565,18.23,74.02,0.17309794425267203,0.010454221944596798
6566,18.23,74.03,0.17935461316440535,0.010494158567092687
6567,18.23,74.04,0.1894865115484266,0.010565380231471059
6568,18.23,74.05,0.20122917488913206,0.010640632225203873
6569,18.23,74.06,0.21389769617220447,0.010708938024599025
6570,18.23,74.07,0.2271714290343588,0.010765612891141807
6571,18.23,74.08,0.2407677659339513,0.01080794878026234
6572,18.23,74.09,0.2542267866250895,0.010834766822356677
6573,18.23,74.1,0.2654333912106494,0.010850764704155469
6574,18.23,74.11,0.2695240506824958,0.010869736584990325
6575,18.23,74.12,0.2711545575454832,0.010878542747147847
6576,18.23,74.13,0.272208414899269,0.010871814801512749
6577,18.23,74.14,0.2727475838159389,0.010848987999071948
6578,18.23,74.15,0.27258999278937424,0.010810103440714123
6579,18.23,74.16,0.27155282900203515,0.010756398245947686
6580,18.23,74.17,0.26996063547159377,0.010697884715913063
6581,18.23,74.18,0.26742008881294066,0.010644097605415724
6582,18.23,74.19,0.2603567516172923,0.010599853328354013
6583,18.23,74.2,0.24761126449112686,0.010571209435805572
6584,18.23,74.21,0.2303007885246958,0.01053486035214815
6585,18.23,74.22,0.2084258309695196,0.010494511929290757
6586,18.23,74.23,0.18421756370856743,0.010462679402242119
6587,18.23,74.24,0.1602186071472871,0.010422255229303548
6588,18.23,74.25,0.13813532855365718,0.010367501029196874
6589,18.23,74.26,0.12003943068258152,0.010318250316447083
6590,18.23,74.27,0.10708058750611399,0.010285740061027511
6591,18.23,74.28,0.09941083689659891,0.010279711786792026
6592,18.23,74.29,0.09554883335852705,0.010283474621501722
6593,18.23,74.3,0.09436430032122269,0.010268441678010935
6594,18.23,74.31,0.0950622060191449,0.010239820292195487
6595,18.23,74.32,0.09865239333991602,0.010201734318899128
6596,18.23,74.33,0.10276994623504145,0.010196211293874047
6597,18.23,74.34,0.10698835124233425,0.01021293520396322
6598,18.23,74.35,0.11125671624371047,0.010244852757655664
6599,18.23,74.36,0.11677318775788245,0.010258165031708356
6600,18.23,74.37,0.12258912983384489,0.010240503638210826
6601,18.23,74.38,0.12742095169921414,0.010225074917129567
6602,18.23,74.39,0.13079349343876007,0.010215663808282541
6603,18.23,74.4,0.1336605364500507,0.010200795046702788
6604,18.23,74.41,0.13811747125716697,0.0101611488064138
6605,18.23,74.42,0.1435579763613251,0.010191164592576792
6606,18.23,74.43,0.14470607292673698,0.010233377050860857
6607,18.23,74.44,0.1439952231885113,0.010254471935343075
6608,18.23,74.45,0.14505779488107223,0.010271620621473071
6609,18.23,74.46,0.14648597835480903,0.010280730682808756
6610,18.23,74.47,0.14700345412681054,0.010290416008302671
6611,18.23,74.48,0.14634595930200794,0.01029607043811948
6612,18.23,74.49,0.14502214967089955,0.01028943104608972
6613,18.23,74.5,0.14360119614635028,0.010289062631843402
6614,18.23,74.51,0.14248204932521413,0.010311201718014498
6615,18.23,74.52,0.14148622684358156,0.010338250465292279
6616,18.23,74.53,0.14067693715381324,0.01036036108494061
6617,18.23,74.54,0.14003707524780792,0.010367728294910014
6618,18.23,74.55,0.1396199768219539,0.010363105184527287
6619,18.23,74.56,0.13911209901262464,0.010362602393924421
6620,18.23,74.57,0.1387089787933884,0.010356759111127411
6621,18.23,74.58,0.13801852678966614,0.010351013965113969
6622,18.23,74.59,0.13735082740483198,0.010337280028660861
6623,18.23,74.6,0.13720241506779116,0.010332033536593586
6624,18.23,74.61,0.13760826866800627,0.010325542543560225
6625,18.23,74.62,0.1382107892702513,0.010315302803789068
6626,18.23,74.63,0.138503782384517,0.010317922176023623
6627,18.23,74.64,0.13880318071840153,0.010310310054370395
6628,18.23,74.65,0.1387369240288194,0.010296004491302371
6629,18.23,74.66,0.1380967646773337,0.010285359208735363
6630,18.23,74.67,0.1373434852376352,0.010282427507451331
6631,18.23,74.68,0.13677114030727625,0.010282041532886418
6632,18.23,74.69,0.13715107467547233,0.010283832743834764
6633,18.23,74.7,0.13874845030267907,0.01029011458436338
6634,18.23,74.71,0.14095344018542083,0.010292326184864144
6635,18.23,74.72,0.14352023642432865,0.010286448964562277
6636,18.23,74.73,0.14623728567826655,0.01027927273131293
6637,18.23,74.74,0.14906256085507272,0.01027744953600122
6638,18.23,74.75,0.15229886010045462,0.010277027419190055
6639,18.23,74.76,0.15561397772758667,0.010284783551408905
6640,18.23,74.77,0.158621785860494,0.010290717887355838
6641,18.23,74.78,0.1606367561361861,0.010287384634408137
6642,18.23,74.79,0.16248275993976619,0.01028503805165418
6643,18.23,74.8,0.16028686539281867,0.01028360916546363
6644,18.23,74.81,0.15520217734871766,0.010289596673363694
6645,18.23,74.82,0.15098284241697926,0.010290179104153502
6646,18.23,74.83,0.15063279189228385,0.010306259330908814
6647,18.23,74.84,0.15307431853400014,0.010322198139258748
6648,18.23,74.85,0.15776759586558792,0.010327708861950051
6649,18.23,74.86,0.16395773159048074,0.010321383371690742
6650,18.23,74.87,0.1718251122269595,0.010309665436237639
6651,18.23,74.88,0.18293138715964366,0.01029475874583027
6652,18.23,74.89,0.1979571437540986,0.010266378862264417
6653,18.23,74.9,0.2197330661014135,0.010252811476255043
6654,18.23,74.91,0.24013355720152424,0.010232158643486871
6655,18.23,74.92,0.2548813446645178,0.010226942211888534
6656,18.23,74.93,0.25557932609577066,0.01022717780050593
6657,18.23,74.94,0.2509975822960997,0.010242501352979006
6658,18.23,74.95,0.24932008828108607,0.010266075576326724
6659,18.23,74.96,0.2468110816794799,0.01028688055191508
6660,18.23,74.97,0.23944197159375236,0.01031101522072464
6661,18.23,74.98,0.22732121964570715,0.010331447242794563
6662,18.23,74.99,0.21332639164454434,0.0103514640904702
6663,18.23,75.0,0.20015252345615858,0.010372508800171381
6664,18.23,75.01,0.18914435554305148,0.010388875463898349
6665,18.23,75.02,0.1816981575545231,0.010410214392294245
6666,18.23,75.03,0.17778284528632898,0.010438744952338036
6667,18.23,75.04,0.17587488721633882,0.010463068714770757
6668,18.23,75.05,0.16237999999992353,-1.5988639826937706e-15
6669,18.23,75.06,0.1774597832496111,0.010521173637427961
6670,18.23,75.07,0.18044907912689132,0.010551126402808055
6671,18.23,75.08,0.18453013063729054,0.010569257162543732
6672,18.23,75.09,0.18977590394709887,0.010579288203997015
6673,18.23,75.1,0.19551721247233683,0.010582332129818734
6674,18.23,75.11,0.20130440820216514,0.010579530893903007
6675,18.23,75.12,0.20823962858165995,0.010559701073613537
6676,18.23,75.13,0.21657406416715602,0.01052415490854782
6677,18.23,75.14,0.22819601007564463,0.010496327969154451
6678,18.23,75.15,0.24198350522434683,0.01046840171565224
6679,18.23,75.16,0.25668899951234503,0.010427910751988668
6680,18.23,75.17,0.2736612940049816,0.010386181060311419
6681,18.23,75.18,0.2915774617057611,0.010337772915353104
6682,18.23,75.19,0.3072618081306079,0.010302457080961964
6683,18.23,75.2,0.3149530694178349,0.010294483648074594
6684,18.23,75.21,0.3178897509336508,0.01031258070628807
6685,18.23,75.22,0.3144724166558778,0.01037590798879707
6686,18.23,75.23,0.3092460860789019,0.010450133621054935
6687,18.23,75.24,0.3086536092551779,0.010526639538956856
6688,18.23,75.25,0.31010399591611826,0.010591063171413574
6689,18.23,75.26,0.31186163190653543,0.010636811428734386
6690,18.23,75.27,0.31350444282385187,0.010663815187801306
6691,18.23,75.28,0.31501196446434954,0.010673551141536033
6692,18.23,75.29,0.3166877122016509,0.010668448420903004
6693,18.23,75.3,0.3186105902962161,0.010652111421365672
6694,18.23,75.31,0.3193113330432889,0.010635297617045392
6695,18.23,75.32,0.31704269022721704,0.010633132425430599
6696,18.23,75.33,0.3138084587217354,0.01063811815030131
6697,18.23,75.34,0.30999619003572465,0.010649059766397913
6698,18.23,75.35,0.3066320401070896,0.010669681740313354
6699,18.23,75.36,0.30217780558302887,0.010691283256751978
6700,18.23,75.37,0.2959284467827632,0.01070687880484854
6701,18.23,75.38,0.2885574338693116,0.010714243401652916
6702,18.23,75.39,0.2809169503075313,0.010712679059125266
6703,18.23,75.4,0.2736078987385315,0.010702415343923159
6704,18.23,75.41,0.26682421039362525,0.010686680476874717
6705,18.23,75.42,0.2602081706131121,0.010688618243077978
6706,18.23,75.43,0.2544426746089943,0.010741243505481883
6707,18.23,75.44,0.25036152106085485,0.010806791791063988
6708,18.23,75.45,0.2474330876193264,0.010867251155864805
6709,18.23,75.46,0.24523851641228167,0.010917702457720868
6710,18.23,75.47,0.24320179710439452,0.010956857104015482
6711,18.23,75.48,0.24128803912984184,0.010984994760304666
6712,18.23,75.49,0.23970455896566606,0.011003135986137334
6713,18.23,75.5,0.23839662402822803,0.011012368575551625
6714,18.23,75.51,0.2375082299515398,0.01101315270907845
6715,18.23,75.52,0.23708658892852125,0.011005390147468614
6716,18.23,75.53,0.23737714637990298,0.010993115925963807
6717,18.23,75.54,0.2395217906138962,0.010992463267913366
6718,18.23,75.55,0.24223716511567844,0.010988535220087789
6719,18.23,75.56,0.2448754843169221,0.010974028090617824
6720,18.23,75.57,0.24774434933547004,0.010953312702815639
6721,18.23,75.58,0.25136120325620537,0.010934394355236786
6722,18.23,75.59,0.2552221190444167,0.010912992603688448
6723,18.23,75.6,0.2589156148470424,0.010885928186435391
6724,18.23,75.61,0.262293112171213,0.010854391793096288
6725,18.23,75.62,0.2648872771208381,0.010818357073161734
6726,18.23,75.63,0.26624744655706273,0.010778183941024142
6727,18.23,75.64,0.26613592201932024,0.010737471926602007
6728,18.23,75.65,0.26472215943595456,0.010705805835761298
6729,18.23,75.66,0.2628909117278371,0.010698023930164599
6730,18.23,75.67,0.2605441981964973,0.0107149168563356
6731,18.23,75.68,0.25722104371558896,0.010749238344138275
6732,18.23,75.69,0.25286706847005963,0.010794577258055167
6733,18.23,75.7,0.24785159734541534,0.010845915096907601
6734,18.23,75.71,0.24252789487948162,0.010899479190374404
6735,18.23,75.72,0.23712681694054452,0.01095283947151664
6736,18.23,75.73,0.23170277179378057,0.011004576707388868
6737,18.23,75.74,0.2262359419778368,0.011053751940494192
6738,18.23,75.75,0.22074887230588766,0.011099484611070725
6739,18.23,75.76,0.21532050276564815,0.011140837628989505
6740,18.23,75.77,0.20996633320714303,0.011176852639607661
6741,18.23,75.78,0.20459478710958717,0.01120656917763204
6742,18.23,75.79,0.19934057620261889,0.011229048888014332
6743,18.23,75.8,0.19431817789091485,0.011243418952323062
6744,18.23,75.81,0.18960510005868,0.011249032835388929
6745,18.23,75.82,0.1851826352490127,0.011245585639555734
6746,18.23,75.83,0.18114458817280815,0.011233211506277022
6747,18.23,75.84,0.1774005827194868,0.011212557215875609
6748,18.23,75.85,0.17383197576181394,0.01118484652389226
6749,18.23,75.86,0.17036026861124393,0.011151842674107992
6750,18.23,75.87,0.16709423391518158,0.011115537998022906
6751,18.23,75.88,0.16413550571372273,0.011078307088996006
6752,18.23,75.89,0.16164248532905115,0.011045951075774591
6753,18.23,75.9,0.15984411752648625,0.01102732324136874
6754,18.23,75.91,0.1586125200783737,0.011021260157829924
6755,18.23,75.92,0.15780489208979767,0.011022797259432147
6756,18.23,75.93,0.1573101334495357,0.011024954061170659
6757,18.23,75.94,0.15695679056230996,0.011022592921637838
6758,18.23,75.95,0.1568232087751529,0.011012729224207565
6759,18.23,75.96,0.15681647352810085,0.010993764934951591
6760,18.23,75.97,0.15668968739199382,0.010965760845156375
6761,18.23,75.98,0.1565691606701629,0.010932685747036378
6762,18.23,75.99,0.15647145218783517,0.010908802596101143
6763,18.23,76.0,0.15616552853126806,0.010895337262362114
6764,18.23,76.01,0.1562069362117123,0.01092021415730137
6765,18.23,76.02,0.15609111793370017,0.010946014895132194
6766,18.23,76.03,0.1558350082593107,0.01096439458125275
6767,18.23,76.04,0.15539350961526674,0.010973232906384705
6768,18.23,76.05,0.15477703296623485,0.01097156620475732
6769,18.23,76.06,0.1541087933106845,0.010959135867364144
6770,18.23,76.07,0.15336942812882576,0.010936565168855444
6771,18.23,76.08,0.15273144676288794,0.010917881437626455
6772,18.23,76.09,0.15242327602195582,0.010921809188976846
6773,18.23,76.1,0.15193741620387172,0.010922159734632545
6774,18.23,76.11,0.15135397880549772,0.010924423349735526
6775,18.23,76.12,0.14931313803075896,0.010953258459791147
6776,18.23,76.13,0.14720084461202396,0.010982261726687044
6777,18.23,76.14,0.14525777067639054,0.01100497008248237
6778,18.23,76.15,0.14330369979191007,0.011019745588225277
6779,18.23,76.16,0.14130443526318734,0.011026203736624674
6780,18.23,76.17,0.13929766819837885,0.011026652790125002
6781,18.23,76.18,0.13752075624993343,0.01103009130490491
6782,18.23,76.19,0.13610226365580708,0.011042522240493607
6783,18.23,76.2,0.13512840621575106,0.011059938407702571
6784,18.23,76.21,0.13458332006915896,0.011085338546008265
6785,18.23,76.22,0.13482200920537596,0.011123499200578667
6786,18.23,76.23,0.13587942624916893,0.011175292175957608
6787,18.23,76.24,0.13730669434122236,0.01123855480998641
6788,18.23,76.25,0.13872096056133593,0.011310507176881908
6789,18.23,76.26,0.1399962401106901,0.011388889091884635
6790,18.23,76.27,0.1408823967432842,0.011471713820386585
6791,18.23,76.28,0.14141745394728533,0.011557013671206092
6792,18.23,76.29,0.14188300223523032,0.01164303981098314
6793,18.23,76.3,0.14254218474493188,0.01172849589956281
6794,18.23,76.31,0.14326763644059132,0.011812594354733507
6795,18.23,76.32,0.14418063486991645,0.011895005235215472
6796,18.23,76.33,0.1452019674850381,0.01197579844200003
6797,18.23,76.34,0.1462175782446369,0.012055368869984916
6798,18.23,76.35,0.14707757198503935,0.012134333539264297
6799,18.23,76.36,0.14780483205462888,0.012213378243694659
6800,18.23,76.37,0.14843172457857995,0.012293067914696443
6801,18.23,76.38,0.14900617424551474,0.012373690216667496
6802,18.23,76.39,0.1494820679554025,0.012455184683844116
6803,18.23,76.4,0.14979790198407897,0.012537197489469135
6804,18.23,76.41,0.14997672142049448,0.012619202497398634
6805,18.23,76.42,0.1501563960082121,0.012700633412937212
6806,18.23,76.43,0.1503812901026646,0.012780964527901017
6807,18.23,76.44,0.15072573549151416,0.012859749099226242
6808,18.23,76.45,0.15125722586836937,0.01293662698042763
6809,18.23,76.46,0.15188820868123365,0.013011330526167188
6810,18.23,76.47,0.15265151335977825,0.01308368846564007
6811,18.24,73.4,0.14953283567786388,0.011427101382687528
6812,18.24,73.41,0.14680488294037147,0.01132352652410031
6813,18.24,73.42,0.14429753695994135,0.011233458295786062
6814,18.24,73.43,0.14245083179943482,0.011160636985087055
6815,18.24,73.44,0.1412977519840494,0.01110436524854042
6816,18.24,73.45,0.14053499600288036,0.01105870763656493
6817,18.24,73.46,0.1400761791199521,0.011017710096724745
6818,18.24,73.47,0.13978898069069592,0.010978364177611296
6819,18.24,73.48,0.13981921650031165,0.010938948876947782
6820,18.24,73.49,0.1401431162452699,0.010897595123945341
6821,18.24,73.5,0.14072918829488174,0.010853408505382245
6822,18.24,73.51,0.14163036893395506,0.010808285947145285
6823,18.24,73.52,0.1430073111509626,0.010763457754157909
6824,18.24,73.53,0.14491194830712226,0.010715080057877493
6825,18.24,73.54,0.14776114798429713,0.01066652309612429
6826,18.24,73.55,0.15188903853841434,0.010627696061551945
6827,18.24,73.56,0.15576466812131778,0.010583452883202749
6828,18.24,73.57,0.15914215889328093,0.010529987392424795
6829,18.24,73.58,0.16202780731800193,0.010477009385487313
6830,18.24,73.59,0.16336588665702836,0.010491971633044573
6831,18.24,73.6,0.16391867917632635,0.010511519010710502
6832,18.24,73.61,0.164170788889289,0.010533373672286968
6833,18.24,73.62,0.16383174914941961,0.010538369062817965
6834,18.24,73.63,0.16319567886608602,0.010526935110232909
6835,18.24,73.64,0.162633996280436,0.010503120964123565
6836,18.24,73.65,0.1625987569378043,0.01047539956809209
6837,18.24,73.66,0.1639715607608689,0.010456681133336936
6838,18.24,73.67,0.16656379101899826,0.010446494160600797
6839,18.24,73.68,0.16955402807850478,0.010424412798976603
6840,18.24,73.69,0.17309356089426187,0.010407970331580267
6841,18.24,73.7,0.17503950516788552,0.010404621963955904
6842,18.24,73.71,0.17616244811765538,0.010391733777991007
6843,18.24,73.72,0.17656976888981155,0.010374145028272259
6844,18.24,73.73,0.17505457282797224,0.010371896043560385
6845,18.24,73.74,0.1726119086431331,0.01037959237710997
6846,18.24,73.75,0.17004685342526343,0.010383803144175991
6847,18.24,73.76,0.16723337771284882,0.010391748138778233
6848,18.24,73.77,0.1662120337120004,0.010418356853938417
6849,18.24,73.78,0.16654873023232064,0.010450180611350864
6850,18.24,73.79,0.166773596090964,0.010473104732963298
6851,18.24,73.8,0.1662369552164,0.010490412727503604
6852,18.24,73.81,0.16471403224816622,0.010483499809697403
6853,18.24,73.82,0.16261723359141939,0.010446514005058765
6854,18.24,73.83,0.1503499999999205,-1.6826498624150672e-15
6855,18.24,73.84,0.15941917477935716,0.01037999864638085
6856,18.24,73.85,0.15982885233188243,0.01037476404101048
6857,18.24,73.86,0.16018181039769988,0.010344116739092744
6858,18.24,73.87,0.1628002278915946,0.010302662248326117
6859,18.24,73.88,0.16740064277465516,0.010329332681575154
6860,18.24,73.89,0.1726345162055458,0.010365379170968294
6861,18.24,73.9,0.17771617762311612,0.010378136601979641
6862,18.24,73.91,0.18212682123936758,0.010361547776181607
6863,18.24,73.92,0.1855608730317766,0.010332366757330314
6864,18.24,73.93,0.18722859572979403,0.010342950847225394
6865,18.24,73.94,0.1859442318696231,0.01038770249798352
6866,18.24,73.95,0.18325753600323308,0.01044399856714583
6867,18.24,73.96,0.18023091072419117,0.010482571073168396
6868,18.24,73.97,0.1775720349779233,0.010502693596618354
6869,18.24,73.98,0.17603459939569419,0.010521749329991108
6870,18.24,73.99,0.1749650978339769,0.010533682329793286
6871,18.24,74.0,0.17429586405412587,0.01053745933655694
6872,18.24,74.01,0.17460708045217455,0.010536710513973363
6873,18.24,74.02,0.17683366951657395,0.010539914138251985
6874,18.24,74.03,0.18308872573164348,0.010569581835732174
6875,18.24,74.04,0.19316125755588054,0.01063235550931393
6876,18.24,74.05,0.20467892510557842,0.010697992353427818
6877,18.24,74.06,0.2169542537783487,0.010757702208898275
6878,18.24,74.07,0.22958123752815093,0.010807757693193028
6879,18.24,74.08,0.24210174981341454,0.01084625263594541
6880,18.24,74.09,0.25373114097195,0.010873215525879049
6881,18.24,74.1,0.26298479686258847,0.01089160530351695
6882,18.24,74.11,0.2685948816676967,0.010904311846896914
6883,18.24,74.12,0.2714944036405905,0.010908361914831534
6884,18.24,74.13,0.2728726256136217,0.010900087705048881
6885,18.24,74.14,0.2731155562168234,0.010878186083952435
6886,18.24,74.15,0.27224483344786216,0.010843048235943896
6887,18.24,74.16,0.27022047051059,0.010797213515599827
6888,18.24,74.17,0.2669748255980818,0.010746444960845713
6889,18.24,74.18,0.2617972193945193,0.010696167531715092
6890,18.24,74.19,0.2533515451138133,0.010649818806375309
6891,18.24,74.2,0.24124159510106502,0.010606158764745998
6892,18.24,74.21,0.22634851687595878,0.010557636991131584
6893,18.24,74.22,0.2079797190979431,0.010505233157077784
6894,18.24,74.23,0.18061632707148192,0.010458855863326521
6895,18.24,74.24,0.15425777679906177,0.010394730782784705
6896,18.24,74.25,0.12985148611791214,0.010316714199538975
6897,18.24,74.26,0.10984730150779529,0.010242501982510288
6898,18.24,74.27,0.09652712753652441,0.010195074900997556
6899,18.24,74.28,0.08956575813138974,0.010182472827034382
6900,18.24,74.29,0.08652336240845271,0.010207273092281486
6901,18.24,74.3,0.08618282706989142,0.01019912013972791
6902,18.24,74.31,0.08756453757141953,0.010182998527152523
6903,18.24,74.32,0.09476484562659883,0.010171424408996176
6904,18.24,74.33,0.1006184663322468,0.010163128141693886
6905,18.24,74.34,0.1023740460705146,0.010171284215427807
6906,18.24,74.35,0.10631384765709265,0.010197818411383728
6907,18.24,74.36,0.11333069677845037,0.010229034288655214
6908,18.24,74.37,0.12074724228401308,0.010248859900822804
6909,18.24,74.38,0.12681636371667865,0.010248666621309296
6910,18.24,74.39,0.13103190433305886,0.010237165704668014
6911,18.24,74.4,0.13355370224307606,0.010224877191271173
6912,18.24,74.41,0.13639388988331844,0.010218344907468615
6913,18.24,74.42,0.1396226053459213,0.010233067000514698
6914,18.24,74.43,0.14064992796251713,0.010250772717263682
6915,18.24,74.44,0.14054653022595429,0.010259659124698475
6916,18.24,74.45,0.1410362733862185,0.010268095526089108
6917,18.24,74.46,0.14212111220551188,0.010274607065051702
6918,18.24,74.47,0.14317199009407788,0.010280774753145063
6919,18.24,74.48,0.1431259268753409,0.010282726619434477
6920,18.24,74.49,0.14218710277503616,0.010270665462322907
6921,18.24,74.5,0.14074436831860102,0.010268882320828423
6922,18.24,74.51,0.1399986615747214,0.010291704994022937
6923,18.24,74.52,0.13949289809553608,0.010316206954376022
6924,18.24,74.53,0.13887231538629902,0.010333096866583649
6925,18.24,74.54,0.13873773305595966,0.010338409000601937
6926,18.24,74.55,0.13884240538203882,0.010338827943928592
6927,18.24,74.56,0.13852736975680496,0.010332584007975765
6928,18.24,74.57,0.13757328757434248,0.010326893100133119
6929,18.24,74.58,0.1364675724166828,0.01032559665363859
6930,18.24,74.59,0.13546128623962678,0.010314722960559415
6931,18.24,74.6,0.13509306373864968,0.010307516230679508
6932,18.24,74.61,0.13572443729370157,0.01030224090235843
6933,18.24,74.62,0.13640832708756384,0.010298959602627073
6934,18.24,74.63,0.13710941133394125,0.010300489005931399
6935,18.24,74.64,0.13768216493603164,0.010295165336654857
6936,18.24,74.65,0.1377995056750065,0.01027986758875793
6937,18.24,74.66,0.13713304562613868,0.01026705575833019
6938,18.24,74.67,0.13619096234231154,0.010253272821798103
6939,18.24,74.68,0.1357940725852039,0.010249648366517409
6940,18.24,74.69,0.1367575724957486,0.010255526427872454
6941,18.24,74.7,0.13835666378254946,0.010261551094339022
6942,18.24,74.71,0.14031283389887456,0.010263063663817011
6943,18.24,74.72,0.14237850774248498,0.010257992325918905
6944,18.24,74.73,0.1448744170056913,0.010259953367389203
6945,18.24,74.74,0.14898722531564135,0.010264685779859345
6946,18.24,74.75,0.15425427471097364,0.010281928502666852
6947,18.24,74.76,0.15910548149081213,0.010295515805801885
6948,18.24,74.77,0.1616235823870597,0.010288514287283553
6949,18.24,74.78,0.16132738444041997,0.01027849209597285
6950,18.24,74.79,0.16026104728580998,0.010279852500382679
6951,18.24,74.8,0.15751633378477164,0.010274294381028523
6952,18.24,74.81,0.1528710421157054,0.01027178136525965
6953,18.24,74.82,0.1489829636925705,0.01026836019853533
6954,18.24,74.83,0.14800301683539432,0.010276472680102577
6955,18.24,74.84,0.15050503964323297,0.01029466580679703
6956,18.24,74.85,0.15576560649439938,0.010311019367354271
6957,18.24,74.86,0.1612057456710203,0.010313968438334428
6958,18.24,74.87,0.1659014723330934,0.010309141065016729
6959,18.24,74.88,0.17302294836612417,0.01030195345309308
6960,18.24,74.89,0.18274790081251754,0.010286490245187936
6961,18.24,74.9,0.19410546468511589,0.01027187160711007
6962,18.24,74.91,0.2059031311382845,0.010262519129188803
6963,18.24,74.92,0.21523665257505462,0.010259674203439892
6964,18.24,74.93,0.21755798091477166,0.010256637116059583
6965,18.24,74.94,0.21601204388881437,0.010262770247540557
6966,18.24,74.95,0.21728977958751677,0.010285483372531233
6967,18.24,74.96,0.21640081290759888,0.01030841164445392
6968,18.24,74.97,0.21142336452725327,0.010330832146075532
6969,18.24,74.98,0.20209250673515833,0.010337405925015024
6970,18.24,74.99,0.1912276237617651,0.010351856369276326
6971,18.24,75.0,0.1808333056486766,0.010368376851464559
6972,18.24,75.01,0.17271637683579974,0.010388949033703094
6973,18.24,75.02,0.16755974344265018,0.010414767440504949
6974,18.24,75.03,0.16501944153966241,0.01044022667730385
6975,18.24,75.04,0.16432789474447343,0.010459220420739986
6976,18.24,75.05,0.16538872506521232,0.010486198162022916
6977,18.24,75.06,0.16787239765367512,0.010517674488876517
6978,18.24,75.07,0.17146846246090705,0.010546234561961769
6979,18.24,75.08,0.1760595490288502,0.010559229849680706
6980,18.24,75.09,0.18172085272525434,0.01057381833444291
6981,18.24,75.1,0.18768307550605023,0.01058057428394603
6982,18.24,75.11,0.19338943526347802,0.010582023768334359
6983,18.24,75.12,0.19993985038112638,0.01056886923617716
6984,18.24,75.13,0.2076925580227598,0.010544700111354307
6985,18.24,75.14,0.2178936030884075,0.010525514955221442
6986,18.24,75.15,0.22970100175323968,0.010505974017000399
6987,18.24,75.16,0.24230113623983202,0.01047821971852618
6988,18.24,75.17,0.25568149173351973,0.010445566516838799
6989,18.24,75.18,0.2688570689630517,0.010411718660416645
6990,18.24,75.19,0.27969687517076414,0.01038608394763513
6991,18.24,75.2,0.2868991607533389,0.010379141810061101
6992,18.24,75.21,0.29130720323075887,0.010397115993526431
6993,18.24,75.22,0.29177976318851806,0.010432124724066275
6994,18.24,75.23,0.29179846716251306,0.010478760557846939
6995,18.24,75.24,0.29564408004579756,0.010539341989290305
6996,18.24,75.25,0.29997714468612935,0.010587358995980881
6997,18.24,75.26,0.3039293579433286,0.010618812186387501
6998,18.24,75.27,0.30715689569871873,0.010633694178328913
6999,18.24,75.28,0.3097274542380918,0.010633568499059458
7000,18.24,75.29,0.31205723587114914,0.010620933962743991
7001,18.24,75.3,0.314225153677212,0.010599147023064031
7002,18.24,75.31,0.31528340479708067,0.010574025932662299
7003,18.24,75.32,0.3143252399274878,0.010556108529787474
7004,18.24,75.33,0.3125111294655512,0.010560596498178846
7005,18.24,75.34,0.3086729787608194,0.010572026123440078
7006,18.24,75.35,0.30637495805981224,0.010601864574878914
7007,18.24,75.36,0.3020047803872101,0.010630564410649381
7008,18.24,75.37,0.29517494940038547,0.010652335202263727
7009,18.24,75.38,0.28675787388013074,0.010666929779346915
7010,18.24,75.39,0.27783076721953603,0.010675979623106001
7011,18.24,75.4,0.26923128021997983,0.010681402602495432
7012,18.24,75.41,0.2612735028164,0.01068868373106306
7013,18.24,75.42,0.25410213575332424,0.010709561716103736
7014,18.24,75.43,0.24811086948697317,0.010750906459340502
7015,18.24,75.44,0.24368849691551825,0.010802813262268176
7016,18.24,75.45,0.24058345615105953,0.010853529043436094
7017,18.24,75.46,0.23846655630854252,0.010896985870608436
7018,18.24,75.47,0.23678168800228505,0.010930880348637989
7019,18.24,75.48,0.2351712154886361,0.010955100082752247
7020,18.24,75.49,0.23394041216077835,0.010971050174416935
7021,18.24,75.5,0.23318384528570643,0.010980866862236304
7022,18.24,75.51,0.23300773980976186,0.010985859453380452
7023,18.24,75.52,0.2335666322225217,0.010986125743545468
7024,18.24,75.53,0.23497518594188244,0.010983133740885123
7025,18.24,75.54,0.23719096495474928,0.010978653191805713
7026,18.24,75.55,0.23975762361334382,0.010968232442728126
7027,18.24,75.56,0.24221383534846505,0.010946530532031287
7028,18.24,75.57,0.2444620361461307,0.010912077054341312
7029,18.24,75.58,0.24877924367790108,0.010898413245250163
7030,18.24,75.59,0.2531566389989097,0.010876404526053887
7031,18.24,75.6,0.25737943963619636,0.010846746145412093
7032,18.24,75.61,0.2617155863464914,0.010817157932237432
7033,18.24,75.62,0.2657128030208093,0.010784323642082557
7034,18.24,75.63,0.2687355423201751,0.010746173718153845
7035,18.24,75.64,0.2705514267332314,0.010706947411107733
7036,18.24,75.65,0.271018401491034,0.0106756289735476
7037,18.24,75.66,0.26999423893667934,0.010664105087713371
7038,18.24,75.67,0.2673497475603477,0.01067628937124178
7039,18.24,75.68,0.26337687417296585,0.010708618555129395
7040,18.24,75.69,0.25847393066514185,0.010756334082541782
7041,18.24,75.7,0.2528278793481294,0.010811564554373154
7042,18.24,75.71,0.24676342608394164,0.010868704385442653
7043,18.24,75.72,0.24063959620097888,0.010925404006305327
7044,18.24,75.73,0.23464504644183312,0.010980923273146722
7045,18.24,75.74,0.22879335667525394,0.011034685133104783
7046,18.24,75.75,0.22305632268086373,0.011085518855150554
7047,18.24,75.76,0.21742100136617706,0.011131887551333241
7048,18.24,75.77,0.2118447398097305,0.011172367840157436
7049,18.24,75.78,0.20628411825587667,0.011205833626767487
7050,18.24,75.79,0.20080457760333909,0.011231424858244157
7051,18.24,75.8,0.195536680308349,0.011248489895504908
7052,18.24,75.81,0.19060088425650004,0.01125663774710096
7053,18.24,75.82,0.18597093933740605,0.011255750468725715
7054,18.24,75.83,0.18169545199148202,0.011246029066358111
7055,18.24,75.84,0.17773393977486368,0.01122800430759943
7056,18.24,75.85,0.1739651437082453,0.011202500124754756
7057,18.24,75.86,0.1703220132420486,0.011170512791429195
7058,18.24,75.87,0.16686695397037535,0.011132976191533037
7059,18.24,75.88,0.16367657322194415,0.011090687338019654
7060,18.24,75.89,0.16085470207186814,0.011046670089509303
7061,18.24,75.9,0.15898977296554775,0.011036410660934191
7062,18.24,75.91,0.15770575409587256,0.011032123074208797
7063,18.24,75.92,0.1568346887280429,0.011029100199710744
7064,18.24,75.93,0.15634019692444992,0.011026558318986723
7065,18.24,75.94,0.1560449677966602,0.011021373601259453
7066,18.24,75.95,0.1559801469869848,0.01100968482212187
7067,18.24,75.96,0.15612696022526504,0.010988661865110428
7068,18.24,75.97,0.15622088293795217,0.010957119996220873
7069,18.24,75.98,0.15629056091840388,0.010916192147189613
7070,18.24,75.99,0.15650725524858486,0.01089174813873117
7071,18.24,76.0,0.15666063507947978,0.010889850642795344
7072,18.24,76.01,0.1566489904550944,0.010913881353109528
7073,18.24,76.02,0.15653818105671202,0.010942577840290351
7074,18.24,76.03,0.1563093176206144,0.01096333718069899
7075,18.24,76.04,0.15591353199440539,0.010973517590754022
7076,18.24,76.05,0.15529223384777394,0.0109728046186375
7077,18.24,76.06,0.15459171989738843,0.01096204750082258
7078,18.24,76.07,0.1538141695298794,0.010944410878015681
7079,18.24,76.08,0.153075083628392,0.010929751500355593
7080,18.24,76.09,0.1524981224459369,0.010924647582522025
7081,18.24,76.1,0.15164734107277583,0.010924926054817017
7082,18.24,76.11,0.1504790911831937,0.010934570469363534
7083,18.24,76.12,0.1487417589385192,0.010956684477404327
7084,18.24,76.13,0.14675805067805722,0.010983316926764672
7085,18.24,76.14,0.14484789343343263,0.011007414658498563
7086,18.24,76.15,0.14295984681195956,0.011026266730479971
7087,18.24,76.16,0.14104786104463923,0.011039471098931313
7088,18.24,76.17,0.13913402518065598,0.01104887632760234
7089,18.24,76.18,0.13746092886551334,0.011058379974587737
7090,18.24,76.19,0.13613038961954682,0.011070956484202102
7091,18.24,76.2,0.13520670309792332,0.01108796716676357
7092,18.24,76.21,0.13464804044787781,0.011113619614142846
7093,18.24,76.22,0.13483300706657136,0.011154130767406652
7094,18.24,76.23,0.13575643592134104,0.011209158374432706
7095,18.24,76.24,0.13705404657200243,0.011273801470287054
7096,18.24,76.25,0.13834628038146757,0.011344707284139543
7097,18.24,76.26,0.13955289923068126,0.011419914308729582
7098,18.24,76.27,0.14043907461267818,0.011497919369062717
7099,18.24,76.28,0.14100089007847802,0.011577337237654608
7100,18.24,76.29,0.1414998126854557,0.011656924709826318
7101,18.24,76.3,0.14215408213025807,0.01173570637929464
7102,18.24,76.31,0.1428327801550806,0.011813065865859491
7103,18.24,76.32,0.14367468712704126,0.011888772342954834
7104,18.24,76.33,0.14462010748037718,0.011962996621055896
7105,18.24,76.34,0.145605844961225,0.012036300494491866
7106,18.24,76.35,0.14647395497829496,0.01210955552880601
7107,18.24,76.36,0.1472368965198763,0.012183748475002424
7108,18.24,76.37,0.1479019027339018,0.01225968980745779
7109,18.24,76.38,0.1485100642738371,0.012337730214593294
7110,18.24,76.39,0.1490062802352423,0.012417649360399914
7111,18.24,76.4,0.1493402357452171,0.012498783157350974
7112,18.24,76.41,0.14955672041864526,0.012580275550974889
7113,18.24,76.42,0.14976415506580465,0.012661289309857172
7114,18.24,76.43,0.15001221223122588,0.012741115169509928
7115,18.24,76.44,0.15037903449633147,0.012819199866677292
7116,18.24,76.45,0.15093765777631177,0.012895130359031596
7117,18.24,76.46,0.15161449287876333,0.012968616373375597
7118,18.24,76.47,0.1524163750122718,0.013039481405637383
7119,18.24,76.48,0.153474747361107,0.013107637437692273
7120,18.25,73.4,0.14710662467760724,0.011376495623071877
7121,18.25,73.41,0.1446350677500088,0.01126342981340217
7122,18.25,73.42,0.1424173482766701,0.011165236422711064
7123,18.25,73.43,0.14098359636479094,0.011091630432659642
7124,18.25,73.44,0.14040987214104658,0.011044144773939862
7125,18.25,73.45,0.14033784437514316,0.011008263260932056
7126,18.25,73.46,0.14054030236094558,0.010973712450735253
7127,18.25,73.47,0.14072902439947133,0.010939642353565822
7128,18.25,73.48,0.14101384971823705,0.010906313983330234
7129,18.25,73.49,0.14143821407527596,0.010870679255011279
7130,18.25,73.5,0.1419895799142852,0.01083048639949305
7131,18.25,73.51,0.14280238139197737,0.01078517843535461
7132,18.25,73.52,0.14398343599968516,0.010734609430531198
7133,18.25,73.53,0.14582463957162795,0.010680759248257909
7134,18.25,73.54,0.1489210989120538,0.010629095220270333
7135,18.25,73.55,0.1534582127029761,0.010585696559808996
7136,18.25,73.56,0.15760900163140532,0.010550163533784272
7137,18.25,73.57,0.1612667742593776,0.010506365726814142
7138,18.25,73.58,0.16388643766454797,0.010469375752722408
7139,18.25,73.59,0.16515345905458736,0.01047440064448307
7140,18.25,73.6,0.1660535819989267,0.010499840007337531
7141,18.25,73.61,0.16670452980983586,0.01052638011209827
7142,18.25,73.62,0.16673121503008403,0.010538253898518726
7143,18.25,73.63,0.16642380184756914,0.010531965923567957
7144,18.25,73.64,0.1662216717538426,0.010511390262602125
7145,18.25,73.65,0.16645783432029,0.010488713087581852
7146,18.25,73.66,0.16761739336164896,0.010470112344917125
7147,18.25,73.67,0.16983825082501303,0.010455819083296559
7148,18.25,73.68,0.17258834432935585,0.010432534675119617
7149,18.25,73.69,0.17564404735299274,0.010407074841180256
7150,18.25,73.7,0.17727060566010613,0.01038990982915287
7151,18.25,73.71,0.1769583354291953,0.010374961275894538
7152,18.25,73.72,0.17574843805628207,0.010361191907795124
7153,18.25,73.73,0.17401893245846214,0.010357372740169542
7154,18.25,73.74,0.17226884936350287,0.010356745770220407
7155,18.25,73.75,0.17000967050270382,0.010350616157902061
7156,18.25,73.76,0.16707599560958722,0.01036254011843734
7157,18.25,73.77,0.16558881454037885,0.010405359493960957
7158,18.25,73.78,0.16558799040872396,0.01045332036665021
7159,18.25,73.79,0.16548345054188318,0.010484914713585623
7160,18.25,73.8,0.16486644499993308,0.010497775935929992
7161,18.25,73.81,0.16370187535410705,0.010486101972826897
7162,18.25,73.82,0.16211364274402437,0.010448650633817466
7163,18.25,73.83,0.16010881446138933,0.010400519611190435
7164,18.25,73.84,0.15854086870040546,0.010374448316840174
7165,18.25,73.85,0.1419900000000006,-1.1069801999527544e-15
7166,18.25,73.86,0.16076322311859056,0.01036472301046924
7167,18.25,73.87,0.16239599634122498,0.010354484829133027
7168,18.25,73.88,0.1654914385780165,0.010363632527116131
7169,18.25,73.89,0.16881064800045706,0.010390755380799869
7170,18.25,73.9,0.17300848221970058,0.010406758315971312
7171,18.25,73.91,0.1769465625187879,0.01040035725487316
7172,18.25,73.92,0.17993115725949,0.010389343188052168
7173,18.25,73.93,0.18118581360611993,0.010413966373675778
7174,18.25,73.94,0.18119036333041502,0.010462083618591165
7175,18.25,73.95,0.18023789764917472,0.010511069805058717
7176,18.25,73.96,0.1788645145162011,0.010548654022622663
7177,18.25,73.97,0.17762894725415102,0.010573196740329048
7178,18.25,73.98,0.1770414772533881,0.010594130327148347
7179,18.25,73.99,0.1769639956209915,0.01060922850535036
7180,18.25,74.0,0.1774571236576608,0.010616707333145223
7181,18.25,74.01,0.17882011848780835,0.010619900250161044
7182,18.25,74.02,0.18186254711345884,0.010626413286906354
7183,18.25,74.03,0.188216215969844,0.01065384997977309
7184,18.25,74.04,0.19738752115700495,0.010701476568758781
7185,18.25,74.05,0.20808573370995803,0.01075463203579868
7186,18.25,74.06,0.21953717742385292,0.010804821777763188
7187,18.25,74.07,0.23120659015897932,0.010848263543350552
7188,18.25,74.08,0.24251834255529994,0.010883051683073098
7189,18.25,74.09,0.25279057919559983,0.010908806407507248
7190,18.25,74.1,0.26118871720484066,0.010926349045145927
7191,18.25,74.11,0.26712359702805105,0.010936236691684083
7192,18.25,74.12,0.2707653115879938,0.010937405210247319
7193,18.25,74.13,0.2725395124083025,0.010928197957875608
7194,18.25,74.14,0.2727122838194666,0.010907787270392785
7195,18.25,74.15,0.2713963851853972,0.01087662402136735
7196,18.25,74.16,0.26853800602621725,0.010836604875367454
7197,18.25,74.17,0.26395790332576524,0.010790794221404956
7198,18.25,74.18,0.25712045688100077,0.01074210461006946
7199,18.25,74.19,0.24741049109806582,0.01069211065674046
7200,18.25,74.2,0.23468022875793856,0.01064036578693851
7201,18.25,74.21,0.21907090620405378,0.010585654245322715
7202,18.25,74.22,0.19968461644522112,0.01052931035767159
7203,18.25,74.23,0.17564391934203252,0.01046650574238471
7204,18.25,74.24,0.14979584571940296,0.010384202918980876
7205,18.25,74.25,0.12469132336033271,0.010292917073760179
7206,18.25,74.26,0.10343718800596448,0.010210650668036121
7207,18.25,74.27,0.0898470347317297,0.010166448524352858
7208,18.25,74.28,0.08016999999993024,2.7110525337676787e-16
7209,18.25,74.29,0.08122895675213128,0.010161643398796433
7210,18.25,74.3,0.08160563879956408,0.010150407015995904
7211,18.25,74.31,0.08217020885195736,0.01013534876304399
7212,18.25,74.32,0.08848989695286691,0.010143094872197944
7213,18.25,74.33,0.09592351706904985,0.010151347291736437
7214,18.25,74.34,0.10043375890639987,0.010161159006707584
7215,18.25,74.35,0.10429099117005387,0.010179944700428026
7216,18.25,74.36,0.11101909054646117,0.010207263909097866
7217,18.25,74.37,0.11882598101645073,0.010242894643820994
7218,18.25,74.38,0.12509341710959082,0.010258041817161393
7219,18.25,74.39,0.12952921587138208,0.010253198584778711
7220,18.25,74.4,0.13281825347803491,0.01023183716206388
7221,18.25,74.41,0.1356470202525727,0.010211017673506564
7222,18.25,74.42,0.137868947885345,0.010222764232359816
7223,18.25,74.43,0.13793097615274977,0.010229472512695428
7224,18.25,74.44,0.13732828680916914,0.010217923496980084
7225,18.25,74.45,0.1372933329146501,0.010234526991959264
7226,18.25,74.46,0.13796693691415773,0.010254274597285165
7227,18.25,74.47,0.13909713508132873,0.010249006309213708
7228,18.25,74.48,0.1402885553456674,0.010250348981724076
7229,18.25,74.49,0.14030805268663554,0.010238472597502175
7230,18.25,74.5,0.13909765262195084,0.010251513097884843
7231,18.25,74.51,0.13816263795660133,0.010270614942194793
7232,18.25,74.52,0.1374406142802531,0.01028908372881203
7233,18.25,74.53,0.1371316931676477,0.010301861117302545
7234,18.25,74.54,0.13758506897455403,0.010306523135815798
7235,18.25,74.55,0.13803147019825127,0.010309382981349428
7236,18.25,74.56,0.13764441925525148,0.010301129028825691
7237,18.25,74.57,0.13638320195195464,0.010293131078124438
7238,18.25,74.58,0.13505413188875287,0.010298575266462096
7239,18.25,74.59,0.13383689449555533,0.010296508684066182
7240,18.25,74.6,0.13327219403244783,0.010288865362378514
7241,18.25,74.61,0.13351518536040685,0.01027914397122798
7242,18.25,74.62,0.13442274216241387,0.010267740257950037
7243,18.25,74.63,0.13558540784615414,0.010270090448749158
7244,18.25,74.64,0.1363877026452502,0.01026458563580375
7245,18.25,74.65,0.13633065690673993,0.010256835480548005
7246,18.25,74.66,0.1353424398798096,0.010238882534589872
7247,18.25,74.67,0.13397229334706007,0.0102296582786819
7248,18.25,74.68,0.13344177047095002,0.010223941654181664
7249,18.25,74.69,0.13534438486634556,0.010235204388261629
7250,18.25,74.7,0.13717568746287684,0.010237831219369945
7251,18.25,74.71,0.13927408697854646,0.010235301637882896
7252,18.25,74.72,0.141432873703532,0.010242925361401636
7253,18.25,74.73,0.14411156630539015,0.010249749526620689
7254,18.25,74.74,0.14932446862008603,0.010265352300691468
7255,18.25,74.75,0.15696849335602014,0.01028492526720528
7256,18.25,74.76,0.1644038005050118,0.010291015826004985
7257,18.25,74.77,0.16814506344847857,0.010280974374008104
7258,18.25,74.78,0.16527220395541792,0.010273157145118506
7259,18.25,74.79,0.16045445496646432,0.010277362559043242
7260,18.25,74.8,0.15568849613382868,0.01027423296500959
7261,18.25,74.81,0.15056522663072766,0.010261525041164374
7262,18.25,74.82,0.1464920365245663,0.01025189995200601
7263,18.25,74.83,0.14609463583622825,0.010265642858746298
7264,18.25,74.84,0.1493168482803502,0.010284811712202165
7265,18.25,74.85,0.15580389783205145,0.01030032658985963
7266,18.25,74.86,0.16103053938952294,0.010308608485112674
7267,18.25,74.87,0.1627587866239342,0.010310228941960316
7268,18.25,74.88,0.16640198461647784,0.010310153312204931
7269,18.25,74.89,0.17156809971530967,0.010304219637159844
7270,18.25,74.9,0.17715359281457843,0.01028631610170696
7271,18.25,74.91,0.18298755747161838,0.010274456698419731
7272,18.25,74.92,0.188613494199776,0.010274981579425605
7273,18.25,74.93,0.19130280220375456,0.010273332791498238
7274,18.25,74.94,0.19187519176535955,0.010273275758329429
7275,18.25,74.95,0.1932200424390479,0.01028631586526568
7276,18.25,74.96,0.19285508866385484,0.010308101837518565
7277,18.25,74.97,0.1885927248779554,0.010329179337612538
7278,18.25,74.98,0.18143820811807504,0.010335971900973226
7279,18.25,74.99,0.17270873914499654,0.01033821901236769
7280,18.25,75.0,0.16475386444476647,0.010354153884015555
7281,18.25,75.01,0.1596594842471325,0.01038465099440972
7282,18.25,75.02,0.15603659647153972,0.010412420863190436
7283,18.25,75.03,0.15390806485069922,0.01043335761384968
7284,18.25,75.04,0.1541994589293661,0.010458080068735097
7285,18.25,75.05,0.15601866177154367,0.010486720826426627
7286,18.25,75.06,0.1588723449699306,0.010517175767895473
7287,18.25,75.07,0.16268593343397356,0.010543656597776308
7288,18.25,75.08,0.1674181240288052,0.01056029445808116
7289,18.25,75.09,0.1730153512860966,0.010574081192024
7290,18.25,75.1,0.17903274158379795,0.010581287482048953
7291,18.25,75.11,0.18526112142574896,0.010579960635843938
7292,18.25,75.12,0.19195871170440734,0.010571199072785937
7293,18.25,75.13,0.19950559179056615,0.010558498318436929
7294,18.25,75.14,0.208148984647559,0.01054476233275679
7295,18.25,75.15,0.21767718940561745,0.010528454785011545
7296,18.25,75.16,0.22762474274705113,0.010507813581401371
7297,18.25,75.17,0.23765712033162725,0.010484300263878352
7298,18.25,75.18,0.24704062221883258,0.010459754951337254
7299,18.25,75.19,0.2549066583706683,0.010439951933827022
7300,18.25,75.2,0.2617158397197051,0.01044097632648293
7301,18.25,75.21,0.26803245015336513,0.010461041496891607
7302,18.25,75.22,0.2717450938598554,0.01048376455798306
7303,18.25,75.23,0.2763133134798593,0.010515291127852357
7304,18.25,75.24,0.28328044814981135,0.010553535971325669
7305,18.25,75.25,0.29016628865571203,0.010581463193057337
7306,18.25,75.26,0.29625916087637566,0.010595958250263944
7307,18.25,75.27,0.30096919484893975,0.010597346716196481
7308,18.25,75.28,0.304306726912568,0.010586866146309581
7309,18.25,75.29,0.30718122696315187,0.010567242476891614
7310,18.25,75.3,0.31031129788879513,0.010540564467818883
7311,18.25,75.31,0.31309019290946544,0.010506847551975063
7312,18.25,75.32,0.3139127507781572,0.010477774158631024
7313,18.25,75.33,0.31448052178580665,0.010484329077009656
7314,18.25,75.34,0.31307625640472064,0.010504153400726959
7315,18.25,75.35,0.3094383341366236,0.010534507622025043
7316,18.25,75.36,0.3037783972655378,0.010566280135864877
7317,18.25,75.37,0.29549593959843984,0.010593215177368265
7318,18.25,75.38,0.28527237420357854,0.010614068206573304
7319,18.25,75.39,0.2747884250390447,0.010634777692569748
7320,18.25,75.4,0.2647458066957819,0.010654585941125503
7321,18.25,75.41,0.2555580629840784,0.010678194740879006
7322,18.25,75.42,0.24766138701013907,0.010711114952273346
7323,18.25,75.43,0.24133630919604337,0.010752129863803486
7324,18.25,75.44,0.23672473311785114,0.010797057525153322
7325,18.25,75.45,0.23365419368302986,0.01083994675555806
7326,18.25,75.46,0.23165437392229363,0.010876419710580522
7327,18.25,75.47,0.23043070971888446,0.010904279748274955
7328,18.25,75.48,0.2293080553822678,0.010923262443051565
7329,18.25,75.49,0.22851115036558337,0.010935387583151192
7330,18.25,75.5,0.22845098548934248,0.01094526467871866
7331,18.25,75.51,0.22931548572294483,0.010956008359721046
7332,18.25,75.52,0.23103721291427837,0.010965004182881983
7333,18.25,75.53,0.23344857409330014,0.010969002432507959
7334,18.25,75.54,0.23625440732019484,0.010966219257153586
7335,18.25,75.55,0.2391609151157982,0.010954534822553133
7336,18.25,75.56,0.24196401244461416,0.01093248148638612
7337,18.25,75.57,0.24494162609445597,0.010903819740561304
7338,18.25,75.58,0.248828090770291,0.010877746001525157
7339,18.25,75.59,0.2530615543883633,0.010846267820091396
7340,18.25,75.6,0.25713763156786573,0.010803622976460108
7341,18.25,75.61,0.2626065406938019,0.010778918284561107
7342,18.25,75.62,0.267809444946207,0.010746704841315718
7343,18.25,75.63,0.2723706517078894,0.010706214463902243
7344,18.25,75.64,0.2760660351939697,0.010662282145583755
7345,18.25,75.65,0.2784804103644976,0.010621768654230292
7346,18.25,75.66,0.27855751236269094,0.010604082322220149
7347,18.25,75.67,0.275633768904903,0.010615317464711017
7348,18.25,75.68,0.2706290533914622,0.01064843158934864
7349,18.25,75.69,0.2650040557325362,0.010705336734949408
7350,18.25,75.7,0.2584479538673923,0.010767576562726896
7351,18.25,75.71,0.25136341848967814,0.01082927834907871
7352,18.25,75.72,0.24424768783113227,0.010889423963960667
7353,18.25,75.73,0.2374806830142224,0.010948992748990236
7354,18.25,75.74,0.23116600857142575,0.011008305052600632
7355,18.25,75.75,0.2251767032601049,0.01106546254100157
7356,18.25,75.76,0.21939823316241483,0.01111786267546843
7357,18.25,75.77,0.2136694556393645,0.011163569549204886
7358,18.25,75.78,0.20795269549856493,0.011201395919155466
7359,18.25,75.79,0.20229452589250838,0.011230623005318673
7360,18.25,75.8,0.19683286068386008,0.011250824606471699
7361,18.25,75.81,0.1916830188678634,0.011261847353891984
7362,18.25,75.82,0.1868759087295714,0.011263761089362938
7363,18.25,75.83,0.18240828700318057,0.011256857160695199
7364,18.25,75.84,0.17826306711454798,0.011241638507880436
7365,18.25,75.85,0.17431229070765816,0.011218777168409239
7366,18.25,75.86,0.17049695802395318,0.011189066660015425
7367,18.25,75.87,0.16686936150102943,0.011153433988299965
7368,18.25,75.88,0.16353571481295753,0.011113571424622595
7369,18.25,75.89,0.16065155384319746,0.011076318136456837
7370,18.25,75.9,0.1585136207673375,0.011055947570557171
7371,18.25,75.91,0.15701397487264784,0.011043169409255982
7372,18.25,75.92,0.15602144230380213,0.011032896074310329
7373,18.25,75.93,0.1555274248748496,0.011026914893576344
7374,18.25,75.94,0.15533378503298612,0.01102184588622145
7375,18.25,75.95,0.15536651081183503,0.011011404580629866
7376,18.25,75.96,0.15568239214181942,0.010992056519238548
7377,18.25,75.97,0.1560201624469748,0.010963301070454913
7378,18.25,75.98,0.1563637639309874,0.010929249793361717
7379,18.25,75.99,0.15684787890685128,0.010901775488534429
7380,18.25,76.0,0.1572958420732025,0.010894259098345575
7381,18.25,76.01,0.15734207746886567,0.010921383290869934
7382,18.25,76.02,0.1572391433180981,0.010948846340362106
7383,18.25,76.03,0.15700878985527847,0.010968456897629725
7384,18.25,76.04,0.1566080960204741,0.010978191538196845
7385,18.25,76.05,0.15596307003272167,0.010978042113597077
7386,18.25,76.06,0.1551782833061408,0.010969394042378497
7387,18.25,76.07,0.15427664812281977,0.01095536282166752
7388,18.25,76.08,0.153300590133194,0.010940626180065324
7389,18.25,76.09,0.15236494252981728,0.010928697808695605
7390,18.25,76.1,0.15115738199628367,0.010924114409432358
7391,18.25,76.11,0.14965136141515367,0.010935972514458304
7392,18.25,76.12,0.14787735467149432,0.01095877394852008
7393,18.25,76.13,0.1459788087076902,0.0109849599443874
7394,18.25,76.14,0.1442044334960569,0.011010709691727363
7395,18.25,76.15,0.1424586259363812,0.011033732763644074
7396,18.25,76.16,0.1406498850492032,0.011053020014873127
7397,18.25,76.17,0.1388586570493768,0.011069017923122619
7398,18.25,76.18,0.13733185569234516,0.011083229387001502
7399,18.25,76.19,0.1361280647050025,0.011097113981724497
7400,18.25,76.2,0.1352923620605972,0.01111187724560257
7401,18.25,76.21,0.13482404729690273,0.011132198256587358
7402,18.25,76.22,0.13500017279194257,0.011176553436464492
7403,18.25,76.23,0.13576886200336033,0.011238602535581224
7404,18.25,76.24,0.1369459545702296,0.011305938330395346
7405,18.25,76.25,0.13817165075420357,0.011376363126150818
7406,18.25,76.26,0.1393072025730528,0.011448954754274716
7407,18.25,76.27,0.14016981388355929,0.011522842446947533
7408,18.25,76.28,0.14072961038337503,0.011597100836624233
7409,18.25,76.29,0.1412436987950845,0.011670838401675926
7410,18.25,76.3,0.141888007753361,0.011743315738697004
7411,18.25,76.31,0.14253491513798253,0.011814055169561898
7412,18.25,76.32,0.14330974215747477,0.011882911365730584
7413,18.25,76.33,0.14416639610604554,0.011950163334973722
7414,18.25,76.34,0.14511154547775182,0.012016584929708125
7415,18.25,76.35,0.14597185567910723,0.012083433686432311
7416,18.25,76.36,0.14672050776526163,0.01215223405294432
7417,18.25,76.37,0.14739993885072503,0.01222428089188391
7418,18.25,76.38,0.1480542698304757,0.012300062067430662
7419,18.25,76.39,0.14860185481212407,0.012379049762470593
7420,18.25,76.4,0.14897323665212428,0.012460032536626229
7421,18.25,76.41,0.1492357073458906,0.012541646416435884
7422,18.25,76.42,0.1494774559074549,0.012622714192487129
7423,18.25,76.43,0.1497441341055513,0.012702345610075615
7424,18.25,76.44,0.1501061483224013,0.012779913692642137
7425,18.25,76.45,0.15067063464649635,0.012854989356841257
7426,18.25,76.46,0.15138887843941737,0.012927290650647164
7427,18.25,76.47,0.1522202065196288,0.012996660380155256
7428,18.25,76.48,0.15328945061481228,0.013063027551538705
7429,18.26,73.4,0.14520429794673917,0.011331747172196673
7430,18.26,73.41,0.1429922488088511,0.011207536166666142
7431,18.26,73.42,0.14102707150263585,0.011095400207052169
7432,18.26,73.43,0.139717665126195,0.011017279854978494
7433,18.26,73.44,0.1399236207426744,0.010989235001041195
7434,18.26,73.45,0.14060509468778154,0.010964592877744145
7435,18.26,73.46,0.1415211887848305,0.010932683155190154
7436,18.26,73.47,0.1422246665054603,0.010899968392509977
7437,18.26,73.48,0.14258633370029478,0.010873804455773906
7438,18.26,73.49,0.14299112576175574,0.010843854760742075
7439,18.26,73.5,0.14356110989891596,0.010807502002333038
7440,18.26,73.51,0.1443377629049808,0.010763965885520251
7441,18.26,73.52,0.14531247281376247,0.010711383642536225
7442,18.26,73.53,0.14706411446568154,0.010656975609905651
7443,18.26,73.54,0.15037059097525715,0.010610690916888616
7444,18.26,73.55,0.1546220046485143,0.010564658247793507
7445,18.26,73.56,0.15948728040284554,0.01053299013202161
7446,18.26,73.57,0.163916414708229,0.010493698898293621
7447,18.26,73.58,0.16709941744187098,0.01046121059727219
7448,18.26,73.59,0.16808243884732366,0.010459290792487173
7449,18.26,73.6,0.16890404593694053,0.010487430172491024
7450,18.26,73.61,0.16977497600165228,0.010518647068569715
7451,18.26,73.62,0.17004894846842983,0.010534038816058817
7452,18.26,73.63,0.169970507118314,0.010530537932827837
7453,18.26,73.64,0.16986279970248036,0.010511016768949189
7454,18.26,73.65,0.17004575228714788,0.010492157255045903
7455,18.26,73.66,0.17084979427355013,0.010473019022185536
7456,18.26,73.67,0.1725340594937541,0.01045628232881692
7457,18.26,73.68,0.17482286086367294,0.010427199066727889
7458,18.26,73.69,0.17777606780237368,0.010385938057319471
7459,18.26,73.7,0.17933168881938197,0.010352921137923188
7460,18.26,73.71,0.17681001868414206,0.010333942036608442
7461,18.26,73.72,0.17442518294949283,0.010308854944341
7462,18.26,73.73,0.17199701247274618,0.010312265251551087
7463,18.26,73.74,0.17175675751563668,0.01032350965767129
7464,18.26,73.75,0.17115034755864406,0.010327954993806187
7465,18.26,73.76,0.1693758543527134,0.010348705349877571
7466,18.26,73.77,0.16689929280925214,0.010402548787612941
7467,18.26,73.78,0.1657833990815345,0.010454675844298414
7468,18.26,73.79,0.16527562554207523,0.010490574557617748
7469,18.26,73.8,0.16467850514640253,0.010505519762790792
7470,18.26,73.81,0.16391281029791235,0.01049626954116042
7471,18.26,73.82,0.16303905148092865,0.010462912146390013
7472,18.26,73.83,0.16200578291695825,0.010423680030855614
7473,18.26,73.84,0.16148951071958578,0.010400674530216104
7474,18.26,73.85,0.1615891944445175,0.010394449898875576
7475,18.26,73.86,0.16208950543667922,0.010387899858540236
7476,18.26,73.87,0.1619408006434429,0.010388840846386426
7477,18.26,73.88,0.16261031733355377,0.010393291863603766
7478,18.26,73.89,0.16504811377294143,0.010413266493422961
7479,18.26,73.9,0.1690040020308271,0.010436400941081794
7480,18.26,73.91,0.17237547589454674,0.010445067030860284
7481,18.26,73.92,0.17465358985136503,0.010451612884057973
7482,18.26,73.93,0.17635391923747834,0.01048436014619413
7483,18.26,73.94,0.1775738679987979,0.010531595033914699
7484,18.26,73.95,0.17798899116311948,0.010576271865995647
7485,18.26,73.96,0.17801903917909218,0.010612910946227882
7486,18.26,73.97,0.17808697239593602,0.010640549103193333
7487,18.26,73.98,0.17851386812845918,0.010661515307276787
7488,18.26,73.99,0.17939495718745188,0.010676669289953011
7489,18.26,74.0,0.1809029150274393,0.010686611455847938
7490,18.26,74.01,0.1833121452998826,0.010694470522143068
7491,18.26,74.02,0.18725734150215295,0.010706414005338052
7492,18.26,74.03,0.19337912261208473,0.010729437520685463
7493,18.26,74.04,0.20162697287224207,0.0107641816884106
7494,18.26,74.05,0.21135595295439816,0.010804991533919011
7495,18.26,74.06,0.2218753899067628,0.01084595741182513
7496,18.26,74.07,0.23259887790452785,0.0108830993389517
7497,18.26,74.08,0.2429412728752768,0.01091403901292084
7498,18.26,74.09,0.2523645934233707,0.010937647534239241
7499,18.26,74.1,0.26028912055568426,0.010953620235314024
7500,18.26,74.11,0.2662776433724884,0.010961775919065357
7501,18.26,74.12,0.2702484531889204,0.010961553501033002
7502,18.26,74.13,0.2722787286890349,0.01095223078682471
7503,18.26,74.14,0.2724896866085643,0.010933450994429638
7504,18.26,74.15,0.2708925794614082,0.010905540974791085
7505,18.26,74.16,0.2674250586865131,0.0108695384793593
7506,18.26,74.17,0.26193331494387934,0.010826868382784275
7507,18.26,74.18,0.25396350571056703,0.01077873379710726
7508,18.26,74.19,0.24317775787591261,0.01072577637405069
7509,18.26,74.2,0.2294015804004794,0.010668721266995874
7510,18.26,74.21,0.2125926629457415,0.010609042765093685
7511,18.26,74.22,0.19376468285341927,0.010553073311465523
7512,18.26,74.23,0.17253049855925823,0.010489876557911015
7513,18.26,74.24,0.1491170699316885,0.010406951546560721
7514,18.26,74.25,0.12500769071241727,0.010313147476312446
7515,18.26,74.26,0.10328582073003521,0.010225939009000191
7516,18.26,74.27,0.08899622038616321,0.010170288428530957
7517,18.26,74.28,0.05859799999995224,-1.285451433166732e-15
7518,18.26,74.29,0.08042745956640064,0.010150481207483417
7519,18.26,74.3,0.08024643941510794,0.010137832573018507
7520,18.26,74.31,0.07742559076730109,0.010138981789451404
7521,18.26,74.32,0.08071756169150945,0.010141759153936758
7522,18.26,74.33,0.08850971717541876,0.010142769591100446
7523,18.26,74.34,0.09656719177870902,0.01015322013647935
7524,18.26,74.35,0.1011976631531015,0.010168642747776761
7525,18.26,74.36,0.10857854467317944,0.01020326578400099
7526,18.26,74.37,0.1168919657368685,0.010240576510878114
7527,18.26,74.38,0.12350298260347803,0.010253440678566206
7528,18.26,74.39,0.12793165175255716,0.010243545867687479
7529,18.26,74.4,0.13173933193058773,0.010200700956828429
7530,18.26,74.41,0.13567622491398984,0.010154622007255561
7531,18.26,74.42,0.13802894370478216,0.010174676826729312
7532,18.26,74.43,0.13681876167030285,0.010198007341006725
7533,18.26,74.44,0.13530666939365685,0.010192007150836326
7534,18.26,74.45,0.13469460374187864,0.010217583899521569
7535,18.26,74.46,0.13548659716056138,0.010248416907397938
7536,18.26,74.47,0.13684361313520332,0.010252736776336221
7537,18.26,74.48,0.13794321330326176,0.010250352370901017
7538,18.26,74.49,0.13810694250302616,0.01024158990030082
7539,18.26,74.5,0.13753135674850953,0.010246505480851128
7540,18.26,74.51,0.1367819551397431,0.010257993107922572
7541,18.26,74.52,0.13575699081344414,0.010269447262811385
7542,18.26,74.53,0.13497622606779844,0.010276811353174197
7543,18.26,74.54,0.13577922072764215,0.010278836900352743
7544,18.26,74.55,0.13704213312875987,0.010275937071953699
7545,18.26,74.56,0.1373134270398262,0.010270811800058515
7546,18.26,74.57,0.13579882612069036,0.01026519777119998
7547,18.26,74.58,0.1338009521844798,0.010271243655446084
7548,18.26,74.59,0.1322595901133763,0.010275381944359572
7549,18.26,74.6,0.13171883939673246,0.010265754277177365
7550,18.26,74.61,0.1315669450907373,0.010261142467532009
7551,18.26,74.62,0.1319071843725127,0.010248909235427015
7552,18.26,74.63,0.13351244592826753,0.01024960796486817
7553,18.26,74.64,0.1352981657344082,0.010238006512179583
7554,18.26,74.65,0.1345651889294193,0.01022054765889817
7555,18.26,74.66,0.16969524935063168,-0.009796179315156493
7556,18.26,74.67,0.13282632062919475,0.010210138715784925
7557,18.26,74.68,0.13280707708947254,0.010219450199884426
7558,18.26,74.69,0.13403222593053243,0.010226108806315401
7559,18.26,74.7,0.1363527631245218,0.010230641648608136
7560,18.26,74.71,0.13853269476831764,0.010228477053046739
7561,18.26,74.72,0.14022849966902223,0.010234956746356397
7562,18.26,74.73,0.1430106313874344,0.010247500233671538
7563,18.26,74.74,0.14903161012247315,0.01026380481372325
7564,18.26,74.75,0.15807684047377302,0.010271129021373181
7565,18.26,74.76,0.16853223359506495,0.01026764895935011
7566,18.26,74.77,0.17697654547997385,0.010243967519147293
7567,18.26,74.78,0.1696263580552239,0.010245044639226443
7568,18.26,74.79,0.16083523606749214,0.01026563633987505
7569,18.26,74.8,0.15386309227260286,0.010268450400218048
7570,18.26,74.81,0.14891947708194886,0.01025623732195343
7571,18.26,74.82,0.14550650128567896,0.010246166459987844
7572,18.26,74.83,0.1451634572359536,0.010261738705084664
7573,18.26,74.84,0.14820578501511197,0.010282194517149195
7574,18.26,74.85,0.15299030592447535,0.010288859275856507
7575,18.26,74.86,0.15704565105986198,0.01030065889623813
7576,18.26,74.87,0.15971600604769,0.010307309948785797
7577,18.26,74.88,0.16203672284372087,0.010312954201082193
7578,18.26,74.89,0.1648456246044578,0.010306298148880894
7579,18.26,74.9,0.16772624177300746,0.010293432738100796
7580,18.26,74.91,0.1704404410114916,0.010283570393592243
7581,18.26,74.92,0.1724806319488264,0.01028816803035831
7582,18.26,74.93,0.17369251987692466,0.0102818701041123
7583,18.26,74.94,0.17357831766794463,0.010272086620988599
7584,18.26,74.95,0.17428224546225707,0.010276981000035176
7585,18.26,74.96,0.1742884881828274,0.010294646611940307
7586,18.26,74.97,0.17059476370441673,0.010315031844966082
7587,18.26,74.98,0.16562604656017713,0.01032064724220828
7588,18.26,74.99,0.15944955329847887,0.010310608837263181
7589,18.26,75.0,0.15367446352573821,0.0103295318020917
7590,18.26,75.01,0.15003449282436382,0.010369797952940164
7591,18.26,75.02,0.14746427726201689,0.010400357646975446
7592,18.26,75.03,0.14594893745815082,0.010423832492210388
7593,18.26,75.04,0.14629230086452974,0.010449318698671719
7594,18.26,75.05,0.14809417229440636,0.010481024976949702
7595,18.26,75.06,0.15081807058023075,0.010513409397924093
7596,18.26,75.07,0.1544165046201419,0.010536603400142388
7597,18.26,75.08,0.15898478723636442,0.010553224012797248
7598,18.26,75.09,0.16458863692736475,0.010567193044829613
7599,18.26,75.1,0.17080972686252785,0.010571148379488126
7600,18.26,75.11,0.17738725583232506,0.010564861574644787
7601,18.26,75.12,0.1842121100948747,0.010556085841428827
7602,18.26,75.13,0.19128632221865668,0.010550532782899458
7603,18.26,75.14,0.19852948204895565,0.010542517722624416
7604,18.26,75.15,0.2060207222490885,0.010529116431407887
7605,18.26,75.16,0.2136368476285131,0.010512658384332574
7606,18.26,75.17,0.22111433483558432,0.01049802231088889
7607,18.26,75.18,0.22812323537630272,0.010485494680457478
7608,18.26,75.19,0.2344808032082492,0.01047354528906939
7609,18.26,75.2,0.24198247226550268,0.01048798226763168
7610,18.26,75.21,0.2491693991312362,0.010507909221591028
7611,18.26,75.22,0.2559577605849042,0.010526916339498898
7612,18.26,75.23,0.2634658702830434,0.010545398288716585
7613,18.26,75.24,0.27221733136685855,0.010560813425481227
7614,18.26,75.25,0.2812225447273044,0.010567153455034247
7615,18.26,75.26,0.28943053035347227,0.010563383045826848
7616,18.26,75.27,0.2956850879942351,0.010551751196992207
7617,18.26,75.28,0.2995254496396602,0.010532331681441423
7618,18.26,75.29,0.3024967125495874,0.010507610712788598
7619,18.26,75.3,0.30687771649322504,0.010481684592254398
7620,18.26,75.31,0.3131668709838087,0.010449387324567903
7621,18.26,75.32,0.31719574716529525,0.010412661949589567
7622,18.26,75.33,0.3185803448608221,0.010420458793573444
7623,18.26,75.34,0.3178052568049736,0.010433568970741615
7624,18.26,75.35,0.31366816327123215,0.01046387110093988
7625,18.26,75.36,0.3072346408553754,0.010498207507642974
7626,18.26,75.37,0.2970493121430753,0.01053200277082833
7627,18.26,75.38,0.28436154430960736,0.010560738758604974
7628,18.26,75.39,0.2720933096876406,0.010595114993028933
7629,18.26,75.4,0.2603984115929008,0.010623810255088104
7630,18.26,75.41,0.24978189216541583,0.010657663068465146
7631,18.26,75.42,0.24106063893932467,0.01069921467776761
7632,18.26,75.43,0.23450901681516084,0.010742758329947848
7633,18.26,75.44,0.22990006643342673,0.010785271906508477
7634,18.26,75.45,0.22695890615954487,0.010823207313837794
7635,18.26,75.46,0.22530808316186912,0.010854168123301427
7636,18.26,75.47,0.22456363851227518,0.010876653371204506
7637,18.26,75.48,0.22404161218684948,0.010890062886132583
7638,18.26,75.49,0.22365296875984172,0.010895786501674082
7639,18.26,75.5,0.22417430492625975,0.010902887139339108
7640,18.26,75.51,0.22645191372817056,0.010922657394631203
7641,18.26,75.52,0.2295348245058816,0.010942156841250082
7642,18.26,75.53,0.23295652895728874,0.010953401605697173
7643,18.26,75.54,0.236489786962203,0.01095424940017324
7644,18.26,75.55,0.24001231009821328,0.01094416765915181
7645,18.26,75.56,0.2434188884868733,0.010923916786792562
7646,18.26,75.57,0.24689897039860642,0.010896358305516243
7647,18.26,75.58,0.2507663762685883,0.010864376713939835
7648,18.26,75.59,0.25505899668332094,0.010827257749288317
7649,18.26,75.6,0.2597554352867241,0.010786405100290938
7650,18.26,75.61,0.2652324035151641,0.010748681732350262
7651,18.26,75.62,0.27106126740113506,0.010707524556689073
7652,18.26,75.63,0.2767121901967476,0.01065953649857018
7653,18.26,75.64,0.2820362326613496,0.010607797262098508
7654,18.26,75.65,0.28646101704833327,0.010559089763352536
7655,18.26,75.66,0.28843944816050954,0.010531044956203054
7656,18.26,75.67,0.2857043581000155,0.010541074071924752
7657,18.26,75.68,0.27955081630645795,0.010582840210975853
7658,18.26,75.69,0.27246106464714026,0.010648884698909717
7659,18.26,75.7,0.26446015307862,0.010718113831854082
7660,18.26,75.71,0.2560804577116196,0.010783856130914869
7661,18.26,75.72,0.24778315591890215,0.010846032267157538
7662,18.26,75.73,0.24009769063390038,0.01090911739419701
7663,18.26,75.74,0.23331200554420542,0.010975710555390848
7664,18.26,75.75,0.2270972613889389,0.011040962882313527
7665,18.26,75.76,0.22117418524543223,0.011100319454132663
7666,18.26,75.77,0.21533035533537073,0.011151659111223152
7667,18.26,75.78,0.20950165755116884,0.01119403619944273
7668,18.26,75.79,0.20372288974855376,0.011227009356900715
7669,18.26,75.8,0.1981083780467595,0.01125042299778452
7670,18.26,75.81,0.19278433922700547,0.011264365138761022
7671,18.26,75.82,0.18779718253797245,0.011269106194884465
7672,18.26,75.83,0.18319266887251126,0.011265076161113103
7673,18.26,75.84,0.17892486641719377,0.011252848689490712
7674,18.26,75.85,0.1748511554175104,0.011233138875894536
7675,18.26,75.86,0.17092206546465066,0.011206848257217109
7676,18.26,75.87,0.16719451313415817,0.011175272810335682
7677,18.26,75.88,0.16378816110909317,0.01114078478717142
7678,18.26,75.89,0.1608059012809286,0.011107725689629729
7679,18.26,75.9,0.15837561600985237,0.011079732743153586
7680,18.26,75.91,0.15654322424377848,0.011054805746812153
7681,18.26,75.92,0.15526352511439048,0.011032344937865209
7682,18.26,75.93,0.15477150928910385,0.011025261613686888
7683,18.26,75.94,0.15474992185401978,0.011024765365632894
7684,18.26,75.95,0.15492625624620285,0.011018163751373062
7685,18.26,75.96,0.1554017271727817,0.011002982385116085
7686,18.26,75.97,0.15596732493741128,0.01097942164737256
7687,18.26,75.98,0.15659950436582787,0.010950111519574438
7688,18.26,75.99,0.15734245941792824,0.010921092742473016
7689,18.26,76.0,0.15789334400786176,0.010921707473443027
7690,18.26,76.01,0.1581387992278843,0.010942168491861217
7691,18.26,76.02,0.15812516849743233,0.010963177071333702
7692,18.26,76.03,0.1578807510757948,0.01097836976765046
7693,18.26,76.04,0.15739179288733843,0.010985549256349612
7694,18.26,76.05,0.1566313298028213,0.010984509286011725
7695,18.26,76.06,0.15570942243466637,0.010976357741808444
7696,18.26,76.07,0.15460574904385793,0.010963265938716568
7697,18.26,76.08,0.1533464778485378,0.010947726857818894
7698,18.26,76.09,0.15205598298676565,0.010931250087192897
7699,18.26,76.1,0.15057459140542753,0.010914080704497843
7700,18.26,76.11,0.14871817631028153,0.010933299572719086
7701,18.26,76.12,0.14679636487244588,0.010957507117573916
7702,18.26,76.13,0.1449043234051718,0.010983799655372502
7703,18.26,76.14,0.14326462158758035,0.011011833800023223
7704,18.26,76.15,0.14174703106354677,0.0110394804107177
7705,18.26,76.16,0.14015230225970582,0.011064597123702566
7706,18.26,76.17,0.1385259570140808,0.011086427536643798
7707,18.26,76.18,0.13710970359676872,0.01110544194326273
7708,18.26,76.19,0.13600883565564442,0.01112253447326996
7709,18.26,76.2,0.13522780320294167,0.011138520637569056
7710,18.26,76.21,0.13487125263653021,0.011155566685804464
7711,18.26,76.22,0.13511009686037123,0.01120400008143902
7712,18.26,76.23,0.13583611233035214,0.011269619722881834
7713,18.26,76.24,0.13695422638258867,0.011337255045374311
7714,18.26,76.25,0.1381657944264348,0.011406227407453272
7715,18.26,76.26,0.13926523140671832,0.011476066365779624
7716,18.26,76.27,0.1400822893283053,0.011546159945474813
7717,18.26,76.28,0.14062259877676445,0.011615793867499535
7718,18.26,76.29,0.14114310763339138,0.011684246937664582
7719,18.26,76.3,0.14176711053957725,0.011750891321551823
7720,18.26,76.31,0.14238721093980916,0.011815297521629731
7721,18.26,76.32,0.14310047920734748,0.011877329996143432
7722,18.26,76.33,0.14385583442073682,0.011937298157432226
7723,18.26,76.34,0.14474076882285528,0.011996150368627353
7724,18.26,76.35,0.14559393391023187,0.012055646058378992
7725,18.26,76.36,0.14632419271617164,0.01211823980732581
7726,18.26,76.37,0.14697572112851312,0.01218624382834871
7727,18.26,76.38,0.14763059162213757,0.012260443539555526
7728,18.26,76.39,0.1482371679135999,0.01233961017189525
7729,18.26,76.4,0.14866842977454992,0.012421498627921248
7730,18.26,76.41,0.14900793642935625,0.01250400143160024
7731,18.26,76.42,0.14931055963277012,0.012585588835769523
7732,18.26,76.43,0.14961470759634948,0.012665263562226834
7733,18.26,76.44,0.14996912225213346,0.012742405626861695
7734,18.26,76.45,0.15051008856407544,0.012816632979356559
7735,18.26,76.46,0.15125346673329518,0.01288771217221256
7736,18.26,76.47,0.15211773934899378,0.012955530142770132
7737,18.26,76.48,0.1531985827407371,0.013020048227008016
7738,18.26,76.49,0.15452632012314746,0.013081278761212964
7739,18.27,73.4,0.14382280876997908,0.011301276119323016
7740,18.27,73.41,0.14187506663374275,0.011171714093037242
7741,18.27,73.42,0.140357269318084,0.011055158181697352
7742,18.27,73.43,0.13978932283373355,0.010987853088581412
7743,18.27,73.44,0.1401580060786541,0.010962955826981894
7744,18.27,73.45,0.14118245223225476,0.010941125593576784
7745,18.27,73.46,0.14253655882384703,0.010907971119119807
7746,18.27,73.47,0.1437250467509994,0.010870306905088774
7747,18.27,73.48,0.1440590350237929,0.010848880148518451
7748,18.27,73.49,0.1446320942432408,0.01081991080743273
7749,18.27,73.5,0.14534373122355362,0.010786422752515987
7750,18.27,73.51,0.14614799560691294,0.01074836941498562
7751,18.27,73.52,0.14717558840048062,0.010703371848798724
7752,18.27,73.53,0.14899864967268467,0.010656129630769534
7753,18.27,73.54,0.1520001881751706,0.010611455079967988
7754,18.27,73.55,0.15605106920453626,0.010568619207187486
7755,18.27,73.56,0.1610293265058281,0.010528970406929359
7756,18.27,73.57,0.1663589895804797,0.010481983992090223
7757,18.27,73.58,0.18793999999994715,5.314763332922412e-16
7758,18.27,73.59,0.17242597628146097,0.010442566589453407
7759,18.27,73.6,0.17240573638894754,0.010477752707180626
7760,18.27,73.61,0.1732145294133769,0.010511729101505418
7761,18.27,73.62,0.17364498173089496,0.01052648509479801
7762,18.27,73.63,0.17368687095134247,0.010523645913533388
7763,18.27,73.64,0.17356100055418702,0.010509531425530596
7764,18.27,73.65,0.1735346540375117,0.010491170359650515
7765,18.27,73.66,0.17387578209171414,0.01046937827906311
7766,18.27,73.67,0.17473431652275653,0.010447757900700223
7767,18.27,73.68,0.17604244745188227,0.010416048384215467
7768,18.27,73.69,0.17788144531179814,0.010367676836941751
7769,18.27,73.7,0.17867067798079422,0.010325716570892578
7770,18.27,73.71,0.17506828041607672,0.010297409626332235
7771,18.27,73.72,0.17136749657008604,0.01025090952315713
7772,18.27,73.73,0.17089631702112415,0.010268324164109766
7773,18.27,73.74,0.1727501419094773,0.0102938255887168
7774,18.27,73.75,0.17276354571754785,0.01032475377594292
7775,18.27,73.76,0.17051849261231475,0.010361907962869753
7776,18.27,73.77,0.167793849356876,0.010403205890565344
7777,18.27,73.78,0.1665642195377117,0.010451113674227483
7778,18.27,73.79,0.16604604049616925,0.010489977142033433
7779,18.27,73.8,0.16557414634161147,0.010510312845922427
7780,18.27,73.81,0.1650859970972443,0.01050896625710391
7781,18.27,73.82,0.16453508246367698,0.010486194624833373
7782,18.27,73.83,0.16410130467460185,0.010450186740427804
7783,18.27,73.84,0.16421361926701636,0.010423059556258454
7784,18.27,73.85,0.16315838411554723,0.01041068680063685
7785,18.27,73.86,0.16219552272803045,0.010398821135528648
7786,18.27,73.87,0.1615627281860989,0.010395335584301139
7787,18.27,73.88,0.16135448135130462,0.01040143638589025
7788,18.27,73.89,0.16319983917293202,0.01042539589656724
7789,18.27,73.9,0.1664368138337057,0.010457115664387904
7790,18.27,73.91,0.1694340520098711,0.010483969699344165
7791,18.27,73.92,0.1719345086446898,0.010511264393508904
7792,18.27,73.93,0.17389220098826624,0.010547698525540578
7793,18.27,73.94,0.17547519483236673,0.010590685970873977
7794,18.27,73.95,0.17672884368812578,0.01063219118027022
7795,18.27,73.96,0.17775189503468908,0.010667569143720083
7796,18.27,73.97,0.1788307673422863,0.010695438011206688
7797,18.27,73.98,0.18017134815687275,0.010716363302151493
7798,18.27,73.99,0.18190755535233286,0.010731456509219212
7799,18.27,74.0,0.1842220826080192,0.010742392232361222
7800,18.27,74.01,0.18734301011530072,0.010752145237790662
7801,18.27,74.02,0.19176017044691204,0.010764822485990354
7802,18.27,74.03,0.19781287127763802,0.010784039973729995
7803,18.27,74.04,0.20550392604401221,0.010810723775494939
7804,18.27,74.05,0.21449521167190222,0.010842801719171593
7805,18.27,74.06,0.2242724790644067,0.010876698691423681
7806,18.27,74.07,0.23428071017022523,0.010908814903963449
7807,18.27,74.08,0.24396336879741984,0.010936404941535685
7808,18.27,74.09,0.2528530520871218,0.01095780159648899
7809,18.27,74.1,0.2604559052907042,0.01097216935173924
7810,18.27,74.11,0.2663877373375942,0.010979075366073855
7811,18.27,74.12,0.27048429156207987,0.01097818077901382
7812,18.27,74.13,0.2726807087660105,0.010969208912198837
7813,18.27,74.14,0.27293424758339774,0.010952058486922243
7814,18.27,74.15,0.27119790583160563,0.010926902090164002
7815,18.27,74.16,0.267419749616068,0.010894151164945865
7816,18.27,74.17,0.26142121445987415,0.010854237565526824
7817,18.27,74.18,0.2528267012188769,0.010807275757572836
7818,18.27,74.19,0.241416760524689,0.010752931737147498
7819,18.27,74.2,0.22705105454528757,0.010692204998827792
7820,18.27,74.21,0.21038808834711947,0.010635749959531404
7821,18.27,74.22,0.19262956762194566,0.01058559826202128
7822,18.27,74.23,0.17331939351704417,0.010527848782243943
7823,18.27,74.24,0.1522952915080903,0.01045308954370813
7824,18.27,74.25,0.13058623689653068,0.010370366027548043
7825,18.27,74.26,0.11019494207346195,0.010287392919217585
7826,18.27,74.27,0.0954355764762743,0.01021828544744326
7827,18.27,74.28,0.08709757014059047,0.010190295978844055
7828,18.27,74.29,0.08112281165106698,0.010156574966666046
7829,18.27,74.3,0.07757974506738241,0.010145356258051253
7830,18.27,74.31,0.07548183523513352,0.010147628462171028
7831,18.27,74.32,0.07662635400547077,0.010138910143977853
7832,18.27,74.33,0.08552418150705682,0.01013907584423853
7833,18.27,74.34,0.09384965921918174,0.010164506035651581
7834,18.27,74.35,0.10031650251633377,0.010187601932205526
7835,18.27,74.36,0.10850649354051921,0.010214763715596738
7836,18.27,74.37,0.11601289332386347,0.010241644632197924
7837,18.27,74.38,0.12183581549297075,0.010250429492893339
7838,18.27,74.39,0.12605135111786583,0.010235202082983265
7839,18.27,74.4,0.13011524425359178,0.01017368472959757
7840,18.27,74.41,0.11776999999997913,2.419577796250161e-15
7841,18.27,74.42,0.13695593779414544,0.010154422437155012
7842,18.27,74.43,0.13648534368955106,0.01018039743778877
7843,18.27,74.44,0.13495615184980328,0.010200287536920677
7844,18.27,74.45,0.13389728382507793,0.010227684306254476
7845,18.27,74.46,0.13481728445115437,0.01025583397041715
7846,18.27,74.47,0.13605693869150123,0.010266758323167624
7847,18.27,74.48,0.13706792584883473,0.01026072257533835
7848,18.27,74.49,0.13708484376498595,0.010244125483190383
7849,18.27,74.5,0.13703432179323338,0.01024597480407514
7850,18.27,74.51,0.13632918777249567,0.01025269740151413
7851,18.27,74.52,0.1349584606395376,0.010257148386013283
7852,18.27,74.53,0.13390342090943336,0.010257836080913438
7853,18.27,74.54,0.13443382560704997,0.010253665468496282
7854,18.27,74.55,0.13579195636995012,0.010244692836432598
7855,18.27,74.56,0.13666738365743902,0.010249027112308289
7856,18.27,74.57,0.13490299291153177,0.010252324278714602
7857,18.27,74.58,0.1327316474878142,0.01024688236438972
7858,18.27,74.59,0.1311133172108205,0.01024682094131134
7859,18.27,74.6,0.13055515255880934,0.010247300769708083
7860,18.27,74.61,0.13012500104326574,0.010249318569943273
7861,18.27,74.62,0.13012659705924015,0.010239310517498651
7862,18.27,74.63,0.13173205056304155,0.010237303261832045
7863,18.27,74.64,0.13299089986191961,0.010221139793730565
7864,18.27,74.65,0.1321719763565627,0.010193090239655138
7865,18.27,74.66,0.13117797269645728,0.010178535776380714
7866,18.27,74.67,0.131920182855487,0.010191354642350065
7867,18.27,74.68,0.1332022637052055,0.010212060093402362
7868,18.27,74.69,0.13395634173653456,0.010225881781259666
7869,18.27,74.7,0.13566109960387668,0.010225846800688993
7870,18.27,74.71,0.13750303128196895,0.010220358073939163
7871,18.27,74.72,0.13948383329460706,0.010222622313453434
7872,18.27,74.73,0.1413682572298209,0.010235099003644867
7873,18.27,74.74,0.14660035284767775,0.010252235010779091
7874,18.27,74.75,0.1546385307125844,0.010264496340586087
7875,18.27,74.76,0.1649164307526052,0.01025512303614944
7876,18.27,74.77,0.1737544598068589,0.010229679348229012
7877,18.27,74.78,0.16737407601378637,0.01023858052270524
7878,18.27,74.79,0.15868389808810443,0.010260443042607393
7879,18.27,74.8,0.1522200740156002,0.010264905987788104
7880,18.27,74.81,0.1477421601514261,0.010259767400025781
7881,18.27,74.82,0.1461244617692534,0.010259314856401667
7882,18.27,74.83,0.14657165630418814,0.010262894819770864
7883,18.27,74.84,0.14852226874758073,0.010274959658023646
7884,18.27,74.85,0.15124876949179397,0.01027703999598884
7885,18.27,74.86,0.15399781497822815,0.010288920821882343
7886,18.27,74.87,0.1569141138542899,0.010304152727735518
7887,18.27,74.88,0.15953071046197778,0.010308082439458065
7888,18.27,74.89,0.16168945183245853,0.01029793106987248
7889,18.27,74.9,0.16281481831574324,0.01029092730482711
7890,18.27,74.91,0.16347885589133757,0.010293528499405645
7891,18.27,74.92,0.16157125181181428,0.010296647618507217
7892,18.27,74.93,0.1609474656102541,0.010297695539283142
7893,18.27,74.94,0.1602363564946358,0.010289008732227612
7894,18.27,74.95,0.15967011638128897,0.010288737550914522
7895,18.27,74.96,0.15893086828750944,0.010295366939176863
7896,18.27,74.97,0.15732771615288993,0.010306446337137785
7897,18.27,74.98,0.15454346015393114,0.010307802740146027
7898,18.27,74.99,0.15046952478180925,0.01030311175401471
7899,18.27,75.0,0.14603420999622996,0.010313184102475252
7900,18.27,75.01,0.14348312062079605,0.010353398332994122
7901,18.27,75.02,0.1415478803346664,0.010380103490727292
7902,18.27,75.03,0.1403573418209531,0.010408460727227406
7903,18.27,75.04,0.14050290163422544,0.010439643996782093
7904,18.27,75.05,0.14179849873208009,0.010472537520681176
7905,18.27,75.06,0.14393144844844422,0.010500406405653057
7906,18.27,75.07,0.1470156842167435,0.010521611270739865
7907,18.27,75.08,0.15113893575155649,0.010536346363617052
7908,18.27,75.09,0.1566263098847802,0.010552855789316114
7909,18.27,75.1,0.16291377816396316,0.010552911290485209
7910,18.27,75.11,0.16987828500873173,0.010537205604398319
7911,18.27,75.12,0.1768348922502494,0.010524349896275027
7912,18.27,75.13,0.1836826414478729,0.010525938888638077
7913,18.27,75.14,0.18950530977989322,0.010522335655645898
7914,18.27,75.15,0.19528028271318607,0.010508769673294043
7915,18.27,75.16,0.20094832100613208,0.010492770809783508
7916,18.27,75.17,0.20659140971164802,0.01048751723828515
7917,18.27,75.18,0.21238660516153648,0.010495987565915889
7918,18.27,75.19,0.21821328019358685,0.010503065925823393
7919,18.27,75.2,0.22498839723023434,0.010516798483626914
7920,18.27,75.21,0.2327368504678843,0.010534581665160865
7921,18.27,75.22,0.24141724751464658,0.010549406284695705
7922,18.27,75.23,0.25118627129187493,0.010557191592027669
7923,18.27,75.24,0.26201106720254824,0.01055482117080698
7924,18.27,75.25,0.27329934452547994,0.010540225402905275
7925,18.27,75.26,0.28385834281904343,0.010516629996881827
7926,18.27,75.27,0.2920688711113463,0.010494101753355986
7927,18.27,75.28,0.2972679848144768,0.010475702410213561
7928,18.27,75.29,0.30120198800656683,0.01045722926450969
7929,18.27,75.3,0.3063356988137456,0.010437419230858344
7930,18.27,75.31,0.31344251494435205,0.010414630078305027
7931,18.27,75.32,0.31962725348974697,0.010389264992317048
7932,18.27,75.33,0.3229730139557381,0.010376058723466915
7933,18.27,75.34,0.321911774104325,0.01037427474463494
7934,18.27,75.35,0.31797172475747315,0.010396843978720061
7935,18.27,75.36,0.3122199762661386,0.010426882156777518
7936,18.27,75.37,0.299196050796964,0.010471341418140337
7937,18.27,75.38,0.28450121614656493,0.01051968139809089
7938,18.27,75.39,0.27014629274998,0.0105683425966766
7939,18.27,75.4,0.25671442484337603,0.01060971102397545
7940,18.27,75.41,0.24443914984292497,0.010644291428882253
7941,18.27,75.42,0.23454347675376358,0.010680979434027951
7942,18.27,75.43,0.22819646598745644,0.010727594404232179
7943,18.27,75.44,0.22369982612738248,0.010768587737565243
7944,18.27,75.45,0.22098600160074278,0.010803003106999394
7945,18.27,75.46,0.2197945653279976,0.010830059098623473
7946,18.27,75.47,0.21978479350931643,0.010849166839739731
7947,18.27,75.48,0.22017688454871467,0.010859520933831189
7948,18.27,75.49,0.22036581182466353,0.010860410137932696
7949,18.27,75.5,0.22108744257128352,0.010860225374195783
7950,18.27,75.51,0.2251628158509786,0.010893272792898399
7951,18.27,75.52,0.2295549092501493,0.01092253280151738
7952,18.27,75.53,0.23384985367370595,0.010939433807732678
7953,18.27,75.54,0.23800785435998628,0.010943153086932009
7954,18.27,75.55,0.24204325267444265,0.010934186966668294
7955,18.27,75.56,0.2459381120718279,0.010913868238147663
7956,18.27,75.57,0.24976191999561773,0.01088454444656241
7957,18.27,75.58,0.2537843619029797,0.01084895898202094
7958,18.27,75.59,0.25827335399244694,0.010808889821624078
7959,18.27,75.6,0.2633114403670894,0.010765085424613697
7960,18.27,75.61,0.26882379474055546,0.010717607759233064
7961,18.27,75.62,0.2747754966709411,0.010664803091790244
7962,18.27,75.63,0.2810235540859564,0.010606357122062225
7963,18.27,75.64,0.28749446781854626,0.01054525304078606
7964,18.27,75.65,0.29387860256107995,0.010487052352339028
7965,18.27,75.66,0.29879809152469566,0.010442899301576667
7966,18.27,75.67,0.29669889820385636,0.010454894436712105
7967,18.27,75.68,0.2891709559125395,0.010515440276588702
7968,18.27,75.69,0.28008513637688465,0.010591729405532761
7969,18.27,75.7,0.2704433232735945,0.010668139954785107
7970,18.27,75.71,0.2606325178832523,0.010737262377325734
7971,18.27,75.72,0.25101876259424694,0.010798567640176992
7972,18.27,75.73,0.24227909061263267,0.010862294437259763
7973,18.27,75.74,0.23522884562104185,0.010940849985053796
7974,18.27,75.75,0.22879055900881115,0.011015555540346349
7975,18.27,75.76,0.22269199085658398,0.01108171904696724
7976,18.27,75.77,0.2167125060033281,0.011138256130615417
7977,18.27,75.78,0.21077444394866754,0.011184763615846955
7978,18.27,75.79,0.204881006592467,0.011221120897463119
7979,18.27,75.8,0.1991409475585349,0.011247435018466343
7980,18.27,75.81,0.19369254862137236,0.011264024383641396
7981,18.27,75.82,0.18856091972410366,0.011271366216892745
7982,18.27,75.83,0.18382371815170928,0.011270062849948507
7983,18.27,75.84,0.1794729655219869,0.011260819358519334
7984,18.27,75.85,0.17534372919756383,0.01124444867303165
7985,18.27,75.86,0.17136484849296135,0.011221931567058452
7986,18.27,75.87,0.1675662966953502,0.01119455679106896
7987,18.27,75.88,0.16409241337276032,0.011164130742939458
7988,18.27,75.89,0.16103003695031834,0.011132788370243682
7989,18.27,75.9,0.15843934218337674,0.011101775444444016
7990,18.27,75.91,0.15637109648349862,0.011070451477727507
7991,18.27,75.92,0.15481767666296986,0.011038700328585574
7992,18.27,75.93,0.15429746516471388,0.011031410710649928
7993,18.27,75.94,0.15437682548296844,0.011033405882535572
7994,18.27,75.95,0.1546833120085656,0.011029850089343918
7995,18.27,75.96,0.15532449842486407,0.011019293233769371
7996,18.27,75.97,0.15606869341444027,0.011001847169147512
7997,18.27,75.98,0.15689978918672123,0.010979634393345625
7998,18.27,75.99,0.1577929396779606,0.010959020140544196
7999,18.27,76.0,0.1585554603781597,0.010957231776199235
8000,18.27,76.01,0.15904534631068928,0.010968817978090729
8001,18.27,76.02,0.15918706410350966,0.010981261853333868
8002,18.27,76.03,0.15894408960972645,0.010990081044413827
8003,18.27,76.04,0.1583240712404009,0.01099317071787702
8004,18.27,76.05,0.15731004909179158,0.010989874786793403
8005,18.27,76.06,0.15612233073820864,0.01098077460897054
8006,18.27,76.07,0.15476354632221234,0.010967610744486581
8007,18.27,76.08,0.15319209937826525,0.010952733813649952
8008,18.27,76.09,0.151510973540542,0.010938577702757442
8009,18.27,76.1,0.14957080655289315,0.010930513511274966
8010,18.27,76.11,0.14748581011003808,0.010937387901246562
8011,18.27,76.12,0.1454014339222285,0.010954145031500582
8012,18.27,76.13,0.14349237968999057,0.010978011386892802
8013,18.27,76.14,0.1420146460893237,0.01100920743033527
8014,18.27,76.15,0.1407495590603524,0.011042736740751008
8015,18.27,76.16,0.13944013000158198,0.01107393742342551
8016,18.27,76.17,0.13807982855185408,0.011101349101562933
8017,18.27,76.18,0.1368421823910642,0.011125521953645152
8018,18.27,76.19,0.13584585419691836,0.011147988127766323
8019,18.27,76.2,0.13508088399696927,0.011171268479721408
8020,18.27,76.21,0.13471359967143773,0.011201003259207774
8021,18.27,76.22,0.13506274286475947,0.011246158073539401
8022,18.27,76.23,0.13586564060328227,0.011304570632589595
8023,18.27,76.24,0.1369944319561211,0.011368477727980306
8024,18.27,76.25,0.1382438093576919,0.011434485125167832
8025,18.27,76.26,0.13936039984562318,0.01150118517977368
8026,18.27,76.27,0.1401946486590343,0.011567673349435679
8027,18.27,76.28,0.14072401119552688,0.011633165978824888
8028,18.27,76.29,0.14124063908617054,0.011696941331097365
8029,18.27,76.3,0.14182200585689195,0.01175836543939204
8030,18.27,76.31,0.14241498474524455,0.011816955994995468
8031,18.27,76.32,0.14307476517017442,0.011872469969083676
8032,18.27,76.33,0.14375424520709462,0.011925080286782479
8033,18.27,76.34,0.14455672903867992,0.01197568909539025
8034,18.27,76.35,0.14536903298381085,0.01202646351237943
8035,18.27,76.36,0.14607048118820953,0.012081350111645154
8036,18.27,76.37,0.1467144411529271,0.012145027377457726
8037,18.27,76.38,0.14735699638631936,0.012219036692355807
8038,18.27,76.39,0.14798178517336225,0.01230025784581419
8039,18.27,76.4,0.14846700809603217,0.01238441787000142
8040,18.27,76.41,0.14888676080219104,0.012468529658791782
8041,18.27,76.42,0.14927090513922567,0.012550910424558479
8042,18.27,76.43,0.14962607715145343,0.012630655379847857
8043,18.27,76.44,0.15001245622029838,0.012707280559874353
8044,18.27,76.45,0.15054506336708032,0.012780524355209745
8045,18.27,76.46,0.1512798259793548,0.012850242523183843
8046,18.27,76.47,0.15215260436131045,0.012916384345650655
8047,18.27,76.48,0.15323962767348182,0.012978951897752663
8048,18.27,76.49,0.1545707375366963,0.013037980780338274
8049,18.27,76.5,0.156065608096168,0.01309354047139938
8050,18.28,73.4,0.14288692163923294,0.011290141078338495
8051,18.28,73.41,0.14109615575920534,0.011161795606575846
8052,18.28,73.42,0.14004423559339588,0.011056023613024362
8053,18.28,73.43,0.14015510292391767,0.010990901984397474
8054,18.28,73.44,0.14065308725775494,0.010968017701492713
8055,18.28,73.45,0.14169236178388706,0.010943426020652576
8056,18.28,73.46,0.1429579654178181,0.010910860017186925
8057,18.28,73.47,0.1441200610672345,0.010874031344958054
8058,18.28,73.48,0.14516111792009304,0.010837311651636133
8059,18.28,73.49,0.14617897979471053,0.010799191183226982
8060,18.28,73.5,0.14712082677626082,0.010766479707140458
8061,18.28,73.51,0.14796950522461863,0.010737223469967071
8062,18.28,73.52,0.14905265303003637,0.010701856221471052
8063,18.28,73.53,0.15079114612717426,0.01066008499871612
8064,18.28,73.54,0.1534012718685354,0.010615925044454806
8065,18.28,73.55,0.15692962215881298,0.010572893213578675
8066,18.28,73.56,0.16149295662750437,0.010532082263356755
8067,18.28,73.57,0.1669665454336348,0.010489843170901696
8068,18.28,73.58,0.17204133875390348,0.010452682969960296
8069,18.28,73.59,0.17436152712825473,0.010460010394820442
8070,18.28,73.6,0.17546312348463625,0.010487663781186
8071,18.28,73.61,0.17650917183369272,0.010509523151181468
8072,18.28,73.62,0.17727120617173872,0.01051587409202783
8073,18.28,73.63,0.17764933436695388,0.010506280546774088
8074,18.28,73.64,0.17751972694905077,0.010490443622572234
8075,18.28,73.65,0.1769387457866681,0.010475199562490876
8076,18.28,73.66,0.17656318795375,0.010458052191506714
8077,18.28,73.67,0.17651528069749062,0.010437799574896694
8078,18.28,73.68,0.17667139525171774,0.010406780200435466
8079,18.28,73.69,0.17677700100866267,0.01036459914498759
8080,18.28,73.7,0.17593899381344333,0.010332319563209442
8081,18.28,73.71,0.17303049549318095,0.010295380975197749
8082,18.28,73.72,0.17008397717427806,0.01025790387874749
8083,18.28,73.73,0.1715734336625159,0.01026387626550822
8084,18.28,73.74,0.17490496872884523,0.01028365526515844
8085,18.28,73.75,0.17459957111822752,0.010314090887023418
8086,18.28,73.76,0.17199692148962126,0.010357966688076457
8087,18.28,73.77,0.1695645235299476,0.010394777972707435
8088,18.28,73.78,0.1683665334883748,0.01043830524784418
8089,18.28,73.79,0.16785707809662567,0.010480999567534755
8090,18.28,73.8,0.1674505073969939,0.010509298637084072
8091,18.28,73.81,0.1671376931284022,0.010519063597935559
8092,18.28,73.82,0.16686803503016331,0.010509512176539748
8093,18.28,73.83,0.16655675343823736,0.010483801063415617
8094,18.28,73.84,0.1660608038082985,0.01044974237714269
8095,18.28,73.85,0.16472032008939938,0.01041125108201599
8096,18.28,73.86,0.1627246400482302,0.01037599262478151
8097,18.28,73.87,0.1621411414974611,0.01036572452813275
8098,18.28,73.88,0.1619170890427259,0.010380395227267476
8099,18.28,73.89,0.1630270341687774,0.01041498464688518
8100,18.28,73.9,0.1653328455811945,0.010457309914859799
8101,18.28,73.91,0.16799707567876598,0.010500606902617183
8102,18.28,73.92,0.1706094349488568,0.010544014977858243
8103,18.28,73.93,0.17279041126943762,0.01058858953815992
8104,18.28,73.94,0.17467018842645846,0.010633043055559174
8105,18.28,73.95,0.1764110769142076,0.010674024827840384
8106,18.28,73.96,0.17808641760922436,0.010708793156854428
8107,18.28,73.97,0.17988956142197077,0.010736236901454747
8108,18.28,73.98,0.1819759256640412,0.010756580646181308
8109,18.28,73.99,0.18444291161249252,0.010770906998681244
8110,18.28,74.0,0.18742349859566476,0.010781148456058117
8111,18.28,74.01,0.19111069552361384,0.010790209823737839
8112,18.28,74.02,0.19581973576822462,0.010801298882236533
8113,18.28,74.03,0.2017635834543056,0.010816747148833747
8114,18.28,74.04,0.20904298622101092,0.01083777139190866
8115,18.28,74.05,0.21752020745744532,0.010864360148270037
8116,18.28,74.06,0.22681670749687596,0.01089416189108596
8117,18.28,74.07,0.2363801866790564,0.010923306262402439
8118,18.28,74.08,0.24564824841206065,0.010948614739652755
8119,18.28,74.09,0.25419804710601024,0.010968201275371908
8120,18.28,74.1,0.2615791410439152,0.010981118920170618
8121,18.28,74.11,0.2674708301132904,0.010986962553340193
8122,18.28,74.12,0.27166637216470796,0.010985621829152236
8123,18.28,74.13,0.27402040982142445,0.010977135744563656
8124,18.28,74.14,0.27440198819223255,0.010961581758780488
8125,18.28,74.15,0.27271217131557385,0.010939032423854345
8126,18.28,74.16,0.2688867357333617,0.01090954627566442
8127,18.28,74.17,0.2627468335758867,0.010873112317457828
8128,18.28,74.18,0.2540503946100536,0.010829538178213678
8129,18.28,74.19,0.24268665252131622,0.01077848925345134
8130,18.28,74.2,0.22866384837293782,0.010721085186360802
8131,18.28,74.21,0.2131310334913672,0.010673212382094831
8132,18.28,74.22,0.19623720820247972,0.010627576177284315
8133,18.28,74.23,0.17788640881111,0.010573939955309206
8134,18.28,74.24,0.15847950775458086,0.010510461329251208
8135,18.28,74.25,0.1389610216434998,0.010441181767164309
8136,18.28,74.26,0.12092316166124331,0.010371714943630954
8137,18.28,74.27,0.10616449404391154,0.010309433944656792
8138,18.28,74.28,0.09465374240600223,0.010255042272722167
8139,18.28,74.29,0.08541890083849833,0.010200740620718103
8140,18.28,74.3,0.08043038814756172,0.010178705263060698
8141,18.28,74.31,0.08019465874240989,0.010177658871978953
8142,18.28,74.32,0.08235096088527193,0.01016325484761536
8143,18.28,74.33,0.08889789517156033,0.010159338790955135
8144,18.28,74.34,0.09491170686240542,0.01017261705581384
8145,18.28,74.35,0.116930000000002,-3.0133752964296543e-16
8146,18.28,74.36,0.10766549918565395,0.010218998796822957
8147,18.28,74.37,0.11349463349986963,0.010231949388740736
8148,18.28,74.38,0.11862163151098366,0.010238327960938544
8149,18.28,74.39,0.12281478136740948,0.010225551482543687
8150,18.28,74.4,0.12746746840897907,0.010174936080671357
8151,18.28,74.41,0.13059213247666432,0.0101415421602476
8152,18.28,74.42,0.1327418209708872,0.010147317181568688
8153,18.28,74.43,0.13477732333263015,0.010154810191128004
8154,18.28,74.44,0.13386478084208717,0.010180040945418847
8155,18.28,74.45,0.13334055186876625,0.010227523890623825
8156,18.28,74.46,0.13424191265129562,0.010256043408399909
8157,18.28,74.47,0.1351959085124424,0.010265120069582682
8158,18.28,74.48,0.13599086679948985,0.010261597765594616
8159,18.28,74.49,0.13611722398131995,0.010253461273606263
8160,18.28,74.5,0.1364726982344065,0.010251790513985377
8161,18.28,74.51,0.1369606486080019,0.010251793709013388
8162,18.28,74.52,0.13660150579519717,0.010246329112582754
8163,18.28,74.53,0.13530148061509178,0.010248959800451853
8164,18.28,74.54,0.13560166217409414,0.010244716243916045
8165,18.28,74.55,0.13666871914545525,0.010235278065025012
8166,18.28,74.56,0.13650631571698402,0.010235179271426484
8167,18.28,74.57,0.13489979947895916,0.010233549255551755
8168,18.28,74.58,0.13313643868588176,0.01023610960689417
8169,18.28,74.59,0.13111060913801023,0.010236607004303228
8170,18.28,74.6,0.12973479695708037,0.010231451950022643
8171,18.28,74.61,0.12895795199295712,0.010232591987413032
8172,18.28,74.62,0.12881791924629032,0.010232765475580123
8173,18.28,74.63,0.13067012542799888,0.010232300375744869
8174,18.28,74.64,0.1317684443089268,0.010222227164502206
8175,18.28,74.65,0.1317446330947201,0.010204200486120035
8176,18.28,74.66,0.13127140168079882,0.010188400938011847
8177,18.28,74.67,0.13165441195185554,0.010194773539452707
8178,18.28,74.68,0.13281528047490362,0.010215030064389315
8179,18.28,74.69,0.13312826686451598,0.010217720512874597
8180,18.28,74.7,0.13387643962859627,0.010215993481925782
8181,18.28,74.71,0.13561018230196914,0.010206845327291726
8182,18.28,74.72,0.13682582013696654,0.010203360177343614
8183,18.28,74.73,0.13903782843198229,0.010224286107155445
8184,18.28,74.74,0.14277941554320142,0.010248755634915804
8185,18.28,74.75,0.14873726914291158,0.010261236302961158
8186,18.28,74.76,0.15590667894638133,0.010264093850740374
8187,18.28,74.77,0.1604350300163353,0.010257605018192086
8188,18.28,74.78,0.15904440640468845,0.01026213196426013
8189,18.28,74.79,0.15418967809295867,0.010261372386098356
8190,18.28,74.8,0.14998554107015571,0.010259387747021498
8191,18.28,74.81,0.14790696394713637,0.010270513317602755
8192,18.28,74.82,0.14762965999007097,0.010265237338160208
8193,18.28,74.83,0.14902357729605076,0.010259276845804166
8194,18.28,74.84,0.15064819083882447,0.010264142175942485
8195,18.28,74.85,0.1520414616136123,0.010269386321512797
8196,18.28,74.86,0.15420790888240657,0.010279829381961635
8197,18.28,74.87,0.15652849774267016,0.01029674821097272
8198,18.28,74.88,0.15881668156810963,0.010300166996983572
8199,18.28,74.89,0.16106396221770342,0.010290044333480597
8200,18.28,74.9,0.15957423814928812,0.010296536532168745
8201,18.28,74.91,0.1579377718295933,0.01030462052884927
8202,18.28,74.92,0.15541078967195984,0.010304364989936742
8203,18.28,74.93,0.1531590985362487,0.01030624484933645
8204,18.28,74.94,0.15116457431470642,0.01029575125303193
8205,18.28,74.95,0.14981520486754812,0.010286466632901517
8206,18.28,74.96,0.14967957636875823,0.010295669198224116
8207,18.28,74.97,0.14948736444439278,0.01029739749463864
8208,18.28,74.98,0.14811443796888316,0.010295665195459125
8209,18.28,74.99,0.14521548563625247,0.010304515922932312
8210,18.28,75.0,0.142242463867613,0.010321925696357061
8211,18.28,75.01,0.14018773706749643,0.010350848986435571
8212,18.28,75.02,0.1384103193762348,0.010382249302901984
8213,18.28,75.03,0.13719050035534824,0.010409634750259668
8214,18.28,75.04,0.13681043481233673,0.010435318526636253
8215,18.28,75.05,0.137109762794415,0.01045720236828072
8216,18.28,75.06,0.1382717300125471,0.010476048874847576
8217,18.28,75.07,0.14055661491763105,0.010502828400658375
8218,18.28,75.08,0.14430168971300314,0.010524176408290975
8219,18.28,75.09,0.14925385653467932,0.010536646184987742
8220,18.28,75.1,0.15515066116925497,0.010534473268930016
8221,18.28,75.11,0.16192878626567425,0.010520223454859751
8222,18.28,75.12,0.1693121637579172,0.010506263092824623
8223,18.28,75.13,0.17594795874747318,0.01049851756312911
8224,18.28,75.14,0.181029553226767,0.010493321124207188
8225,18.28,75.15,0.18607039014047036,0.010477576616538708
8226,18.28,75.16,0.19027450652395986,0.010459561281999447
8227,18.28,75.17,0.19483953073924687,0.010473581660927194
8228,18.28,75.18,0.1987886243938515,0.010490399887955795
8229,18.28,75.19,0.20327302878932382,0.010504048202213647
8230,18.28,75.2,0.20924703704382502,0.010519813229094434
8231,18.28,75.21,0.21730106006541428,0.010539531197298713
8232,18.28,75.22,0.2271290607699174,0.010552339037551539
8233,18.28,75.23,0.23859237608663758,0.010552683768809407
8234,18.28,75.24,0.25149364767382665,0.010537061959215168
8235,18.28,75.25,0.2654316118168313,0.010503390764418277
8236,18.28,75.26,0.279127809295959,0.010455313925593466
8237,18.28,75.27,0.2897064593113877,0.010420216736998323
8238,18.28,75.28,0.29605053687635596,0.010411298613633648
8239,18.28,75.29,0.3004021064868967,0.010402812215209603
8240,18.28,75.3,0.3061862422690518,0.010392350191398564
8241,18.28,75.31,0.31319942249752464,0.010377094307363667
8242,18.28,75.32,0.320583362617017,0.010360708838510755
8243,18.28,75.33,0.32609364186812356,0.0103471477945582
8244,18.28,75.34,0.3268403662294903,0.010344788861332558
8245,18.28,75.35,0.32187552974439526,0.010354910382928408
8246,18.28,75.36,0.3133046274957369,0.010369532985820353
8247,18.28,75.37,0.29952787601763303,0.010410786980136925
8248,18.28,75.38,0.2830613119929595,0.010478658238786947
8249,18.28,75.39,0.26759003274697524,0.010548402349872605
8250,18.28,75.4,0.2532685192887449,0.010602498598814304
8251,18.28,75.41,0.2403298174382971,0.010641272487349368
8252,18.28,75.42,0.2299149519790164,0.01067500828190515
8253,18.28,75.43,0.2228819433220743,0.010713298551015975
8254,18.28,75.44,0.21838834496580903,0.010749689282604126
8255,18.28,75.45,0.21599746067709602,0.010780672494355836
8256,18.28,75.46,0.21545076098489482,0.010804807271839328
8257,18.28,75.47,0.21647571720064643,0.010823119986455567
8258,18.28,75.48,0.2183667177918099,0.010835681598578348
8259,18.28,75.49,0.21999822503427777,0.010842287774005385
8260,18.28,75.5,0.22183119532011755,0.010847429326195366
8261,18.28,75.51,0.22639256891136245,0.010880875499739946
8262,18.28,75.52,0.23135930009290176,0.010911610191908718
8263,18.28,75.53,0.236143284965435,0.01092954679749603
8264,18.28,75.54,0.2407093882787877,0.01093358224639051
8265,18.28,75.55,0.24508373489438642,0.010923930314332394
8266,18.28,75.56,0.24927182925809654,0.010901474296146026
8267,18.28,75.57,0.2533249892048394,0.010868080701132751
8268,18.28,75.58,0.25749305278494516,0.010827609561620861
8269,18.28,75.59,0.26216849157417615,0.010784327169234123
8270,18.28,75.6,0.2673848204901558,0.010736445839923841
8271,18.28,75.61,0.2728935444374479,0.010680672692036033
8272,18.28,75.62,0.2786017106332182,0.010616504605200496
8273,18.28,75.63,0.2846521640718632,0.010546182963855979
8274,18.28,75.64,0.29138456496121107,0.010475035425828574
8275,18.28,75.65,0.29883161178658674,0.010409760606252287
8276,18.28,75.66,0.3056258369292172,0.010355794848875314
8277,18.28,75.67,0.3054076345116623,0.01036391744387217
8278,18.28,75.68,0.29655377508674324,0.010445226257766446
8279,18.28,75.69,0.28633225172741616,0.010537126348062387
8280,18.28,75.7,0.2757887006028573,0.010623139583171896
8281,18.28,75.71,0.2650140915041998,0.010696704184398758
8282,18.28,75.72,0.2543931843501827,0.010759326783293967
8283,18.28,75.73,0.24496259721830677,0.010828504004405562
8284,18.28,75.74,0.23736497797574221,0.010913918911765458
8285,18.28,75.75,0.23045819673865037,0.010994095580800991
8286,18.28,75.76,0.22401501224939768,0.011064713242148735
8287,18.28,75.77,0.21782995999490345,0.011124971851577611
8288,18.28,75.78,0.21176137098691242,0.011174578900506583
8289,18.28,75.79,0.2057771007681536,0.011213517108860437
8290,18.28,75.8,0.19995091208172702,0.011242055138088267
8291,18.28,75.81,0.19436603859206492,0.011260703401736533
8292,18.28,75.82,0.18911641343486957,0.011270145257662524
8293,18.28,75.83,0.1842668051992097,0.0112711747538978
8294,18.28,75.84,0.17984106382470805,0.011264647982691032
8295,18.28,75.85,0.17569035096982452,0.011251463117807392
8296,18.28,75.86,0.1716841419253954,0.01123257230957803
8297,18.28,75.87,0.16783105308615662,0.01120902866301923
8298,18.28,75.88,0.16430864888380786,0.011182021460745687
8299,18.28,75.89,0.16119957939210267,0.011152731382944307
8300,18.28,75.9,0.1585553867474228,0.01112211715539835
8301,18.28,75.91,0.15643427884621453,0.011091466123840783
8302,18.28,75.92,0.15489761905577998,0.01106516652444675
8303,18.28,75.93,0.15417023715586087,0.011051216614898534
8304,18.28,75.94,0.15413218280365767,0.011047308079275873
8305,18.28,75.95,0.15447579126536795,0.011044666085998217
8306,18.28,75.96,0.1552561901839251,0.011038268193014197
8307,18.28,75.97,0.15622008484776703,0.01102685115976676
8308,18.28,75.98,0.1572271491697371,0.011012225882591885
8309,18.28,75.99,0.1583026203043841,0.010999265521845363
8310,18.28,76.0,0.15932847849290394,0.010993650935214112
8311,18.28,76.01,0.16010125100020323,0.01099484009795361
8312,18.28,76.02,0.16042198269242297,0.010998151822864673
8313,18.28,76.03,0.16017435664667157,0.01100016725868203
8314,18.28,76.04,0.1593599598945424,0.010998784309649606
8315,18.28,76.05,0.15801794596851765,0.010992688219485097
8316,18.28,76.06,0.15641568163223896,0.010981692697320966
8317,18.28,76.07,0.15472204439158302,0.01096755860236526
8318,18.28,76.08,0.15285547563354893,0.01095381957005371
8319,18.28,76.09,0.15084753060009384,0.010943430215794464
8320,18.28,76.1,0.14855079701391907,0.0109383727479137
8321,18.28,76.11,0.14612344839525881,0.01093989247658782
8322,18.28,76.12,0.14373619007556826,0.010947095586472695
8323,18.28,76.13,0.14169788892447277,0.010965403801925339
8324,18.28,76.14,0.140507766406373,0.01100396665718999
8325,18.28,76.15,0.1395345647599714,0.011045345008148128
8326,18.28,76.16,0.1384837523137015,0.01108226739904924
8327,18.28,76.17,0.13738732601567732,0.011114214507317997
8328,18.28,76.18,0.13638548449569388,0.011142746207968048
8329,18.28,76.19,0.13558306620847985,0.011170424051927877
8330,18.28,76.2,0.13492951896274297,0.011200494042315944
8331,18.28,76.21,0.13467027338972973,0.011236855916384087
8332,18.28,76.22,0.13509147573010213,0.011282642295493818
8333,18.28,76.23,0.13596934897106236,0.011337255244458971
8334,18.28,76.24,0.13714641111963255,0.01139739893933483
8335,18.28,76.25,0.13845086164179443,0.011460198632827939
8336,18.28,76.26,0.13960621012168556,0.01152383534174662
8337,18.28,76.27,0.14046932567961448,0.011587098885704347
8338,18.28,76.28,0.1410447718398498,0.011649050976498359
8339,18.28,76.29,0.14160879619631742,0.011708891808867758
8340,18.28,76.3,0.1421703966223771,0.011765917623230515
8341,18.28,76.31,0.14272489994595675,0.011819536103461667
8342,18.28,76.32,0.1433368991635138,0.01186930894448974
8343,18.28,76.33,0.14393895932056747,0.011915080844596072
8344,18.28,76.34,0.14466114396064012,0.011957270810400699
8345,18.28,76.35,0.14541543739582205,0.011997685367520343
8346,18.28,76.36,0.14605744529788425,0.012041745232067382
8347,18.28,76.37,0.14666197518938204,0.012100243372587017
8348,18.28,76.38,0.14729174279336726,0.012177292092480179
8349,18.28,76.39,0.1479330517690952,0.012263463911211052
8350,18.28,76.4,0.14844207342360657,0.012351086466051108
8351,18.28,76.41,0.14892255450611372,0.012436988409260408
8352,18.28,76.42,0.14937946101092306,0.01251993032164994
8353,18.28,76.43,0.14978582956177636,0.01259939263481115
8354,18.28,76.44,0.15020061378812402,0.012675146097191113
8355,18.28,76.45,0.15074229501954006,0.012747093041436033
8356,18.28,76.46,0.1514896760003494,0.012815194029063648
8357,18.28,76.47,0.15237187806413777,0.012879462009484925
8358,18.28,76.48,0.153449948026017,0.012939938984617982
8359,18.28,76.49,0.15477404485527,0.012996676523542722
8360,18.28,76.5,0.15624445780660903,0.013049750758459343
8361,18.29,73.4,0.14242886991549103,0.01130000646469887
8362,18.29,73.41,0.1408070410223283,0.011179386791197237
8363,18.29,73.42,0.13994096967444347,0.011086318856648323
8364,18.29,73.43,0.1403023735352937,0.011033991226767308
8365,18.29,73.44,0.140990446613351,0.01099816947735623
8366,18.29,73.45,0.14199637008370752,0.01096554191246086
8367,18.29,73.46,0.1432365918522942,0.010928391268665388
8368,18.29,73.47,0.14455781018477665,0.010885278259075145
8369,18.29,73.48,0.14599928831137537,0.010836418289218797
8370,18.29,73.49,0.14749791546480842,0.01078206505922333
8371,18.29,73.5,0.14880139438297457,0.010748983312183248
8372,18.29,73.51,0.14945335461705367,0.010732532507520206
8373,18.29,73.52,0.15042027632007354,0.010703081670132125
8374,18.29,73.53,0.15196407876172083,0.01066149794892854
8375,18.29,73.54,0.15414785741006054,0.010614482971096373
8376,18.29,73.55,0.1568166281971751,0.010570964495086705
8377,18.29,73.56,0.16059105399549073,0.010537298102807555
8378,18.29,73.57,0.16609856683460336,0.010510983222126558
8379,18.29,73.58,0.1704499840646838,0.010494922276844057
8380,18.29,73.59,0.174203469227099,0.01049623028480137
8381,18.29,73.6,0.17724481524760552,0.010504155312417258
8382,18.29,73.61,0.17920054990774537,0.010512603769215942
8383,18.29,73.62,0.18073645319400433,0.01050648540064241
8384,18.29,73.63,0.1820515886399262,0.010478920565683317
8385,18.29,73.64,0.18211361999064846,0.010454119188391862
8386,18.29,73.65,0.18042259898594826,0.010446897553260769
8387,18.29,73.66,0.17912082161904203,0.010443520453189727
8388,18.29,73.67,0.17840830707935598,0.0104301900914252
8389,18.29,73.68,0.17797047702592522,0.010403697120861557
8390,18.29,73.69,0.1775640156311324,0.010360372818514992
8391,18.29,73.7,0.17495610012113894,0.010339643373444611
8392,18.29,73.71,0.17161579989397252,0.010308150063802863
8393,18.29,73.72,0.17123175938916446,0.010286257504215423
8394,18.29,73.73,0.17333794731506752,0.01027821002765347
8395,18.29,73.74,0.17552146068041566,0.010285978893747882
8396,18.29,73.75,0.1752306840139271,0.010310221399138432
8397,18.29,73.76,0.17377623143767076,0.010338248435610594
8398,18.29,73.77,0.17200160289023253,0.01036072520185849
8399,18.29,73.78,0.17121168384320035,0.01040824905323122
8400,18.29,73.79,0.17081434132309006,0.010464391390330374
8401,18.29,73.8,0.17029208897872938,0.01050274751488667
8402,18.29,73.81,0.17008632131490903,0.010525067973314001
8403,18.29,73.82,0.1699787575433595,0.010528006726062286
8404,18.29,73.83,0.16962534824112596,0.01050656953548854
8405,18.29,73.84,0.16895756626076985,0.010463711138148101
8406,18.29,73.85,0.16776917686559598,0.010400966901551548
8407,18.29,73.86,0.16591234612457462,0.010337353757606835
8408,18.29,73.87,0.16384668595192456,0.010301017959590602
8409,18.29,73.88,0.16282424599119452,0.0103258209017286
8410,18.29,73.89,0.16327372119886394,0.010375011795558633
8411,18.29,73.9,0.16511264093985045,0.010431319254695875
8412,18.29,73.91,0.16768231582295826,0.010492033175514795
8413,18.29,73.92,0.17044906421619585,0.010551577522118384
8414,18.29,73.93,0.17283443648527289,0.010607052238284518
8415,18.29,73.94,0.17495691204681071,0.010657067538203337
8416,18.29,73.95,0.17700411514816078,0.010700262560991337
8417,18.29,73.96,0.17907532544179922,0.010735547796268195
8418,18.29,73.97,0.18136521930443744,0.010762647851996826
8419,18.29,73.98,0.18403298952306812,0.010782044404992601
8420,18.29,73.99,0.1871184780870099,0.010794745122555493
8421,18.29,74.0,0.19065220914751788,0.010802597382868541
8422,18.29,74.01,0.1947499475104902,0.010808972970544329
8423,18.29,74.02,0.19961139649464846,0.010817532613657335
8424,18.29,74.03,0.2053611814566135,0.010829253244698528
8425,18.29,74.04,0.21221523141224086,0.01084508335568865
8426,18.29,74.05,0.22038102137637716,0.010868671005885422
8427,18.29,74.06,0.22953277363673708,0.01089793162933402
8428,18.29,74.07,0.2389090679147944,0.010926390404489535
8429,18.29,74.08,0.2479754618470183,0.01095048422809689
8430,18.29,74.09,0.2563562959732213,0.01096865009261792
8431,18.29,74.1,0.26365813667208293,0.010980175601499853
8432,18.29,74.11,0.2696024887990404,0.010984851167904047
8433,18.29,74.12,0.2739499260137504,0.010982891371077932
8434,18.29,74.13,0.27650676242363903,0.010974735553889252
8435,18.29,74.14,0.27709570019749785,0.010960691186960886
8436,18.29,74.15,0.27560883870611,0.01094076758436067
8437,18.29,74.16,0.27198948996779504,0.010914821453036495
8438,18.29,74.17,0.26607034412813096,0.010882764898213586
8439,18.29,74.18,0.2577003816668123,0.010844703767859164
8440,18.29,74.19,0.24690217983126445,0.010801337190079335
8441,18.29,74.2,0.2338664847622419,0.010755281480462104
8442,18.29,74.21,0.21904484709878305,0.010710677959609949
8443,18.29,74.22,0.20273298747085103,0.010665786903538284
8444,18.29,74.23,0.18522677097447307,0.010616162239180339
8445,18.29,74.24,0.16705516435941684,0.01056071741637167
8446,18.29,74.25,0.1491222059324076,0.010501434743037764
8447,18.29,74.26,0.13254445004577722,0.010441319366759466
8448,18.29,74.27,0.11825460773229025,0.010382862361954927
8449,18.29,74.28,0.10633208513235003,0.010326809012829237
8450,18.29,74.29,0.0968273014855686,0.010275993622510785
8451,18.29,74.3,0.09061799177506781,0.010238876144925326
8452,18.29,74.31,0.0900289458610001,0.010229067095640013
8453,18.29,74.32,0.09111963398044051,0.010214521888901377
8454,18.29,74.33,0.0937582931957833,0.010185603452972123
8455,18.29,74.34,0.09715622864974414,0.010181890092714318
8456,18.29,74.35,0.1015643415002414,0.010192909086123894
8457,18.29,74.36,0.10585893827443625,0.010186056651194805
8458,18.29,74.37,0.11054531691320521,0.010178819708276965
8459,18.29,74.38,0.1147739778166379,0.01019884133114187
8460,18.29,74.39,0.11756458828359867,0.010197243682020598
8461,18.29,74.4,0.1207526641585942,0.0101598270216578
8462,18.29,74.41,0.12203625740657705,0.010132839898037631
8463,18.29,74.42,0.12761360597454893,0.010136018471323727
8464,18.29,74.43,0.13303023358332514,0.010142647711264689
8465,18.29,74.44,0.13239131760015962,0.01015813511220291
8466,18.29,74.45,0.13142635941385256,0.010212052427139
8467,18.29,74.46,0.1320753037995207,0.010249984613951196
8468,18.29,74.47,0.13334745699737957,0.010255219263962261
8469,18.29,74.48,0.13434300530412097,0.010260937149463745
8470,18.29,74.49,0.13501465667472798,0.010260075338434722
8471,18.29,74.5,0.13579953901177141,0.0102587234041956
8472,18.29,74.51,0.18335999999988142,-5.25025937469714e-15
8473,18.29,74.52,0.13692075443111856,0.010252248531208595
8474,18.29,74.53,0.13694647440810034,0.010251654984498326
8475,18.29,74.54,0.1375105174927276,0.010248106044860586
8476,18.29,74.55,0.13855005401520923,0.010236667731516073
8477,18.29,74.56,0.13755230558915676,0.010233545671112405
8478,18.29,74.57,0.13561565514268653,0.010228224508538133
8479,18.29,74.58,0.13385016316231269,0.01023250157626934
8480,18.29,74.59,0.13134171788955323,0.010229709370669712
8481,18.29,74.6,0.12905203237532786,0.01022204708103449
8482,18.29,74.61,0.12810008721658336,0.01022959069759556
8483,18.29,74.62,0.12759338260451739,0.010223156030822153
8484,18.29,74.63,0.129286039977367,0.010226855356896719
8485,18.29,74.64,0.13109870013495017,0.010220576364197025
8486,18.29,74.65,0.13249820690143924,0.010211741373353695
8487,18.29,74.66,0.13301004601405503,0.010205214791887771
8488,18.29,74.67,0.1330391206284179,0.010209502460282379
8489,18.29,74.68,0.1331969119812607,0.010212966439857902
8490,18.29,74.69,0.13272777976257866,0.010207280940196812
8491,18.29,74.7,0.13355354615677129,0.010214632238924352
8492,18.29,74.71,0.1383200000000091,-1.1918831986762815e-15
8493,18.29,74.72,0.13424478628653333,0.010194944186296207
8494,18.29,74.73,0.13647272363362892,0.010215976323415723
8495,18.29,74.74,0.13987784764230732,0.010241065783142505
8496,18.29,74.75,0.14351659451179521,0.010247889490710527
8497,18.29,74.76,0.1478591987049023,0.010255602336075108
8498,18.29,74.77,0.15120152686117724,0.01025922361562366
8499,18.29,74.78,0.151786111274174,0.010265695349652314
8500,18.29,74.79,0.15037671611263115,0.010260928569825132
8501,18.29,74.8,0.14869185717857472,0.01025673429776392
8502,18.29,74.81,0.147814264187882,0.010262903221358685
8503,18.29,74.82,0.1484246200870447,0.010257616772402917
8504,18.29,74.83,0.1506691086595202,0.01025246928596896
8505,18.29,74.84,0.15283805711486176,0.010262240420540457
8506,18.29,74.85,0.1539585794425762,0.010271155596975605
8507,18.29,74.86,0.15773498822454163,0.010278764178006328
8508,18.29,74.87,0.15892604599929214,0.010298232624411775
8509,18.29,74.88,0.1605803044791063,0.010304025001958771
8510,18.29,74.89,0.16106923934180015,0.010299071121578239
8511,18.29,74.9,0.15902128244734529,0.010301469521879375
8512,18.29,74.91,0.15604830100510403,0.010305388486165528
8513,18.29,74.92,0.15244099208046122,0.010295194812475802
8514,18.29,74.93,0.14876739760242036,0.010299116733308697
8515,18.29,74.94,0.14576385378525594,0.010297494968571894
8516,18.29,74.95,0.1441071822409423,0.010291639202078345
8517,18.29,74.96,0.14471928243392992,0.01029642319115902
8518,18.29,74.97,0.14573583229813528,0.010297594118462056
8519,18.29,74.98,0.1466477607764663,0.010302150888814011
8520,18.29,74.99,0.1428646656848296,0.01031072125536417
8521,18.29,75.0,0.14054943440865772,0.010328625514219024
8522,18.29,75.01,0.1387147111009977,0.010353656601296446
8523,18.29,75.02,0.13706699770794803,0.01038184513009123
8524,18.29,75.03,0.13569196754440183,0.010404581170980661
8525,18.29,75.04,0.13467343749053803,0.01041839986604388
8526,18.29,75.05,0.13379047352298676,0.010433574986996385
8527,18.29,75.06,0.13367563809801677,0.010455203124054846
8528,18.29,75.07,0.13490393020638694,0.010477793987538642
8529,18.29,75.08,0.1383749880556634,0.010504837356355516
8530,18.29,75.09,0.14271123989577117,0.010517096100983232
8531,18.29,75.1,0.1478044788237779,0.010513335391448215
8532,18.29,75.11,0.1538928275546554,0.010499439404407621
8533,18.29,75.12,0.1607449959611782,0.010483934729660542
8534,18.29,75.13,0.1671327143382869,0.010470656398851948
8535,18.29,75.14,0.17278219281024262,0.010459505542663249
8536,18.29,75.15,0.17833967117590158,0.010445494029019235
8537,18.29,75.16,0.183840182307299,0.010433671382537372
8538,18.29,75.17,0.1846231604556219,0.010452545584247915
8539,18.29,75.18,0.1862153072426954,0.01047133988785429
8540,18.29,75.19,0.18925062839474419,0.010487137997826359
8541,18.29,75.2,0.19428079681633728,0.010504880495638422
8542,18.29,75.21,0.20217313324598676,0.010527942387613407
8543,18.29,75.22,0.21255570423042328,0.010540849025767277
8544,18.29,75.23,0.22500823047076318,0.010537367435401427
8545,18.29,75.24,0.23937460674102837,0.010514414352993032
8546,18.29,75.25,0.2554528548985027,0.010469575428768252
8547,18.29,75.26,0.2727175943021062,0.010404068441045812
8548,18.29,75.27,0.2868584721557171,0.01035713026173511
8549,18.29,75.28,0.29260368122902297,0.010346204246761193
8550,18.29,75.29,0.29599238486258167,0.010338574552262027
8551,18.29,75.3,0.30315920581280603,0.010334965961536812
8552,18.29,75.31,0.31091171805896717,0.010327990614798102
8553,18.29,75.32,0.3188355957415581,0.010322653102927477
8554,18.29,75.33,0.32579268361723246,0.010315629928695285
8555,18.29,75.34,0.3304373714318291,0.0103074741486801
8556,18.29,75.35,0.3216059140673832,0.010319983051119353
8557,18.29,75.36,0.31008817476657624,0.010340297051700885
8558,18.29,75.37,0.29480292057217067,0.01037770363692759
8559,18.29,75.38,0.27911679689480345,0.010460419982866016
8560,18.29,75.39,0.2638710204368193,0.010543953486631796
8561,18.29,75.4,0.24964637938117315,0.010605006255599849
8562,18.29,75.41,0.2368129221961659,0.010645469118629266
8563,18.29,75.42,0.22604085280531375,0.010672265957612326
8564,18.29,75.43,0.21834221929197584,0.010698226393057654
8565,18.29,75.44,0.21411434996200263,0.010730813785432504
8566,18.29,75.45,0.21225587142440336,0.010759405596329189
8567,18.29,75.46,0.21232637637665433,0.010779994194351517
8568,18.29,75.47,0.21468607778404034,0.01079942739922463
8569,18.29,75.48,0.21855655082456277,0.010817597067936027
8570,18.29,75.49,0.22199397908347313,0.010835451780032047
8571,18.29,75.5,0.22535496155345044,0.010857304309898876
8572,18.29,75.51,0.2296420521968456,0.010884260854198064
8573,18.29,75.52,0.23454692348301948,0.010908921183278596
8574,18.29,75.53,0.23948346243480678,0.010923655360380044
8575,18.29,75.54,0.2442760058156191,0.010925628978045528
8576,18.29,75.55,0.24888309582806126,0.010913937996742529
8577,18.29,75.56,0.25326140734715435,0.010888375052190905
8578,18.29,75.57,0.25741262693546746,0.010849238313439894
8579,18.29,75.58,0.2615299277248565,0.01079957658474729
8580,18.29,75.59,0.26659090305759847,0.010755123570325863
8581,18.29,75.6,0.2720759083063226,0.010704458306335126
8582,18.29,75.61,0.2774994937409587,0.010640422442742239
8583,18.29,75.62,0.28269083919648236,0.010564326851187345
8584,18.29,75.63,0.28767368314358727,0.0104802493441545
8585,18.29,75.64,0.29303829516431595,0.010397766684551227
8586,18.29,75.65,0.30030162482514716,0.010332954623592662
8587,18.29,75.66,0.30675162045653187,0.010293023330305587
8588,18.29,75.67,0.3074884224980673,0.010296950309188013
8589,18.29,75.68,0.2996852685825996,0.010387529516578746
8590,18.29,75.69,0.2903988576528457,0.01049345370603605
8591,18.29,75.7,0.280177000597508,0.010589322127731494
8592,18.29,75.71,0.2692446906769854,0.010669137405564983
8593,18.29,75.72,0.25805247145510946,0.010733399737066333
8594,18.29,75.73,0.24835207597056497,0.010813910100841017
8595,18.29,75.74,0.239894068888458,0.010898595394918203
8596,18.29,75.75,0.23231078768281366,0.010978618751623316
8597,18.29,75.76,0.22538327760272153,0.011050674281306051
8598,18.29,75.77,0.21885662975133036,0.011112838136108045
8599,18.29,75.78,0.21257295530328477,0.011164231081280729
8600,18.29,75.79,0.20644569208024097,0.011204664427386046
8601,18.29,75.8,0.20051317136826408,0.011234464463779405
8602,18.29,75.81,0.19483339991764248,0.01125429987192129
8603,18.29,75.82,0.1894809463063808,0.011265066686593671
8604,18.29,75.83,0.18451961287163526,0.011267780137603774
8605,18.29,75.84,0.18001438854682747,0.011263473247097188
8606,18.29,75.85,0.1758361542421016,0.011253121306060968
8607,18.29,75.86,0.17185517543818316,0.011237594735151579
8608,18.29,75.87,0.16800846644851256,0.011217669286017777
8609,18.29,75.88,0.16446907989539794,0.011194078472208194
8610,18.29,75.89,0.16133143343989256,0.011167525171317458
8611,18.29,75.9,0.15865699513028253,0.011138808288684325
8612,18.29,75.91,0.15651182696037486,0.011109379215157129
8613,18.29,75.92,0.15488990365197683,0.01108257395124295
8614,18.29,75.93,0.15400433260186533,0.011064585550927738
8615,18.29,75.94,0.15389154283692688,0.011059345532828523
8616,18.29,75.95,0.15426557502159216,0.011059393515888027
8617,18.29,75.96,0.1551140133399289,0.01105707399109905
8618,18.29,75.97,0.1562270328003868,0.011050311651259978
8619,18.29,75.98,0.15745622439720688,0.01104020257835561
8620,18.29,75.99,0.15879910544454387,0.011029431644126056
8621,18.29,76.0,0.16015484113932524,0.011020554216404525
8622,18.29,76.01,0.16130544355241708,0.011014219262875631
8623,18.29,76.02,0.16190509142374504,0.011009614998113114
8624,18.29,76.03,0.16166780992501897,0.011005710280894572
8625,18.29,76.04,0.16055036284557442,0.011000940622262294
8626,18.29,76.05,0.15873817315438385,0.010992941316836424
8627,18.29,76.06,0.1566044059711028,0.01097984635119185
8628,18.29,76.07,0.15443921495165155,0.010962856282971197
8629,18.29,76.08,0.15227788408622597,0.010949327875168528
8630,18.29,76.09,0.1500921867564809,0.010943005880472886
8631,18.29,76.1,0.14759526776514753,0.010940881648688262
8632,18.29,76.11,0.1448744379524441,0.010941677832141769
8633,18.29,76.12,0.1421704374154881,0.010943774862369545
8634,18.29,76.13,0.13998422483472373,0.010957926516068153
8635,18.29,76.14,0.1391368687544143,0.011005746386370278
8636,18.29,76.15,0.1383648340598538,0.011052226687289285
8637,18.29,76.16,0.137456534637086,0.011091881927697554
8638,18.29,76.17,0.13651589017891377,0.01112559591187257
8639,18.29,76.18,0.13567729117843325,0.011156020062834768
8640,18.29,76.19,0.13505814160924692,0.01118673290359933
8641,18.29,76.2,0.1346469164947285,0.011221236518894064
8642,18.29,76.21,0.1346564252843916,0.01126190486058978
8643,18.29,76.22,0.1352069410566342,0.011309553472885484
8644,18.29,76.23,0.13619257216169586,0.011363390776526774
8645,18.29,76.24,0.13747149442526657,0.011421561281560792
8646,18.29,76.25,0.138876906634553,0.011482083398192898
8647,18.29,76.26,0.1400700792344948,0.011543337619631595
8648,18.29,76.27,0.14094717652409525,0.011604074594258487
8649,18.29,76.28,0.14155796473448065,0.011663285736609103
8650,18.29,76.29,0.1421760932685724,0.011720115933211392
8651,18.29,76.3,0.14275717020474635,0.011773805019486367
8652,18.29,76.31,0.1433019786851175,0.011823670206460742
8653,18.29,76.32,0.14387943281453355,0.0118691109621184
8654,18.29,76.33,0.1444436946586237,0.011909636542809991
8655,18.29,76.34,0.14509514957854064,0.011944940867275235
8656,18.29,76.35,0.14577332916746555,0.011975177229564508
8657,18.29,76.36,0.14632827786932168,0.012002997033166698
8658,18.29,76.37,0.14687312487473012,0.012052538078479823
8659,18.29,76.38,0.14752871850881763,0.012141410217999417
8660,18.29,76.39,0.14815719447900186,0.01223457004941615
8661,18.29,76.4,0.1486607639260216,0.012324921298431438
8662,18.29,76.41,0.14915121428179276,0.012411444907045344
8663,18.29,76.42,0.1496704615580865,0.012493903966466907
8664,18.29,76.43,0.15013891687084444,0.01257224804634515
8665,18.29,76.44,0.15057703889553453,0.012646486306274055
8666,18.29,76.45,0.15111477863003756,0.012716650915190596
8667,18.29,76.46,0.15187533146121765,0.012782776370420643
8668,18.29,76.47,0.15278636223256312,0.012844915294440859
8669,18.29,76.48,0.1538673447390398,0.012903133000656352
8670,18.29,76.49,0.15517947777878777,0.012957488292458037
8671,18.29,76.5,0.15663062337961667,0.013008051249313845
8672,18.29,76.51,0.15817228234328778,0.013054916974653736
8673,18.3,73.4,0.14240341160906136,0.011326171237799392
8674,18.3,73.41,0.1411387759099793,0.011224036914207494
8675,18.3,73.42,0.14046109707949442,0.011142741679835623
8676,18.3,73.43,0.1406232203524325,0.011084648775236374
8677,18.3,73.44,0.14121482856371503,0.011039985815741627
8678,18.3,73.45,0.14219364248192073,0.010999227991962422
8679,18.3,73.46,0.14343262768205983,0.010955915649795773
8680,18.3,73.47,0.14480192052002958,0.010906711058842685
8681,18.3,73.48,0.14635530269454544,0.01085105979505299
8682,18.3,73.49,0.1480565615796254,0.010796650164442
8683,18.3,73.5,0.14939725181943672,0.010763656423020459
8684,18.3,73.51,0.15006668220196287,0.0107450594176059
8685,18.3,73.52,0.15104425247017744,0.010713558345492837
8686,18.3,73.53,0.15253085117388412,0.010666098760146736
8687,18.3,73.54,0.15455361353680008,0.010608763608010227
8688,18.3,73.55,0.1570610517001928,0.01056906797719272
8689,18.3,73.56,0.1605933627473789,0.010559151778777956
8690,18.3,73.57,0.16515915057802083,0.010553277277582833
8691,18.3,73.58,0.16917064562633308,0.010544401042122554
8692,18.3,73.59,0.17353951763367229,0.010542190760618905
8693,18.3,73.6,0.17760942004013713,0.010539833007024865
8694,18.3,73.61,0.18064058412830802,0.01053629760356937
8695,18.3,73.62,0.1834176966905104,0.010514827491586656
8696,18.3,73.63,0.1863224317499249,0.010462599164593547
8697,18.3,73.64,0.18776211202385149,0.010414194894958642
8698,18.3,73.65,0.18445457833744264,0.010437916509530177
8699,18.3,73.66,0.18264161827985978,0.010450815319185678
8700,18.3,73.67,0.18178822013114457,0.010450087009407829
8701,18.3,73.68,0.18099333735751696,0.010430369068026945
8702,18.3,73.69,0.1793133846507293,0.010400804001933807
8703,18.3,73.7,0.1754427543873369,0.010368422693581925
8704,18.3,73.71,0.17288279293130296,0.010333214069479402
8705,18.3,73.72,0.17428756904749446,0.010311882532795913
8706,18.3,73.73,0.17624967459533625,0.010284063064256855
8707,18.3,73.74,0.17588638183986177,0.010266727393637947
8708,18.3,73.75,0.17684583981402127,0.010292170556267506
8709,18.3,73.76,0.17700561575263435,0.010311992924909703
8710,18.3,73.77,0.1761797925708116,0.010310322557487423
8711,18.3,73.78,0.17552198659571183,0.010374575923165652
8712,18.3,73.79,0.1751528579561257,0.010453482563952255
8713,18.3,73.8,0.1746204776886558,0.010507418470746807
8714,18.3,73.81,0.1742636631852786,0.010539265046925268
8715,18.3,73.82,0.17395647175229056,0.010547506055865456
8716,18.3,73.83,0.1733901375394753,0.010527212651844989
8717,18.3,73.84,0.1726081445210931,0.010479712607646158
8718,18.3,73.85,0.1715353516033367,0.010408005347716997
8719,18.3,73.86,0.1696036900842222,0.010325153998087562
8720,18.3,73.87,0.16611726661306436,0.010257298215302291
8721,18.3,73.88,0.1634969396311287,0.010270314058356754
8722,18.3,73.89,0.16368761857992645,0.010314336365897608
8723,18.3,73.9,0.1655868173083042,0.010384180961792649
8724,18.3,73.91,0.1684886579227204,0.010465076526197294
8725,18.3,73.92,0.17159334247599622,0.010541798281327595
8726,18.3,73.93,0.17416036853269126,0.010608983714918052
8727,18.3,73.94,0.17635837113179897,0.010666049330528034
8728,18.3,73.95,0.1784366982398213,0.010712766821060156
8729,18.3,73.96,0.18062978040919425,0.010749110172981656
8730,18.3,73.97,0.18321610391383758,0.010775889280754807
8731,18.3,73.98,0.18631862994244752,0.010794293747860147
8732,18.3,73.99,0.18990757545167028,0.010805095448964118
8733,18.3,74.0,0.19394068718212296,0.01080913994502951
8734,18.3,74.01,0.19845080419338545,0.010810442275529481
8735,18.3,74.02,0.20342902835187837,0.010817638308290032
8736,18.3,74.03,0.20892710438617484,0.010827272501448132
8737,18.3,74.04,0.21515825513603865,0.010835353804745707
8738,18.3,74.05,0.22323352305420274,0.010858365547881036
8739,18.3,74.06,0.23258413616072232,0.010891281239636574
8740,18.3,74.07,0.24196756517904797,0.010920067565726712
8741,18.3,74.08,0.251014956172898,0.010943121791630485
8742,18.3,74.09,0.2593813739236737,0.010959840487334407
8743,18.3,74.1,0.2667151937020802,0.010969781229321436
8744,18.3,74.11,0.2727685830921179,0.01097282463364983
8745,18.3,74.12,0.27729856826272503,0.010969599750398032
8746,18.3,74.13,0.2801333542144121,0.010961274895849003
8747,18.3,74.14,0.28108299046118623,0.010948574706026235
8748,18.3,74.15,0.27998903133681646,0.01093129489705073
8749,18.3,74.16,0.27679150203329667,0.010908964035945492
8750,18.3,74.17,0.2713047474302151,0.010881500209693513
8751,18.3,74.18,0.26348284056012783,0.010849309020810622
8752,18.3,74.19,0.25339526252889333,0.010813267220297023
8753,18.3,74.2,0.24118733804602757,0.010774725651483748
8754,18.3,74.21,0.227043533751973,0.01073466539946659
8755,18.3,74.22,0.21127713205799803,0.010692253494088689
8756,18.3,74.23,0.1943787430548082,0.010645840478983154
8757,18.3,74.24,0.17697281597226022,0.010595252220316159
8758,18.3,74.25,0.15999650210241345,0.010542156646278309
8759,18.3,74.26,0.14440300652882262,0.01048775848388013
8760,18.3,74.27,0.1309204020936651,0.01043155870893096
8761,18.3,74.28,0.11963344834110258,0.010376403468928569
8762,18.3,74.29,0.11007773951361317,0.01033021876178448
8763,18.3,74.3,0.10359956165957725,0.010289607256772833
8764,18.3,74.31,0.10085655788204391,0.010275110977471066
8765,18.3,74.32,0.09922394915833747,0.010261400012976625
8766,18.3,74.33,0.09860280706812088,0.010226731187936938
8767,18.3,74.34,0.09964421693340468,0.010191173239887804
8768,18.3,74.35,0.10113698066990025,0.010174699126271915
8769,18.3,74.36,0.10241910767072891,0.010152739799794941
8770,18.3,74.37,0.10639555212492419,0.01014091833677936
8771,18.3,74.38,0.11075017555338781,0.010145045142854678
8772,18.3,74.39,0.06429599999997702,8.197370745632439e-16
8773,18.3,74.4,0.11370627588031669,0.010140205961174658
8774,18.3,74.41,0.11475828715961375,0.010119032987803376
8775,18.3,74.42,0.12169729460897692,0.010130756756555337
8776,18.3,74.43,0.1322083082854621,0.010159172364896206
8777,18.3,74.44,0.12928054601737318,0.010179993464020917
8778,18.3,74.45,0.1281661516441648,0.01021764281436423
8779,18.3,74.46,0.12877356462123657,0.01024881238895275
8780,18.3,74.47,0.13014025528315562,0.010260235875937966
8781,18.3,74.48,0.1320463279548057,0.010258942091818227
8782,18.3,74.49,0.13387860907842447,0.010259730921997662
8783,18.3,74.5,0.13530261025702983,0.010262694948299797
8784,18.3,74.51,0.13601293685857352,0.010257803853762869
8785,18.3,74.52,0.13629228199908985,0.01025444874396752
8786,18.3,74.53,0.13679214118893127,0.010257316955478392
8787,18.3,74.54,0.13765998871584437,0.01025388162367298
8788,18.3,74.55,0.13828390088786377,0.010246476692310002
8789,18.3,74.56,0.13791830986936882,0.010237131904012731
8790,18.3,74.57,0.13657136105411363,0.010227236203991335
8791,18.3,74.58,0.13539858437989774,0.010222533403205612
8792,18.3,74.59,0.13266539377174022,0.010225294549422798
8793,18.3,74.6,0.13007446402047293,0.010221869159540157
8794,18.3,74.61,0.12887704647480128,0.010223390960855694
8795,18.3,74.62,0.1287314303672266,0.010221039102130318
8796,18.3,74.63,0.1297150615037814,0.010214278149564725
8797,18.3,74.64,0.1311923994397362,0.010217279818689145
8798,18.3,74.65,0.13332528345719907,0.01021466399272485
8799,18.3,74.66,0.13482771329617407,0.010206285990329782
8800,18.3,74.67,0.13540391721540823,0.010211522884789348
8801,18.3,74.68,0.13461108713927158,0.010214372474811644
8802,18.3,74.69,0.13469530192588733,0.010216291109974926
8803,18.3,74.7,0.13512730091387784,0.010216792965213418
8804,18.3,74.71,0.13519878865762086,0.01021171708447039
8805,18.3,74.72,0.1355678131580617,0.010207836042393155
8806,18.3,74.73,0.1675599999999745,-1.2515659162750007e-15
8807,18.3,74.74,0.14010723698262886,0.01022844114739567
8808,18.3,74.75,0.14202990115054454,0.010232996277481206
8809,18.3,74.76,0.1437002566184255,0.010238351940650951
8810,18.3,74.77,0.14600466212361496,0.010248624395047859
8811,18.3,74.78,0.14772540923957123,0.010259014795251578
8812,18.3,74.79,0.14874032531589834,0.010260464802514732
8813,18.3,74.8,0.14870696011364692,0.010248700755912856
8814,18.3,74.81,0.14789837444705387,0.010247604633424648
8815,18.3,74.82,0.14736141043172102,0.01025278690987607
8816,18.3,74.83,0.14774155211936113,0.010258159113173545
8817,18.3,74.84,0.1497416607307235,0.010269107921987614
8818,18.3,74.85,0.15414421245632648,0.010280941696545368
8819,18.3,74.86,0.1588340599541881,0.010292806953769934
8820,18.3,74.87,0.16110718704097857,0.010299326066190849
8821,18.3,74.88,0.16394417172080933,0.010296261622919129
8822,18.3,74.89,0.16538115961488228,0.010290097663763046
8823,18.3,74.9,0.1613183811689818,0.010289167454492931
8824,18.3,74.91,0.15673784304752256,0.010298186234727827
8825,18.3,74.92,0.15230355736247786,0.010297414763217569
8826,18.3,74.93,0.14759706374544304,0.010304790557751088
8827,18.3,74.94,0.1437456030146502,0.010302071984921743
8828,18.3,74.95,0.14179611515138804,0.01029790617110828
8829,18.3,74.96,0.14248431809196463,0.010306799921805544
8830,18.3,74.97,0.14345925139831825,0.010315562685706362
8831,18.3,74.98,0.143397917804818,0.01032075333448741
8832,18.3,74.99,0.1415792462970443,0.010324894382088166
8833,18.3,75.0,0.14010366727076434,0.010336920648226522
8834,18.3,75.01,0.13820552992715043,0.010357998881670534
8835,18.3,75.02,0.13683041738803062,0.010374415529924614
8836,18.3,75.03,0.13544074837923864,0.010393111491023893
8837,18.3,75.04,0.1335682175481231,0.010398170412989259
8838,18.3,75.05,0.13136651899465315,0.010414483866193215
8839,18.3,75.06,0.130247374029315,0.010443466960328898
8840,18.3,75.07,0.13161703523487045,0.01046927226091065
8841,18.3,75.08,0.13415875898763838,0.01048836629150869
8842,18.3,75.09,0.137626171955278,0.010496263557370331
8843,18.3,75.1,0.14209024918703186,0.010492939260795704
8844,18.3,75.11,0.14751040225819095,0.010475293754779881
8845,18.3,75.12,0.15376749710850998,0.01045067910724577
8846,18.3,75.13,0.15985348458690252,0.010433188611420632
8847,18.3,75.14,0.16538455034889346,0.01042263998414768
8848,18.3,75.15,0.1705024456287508,0.010416384766834255
8849,18.3,75.16,0.17325458665517585,0.010412485520648445
8850,18.3,75.17,0.1738879858363137,0.010434191807763536
8851,18.3,75.18,0.17428922913735911,0.010447241548003305
8852,18.3,75.19,0.17641859514130687,0.010467011086331348
8853,18.3,75.2,0.18026972434387387,0.010486372106990986
8854,18.3,75.21,0.18746940067509574,0.010507030569515435
8855,18.3,75.22,0.19777406919782833,0.010521270816483602
8856,18.3,75.23,0.21020297000815705,0.010516256972977709
8857,18.3,75.24,0.22486747981023064,0.01049215283315491
8858,18.3,75.25,0.241428584087868,0.010447960260685516
8859,18.3,75.26,0.25833983721683834,0.010385347496764794
8860,18.3,75.27,0.27142093595584516,0.010325958047908108
8861,18.3,75.28,0.27989791829674493,0.010298400988488237
8862,18.3,75.29,0.2865684331020245,0.010275882501755814
8863,18.3,75.3,0.2966075804835649,0.01026958610433059
8864,18.3,75.31,0.3039488942638362,0.010268214378239058
8865,18.3,75.32,0.3116705302961852,0.010267275174965042
8866,18.3,75.33,0.31581135231953106,0.010281392035589554
8867,18.3,75.34,0.3176826171739024,0.010289690010375111
8868,18.3,75.35,0.31368814365509357,0.010310245935531802
8869,18.3,75.36,0.3039246529024275,0.01034640290082152
8870,18.3,75.37,0.28940702300498505,0.01040453206984237
8871,18.3,75.38,0.27343408580091655,0.010484882885672198
8872,18.3,75.39,0.25907986332402905,0.01056235866648965
8873,18.3,75.4,0.24571430880843814,0.010621078429531472
8874,18.3,75.41,0.23351090506740776,0.010657892479756006
8875,18.3,75.42,0.2226713282072424,0.010673627499526543
8876,18.3,75.43,0.21449482219330082,0.010684188258740856
8877,18.3,75.44,0.2113407267021855,0.010719831493597199
8878,18.3,75.45,0.21023119529190556,0.0107473872648371
8879,18.3,75.46,0.21104992304649894,0.010766702937567322
8880,18.3,75.47,0.21481234284888898,0.010788591896055643
8881,18.3,75.48,0.220655366278426,0.010807074342544038
8882,18.3,75.49,0.22522550011505132,0.010832912656699839
8883,18.3,75.5,0.22911749007393192,0.010863978628989109
8884,18.3,75.51,0.23357332063387387,0.010889500447061374
8885,18.3,75.52,0.23843502374533865,0.010908869464438687
8886,18.3,75.53,0.2434251598567215,0.010919263915423642
8887,18.3,75.54,0.24834654080051988,0.010918341596447629
8888,18.3,75.55,0.2531588049840647,0.01090460800690235
8889,18.3,75.56,0.25776644896737183,0.010877154721259328
8890,18.3,75.57,0.2621921139767624,0.010835680227940353
8891,18.3,75.58,0.26659523977480565,0.010782723158514867
8892,18.3,75.59,0.2719235982938863,0.010733331048227338
8893,18.3,75.6,0.27756131876011325,0.010675563730793763
8894,18.3,75.61,0.2829826509395643,0.010601876336716332
8895,18.3,75.62,0.28783421721193475,0.010513700427919746
8896,18.3,75.63,0.29173573338685427,0.010415399277133374
8897,18.3,75.64,0.2941878148034158,0.01031888566845245
8898,18.3,75.65,0.300151796064189,0.010262476147045979
8899,18.3,75.66,0.3009106432288639,0.010244902370095768
8900,18.3,75.67,0.301895312838009,0.010264276382902433
8901,18.3,75.68,0.2998464242824215,0.0103538429235345
8902,18.3,75.69,0.2932910979140559,0.010467794361130834
8903,18.3,75.7,0.2840568865776297,0.01057011256216092
8904,18.3,75.71,0.27343896766315456,0.010657161069317259
8905,18.3,75.72,0.2623040259839724,0.0107333222282379
8906,18.3,75.73,0.2517136720040292,0.010809812534855297
8907,18.3,75.74,0.24233684571280442,0.010889091312430217
8908,18.3,75.75,0.23415871564842689,0.010967186661837826
8909,18.3,75.76,0.2268076393063478,0.011039387141869871
8910,18.3,75.77,0.21996369343193423,0.01110221929784778
8911,18.3,75.78,0.2133837220206322,0.011154166407615107
8912,18.3,75.79,0.2070384975049299,0.011194899809642184
8913,18.3,75.8,0.20095497602602205,0.011224810658665802
8914,18.3,75.81,0.19516197549534073,0.011244727753380443
8915,18.3,75.82,0.18969324959136,0.011255786046054863
8916,18.3,75.83,0.1846329004969976,0.011259287744749432
8917,18.3,75.84,0.18004641519499356,0.011256521084132356
8918,18.3,75.85,0.1758067834322039,0.01124857233079004
8919,18.3,75.86,0.17181581814152902,0.011236209062642258
8920,18.3,75.87,0.1680001162524159,0.01121991128209687
8921,18.3,75.88,0.1644711209383662,0.011200018350723236
8922,18.3,75.89,0.1613484140070034,0.011176856020954109
8923,18.3,75.9,0.15866135022327513,0.011150833339427688
8924,18.3,75.91,0.15650130386475924,0.011122544208961242
8925,18.3,75.92,0.1548045559337552,0.01109286907618619
8926,18.3,75.93,0.1536986550546262,0.01106637971583606
8927,18.3,75.94,0.15360706823310655,0.011067610946851762
8928,18.3,75.95,0.1540279994339641,0.011073378152160399
8929,18.3,75.96,0.15488478432615968,0.011074406185662595
8930,18.3,75.97,0.1560360455984509,0.011070282907000666
8931,18.3,75.98,0.15742453870489895,0.011061907227590076
8932,18.3,75.99,0.15903931919907727,0.011050719644871762
8933,18.3,76.0,0.16082644119734316,0.011038075648798346
8934,18.3,76.01,0.1625199893361632,0.011025036224086248
8935,18.3,76.02,0.16362253156646955,0.01101314520150753
8936,18.3,76.03,0.16345009345526407,0.011004662452447071
8937,18.3,76.04,0.16185870220999998,0.010999318017463811
8938,18.3,76.05,0.15936249833106958,0.01099269498384571
8939,18.3,76.06,0.15660770732107507,0.010980001598218683
8940,18.3,76.07,0.1539400451672681,0.01095848352146004
8941,18.3,76.08,0.1515212904234344,0.010943338819997917
8942,18.3,76.09,0.1493328442900625,0.010943374774986747
8943,18.3,76.1,0.1468095629275047,0.010944498746631311
8944,18.3,76.11,0.14391412583607727,0.01095152243441914
8945,18.3,76.12,0.14098000983885392,0.01095512187204
8946,18.3,76.13,0.13900166689809013,0.010977708382418596
8947,18.3,76.14,0.13825213479267864,0.011023863651299945
8948,18.3,76.15,0.13748446625586605,0.011067456759570037
8949,18.3,76.16,0.13661469735033302,0.011104699837182905
8950,18.3,76.17,0.13572553690455277,0.0111360619789942
8951,18.3,76.18,0.13491733043515744,0.011164565148148151
8952,18.3,76.19,0.13436714129660002,0.011195156256933013
8953,18.3,76.2,0.1341808620215007,0.011232320197556692
8954,18.3,76.21,0.13450182338604733,0.011276863919964058
8955,18.3,76.22,0.13529239917439084,0.011327297480283806
8956,18.3,76.23,0.13645155549190938,0.011382092586257216
8957,18.3,76.24,0.1378581080015744,0.011439878755348656
8958,18.3,76.25,0.13941973695051185,0.011499317974013564
8959,18.3,76.26,0.14072201065551682,0.01155915472431701
8960,18.3,76.27,0.1416345691409394,0.011618273583323038
8961,18.3,76.28,0.14228514336661885,0.011675698072642345
8962,18.3,76.29,0.142926363322771,0.01173057813546783
8963,18.3,76.3,0.14352023676995704,0.011782161656728763
8964,18.3,76.31,0.14407511126096462,0.011829770983614927
8965,18.3,76.32,0.14463246945123961,0.011872808260753286
8966,18.3,76.33,0.14517615545784404,0.011910772221349694
8967,18.3,76.34,0.14581431674653364,0.011943283978465474
8968,18.3,76.35,0.14648827438160092,0.011970212105953129
8969,18.3,76.36,0.1470101133443589,0.011992841152949876
8970,18.3,76.37,0.1475069404534766,0.012037414495343648
8971,18.3,76.38,0.14817020067368958,0.012128449748445869
8972,18.3,76.39,0.1487555321031162,0.012220558347910308
8973,18.3,76.4,0.1492228592925795,0.01230903651892692
8974,18.3,76.41,0.14967904982326696,0.012393410128629278
8975,18.3,76.42,0.15018447854691075,0.012473601156588026
8976,18.3,76.43,0.1507020988745444,0.012549621272013187
8977,18.3,76.44,0.1511867336046864,0.012621504654205888
8978,18.3,76.45,0.1517254447700821,0.012689294682976162
8979,18.3,76.46,0.15247091380135255,0.012753030784233562
8980,18.3,76.47,0.15339238810917122,0.012812762865096729
8981,18.3,76.48,0.1544842660008692,0.012868550308359877
8982,18.3,76.49,0.15579418052296864,0.012920443775761925
8983,18.3,76.5,0.15721011276544308,0.012968500494101167
8984,18.3,76.51,0.15873502808192924,0.013012791216194147
8985,18.31,73.4,0.14250323476459215,0.011355985885588346
8986,18.31,73.41,0.14145890230602934,0.011266990560227563
8987,18.31,73.42,0.14083371776622564,0.011193101923352496
8988,18.31,73.43,0.140881011333415,0.011133786133537738
8989,18.31,73.44,0.1413878702595095,0.011084172261560318
8990,18.31,73.45,0.14228746585570357,0.011038217529375957
8991,18.31,73.46,0.14341500645705785,0.01099099947226024
8992,18.31,73.47,0.1446210598659443,0.010939358840088512
8993,18.31,73.48,0.14600467639504036,0.010882113866819367
8994,18.31,73.49,0.1474908102415935,0.01082855696850488
8995,18.31,73.5,0.14858859027886373,0.010803305744710308
8996,18.31,73.51,0.14966232536827614,0.01077638166008015
8997,18.31,73.52,0.15089231936500505,0.01073949269276073
8998,18.31,73.53,0.15252928437413424,0.01068753232450866
8999,18.31,73.54,0.15466690788901566,0.010619620791095503
9000,18.31,73.55,0.15739093107837712,0.010579928106098289
9001,18.31,73.56,0.16084882826147018,0.010599971072501418
9002,18.31,73.57,0.16476949728856308,0.010608551064006265
9003,18.31,73.58,0.16871070800267696,0.010608838920194576
9004,18.31,73.59,0.17267895473729064,0.010604981567638944
9005,18.31,73.6,0.17687214719134245,0.01059705694804221
9006,18.31,73.61,0.18098736122240722,0.010582454541397002
9007,18.31,73.62,0.1848163726346275,0.010555632368717885
9008,18.31,73.63,0.18821857329698763,0.01051478659635123
9009,18.31,73.64,0.1899498537289258,0.010486653484662791
9010,18.31,73.65,0.18902048771985647,0.010496576763543312
9011,18.31,73.66,0.18788704122206656,0.010507458858842153
9012,18.31,73.67,0.1869399664973732,0.010506073893423892
9013,18.31,73.68,0.18571541945703593,0.010488938310895304
9014,18.31,73.69,0.1836292542103925,0.010461284969009506
9015,18.31,73.7,0.18052821229207927,0.01042507026139376
9016,18.31,73.71,0.1790147778259261,0.010384397292405737
9017,18.31,73.72,0.17978489753303542,0.010360407177721546
9018,18.31,73.73,0.18127748460576018,0.010327783972575173
9019,18.31,73.74,0.1812008516147328,0.010287839451175475
9020,18.31,73.75,0.18256698068998833,0.010289934649721838
9021,18.31,73.76,0.18271057389204604,0.010309390541895603
9022,18.31,73.77,0.18260116545148847,0.010311527098545744
9023,18.31,73.78,0.18158864565173055,0.010377603159659233
9024,18.31,73.79,0.1808042959293293,0.010465909358181842
9025,18.31,73.8,0.1801617787990736,0.01052968234899529
9026,18.31,73.81,0.17949749525795844,0.010565467343867192
9027,18.31,73.82,0.17872182195857778,0.010573361008667109
9028,18.31,73.83,0.17780148865042344,0.010552752138555816
9029,18.31,73.84,0.1767334852817619,0.010504946149798177
9030,18.31,73.85,0.1754524735104262,0.010433033869592065
9031,18.31,73.86,0.17343486678654013,0.010345828823267272
9032,18.31,73.87,0.169342159413042,0.010270016336437425
9033,18.31,73.88,0.16555821015754288,0.010248738980188087
9034,18.31,73.89,0.16557857757618608,0.010268309870339169
9035,18.31,73.9,0.16770803131672163,0.010339053797727666
9036,18.31,73.91,0.1709677274108158,0.010436528221574393
9037,18.31,73.92,0.17423486289509946,0.010526708578917967
9038,18.31,73.93,0.17677296134531553,0.01060274606246251
9039,18.31,73.94,0.17876381683193338,0.010666019788068026
9040,18.31,73.95,0.1806051501077059,0.01071600163195837
9041,18.31,73.96,0.18267309162613873,0.010752628667870013
9042,18.31,73.97,0.1853445186132418,0.010778320151975457
9043,18.31,73.98,0.18876452878877506,0.010796093814606422
9044,18.31,73.99,0.19285576602590704,0.010806486622640539
9045,18.31,74.0,0.19744279757654207,0.010808159361789464
9046,18.31,74.01,0.20244458207957333,0.010800231816810552
9047,18.31,74.02,0.2075632928964586,0.010811569778028976
9048,18.31,74.03,0.21303621469490377,0.010822464873756451
9049,18.31,74.04,0.2192444666633488,0.010830200604747675
9050,18.31,74.05,0.22717797069183046,0.010850820961420597
9051,18.31,74.06,0.2364190900453409,0.0108809827292542
9052,18.31,74.07,0.24578546524205336,0.010907526895383267
9053,18.31,74.08,0.25483551600085597,0.01092832927569288
9054,18.31,74.09,0.26323897092203846,0.010943193820891333
9055,18.31,74.1,0.27071372198554844,0.010951310853168294
9056,18.31,74.11,0.2769627711097499,0.010951929922059088
9057,18.31,74.12,0.2817350229023589,0.010946050911319066
9058,18.31,74.13,0.2849254921118199,0.010936530603298118
9059,18.31,74.14,0.28636559280005724,0.010925092230948416
9060,18.31,74.15,0.28583999628899476,0.0109104950713874
9061,18.31,74.16,0.28317157228103834,0.010891416590558681
9062,18.31,74.17,0.27821391055305444,0.010867880743033525
9063,18.31,74.18,0.2710378756807851,0.010840664643897149
9064,18.31,74.19,0.2616783734604935,0.010810540964528452
9065,18.31,74.2,0.25018540357227737,0.01077788554127271
9066,18.31,74.21,0.23658913871025375,0.010742483804826173
9067,18.31,74.22,0.22119268261969408,0.010703397889162077
9068,18.31,74.23,0.20454698196332857,0.01065950768813854
9069,18.31,74.24,0.1873984930833788,0.010610959473332076
9070,18.31,74.25,0.17081593830679087,0.010561380492937877
9071,18.31,74.26,0.1557264411904191,0.010512814378171441
9072,18.31,74.27,0.1426603116339252,0.010460344734941673
9073,18.31,74.28,0.13173594639620298,0.010406333019020721
9074,18.31,74.29,0.12238240379996336,0.010367949324893449
9075,18.31,74.3,0.1157117960332944,0.010330159202850627
9076,18.31,74.31,0.1111564927293836,0.01031343970745931
9077,18.31,74.32,0.10757291434837492,0.010299773261528821
9078,18.31,74.33,0.10494674250090073,0.010261851942892813
9079,18.31,74.34,0.10358099603486623,0.010213502056753003
9080,18.31,74.35,0.10111093010269666,0.010169466225250287
9081,18.31,74.36,0.09938907335534067,0.01011916633314237
9082,18.31,74.37,0.10267964638661098,0.010128720834680213
9083,18.31,74.38,0.08184099999996004,-1.5614287600994722e-15
9084,18.31,74.39,0.1082807509411792,0.010142448592139244
9085,18.31,74.4,0.10963242498975366,0.010144026483600663
9086,18.31,74.41,0.12047999999990193,-6.56778945443129e-16
9087,18.31,74.42,0.11545351918959222,0.010140064638761255
9088,18.31,74.43,0.1192140603423188,0.010169260981315948
9089,18.31,74.44,0.1205576970305693,0.010206358617505573
9090,18.31,74.45,0.12265549995913946,0.010238560147460106
9091,18.31,74.46,0.1248263250065709,0.01026603779300575
9092,18.31,74.47,0.12723867149807225,0.010274920994880792
9093,18.31,74.48,0.12997147821239996,0.010270618294032476
9094,18.31,74.49,0.1331771258818545,0.010271742691335892
9095,18.31,74.5,0.13556691959991266,0.01027163272713739
9096,18.31,74.51,0.13651948251487295,0.010262496625123418
9097,18.31,74.52,0.137067673374427,0.010259694908689276
9098,18.31,74.53,0.1369973916096952,0.01025181012237781
9099,18.31,74.54,0.13736618691692679,0.010242098255739778
9100,18.31,74.55,0.13736509473726122,0.010232099027896421
9101,18.31,74.56,0.13798027565211413,0.010214489139433696
9102,18.31,74.57,0.138880693920793,0.01020161708738606
9103,18.31,74.58,0.13828181259857691,0.010202880589377239
9104,18.31,74.59,0.13457696354844856,0.01022318168993588
9105,18.31,74.6,0.1047299999999243,-2.445567308908172e-15
9106,18.31,74.61,0.12916753187809002,0.010229564159307257
9107,18.31,74.62,0.1296796374167665,0.010223903035211293
9108,18.31,74.63,0.13088395167968894,0.010217635837690683
9109,18.31,74.64,0.13193825114832225,0.010223059825554586
9110,18.31,74.65,0.1337927411417136,0.010218067110648581
9111,18.31,74.66,0.1349075491928799,0.01021147062542321
9112,18.31,74.67,0.13609214335127226,0.010219727032190856
9113,18.31,74.68,0.13666148349290191,0.010227362430368005
9114,18.31,74.69,0.11221521355278297,-0.009773654498190664
9115,18.31,74.7,0.1373085795318602,0.010231244712687009
9116,18.31,74.71,0.1386237256133014,0.010228595006431274
9117,18.31,74.72,0.14007421469653936,0.010223370444916226
9118,18.31,74.73,0.14218523101347244,0.010224162403261138
9119,18.31,74.74,0.1445148459518458,0.010221278370606459
9120,18.31,74.75,0.14510280566600114,0.010211172022757274
9121,18.31,74.76,0.14399566220568544,0.010218298654212487
9122,18.31,74.77,0.14447366314096594,0.01023501246993269
9123,18.31,74.78,0.14687332980944817,0.010239644037939411
9124,18.31,74.79,0.15005307347146604,0.01023588180047965
9125,18.31,74.8,0.1515958828788299,0.010223666101921653
9126,18.31,74.81,0.1499570575456385,0.010223614390813549
9127,18.31,74.82,0.1467580412839199,0.01022885950859258
9128,18.31,74.83,0.14451723930640703,0.010245305315603878
9129,18.31,74.84,0.14705342158920467,0.010268392565338465
9130,18.31,74.85,0.15271286606717482,0.010275432351217594
9131,18.31,74.86,0.15921271883206078,0.010284996047604704
9132,18.31,74.87,0.16127779711667975,0.010294136341602278
9133,18.31,74.88,0.16509265839517007,0.010287629990555295
9134,18.31,74.89,0.16740059448877576,0.010275892602616705
9135,18.31,74.9,0.16239663004101976,0.010274713089642416
9136,18.31,74.91,0.15793995561732968,0.010288106737330273
9137,18.31,74.92,0.15348428085619825,0.010291935224315157
9138,18.31,74.93,0.14861085055146084,0.010304099265069519
9139,18.31,74.94,0.14478113647236365,0.010306944737751206
9140,18.31,74.95,0.14290735956873585,0.010307477252323876
9141,18.31,74.96,0.1426709350623689,0.010322255404639245
9142,18.31,74.97,0.1429871927751749,0.01033366040897415
9143,18.31,74.98,0.14334938086109947,0.010339743786648647
9144,18.31,74.99,0.14219696768767034,0.010350217763711922
9145,18.31,75.0,0.14071459445364415,0.010355516069927673
9146,18.31,75.01,0.13901926150494404,0.010365472645582487
9147,18.31,75.02,0.13764028005335627,0.010383569240186654
9148,18.31,75.03,0.135968828863816,0.010398489366683113
9149,18.31,75.04,0.13360134634206405,0.0104073331871559
9150,18.31,75.05,0.1311845436953253,0.010427672225814665
9151,18.31,75.06,0.12997594714814772,0.010454476829641068
9152,18.31,75.07,0.13050170981475662,0.010474479404380021
9153,18.31,75.08,0.13223078346653291,0.010485046633784618
9154,18.31,75.09,0.13508639286853694,0.010487379461265448
9155,18.31,75.1,0.13925640424286972,0.010483293244711546
9156,18.31,75.11,0.14433090387666397,0.010465647511185153
9157,18.31,75.12,0.15020112059696905,0.010439496032438461
9158,18.31,75.13,0.15619550632631224,0.010412879574921081
9159,18.31,75.14,0.1611940566065174,0.01039948069161626
9160,18.31,75.15,0.16400741056643825,0.01039470265582338
9161,18.31,75.16,0.16489889593646773,0.010405926542152224
9162,18.31,75.17,0.16462543356132328,0.010423645191157575
9163,18.31,75.18,0.16466042512749784,0.010440372429512098
9164,18.31,75.19,0.16577621671245182,0.010454788306997304
9165,18.31,75.2,0.16852377789305473,0.010468436865338372
9166,18.31,75.21,0.17432766850063594,0.010486639538890462
9167,18.31,75.22,0.1833397794181982,0.01050027595784869
9168,18.31,75.23,0.19471312495627918,0.010495205239630085
9169,18.31,75.24,0.20854386981261824,0.010473620445174112
9170,18.31,75.25,0.22437784174466463,0.010434838502683192
9171,18.31,75.26,0.24116100841768193,0.010376644761290778
9172,18.31,75.27,0.25523789874404407,0.010316854518485921
9173,18.31,75.28,0.26412948710364936,0.010281316293108645
9174,18.31,75.29,0.27207717723943925,0.010251618922538043
9175,18.31,75.3,0.28162903706545483,0.010229683454422857
9176,18.31,75.31,0.2862123082261684,0.010238590101064041
9177,18.31,75.32,0.29395608591058653,0.010260765228840589
9178,18.31,75.33,0.29857129535438687,0.01028806154591033
9179,18.31,75.34,0.300582163621767,0.010308299777886724
9180,18.31,75.35,0.3000929099021747,0.010341876193977431
9181,18.31,75.36,0.29191113144254116,0.01039279707248741
9182,18.31,75.37,0.27868676210473686,0.010455664464474681
9183,18.31,75.38,0.2656125091411641,0.01052951346318497
9184,18.31,75.39,0.25328345221628745,0.01059803314362901
9185,18.31,75.4,0.2415203140602766,0.010650528084537347
9186,18.31,75.41,0.23076534206072566,0.010684443512727038
9187,18.31,75.42,0.22150147263691128,0.010701892996223438
9188,18.31,75.43,0.21484462347081615,0.010715658190302211
9189,18.31,75.44,0.21128180177628558,0.010733117607240371
9190,18.31,75.45,0.21078265570812008,0.010756454279271301
9191,18.31,75.46,0.2130851418259458,0.010783557472360815
9192,18.31,75.47,0.21728286100681807,0.01080530161112782
9193,18.31,75.48,0.22280424247842062,0.010824598017299136
9194,18.31,75.49,0.22806109261381302,0.010847328507883607
9195,18.31,75.5,0.23277550872356953,0.010872371125306944
9196,18.31,75.51,0.23759965844510356,0.010892858620621927
9197,18.31,75.52,0.24263311821316735,0.010907010479679308
9198,18.31,75.53,0.24766516310026981,0.010913318868368528
9199,18.31,75.54,0.25267020939720586,0.010909941980339056
9200,18.31,75.55,0.25767503816704146,0.010895119587685808
9201,18.31,75.56,0.26258056588579315,0.010867672384913573
9202,18.31,75.57,0.26749011562073877,0.01082771747259568
9203,18.31,75.58,0.27260026509134616,0.010777742145962936
9204,18.31,75.59,0.27809733268249975,0.01072064210213259
9205,18.31,75.6,0.2838335334791806,0.010652934337389793
9206,18.31,75.61,0.2894584909957592,0.01056978490889161
9207,18.31,75.62,0.2945502755240672,0.010471196507334177
9208,18.31,75.63,0.29891943284553124,0.01036600904028673
9209,18.31,75.64,0.30120605179262677,0.010267842362836045
9210,18.31,75.65,0.30127284718227837,0.010215495431636502
9211,18.31,75.66,0.30241855308581794,0.010214405596948754
9212,18.31,75.67,0.30385311815221744,0.010261301693199052
9213,18.31,75.68,0.30304427254655963,0.01035134390690795
9214,18.31,75.69,0.29727228096281744,0.010460568799918808
9215,18.31,75.7,0.28824312468380614,0.01056329454081496
9216,18.31,75.71,0.27752914667886197,0.010653529038602328
9217,18.31,75.72,0.26606676525891676,0.010732577294637545
9218,18.31,75.73,0.25458495617950955,0.010805130950639038
9219,18.31,75.74,0.24432472176164874,0.010879234448090889
9220,18.31,75.75,0.235866944506068,0.010957662246157766
9221,18.31,75.76,0.22827199639792178,0.011030608692833085
9222,18.31,75.77,0.2211209854492603,0.011093379948505821
9223,18.31,75.78,0.21426897185926838,0.011144717931753123
9224,18.31,75.79,0.20768768551359454,0.011184498434198975
9225,18.31,75.8,0.2014272632184722,0.01121324691778976
9226,18.31,75.81,0.19548911112001502,0.011231956785248685
9227,18.31,75.82,0.18986051374708826,0.011242029849376037
9228,18.31,75.83,0.18464173223993197,0.01124516616721476
9229,18.31,75.84,0.17994448687100026,0.011243087890667825
9230,18.31,75.85,0.17563799380942363,0.011237109222336174
9231,18.31,75.86,0.17159918237023158,0.011227847731215691
9232,18.31,75.87,0.16777904069589647,0.011215380713502063
9233,18.31,75.88,0.16427600368348688,0.011199628692940916
9234,18.31,75.89,0.16118676215576846,0.011180623903664687
9235,18.31,75.9,0.15854174589993858,0.01115859293156233
9236,18.31,75.91,0.15639514080196315,0.011133954912513322
9237,18.31,75.92,0.1547230835761044,0.011107556809918689
9238,18.31,75.93,0.15362553048554858,0.011085000998935045
9239,18.31,75.94,0.15339967266590335,0.011084309422175042
9240,18.31,75.95,0.15370089370591475,0.011089204145389045
9241,18.31,75.96,0.15448771942064077,0.011090272850881409
9242,18.31,75.97,0.1556092736108175,0.011086472820468778
9243,18.31,75.98,0.15701772377842363,0.011077972317342182
9244,18.31,75.99,0.15881457129635387,0.011065225947529948
9245,18.31,76.0,0.1609891178151674,0.01104863493808119
9246,18.31,76.01,0.16336231821719546,0.011028777022270815
9247,18.31,76.02,0.16542273925095863,0.011008205339330238
9248,18.31,76.03,0.16551787296936826,0.01099560122206266
9249,18.31,76.04,0.16299879084284033,0.010994819212532056
9250,18.31,76.05,0.15960559148201772,0.010995214778068833
9251,18.31,76.06,0.15626146594691548,0.010989621335201217
9252,18.31,76.07,0.1532725919148668,0.010976802072770376
9253,18.31,76.08,0.15071103142939768,0.010966259745537046
9254,18.31,76.09,0.148512250454981,0.010960312439742782
9255,18.31,76.1,0.14613604319814844,0.010959647800590673
9256,18.31,76.11,0.14329999993720832,0.010979211897671653
9257,18.31,76.12,0.14073437015416812,0.01099448113489745
9258,18.31,76.13,0.13886393992226959,0.01101898489488003
9259,18.31,76.14,0.1378062687168924,0.01105489180607904
9260,18.31,76.15,0.1368555699338923,0.011090481240477554
9261,18.31,76.16,0.13590864461272728,0.011121194373316238
9262,18.31,76.17,0.1350154795976356,0.011146396794675556
9263,18.31,76.18,0.1341864972227352,0.011168397819592512
9264,18.31,76.19,0.13364832654043413,0.011194498706242699
9265,18.31,76.2,0.13365679460461385,0.011234020683035757
9266,18.31,76.21,0.1342614050606814,0.011283589503322266
9267,18.31,76.22,0.13526997823615944,0.011337539850664869
9268,18.31,76.23,0.13664585645329805,0.011394066249693425
9269,18.31,76.24,0.13823823368444338,0.011452387338854276
9270,18.31,76.25,0.13997624614260487,0.0115116948444435
9271,18.31,76.26,0.14143396799486632,0.011571050609338673
9272,18.31,76.27,0.14243531611666546,0.011629492928805642
9273,18.31,76.28,0.14317845601420548,0.011686120641792466
9274,18.31,76.29,0.14388043151470878,0.011740135877549882
9275,18.31,76.3,0.14449467361969384,0.011790857946394413
9276,18.31,76.31,0.14504931164570076,0.011837724164764533
9277,18.31,76.32,0.14560381755452903,0.011880327791055259
9278,18.31,76.33,0.1461498943455725,0.011918522378731918
9279,18.31,76.34,0.14679210488260078,0.011952663469225501
9280,18.31,76.35,0.14751517813984574,0.011984373603500933
9281,18.31,76.36,0.14812821690488354,0.012019111210450418
9282,18.31,76.37,0.14865700941188842,0.01206970486804441
9283,18.31,76.38,0.14922492077206964,0.012141368012313926
9284,18.31,76.39,0.14973225268954113,0.012222057829088204
9285,18.31,76.4,0.15015121745326557,0.012303499665316726
9286,18.31,76.41,0.15055667260229078,0.012382778214485643
9287,18.31,76.42,0.15100812389412305,0.012458853872715215
9288,18.31,76.43,0.15150335378410548,0.012531319695063613
9289,18.31,76.44,0.15200701217121187,0.012600004553886053
9290,18.31,76.45,0.1525733938029013,0.012664836663536138
9291,18.31,76.46,0.15332153069233845,0.012725787395689084
9292,18.31,76.47,0.15424251985728898,0.012782858262766473
9293,18.31,76.48,0.1553132432283611,0.012836074149773414
9294,18.31,76.49,0.15659708898196906,0.012885460087462856
9295,18.31,76.5,0.1579708687899747,0.01293105239139667
9296,18.31,76.51,0.1594609791555467,0.012972897805329309
9297,18.31,76.52,0.1612381200361648,0.01301104113357565
9298,18.32,73.4,0.14259557432645076,0.01138134717540941
9299,18.32,73.41,0.1416357156115228,0.011302153770951623
9300,18.32,73.42,0.14102326693943423,0.011234533858286202
9301,18.32,73.43,0.14106807992827608,0.011176802359424802
9302,18.32,73.44,0.14148714247394947,0.011125829541282294
9303,18.32,73.45,0.14222363855792972,0.01107792197557264
9304,18.32,73.46,0.14309369175242792,0.011029949530586078
9305,18.32,73.47,0.14398717450085338,0.010980199901391563
9306,18.32,73.48,0.14498288884905128,0.010929695872206253
9307,18.32,73.49,0.14610828642005796,0.010885209345061122
9308,18.32,73.5,0.14730526670551852,0.010851145295252948
9309,18.32,73.51,0.14862226996669192,0.01081852828332406
9310,18.32,73.52,0.15013737374853434,0.01078025094242233
9311,18.32,73.53,0.15202172611328105,0.010734071316231083
9312,18.32,73.54,0.15436577851066188,0.010685739018537378
9313,18.32,73.55,0.15721391523626804,0.010659798442535477
9314,18.32,73.56,0.16059208923557572,0.01066368153456558
9315,18.32,73.57,0.16428338231043027,0.010670699671841071
9316,18.32,73.58,0.16804795025111308,0.010672124670343478
9317,18.32,73.59,0.17192346986318788,0.010667049294871798
9318,18.32,73.6,0.1762886275805986,0.010654860816924279
9319,18.32,73.61,0.18104276331402458,0.010635512896337114
9320,18.32,73.62,0.1855800532886207,0.010614557780007356
9321,18.32,73.63,0.18935092796295935,0.010594074590506588
9322,18.32,73.64,0.19188827729582342,0.010580053838947466
9323,18.32,73.65,0.19294334984713973,0.010577959141213544
9324,18.32,73.66,0.19319352839777185,0.010578381840444653
9325,18.32,73.67,0.19281748740260068,0.010571918861416913
9326,18.32,73.68,0.19189532822892766,0.010555295410488032
9327,18.32,73.69,0.1905244062934542,0.010529720082606043
9328,18.32,73.7,0.18883741326926431,0.010497000756119092
9329,18.32,73.71,0.18754078900833857,0.010460118667161265
9330,18.32,73.72,0.1880800684072398,0.010433500233392477
9331,18.32,73.73,0.18950255959058201,0.010407635691048111
9332,18.32,73.74,0.1902883990881826,0.010379722942235754
9333,18.32,73.75,0.1904694003915693,0.010367994229799414
9334,18.32,73.76,0.1902595007567832,0.010371473744638171
9335,18.32,73.77,0.1894275707455035,0.010371929809703025
9336,18.32,73.78,0.18806369803544257,0.010429560563438588
9337,18.32,73.79,0.18731384904444598,0.010508791789782526
9338,18.32,73.8,0.1864275664414486,0.010567927785153645
9339,18.32,73.81,0.18534281262081273,0.010600999199064808
9340,18.32,73.82,0.18409366682909292,0.010606664966859839
9341,18.32,73.83,0.1827135466671536,0.010585157686005093
9342,18.32,73.84,0.18115880077753113,0.01053932432376319
9343,18.32,73.85,0.17923933064584005,0.010474508226828884
9344,18.32,73.86,0.17655599636702501,0.01039667212568967
9345,18.32,73.87,0.17345893901164217,0.010318846249530108
9346,18.32,73.88,0.1705446451708977,0.010267157300478745
9347,18.32,73.89,0.1706476188956725,0.010256474525693842
9348,18.32,73.9,0.17232316220291616,0.010321725648667039
9349,18.32,73.91,0.17509543148512083,0.010426845430731264
9350,18.32,73.92,0.17819825334243902,0.010519438039582045
9351,18.32,73.93,0.18061824653716707,0.010596688323461924
9352,18.32,73.94,0.18209265442535308,0.010664838683782606
9353,18.32,73.95,0.18342638570129863,0.010716767009953476
9354,18.32,73.96,0.18512262478280234,0.010750911417685097
9355,18.32,73.97,0.18762248674840795,0.010772614074965837
9356,18.32,73.98,0.1913448287041652,0.010790387416512956
9357,18.32,73.99,0.19606517529574363,0.010803832798342529
9358,18.32,74.0,0.20125648233252472,0.010809140543258692
9359,18.32,74.01,0.20665621371795012,0.010809142284600472
9360,18.32,74.02,0.21214150214550243,0.010813214857721772
9361,18.32,74.03,0.21782513954334776,0.010819340529635594
9362,18.32,74.04,0.22421568898367722,0.01082669307129651
9363,18.32,74.05,0.23204605871251494,0.010844319274155237
9364,18.32,74.06,0.24105481463376716,0.010869351823045565
9365,18.32,74.07,0.2502990682133674,0.01089112158745238
9366,18.32,74.08,0.25935553372704606,0.01090773619475292
9367,18.32,74.09,0.26794394678836125,0.010920738472826517
9368,18.32,74.1,0.2757089373492035,0.010927548746109374
9369,18.32,74.11,0.28222592828142706,0.010924998635856208
9370,18.32,74.12,0.2872016206209536,0.010913786519848983
9371,18.32,74.13,0.2907613056958812,0.01090084926571317
9372,18.32,74.14,0.29298517692996773,0.010891545183015236
9373,18.32,74.15,0.29319545077671605,0.010879704845735461
9374,18.32,74.16,0.2910397809088778,0.010862766001292027
9375,18.32,74.17,0.28654695417044657,0.010841597806884842
9376,18.32,74.18,0.27995278267676355,0.010817925348095992
9377,18.32,74.19,0.27131013567302203,0.010792611990654417
9378,18.32,74.2,0.26050562127902455,0.010765163532135165
9379,18.32,74.21,0.2473589728970926,0.010734587985492398
9380,18.32,74.22,0.2320427849809348,0.010699599684092549
9381,18.32,74.23,0.21519968183174004,0.010658706408318825
9382,18.32,74.24,0.1977916081777271,0.010610895426826828
9383,18.32,74.25,0.18101484359513445,0.010561104782334498
9384,18.32,74.26,0.16603239916654286,0.010523034250026386
9385,18.32,74.27,0.1527450181088861,0.010477009150127439
9386,18.32,74.28,0.14141204414539205,0.01043019806637506
9387,18.32,74.29,0.13221071168574394,0.010395800101737029
9388,18.32,74.3,0.1254376732096895,0.010364802922717017
9389,18.32,74.31,0.12035153212308947,0.010343719301592965
9390,18.32,74.32,0.11602581752667189,0.010330379724340963
9391,18.32,74.33,0.11275380260846193,0.010299713459170655
9392,18.32,74.34,0.11027438329122743,0.010246649860124973
9393,18.32,74.35,0.10654093187543176,0.010192207246967237
9394,18.32,74.36,0.05433707963801049,-0.009851565655267493
9395,18.32,74.37,0.10648053111059026,0.010148288761919165
9396,18.32,74.38,0.10878734989562273,0.01013762029575181
9397,18.32,74.39,0.11017787706260256,0.010151574311208403
9398,18.32,74.4,0.11012687875993526,0.010164445607691995
9399,18.32,74.41,0.10931828576473242,0.010162219097881597
9400,18.32,74.42,0.10663643602988397,0.010149876787481527
9401,18.32,74.43,0.10661463777241119,0.010158276685024442
9402,18.32,74.44,0.11104668326741483,0.0101986858381242
9403,18.32,74.45,0.11679042680272943,0.010237088825378939
9404,18.32,74.46,0.12218760281106902,0.010265459347269973
9405,18.32,74.47,0.1264865524390316,0.010274958260661608
9406,18.32,74.48,0.13033724541359612,0.010271218544136623
9407,18.32,74.49,0.13463047378987023,0.01027614535799868
9408,18.32,74.5,0.13774502478920667,0.010269651161752248
9409,18.32,74.51,0.1394974658351947,0.010257410384533325
9410,18.32,74.52,0.13950228593892683,0.01025163537180363
9411,18.32,74.53,0.13840415284289817,0.010246094441288945
9412,18.32,74.54,0.1377897779758241,0.010233901412346267
9413,18.32,74.55,0.13790634768409987,0.010218040947979902
9414,18.32,74.56,0.13942291137874951,0.010188550569036269
9415,18.32,74.57,0.14101035461328504,0.010156249552041283
9416,18.32,74.58,0.1392492035101444,0.010178986754914847
9417,18.32,74.59,0.13718564611620854,0.010216026802673825
9418,18.32,74.6,0.13365075847651642,0.010231183985974565
9419,18.32,74.61,0.13062273228853075,0.010235613519963984
9420,18.32,74.62,0.12934035224156204,0.010226238127312612
9421,18.32,74.63,0.13019408069686453,0.010216778219196797
9422,18.32,74.64,0.1309597372216268,0.010223145102977477
9423,18.32,74.65,0.13252627521338253,0.010220035008480111
9424,18.32,74.66,0.13410472754245953,0.010218145015937282
9425,18.32,74.67,0.1361964859178948,0.010229125481692917
9426,18.32,74.68,0.13826648654718596,0.010233949065384112
9427,18.32,74.69,0.13987693728613634,0.010235618703290225
9428,18.32,74.7,0.14116471943102243,0.010244294506442382
9429,18.32,74.71,0.14264179962177384,0.010236316088206172
9430,18.32,74.72,0.14545345924902464,0.010226831294851392
9431,18.32,74.73,0.1492518566948686,0.0102185262812611
9432,18.32,74.74,0.15324393545329465,0.010197922308106504
9433,18.32,74.75,0.15321848974536106,0.010175208255273346
9434,18.32,74.76,0.14739139613467936,0.01018842600092891
9435,18.32,74.77,0.14521395224223874,0.010211790454192782
9436,18.32,74.78,0.1477768226843844,0.010210047423972194
9437,18.32,74.79,0.1538485530262086,0.010179970469988859
9438,18.32,74.8,0.1578487012722189,0.010176343733409874
9439,18.32,74.81,0.15433086108765096,0.010177054641499343
9440,18.32,74.82,0.14806014356554775,0.01020670275023992
9441,18.32,74.83,0.14392969811296555,0.010235470034072531
9442,18.32,74.84,0.14424486025455938,0.010255845202650948
9443,18.32,74.85,0.1484753882299755,0.010260917788600445
9444,18.32,74.86,0.15462952205554728,0.010273408762002278
9445,18.32,74.87,0.15892230423035936,0.010292040873391417
9446,18.32,74.88,0.16222454395696329,0.010291013465381514
9447,18.32,74.89,0.16398040290870117,0.010282239859037704
9448,18.32,74.9,0.16263239135461188,0.010281635253716365
9449,18.32,74.91,0.1600414728524111,0.010283645866476577
9450,18.32,74.92,0.1564934068401267,0.010288621835569993
9451,18.32,74.93,0.15169959525691804,0.010298598099911075
9452,18.32,74.94,0.14779314059458526,0.010305849662676461
9453,18.32,74.95,0.1454049640812919,0.010313982327450876
9454,18.32,74.96,0.14446029018393977,0.010336573121129585
9455,18.32,74.97,0.1442146835822536,0.010350162753003529
9456,18.32,74.98,0.144389527226157,0.010355907146780413
9457,18.32,74.99,0.14416234402346684,0.01036164913042291
9458,18.32,75.0,0.14326054179968037,0.010359733665337623
9459,18.32,75.01,0.14191663108164368,0.010361446175478186
9460,18.32,75.02,0.14025273299392696,0.010378590426801367
9461,18.32,75.03,0.1381684632341985,0.010401206863834379
9462,18.32,75.04,0.13568968426691788,0.010423981783089854
9463,18.32,75.05,0.13327512600074046,0.010445446886293409
9464,18.32,75.06,0.13166847716206437,0.010464507516805149
9465,18.32,75.07,0.13129299968931946,0.010476613483752712
9466,18.32,75.08,0.13222208800154076,0.010479305252700756
9467,18.32,75.09,0.1345974545386518,0.010477254832368865
9468,18.32,75.1,0.13840740324562947,0.010472480790883077
9469,18.32,75.11,0.143026624891847,0.010454458257282733
9470,18.32,75.12,0.1491379732082862,0.01043341262441516
9471,18.32,75.13,0.15541302884085129,0.01040378073847467
9472,18.32,75.14,0.1605520012800661,0.010367673817799537
9473,18.32,75.15,0.1610932858438554,0.010374274413447689
9474,18.32,75.16,0.15986847328391066,0.010393790239519973
9475,18.32,75.17,0.15766409125123113,0.010406437861364744
9476,18.32,75.18,0.15709290911939505,0.010427134650697441
9477,18.32,75.19,0.15718753589746592,0.010441923801041073
9478,18.32,75.2,0.15854393937762287,0.01045171231519421
9479,18.32,75.21,0.16254797304998003,0.01046786661018786
9480,18.32,75.22,0.1697366522923919,0.0104819204921371
9481,18.32,75.23,0.18018981878251675,0.010487886049812736
9482,18.32,75.24,0.19217385907800752,0.010470403771765275
9483,18.32,75.25,0.20541085876221493,0.010429558431952203
9484,18.32,75.26,0.21941611698982724,0.010380575611355226
9485,18.32,75.27,0.2327956043686431,0.010336709170370868
9486,18.32,75.28,0.24170230897498043,0.010306722595739608
9487,18.32,75.29,0.24925703895620654,0.010272136764804802
9488,18.32,75.3,0.19295999999989238,-2.183025995545849e-15
9489,18.32,75.31,0.26214026842682225,0.010272471700016538
9490,18.32,75.32,0.269394370023215,0.010304142744448946
9491,18.32,75.33,0.27439461134249654,0.010337802954091292
9492,18.32,75.34,0.27811983827201403,0.010376406446102505
9493,18.32,75.35,0.2788367881791027,0.010418765141083284
9494,18.32,75.36,0.2744064269844068,0.010468277181382754
9495,18.32,75.37,0.26619842540401456,0.010525356605570937
9496,18.32,75.38,0.2565954414363051,0.01058589197533195
9497,18.32,75.39,0.2467330359222835,0.010642481998897575
9498,18.32,75.4,0.23712811413686707,0.010687938658910297
9499,18.32,75.41,0.22839431788412146,0.010719703188678454
9500,18.32,75.42,0.22114130091163997,0.010739923941041042
9501,18.32,75.43,0.21610297183947932,0.01075482481362894
9502,18.32,75.44,0.21363380862658618,0.010769817965166443
9503,18.32,75.45,0.21378846106422805,0.010788387717464949
9504,18.32,75.46,0.216309326307316,0.010809306858444376
9505,18.32,75.47,0.22054508599444678,0.010828460220030046
9506,18.32,75.48,0.2257678486946172,0.010845840446949247
9507,18.32,75.49,0.2312189592940322,0.010862844835223616
9508,18.32,75.5,0.2364594531889705,0.01087891696039788
9509,18.32,75.51,0.2416186528111874,0.010891819181731531
9510,18.32,75.52,0.24681463298783055,0.01090022891235273
9511,18.32,75.53,0.25196289909624714,0.01090306461072872
9512,18.32,75.54,0.25696516181972734,0.010898403040397187
9513,18.32,75.55,0.26206285695209963,0.010883782962041497
9514,18.32,75.56,0.2672303660234019,0.010857308447252313
9515,18.32,75.57,0.27255415464988403,0.010818531547790026
9516,18.32,75.58,0.2781569376725986,0.010768550519676115
9517,18.32,75.59,0.2840908898014241,0.010708275640995874
9518,18.32,75.6,0.290278134896389,0.010635895762822707
9519,18.32,75.61,0.29652972836633207,0.01054818431176157
9520,18.32,75.62,0.30239810923328153,0.010444449178941313
9521,18.32,75.63,0.3082610842769321,0.010338480673154666
9522,18.32,75.64,0.31198248022556474,0.010245797769444714
9523,18.32,75.65,0.3124177260479283,0.01022111087105038
9524,18.32,75.66,0.3131862618778393,0.010222540447010799
9525,18.32,75.67,0.31448116728159053,0.010264100278130166
9526,18.32,75.68,0.3110917626744377,0.010356094375512558
9527,18.32,75.69,0.3030278161087547,0.010462663009268782
9528,18.32,75.7,0.29286509829356383,0.010563194481455174
9529,18.32,75.71,0.281511070298583,0.01065363499820103
9530,18.32,75.72,0.2695259502773295,0.010732938084961204
9531,18.32,75.73,0.25721409295225545,0.010801072703920844
9532,18.32,75.74,0.24602855091921913,0.01086891486247971
9533,18.32,75.75,0.23782059972274508,0.010952640467600007
9534,18.32,75.76,0.22997274980987154,0.011025532796608768
9535,18.32,75.77,0.22244179098955097,0.011086828869140176
9536,18.32,75.78,0.21520932841965082,0.011136188335083022
9537,18.32,75.79,0.20830222239479562,0.011173719281068922
9538,18.32,75.8,0.20176176831147372,0.011200005078206583
9539,18.32,75.81,0.195650407162748,0.011216111440237327
9540,18.32,75.82,0.18990035333583105,0.01122367570051021
9541,18.32,75.83,0.1845200751236827,0.011224950652251826
9542,18.32,75.84,0.17965336158453835,0.011222483818034519
9543,18.32,75.85,0.17524364293885164,0.011218121196862637
9544,18.32,75.86,0.1711344053852097,0.011212163181028589
9545,18.32,75.87,0.16728233803282844,0.011203920078949388
9546,18.32,75.88,0.16379453136600536,0.011192758663042965
9547,18.32,75.89,0.16075032666027786,0.011178544518523
9548,18.32,75.9,0.15819018373889282,0.011161657327059852
9549,18.32,75.91,0.15613426863641555,0.011143038456720706
9550,18.32,75.92,0.1545588092811548,0.011124708177770132
9551,18.32,75.93,0.15357454853843513,0.011111031502748784
9552,18.32,75.94,0.15319524776520216,0.01110587065717275
9553,18.32,75.95,0.15328155466071228,0.011105286220033664
9554,18.32,75.96,0.1539087370661296,0.011103726016580632
9555,18.32,75.97,0.1549011187935118,0.011098694872711971
9556,18.32,75.98,0.156182877385059,0.011089334517258026
9557,18.32,75.99,0.15792351754313827,0.011075256299983101
9558,18.32,76.0,0.1601953093905193,0.011056033264267953
9559,18.32,76.01,0.1629483702269572,0.011031135497670916
9560,18.32,76.02,0.1661678247056695,0.011000587197374168
9561,18.32,76.03,0.1672507495507149,0.010980101262127846
9562,18.32,76.04,0.16286536390027,0.010991857409749008
9563,18.32,76.05,0.15887271124588287,0.011003330578520057
9564,18.32,76.06,0.1552797778816288,0.011008557889283252
9565,18.32,76.07,0.15218034587721288,0.011007727193766898
9566,18.32,76.08,0.14956493002010365,0.01100503417419051
9567,18.32,76.09,0.14729374534283882,0.011003864574587777
9568,18.32,76.1,0.14502048742814194,0.011009297985179271
9569,18.32,76.11,0.142616332098552,0.011024014093823677
9570,18.32,76.12,0.14048246771562192,0.011042266125969678
9571,18.32,76.13,0.13878789117163043,0.011064759835554827
9572,18.32,76.14,0.13754489759784283,0.011091355887919093
9573,18.32,76.15,0.13640409375062715,0.011117910165043536
9574,18.32,76.16,0.13534279039854502,0.011140888352758425
9575,18.32,76.17,0.13438994073236207,0.011158742914498126
9576,18.32,76.18,0.13349136504112097,0.011171508542306603
9577,18.32,76.19,0.1328451799924973,0.011183834786569744
9578,18.32,76.2,0.1331007169162525,0.011230940717005712
9579,18.32,76.21,0.13397007457936513,0.011286404118037035
9580,18.32,76.22,0.13518242643880374,0.011342835002444188
9581,18.32,76.23,0.13675951315665152,0.011400574494112695
9582,18.32,76.24,0.13855945716715343,0.01145958838634572
9583,18.32,76.25,0.1405068086221863,0.01151934450965297
9584,18.32,76.26,0.1421446545171668,0.011579006297391697
9585,18.32,76.27,0.1432790190309009,0.011637649689721927
9586,18.32,76.28,0.14416124345167952,0.011694408813664268
9587,18.32,76.29,0.14495596367925823,0.011748549246947222
9588,18.32,76.3,0.14562907859208948,0.011799496450465883
9589,18.32,76.31,0.1462244782686204,0.01184686014478408
9590,18.32,76.32,0.14679725884879738,0.011890505596699267
9591,18.32,76.33,0.14736522942712693,0.011930705049757257
9592,18.32,76.34,0.14803360934979146,0.011968442275246228
9593,18.32,76.35,0.1487945783021074,0.012005999055848935
9594,18.32,76.36,0.14946129353549553,0.012047705511007343
9595,18.32,76.37,0.15001692199598554,0.012099004870362385
9596,18.32,76.38,0.15055648986047288,0.012161684327137622
9597,18.32,76.39,0.1510334634320978,0.012231939137108103
9598,18.32,76.4,0.15141909792586716,0.012304969228399567
9599,18.32,76.41,0.15176811644261812,0.012377696738125102
9600,18.32,76.42,0.15215662002191582,0.012448496968893042
9601,18.32,76.43,0.15259689244726504,0.012516536544216939
9602,18.32,76.44,0.15305451134355813,0.012581381549964361
9603,18.32,76.45,0.1536112028697518,0.012642796713389165
9604,18.32,76.46,0.15436985801895095,0.012700650624955644
9605,18.32,76.47,0.15530544032697643,0.012754871854380262
9606,18.32,76.48,0.15637462532044594,0.012805430818168699
9607,18.32,76.49,0.15761627561648675,0.012852316421683498
9608,18.32,76.5,0.1589192833961147,0.012895537288778259
9609,18.32,76.51,0.16035824113736863,0.01293511710162816
9610,18.32,76.52,0.16210409572185977,0.012971078076386719
9611,18.33,73.4,0.14261814541497797,0.011399168059236145
9612,18.33,73.41,0.1417201325084353,0.011328769273818401
9613,18.33,73.42,0.14116994220123008,0.011267282992974786
9614,18.33,73.43,0.1411938754330087,0.011212491109376044
9615,18.33,73.44,0.14147712202575105,0.011162279480913053
9616,18.33,73.45,0.14194545416788007,0.011114553265969222
9617,18.33,73.46,0.142479231656327,0.01106767807067711
9618,18.33,73.47,0.1429849589971541,0.011021082395798873
9619,18.33,73.48,0.14359017046103656,0.010975878458604158
9620,18.33,73.49,0.144491724222662,0.01093457255193964
9621,18.33,73.5,0.14570753939357992,0.010897876693994966
9622,18.33,73.51,0.14718322451120325,0.010862871786149596
9623,18.33,73.52,0.14887835512086686,0.010826606777818689
9624,18.33,73.53,0.15092246771936452,0.010789357534022844
9625,18.33,73.54,0.15345629517931594,0.010756497092488618
9626,18.33,73.55,0.15643232714479754,0.010736870169393467
9627,18.33,73.56,0.15982273201343272,0.010731782044364499
9628,18.33,73.57,0.1634633897742204,0.010732443870712323
9629,18.33,73.58,0.1672102511592601,0.010731359225187132
9630,18.33,73.59,0.17124070040926845,0.010724972529948314
9631,18.33,73.6,0.1759153233581119,0.010711344761555688
9632,18.33,73.61,0.18120105368787656,0.010689161768572342
9633,18.33,73.62,0.1864375542061671,0.010675970229375907
9634,18.33,73.63,0.1909818517889439,0.010668548266169496
9635,18.33,73.64,0.19461399604554325,0.01066036280374607
9636,18.33,73.65,0.19714141047881306,0.010654035637192414
9637,18.33,73.66,0.19874331464823797,0.01064688325503692
9638,18.33,73.67,0.19948499553875498,0.010634793025028066
9639,18.33,73.68,0.19952954686548707,0.010616028970417331
9640,18.33,73.69,0.199138977359878,0.010591948955851442
9641,18.33,73.7,0.19863456783103797,0.010565493028733743
9642,18.33,73.71,0.19844933014577293,0.010539487741556476
9643,18.33,73.72,0.1988055242151862,0.010516690145241493
9644,18.33,73.73,0.19940381347583958,0.010495990997601694
9645,18.33,73.74,0.19972383703860733,0.010478589073465544
9646,18.33,73.75,0.19952881645863288,0.01047028490210358
9647,18.33,73.76,0.19881850278609714,0.010471940392511316
9648,18.33,73.77,0.19747277837205063,0.01048507130343926
9649,18.33,73.78,0.19599468375597542,0.010522921392572538
9650,18.33,73.79,0.19467922064253082,0.010575977498405546
9651,18.33,73.8,0.19324490620660079,0.010620625111800059
9652,18.33,73.81,0.19165715517108947,0.010645957504086498
9653,18.33,73.82,0.18994139478986147,0.010647743289215857
9654,18.33,73.83,0.1881450615192378,0.010624703495532958
9655,18.33,73.84,0.18619299204117162,0.010579354914584626
9656,18.33,73.85,0.18378049259370804,0.010525288507753191
9657,18.33,73.86,0.18074438680781893,0.01045790409382865
9658,18.33,73.87,0.17756320997365316,0.010380515876402282
9659,18.33,73.88,0.17543375280151655,0.010323596181915331
9660,18.33,73.89,0.175311615400595,0.01030624003706526
9661,18.33,73.9,0.1770452095900868,0.010363793782137367
9662,18.33,73.91,0.1797730905842054,0.010452276905873312
9663,18.33,73.92,0.18283228928071923,0.010532446700887937
9664,18.33,73.93,0.1851730969683324,0.010602573879849725
9665,18.33,73.94,0.18590247757004036,0.010674344026121484
9666,18.33,73.95,0.1867861878337392,0.010724400440948342
9667,18.33,73.96,0.18803855350181978,0.010751940248359678
9668,18.33,73.97,0.18993701010942493,0.010761552959479278
9669,18.33,73.98,0.19415094769869032,0.01078156193995886
9670,18.33,73.99,0.19974770801500918,0.010801115051231092
9671,18.33,74.0,0.2056536903918042,0.010810305372857005
9672,18.33,74.01,0.21159592494513416,0.01081226114274638
9673,18.33,74.02,0.21745632412453633,0.010813061344791913
9674,18.33,74.03,0.22325945838428476,0.010814757796204702
9675,18.33,74.04,0.22930599600269844,0.010815309516252146
9676,18.33,74.05,0.23718630055967535,0.010833115705961129
9677,18.33,74.06,0.2463179636697401,0.010858334967488163
9678,18.33,74.07,0.2554807899507401,0.010873957936416828
9679,18.33,74.08,0.26452287094956234,0.010882494055772492
9680,18.33,74.09,0.2734543364697481,0.010895898048648553
9681,18.33,74.1,0.28171880051040815,0.01090339120662973
9682,18.33,74.11,0.28872271325826226,0.010897958223367725
9683,18.33,74.12,0.29401412777706964,0.010879366669199355
9684,18.33,74.13,0.29775906150043707,0.010856705388770168
9685,18.33,74.14,0.30133396141853636,0.01085347184569469
9686,18.33,74.15,0.3022072431913178,0.010842422676148575
9687,18.33,74.16,0.3003044514725926,0.010825158281420461
9688,18.33,74.17,0.29594732265109214,0.01080371290264331
9689,18.33,74.18,0.2897396018542265,0.010781823915766474
9690,18.33,74.19,0.28188896773140015,0.010760802262905746
9691,18.33,74.2,0.27194139871175493,0.010738229704612577
9692,18.33,74.21,0.259190905984533,0.010712730336300685
9693,18.33,74.22,0.24358909231273493,0.010683139374965357
9694,18.33,74.23,0.2260602888077297,0.010647642633832213
9695,18.33,74.24,0.20797188165203773,0.010606010689415725
9696,18.33,74.25,0.19079856219867,0.010564454018695555
9697,18.33,74.26,0.1752958476680718,0.010527183600979479
9698,18.33,74.27,0.16130795986517277,0.010492029605416765
9699,18.33,74.28,0.1492167441709668,0.010448896651797315
9700,18.33,74.29,0.13982651319575223,0.01041850254021429
9701,18.33,74.3,0.13285335586702224,0.01038869281114428
9702,18.33,74.31,0.12785111505138042,0.010369522258563727
9703,18.33,74.32,0.12393762612354463,0.010358516980297187
9704,18.33,74.33,0.12092495204451066,0.010334764503260041
9705,18.33,74.34,0.11881060176799141,0.010292481621147456
9706,18.33,74.35,0.11772408517239195,0.010245614858017716
9707,18.33,74.36,0.11841014480052628,0.010201404278132797
9708,18.33,74.37,0.11810556727784409,0.010183056379755268
9709,18.33,74.38,0.1179949542462042,0.010168924158375234
9710,18.33,74.39,0.11832861977875112,0.01016761494910825
9711,18.33,74.4,0.1171418255097951,0.010179016082801815
9712,18.33,74.41,0.11302594270250978,0.010189099458658455
9713,18.33,74.42,0.10594388437332329,0.010171636805484286
9714,18.33,74.43,0.10358077690373058,0.010159385000824344
9715,18.33,74.44,0.10900537236811993,0.010174136619095513
9716,18.33,74.45,0.11649128271298899,0.010214188252470929
9717,18.33,74.46,0.12358855829105894,0.01024095019499383
9718,18.33,74.47,0.1291198743712392,0.010250577470478797
9719,18.33,74.48,0.13432004740079548,0.010258311950381602
9720,18.33,74.49,0.13948534564873405,0.010260278404912069
9721,18.33,74.5,0.1429314049757394,0.010253072655716202
9722,18.33,74.51,0.14484499574263698,0.010241330541581247
9723,18.33,74.52,0.144157069394234,0.010241701221926188
9724,18.33,74.53,0.1422029093181617,0.010242200788068997
9725,18.33,74.54,0.14028329369541337,0.010224441355455544
9726,18.33,74.55,0.1395461219885496,0.01019458138799834
9727,18.33,74.56,0.14187779621698512,0.010165804660025044
9728,18.33,74.57,0.14457801972209278,0.010153081205083974
9729,18.33,74.58,0.14360962173006744,0.010171836206764406
9730,18.33,74.59,0.14220659749396344,0.010194608060369688
9731,18.33,74.6,0.138829915839476,0.010206212751817371
9732,18.33,74.61,0.13400802419309496,0.010204924200649166
9733,18.33,74.62,0.12984360955514465,0.010203643307865011
9734,18.33,74.63,0.12845568280947375,0.010205785274368228
9735,18.33,74.64,0.1282324878953002,0.010205133743399568
9736,18.33,74.65,0.12959420822648055,0.01021347931034464
9737,18.33,74.66,0.1326872386760581,0.010220799254829275
9738,18.33,74.67,0.13601209846139387,0.010235075944803666
9739,18.33,74.68,0.13866274020368347,0.010241500418409474
9740,18.33,74.69,0.14238288482383926,0.010243108403598461
9741,18.33,74.7,0.14553945588709358,0.010240467776835176
9742,18.33,74.71,0.14766447333808638,0.010232058994283744
9743,18.33,74.72,0.15192997717931464,0.010223833040458805
9744,18.33,74.73,0.15804103932580282,0.010215772561120467
9745,18.33,74.74,0.16363379463174507,0.010183161099376321
9746,18.33,74.75,0.16061057844423882,0.010136940315693578
9747,18.33,74.76,0.15079324320526158,0.010130530693320624
9748,18.33,74.77,0.144247244469611,0.010160803656860612
9749,18.33,74.78,0.14686195174159888,0.010174191824338015
9750,18.33,74.79,0.15428738127645217,0.01015210035010292
9751,18.33,74.8,0.1586788071259903,0.010128854304045035
9752,18.33,74.81,0.15082648460142345,0.010139925043192971
9753,18.33,74.82,0.14536668396981386,0.01019257273356166
9754,18.33,74.83,0.14210729227410643,0.010224589490740078
9755,18.33,74.84,0.14203945607066132,0.010249431525726174
9756,18.33,74.85,0.1454709148371959,0.01026610925582881
9757,18.33,74.86,0.15081882574973768,0.010279074064115188
9758,18.33,74.87,0.15607338825606015,0.010292937633019769
9759,18.33,74.88,0.1603662346871307,0.010295441562983296
9760,18.33,74.89,0.1639160575921063,0.010293264462893522
9761,18.33,74.9,0.16611638814264748,0.010289954611220595
9762,18.33,74.91,0.16586290257399025,0.010285428983872826
9763,18.33,74.92,0.16244457353559905,0.010285953069467908
9764,18.33,74.93,0.15710018203622264,0.010291462664423373
9765,18.33,74.94,0.15262963083001005,0.010296596583355595
9766,18.33,74.95,0.1496583029492317,0.010315297882151889
9767,18.33,74.96,0.14771353803273307,0.010337249177893824
9768,18.33,74.97,0.14697562881349793,0.010347655603495777
9769,18.33,74.98,0.1474980253463555,0.010355406074237444
9770,18.33,74.99,0.1480963949275811,0.010358073702110624
9771,18.33,75.0,0.1480849660028855,0.010344862069378279
9772,18.33,75.01,0.14749915219984464,0.01033891509836868
9773,18.33,75.02,0.14526901702213932,0.010361272069094556
9774,18.33,75.03,0.1425414180880932,0.010388529713485499
9775,18.33,75.04,0.1396172796202258,0.010420062447905264
9776,18.33,75.05,0.13673534164812445,0.01044208099862521
9777,18.33,75.06,0.1344700826839948,0.010457007361889769
9778,18.33,75.07,0.13334068508640307,0.01046394450929342
9779,18.33,75.08,0.13361856296640573,0.010461267018337904
9780,18.33,75.09,0.13562849628795104,0.010457284405723737
9781,18.33,75.1,0.1395059884124977,0.010456324821388994
9782,18.33,75.11,0.14453629006547072,0.010444096780662503
9783,18.33,75.12,0.15042346341815913,0.010424794057349397
9784,18.33,75.13,0.1560304210633368,0.010396718705555518
9785,18.33,75.14,0.16010510511087628,0.010366293226727379
9786,18.33,75.15,0.16173264724110653,0.010373174556948988
9787,18.33,75.16,0.15870808921688015,0.010389428974534758
9788,18.33,75.17,0.15458785156549057,0.010397849032919735
9789,18.33,75.18,0.15216845099406298,0.010416816987564966
9790,18.33,75.19,0.1509911579758948,0.01044113545582819
9791,18.33,75.2,0.1512089196834302,0.010455385349202094
9792,18.33,75.21,0.1537598576532136,0.010468024952002369
9793,18.33,75.22,0.15922906909638015,0.010481133385924664
9794,18.33,75.23,0.16731933246702557,0.0104886855193304
9795,18.33,75.24,0.17652229279118123,0.01047620898543529
9796,18.33,75.25,0.18650485858910212,0.010445165284277122
9797,18.33,75.26,0.19700290713715515,0.01040776740043173
9798,18.33,75.27,0.20715040705337215,0.010374310942492276
9799,18.33,75.28,0.2155182096167277,0.010345380266328951
9800,18.33,75.29,0.22202606846726058,0.010312174480982022
9801,18.33,75.3,0.22794797110234266,0.01029517437462397
9802,18.33,75.31,0.2349681189651117,0.010315619448206595
9803,18.33,75.32,0.24291157999742313,0.010353216282945213
9804,18.33,75.33,0.25005712556191595,0.010394569372762712
9805,18.33,75.34,0.2554943525042672,0.01043864991802534
9806,18.33,75.35,0.25804859041036077,0.010484905266690787
9807,18.33,75.36,0.25685411187577734,0.010533906640772512
9808,18.33,75.37,0.2526200334394142,0.010585731086364345
9809,18.33,75.38,0.24662306148435864,0.010638002703641534
9810,18.33,75.39,0.2396841349116606,0.010686248679320175
9811,18.33,75.4,0.23253099899431295,0.010725895685135711
9812,18.33,75.41,0.22594489572090345,0.010754757644396236
9813,18.33,75.42,0.22059912033393292,0.010774096197149502
9814,18.33,75.43,0.2171459679121775,0.01078816181409008
9815,18.33,75.44,0.21601506472161416,0.010801658731837938
9816,18.33,75.45,0.2170803834368944,0.010816697527580379
9817,18.33,75.46,0.21999045049574714,0.01083238920801453
9818,18.33,75.47,0.2242893721929701,0.010847041756432694
9819,18.33,75.48,0.22936280633653294,0.01085985434472896
9820,18.33,75.49,0.234825071344302,0.01087046531007764
9821,18.33,75.5,0.2402294806320319,0.010878330031637117
9822,18.33,75.51,0.24562408518598217,0.010883159447478065
9823,18.33,75.52,0.25090064130245326,0.010885630617531275
9824,18.33,75.53,0.25596462971665457,0.010886127917895866
9825,18.33,75.54,0.26084027370482055,0.01088220419562499
9826,18.33,75.55,0.2658128760067756,0.010869581762499027
9827,18.33,75.56,0.27102769130550797,0.01084491661117755
9828,18.33,75.57,0.2765935644025583,0.010806787389094023
9829,18.33,75.58,0.2825749814720606,0.010756025185209702
9830,18.33,75.59,0.289045150131322,0.010695136912882647
9831,18.33,75.6,0.2959956674639811,0.010623414162250964
9832,18.33,75.61,0.30337588154254924,0.01053755510602942
9833,18.33,75.62,0.31088485917067044,0.010439146513848124
9834,18.33,75.63,0.31819199166807255,0.010339889153045163
9835,18.33,75.64,0.3243805730198461,0.010268493039291358
9836,18.33,75.65,0.32654659963041277,0.010246244963013473
9837,18.33,75.66,0.3270755209860523,0.010248077478238738
9838,18.33,75.67,0.3264524893149058,0.010288565342924905
9839,18.33,75.68,0.3190128531623482,0.010368612451596596
9840,18.33,75.69,0.30866856462781617,0.010466533285492432
9841,18.33,75.7,0.2971205757962451,0.010563928908474138
9842,18.33,75.71,0.28496914755142094,0.010654821602253825
9843,18.33,75.72,0.272695227389988,0.010736754491848653
9844,18.33,75.73,0.2606382170026595,0.01081031866573101
9845,18.33,75.74,0.24968764792281145,0.010882400299768395
9846,18.33,75.75,0.24034586646176506,0.010956897906683607
9847,18.33,75.76,0.23185597675218914,0.011025055801479045
9848,18.33,75.77,0.22385943349865475,0.011082689688439151
9849,18.33,75.78,0.2161674500128563,0.011128653823922623
9850,18.33,75.79,0.20886882150023475,0.011162782440849088
9851,18.33,75.8,0.20196717594523242,0.011185483950408038
9852,18.33,75.81,0.19555050403326132,0.011197689153213519
9853,18.33,75.82,0.18966297615190142,0.011201054645362113
9854,18.33,75.83,0.18418078656426484,0.011198422947557022
9855,18.33,75.84,0.17918263234769374,0.011194022545931059
9856,18.33,75.85,0.174633584545196,0.011191202308130274
9857,18.33,75.86,0.17042220564378072,0.011189283772163676
9858,18.33,75.87,0.16649896982569953,0.011185829672056108
9859,18.33,75.88,0.1629975421297384,0.011179491397368187
9860,18.33,75.89,0.15997316369080183,0.01117014770409824
9861,18.33,75.9,0.15746638403740362,0.011158502300781198
9862,18.33,75.91,0.15549706271288175,0.011145888120293927
9863,18.33,75.92,0.15400685714117893,0.011134132106930606
9864,18.33,75.93,0.15307550131960518,0.011125206538758748
9865,18.33,75.94,0.15264554863134483,0.011119887667697812
9866,18.33,75.95,0.15259267734392395,0.011116556817348928
9867,18.33,75.96,0.15303635517646735,0.01111263068780238
9868,18.33,75.97,0.15385529164054762,0.011106261099785244
9869,18.33,75.98,0.15489240034374852,0.011096411847134287
9870,18.33,75.99,0.15632287363382497,0.011082394389265863
9871,18.33,76.0,0.15823760370064172,0.011063585736076853
9872,18.33,76.01,0.16049344202596127,0.011039501531165622
9873,18.33,76.02,0.16256736945445105,0.011011215304439268
9874,18.33,76.03,0.16255611730973232,0.010988308195266366
9875,18.33,76.04,0.1599846441580967,0.010999509989536192
9876,18.33,76.05,0.15676001265479822,0.011019955458405386
9877,18.33,76.06,0.15353209877467286,0.011033442702536183
9878,18.33,76.07,0.1506278695614531,0.011040994642477044
9879,18.33,76.08,0.14812236044683602,0.011045575663274078
9880,18.33,76.09,0.14593033507596997,0.01105045019959011
9881,18.33,76.1,0.14385145291270268,0.011058696721597644
9882,18.33,76.11,0.14176094292386696,0.011071521829297609
9883,18.33,76.12,0.13990650380120256,0.011087773307073561
9884,18.33,76.13,0.13838509265484494,0.011106515130549399
9885,18.33,76.14,0.13715225678890183,0.011126623562627815
9886,18.33,76.15,0.13595625732188552,0.011146000551150887
9887,18.33,76.16,0.13485621435039577,0.011162615295457395
9888,18.33,76.17,0.13388110268224393,0.011175516076520746
9889,18.33,76.18,0.13299528551323186,0.01118555169249347
9890,18.33,76.19,0.132439887978859,0.0112002730273198
9891,18.33,76.2,0.13273453140927197,0.01123930377496887
9892,18.33,76.21,0.1336814155204443,0.011290414688122197
9893,18.33,76.22,0.13502027872471167,0.011345092811191589
9894,18.33,76.23,0.1367790864953952,0.011402431797153851
9895,18.33,76.24,0.1387910121339253,0.011461864471822398
9896,18.33,76.25,0.14098156304637902,0.011522465630381281
9897,18.33,76.26,0.1428426476813916,0.011583120365492295
9898,18.33,76.27,0.14415650743673616,0.01164275410893582
9899,18.33,76.28,0.14519330035579528,0.011700457282436776
9900,18.33,76.29,0.1461194863292348,0.011755534768137467
9901,18.33,76.3,0.1468875246629596,0.011807524031218224
9902,18.33,76.31,0.1475301253201748,0.011856206207554721
9903,18.33,76.32,0.14812455035665276,0.01190167501270317
9904,18.33,76.33,0.14873102454034537,0.01194446369578903
9905,18.33,76.34,0.14944523805473092,0.011985731549391185
9906,18.33,76.35,0.15025300479755638,0.01202746928644999
9907,18.33,76.36,0.15093612670572923,0.012072440495469274
9908,18.33,76.37,0.15150475148002132,0.012123275178800496
9909,18.33,76.38,0.15203420791740058,0.012180844422158936
9910,18.33,76.39,0.152497980039859,0.01224370567214612
9911,18.33,76.4,0.1529108514941373,0.012309356676332655
9912,18.33,76.41,0.1532627392976251,0.012375569717948188
9913,18.33,76.42,0.1535948179825488,0.012440792268907503
9914,18.33,76.43,0.15396427955870923,0.012504043802601509
9915,18.33,76.44,0.15436793168329238,0.012564724738062414
9916,18.33,76.45,0.15486722751208526,0.012622467715571375
9917,18.33,76.46,0.15560547905389432,0.01267704762465857
9918,18.33,76.47,0.15654703184130855,0.012728323923755254
9919,18.33,76.48,0.15761860679645162,0.012776211869778516
9920,18.33,76.49,0.15883646853585334,0.012820660979514965
9921,18.33,76.5,0.16005213836427093,0.012861653130140413
9922,18.33,76.51,0.16141260744794264,0.012899194084930598
9923,18.33,76.52,0.1630999053641813,0.012933290257023182
9924,18.33,76.53,0.16498125050752052,0.012963933211855549
9925,18.34,73.4,0.14262028425243092,0.011409503504448465
9926,18.34,73.41,0.14182128973020147,0.01134819308025345
9927,18.34,73.42,0.1413071295218943,0.011292574883248198
9928,18.34,73.43,0.14124641395271928,0.011240858658950139
9929,18.34,73.44,0.14129963920498775,0.011192005527615564
9930,18.34,73.45,0.14144542087028034,0.011145115666646624
9931,18.34,73.46,0.14160724729842175,0.011099563479142635
9932,18.34,73.47,0.1417133662933603,0.011055275143532703
9933,18.34,73.48,0.1419985978897075,0.01101285096179125
9934,18.34,73.49,0.14270603693124412,0.010973130844672253
9935,18.34,73.5,0.14387586650283962,0.010936192771034388
9936,18.34,73.51,0.14535473442798666,0.010901138889296091
9937,18.34,73.52,0.14713016790275724,0.010867422627531634
9938,18.34,73.53,0.14930635457910174,0.010836332463507002
9939,18.34,73.54,0.15198730567712382,0.010811173478089112
9940,18.34,73.55,0.15507263043028427,0.010795140157227042
9941,18.34,73.56,0.15852904278538155,0.010787871682283028
9942,18.34,73.57,0.16224671390270246,0.010785208247153939
9943,18.34,73.58,0.16617569030414298,0.01078246225265474
9944,18.34,73.59,0.1705959356912595,0.010776477484649357
9945,18.34,73.6,0.17567567818261492,0.010765893172831513
9946,18.34,73.61,0.18155668113504833,0.01075226803862374
9947,18.34,73.62,0.18758781491551843,0.01074192482619506
9948,18.34,73.63,0.19309931794517315,0.010734898214175777
9949,18.34,73.64,0.1979083400646548,0.010727228253138045
9950,18.34,73.65,0.20180552520227787,0.010717860322504054
9951,18.34,73.66,0.20487695407941875,0.010705314208605968
9952,18.34,73.67,0.20706469844007516,0.01068781912992048
9953,18.34,73.68,0.20823930206907898,0.010665020575249717
9954,18.34,73.69,0.20865547326146666,0.010639820544883263
9955,18.34,73.7,0.20914096895701245,0.010619079401827347
9956,18.34,73.71,0.20981965738468608,0.01060278298997103
9957,18.34,73.72,0.2103180793280256,0.01058705487702156
9958,18.34,73.73,0.21050949544959954,0.010571973054416626
9959,18.34,73.74,0.21035161235986893,0.010561249703832674
9960,18.34,73.75,0.20970644180526732,0.010559692448678132
9961,18.34,73.76,0.2085503799757561,0.010567380803694869
9962,18.34,73.77,0.20684881873868607,0.010584798570578806
9963,18.34,73.78,0.20483119706132796,0.010613763929702846
9964,18.34,73.79,0.2027132139719235,0.01064914430961418
9965,18.34,73.8,0.20062791068207564,0.010679915803344256
9966,18.34,73.81,0.19846033223635462,0.010697172149567098
9967,18.34,73.82,0.1962429320337907,0.01069594116041617
9968,18.34,73.83,0.19400219598474785,0.010674284665894066
9969,18.34,73.84,0.1916624804390664,0.010634430155367126
9970,18.34,73.85,0.18901377466097136,0.010590298819838589
9971,18.34,73.86,0.186014419223025,0.010537162298359612
9972,18.34,73.87,0.18309249477065356,0.010478130084071556
9973,18.34,73.88,0.18066851857035168,0.010426273642187886
9974,18.34,73.89,0.17993706352393118,0.010408941461579661
9975,18.34,73.9,0.18183007046954822,0.010448616624468178
9976,18.34,73.91,0.18445291003762374,0.01051343275092437
9977,18.34,73.92,0.18715945176766435,0.01057763638447269
9978,18.34,73.93,0.1887786861674411,0.010644633789642016
9979,18.34,73.94,0.189754631575798,0.010704587593845802
9980,18.34,73.95,0.1907078254753981,0.010746875479863333
9981,18.34,73.96,0.19198810665690166,0.010768422542610236
9982,18.34,73.97,0.1938203643106005,0.010772295721780302
9983,18.34,73.98,0.19797848295391016,0.010784325591008512
9984,18.34,73.99,0.20441194888514425,0.010805461520269484
9985,18.34,74.0,0.2109390126620367,0.010812417115066478
9986,18.34,74.01,0.21738173922182938,0.01080978285018706
9987,18.34,74.02,0.2235052529396707,0.010806932213469775
9988,18.34,74.03,0.22943593462508075,0.010810011797670122
9989,18.34,74.04,0.2358674445325042,0.010818545643242977
9990,18.34,74.05,0.24356805062683468,0.01083563343328801
9991,18.34,74.06,0.2522836337562568,0.010854748749119365
9992,18.34,74.07,0.2612898626838804,0.010864872172299807
9993,18.34,74.08,0.27034931665878054,0.010865196982169298
9994,18.34,74.09,0.2797357092985107,0.010878921663183305
9995,18.34,74.1,0.28864421596002654,0.010884845506711534
9996,18.34,74.11,0.2965017630744555,0.010876979753954987
9997,18.34,74.12,0.30297573444569703,0.01085739527526652
9998,18.34,74.13,0.3081109408041154,0.010835213838275789
9999,18.34,74.14,0.31181788076797284,0.010819093643359508
